fips,NAME,total_pop,a0_17,a18_39,a40_64,a65_84,a85p,pct_65plus,pct_under40,pct_nh_white,pct_nh_black,pct_nh_aian,pct_nh_asian,pct_nh_nhpi,pct_hispanic
01001,"Autauga County, Alabama",58239,13801,16487,19136,7892,923,15.135905492882776,52.00638747231237,73.0970655402737,19.684403921770635,0.16827212005700648,1.110939404866155,0,3.0477858479712907
01003,"Baldwin County, Alabama",227131,49026,55769,75531,42651,4154,20.607050556727174,46.13857201350762,82.57261228101844,8.694982190894242,0.47373542140879055,0.9575971575874715,0.003962470996913676,4.681879620131114
01005,"Barbour County, Alabama",25259,5264,7289,7905,4376,425,19.00708658300012,49.697137653905536,44.60984203650184,47.246525990735975,0.2810879290549903,0.4196524011243517,0.003958984916267469,4.655766261530544
01007,"Bibb County, Alabama",22412,4612,6702,7504,3281,313,16.036052114938425,50.48188470462252,74.04961627699447,21.885597001606282,0.09369980367660181,0.2052471890058897,0,2.828841691950741
01009,"Blount County, Alabama",58884,13683,14843,19774,9453,1131,17.97432239657632,48.44439915766592,85.92317098023233,1.266897629237144,0.11887779362815026,0.36682290605257795,0.1256708104069017,9.530602540588275
01011,"Bullock County, Alabama",10386,2303,3127,3274,1474,208,16.194877720007703,52.28191796649336,20.373579818987096,68.97746967071058,0,0.44290390910841515,0,8.54997111496245
01013,"Butler County, Alabama",19181,4365,4874,5950,3529,463,20.812262134403838,48.16745737969866,50.920181429539646,44.79432772013972,0.24503414837599707,1.459777905218706,0,1.6057556957405765
01015,"Calhoun County, Alabama",116425,25411,33218,37213,18921,1662,17.679192613270345,50.35774103500108,71.35323169422375,21.035001073652566,0.16061842387803307,0.7455443418509771,0.15890057977238567,3.993987545630234
01017,"Chambers County, Alabama",34834,7266,9465,11275,6340,488,19.60153872653155,48.030659700292816,54.817132686455764,40.084400298558876,0.18659929953493712,1.027731526669346,0.008612275363150944,2.715737497846931
01019,"Cherokee County, Alabama",24975,4847,5671,8747,5155,555,22.862862862862862,42.114114114114116,90.93493493493493,4.62062062062062,0.22822822822822822,0.10810810810810811,0,1.7697697697697699
01021,"Chilton County, Alabama",44857,10745,11808,14932,6641,731,16.434447243462557,50.27754865461355,79.26744989633725,8.825824286064606,0.04012751632966984,0.46815435717948145,0,7.951936152662906
01023,"Choctaw County, Alabama",12792,2586,2949,4341,2480,436,22.795497185741088,43.26923076923077,56.449343339587244,41.236710444027516,0.05472170106316448,0.11726078799249531,0,1.0787992495309568
01025,"Clarke County, Alabama",23346,5178,5772,7788,4054,554,19.7378565921357,46.90310974042663,51.52060310117365,45.3268225820269,0.10708472543476398,0.4497558468260087,0,1.3963848196693223
01027,"Clay County, Alabama",14184,3017,3448,4858,2574,287,20.17061477721376,45.57952622673435,80.414551607445,13.27552171460801,0,0.2467569091934574,0,3.123237450648618
01029,"Cleburne County, Alabama",15046,3443,3755,4960,2427,461,19.194470291107272,47.83995746377775,92.39665027249768,2.59869732819354,0.13957197926359166,0.006646284726837697,0,2.6452213212814035
01031,"Coffee County, Alabama",53043,12672,14476,16931,8179,785,16.899496634805725,51.18111720679449,69.14201685425033,16.17367041833984,0.6843504326678356,1.4365703297324812,0.011311577399468356,8.072695737420583
01033,"Colbert County, Alabama",56789,12042,15293,18317,10105,1032,19.611192308369578,48.134321787670146,77.78266917889027,16.297170226628396,0.3468981668985191,0.4507915265280248,0.08628431562450474,3.0815827008751695
01035,"Conecuh County, Alabama",11778,2451,2824,3815,2459,229,22.8222109016811,44.78689081338088,50.10188487009679,48.08965868568517,0.19527933435218203,0.37357785702156565,0,0.1358464934623875
01037,"Coosa County, Alabama",10442,1696,2140,4130,2264,212,23.711932579965524,36.736257421949816,64.06818617123156,30.683777054204175,0.2585711549511588,0,0,2.62401838728213
01039,"Covington County, Alabama",37490,8334,9261,12050,6721,1124,20.925580154707923,46.93251533742331,82.84875966924513,12.325953587623367,0.3360896238997066,0.5014670578821019,0.08535609495865565,1.8484929314483862
01041,"Crenshaw County, Alabama",13300,3030,3388,4320,2277,285,19.263157894736842,48.255639097744364,70.22556390977444,24.1203007518797,0.12781954887218044,1.3082706766917294,0.03759398496240601,0.8345864661654135
01043,"Cullman County, Alabama",87129,19683,22166,29413,14669,1198,18.21092862307613,48.03108035212157,91.09596116103708,1.1224735736666323,0.33283981223243697,0.3569420055320272,0.010329511414110112,4.520882828908859
01045,"Dale County, Alabama",49443,11411,14333,15293,7656,750,17.00139554638675,52.06803794268147,67.39477782497016,20.18283680197399,0.6047367675909633,1.2094735351819266,0.032360495924600045,6.87660538397751
01047,"Dallas County, Alabama",39162,9448,10326,12227,6462,699,18.28558296307645,50.49282467698279,26.89852407946479,71.60002042796589,0.15831673561105153,0.6358204381798682,0,0.13278177825443033
01049,"DeKalb County, Alabama",71554,17421,18605,23400,10887,1241,16.94943678899852,50.3479889314364,79.63496100846913,1.5568661430527992,0.5492355423875674,0.07686502501607177,0.06428711183162367,15.14660256589429
01051,"Elmore County, Alabama",87146,19467,25135,29034,12491,1019,15.502719574048148,51.18077708672802,73.0199894430037,20.723842746655038,0.31900488834828905,0.9834071558074955,0,3.0741514240470016
01053,"Escambia County, Alabama",36879,8360,10118,11778,5888,735,17.95872990048537,50.10439545540822,59.95281867729602,31.112557281921962,3.224057051438488,0.24946446487160714,0,2.5109140703381327
01055,"Etowah County, Alabama",103468,22430,26959,34508,17778,1793,18.91502686821046,47.73359879382998,77.07310472803185,15.319712374840531,0.1836316542312599,0.6688058143580624,0.0019329647813816832,4.267986237290756
01057,"Fayette County, Alabama",16365,3492,3993,5450,3011,419,20.959364497402994,45.7378551787351,83.84967919340055,12.74671555148182,0.15887564925145126,0.4399633363886343,0.048884815154292695,0.5438435685915063
01059,"Franklin County, Alabama",32034,8098,8250,10407,4683,596,16.479365673971405,51.03327714303553,75.80695511019542,4.2860710495098955,0.1873009926952613,0.26534307298495347,0.01560841605793844,18.183804707498282
01061,"Geneva County, Alabama",26604,5903,6456,8927,4623,695,19.98947526687716,46.455420237558265,81.53661103593444,9.26176514809803,0.5262366561419335,0.6014133213050669,0.030070666065253344,4.2625169147496615
01063,"Greene County, Alabama",7851,1729,1814,2512,1633,163,22.876066743090053,45.128009170806266,17.42453190676347,79.18736466692141,0,0,0,2.5601834161253345
01065,"Hale County, Alabama",14819,3473,3823,4648,2467,408,19.400769282677643,49.23409136918821,38.33592010257102,58.978338619340036,0,0.3104123085228423,0,0.07422903029894055
01067,"Henry County, Alabama",17165,3593,3918,5806,3451,397,22.417710457325953,43.75764637343431,69.2513836294786,26.38508593067288,0.19807748325080105,0.37867754150888433,0.11651616661811827,2.738129915525779
01069,"Houston County, Alabama",106355,24627,27949,34850,16894,2035,17.79794085844577,49.43444125805087,65.26726529077148,27.139297635278076,0.1767664895867613,0.9129801137699215,0.01692445113064736,3.4770344600629968
01071,"Jackson County, Alabama",52548,11083,13114,17785,9720,846,20.107330440739894,46.047423308213446,88.93202405419807,3.4749181700540457,0.8830022075055187,0.3444469818071097,0.038060439978686154,3.139986298241608
01073,"Jefferson County, Alabama",672550,154796,199970,211046,94440,12298,15.870641587986023,52.74938666270166,49.18652888261096,42.758159244665826,0.09843134339454315,1.6681287636606943,0.02289792580477288,4.050405174336481
01075,"Lamar County, Alabama",13929,3023,2984,4885,2677,360,21.803431689281357,43.12585253787063,85.9717136908608,11.12068346614976,0.021537798836958864,0.1292267930217532,0,1.026635077895039
01077,"Lauderdale County, Alabama",93342,18552,27370,28945,16534,1941,19.792804953825716,49.19757451093827,83.81757408240664,9.723382828737332,0.280688221807975,0.5045960017998329,0.08570632726961068,2.89044588716762
01079,"Lawrence County, Alabama",33089,7242,8345,11500,5382,620,18.138958566290913,47.10628909909638,76.2277494031249,10.429447852760736,5.35525401190728,0.1511076188461422,0.04835443803076551,2.4086554444075072
01081,"Lee County, Alabama",172223,36606,64967,49518,18920,2212,12.270138134860035,58.97760461726947,67.09440667042149,22.06673905343653,0.1300639287435476,4.294432218693206,0,3.801466703053599
01083,"Limestone County, Alabama",101217,22713,27558,35669,14002,1275,15.093314364187835,49.66655798927058,75.28280822391496,12.954345613879092,0.5009039983401997,1.7921890591501428,0.07607417726271279,6.181767884841479
01085,"Lowndes County, Alabama",10334,2331,2560,3478,1766,199,19.01490226437004,47.32920456744726,24.830656086704085,74.65647377588543,0,0,0,0.19353590090961872
01087,"Macon County, Alabama",19490,3374,6483,5685,3612,336,20.25654181631606,50.574653668547974,16.46998460749102,80.95433555669574,0.02052334530528476,0.1641867624422781,0,0.5284761416110826
01089,"Madison County, Alabama",382149,83830,113741,127457,51207,5914,14.94731112733515,51.69999136462479,64.08678290405051,24.039052830178804,0.4930014209117386,2.5550243491413034,0.05312064142520326,5.183580226560844
01091,"Marengo County, Alabama",19397,4401,4999,6175,3362,460,19.704077950198485,48.461102232303965,44.64092385420426,51.250193328865286,0.10826416456153014,0.5361653863999588,0,2.7530030417074807
01093,"Marion County, Alabama",29392,6184,7316,9779,5483,630,20.79817637452368,45.93086554164398,90.8886771910724,3.973870440936309,0.24156232988568319,0.2687806205770278,0,2.6231627653783343
01095,"Marshall County, Alabama",97179,24643,24961,31182,14837,1556,16.86887084658208,51.04394982455057,79.85675917636526,2.842177836775435,0.1872832607867955,0.6626946150917379,0.03910309840603422,14.664690931168257
01097,"Mobile County, Alabama",414620,97825,117448,131887,60976,6484,16.270319810911197,51.92055376006946,56.19699966234142,35.848970141334235,0.4845400607785442,1.9948386474362068,0.017124113646230284,2.9709131252713328
01099,"Monroe County, Alabama",20115,4341,4935,6750,3733,356,20.328113348247577,46.11483967188665,53.9050459855829,42.16753666418096,1.5311956251553567,0.4126273924931643,0.0447427293064877,0.3629132488192891
01101,"Montgomery County, Alabama",229072,54308,68677,71418,30599,4070,15.134542851155969,53.688359991618356,32.42692253963819,58.31703569183488,0.10389746455262974,3.2312984563805265,0.006984703499336453,3.663040441433261
01103,"Morgan County, Alabama",122608,28403,31932,40812,19014,2447,17.50375179433642,49.209676366958114,74.70719692026621,12.815640088738093,0.3490799947801122,0.45103092783505155,0.21205794075427378,8.653595197703249
01105,"Perry County, Alabama",8702,1847,2647,2502,1569,137,19.604688577338543,51.64330039071478,29.395541254883934,69.32888991036543,0.022983222247759137,0.1493909446104344,0,1.011261778901402
01107,"Pickens County, Alabama",19240,3682,5158,6760,3158,482,18.91891891891892,45.945945945945944,53.523908523908524,39.50623700623701,0.08835758835758836,0.04158004158004158,0,5.150727650727651
01109,"Pike County, Alabama",33176,6408,13008,8701,4399,660,15.248975162768266,58.52423438630335,55.63660477453581,36.41789245237521,0.3888353026284061,1.9441765131420303,0,2.3661683144441765
01111,"Randolph County, Alabama",21984,4720,5297,7378,4106,483,20.874272197962153,45.56495633187773,74.84079330422125,18.558951965065503,0.07278020378457059,0.05458515283842795,0,2.9157569141193593
01113,"Russell County, Alabama",58695,14089,17455,18703,7831,617,14.393048811653463,53.74222676548258,44.48590169520402,44.24056563591447,0.23000255558395094,1.1023085441690093,0.051111679018655765,5.739841553795042
01115,"St. Clair County, Alabama",90412,20503,23919,30848,14141,1001,16.7477768437818,49.132858470114584,85.18338273680484,9.523072158563023,0.3849046586736274,0.5508118391363979,0.01548467017652524,2.50298632924833
01117,"Shelby County, Alabama",220780,51608,59737,75100,31408,2927,15.551680405833862,50.4325572968566,76.48564181538183,12.433644351843464,0.20291693088142043,1.9168402935048465,0.01313524775794909,5.80940302563638
01119,"Sumter County, Alabama",12482,2424,4351,3363,2151,193,18.779041820221117,54.27816055119372,24.835763499439192,71.1424451209742,0.12818458580355713,1.3058804678737381,0,1.2177535651337927
01121,"Talladega County, Alabama",81850,17227,22164,27856,13507,1096,17.841172877214415,48.12583995113012,62.10262675626145,32.07574832009774,0.1857055589492975,0.34941967012828345,0.023213194868662187,2.4483811850946853
01123,"Tallapoosa County, Alabama",41284,8599,9751,14077,8006,851,21.453831993023933,44.44821238252107,68.67551593837807,27.04437554500533,0.0532894099408972,0.20589090204437555,0,2.461001840906889
01125,"Tuscaloosa County, Alabama",223945,47508,82195,64171,27528,2543,13.427850588314096,57.917345776864856,60.546562772109226,32.19138627788073,0.08126995467637144,1.635669472415102,0.020540757775346627,3.9482908749916272
01127,"Walker County, Alabama",65194,14619,16923,21144,11104,1404,19.185814645519525,48.381752922048044,87.69365279013407,5.854833266865049,0.1349817467865141,0.17793048440040496,0,2.69196551829923
01129,"Washington County, Alabama",15574,3239,3783,5337,3074,141,20.64337999229485,45.087967124695005,65.11493514832414,23.80249133170669,7.178631051752921,0.11557724412482343,0,1.0594580711442148
01131,"Wilcox County, Alabama",10686,2530,2691,3349,1908,208,19.80160958263148,48.8583192962755,26.726558113419426,70.8497099008048,0.03743215422047539,0.018716077110237695,0,0.5427662361968931
01133,"Winston County, Alabama",23650,4816,5691,8069,4711,363,21.454545454545453,44.42706131078224,93.25581395348837,0.9175475687103594,0.1522198731501057,0.21141649048625794,0.06765327695560254,3.171247357293869
02013,"Aleutians East Borough, Alaska",3409,482,1105,1423,352,47,11.704312114989733,46.5532414197712,12.789674391317101,1.7600469345849223,44.030507480199475,20.885890290407744,0.32267527134056906,10.530947491933118
02016,"Aleutians West Census Area, Alaska",5251,635,2084,2167,364,1,6.9510569415349455,51.780613216530185,22.852789944772425,3.466006474957151,9.960007617596649,45.781755856027424,1.6568272709960008,9.731479718148924
02020,"Anchorage Municipality, Alaska",292545,71004,99225,88775,30871,2670,11.465244663214206,58.18899656463108,56.13187714710558,5.160231759216531,6.777418858637133,9.488454767642585,2.8710112974072364,9.497000461467467
02050,"Bethel Census Area, Alaska",18514,6549,5850,4731,1315,69,7.475424003456843,66.97094090958194,9.198444420438587,0.9182240466673869,83.32613157610457,1.388138705844226,0.22685535270606028,2.068704763962407
02060,"Bristol Bay Borough, Alaska",849,159,268,311,103,8,13.074204946996467,50.294464075382805,41.22497055359246,0.5889281507656066,31.33097762073027,4.122497055359246,1.5312131919905771,12.838633686690224
02063,"Chugach Census Area, Alaska",7015,1620,2059,2388,883,65,13.513898788310764,52.444761225944404,71.31860299358517,1.6535994297933,5.744832501781896,6.272273699215966,1.0976478973627941,5.972915181753385
02066,"Copper River Census Area, Alaska",2635,634,559,1060,366,16,14.497153700189754,45.27514231499051,57.760910815939276,0.11385199240986717,27.6280834914611,0.5692599620493358,0,4.857685009487666
02068,"Denali Borough, Alaska",2187,194,762,973,248,10,11.796982167352537,43.712848651120254,79.65249199817102,1.188843164151806,2.4691358024691357,2.1947873799725652,0,0.594421582075903
02070,"Dillingham Census Area, Alaska",4899,1542,1644,1162,513,38,11.247193304756072,65.03368034292713,14.411104307001429,1.3472137170851195,72.545417432129,0.20412329046744235,0.0612369871402327,3.2659726474790776
02090,"Fairbanks North Star Borough, Alaska",97149,23383,37304,25690,10153,619,11.088122368732565,62.46796158478214,68.3692060649106,4.344872309545131,7.0551421013082996,3.2990560891002483,0.5846689106424152,8.251242936108452
02100,"Haines Borough, Alaska",2098,655,321,684,422,16,20.877025738798856,46.520495710200194,79.69494756911344,0,6.67302192564347,1.8589132507149666,0,6.57769304099142
02105,"Hoonah-Angoon Census Area, Alaska",2327,287,589,919,516,16,22.862054146970348,37.64503652771809,44.34894714224323,1.9338203695745595,32.18736570691878,1.289213579716373,0,9.883970777825526
02110,"Juneau City and Borough, Alaska",32240,6744,10125,10895,4175,301,13.883374689826303,52.32320099255583,62.50620347394541,0.9646401985111662,9.910049627791564,6.52605459057072,1.349255583126551,7.040942928039702
02122,"Kenai Peninsula Borough, Alaska",58711,13174,15121,19925,9651,840,17.868883173510927,48.19369453765052,78.69905128510841,0.6148762582820937,7.412580266048952,1.7935310248505392,0.357684249970193,4.360341332969972
02130,"Ketchikan Gateway Borough, Alaska",13939,3020,3876,4818,2032,193,15.9624076332592,49.47270248941818,62.457852069732404,0.7748045053447162,14.054092833058325,8.243059042972954,0.22957170528732335,5.667551474280795
02150,"Kodiak Island Borough, Alaska",13218,3254,4504,3959,1294,207,11.355727038886368,58.692691783931004,47.40505371463156,0.892722045695264,10.95475866243002,22.038129822968678,0.11348161597821153,8.904524133756999
02158,"Kusilvak Census Area, Alaska",8354,3411,2612,1841,468,22,5.8654536748862824,72.0971989466124,3.2798659324874313,0.023940627244433806,93.14101029446971,0.09576250897773522,0.10773282259995212,1.0294469715106536
02164,"Lake and Peninsula Borough, Alaska",986,260,328,300,90,8,9.939148073022313,59.63488843813388,24.34077079107505,2.231237322515213,64.0973630831643,2.738336713995943,0.30425963488843816,0.10141987829614604
02170,"Matanuska-Susitna Borough, Alaska",106807,28583,31145,34023,12109,947,12.223917908002285,55.92142837079967,77.70464482664994,1.309839242746262,6.03424869156516,1.6609398260413644,0.2958607581900063,5.393841227634893
02180,"Nome Census Area, Alaska",10070,3480,3085,2743,729,33,7.567030784508441,65.19364448857993,14.289970208540218,0.8639523336643495,75.90863952333665,1.221449851042701,0.019860973187686197,2.005958291956306
02185,"North Slope Borough, Alaska",10865,2989,3538,3542,755,41,7.326277036355269,60.07363092498849,28.20984813621721,0.8467556373676944,53.566497929130236,5.402669121030833,1.9052001840773125,4.03129314312011
02188,"Northwest Arctic Borough, Alaska",7776,2771,2434,1976,565,30,7.651748971193416,66.93672839506173,10.249485596707819,1.1188271604938271,81.80298353909465,1.2731481481481481,0.11574074074074074,2.5334362139917697
02195,"Petersburg Borough, Alaska",3368,601,824,999,906,38,28.028503562945367,42.30997624703088,60.688836104513065,1.009501187648456,5.997624703087886,16.6270783847981,0.14845605700712589,5.671021377672209
02198,"Prince of Wales-Hyder Census Area, Alaska",5886,1303,1421,2081,1026,55,18.36561331974176,46.279306829765545,44.580360176690455,0.27183146449201495,39.517499150526675,1.4780835881753314,0,3.6867142371729527
02220,"Sitka City and Borough, Alaska",8518,1794,2597,2777,1252,98,15.848790795961493,51.54965954449401,61.44634890819441,0.46959380136182205,9.873209673632308,7.266964076074196,0.03521953510213665,7.1378257806996945
02230,"Skagway Municipality, Alaska",1329,193,445,514,170,7,13.318284424379232,48.00601956358164,73.81489841986456,2.9345372460496613,4.36418359668924,2.6335590669676447,0,3.762227238525207
02240,"Southeast Fairbanks Census Area, Alaska",6849,1881,1822,2167,853,126,14.294057526646226,54.06628704920426,72.05431449846692,0.8030369396992262,13.69542998977953,2.9639363410716895,0.0730033581544751,7.09592641261498
02275,"Wrangell City and Borough, Alaska",2162,492,469,668,487,46,24.653098982423682,44.44958371877891,56.84551341350601,0.13876040703052728,22.571692876965773,1.8963922294172062,2.0814061054579094,5.041628122109159
02282,"Yakutat City and Borough, Alaska",562,124,184,145,104,5,19.395017793594306,54.804270462633454,30.427046263345197,3.202846975088968,28.469750889679716,14.234875444839858,0.35587188612099646,11.209964412811388
02290,"Yukon-Koyukuk Census Area, Alaska",5433,1516,1503,1570,788,56,15.534695380084667,55.567826247009016,21.38781520338671,0.09203018590097552,68.52567642186638,0.7362414872078041,0.03681207436039021,2.7424995398490704
04001,"Apache County, Arizona",66473,17938,18595,19724,9273,943,15.368645916387104,54.95915634919441,17.712454680847863,0.8469604200201586,72.6821416214102,0.5490951213274563,0.09627969250673206,6.822318836219217
04003,"Cochise County, Arizona",125092,26848,33686,36442,25176,2940,22.47625747449877,48.391583794327374,53.92830876474915,3.3015700444472866,0.7154734115690852,1.8434432257858215,0.33175582771080486,35.7137147059764
04005,"Coconino County, Arizona",144942,29551,57391,39372,17380,1248,12.852037366670807,59.983993597438975,53.02948765713182,1.3570945619627162,25.06864814891474,1.7172386195857654,0.1352265043948614,14.558237087938624
04007,"Gila County, Arizona",53211,10623,11112,16141,13590,1745,28.81922910676364,40.84681738738231,61.07571742684783,0.6709139087782602,16.18274416943865,0.7667587528894402,0,19.153934336885232
04009,"Graham County, Arizona",38145,10148,12267,10447,4610,673,13.84978372001573,58.76261633241578,50.439113907458385,1.9819111285882816,12.688425743872067,0.5767466247214575,0.08913356927513436,33.28614497312885
04011,"Greenlee County, Arizona",9542,2612,2893,2807,1183,47,12.890379375393,57.69230769230769,45.4307273108363,1.9178369314609096,3.4583944665688535,0.4611192622091805,0,47.88304338713058
04012,"La Paz County, Arizona",16845,2784,3067,4316,6188,490,39.64381121994657,34.734342534876816,56.09973285841496,0.37993469872365687,11.777975660433363,0.9023449094686851,0.03561887800534283,28.269516176907093
04013,"Maricopa County, Arizona",4367186,1036980,1327237,1340713,586346,75910,15.164364421391715,54.13593558872922,53.762834923907526,5.328213636881965,1.4453013908727497,4.124601058896965,0.18865695209684222,31.525907071510122
04015,"Mohave County, Arizona",211274,35931,44511,66538,58721,5573,30.43157227107926,38.07472760491116,75.92226208620086,1.0081694860702215,1.5657392769578842,1.124605961926219,0.22245993354601135,17.1540274714352
04017,"Navajo County, Arizona",106609,28359,27160,31672,17866,1552,18.214222063803245,52.07721674530293,41.261056758810234,0.8338883208734722,42.56676265606093,0.45211942706525715,0.1725933082572766,11.783245316999503
04019,"Pima County, Arizona",1035063,215628,315575,298892,182404,22564,19.802466130080973,51.32083747559327,50.38707788801261,3.165217962578123,2.221024227510789,2.744277401472181,0.13603036723368528,38.0033872334341
04021,"Pinal County, Arizona",420625,94901,116939,122882,79047,6856,20.422704309063892,50.363150074294204,55.40945022288262,4.393462109955424,3.9308172362555722,1.4440416047548292,0.3276077265973254,30.91066864784547
04023,"Santa Cruz County, Arizona",47463,12868,12768,13304,7538,985,17.957145566019847,54.01259928786634,15.015907127657334,0.29285970124096666,0.15591092008511895,0.2844320839390683,0,83.23114847354782
04025,"Yavapai County, Arizona",233789,37781,46584,74912,67144,7368,31.871473850352242,36.085957850882636,79.37499197994774,0.6287720979173528,1.0222893292669886,1.0607855801598878,0.06287720979173528,14.978463486306028
04027,"Yuma County, Arizona",202944,51483,61808,51154,34175,4324,18.970257805108798,55.82377404604226,29.776194418164618,1.6231078524124882,0.9086250394197414,1.0973470514033428,0.040405234941658784,64.74692526017029
05001,"Arkansas County, Arkansas",17273,4021,4313,5598,3026,315,19.342326173797257,48.248711862444274,68.6331268453656,25.664331615816593,0.2026283795519018,0.046315058183291846,0,3.6936258901175245
05003,"Ashley County, Arkansas",19362,4442,4580,6365,3435,540,20.52990393554385,46.596425989050715,67.58599318252247,24.935440553661813,0.015494267121165169,0.1549426712116517,0.2582377853527528,5.89298626174982
05005,"Baxter County, Arkansas",41476,7391,8284,13131,11394,1276,30.547786671810204,37.792940495708365,92.74761307744238,0.2724467161732086,0.4797955444112258,0.30379014369756,0.01687723020542,2.572572089883306
05007,"Benton County, Arkansas",278774,73183,84985,83521,33137,3948,13.302890513462518,56.73699842883482,67.70394656603557,1.7548264902752768,1.015876659946767,4.089334012497579,0.6883712254370924,17.100949155947113
05009,"Boone County, Arkansas",37445,8589,9314,11832,6671,1039,20.590198958472428,47.81145680331152,93.35291761249833,0.24569368406996928,0.47803445052744026,0.6729870476699159,0,2.7400186940846574
05011,"Bradley County, Arkansas",10597,2614,2473,3603,1674,233,17.9956591488157,48.00415211852411,54.88345758233462,26.34707936208361,0,0.0849296970840804,0,15.910163253751062
05013,"Calhoun County, Arkansas",4811,912,1258,1660,922,59,20.39077114944918,45.10496778216587,72.0016628559551,22.074412803990853,0,0,0,4.468925379339015
05015,"Carroll County, Arkansas",28154,6189,6156,9394,5881,534,22.78539461532997,43.84812104851886,76.37280670597428,0.2805995595652483,0.9696668324216807,1.0158414434893799,1.0797755203523478,15.347730340271365
05017,"Chicot County, Arkansas",10405,2315,2597,3325,1898,270,20.836136472849592,47.20807304180683,38.80826525708794,53.63767419509851,0.08649687650168188,0.3459875060067275,0,6.074002883229217
05019,"Clark County, Arkansas",21569,4146,8171,5759,3119,374,16.19453845797209,57.10510454819417,68.01427975334971,24.34512494784181,0.12054337243265797,0.5609903101673699,0.06954425332653345,4.937641986183875
05021,"Clay County, Arkansas",14661,3192,3747,4593,2807,322,21.342336811950073,47.32965009208103,94.3523634131369,0.5865902735147671,0.02046245140167792,0.04774571993724848,0,0.7707523361298684
05023,"Cleburne County, Arkansas",24848,4775,5516,7925,5844,788,26.690276883451386,41.41580811332904,93.35157759175789,0.2656149388280747,0.9900193174500966,0.2374436574372183,0.060367031551835156,2.587733419188667
05025,"Cleveland County, Arkansas",7632,1573,1941,2556,1401,161,20.466457023060798,46.042976939203356,84.17190775681341,14.544025157232705,0.31446540880503143,0,0,0
05027,"Columbia County, Arkansas",22947,4839,7976,6303,3197,632,16.686277073255763,55.846080097616245,59.29751165729725,35.78681309103587,0.15252538458186254,0.5970279339347191,0,2.8631193620081055
05029,"Conway County, Arkansas",20687,4724,4832,7158,3433,540,19.205298013245034,46.19326146855513,81.08473920819839,10.2431478706434,0.41088606371150965,0.6042442113404554,0,4.210373664620293
05031,"Craighead County, Arkansas",109875,27622,36118,31155,13228,1752,13.63367463026166,58.01137656427759,73.9858930602958,15.408418657565415,0.27940841865756544,1.1112627986348123,0.006370875995449375,5.304209328782708
05033,"Crawford County, Arkansas",60483,14882,16022,19491,9212,876,16.679066845229237,51.095349106360466,83.130797083478,1.382206570441281,1.1590033563149975,1.2929252847907677,0.02810707140849495,8.232065208405668
05035,"Crittenden County, Arkansas",48338,13189,13835,14624,6068,622,13.840043030328106,55.906326285737926,40.605734618726466,49.418676817410734,0.21308287475692003,0.7406181472133725,0,2.8466217054905045
05037,"Cross County, Arkansas",16935,4007,4166,5623,2912,227,18.53557720696782,48.26099793327428,72.13463241806909,15.718925302627694,0.21257750221434898,0,0,2.1434898139946856
05039,"Dallas County, Arkansas",6645,1433,1633,2021,1370,188,23.44620015048909,46.13995485327314,52.83671933784801,43.23551542513168,0.6019563581640331,0.09029345372460497,0.6772009029345373,1.0985703536493605
05041,"Desha County, Arkansas",11530,2975,2713,3674,1921,247,18.8031222896791,49.332176929748485,44.01561144839549,48.15264527320035,0.09540329575021683,0.2341717259323504,0,6.660884648742411
05043,"Drew County, Arkansas",17511,3823,5421,5173,2827,267,17.668893838158873,52.789675061389985,65.35891725201301,28.776197818514078,0,0.0342641768031523,0,3.8261664096853405
05045,"Faulkner County, Arkansas",123191,28508,44481,34784,14061,1357,12.515524673068649,59.24864641085794,79.15675658124376,11.664813176287229,0.29872312100721643,1.2476560787719881,0,4.286839135975843
05047,"Franklin County, Arkansas",17159,3993,4390,5436,2875,465,19.46500378809954,48.854828369951626,89.74881986129728,0.7925869805932747,0.378809953960021,0.8275540532665073,0,3.432600967422344
05049,"Fulton County, Arkansas",12072,2559,2556,3867,2786,304,25.596421471172963,42.37077534791253,93.35652750165673,0.28164347249834326,0.17395626242544732,0.43903247183565275,0.18223989396951623,0.4555997349237906
05051,"Garland County, Arkansas",99694,20144,24233,32002,20836,2479,23.386562882420204,44.51321042389713,81.1091941340502,8.238208919293037,0.7041547134230746,0.694124019499669,0.08024555138724497,6.000361104981242
05053,"Grant County, Arkansas",17912,4052,4921,5756,2986,197,17.770209915140686,50.09490844126842,91.56989727556945,2.2108083966056276,0.10049129075480125,0.2791424743188924,0.2121482804823582,3.037070120589549
05055,"Greene County, Arkansas",45665,11218,13087,14129,6511,720,15.834884484835213,53.22457023978977,91.24274608562357,2.424176064819884,0.15985984889959487,0.5343260702945363,0.12701193474214387,3.0088689368225117
05057,"Hempstead County, Arkansas",20352,5183,4758,6784,3434,193,17.82134433962264,48.84532232704402,53.70479559748428,30.173938679245282,0.34394654088050314,0.13266509433962265,0.2653301886792453,13.295990566037736
05059,"Hot Spring County, Arkansas",33096,7181,8790,10942,5744,439,18.68201595358956,48.25658689871888,81.99480299734107,11.122189992748368,0.4169688179840464,0.3051728305535412,0.012086052695189751,3.6590524534686972
05061,"Howard County, Arkansas",12894,3408,3145,4082,2044,215,17.519776640297813,50.82208779277183,63.223204591282766,20.497906002791996,0.2481774468745153,0.9616876066387468,0.22491081123002948,13.223204591282768
05063,"Independence County, Arkansas",37796,8988,10343,12030,5515,920,17.025611175785798,51.145623875542384,85.15715948777648,1.820298444279818,0.2619324796274738,0.780505873637422,0.320139697322468,6.913429992591809
05065,"Izard County, Arkansas",13653,2514,3046,4718,3071,304,24.719841793012524,40.72365047974804,89.1159452135062,0.8789277081960009,1.069362044971801,0.014648795136600015,0.03662198784150004,2.5635391489050026
05067,"Jackson County, Arkansas",16878,3378,4956,5553,2690,301,17.721293992179167,49.37788837539993,76.3893826282735,10.889915866808863,0.041474108306671406,0,0.04739898092191018,3.0868586325394003
05069,"Jefferson County, Arkansas",68199,14991,19522,21726,10631,1329,17.536914030997522,50.606313875570024,38.12519245150222,55.74275282628778,0.22141087112714264,0.8460534611944457,0.31818648367278113,2.285957272100764
05071,"Johnson County, Arkansas",25853,6355,7148,8153,3790,407,16.234092755192822,52.22991529029513,78.05283719490969,1.593625498007968,0.11217266854910456,2.641859745484083,0.15472092213669594,14.187908559935018
05073,"Lafayette County, Arkansas",6373,1238,1405,2227,1377,126,23.58386944923898,41.47183430095716,57.539620273026834,35.399340969715986,0.14122077514514358,0.7061038757257179,0,3.169621842146556
05075,"Lawrence County, Arkansas",16292,3655,4528,5040,2630,439,18.837466241099925,50.22710532776823,93.19297814878468,1.33194205745151,0.3007611097471152,0.03682789098944267,0.012275963663147557,1.7370488583353794
05077,"Lee County, Arkansas",8832,1655,2459,3020,1472,226,19.22554347826087,46.580615942028984,40.59103260869565,54.755434782608695,0.18115942028985507,0.22644927536231885,0,2.70606884057971
05079,"Lincoln County, Arkansas",13092,2179,4518,4362,1841,192,15.52856706385579,51.15337610754659,63.97800183318057,29.85029025358998,0.2902535899786129,0,0,4.307974335472044
05081,"Little River County, Arkansas",12104,2721,2986,3889,2352,156,20.72042300066094,47.14970257766028,72.59583608724388,20.290812954395243,0.8922670191672174,0.3387309980171844,0,1.751487111698612
05083,"Logan County, Arkansas",21299,4642,5312,7169,3804,372,19.606554298323864,46.73458847833231,88.5065026527067,1.4366871684116624,0.43194516174468284,1.71369547866097,0,3.0611765810601437
05085,"Lonoke County, Arkansas",73824,18930,21507,23300,8913,1174,13.663578240138708,54.7748699609883,85.03874078890334,5.553749458170785,0.17609449501517122,0.919755093194625,0.17473992197659297,4.693595578673602
05087,"Madison County, Arkansas",16496,3832,3935,5579,2864,286,19.095538312318137,47.08414161008729,83.12924345295829,0.0848690591658584,0.23035887487875847,0.5940834141610087,0.6183317167798255,6.025703200775946
05089,"Marion County, Arkansas",16750,3079,3126,5887,4323,335,27.8089552238806,37.04477611940298,93.16417910447761,0.7582089552238805,0.7283582089552239,0.6388059701492538,0.24477611940298508,2.3940298507462687
05091,"Miller County, Arkansas",42875,10208,11190,14423,6589,465,16.452478134110788,49.90787172011662,67.59883381924199,25.462390670553937,1.0215743440233236,0.13294460641399417,0,3.5755102040816324
05093,"Mississippi County, Arkansas",41061,10776,11311,12985,5276,713,14.585616521760308,53.79070163902487,56.995689340249875,34.784832322641925,0.05357882175300163,0.39453496018119383,0.03896641582036482,4.5809892598816395
05095,"Monroe County, Arkansas",6903,1493,1580,2249,1336,245,22.903085614950022,44.51687672026655,54.15036940460669,42.87990728668695,0.3331884687816891,0.2897291032884253,0,0.3476749239461104
05097,"Montgomery County, Arkansas",8525,1568,1747,2924,2079,207,26.81524926686217,38.88563049853372,90.51026392961877,0.5043988269794721,1.1026392961876832,0.9736070381231672,0,4.492668621700879
05099,"Nevada County, Arkansas",8340,1896,1821,2911,1436,276,20.52757793764988,44.568345323741006,62.78177458033573,35.26378896882494,0.16786570743405277,0.07194244604316546,0.023980815347721823,0.011990407673860911
05101,"Newton County, Arkansas",7343,1477,1619,2303,1825,119,26.47419310908348,42.16260384039221,92.34645240364974,0.054473648372599756,2.7917744790957375,0.09532888465204957,0.2723682418629988,1.1303282037314448
05103,"Ouachita County, Arkansas",22858,5187,5318,7689,4070,594,20.404234841193457,45.957651588065445,54.73357249103159,42.01154956689124,0.052498031323825356,0.03062385160556479,0,2.5067809957126608
05105,"Perry County, Arkansas",10056,2322,2199,3534,1776,225,19.89856801909308,44.9582338902148,91.29872712808273,2.5457438345266508,0.06961018297533811,0.059665871121718374,0,3.082736674622116
05107,"Phillips County, Arkansas",16923,4479,4212,5036,2850,346,18.885540388819948,51.35614252792058,34.012881876735804,63.233469243042016,0.01772735330615139,0,0,2.020918276901259
05109,"Pike County, Arkansas",10234,2220,2403,3554,1866,191,20.099667774086377,45.17295290209107,85.50908735587258,3.996482313855775,0.1172562048075044,0.09771350400625367,0,6.6640609732264995
05111,"Poinsett County, Arkansas",23212,5602,5989,7474,3597,550,17.865759090125795,49.93537825262795,85.46441495778046,4.118559365845252,0.038773048423229366,0.030156815440289506,0,3.3689470963294847
05113,"Polk County, Arkansas",19476,4499,4152,6421,3980,424,22.612446087492298,44.41877182172931,87.10207434791538,0.4056274388991579,1.509550215650031,0.2875333744095297,0.23105360443622922,6.623536660505237
05115,"Pope County, Arkansas",63234,14495,20100,18886,8395,1358,15.423664484296422,54.70949172913306,83.18467912831704,2.3610715754182876,0.21981845209855458,1.2082107726855806,0.012651421703513932,9.52968339817187
05117,"Prairie County, Arkansas",8306,1746,1771,2855,1741,193,23.284372742595714,42.34288466169034,84.07175535757284,11.016132915964363,0.04815795810257645,0.3491451962436793,0,1.9624367926799904
05119,"Pulaski County, Arkansas",397931,92991,119101,123653,53922,8264,15.627332376718577,53.29868746089146,51.01135624015219,37.14689230042394,0.2095840736208036,2.184046983019669,0.02965338211901058,6.287773508472575
05121,"Randolph County, Arkansas",18442,4447,4940,5460,3195,400,19.493547337598958,50.90011929291834,90.95000542240538,0.9543433467085999,0.17351697212883635,0.2765426743303329,0.9326537251924953,2.402125582908578
05123,"St. Francis County, Arkansas",23623,5030,7213,7493,3589,298,16.454303009778606,51.82660966007705,39.0297591330483,53.17275536553359,0.58417643821699194,0.1269948778732591,0.2116581297887652,5.494645049316344
05125,"Saline County, Arkansas",122308,28589,32900,39102,19785,1932,17.75599306668411,50.2738986820159,82.68469764855938,8.02645779507473,0.13981096902900872,1.1250286162802106,0.08748405664388266,5.218791902410309
05127,"Scott County, Arkansas",9928,2341,2389,3191,1866,141,20.215551974214343,47.643029814665596,83.79331184528606,2.9311039484286865,0.3424657534246575,0.765511684125705,0,7.997582594681709
05129,"Searcy County, Arkansas",7872,1586,1564,2739,1770,213,25.190548780487806,40.015243902439025,89.92632113821138,0.4192073170731707,2.2103658536585367,0.1016260162601626,0,2.7947154471544717
05131,"Sebastian County, Arkansas",127941,30855,36352,40219,17883,2632,16.034734760553693,52.52968165013561,68.55660030795445,6.036376142128012,0.8652425727483762,4.427040589021502,0,14.796664087352765
05133,"Sevier County, Arkansas",16074,4623,4360,4853,2099,139,13.923105636431504,55.88528057732985,55.82306830907055,2.9239766081871346,1.5615279333084484,0.16175189747418192,3.3407988055244493,34.00522583053378
05135,"Sharp County, Arkansas",17243,3632,3828,5467,3726,590,25.03044713796903,43.26393319028011,91.49799918807632,0.9627095053065012,0.20878037464478338,0.2029809197935394,0,2.4531694020762047
05137,"Stone County, Arkansas",12364,2468,2644,3935,2960,357,26.827887415076027,41.34584276933031,91.53186670980266,0.12131996117761243,0.5257198317696539,0.469103849886768,0,1.9411193788417989
05139,"Union County, Arkansas",39262,9493,9491,13309,6296,673,17.749987265039987,48.352096174418016,60.54709388212521,32.62696755132189,0.40751872039121795,0.7921145127604299,0,4.062452243899954
05141,"Van Buren County, Arkansas",15851,3056,3297,5428,3577,493,25.676613462873004,40.07949025298088,92.328559712321,0.7444325279162198,0.8579900321746262,0.2397325089899691,0.06939625260235947,3.3247113746766765
05143,"Washington County, Arkansas",242793,59078,86993,68350,25447,2925,11.685674628181207,60.16277240282875,67.50318172270205,3.3514145794977614,0.5692091617138879,2.5840942696041482,2.4683578192122506,17.212193102766555
05145,"White County, Arkansas",77075,18056,22716,23935,11261,1107,16.046707752189427,52.899124229646446,86.79208563087901,4.411287706779111,0.18293869607525137,0.7927343496594227,0,4.564385338955563
05147,"Woodruff County, Arkansas",6333,1376,1329,2132,1344,152,23.62229591031107,42.71277435654508,69.42996999842097,28.406758250434233,0.01579030475288173,0,0,0.4737091425864519
05149,"Yell County, Arkansas",20489,4957,5345,6657,3081,449,17.228756893943093,50.280638391331934,74.23495534189077,1.6691883449655913,0.2879593928449412,1.112792229977061,0,20.859973644394554
06001,"Alameda County, California",1673133,344088,546163,548886,204571,29425,13.985499060744125,53.208621191501216,29.8679184499977,9.922522596828824,0.31366305009822887,31.377063269925344,0.7589952502281647,22.385668084963957
06003,"Alpine County, California",1344,289,287,389,363,16,28.199404761904763,42.857142857142854,54.31547619047619,0.5952380952380952,26.339285714285715,0.7440476190476191,0,14.657738095238095
06005,"Amador County, California",40095,6114,9541,13736,9481,1223,26.696595585484474,39.044768674398306,75.02431724653947,2.3194912083800974,0.6409776780147151,1.0699588477366255,0.04489337822671156,14.879660805586731
06007,"Butte County, California",217884,44310,73036,61344,34969,4225,17.988470929485413,53.85709827247526,70.29107231370821,1.7885663931266178,0.6659506893576398,4.872776339703695,0.23728222356850434,17.43221163554919
06009,"Calaveras County, California",45349,7722,9115,15795,11545,1172,28.04251471917793,37.127610311142476,79.21894639352577,0.9680478070078723,0.6262541621645461,2.2492226950980174,0.039692165207612075,13.071953075040243
06011,"Colusa County, California",21780,5936,6076,6597,2539,632,14.559228650137742,55.15151515151515,33.96694214876033,1.3452708907254363,0.642791551882461,0.6611570247933884,0.1423324150596878,60.500459136822776
06013,"Contra Costa County, California",1161643,263508,318191,395913,162076,21955,15.84230266958093,50.07553955905558,41.6237174415892,8.286194639833408,0.18577136004779438,17.550572766331825,0.45349560923622834,26.197463420345148
06015,"Del Norte County, California",27655,5990,7786,8938,4501,440,17.866570240462845,49.81377689387091,60.0867835834388,2.8891701319833665,6.085698788645814,2.928945941059483,0.15548725366118243,20.477309708913396
06017,"El Dorado County, California",190568,38068,44219,67400,36621,4260,21.45218504680744,43.17986230636833,76.27880861424794,0.7829226312917174,0.3316401494479661,4.798811972629193,0.14692918013517484,13.308635237815373
06019,"Fresno County, California",1003150,286311,318732,276267,106347,15493,12.14574091611424,60.31430992374022,27.906095798235558,4.239146687933011,0.432637192842546,10.393859343069332,0.15560982903852863,53.964412101879084
06021,"Glenn County, California",28675,7769,8221,8048,4170,467,16.17088055797733,55.762859633827375,50.09590235396687,0.4080209241499564,1.2136006974716653,3.4734088927637314,0.12554489973844812,42.877070619006105
06023,"Humboldt County, California",137014,26244,44166,41837,22114,2653,18.076254981242794,51.38890916256733,72.09920154144832,1.0860204066737706,3.7893937845767587,3.0610010655845388,0.2802633307545214,12.317719357145984
06025,"Imperial County, California",180051,51865,56302,48803,20190,2891,12.819145686499937,60.07575631348896,9.725022354777257,2.4698557630893467,0.7125758812780824,1.2396487661829148,0.05665061565889665,85.09700029436104
06027,"Inyo County, California",18804,3996,4208,6242,3820,538,23.175920017017656,43.629015103169536,59.84365028717294,0.3828972559029994,9.338438630078707,1.520952988725803,0.1223144011912359,23.675813656668794
06029,"Kern County, California",905644,262988,291698,251938,88588,10432,10.933656050280243,61.247686729001686,32.17710270260721,5.071418791489813,0.4414538162898446,4.661434294270155,0.11759587652543384,54.73916903330669
06031,"Kings County, California",151887,41348,52683,42202,14050,1604,10.306346165241266,61.9085241001534,30.851883307985542,6.049233969990849,0.8084957896330824,3.7442309085043486,0.16854635353914424,55.54721602243773
06033,"Lake County, California",67749,14489,16014,21888,13880,1478,22.668969283679463,45.02354278291931,67.81649913651862,2.25833591639729,2.609632614503535,1.3609056960250336,0.23173773782638857,22.214350027306676
06035,"Lassen County, California",32949,5416,12230,10447,4329,527,14.737928313454127,53.555494855686064,64.15672706303681,8.340162068651553,2.2762451060730218,1.556951652553947,0.7587483686910074,19.709247625117605
06037,"Los Angeles County, California",10019635,2169083,3253686,3224649,1185654,186563,13.69527931905703,54.12142258675092,25.458332564010565,7.646885340633665,0.195326476463464,14.552825527077584,0.21390998773907433,48.69058603432161
06039,"Madera County, California",156304,43188,45867,45596,19082,2571,13.853132357457262,56.97550926399836,32.407999795270754,2.8118282321629646,0.8739379670385915,2.145818405159177,0.07101545705804074,59.1155696591258
06041,"Marin County, California",262387,52454,54424,96833,51584,7092,22.3623883805219,40.73296314222885,69.67951918349614,2.0991893653267883,0.10442590524683007,5.980860332257315,0.16121225518032525,16.404395034814986
06043,"Mariposa County, California",17225,2896,3563,5905,4294,567,28.220609579100145,37.497822931785194,77.8809869375907,0.8243831640058055,2.525399129172714,1.0333817126269957,0.29027576197387517,12.406386066763424
06045,"Mendocino County, California",91534,19587,22262,29188,18663,1834,22.39277208468984,45.71962330937138,63.44527716476937,0.6052395831057312,3.0360303275285685,2.1511132475364345,0.13546878755435138,26.29405466821072
06047,"Merced County, California",279150,82578,89729,75855,27642,3346,11.100841841303959,61.725595557943755,25.941608454236075,2.6526956833243776,0.3198996955042092,7.314347125201505,0.26831452624037255,61.160666308436326
06049,"Modoc County, California",8723,1709,1904,2657,2127,326,28.121059268600252,41.41923650120371,76.64794222171271,1.9717986931101685,3.4047919293820934,0.7680843746417517,0,15.155336466811876
06051,"Mono County, California",13291,2647,3869,4784,1924,67,14.980061695884434,49.025656459258144,64.08848092694305,0.02257166503649086,0.7749604995861862,4.5745241140621475,0,27.296666917462947
06053,"Monterey County, California",438953,115434,134067,129513,51914,8025,13.65499267575344,56.84002615314168,28.785769774896174,2.3063972680446425,0.15628096857750146,5.58920886746417,0.40869979246069627,59.67859884771263
06055,"Napa County, California",138795,28404,37609,46027,23509,3246,19.27663100255773,47.561511581829315,50.95212363557765,1.981339385424547,0.23559926510320978,7.681112432004035,0.2132641665766058,34.72603479952448
06057,"Nevada County, California",102090,17577,21875,34614,24934,3090,27.450288960720933,38.64433343128612,83.80056812616318,0.3732001175433441,0.36536389460280144,1.1372318542462534,0.14497012440003917,9.78744245273778
06059,"Orange County, California",3182923,699691,952225,1058592,407873,64542,14.842174944225794,51.89933906663781,39.04351440484108,1.5759413595616356,0.13896032043502152,21.113140343011754,0.2536347878977908,34.028250133603606
06061,"Placer County, California",400330,89446,99151,133963,67953,9817,19.426473159643294,47.110383933255065,70.29200909249869,1.5479729223390704,0.2992531161791522,8.406064996377989,0.132640571528489,14.646666500137387
06063,"Plumas County, California",19631,3421,4153,6511,5152,394,28.251235291121187,38.581834853038565,82.5938566552901,1.5231012174621772,1.1970862411492027,0.6418419846161683,0.13753756813203608,9.622535785237634
06065,"Riverside County, California",2409331,606535,722377,734941,306450,39028,14.339167179602969,55.15688794939342,33.244581172117904,6.065791707324564,0.35540986273783054,6.580498901977354,0.26156638502555274,50.270593787238035
06067,"Sacramento County, California",1571767,372547,488593,489527,192818,28282,14.066970486083497,54.78801883485275,42.89140820490569,9.283564294198822,0.25811713822723087,16.61836646271362,1.106207217736471,23.841447237408598
06069,"San Benito County, California",63329,16452,19352,19459,7057,1009,12.736660929432015,56.53649986578029,32.33431761120498,0.8763757520251385,0.3031786385384263,2.802823351071389,0.1626427071325933,60.86311168658908
06071,"San Bernardino County, California",2171071,573984,698697,647483,223885,27022,11.556830707056564,58.61996222141054,26.580337538477554,7.622044603792322,0.3164797466319618,7.2785275101551266,0.28948845984309124,54.57928368072716
06073,"San Diego County, California",3296317,713838,1104591,1013024,405551,59313,14.102527153790124,55.16547710672244,44.14539014299899,4.589303759316838,0.31659576430300845,11.687104122570735,0.380212218667076,34.32482373509587
06075,"San Francisco County, California",865933,118194,333701,276085,116159,21794,15.931140169043102,52.18590814762805,39.154299466586906,4.924399462775988,0.19343297922587543,34.111761533513565,0.32877832349615965,15.38698721494619
06077,"San Joaquin County, California",771406,209515,234485,229883,85716,11807,12.642240272956135,57.55723963775237,29.58195813877517,6.701529415119924,0.20793200986251079,16.111101028511573,0.5600163856646176,42.284477953243815
06079,"San Luis Obispo County, California",282771,50215,92430,82892,50636,6598,20.240406548054786,50.44541342641219,67.34106397049203,1.3700131908859112,0.30484031247900245,3.402046178709981,0.08169154545550994,23.194740620502103
06081,"San Mateo County, California",762488,155785,226027,256807,105991,17878,16.245370418944297,50.07449297562716,37.75429908405116,2.1968870329762566,0.13573984115159846,29.554825780864746,1.1979204918634785,24.127592827690403
06083,"Santa Barbara County, California",447651,100508,154531,124391,58102,10119,15.23977384167577,56.97273098909642,43.025258516120815,1.7535982271903783,0.3435712195437964,5.296760199351727,0.09292953662563024,46.3651371269136
06085,"Santa Clara County, California",1932022,422063,616975,631095,225025,36864,13.555176907923409,53.779822382974935,29.859494353583965,2.326629820985475,0.15822801189634486,37.935127032714945,0.3123670434394639,25.107995664645642
06087,"Santa Cruz County, California",272138,51985,88908,85460,40631,5154,16.8241847885999,51.77263006268878,56.13732738537066,0.8337681617414694,0.07679927095811684,4.733995252408705,0.1227318492823494,34.04191990828183
06089,"Shasta County, California",181935,39623,47806,57326,32618,4562,20.435869953554842,48.05507461456015,78.02127133316844,1.1135845219446505,1.8995795201582983,3.267100887679666,0.10937972352763349,10.734603017561216
06091,"Sierra County, California",3079,475,728,1021,813,42,27.768756089639492,39.071126989282234,87.430984085742125,0.06495615459564794,0.9093861643390712,0,0,11.20493666774927
06093,"Siskiyou County, California",44151,8981,9620,14300,10107,1143,25.480736563158253,42.13041607211615,74.83862200176667,1.655681638014994,2.937645806437,1.4541006998708976,0.342008108536613,13.295282100065684
06095,"Solano County, California",451432,100496,134048,145195,63959,7734,15.88124014247993,51.95555476793847,36.32330007620195,13.146609013096104,0.33382657853231495,15.20516932782789,0.8373354126424356,27.494284853532758
06097,"Sonoma County, California",492498,96796,133573,164314,85946,11869,19.860994359367957,46.77562142384335,61.686138826959706,1.4599044057031703,0.38172743848705987,4.270880287838732,0.28040723008012214,27.549959593744543
06099,"Stanislaus County, California",550842,150291,167455,161751,62337,9008,12.951989862791871,57.68369151226668,39.619891003227785,2.8131478718035297,0.4237149672682911,5.6192156734599035,0.5399007337857317,47.93025949364791
06101,"Sutter County, California",99080,25779,28892,29346,13161,1902,15.202866370609609,55.17864352038757,44.12797739200646,1.746063786838918,0.8266047638272104,16.049656842955187,0.361324182478805,31.947920872022607
06103,"Tehama County, California",65345,15739,16940,19872,11436,1358,19.579156783227486,50.00994720330553,66.39528655597215,0.7820032137118371,1.1186777871298492,1.7843752391154641,0.07192593159384804,26.294284183946743
06105,"Trinity County, California",15818,2573,3257,5598,3997,393,27.753192565431785,36.8567454798331,79.62447844228095,0.5563282336578581,3.0787710203565557,2.1431280819319762,0.18333544063724871,7.548362624857757
06107,"Tulare County, California",470999,145107,145871,126891,46421,6709,11.280278726706426,61.77889974288693,26.990078535198588,1.3469243034486273,0.4895976424578396,3.4743173552385462,0.11677307170503547,65.76171074673195
06109,"Tuolumne County, California",55243,9388,13098,18309,12627,1821,26.153539814999185,40.70379957641692,79.12857737631917,1.6907119454048476,1.0806799051463534,1.401082490089242,0.24075448473109715,12.91023297069312
06111,"Ventura County, California",845255,193250,243044,276474,114361,18126,15.67420482576264,51.61684935315378,44.141708715121474,1.6736961035427178,0.18929198880811116,7.077154231563256,0.16799664006719867,43.3255053208795
06113,"Yolo County, California",216703,45449,86478,57617,23673,3486,12.532821419177399,60.87917564593015,45.16642593780428,2.3317628274643174,0.36916886245229646,14.333904006866542,0.43561925769370985,32.10753888963235
06115,"Yuba County, California",80404,22298,25623,22472,8982,1029,12.450873090891001,59.60026864335108,52.60186060395005,3.384159992040197,0.7089199542311327,6.952390428336899,0.4129147803591861,29.472414307745883
08001,"Adams County, Colorado",514969,135443,169303,156207,49078,4938,10.489175076558006,59.17754272587282,48.25669117946906,3.2293205998807695,0.3895380110259064,3.9037301274445646,0.1330177156294845,40.947901718355865
08003,"Alamosa County, Colorado",16377,4019,6027,4097,2028,206,13.641082005251267,61.34212615253099,46.46760700983086,1.6913964706600721,0.2992000976979911,0.9830860352933993,0.0549551199853453,47.58502778286621
08005,"Arapahoe County, Colorado",651621,152745,202297,210416,76308,9855,13.22287034948229,54.48596653576235,58.48583762647306,10.655120077468345,0.2934220965868196,6.174908420692397,0.21807154772482779,19.893465680203676
08007,"Archuleta County, Colorado",13267,2368,2806,4635,3246,212,26.064671741916033,38.999020125122485,75.7518655310168,0.15828748021406497,2.0125122484359688,0.9421873822265773,0.14321248209843973,18.595010175623727
08009,"Baca County, Colorado",3519,770,773,1107,717,152,24.694515487354362,43.847684001136685,83.1486217675476,0.625177607274794,0.966183574879227,1.4208581983518045,0.2557544757033248,11.764705882352942
08011,"Bent County, Colorado",5861,914,1885,1972,917,173,18.59750895751578,47.75635557072172,54.42757208667463,4.453164988909743,1.7573792868111244,1.0237160894045385,0.30711482682136154,32.67360518682818
08013,"Boulder County, Colorado",328713,62135,113872,104432,42549,5725,14.685759309793042,53.544277226638435,76.67387660360254,0.8089123338596284,0.29600289614344427,4.6663807029232185,0.06905720187519204,13.965678266451281
08014,"Broomfield County, Colorado",72697,16261,21846,24442,8763,1385,13.959310563021857,52.418944385600504,75.55882636147297,1.2352641787143899,0.18845344374595926,6.8145865716604535,0,12.942762424859348
08015,"Chaffee County, Colorado",19436,2916,4883,6706,4385,546,25.37044659394937,40.126569252932704,84.5492899773616,1.4303354599711875,0.2829800370446594,0.8952459353776497,0.6997324552377032,10.161555875694587
08017,"Cheyenne County, Colorado",1691,484,313,565,299,30,19.455943228858665,47.13187463039622,80.7806031933767,0.29568302779420463,0,0.17740981667652278,0.23654642223536368,11.945594322885867
08019,"Clear Creek County, Colorado",9427,1216,2144,4111,1859,97,20.74891269757081,35.64230402036703,87.09027262119444,0.965312400551607,0.41370531452211734,1.7078604009759202,0,7.478519147130583
08021,"Conejos County, Colorado",7579,1967,1925,2228,1350,109,19.250560759994723,51.352421163741916,44.75524475524475,0.48819105422879006,0.8180498746536482,0.23749835070589786,0,51.69547433698377
08023,"Costilla County, Colorado",3517,552,888,1151,874,52,26.32925789024737,40.94398635200455,33.124822291725906,0,0.5402331532556156,1.1373329542223487,0,60.50611316462894
08025,"Crowley County, Colorado",6018,921,2367,1888,663,179,13.991359255566634,54.636091724825526,53.09072781655035,4.403456297773347,2.409438351611831,0.6979062811565304,0,32.319707544034564
08027,"Custer County, Colorado",4720,732,680,1724,1467,117,33.559322033898304,29.915254237288135,88.64406779661017,1.7161016949152543,0.1059322033898305,0.847457627118644,0,8.029661016949152
08029,"Delta County, Colorado",31133,6079,6682,10320,7177,875,25.8632319403848,40.988661548838856,79.96980695724794,0.7773102495744065,0.45610766710564354,0.9250634375100376,0,15.446632190922815
08031,"Denver County, Colorado",706799,135998,285031,203086,72928,9756,11.69837535140825,59.568420442021,53.973477608202614,8.641494965329606,0.3868143559908828,3.4826025503714635,0.1263442647768319,29.434959585398396
08033,"Dolores County, Colorado",2288,272,320,920,745,31,33.91608391608391,25.874125874125873,80.20104895104895,0,4.6328671328671325,0,0,12.325174825174825
08035,"Douglas County, Colorado",351929,89257,91077,128475,39122,3998,12.252471379170231,51.24158566074407,80.29687806347303,1.3644797672257756,0.2290234678017441,5.15075483975461,0.06251260907739914,9.236522139408802
08037,"Eagle County, Colorado",55693,11928,17712,19344,6500,209,12.04639721329431,53.22033289641427,64.85913849137235,0.9049611261738459,0.0772089849711813,1.44901513655217,0.09336900508142855,29.44714775645054
08039,"Elbert County, Colorado",25897,5544,5384,10649,3948,372,16.681468896011122,42.197937985094796,85.36123875352358,0.2548557748001699,0.4556512337336371,0.9035795652006023,0.046337413600030894,7.834884349538557
08041,"El Paso County, Colorado",722736,173420,242222,214107,83110,9877,12.865970423501805,57.50951938190432,67.63576188262381,5.779842155365168,0.30522901861813995,2.6342952336676184,0.2475316021341126,17.8936707179385
08043,"Fremont County, Colorado",49007,7963,13676,16854,9550,964,21.454077988858735,44.154916644560984,78.29289693309119,4.319791050258126,0.8753851490603384,0.6733731915848756,0.004081049645968943,13.632746342359255
08045,"Garfield County, Colorado",61221,15427,18205,19452,7232,905,13.291190931216413,54.93539798435177,66.25340977769066,0.5145293281717058,0.2858496267620588,0.8983845412521847,0.11924013002074452,29.172996194116397
08047,"Gilpin County, Colorado",5812,862,1010,2933,886,121,17.326221610461115,32.20922229869236,85.44390915347557,0.8602890571231934,0.7570543702684102,0,0,9.790089470061941
08049,"Grand County, Colorado",15629,2756,4437,5627,2606,203,17.972998912278456,46.023418004990724,83.84413590120928,0.7869985283767356,0.243137756734276,0.7869985283767356,0,9.539957770810673
08051,"Gunnison County, Colorado",16851,2798,6475,5160,2275,143,14.34929677763931,55.02937511126936,85.63290012462168,0.5222242003441933,0.545961663996202,0.04154056139101537,0.26111210017209663,9.738294463236603
08053,"Hinsdale County, Colorado",858,96,143,351,265,3,31.235431235431236,27.855477855477854,85.8974358974359,1.048951048951049,1.2820512820512822,0.2331002331002331,0,5.011655011655011
08055,"Huerfano County, Colorado",6787,1083,1288,2139,2026,251,33.54943273905997,34.93443347576249,61.308383674672164,0.08840430234271401,2.1217032562251363,0.05893620156180934,0,33.49049653749816
08057,"Jackson County, Colorado",1375,198,257,422,446,52,36.21818181818182,33.09090909090909,89.96363636363637,0.6545454545454545,0,0,0,8.072727272727272
08059,"Jefferson County, Colorado",580130,113669,174941,195619,84880,11021,16.53094995949184,49.74919414613966,76.96688673228414,1.0676917242686983,0.3321669281023219,2.762484270766897,0.06826056228776309,15.695275196938617
08061,"Kiowa County, Colorado",1414,379,301,433,275,26,21.287128712871286,48.090523338048094,93.84724186704385,0.49504950495049505,0.21216407355021216,0,0,4.172560113154173
08063,"Kit Carson County, Colorado",7071,1824,1842,2039,1145,221,19.318342525809644,51.845566397963516,76.76424833828312,0.0848536274925753,0.6081176636967897,0.07071135624381275,0.05656908499505021,18.75265167585914
08065,"Lake County, Colorado",7417,1411,2713,2475,776,42,11.028717810435486,55.601995415936365,61.43993528380747,0.1887555615477956,1.4830794121612512,0.6471619253067278,0.053930160442227315,30.025616826210058
08067,"La Plata County, Colorado",55673,10337,16469,18846,9309,712,17.99974853160419,48.14901298654644,77.47741274944767,0.467012735078045,5.011405887952868,0.8226608948682486,0.00179620282722325,13.022470497368563
08069,"Larimer County, Colorado",354670,68927,125056,104493,49655,6539,15.844024022330617,54.69394084642062,81.325457467505,0.9067583951278654,0.3789438069191079,2.030338060732512,0.09022471593312092,12.01877801900358
08071,"Las Animas County, Colorado",14531,2664,3713,4632,3229,293,24.237836349872687,43.88548620191315,52.54972128552749,0.9015208863808409,1.2456128277475742,0.5643107838414424,0,40.91941366733191
08073,"Lincoln County, Colorado",5630,1138,1767,1763,768,194,17.087033747779753,51.59857904085258,70.49733570159857,7.975133214920071,0.37300177619893427,0.3907637655417407,0,19.129662522202487
08075,"Logan County, Colorado",21765,4425,7058,6514,3344,424,17.312198483804274,52.75901677004365,75.0838502182403,0.8867447737192741,0.5881001608086377,0.666207213416035,0.9189065012634965,17.43165632896853
08077,"Mesa County, Colorado",154685,33213,43342,48137,26083,3910,19.389727510747647,49.49090086304425,80.2463070110224,0.6865565504088955,0.5669586579177037,1.1345637909299544,0.06787988492743317,14.953615411966254
08079,"Mineral County, Colorado",794,108,174,332,171,9,22.670025188916878,35.51637279596977,91.5617128463476,1.2594458438287153,0.12594458438287154,2.2670025188916876,0,1.385390428211587
08081,"Moffat County, Colorado",13240,3395,3682,4201,1836,126,14.818731117824774,53.45166163141994,79.10876132930514,0.3474320241691843,1.3444108761329305,0.1661631419939577,0,16.32930513595166
08083,"Montezuma County, Colorado",25916,5625,6106,8306,5294,585,22.684827905540978,45.2654730668313,71.49251427689458,0.9569377990430622,10.429850285537892,0.6675412872356845,0,12.94181200802593
08085,"Montrose County, Colorado",42328,9016,9508,13707,9162,935,23.854186354186353,43.762993762993766,75.15356265356266,0.2457002457002457,0.7465507465507466,0.7111132111132111,0.1441126441126441,20.83018333018333
08087,"Morgan County, Colorado",28868,7525,8098,8870,3958,417,15.155189136760427,54.118747401967575,57.19828183455729,3.103782735208535,0.2113066371068311,0.21477068033809063,0.33601219343217403,36.59068865179437
08089,"Otero County, Colorado",18665,4422,4863,5549,3187,644,20.52504687918564,49.74551299223145,51.19207072060005,1.280471470667024,0.2785963032413608,0.7982855612108224,0.016072863648540048,42.593088668631125
08091,"Ouray County, Colorado",4850,739,833,1766,1456,56,31.175257731958762,32.41237113402062,92.14432989690722,1.0309278350515463,0.5360824742268041,0.16494845360824742,0.041237113402061855,2.020618556701031
08093,"Park County, Colorado",17384,2689,3501,7530,3541,123,21.076852277956743,35.607455131155085,87.96594569719282,0.2703635526921307,0.5119650253106305,0.9836631385181777,0,6.5692590888173035
08095,"Phillips County, Colorado",4497,1269,1053,1426,566,183,16.65554814320658,51.63442294863242,67.6450967311541,0,0,0.37802979764287303,0,31.487658438959308
08097,"Pitkin County, Colorado",17471,2939,4954,6204,2920,454,19.312002747409995,45.17772308396772,80.83109152309541,0.10875164558411081,0.0973041039436781,2.283784557266327,0,10.560357163299182
08099,"Prowers County, Colorado",11966,3065,3165,3619,1829,288,17.691793414674912,52.064181848570954,57.3207421026241,0.8774862109309711,0.5014206919605549,0.46799264582985123,0,39.069028915259906
08101,"Pueblo County, Colorado",167453,37778,46954,51826,27135,3760,18.4499531211743,50.60046699670952,50.87278221351663,1.5956716212907502,0.5912106680680549,0.7100499841746639,0.032247854621893904,43.50593897989287
08103,"Rio Blanco County, Colorado",6495,1607,1859,2007,915,107,15.73518090839107,53.36412625096228,83.04849884526558,0.30792917628945343,1.1547344110854503,0.09237875288683603,0,10.715935334872979
08105,"Rio Grande County, Colorado",11476,2576,3078,3469,2058,295,20.50365981178111,49.26803764377832,51.24607877309167,0.14813523875914952,1.2460787730916696,0.06099686301847333,0.06099686301847333,44.4841408156152
08107,"Routt County, Colorado",24899,4369,7438,8988,3787,317,16.48258966223543,47.41957508333668,85.14398168601149,0.30121691634202175,0.1405678942929435,1.1606891843045906,0.044178481063496526,7.020362263544721
08109,"Saguache County, Colorado",6369,1265,1378,2139,1474,113,24.91756947715497,41.49788035798399,58.32940807034071,1.2246820536975978,1.2874862615795257,1.1775788977861517,0,35.971110064374315
08111,"San Juan County, Colorado",698,103,176,246,162,11,24.785100286532952,39.97134670487106,82.8080229226361,0,0,0,0,16.189111747851
08113,"San Miguel County, Colorado",8084,1363,2447,3001,1147,126,15.747154873824838,47.1301335972291,85.06927263730826,0.23503216229589313,0.9772389905987136,0.7916872835230084,0,11.170212765957446
08115,"Sedgwick County, Colorado",2459,595,561,726,488,89,23.46482309882066,47.010980073200486,75.88450589670597,0.6100040666937779,0.16266775111834078,0.813338755591704,0,19.520130134200894
08117,"Summit County, Colorado",31042,5052,11250,10258,4362,120,14.438502673796792,52.51594613749114,79.65659429160492,0.17073642162231814,0.3060369821532118,1.1854906256040203,0.40590168159268086,14.68333225951936
08119,"Teller County, Colorado",24607,4140,5093,9857,5125,392,22.42044946559922,37.521843377900595,85.68293574998984,0.7721380095094892,0.23976917137399928,0.5648799122200999,0.016255537042305035,7.396269354248791
08121,"Washington County, Colorado",4834,1081,1286,1468,871,128,20.66611501861812,48.965659908978076,85.93297476210178,1.3239553165080677,0,0.3723624327678941,0.02068680182043856,10.860570955730244
08123,"Weld County, Colorado",322424,84176,101578,97625,35274,3771,12.109830533707168,57.61171624941071,64.30042428603329,1.2024539116194823,0.20004714289258865,1.6332531077091035,0.10793241197925713,30.029402277746073
08125,"Yuma County, Colorado",9944,2727,2405,3026,1489,297,17.960579243765086,51.60901045856798,73.01890587288817,0.583266291230893,0.4223652453740949,0,0,24.929605792437652
09001,"Fairfield County, Connecticut",956446,214928,254201,335932,128735,22650,15.827866915643957,49.04918834936839,59.772532897832185,10.696787900205553,0.09106630170443496,5.3977955890870994,0.03617559172185361,20.52807999615242
09003,"Hartford County, Connecticut",898636,189748,257280,298843,129586,23179,16.99965280714327,49.74516934554146,59.01788933450251,12.895210073934274,0.11906934509634602,5.656350290885297,0.024036428542813775,18.817073876408244
09005,"Litchfield County, Connecticut",185175,33637,43949,67930,33760,5899,21.41703793708654,41.8987444309437,86.46307546915081,1.608748481166464,0.0637235047927636,1.9009045497502364,0,7.134332388281355
09007,"Middlesex County, Connecticut",164568,28878,42763,59154,29481,4292,20.522215740605706,43.53276457148413,82.18912546789169,4.706261241553643,0.07717174663361043,3.2491128287394875,0,6.668975742550192
09009,"New Haven County, Connecticut",864751,175495,252491,286866,127857,22042,17.334354051050532,49.49239723342326,60.79414767950543,12.685385735315716,0.06614620856177096,4.02786466855777,0.018155515287059512,19.20182804067298
09011,"New London County, Connecticut",269131,52604,78003,89166,43043,6315,18.33976762245895,48.52915494684745,73.96843916159789,5.194867926771721,0.44848047976635913,4.042269378109546,0.010032289108278124,11.446470306282071
09013,"Tolland County, Connecticut",150120,26087,53105,46996,21329,2603,15.94191313615774,52.752464694910735,82.69650945909939,2.884359179323208,0.08859579003463895,4.832134292565947,0.0019984012789768186,6.02384758859579
09015,"Windham County, Connecticut",116503,23114,33536,40445,16767,2641,16.6587984858759,48.62535728693682,81.11464940816974,1.9175471876260697,0.10901006841025553,1.359621640644447,0.010300163944276113,12.484657047458006
10001,"Kent County, Delaware",180078,41574,51916,55645,27821,3122,17.18310954142094,51.91639178578172,59.645820144604,25.209631381956708,0.37095036595253167,2.069658703450727,0.01943602216817157,7.526183098435123
10003,"New Castle County, Delaware",567769,122616,169894,186012,78882,10365,15.718892718693693,51.51919178398257,55.482775565414805,24.713748020761965,0.11976701792454325,5.746174940865035,0.03857202489040437,10.5262879797946
10005,"Sussex County, Delaware",234045,43455,49126,75279,60961,5224,28.278749813070135,39.55692281398876,74.60830182229913,10.969258048665855,0.31446943963767654,1.3014591211091884,0.019227071716977504,9.382810997885022
11001,"District of Columbia, District of Columbia",683154,125022,286971,187962,72940,10259,12.178659570170122,60.307485574262905,36.65293623399702,43.87239187650222,0.14681901884494564,4.028667035543962,0.04347482412457513,11.26861586113819
12001,"Alachua County, Florida",276171,50176,114909,71436,34382,5268,14.35704690210051,59.776370437156686,60.02947449225299,19.559258575302984,0.2082043371679141,5.927486955545659,0.0525037024162566,10.497481632756516
12003,"Baker County, Florida",28003,6650,8623,8672,3693,365,14.491304503088955,54.54058493732814,78.54872692211549,12.180837767382066,0.32496518230189625,0.3285362282612577,0.039281505552976465,2.8996893190015354
12005,"Bay County, Florida",181384,38301,50942,60121,28449,3571,17.65315573589732,49.201142327878976,75.32527676090504,10.30576015525074,0.24202796277510696,2.1754950822564285,0.1190843734838795,6.882084417589203
12007,"Bradford County, Florida",27928,5496,8864,8664,4430,474,17.559438556287596,51.41793182469207,72.2214265253509,18.98811228874248,0.2971927814379834,0.8378688054998568,0,4.558149527356059
12009,"Brevard County, Florida",601573,110829,141760,207458,122905,18621,23.52598936454927,41.988087896232045,72.79332682816549,9.134386017989504,0.13680800168890558,2.3752728264067704,0.06898580887107633,11.013958405713023
12011,"Broward County, Florida",1934551,411085,534907,666122,277838,44599,16.667278350376908,48.89982223265243,34.163844737099204,27.615090013134832,0.15621195822699943,3.5318789734672285,0.049262076833332384,30.890010136719063
12013,"Calhoun County, Florida",13863,2772,3831,4775,2061,424,17.92541296977566,47.63038303397533,75.75560845415855,11.974320132727405,1.1541513380942077,0.533794993868571,0,6.044867633268412
12015,"Charlotte County, Florida",184837,22313,30758,58102,64758,8906,39.85349253666744,28.71232491330199,82.98554943003836,5.311166054415512,0.21532485379009614,1.3346894831662492,0.05085561873434431,7.809042561824743
12017,"Citrus County, Florida",151888,22811,26587,47799,48445,6246,36.007452860002104,32.52264826714421,86.90877488675866,2.350416096070789,0.18171284104076688,1.6657010428736965,0.01843463604761403,6.16770251764458
12019,"Clay County, Florida",216308,50538,57829,73674,31178,3089,15.841762671745844,50.0984706991882,70.8438892690053,10.699095733860975,0.10355604046082438,2.8625848327385026,0.02126597259463358,10.511400410525733
12021,"Collier County, Florida",372797,63913,77723,111682,103790,15689,32.04934589065899,37.992795006397586,61.805486632134915,6.548872442643047,0.09844499821618737,1.4705053956979268,0.0016094550117087853,28.525980627526508
12023,"Columbia County, Florida",69265,15160,19199,21876,11847,1183,18.811809716306936,49.60513968093554,70.85829784162276,17.433046993431027,0.0851801053923338,1.013498881108785,0.031762073197141416,6.626723453403595
12027,"DeSoto County, Florida",34027,6495,10167,9965,6522,878,21.747435859758426,48.966996796661476,53.998295471243424,12.272607047344756,0.1822082463925706,0.12049255003379669,0.017633056102506834,31.907015017486113
12029,"Dixie County, Florida",16701,3082,3742,6041,3571,265,22.968684509909586,40.859828752769296,83.36626549308424,7.328902460930483,0.13172863900365248,0.2514819471887911,0.03592599245554159,4.335069756302018
12031,"Duval County, Florida",983153,223410,312002,308491,123861,15389,14.163614411998946,54.45866513146987,50.84630774660709,29.00606518008896,0.13517733252098096,4.6898092158595865,0.058587015449273916,10.633441590474728
12033,"Escambia County, Florida",318828,67330,100867,96983,47802,5846,16.8266275233041,52.75477687028743,63.261382312720336,21.62168943756508,0.2054399237206268,3.0063231585682564,0.12953692900247155,6.00260955750436
12035,"Flagler County, Florida",113888,19240,22009,38009,31137,3493,30.40706659173925,36.218916830570386,73.77686850238831,9.688465861196965,0.1589280696824951,2.309286316381006,0.10448862039898849,10.939695139084012
12037,"Franklin County, Florida",12232,1909,3243,4190,2650,240,23.626553302812297,42.119032047089604,76.01373446697188,12.418247220405494,0,0.3188358404185742,0,5.8534990189666445
12039,"Gadsden County, Florida",44233,9644,11430,15151,7229,779,18.104130400379805,47.643162344855654,32.274546153324444,55.22121493002962,0.11529853276965162,0.2328578210838062,0.027129066534035674,10.731806569755612
12041,"Gilchrist County, Florida",17759,3629,4711,5874,3148,397,19.961709555718226,46.96210372205642,85.50030970212286,4.758150796779098,0.033785686130975844,0.27591643673630273,0.005630947688495974,6.278506672673011
12043,"Glades County, Florida",12183,1759,2800,4309,3028,287,27.210046786505785,37.420996470491666,58.84429122547812,13.289009275219568,3.9727489124189446,0.5745711236969547,0,21.669539522285152
12045,"Gulf County, Florida",15205,2403,4096,5218,3150,338,22.939822426833278,42.742518908253864,78.81617888852351,14.021703387043736,0.09207497533706017,0.4735284445905952,0,3.8013811246300557
12047,"Hamilton County, Florida",13973,2723,4090,4720,2234,206,17.46224862234309,48.758319616403064,54.15444070707794,32.94925928576541,0.5081228082730981,0.3506763043011522,0,10.205396121090676
12049,"Hardee County, Florida",25632,6731,7292,7406,3655,548,16.39747191011236,54.708957553058674,45.965980024968786,5.629681647940075,0.054619225967540576,1.162609238451935,0.0351123595505618,44.26888264669164
12051,"Hendry County, Florida",39439,10593,11352,12191,4763,540,13.446081290093563,55.64289155404549,30.596617561297194,10.558077030350669,1.4630188392200614,0.9660488349096072,0,55.1231014985167
12053,"Hernando County, Florida",192128,35729,43456,61298,45478,6167,26.880517155229846,41.21471102598268,75.42263491005995,4.819703530979347,0.29980013324450366,1.1945161558960693,0.040597934710193205,14.905687874750166
12055,"Highlands County, Florida",101174,17359,20454,27687,30834,4840,35.260047047660464,37.37422657995137,65.12641587759701,8.796726431691937,0.1107003775673592,1.543874908573349,0.03657066044635974,21.142783719137327
12057,"Hillsborough County, Florida",1444359,322797,449826,466171,182460,23105,14.23226497013554,53.49244889947721,47.00888075610011,15.501616980265986,0.15155511891434192,4.120236035500869,0.06452689393703366,29.590981189579598
12059,"Holmes County, Florida",19622,3911,5333,6473,3474,431,19.901131383141372,47.110386301090614,86.00550402609316,7.00744062786668,0.993782489042911,0.6370400570787891,0.37712771379064314,3.1495260421975333
12061,"Indian River County, Florida",158002,25176,31633,49092,44688,7413,32.97489905191073,35.95460816951684,73.9269123175656,8.214452981607828,0.08164453614511209,1.4379564815635244,0.07404969557347375,12.895406387260921
12063,"Jackson County, Florida",48067,9097,13338,16187,8360,1085,19.649655688934196,46.67443360309568,64.99261447562778,26.66278319845216,0.4223271683275428,0.2808579690848191,0.10402147003141449,5.103293319741194
12065,"Jefferson County, Florida",14405,2480,3597,5004,3028,296,23.07532106907324,42.1867407150295,60.0833044081916,32.801110725442555,0.21520305449496702,0.43734814300590075,0,4.401249566122874
12067,"Lafayette County, Florida",8343,1597,2547,2848,1215,136,16.193215869591274,49.6703823564665,67.07419393503535,16.480882176675056,0,0,0.9948459786647489,14.49119021934556
12069,"Lake County, Florida",375059,72411,84834,119041,87370,11403,26.335323242476516,41.92540373647879,67.78826797917128,10.025089385936612,0.2687577154527688,2.0415454635137404,0.13331235885554008,16.775227364228027
12071,"Lee County, Florida",752251,132833,172351,233417,189300,24350,28.40142452452705,40.569437594632646,65.20483189786388,7.7722728185140335,0.08441331417306192,1.649848255436018,0.04134258379184607,22.608145419547466
12073,"Leon County, Florida",290965,54763,119958,76570,35683,3991,13.635316962521266,60.04880312065025,55.54379392710464,30.667606069458525,0.06495626621758631,3.5457872940044335,0.05189627618442081,6.737580121320434
12075,"Levy County, Florida",42392,8345,9344,14338,9434,931,24.450367993961123,41.72721268163804,78.50537837327798,8.24448009058313,0.17927910926589924,0.8846008680883185,0,8.916776750330252
12077,"Liberty County, Florida",7987,1509,2541,2825,1038,74,13.922624264429698,50.707399524226865,73.87003881307125,14.698885689245023,1.6777263052460247,0.125203455615375,0,6.660823838737949
12079,"Madison County, Florida",18051,3375,4872,6066,3358,380,20.707994016951968,45.68721954462357,53.75879452661902,36.25283917788488,0.055398592875740955,0.6703229737964655,0.016619577862722286,6.176943105645116
12081,"Manatee County, Florida",394824,71977,86703,127636,95468,13040,27.482625169695865,40.19005936822483,70.18165055822341,8.12209997365915,0.15475249731525945,2.1520981500617995,0.04179077259741049,16.741383502522645
12083,"Marion County, Florida",370372,69875,84856,110202,93559,11880,28.46840473901915,41.77718618038081,68.85887702094111,12.248766105429135,0.2262590044603804,1.5209033080254446,0.03428984912466385,14.349356862829804
12085,"Martin County, Florida",158323,25991,30989,52213,42097,7033,31.031498897822804,35.98971722365039,77.20861782558441,5.289187294328682,0.08084738161858984,1.4944133196061216,0.013264023546799897,14.109762952950614
12086,"Miami-Dade County, Florida",2690113,550927,778264,925737,372757,62428,16.17720147815352,49.410229235723556,13.258625195298487,15.159809271952517,0.0691049037717003,1.4739157797460554,0.01676509499786812,68.50693632572312
12087,"Monroe County, Florida",82244,12750,20217,30735,16837,1705,22.545109673654004,40.084383055298865,64.77797772481883,6.316570205729294,0.03282914255143232,1.1052477992315548,0.15198677107144595,25.11672584018287
12089,"Nassau County, Florida",88492,17628,20631,30522,18353,1358,22.27432988292727,43.23441667043348,85.65068028748361,5.5089725624915244,0.34579397007639107,0.9311576187677982,0.009040365230755323,4.7800931157618765
12091,"Okaloosa County, Florida",209230,46895,66075,63225,29838,3197,15.788844811929456,53.99321321034269,72.01500740811547,9.361468240692062,0.09845624432442766,3.2433207475027483,0.12283133393872772,9.804043397218372
12093,"Okeechobee County, Florida",39716,8561,10757,12599,6829,970,19.636922147245443,48.64034645986504,61.84157518380501,8.120153086917112,0.365092154295498,0.8938463087924262,0.10071507704703395,26.362171417061134
12095,"Orange County, Florida",1409949,311840,482763,445995,150579,18772,12.011143665480098,56.356861134693524,38.24067395345505,19.525812635776187,0.10021639080562489,5.1189794808181,0.09461335126305986,32.58543394122766
12097,"Osceola County, Florida",380331,93255,116416,121328,43967,5365,12.97080700758024,55.12855907091455,29.666790243235496,9.190678645705978,0.13488251023450626,2.609831962159277,0.04522376561468826,55.453539154052656
12099,"Palm Beach County, Florida",1481233,284509,371341,473286,294100,57997,23.770534412884402,44.27730141037905,52.51766602553413,18.172765527098033,0.06960417436014456,2.7691119493016965,0.017282898774196902,23.13221485073584
12101,"Pasco County, Florida",551598,113099,135436,181131,108160,13772,22.105228807936214,45.05726996834651,71.86538022255338,5.5270323677750826,0.2108419537416742,2.7019677373739572,0.05239322840184337,16.69349780093474
12103,"Pinellas County, Florida",957989,154697,233055,332515,204779,32943,24.81468993902853,40.47562132759353,72.85292419850332,10.051263636638835,0.15772623694009014,3.4491001462438504,0.07724514582108981,10.17997075122992
12105,"Polk County, Florida",713148,158952,196884,215655,125758,15899,19.86361877198001,49.89651516936176,56.00394308053868,14.500215943955533,0.19070375293767913,1.6619271175127743,0.038561420630780704,24.88389506806441
12107,"Putnam County, Florida",73147,15803,17101,23503,15169,1571,22.885422505365906,44.98338961269772,70.6659193131639,15.768247501606353,0.3376761863097598,0.5509453566106607,0.02597509125459691,10.328516548867348
12109,"St. Johns County, Florida",265724,58196,61040,93072,47892,5524,20.10206078487453,44.87212295464467,80.93171862534058,5.126371724044497,0.10612515241378272,2.995589408559257,0.06736312865981244,7.6349896885490205
12111,"St. Lucie County, Florida",324599,64663,77669,104455,69558,8254,23.97173127458803,43.848563920406406,54.796533569111425,19.623597115209844,0.17375284581899514,1.9852186852085187,0.04497857356307321,20.016389452832573
12113,"Santa Rosa County, Florida",184345,40774,51177,62967,26745,2682,15.963004149827768,49.87984485611218,81.08166752556347,5.6698039002956415,0.24248013236051968,1.8270091404703137,0.15731373240391658,5.967072608424422
12115,"Sarasota County, Florida",429336,61439,77767,133427,133903,22800,36.49891926137105,32.42355637542624,81.99708386904429,4.163405817355172,0.1458065477854175,1.7450202172657312,0.02701846572381538,9.67936534555686
12117,"Seminole County, Florida",467382,98668,138725,157162,63816,9011,15.58190088621299,50.79207158170404,58.16312994509844,11.105690848171303,0.07766666238751171,4.7539271944576384,0.037656563581823864,22.48439178231083
12119,"Sumter County, Florida",127335,9129,14866,29962,66848,6530,57.62594730435465,18.84399418855774,84.43632936741666,6.901480347115876,0.20654179919111007,0.9840185337888248,0.003141320139788746,5.984214866297561
12121,"Suwannee County, Florida",43514,9387,10648,14652,7853,974,20.28542538033736,46.04265293928391,74.84487751068622,11.591671645907065,0.039067886197545615,0.36769775244748815,0,9.982993978949304
12123,"Taylor County, Florida",21762,4254,5717,7617,3547,627,19.180222406028857,45.8183990442055,70.74717397298042,22.13950923628343,0.009190331770976933,0.09649848359525778,0.266519621358331,4.2964801029317155
12125,"Union County, Florida",16141,3203,5081,5363,2333,161,15.451335109348863,51.32271854284121,69.03537575119262,18.09057679202032,0.7062759432501085,0.16108047828511243,0,5.8732420543956385
12127,"Volusia County, Florida",548783,97591,137690,179894,117361,16247,24.346235215012126,42.87323040254527,69.92290213071469,10.47208095002943,0.15197263763636992,1.7834007248766817,0.01585326076062852,15.09412645799888
12129,"Wakulla County, Florida",33144,6921,8177,13050,4677,319,15.073618151098238,45.5527395607048,78.62358194545016,13.444363987448709,0.29567945932898865,0.5219647598358678,0,4.027878349022448
12131,"Walton County, Florida",73456,15136,17872,26119,12952,1377,19.50691570463951,44.9357438466565,83.43634284469614,4.203877150947506,0.3743737747767371,0.8549335656719669,0,6.454203877150947
12133,"Washington County, Florida",24906,4819,7208,8574,3802,503,17.284991568296796,48.28956877860757,76.59198586685939,14.751465510318798,1.1603629647474505,0.8070344495302337,0,3.926764635027704
13001,"Appling County, Georgia",18509,4608,4665,6035,2845,356,17.294289264682046,50.099951375006754,68.26949051812632,19.676913933761952,0,0,0,10.124804149332757
13003,"Atkinson County, Georgia",8269,2190,2350,2581,1067,81,13.883178135203773,54.90385778207764,54.9885113072923,15.9753295440803,0,0,0,26.798887410811464
13005,"Bacon County, Georgia",11163,2879,3123,3407,1613,141,15.712622055003136,53.7669085371316,73.05383857386008,15.802203708680462,0,0.5195735913284959,0,8.546089760816985
13007,"Baker County, Georgia",2928,536,596,949,795,52,28.9275956284153,38.66120218579235,51.05874316939891,38.900273224043715,0.06830601092896176,7.274590163934426,0,0.1366120218579235
13009,"Baldwin County, Georgia",43876,8286,15746,12872,6307,665,15.890236119974473,54.772540796790956,52.05351444981311,41.298204029537786,0.07749111131370225,1.5338681739447535,0.2552648372686662,2.4888321633694956
13011,"Banks County, Georgia",18061,4095,4659,6275,2802,230,16.787553291622835,48.46907701677648,86.8667294169758,2.602292231880848,0.2491556392226344,1.223631028182271,0,7.413764464869055
13013,"Barrow County, Georgia",82138,21328,23771,26819,9238,982,12.44247485938299,54.90637707273126,68.18524921473617,12.302466580632593,0.13270349898950545,3.9786700430982007,0.007304779760890209,12.304901507219558
13015,"Bartow County, Georgia",107868,25985,30406,36383,13762,1332,13.99302851633478,52.2777839581711,75.65357659361442,9.921385396966663,0.025957651944969778,0.9595060629658472,0.09919531278970593,9.234434679422998
13017,"Ben Hill County, Georgia",17237,4291,4393,5571,2645,337,17.299994198526427,50.379996519115856,54.75430759412891,37.210651505482396,0,0.23786041654580264,0,6.468643035330974
13019,"Berrien County, Georgia",18195,4453,4763,5779,2842,358,17.587249244297883,50.65127782357791,80.92333058532564,9.760923330585326,0.1978565539983512,1.12118713932399,0.2912888156086837,5.46303929651003
13021,"Bibb County, Georgia",156711,38310,47730,46349,21092,3230,15.520288939512861,54.903612382028065,36.86722693365495,54.20232147073275,0.09890818130188692,2.172151284849181,0.034458334130979956,3.5696281690500347
13023,"Bleckley County, Georgia",12562,2425,4073,3894,1983,187,17.27431937589556,51.72743193758956,67.80767393727113,27.814042349944277,0,0.3582232128641936,0,3.3513771692405667
13025,"Brantley County, Georgia",18072,4354,4480,6322,2619,297,16.13545816733068,48.88224878264719,91.37892872952634,2.0971668880035415,0.099601593625498,0.6529437804338203,0,2.4623727312970343
13027,"Brooks County, Georgia",16254,3610,4057,5483,2783,321,19.096837701488866,47.16992740248554,55.08182601205857,35.20364218038637,0,0.7075181493786145,0,6.232312046265535
13029,"Bryan County, Georgia",43278,12785,12872,13072,4111,438,10.511114191968206,59.284162854106015,71.32261195064467,14.004806137067332,0.1455704977124636,1.6336244743287582,0.04852349923748787,7.858496233652202
13031,"Bulloch County, Georgia",79635,15979,34306,20245,8246,859,11.433414955735543,63.14434607898537,62.81785647014504,27.755383939222703,0.10673698750549382,1.4001381302191247,0.29635210648584165,4.297105544044704
13033,"Burke County, Georgia",24231,6191,6450,7789,3592,209,15.686517271264083,52.16870950435393,47.57954686145846,46.20114729066072,0,0.5199950476662127,0,3.4583797614625893
13035,"Butts County, Georgia",24950,5066,7773,8138,3706,267,15.923847695390782,51.45891783567134,65.47094188376754,27.88376753507014,0.08016032064128256,0.3366733466933868,0,3.5511022044088176
13037,"Calhoun County, Georgia",5668,965,1842,1979,787,95,15.561044460127029,49.52364149611856,32.32180663373324,61.679604798870855,0,0,0,5.081157374735357
13039,"Camden County, Georgia",54256,13227,18452,15223,6744,610,13.55426127985845,58.388012385726924,69.3582276614568,17.887422589206725,0.48473901503981126,1.8799764081391919,0.11058684753759952,7.2563403125921555
13043,"Candler County, Georgia",10885,2769,2422,3721,1729,244,18.12586127698668,47.68948093706936,59.67845659163987,22.333486449242077,0.10105649977032613,0.8543867707854846,0,12.00734956361966
13045,"Carroll County, Georgia",118402,28248,38563,35563,14660,1368,13.53693349774497,56.42725629634634,68.52418033479164,19.790206246516107,0.19594263610411985,0.8344453640985794,0,7.2152497424029995
13047,"Catoosa County, Georgia",67579,15375,17469,22848,10590,1297,17.58978380857959,48.600896728273575,89.99541277615828,2.093845721303955,0.08730522795542994,1.6158865919886356,0.054750736175439116,3.2006984418236435
13049,"Charlton County, Georgia",12416,2294,3831,4309,1845,137,15.963273195876289,49.331507731958766,60.98582474226804,27.33569587628866,0.8295747422680413,0.8456829896907216,0,6.668814432989691
13051,"Chatham County, Georgia",294815,62392,98331,88119,41243,4730,15.59384698878958,54.516561233315805,47.289995420857146,39.735088106100434,0.15738683581228907,2.779370113460984,0.11973610569340094,6.653664162271255
13053,"Chattahoochee County, Georgia",9533,1899,6013,1328,278,15,3.073534039651736,82.99590894786532,55.32361271373125,18.97618797860065,0,2.9791251442358124,0.7342914087905171,16.86772264764502
13055,"Chattooga County, Georgia",24898,5607,6829,8080,3709,673,17.599807213430797,49.94778697084103,82.16322596192465,9.6794923287011,0.06024580287573299,0.05221302915896859,0,5.522531930275524
13057,"Cherokee County, Georgia",262155,63361,69674,92079,34166,2875,14.129427247239228,50.746695657149395,77.07386851290268,7.06452289675955,0.02822757528942801,1.8401327458946044,0.047300261295798285,10.919112738646984
13059,"Clarke County, Georgia",128195,22150,61452,30349,12892,1352,11.111197784624986,65.21471196224502,54.78684816100472,27.51667381723156,0.046023635867233514,3.8776863372206405,0.03432271149420804,10.976247123522759
13061,"Clay County, Georgia",2883,553,554,994,684,98,27.124523066250433,38.397502601456814,41.03364550815123,56.33021158515435,0,1.6996184530003469,0,0.3815469996531391
13063,"Clayton County, Georgia",294335,81966,94202,90105,26205,1857,9.534034348616373,59.85288871523944,9.116482919122769,69.41953896070804,0.0842577335349177,5.021489119540659,0.12944434063227275,13.327670851240933
13065,"Clinch County, Georgia",6737,1722,1784,2216,931,84,15.066053139379546,52.04096778981743,64.45005195190738,25.545495027460294,2.10776309930236,0.1781208252931572,0,6.234228885260502
13067,"Cobb County, Georgia",762500,178580,234698,254097,86060,9065,12.475409836065573,54.20039344262295,50.141639344262295,26.87816393442623,0.08104918032786886,5.421114754098361,0.04039344262295082,13.269901639344262
13069,"Coffee County, Georgia",43048,10564,12180,14205,5617,482,14.167905593755808,52.83404571640959,57.36619587437279,28.614569782568296,0.07665861364058725,0.8711206095521279,0,12.019141423527225
13071,"Colquitt County, Georgia",45800,11972,12968,13842,6460,558,15.323144104803493,54.45414847161572,54.77292576419214,23.353711790393014,0.2074235807860262,0.7860262008733624,0,19.80349344978166
13073,"Columbia County, Georgia",154274,39300,42989,50666,19179,2140,13.818919584635129,53.33951281486187,66.76756938952772,16.794793678779314,0.06806072312897832,4.011045283067788,0,7.148320520632122
13075,"Cook County, Georgia",17188,4387,4754,5322,2499,226,15.85408424482197,53.18245287409821,63.910868047474985,26.768675820339773,0,0.6923434954619502,0,6.050733069583431
13077,"Coweta County, Georgia",144928,35047,39601,50024,18919,1337,13.97659527489512,51.50695517774343,70.11481563258998,17.457634135570768,0.16490947228968866,2.0272135129167586,0.001379995584014131,7.32225656877898
13079,"Crawford County, Georgia",12159,2590,2879,4435,2052,203,18.545933053705074,44.97902788058229,72.95830249198124,21.070811744386873,0.04934616333580064,0.616827041697508,0,3.7174109712969816
13081,"Crisp County, Georgia",20524,4886,5247,6497,3424,470,18.97290976417852,49.37146755018515,49.20093549015787,45.67335801987917,0,0.12668095887741182,0,3.7419606314558567
13083,"Dade County, Georgia",16313,3234,4581,5380,2677,441,19.113590388034083,47.90657757616625,92.65616379574573,0.8949917243915896,0,0.729479556182186,0.01839024091215595,2.476552442837001
13085,"Dawson County, Georgia",26202,5235,6628,9144,4822,373,19.826730783909625,45.27516983436379,90.21067094114953,0.8548965727807037,0.09541256392641784,0.7861995267536829,0,5.358369590107626
13087,"Decatur County, Georgia",29020,7144,8216,8987,4051,622,16.102687801516197,52.929014472777396,49.620951068228806,41.36802205375603,0.2929014472777395,0.4514128187456926,0,6.430048242591316
13089,"DeKalb County, Georgia",758634,175315,247198,240528,84840,10753,12.600674369986054,55.693918279433824,29.083194267591487,52.439516288486935,0.12245694234637519,6.072625271211151,0.06867606777444724,8.50858253123377
13091,"Dodge County, Georgia",20089,3915,5835,6656,3395,288,18.33341629747623,48.53402359500224,63.76624023097217,29.976604111702922,0.21902533724924086,0.33849370302155407,0,3.917566827617104
13093,"Dooly County, Georgia",11546,1971,3297,3935,2118,225,20.29274207517755,45.62619088861943,42.21375368092846,49.22917027542006,0.034644032565390614,0,0,7.136670708470466
13095,"Dougherty County, Georgia",86825,20682,27309,25020,12114,1700,15.910164123236395,55.27325079182263,24.224589691909014,69.49380938669738,0.11747768499856032,0.8615030233227757,0.004606968039159228,3.0348401957961415
13097,"Douglas County, Georgia",143520,37221,40568,48986,14746,1999,11.66736343366778,54.20080824972129,36.96279264214047,47.35507246376812,0.07037346711259755,1.7725752508361203,0.003483835005574136,10.296125975473801
13099,"Early County, Georgia",10813,2668,2685,3414,1796,250,18.921668362156662,49.50522519189864,44.2152964024785,52.37214464071025,0.18496254508462037,0,0,2.3120318135577547
13101,"Echols County, Georgia",3691,844,972,1294,508,73,15.74099160119209,49.200758602004875,58.412354375507995,3.0885938769981034,0.270929287455974,1.5172040097534543,0,29.368734760227582
13103,"Effingham County, Georgia",63448,16909,18258,20794,6862,625,11.800214348758038,55.42649098474341,75.98978691211701,13.562287227335771,0.21434875803807843,0.6777203379145127,0.1245114109191779,5.108120035304501
13105,"Elbert County, Georgia",19453,4236,4729,6506,3571,411,20.469850408677324,46.085436693569115,62.34513956716188,28.216727497044158,0.38554464607001493,1.0126972703439059,0,6.071043026782501
13107,"Emanuel County, Georgia",22739,5717,6365,7048,3340,269,15.871410352258234,53.13338317428207,58.986762830379526,32.169400589295925,0.36501165398654295,0.18470469237873258,0,4.731958309512292
13109,"Evans County, Georgia",10761,2873,2993,3245,1472,178,15.33314747700028,54.511662484899176,55.97063469937738,28.380262057429608,0.17656351640182139,0.882817582009107,0,11.987733482018399
13111,"Fannin County, Georgia",25198,4112,4754,8991,6791,550,29.133264544805144,35.18533216921978,93.45186125883006,0.31351694578934836,0.01587427573616954,0.4563854274148742,0,2.6271926343360583
13113,"Fayette County, Georgia",117828,27311,26446,42317,19428,2326,18.46250466782089,45.62328139321723,59.4179651695692,23.83898564008555,0.032250398886512543,4.586346199545099,0.13069898496112978,7.52622466646298
13115,"Floyd County, Georgia",98210,22686,28652,30783,14169,1920,16.38224213420222,52.273699215965785,70.15578861623052,13.997556257000305,0.0794216474900723,1.2432542510945932,0,11.626107321046737
13117,"Forsyth County, Georgia",245754,66774,60140,89581,26982,2277,11.905808247271661,51.642699610179285,67.87763373129226,3.6516190987735704,0.10579685376433344,15.319384425075482,0,9.544096942470926
13119,"Franklin County, Georgia",23256,5118,6210,7589,3827,512,18.657550739594083,48.710010319917444,82.6281389748882,8.784829721362229,0.16769865841073273,1.431888544891641,0,5.11265909872721
13121,"Fulton County, Georgia",1054286,228118,366011,336221,110119,13817,11.755443968714372,56.35368391499081,38.947685922036335,43.02039484542145,0.12102977749870529,7.447220204005364,0.023523028855547735,7.224605088182903
13123,"Gilmer County, Georgia",31047,5969,6700,10588,7244,546,25.09099107804297,40.805874963764616,85.10000966276935,0.32209231165652075,0.1674880020613908,0.30598769607369475,0.009662769349695623,12.068798917769833
13125,"Glascock County, Georgia",2903,642,668,1113,452,28,16.5346193592835,45.125732001377884,86.97898725456425,10.196348604891492,0,0,0.03444712366517396,1.7568033069238718
13127,"Glynn County, Georgia",84373,18260,21479,27348,15234,2052,20.487596743033908,47.099190499330355,63.15171915186138,25.177485688549655,0.30815545257369065,1.4755905325163263,0.09126142249297761,6.733196638735141
13129,"Gordon County, Georgia",57274,13816,16070,19007,7605,776,14.633166882005797,52.180745189789434,76.6543283165136,2.931522156650487,0.17634528756503823,1.0720396689597373,0.09428361909417886,16.496141355588925
13131,"Grady County, Georgia",26076,6455,6706,8149,4171,595,18.27734315079,50.471698113207545,57.87697499616505,28.229022856266297,0.3029605767755791,0.38349440098174564,0,11.738763614051235
13133,"Greene County, Georgia",18461,3385,3998,5669,5028,381,29.29960457180001,39.99241644547966,58.16586317100916,32.890959319646825,0,1.083364931477168,0.021667298629543363,6.391853095715292
13135,"Gwinnett County, Georgia",948505,255171,278094,318568,88370,8302,10.192039050927512,56.22163299086457,35.06317837017201,27.594688483455542,0.18123257125687267,12.281326930274485,0.022667250040853765,21.60104585637398
13137,"Habersham County, Georgia",45767,10344,13115,13953,7434,921,18.255511613171063,51.2574562457666,75.71394236021588,3.2665457644154086,0.14857867022090152,2.0320318133152706,0.030589726221950313,16.042126422968515
13139,"Hall County, Georgia",201703,50592,56346,64425,27316,3024,15.041918067653928,53.01755551479155,59.525143403915656,6.8204240888831595,0.08428233590972867,1.8487578271022245,0.01041134737708413,28.954948612564017
13141,"Hancock County, Georgia",8652,1171,2533,2927,1766,255,23.358760980120202,42.81091077207582,24.676375404530745,73.50901525658807,0,0.03467406380027739,0.13869625520110956,1.2713823393435044
13143,"Haralson County, Georgia",29685,7054,7803,10140,4313,375,15.792487788445342,50.04884621862894,90.05895233282803,4.830722587165235,0.01010611419909045,0.3233956543708944,0,2.0549098871483915
13145,"Harris County, Georgia",34316,7408,8400,12196,6030,282,18.393752185569415,46.06597505536776,76.16563702063178,15.739013871080546,0.11364960951159808,0.6003030656253643,0.008742277654738315,4.082643664762793
13147,"Hart County, Georgia",25808,5395,6207,8367,5421,418,22.624767513949163,44.95505269683819,74.2909175449473,19.358338499690017,0.03874767513949163,1.0539367637941723,0,3.7701487910725358
13149,"Heard County, Georgia",11440,2627,2826,4117,1694,176,16.346153846153847,47.66608391608391,84.6590909090909,9.86013986013986,0,0.8391608391608392,0.13111888111888112,2.797202797202797
13151,"Henry County, Georgia",236615,60543,66743,81572,24598,3159,11.730870823912262,53.794560784396594,39.348731061006276,46.0697757961245,0.0845254950024301,3.266065126893899,0,7.336390338735921
13153,"Houston County, Georgia",161177,41523,48449,50884,18565,1756,12.607878295290272,55.821860439144544,54.841571688268175,31.148985277055658,0.24197000812771052,3.34166785583551,0.1520067999776643,6.665343070041011
13155,"Irwin County, Georgia",9615,2050,2741,3047,1629,148,18.481539261570465,49.82839313572543,66.56266250650026,27.5195007800312,0.062402496099843996,0.5824232969318772,0,4.097763910556422
13157,"Jackson County, Georgia",73839,18821,20067,24434,9722,795,14.243150638551443,52.66593534581996,79.73157816330124,7.336231530762876,0.010834382914178145,1.8445536911388292,0.02844025514971763,8.614688714635896
13159,"Jasper County, Georgia",14478,3406,3435,5127,2323,187,17.336648708385137,47.2510015195469,74.46470506976101,18.36579638071557,0.04834921950545656,0.19339687802182623,0,4.0544274071004285
13161,"Jeff Davis County, Georgia",14753,3900,3508,5144,1988,213,14.918999525520233,50.21351589507219,70.61614586863689,13.08886328204433,0,0.4880363315935742,0,12.64149664475022
13163,"Jefferson County, Georgia",15708,3705,4020,5114,2520,349,18.264578558696204,49.17876241405653,41.60937102113573,52.2217978100331,0.1400560224089636,0.30557677616501144,0,3.97886427298192
13165,"Jenkins County, Georgia",8693,1822,2147,3068,1417,239,19.049810192108595,45.657425514782005,58.886460370412976,31.542620499252273,0,0.8167491084780858,0,7.753364776256758
13167,"Johnson County, Georgia",9272,1757,2624,3110,1513,268,19.2083692838654,47.24978429680759,61.259706643658326,33.56341673856773,0,0.15099223468507333,0,2.6962899050905955
13169,"Jones County, Georgia",28297,6500,7525,9324,4544,404,17.48595257447786,49.56355797434357,70.62939534226243,24.40894794501184,0.06361098349648373,0.551295190302859,0,1.918931335477259
13171,"Lamar County, Georgia",18482,3854,5891,5530,3019,188,17.352018179850667,52.72697759982686,65.17151823395736,27.929877718861594,0,0.5843523428200411,0,2.6945135807813005
13173,"Lanier County, Georgia",9874,2321,3050,3188,1117,198,13.317804334616163,54.39538181081628,67.3485922625076,22.64533117277699,0.10127607859023699,1.0633988251974884,0,6.704476402673689
13175,"Laurens County, Georgia",49202,12300,12522,15812,7532,1036,17.413926263160032,50.449168732978336,57.03833177513109,38.362261696679,0.22356814763627494,0.2987683427502947,0.016259501646274543,2.7864720946302994
13177,"Lee County, Georgia",32547,8596,9156,10578,3891,326,12.956647310043936,54.54266138200141,69.81288598027469,22.30005837711617,0.12289919193781301,2.691492303438105,0.09524687375180509,3.1585092328017943
13179,"Liberty County, Georgia",64334,18119,24687,15519,5660,349,9.34031771691485,66.5371343302142,37.8431311592626,40.47626449466845,0.35906363664625235,1.905679733888768,0.4958497839400628,12.62784841607859
13181,"Lincoln County, Georgia",7686,1492,1538,2802,1710,144,24.12177985948478,39.422326307572206,66.95290137913089,28.961748633879782,0.052042674993494666,0.078064012490242,0,2.09471766848816
13183,"Long County, Georgia",16398,4532,5528,4899,1343,96,8.775460422002682,61.348944993291866,56.40931820953775,22.764971337968046,0.20734235882424687,0.9330406147091108,0.676911818514453,11.355043297963165
13185,"Lowndes County, Georgia",117437,28589,43716,30663,13003,1466,12.320648517928761,61.56918177405758,52.68271498761038,37.03177022573806,0.2026618527380638,1.4254451322836925,0.08259747779660584,6.015140032528079
13187,"Lumpkin County, Georgia",33188,5817,11941,9521,5306,603,17.80462817885983,53.507291792214055,90.1319754127998,1.4794504037603953,0.58756176931421,1.5397131493310836,0.01807882367120646,5.059057490659274
13189,"McDuffie County, Georgia",21727,5255,5923,6702,3414,433,17.706079992635892,51.44750770930179,53.01698347678004,40.9260367284945,0,0.5108850738712202,0,3.355272241910986
13191,"McIntosh County, Georgia",11291,1783,2696,3769,2856,187,26.950668674165264,39.668762731378976,62.111416172172525,32.24692232751749,0.14170578336728368,1.425914445133292,0,2.4532813745460986
13193,"Macon County, Georgia",12330,2249,3918,4028,1976,159,17.31549067315491,50.01622060016221,32.587185725871855,60.55961070559611,0.016220600162206,0.8272506082725061,0,4.387672343876724
13195,"Madison County, Georgia",29906,6958,7901,9928,4691,428,17.11696649501772,49.68568180298268,80.33504982277803,8.657125660402595,0.07356383334447937,1.3341804320203303,0,6.122517220624624
13197,"Marion County, Georgia",7563,1580,1670,2754,1464,95,20.613513156154966,42.97236546344043,58.098638106571464,30.10710035700119,0.10577813037154568,1.758561417426947,0,8.012693375644586
13199,"Meriwether County, Georgia",20659,4407,5265,6773,3691,523,20.39788953966794,46.81736773319135,56.691998644658504,39.11128321796796,0.1936202139503364,0.3727189118543976,0.053245558836342514,2.502541265308098
13201,"Miller County, Georgia",5984,1376,1305,2038,1064,201,21.139705882352942,44.80280748663102,67.078877005347593,27.573529411764707,1.052807486631016,0.3175133689839572,0.30080213903743314,2.9745989304812834
13205,"Mitchell County, Georgia",21940,4961,6316,6962,3419,282,16.86873290793072,51.399270738377396,45.569735642661804,46.41750227894257,0.22789425706472197,0.15952597994530537,0.3099361896080219,4.890610756608933
13207,"Monroe County, Georgia",27825,5816,7232,9656,4669,452,18.40431266846361,46.893081761006286,72.57142857142857,22.371967654986523,0.28751123090745734,0.8876909254267745,0,2.4007187780772687
13209,"Montgomery County, Georgia",8701,1781,2731,2721,1363,105,16.871623951269967,51.856108493276636,65.77404895988967,25.410872313527182,0,0.6321112515802781,0,7.01068842661763
13211,"Morgan County, Georgia",19694,4535,4741,6533,3570,315,19.726820351376055,47.100639788768156,72.68711282624149,21.483700619478014,0.09139839545039098,0.1269422159033208,0,3.1938661521275513
13213,"Murray County, Georgia",39853,9825,10554,13697,5335,442,14.495771961960203,51.13542267834291,81.03279552354904,0.7000727674202695,0.0451659849948561,0.5118811632750357,0,15.489423631847037
13215,"Muscogee County, Georgia",204366,50973,67329,58577,23735,3752,13.449888924772223,57.887319808578724,39.15181585978098,45.41117407005079,0.13896636426802894,2.609533875497881,0.1414129551882407,7.877533444897879
13217,"Newton County, Georgia",111262,28950,32346,35427,13158,1381,13.067354532544805,55.09158562671892,43.65192069170067,45.178946989987594,0.10695475544210961,1.278064388560335,0.058420664737286764,6.0487857489529215
13219,"Oconee County, Georgia",41006,10925,9438,14341,5634,668,15.368482661073989,49.658586548310005,83.45851826561966,3.5799639077208214,0.22923474613471198,3.843339999024533,0.0609666878017851,5.613812612788372
13221,"Oglethorpe County, Georgia",14779,3115,4041,4941,2512,170,18.147371270045333,48.42005548413289,74.90357940320726,17.348941065024697,0,0.41274781784965153,0,5.358955274375804
13223,"Paulding County, Georgia",165688,43358,48781,55596,16568,1385,10.835425619236155,55.60994157693979,67.5673555115639,20.058785186615808,0.08268552942880594,1.1630293080971466,0,7.109144898846024
13225,"Peach County, Georgia",27822,5895,8583,8903,3876,565,15.962188196391345,52.03795557472504,45.29509021637553,44.50075479836101,0.053914168643519514,0.3019193444037093,0,8.004456904607864
13227,"Pickens County, Georgia",32814,6504,7690,11491,6690,439,21.72548302553788,43.255927348083134,86.07911257390138,1.2799414883891023,0.7344426159566039,0.2864630950204181,0,3.2029012007070152
13229,"Pierce County, Georgia",19644,4908,4942,6381,3242,171,17.37426186112808,50.142537161474245,83.94420688250865,10.003054367745877,0.4276114844227245,0,0,5.060069232335573
13231,"Pike County, Georgia",18754,4425,4888,6570,2542,329,15.3087341367175,49.658739468913296,86.74949344139917,8.574170843553375,0.021328783192918845,0.2719419857097153,0,1.7702890050122642
13233,"Polk County, Georgia",42692,10865,11419,13815,6168,425,15.443174365220651,52.197132952309566,71.51222711515038,12.161529092101565,0.04216246603579125,0.6418064274337112,0,13.52946687904057
13235,"Pulaski County, Georgia",10001,1750,3228,2962,1949,112,20.607939206079394,49.77502249775023,55.2944705529447,39.18608139186082,0.14998500149985,0.36996300369963003,0,4.129587041295871
13237,"Putnam County, Georgia",21870,4369,4695,7538,5030,238,24.087791495198903,41.444901691815275,65.05715592135346,26.748971193415638,0,0.205761316872428,0,6.2414266117969825
13239,"Quitman County, Georgia",2249,282,513,762,644,48,30.76923076923077,35.34904401956425,40.55135615829258,52.28990662516674,0,2.6233881725211203,0,1.4228546020453534
13241,"Rabun County, Georgia",16731,2819,3650,5535,4229,498,28.25294363755902,38.664754049369435,87.78315701392624,0.9682625067240452,0,0.5737851891698046,0,7.895523280138665
13243,"Randolph County, Georgia",6503,1740,1624,1803,1144,192,20.544364139627863,51.72997078271567,30.939566353990465,64.03198523758266,0,0.10764262648008611,0,3.2907888666769183
13245,"Richmond County, Georgia",205772,47251,69891,59637,25909,3084,14.089866454133702,56.92805629531715,33.349532492273,54.96569018136579,0.12489551542483915,1.515269327216531,0.07046634138755516,5.173201407382929
13247,"Rockdale County, Georgia",92983,22849,25580,31083,12288,1183,14.487594506522697,52.083714227331875,28.492305045008226,55.59295785251067,0.2634890248755149,1.896045513696052,0.17099899981717087,10.330920705935494
13249,"Schley County, Georgia",4622,1053,1313,1561,590,105,15.036780614452617,51.18996105581999,68.17395067070532,25.356988316745998,0,0,0,4.089138900908697
13251,"Screven County, Georgia",14028,2974,3656,4722,2456,220,19.076133447390934,47.26261762189906,54.790419161676645,41.039349871685204,0.014257199885942401,1.0193897918448818,0,2.5306529797547763
13253,"Seminole County, Georgia",9108,1815,2013,3178,1976,126,23.07861220904699,42.028985507246375,61.758893280632414,32.45498462889767,0,0.8124725516029864,0,3.5133948177426437
13255,"Spalding County, Georgia",66722,15800,18281,20503,10867,1271,18.19190072240041,51.07910434339498,56.786367315128444,34.1941188813285,0.30874374269356436,0.876772279008423,0,5.010341416624202
13257,"Stephens County, Georgia",26641,5787,7254,8377,4625,598,19.605119927930634,48.95086520776247,81.708644570399,10.757854434893584,0.08633309560451935,1.1035621785968994,0.011260838557111219,3.8774820764986297
13259,"Stewart County, Georgia",5347,613,2446,1528,593,167,14.213577707125491,57.2096502711801,21.71311015522723,58.74322049747522,0.14961660744342622,3.1793529081728074,0,14.77463998503834
13261,"Sumter County, Georgia",29690,6735,8846,9067,4488,554,16.982148871673964,52.47894914112496,38.96598181205793,51.32367800606265,0,1.3742000673627484,0.006736274840013472,5.985180195351971
13263,"Talbot County, Georgia",5837,966,1264,2139,1344,124,25.14990577351379,38.20455713551482,40.62018160013706,56.467363371595,0.05139626520472845,0.565358917252013,0,0.6510193592598937
13265,"Taliaferro County, Georgia",1574,198,387,540,340,109,28.52604828462516,37.16645489199492,34.3710292249047,55.717916137229984,0,0,0.3176620076238882,4.066073697585769
13267,"Tattnall County, Georgia",23211,4754,7718,7457,2883,399,14.139847486105726,53.73314376804102,56.193184266080735,27.969497221145147,0.16802378182758174,0.3963637930291672,0.02154151049071561,12.244194562922752
13269,"Taylor County, Georgia",7857,1600,2005,2633,1368,251,20.60582919689449,45.88265241186203,57.59195621738577,39.97709049255441,0,0.2545500827287769,0,0.8272877688685248
13271,"Telfair County, Georgia",12860,2611,3618,4409,1994,228,17.278382581648522,48.43701399688958,48.80248833592535,35.19440124416796,0.038880248833592534,0.1166407465007776,0,15.287713841368586
13273,"Terrell County, Georgia",9102,2103,2373,2864,1514,248,19.35838277301692,49.17600527356625,35.83827730169194,56.50406504065041,0,4.0980004394638545,0,2.856515051637003
13275,"Thomas County, Georgia",45669,10875,11992,14615,7374,813,17.92682125730802,50.071164247082265,57.61238476866146,36.03100571503646,0.3240710328669338,0.66565941886181,0.02189669140992796,3.8187829818914363
13277,"Tift County, Georgia",41148,10229,12366,12508,5412,633,14.690871974336542,54.91153883542335,54.583454845922034,29.13142801594245,0.16525712063769807,1.1422183338193836,0.002430251774083795,12.340818508797511
13279,"Toombs County, Georgia",26956,7134,7053,8257,3899,613,16.73838848493842,52.63021219765544,59.15566107731117,25.69372310431815,0.10016322896572191,0.84953257159816,0,11.789583024187564
13281,"Towns County, Georgia",12300,1549,3142,3469,3677,463,33.65853658536585,38.13821138211382,93.4959349593496,1.8617886178861789,0.04878048780487805,0.36585365853658536,0,2.983739837398374
13283,"Treutlen County, Georgia",6410,1621,1593,1981,1115,100,18.954758190327613,50.14040561622465,70.23400936037442,27.753510140405616,0.078003120124805,0.40561622464898595,0,0.8892355694227769
13285,"Troup County, Georgia",69483,17047,20636,21441,8932,1427,14.908682699365313,54.23340961098398,55.41643279651138,36.63486032554726,0.1122576745390959,2.232200682181253,0,3.7894161161723012
13287,"Turner County, Georgia",8856,2189,2290,2784,1505,88,17.98780487804878,50.575880758807585,53.3423667570009,37.80487804878049,0,0.36133694670280037,0,4.968383017163505
13289,"Twiggs County, Georgia",8034,1554,1815,2841,1721,103,22.70351008215086,41.93427931292009,54.99128703012198,41.436395319890465,0.4854368932038835,0.5725665919840677,0,0.846402788150361
13291,"Union County, Georgia",24183,3767,4289,8117,7049,961,33.12244138444362,33.31265765206964,93.31348467932018,0.6947028904602407,0.18608113137327875,0.2687838564280693,0,3.6389199024107843
13293,"Upson County, Georgia",27424,6450,6556,9458,4349,611,18.08634772462077,47.42561260210035,66.79186114352392,28.41306884480747,0.22243290548424738,0.22607934655775963,0.477683780630105,2.384772462077013
13295,"Walker County, Georgia",67772,14625,17698,22901,11178,1370,18.515020952605795,47.69373782683114,90.29835330224871,3.904267249011391,0.11361624269609868,0.6905506698931713,0.013279820574868678,2.5128371598890396
13297,"Walton County, Georgia",95453,23438,25359,31802,13237,1617,15.561585282809341,51.12149434800373,72.72270122468649,18.355630519732223,0.022000356196243177,1.4698333211109131,0.022000356196243177,4.996176128565891
13299,"Ware County, Georgia",36084,8865,10122,11005,5397,695,16.882828954661345,52.618889258397076,62.47090123046225,30.22392195987141,0.3768983482984148,1.1750360270479991,0.08036803015186786,4.342644939585412
13301,"Warren County, Georgia",5218,1076,1288,1694,1055,105,22.230739747029514,45.304714449980835,37.964737447297814,60.36795707167497,0,0.15331544653123802,0,0
13303,"Washington County, Georgia",20052,4334,5195,6902,3327,294,18.05804907241173,47.5214442449631,42.125473768202674,51.924995012966285,0.04987033712347896,0.6533014163175743,0,2.633153800119689
13305,"Wayne County, Georgia",30118,7334,8122,9868,4421,373,15.917391593067268,51.318148615445914,70.75503021448968,18.238262832857426,0.1693339531177369,2.4902051929078954,0.019921641543263164,6.521017331828142
13307,"Webster County, Georgia",2372,522,694,730,387,39,17.959527824620572,51.264755480607086,41.06239460370995,38.99662731871838,0.3372681281618887,0,0,17.074198988195615
13309,"Wheeler County, Georgia",7568,1269,2926,2254,969,150,14.785940803382664,55.43076109936575,55.78752642706131,33.94556025369979,0.09249471458773785,0,0,9.43446088794926
13311,"White County, Georgia",27886,5454,6901,9199,5836,496,22.70673456214588,44.30538621530517,90.70142723947501,1.7499820698558417,0.2187477587319802,0.5988668148891917,0.0035860288316718067,3.378039159434842
13313,"Whitfield County, Georgia",103076,26759,30070,31951,12856,1440,13.869377934727774,55.13310566960301,57.17819861073383,3.4120454810043075,0.13485195389809462,1.544491443206954,0.004850789708564555,36.19950327913384
13315,"Wilcox County, Georgia",8841,1684,2612,3062,1340,143,16.774120574595635,48.59178825924669,58.92998529578102,34.35131772423934,0.12442031444406741,0,0.011310937676733402,4.818459450288429
13317,"Wilkes County, Georgia",9643,2016,2256,3139,1978,254,23.146323758166545,44.30156590272737,51.35331328424764,40.73421134501711,0.1451830343254174,0,0,5.402882920253033
13319,"Wilkinson County, Georgia",8931,2043,2034,3118,1485,251,19.437912887694548,45.64998320456836,55.436121374986,38.48393237039525,0.06718172657037286,0,0,3.056768558951965
13321,"Worth County, Georgia",20824,4606,4985,7218,3532,483,19.280637725701116,46.05743373031118,67.50384172109105,27.52112946600077,0.13926238955051864,0.8163657318478679,0.028812908182865925,2.3194391087207067
15001,"Hawaii County, Hawaii",200468,43198,50062,64467,38606,4135,21.320609773130872,46.521140531157094,29.803260370732485,0.7078436458686673,0.10625137179001137,21.449807450565675,11.285092882654588,13.464991918909751
15003,"Honolulu County, Hawaii",1015167,216071,312828,305636,150503,30129,17.793328585346057,52.09970379257797,17.74643974833697,2.328483884917457,0.16076172688828538,41.55641387082125,9.51567574596101,10.22472164678324
15005,"Kalawao County, Hawaii",48,1,13,24,6,4,20.833333333333332,29.166666666666668,22.916666666666668,4.166666666666667,16.666666666666668,18.75,16.666666666666668,8.333333333333334
15007,"Kauai County, Hawaii",73247,15963,18273,24142,13163,1706,20.29980750064849,46.74048083880569,29.29130203284776,0.520157822163365,0.21570849318060809,29.812825098638854,8.487719633568611,11.58545742487747
15009,"Maui County, Hawaii",164568,35787,42401,55843,27290,3247,18.555855330319382,47.51105925817899,29.682562831170095,0.6568713237081328,0.1914102377132857,28.768047250984395,10.649093383889943,11.824899129842983
16001,"Ada County, Idaho",485246,113471,146822,153778,64526,6649,14.6678179727396,53.64145196457055,83.40305741829917,1.201452459165042,0.40680397159378956,2.5430400250594545,0.20154725644312368,8.697238101911196
16003,"Adams County, Idaho",4321,695,793,1544,1209,80,29.83105762554964,34.43647303864846,90.92802591992594,0.1388567461235825,1.2034251330710484,0,0,4.096274010645684
16005,"Bannock County, Idaho",86362,22549,26865,24572,11111,1265,14.330376786086473,57.21729464347746,82.47145735392881,0.6461175053843126,2.2695166855793056,1.7901391815844931,0.1169495843079132,9.220490493504087
16007,"Bear Lake County, Idaho",6327,1741,1524,1795,1142,125,20.02528844634108,51.60423581476213,92.28702386597124,0.2212739054844318,0.2844950213371266,0.2844950213371266,0,4.472893946578157
16009,"Benewah County, Idaho",9509,2149,2052,3160,1996,152,22.589126091071616,44.17919865390682,84.03617625407509,0.8097591755179304,7.035440109370071,0.11567988221684719,0.3470396466505416,4.322221053738564
16011,"Bingham County, Idaho",47540,14626,12495,13770,5904,745,13.98611695414388,57.04880100967606,73.32562053007993,0.12831299957930165,4.955826672275978,0.4648716870004207,0.054690786705931846,18.348758939840135
16013,"Blaine County, Idaho",23868,5221,5615,8463,4195,374,19.142785319255907,45.399698340874814,71.67337020278197,0.49438578850343556,0.7331992626110273,0.8086140439081616,0.004189710072063013,23.382771912183678
16015,"Boise County, Idaho",7549,1192,1441,2948,1764,204,26.069678103060006,34.87879189296596,88.28983971386938,0.2384421777718903,0.10597430123195126,1.7485759703271957,0,5.232481123327593
16017,"Bonner County, Idaho",46481,9206,9651,16033,10435,1156,24.937071061293864,40.56926486091091,91.314730750199,0.23880725457713906,0.7271788472709279,0.6647877627417654,0.15490200296895507,3.5627460682859664
16019,"Bonneville County, Idaho",121771,37500,35237,33160,14041,1833,13.035944518809897,59.73261285527753,81.8232584112802,0.3268430085981063,0.4196401442051063,0.84174392917854,0.13385781507912392,13.62968194397681
16021,"Boundary County, Idaho",11966,2802,2521,3935,2443,265,22.630787230486376,44.4843723884339,88.83503259234497,0.2256393113822497,1.395620925956878,1.278622764499415,0.9610563262577302,5.264917265585827
16023,"Butte County, Idaho",2573,590,562,871,472,78,21.37582588418189,44.77263894286825,90.67236688690245,0,0,0,0,6.490478041197046
16025,"Camas County, Idaho",1044,299,197,392,152,4,14.942528735632184,47.509578544061306,88.69731800766283,0,0,0,0,7.2796934865900385
16027,"Canyon County, Idaho",227367,63837,67751,64598,28222,2959,13.713951452937321,57.87471356881166,68.6823505609873,0.5242625359001086,0.4393777461109132,0.7151433585348798,0.15921395805020078,25.68666517128695
16029,"Caribou County, Idaho",7003,1994,1792,2051,1064,102,16.65000713979723,54.062544623732684,90.88961873482793,0,0.01427959445951735,0.2570327002713123,0,6.7114093959731544
16031,"Cassia County, Idaho",24469,7713,6668,6675,3011,402,13.948261065021047,58.77232416527034,67.96354571089951,0.08173607421635538,0.727451060525563,0.3596387265519637,0.028607625975724384,27.769831215006743
16033,"Clark County, Idaho",839,187,282,243,121,6,15.137067938021454,55.899880810488675,48.86769964243147,0.7151370679380215,4.767580452920143,0,0,39.213349225268175
16035,"Clearwater County, Idaho",8719,1399,1889,3034,2180,217,27.491684826241542,37.71074664525749,89.39098520472531,0.3211377451542608,1.6745039568757885,0.6193370799403601,0.30966853997018007,4.300951944030278
16037,"Custer County, Idaho",4273,723,670,1456,1303,121,33.325532412824714,32.60004680552305,88.11139714486309,0.0936110461034402,0.5616662766206413,0.02340276152586005,0,4.61034402059443
16039,"Elmore County, Idaho",28396,7241,9704,7609,3493,349,13.530074658402592,59.67389773207494,70.6402310184533,2.584871108606846,0.9015354275250035,2.7433441329764756,0.43315959994365405,17.837019298492745
16041,"Franklin County, Idaho",14036,4513,3486,4083,1780,174,13.921345112567684,56.98917070390424,90.07552009119408,0,0.5200911940723852,0.1353662011969222,0.014249073810202337,6.974921630094044
16043,"Fremont County, Idaho",13370,3367,3593,4100,2097,213,17.277486910994764,52.05684367988033,84.9738219895288,0.34405385190725507,0.05983545250560957,0.17202692595362754,0,12.333582647718773
16045,"Gem County, Idaho",18692,4273,3909,6497,3799,214,21.469077680291033,43.772736999786005,84.71538626150225,0.09629788144660817,0.7275839931521506,0.3691418788786647,0,8.811256152364647
16047,"Gooding County, Idaho",15422,4222,3763,4756,2332,349,17.384256257294773,51.77668266113344,66.47646219686163,0.019452729866424587,1.5821553624691997,0.28530670470756064,0.1945272986642459,29.814550641940084
16049,"Idaho County, Idaho",16494,3228,3403,5283,4204,376,27.767673093246028,40.202497878016246,90.49351279253062,0.13338183581908572,3.352734327634291,0.47896204680489873,0.024251242876197406,3.5770583242391174
16051,"Jefferson County, Idaho",30427,10338,8183,8515,3072,319,11.144707003648076,60.87027968580537,86.05514838794491,0.0164327735235153,0.7526210273770007,0.2925033687185723,0,10.6320044697144
16053,"Jerome County, Idaho",24081,7361,6837,6847,2656,380,12.607449856733524,58.95934554212865,59.50334288443171,0.004152651467962294,0.0747477264233213,0.0747477264233213,0.31144886009717204,37.477679498359706
16055,"Kootenai County, Idaho",168317,38544,44366,53566,28612,3229,18.91728108271892,49.2582448594022,88.31371756863537,0.27329384435321447,0.9523696358656583,0.7646286471360587,0.09862343078833392,5.04345966242269
16057,"Latah County, Idaho",39464,7428,17060,9496,4900,580,13.886073383336711,62.05148996553821,86.5725724711129,1.206162578552605,0.8919521589296574,2.110784512467059,0.08868842489357388,4.596594364484087
16059,"Lemhi County, Idaho",7948,1420,1684,2454,2020,370,30.07045797684952,39.05385002516356,93.19325616507298,0.025163563160543533,0.6290890790135883,0.06290890790135883,0.1132360342224459,3.497735279315551
16061,"Lewis County, Idaho",3613,843,649,1166,886,69,26.432327705507888,41.29532244672018,81.06836424024357,1.0794353722668142,5.6739551619153055,1.2455023526155549,0,4.89897592028785
16063,"Lincoln County, Idaho",5184,1460,1454,1555,619,96,13.792438271604938,56.21141975308642,64.60262345679013,0,0.5594135802469136,0.5015432098765432,0,31.520061728395063
16065,"Madison County, Idaho",50979,13819,25380,8272,3102,406,6.881264834539713,76.89244590909982,87.70670275995998,0.49039800702249947,0.22165989917416976,1.5300417819101984,0.12946507385393985,7.983679554326291
16067,"Minidoka County, Idaho",21393,6268,5772,6018,2943,392,15.589211424297668,56.2800916187538,60.91712242322255,0.05609311457018651,0.9021642593371664,0.1542560650680129,0,35.637825456925164
16069,"Nez Perce County, Idaho",41820,9058,11578,12952,6991,1241,19.684361549497847,49.344811095169774,86.25538020086083,0.10043041606886657,5.248684839789575,0.9086561453849833,0.0741272118603539,4.428503108560498
16071,"Oneida County, Idaho",4514,1236,978,1424,734,142,19.406291537439078,49.047408063801505,92.26849800620292,0.0664599025254763,0.31014621178555607,0,0,4.474966770048737
16073,"Owyhee County, Idaho",11815,3038,2872,3800,1863,242,17.81633516716039,50.021159542953875,68.79390605162928,0.40626322471434617,2.911553110452814,0.22005924672027083,0,26.01777401608125
16075,"Payette County, Idaho",24928,6544,5922,7806,4193,463,18.677792041078305,50.00802310654686,76.53241335044929,0.1925545571245186,0.36505134788189986,0.6779525032092426,0.016046213093709884,17.79525032092426
16077,"Power County, Idaho",7854,2440,1868,2385,1067,94,14.782276546982429,54.85103132161956,60.74611662846957,0.03819709702062643,3.259485612426789,0,0,34.479246243952126
16079,"Shoshone County, Idaho",13124,2709,2934,4502,2624,355,22.698872295032004,42.997561718988116,90.33831149039926,0.7543431880524231,1.485827491618409,0.03047851264858275,0.2819262419993904,3.8326729655592806
16081,"Teton County, Idaho",11490,2769,3288,3998,1260,175,12.489120974760661,52.715404699738905,80.67885117493472,0,1.0269799825935597,0,0,16.457789382071365
16083,"Twin Falls County, Idaho",89128,24486,25845,24966,12648,1183,15.518131226999373,56.47046943721389,76.74804775154834,0.6698231756574814,0.27039763037429315,1.608921999820483,0.02019567363791401,17.142760972982675
16085,"Valley County, Idaho",11476,1933,2326,4084,2689,444,27.30045311955385,37.11223422795399,94.03973509933775,0.06099686301847333,0.01742767514813524,0.02614151272220286,0,4.801324503311259
16087,"Washington County, Idaho",10425,2398,2465,2931,2429,202,25.237410071942445,46.64748201438849,78.24460431654676,0.08633093525179857,0.38369304556354916,0.21103117505995203,0.3261390887290168,16.882494004796165
17001,"Adams County, Illinois",65878,14996,16924,20805,11217,1936,19.965694161935698,48.45320137223352,91.10628737970187,3.848022101460275,0.07741582926014755,0.6375421233188622,0.012143659491787851,1.7395792221986095
17003,"Alexander County, Illinois",5488,1246,1143,1866,1145,88,22.467201166180757,43.53134110787172,63.13775510204081,33.45481049562682,0.0728862973760933,0.018221574344023325,0,1.129737609329446
17005,"Bond County, Illinois",16804,3136,4911,5613,2639,505,18.709830992620805,47.88740776005713,87.3184955962866,6.9209711973339685,0.5891454415615329,0.9819090692692216,0,3.7491073553915735
17007,"Boone County, Illinois",53592,13206,14080,17710,7604,992,16.039707419017763,50.91431556948798,71.76257650395581,2.4126735333631886,0.15860576205403792,0.9758919241677863,0,22.80750858337065
17009,"Brown County, Illinois",6330,1103,2345,1991,753,138,14.075829383886257,54.47077409162717,73.28593996840442,18.309636650868878,0.48973143759873616,0.04739336492890995,0,6.8878357030015795
17011,"Bureau County, Illinois",33338,7144,8059,10906,6435,794,21.6839642450057,45.60261563381127,86.64586957825904,0.5669206311116444,0.19797228388025676,0.8848761173435719,0,9.54466374707541
17013,"Calhoun County, Illinois",4537,917,883,1672,914,151,23.473661009477627,39.673793255455145,95.96649768569539,0.6391888913378885,0.15428697377121445,0.04408199250606128,0,0.727352876350011
17015,"Carroll County, Illinois",15586,3045,3527,5095,3471,448,25.144360323367124,42.166046451944055,89.42640831515463,2.900038496086231,0.2823046323623765,0.763505710252791,0,4.016424996791993
17017,"Cass County, Illinois",13058,3211,3616,3959,1929,343,17.399295451064482,52.28212589983152,74.18440802573136,3.239393475264206,0.20676979629345996,0.6815745137080716,0.6968907949149946,19.71971205391331
17019,"Champaign County, Illinois",206583,39485,89093,51381,23407,3217,12.887798124724688,62.24035859678676,66.01124003427194,12.930880082097753,0.04501822512016962,10.711917243916488,0.03291655170076918,6.264310228818441
17021,"Christian County, Illinois",34038,7221,8821,11366,5812,818,19.478230213291027,47.129678594512015,94.6853516657853,1.5894000822610024,0.049944180034079556,0.7374111287384688,0.011751571772724602,1.65990951289735
17023,"Clark County, Illinois",15587,3620,3935,4990,2574,468,19.5162635529608,48.469878745108105,96.45217168152948,0.7570411240136011,0.03207801372938988,0.1283120549175595,0,1.6423943029447616
17025,"Clay County, Illinois",13313,3064,3153,4381,2305,410,20.39360024036656,46.69871554120033,95.58326447832945,0.50326748291144,0.7060767670697814,0.13520618943889431,0,0.1802749192518591
17027,"Clinton County, Illinois",37048,7935,10203,12627,5500,783,16.959080112286763,48.95810839991363,90.93878212049233,3.322716475923127,0.032390412437918376,0.6397106456488879,0,3.2147484344633988
17029,"Coles County, Illinois",47542,8646,16915,13888,6828,1265,17.022842959909134,53.765091918724494,90.14976231542636,3.821883808001346,0.048378276050649954,0.978082537545749,0,2.826974044003197
17031,"Cook County, Illinois",5265398,1151647,1682664,1656808,674042,100237,14.705042239921845,53.828998301742814,41.63261732541396,22.646626142981024,0.07678431905812248,7.458942324967647,0.021878687992816497,25.581143153850856
17033,"Crawford County, Illinois",18825,3709,5112,6437,3109,458,18.948207171314742,46.85790172642762,90.49136786188579,5.163346613545817,0.06374501992031872,0.398406374501992,0,2.3745019920318726
17035,"Cumberland County, Illinois",10528,2404,2534,3497,1737,356,19.88031914893617,46.903495440729486,96.23860182370821,0.11398176291793313,0,0.20896656534954408,0,1.0923252279635258
17037,"DeKalb County, Illinois",100922,21885,38782,27493,11266,1496,12.64540932601415,60.1127603495769,75.36612433364381,7.600919522007095,0.0713422246883732,2.2482709419155387,0,11.800202136303284
17039,"De Witt County, Illinois",15653,3365,3882,5427,2653,326,19.031495559956557,46.2978342809685,94.28863476649843,1.1243851018973998,0.12138248259119658,0.02555420686130454,0,2.970676547626653
17041,"Douglas County, Illinois",19708,4919,5415,5806,3011,557,18.10432311751573,52.43555916379135,89.3241323320479,0.7915567282321899,0.15222244773695962,0.5023340775319667,0.07611122386847981,7.438603612746093
17043,"DuPage County, Illinois",934094,212701,258974,315533,129586,17300,15.72496986384668,50.49545334837821,65.44234306183317,4.772003674148426,0.04581979972037076,12.218684629170083,0.01916295362137001,14.549820467747358
17045,"Edgar County, Illinois",16998,3377,4022,5809,3324,466,22.296740793034473,43.52865042946229,96.65254735851276,0.35298270384751146,0.1353100364748794,0.42357924461701374,0.017649135192375574,1.2883868690434168
17047,"Edwards County, Illinois",6233,1416,1333,2167,1120,197,21.12947216428686,44.10396277875822,95.92491577089685,0.19252366436707846,0.03208727739451307,0.3369164126423873,0,1.3316220118722926
17049,"Effingham County, Illinois",34576,8324,9251,10945,5062,994,17.515039333641834,50.83005552984729,95.3262378528459,0.4482878297084683,0.10411846367422489,0.5784359093012494,0,2.198056455344748
17051,"Fayette County, Illinois",21514,4570,5674,7139,3606,525,19.201450218462398,47.61550618202101,91.97266895974714,4.392488612066561,0.10225899414334852,0.41833224876824393,0.25099934926094636,1.8964395277493724
17053,"Ford County, Illinois",13589,3131,3304,4595,2111,448,18.831407756273457,47.354477886525864,92.20693207741556,0.6770181764662595,0.18397233056148354,0.625505923909044,0,3.826624475678858
17055,"Franklin County, Illinois",38068,8514,8885,12948,6767,954,20.282126720605234,45.70505411369129,95.1665440790165,0.6330776505201219,0.06304507723021961,0.2469265524850268,0,1.8466953872018492
17057,"Fulton County, Illinois",34022,6736,8634,11764,6030,858,20.245723355475867,45.17665040268062,91.32913996825583,3.18323437775557,0.2175063194403621,0.14990300393862796,0.023514196696255363,3.1391452589500912
17059,"Gallatin County, Illinois",5038,1005,1212,1598,1095,128,24.275506153235412,44.00555776101628,95.47439460103216,0.2183406113537118,0,0.09924573243350536,0,1.5085351329892815
17061,"Greene County, Illinois",12187,2635,3085,4121,2100,246,19.2500205136621,46.93525888241569,95.86444572085009,1.214408796258308,0.0656437187166653,0.22154755066874537,0.024616394518749488,1.2718470501353902
17063,"Grundy County, Illinois",52364,13223,14295,17574,6447,825,13.887403559697502,52.55137117103354,84.87892445191353,1.273775876556413,0.061110686731342144,0.7295088228553969,0.04965243296921549,10.514857535711558
17065,"Hamilton County, Illinois",8021,1753,1879,2673,1525,191,21.39384116693679,45.28113701533475,95.34970701907493,0.21194364792419898,0,0,0.37401820221917464,1.7204837302082034
17067,"Hancock County, Illinois",17750,3716,3954,5977,3504,599,23.11549295774648,43.2112676056338,95.51549295774647,0.6647887323943662,0.03380281690140845,0.38309859154929576,0.022535211267605635,1.656338028169014
17069,"Hardin County, Illinois",3700,511,916,1190,956,127,29.27027027027027,38.567567567567565,95.1891891891892,1.5135135135135136,0,0,0,1.5405405405405406
17071,"Henderson County, Illinois",6485,1196,1432,2189,1404,264,25.72089437162683,40.5242868157286,94.95759444872783,0.13878180416345412,0,0,0,1.8658442559753277
17073,"Henry County, Illinois",49412,11051,11344,16880,8756,1381,20.51525945114547,45.322998461912086,89.62802558083057,2.001538087913867,0.05261879705334736,0.5039261717801344,0,6.047114061361612
17075,"Iroquois County, Illinois",27362,6019,6228,9315,5074,726,21.19728090051897,44.75915503252686,89.11629266866457,0.8990570864702873,0.10233170089905709,0.32161391711132226,0,7.280169578247204
17077,"Jackson County, Illinois",53676,10124,21303,13869,7190,1190,15.612191668529697,58.54944481705045,73.32140994112825,14.513003949623668,0.2347417840375587,3.4559207094418363,0.05030181086519115,4.568149638572174
17079,"Jasper County, Illinois",9324,2150,2067,3284,1581,242,19.551694551694553,45.22737022737023,97.10424710424711,0.28957528957528955,0.032175032175032175,0.15015015015015015,0.032175032175032175,0.6756756756756757
17081,"Jefferson County, Illinois",37362,8387,9783,12086,6328,778,19.019324447299397,48.632300198062204,84.33702692575343,8.203522295380333,0.08832503613296933,1.0010170761736523,0.02141212997162893,2.9147261923879877
17083,"Jersey County, Illinois",21533,4390,5682,7297,3649,515,19.337760646449635,46.7747178748897,95.439557887893,0.42260716110156504,0,0.47833557795012305,0.1857613894951934,1.4350067338503691
17085,"Jo Daviess County, Illinois",21995,4184,4372,7273,5388,778,28.033644010002273,38.8997499431689,94.07592634689702,0.6592407365310298,0.25460331893612187,0.48647419868151853,0.009092975676290065,3.2007274380541033
17087,"Johnson County, Illinois",13238,2548,3497,4399,2397,397,21.10590723674271,45.66399758271642,86.44810394319384,9.102583471823538,0,0.28705242483758875,0,3.0895905725940476
17089,"Kane County, Illinois",518648,131408,142548,172849,64571,7272,13.851976677823881,52.82118122503123,56.268991686076106,5.125248723604448,0.06285573259706005,3.9088167697552096,0.040875507087658684,32.22050407983835
17091,"Kankakee County, Illinois",108104,24768,31081,34181,15738,2336,16.71908532524236,51.66228816695035,70.93724561533338,14.482350329312514,0.042551616961444536,0.8343817065048472,0,10.955191297269296
17093,"Kendall County, Illinois",130757,37154,36196,43873,12234,1300,10.350497487706203,56.096423136046255,66.62281942840536,7.631713789701507,0.04665142210359675,2.889329060776861,0,20.149590461696125
17095,"Knox County, Illinois",50193,10042,13907,15546,9475,1223,21.3137290060367,47.71382463690156,81.80822026975873,8.556970095431634,0.08965393580778196,1.0320164166318013,0,6.116390731775347
17097,"Lake County, Illinois",714484,172427,197796,241371,90149,12741,14.400602392775765,51.81683564642455,59.94381959568024,6.486639308927842,0.12582507096030143,8.164073653153885,0.03806943192569743,22.343397472861533
17099,"LaSalle County, Illinois",109986,23708,28936,36651,17796,2895,18.812394304729693,47.86427363482625,84.45165748367974,2.621242703616824,0.01818413252595785,0.9319367919553397,0.016365719273362063,10.131289436837415
17101,"Lawrence County, Illinois",15465,2945,4551,5303,2335,331,17.23892660847074,48.47074038150663,84.26123504688005,9.647591335273198,0.18752020691884902,0.21985127707727126,0,2.9485935984481086
17103,"Lee County, Illinois",34373,6851,8982,11772,5795,973,19.689872865330347,46.06231635295144,85.52352136851599,5.376312803654031,0.040729642451924473,0.7011317022081285,0.03491112210164955,6.641840979838827
17105,"Livingston County, Illinois",35902,7865,9358,11770,5691,1218,19.244053256086012,47.97225781293521,88.59395019776058,3.5931145897164503,0,0.6378474736783466,0,4.971867862514623
17107,"Logan County, Illinois",28238,5465,8675,8986,4183,929,18.10326510376089,50.07436787307883,85.70012040512785,7.125150506409803,0.06728521849989376,0.4922444932360649,0,3.5307033075996883
17109,"McDonough County, Illinois",27743,4809,10749,7276,4053,856,17.694553581083518,56.079010921673934,86.80748296867678,5.150848862776196,0.04685866705114804,2.541181559312259,0.03604512850088311,2.9520960242223264
17111,"McHenry County, Illinois",310749,72908,80680,111124,40873,5164,14.814850570717846,49.42509871310929,79.48215440757653,1.4648478353912644,0.04859227221970143,2.685768900302173,0,13.831420213741637
17113,"McLean County, Illinois",171455,37013,62025,49524,20236,2657,13.352191537138024,57.76326149718585,78.87200723221837,8.189904056457962,0.12481409116094602,5.123210171765186,0.006998920999679216,5.162870724096702
17115,"Macon County, Illinois",104331,23483,27643,32499,17707,2999,19.846450240101216,49.003651838859014,75.35440089714467,16.144770010830914,0.15815050176841017,1.2872492356059082,0.059426249149342,2.4268913362279667
17117,"Macoupin County, Illinois",45152,9574,10907,15628,7594,1449,20.027905740609498,45.360116938341605,95.40219702338767,1.0431431608788093,0.15946137491141035,0.4008681785967399,0.015503189227498227,1.284549964564139
17119,"Madison County, Illinois",266112,58478,73914,87795,40500,5425,17.257771164021165,49.750481000481,83.97855038480039,8.465232683982684,0.07966570466570466,0.9402056277056277,0.01691017316017316,3.469591750841751
17121,"Marion County, Illinois",37781,8892,9133,12436,6376,944,19.374818030226834,47.70916598290146,90.74137794129324,3.7690902834758213,0.023821497578147745,0.6114184378391255,0.007940499192715915,2.2048119425107857
17123,"Marshall County, Illinois",11781,2435,2694,3913,2347,392,23.249299719887954,43.536202359731774,93.71021135727018,0.6620830150241915,0.033952975129445714,0.34801799507681863,0,3.004838298955946
17125,"Mason County, Illinois",13225,2756,3005,4527,2560,377,22.207939508506616,43.561436672967865,96.09829867674858,0.4763705103969754,0.11342155009451796,0.22684310018903592,0,1.285444234404537
17127,"Massac County, Illinois",14280,3147,3243,4993,2459,438,20.287114845938376,44.747899159663866,86.9187675070028,5.889355742296919,0,0.22408963585434175,0,3.172268907563025
17129,"Menard County, Illinois",12343,2825,2841,4265,2138,274,19.54144049258689,45.90456128979989,95.29287855464636,0.9317021793729239,0,0.42129142023819166,0,1.628453374382241
17131,"Mercer County, Illinois",15779,3381,3617,5417,2916,448,21.319475251917105,44.350085556752646,94.39761708600038,0.5006654414094682,0,0.29152671271943725,0,2.6807782495722163
17133,"Monroe County, Illinois",34732,7771,8515,12286,5263,897,17.735805597143845,46.890475642059194,96.08142347115053,0.22457675918461362,0.14683865023609352,0.9155821720603478,0,1.6152251525970287
17135,"Montgomery County, Illinois",28482,5787,7507,9502,4863,823,19.963485710273154,46.675093041219014,92.48648269082227,3.9358191138262764,0.08426374552348852,0.35109893968120215,0,1.818692507548627
17137,"Morgan County, Illinois",33189,6367,9702,10543,5538,1039,19.816806773328512,48.41664406881798,87.49284401458314,6.227967097532315,0.21091325439151526,0.7050528789659224,0.006026092982614722,2.6755852842809364
17139,"Moultrie County, Illinois",14634,3762,3444,4691,2393,344,18.703020363536968,49.241492414924146,96.11179445127785,0.990843241765751,0.05466721333880006,0.17766844335110019,0,1.6195161951619517
17141,"Ogle County, Illinois",51787,11723,12654,17718,8175,1517,18.715121555602757,47.071658910537394,85.13140363411667,1.1759708034834997,0.1274451117075714,0.4576438102226427,0.013516905787166663,10.601116110220712
17143,"Peoria County, Illinois",182439,43771,52070,55328,26959,4311,17.139975553472667,52.53317547234966,68.78463486425599,17.62835797170561,0.08989306014613103,4.250735862397843,0.00822192623287784,5.093757365475583
17145,"Perry County, Illinois",21158,4107,6088,7032,3425,506,18.579260799697515,48.185083656300215,85.47121656111163,8.512146705737782,0.08507420361092731,0.5860667359863881,0,3.2564514604404953
17147,"Piatt County, Illinois",16664,3738,4014,5662,2808,442,19.503120499279884,46.51944311089775,95.7273163706193,0.5700912145943351,0.00600096015362458,0.0300048007681229,0,1.4642342774843975
17149,"Pike County, Illinois",14923,3402,3768,4650,2548,555,20.7934061515781,48.046639415667094,95.37626482610735,0.9113449038397106,0.060309589224686724,0.3149500770622529,0.6768076124103732,1.3737184212289755
17151,"Pope County, Illinois",3820,693,687,1461,857,122,25.6282722513089,36.12565445026178,89.45026178010471,3.141361256544503,1.6230366492146597,0.36649214659685864,0,2.3821989528795813
17153,"Pulaski County, Illinois",5279,1114,1230,1757,1076,102,22.314832354612616,44.40234892972154,63.72419018753552,29.967796931236975,0.05682894487592347,0.20837279787838606,0,2.500473574540633
17155,"Putnam County, Illinois",5638,1153,1258,1941,1159,127,22.809506917346578,42.76339127350124,91.64597374955657,0.10642071656615822,0.0354735721887194,0.7272082298687478,0,5.995033699893579
17157,"Randolph County, Illinois",30632,5955,8533,10408,4849,887,18.725515800470095,47.29694437189867,84.21258814311831,10.629407155915382,0.07834943849569079,0.6627056672760512,0.04896839905980674,3.365761295377383
17159,"Richland County, Illinois",15876,3742,3759,5168,2811,396,20.200302343159485,47.24741748551272,94.3814562862182,0.5731922398589065,0.06298815822625346,0.6991685563114135,0,1.7510707986898464
17161,"Rock Island County, Illinois",144694,32557,39550,44685,24362,3540,19.28345335673905,49.83413272146737,70.55095581019255,10.24023110840809,0.12578268622057584,2.560576112347437,0.042849046954262095,13.301173510995618
17163,"St. Clair County, Illinois",258597,61160,70996,85377,36060,5004,15.879534565366187,51.10500121811158,60.61593908668701,28.99956302663991,0.0730866947412383,1.4505195342560044,0.016628189808853156,4.349625092325124
17165,"Saline County, Illinois",23869,5159,6359,7624,3929,798,19.803929783401063,48.255058862960325,91.44915999832419,2.7148183836775734,0.08379069085424609,0.6703255268339687,0.20109765805019061,1.7637940424818803
17167,"Sangamon County, Illinois",196759,43924,52924,64670,31276,3965,17.910743600038625,49.22163662145061,79.3839163646898,12.673880229112772,0.07725186649657703,2.118327497090349,0.016263550841384637,2.4288596709680372
17169,"Schuyler County, Illinois",6953,1210,1520,2592,1451,180,23.457500359557027,39.26362721127571,92.52121386451891,4.731770458794765,0.014382281029771321,0.21573421544656982,0,1.0642887962030778
17171,"Scott County, Illinois",4923,1077,1027,1824,874,121,20.211253300832826,42.738167783871624,95.99837497460898,0.2437538086532602,0.18281535648994515,0.8531383302864107,0.32500507820434693,0.4062563477554337
17173,"Shelby County, Illinois",21160,4590,4944,6854,4067,705,22.551984877126653,45.05671077504726,96.84310018903592,0.32608695652173914,0.08034026465028356,0.3497164461247637,0.1275992438563327,1.1436672967863895
17175,"Stark County, Illinois",5436,1158,1168,1889,1070,151,22.461368653421633,42.7888153053716,94.15011037527594,0.9013980868285504,0,0.919793966151582,0,2.1339220014716704
17177,"Stephenson County, Illinois",44817,9681,9861,14913,8842,1520,23.120690809291116,43.60398955753397,81.44900372626459,9.402682017984247,0.16511591583550886,0.7653345828591829,0,4.348796215721713
17179,"Tazewell County, Illinois",131977,30097,33252,43970,21296,3362,18.683558498829342,48.000030308311295,93.32762526803913,1.3350811126181077,0.08865181054274608,0.9675928381460406,0.03788538912083166,2.468611955113391
17181,"Union County, Illinois",17259,3668,4229,5725,3120,517,21.073063329277478,45.75583753404021,91.05394287038646,1.32104988701547,0.2607335303320007,0.3070861579465786,0,5.394287038646503
17183,"Vermilion County, Illinois",74953,17766,19100,23667,12727,1693,19.238722933038037,49.185489573466036,77.64999399623764,14.343655357357278,0.1000627059624031,0.9325844195695969,0.013341694128320414,5.29398423011754
17185,"Wabash County, Illinois",11414,2551,2592,3873,1985,413,21.00928684072192,45.05869984229893,93.96355353075171,0.08761170492377782,0.008761170492377781,1.489398983704223,0,2.2691431575258454
17187,"Warren County, Illinois",16887,3680,4812,5206,2780,409,18.884348907443595,50.2872031740392,82.61384496950316,3.8609581334754544,0.26055545686030673,1.4508201575176172,0.07698229407236336,9.984011369692663
17189,"Washington County, Illinois",13827,2926,3349,4681,2562,309,20.763723150357997,45.38222318651913,95.80530845447313,0.6364359586316627,0.01446445360526506,0.708758226657988,0.036161134013162656,1.4826064945396689
17191,"Wayne County, Illinois",16250,3703,3625,5481,2904,537,21.175384615384615,45.09538461538462,96.16,1.126153846153846,0.036923076923076927,0.31384615384615383,0,1.6184615384615384
17193,"White County, Illinois",13959,3081,3290,4602,2547,439,21.391217135897985,45.6408052152733,96.09570886166631,0.7522028798624544,0.07880220646178093,0.5444516082813955,0.014327673902141987,1.5760441292356187
17195,"Whiteside County, Illinois",55932,12398,13348,18657,9838,1691,20.61252950010727,46.030894657798754,83.78745619681041,1.0530644353858256,0.10906100264607023,0.5399413573625116,0.11978831438174926,12.450833154544805
17197,"Will County, Illinois",696403,172426,191775,240392,82240,9570,13.183458428524863,52.29744846015885,62.03821637758597,11.23228934970125,0.05887395660271423,5.631796531605981,0.009908056111188493,18.136337723990277
17199,"Williamson County, Illinois",67271,14773,17708,22118,11282,1390,18.837240415632294,48.283807286943855,89.02796152874195,4.038887484948938,0.18878863105944613,1.3185473681081001,0,2.761962807153157
17201,"Winnebago County, Illinois",285471,67408,76470,91658,42669,7266,17.49214456109377,50.40021578373985,67.180554241937,12.829324169530356,0.06900876095995741,2.8083413026191804,0.03012565199267176,13.53097162233642
17203,"Woodford County, Illinois",38571,9374,9921,12427,5856,993,17.75686396515517,50.02462990329522,95.25550283892044,0.7492675844546421,0.015555728396982188,0.41741204531902204,0,1.89520624303233
18001,"Adams County, Indiana",35685,11287,8926,10094,4432,946,15.070758021577694,56.64284713465042,93.26888048199524,0.8771192377749755,0.025220680958385876,0.07846434075942273,0,4.623791509037411
18003,"Allen County, Indiana",381839,98517,111092,116649,48774,6807,14.556134915501035,54.89460217526235,72.43209834511404,11.108608602054792,0.10082783581561862,4.5278245543278715,0.04216436770471324,7.81847846867397
18005,"Bartholomew County, Indiana",81759,19707,23712,25271,11560,1509,15.984784549713181,53.10608006458005,80.12328917917293,1.6059394072823787,0.08806369940923935,7.970987903472401,0,7.530669406426203
18007,"Benton County, Indiana",8687,2180,2124,2892,1283,208,17.16357775987107,49.545297571083225,91.34338666973639,0.6791757799010015,0,0.09209163117301715,0.17267180844940716,5.675146771037182
18009,"Blackford County, Indiana",12139,2713,2765,4085,2264,312,21.220858390312216,45.127275722876675,95.21377378696762,0.5189883845456792,0.23889941510832852,0.2800889694373507,0,1.8288162122085838
18011,"Boone County, Indiana",69839,18305,18498,23747,8089,1200,13.300591360128296,52.69691719526339,89.21805867781612,2.056157734217271,0.05011526510975243,3.1501023783272957,0,3.3276536032875614
18013,"Brown County, Indiana",15444,2680,3183,5791,3469,321,24.54027454027454,37.96296296296296,95.14374514374515,0.6410256410256411,0,0.5050505050505051,0,1.8971768971768972
18015,"Carroll County, Indiana",20288,4514,4914,6917,3467,476,19.435134069400632,46.47082018927445,93.05500788643533,0.5668375394321766,0.03943217665615142,0.18237381703470032,0,4.524842271293376
18017,"Cass County, Indiana",37918,8773,9768,12652,5688,1037,17.735640065404294,48.89762118255182,77.92077641225804,0.9784271322327127,0.1898834326704995,1.6825781950524816,0,16.269318002004326
18019,"Clark County, Indiana",120185,27114,34195,40051,16957,1868,15.663352331821775,51.0121895411241,82.02354703165952,6.742105920039938,0.009984607064109498,0.9252402546074802,0.012480758830136872,5.677081166534926
18021,"Clay County, Indiana",26397,6169,6367,9062,4180,619,18.18009622305565,47.490245103610256,95.21536538242982,0.5568814638027049,0.0037883092775694207,0.17805053604576276,0.022729855665416524,1.6327612986324203
18023,"Clinton County, Indiana",33010,8724,8746,10137,4585,818,16.367767343229325,52.9233565586186,81.25719478945774,0.6452590124204787,0.003029385034837928,0.4150257497727961,0.0545289306270827,16.519236594971222
18025,"Crawford County, Indiana",10511,2303,2723,3414,1917,154,19.703168109599467,47.81657311388069,95.42384168965846,0.4661782894110931,0,0,0,0.8847873656169727
18027,"Daviess County, Indiana",33281,9893,8887,9415,4354,732,15.281992728583877,56.428592890838615,89.28818244644091,1.6976653345752832,0.06610378293921457,0.12619813106577327,0,5.534689462456056
18029,"Dearborn County, Indiana",50494,11349,12666,17528,8039,912,17.726858636669704,47.56010615122589,95.8252465639482,0.4376757634570444,0.05743256624549451,0.5941299956430467,0.12674773240384996,1.4041272230364004
18031,"Decatur County, Indiana",26466,6334,6984,8762,3945,441,16.57220584901383,50.321166780019645,94.24544698858914,0.23804126048515076,0.003778432706113504,1.2960024181969318,0,2.172598806015265
18033,"DeKalb County, Indiana",43059,10515,11693,13925,6185,741,16.084906755846628,51.57574490814928,94.40999558744979,0.22991709050372744,0.034835922803595064,0.43661023247172487,0,2.961053438305581
18035,"Delaware County, Indiana",112480,20655,40858,31932,16488,2547,16.92300853485064,54.68794452347084,86.21621621621621,6.383357041251778,0.04000711237553343,1.446479374110953,0.023115220483641535,2.591571834992888
18037,"Dubois County, Indiana",43474,10680,10965,14287,6559,983,17.348300133413076,49.78837926116759,88.98652067902654,0.7130698808483231,0.002300225422091365,0.39103832175553205,0,8.338317155081198
18039,"Elkhart County, Indiana",206314,57152,57001,62033,25876,4252,14.602983801390113,55.329740104888664,73.72790988493267,5.105809591205638,0.14734821679575794,0.9587328053355565,0.05331678897214925,16.725961398644785
18041,"Fayette County, Indiana",23393,5173,5431,8062,4323,404,20.206899499850383,45.32979951267473,94.01102894028128,1.3593810114136708,0.26076176634035825,0.09832001025947933,0,1.3978540589065105
18043,"Floyd County, Indiana",79594,18107,22052,26658,11116,1661,16.05271754152323,50.45480815136819,87.11460662864035,4.93127622685127,0.08920270372138603,1.2387868432293891,0,3.588210166595472
18045,"Fountain County, Indiana",16422,3641,3969,5604,2918,290,19.534770429911095,46.34027524053099,94.78748020947509,0.49324077457069787,0.06698331506515649,0.4749725977347461,0,2.7036901717208623
18047,"Franklin County, Indiana",22769,5301,5563,7689,3698,518,18.51640388247178,47.71399710132197,96.24928631033423,0.04831130045236945,0,0.56216785980939,0,1.2385260661425623
18049,"Fulton County, Indiana",20400,4849,5007,6605,3521,418,19.308823529411764,48.31372549019608,91.07843137254902,0.5147058823529411,0.19607843137254902,0.14215686274509803,0,5.46078431372549
18051,"Gibson County, Indiana",33017,7949,8369,11024,5016,659,17.188115213374928,49.423024502529,92.16767119968502,2.3987642729502983,0.006057485537753279,0.49671381409576887,0,1.8142169185571069
18053,"Grant County, Indiana",66802,14029,19244,20974,10915,1640,18.79434747462651,49.808388970390105,84.37322235861201,6.767761444268135,0.12873866051914612,0.9715277985689051,0,4.598664710637406
18055,"Greene County, Indiana",30924,6760,7692,10531,5431,510,19.211615573664467,46.73392834044755,95.82524899754236,0.44625533566162207,0,0.13905057560470832,0.012934937265554261,1.7850213426464883
18057,"Hamilton County, Indiana",341616,91279,93622,113977,37633,5105,12.510538148096108,54.125392253290244,82.18877335956161,3.876867594023699,0.08489063744086928,6.2160437450236525,0.04244531872043464,4.2828790220598565
18059,"Hancock County, Indiana",78616,18471,21110,26279,11798,958,16.225704691157016,50.34725755571385,91.26640887351175,2.718276177877277,0.0941284216953292,0.7835555103286863,0,2.7144601607815204
18061,"Harrison County, Indiana",39516,8830,9781,13969,6276,660,17.552383844518676,47.09737827715356,94.73124810203461,0.6124101629719607,0,0.5415527887438,0,2.054863852616662
18063,"Hendricks County, Indiana",172100,42924,48205,57127,21357,2487,13.854735618826263,52.95119116792562,82.17547937245787,7.377106333527019,0.10807669959325973,3.0412550842533412,0.004648460197559558,4.31841952353283
18065,"Henry County, Indiana",48857,10171,12897,16684,8218,887,18.63601940356551,47.21534273492028,92.9958859528829,2.366088789733303,0.14122848312421965,0.3152056000163743,0,2.0017602390650264
18067,"Howard County, Indiana",83349,19195,21676,26677,13677,2124,18.957635964438687,49.03598123552772,83.96381480281707,7.846524853327574,0.12237699312529245,1.2501649689858307,0,3.616120169408151
18069,"Huntington County, Indiana",36572,7933,9868,12512,5391,868,17.11418571584819,48.67384884611178,94.151263261511545,0.8175653505413978,0.3281198731269824,0.7355353822596522,0.15312260745925846,2.6440993109482664
18071,"Jackson County, Indiana",45948,11367,11990,15185,6420,986,16.11822059719683,50.833550970662486,86.51954383215809,1.286236615304257,0.036998345956298424,1.8325063114825455,0.11970053103508314,7.72612518499173
18073,"Jasper County, Indiana",33006,7686,8402,11073,5171,674,17.70890141186451,48.74265285099679,89.36859964854875,1.0149669757013877,0.009089256498818397,0.28782645579591587,0,6.289765497182331
18075,"Jay County, Indiana",20570,5179,5120,6610,3112,549,17.79776373359261,50.06806028196402,94.5017015070491,0.4375303840544482,0.06806028196402528,0.4472532814778804,0,3.3252309188138067
18077,"Jefferson County, Indiana",33000,6766,9209,11110,5391,524,17.924242424242426,48.40909090909091,92.06666666666666,1.9727272727272727,0.19393939393939394,0.7424242424242424,0,2.966666666666667
18079,"Jennings County, Indiana",27619,6437,7525,9161,4211,285,16.27864875629096,50.55215612440711,94.52188710670191,0.800173793403092,0.13396574821680726,0.2570694087403599,0,2.8060393207574497
18081,"Johnson County, Indiana",159739,39484,45549,51528,20595,2583,14.509919305867697,53.232460451110875,87.38442083648953,2.5929797982959704,0.03192708105096439,3.9314131176481637,0.04569954738667451,3.754875140072243
18083,"Knox County, Indiana",36362,7882,10777,11298,5695,710,17.61454265441945,51.31455915516198,91.11710026951212,2.5191133601012043,0.027501237555690006,0.9267917056267532,0.07700346515593201,2.4008580386117377
18085,"Kosciusko County, Indiana",80151,19223,21977,25610,12046,1295,16.644832877942882,51.40297688113685,86.98331898541502,0.6911953687415004,0.10355454080423201,1.5246222754550784,0.01871467604895759,8.23071452633155
18087,"LaGrange County, Indiana",40085,13082,10706,10818,5098,381,13.668454534115005,59.343894224772356,93.79069477360609,0.16215541973306724,0.012473493825620557,0.07983036048397156,0,4.273418984657603
18089,"Lake County, Indiana",495925,116978,135496,161729,71549,10173,16.47870141654484,50.90971417048949,53.2257901900489,23.021626253969853,0.1476029641578868,1.463326107778394,0.026616927962897614,19.73786358824419
18091,"LaPorte County, Indiana",112184,24213,31451,36523,17762,2235,17.825180061327817,49.61848391927548,77.93803037866363,10.51932539399558,0.18540968409042288,0.5847536190544106,0.004456963559865934,7.012586465093062
18093,"Lawrence County, Indiana",45133,9849,10922,15425,7995,942,19.801475638667938,46.021757915494206,94.81089225178916,0.2680965147453083,0.2969002725278621,0.6425453659185075,0.04431347351162121,1.7193627722509028
18095,"Madison County, Indiana",130037,28233,35653,42666,20386,3099,18.060244391980746,49.1290940270846,83.8922768135223,7.832386167014004,0.09381945138691296,0.5752208986673024,7.690118966140406e-4,4.440274691049471
18097,"Marion County, Indiana",969542,240910,322105,285091,107130,14306,12.525089165812311,58.070202219192154,53.44028417541478,27.7508349303073,0.09922210693296422,3.6578095636908974,0.01856546699369393,10.83583795235276
18099,"Marshall County, Indiana",46175,11605,11686,14766,6797,1321,17.580942068218732,50.4407146724418,86.74607471575528,0.6475365457498646,0.015159718462371413,0.6540335679480238,0,10.490525175961018
18101,"Martin County, Indiana",9885,2239,2400,3310,1688,248,19.5852301466869,46.92969145169449,95.71067273646939,0.3945371775417299,0.6170966110268084,0.05058168942842691,0,1.1836115326251897
18103,"Miami County, Indiana",36100,7653,10261,11986,5583,617,17.174515235457065,49.62326869806094,87.45706371191136,4.429362880886426,0.29085872576177285,0.6537396121883656,0.019390581717451522,3.565096952908587
18105,"Monroe County, Indiana",140189,22118,65075,34670,16120,2206,13.072352324362111,62.19674867500303,83.10352452760202,3.381863056302563,0.06491236830279123,6.5575758440391185,0.009273195471827318,3.608699683998031
18107,"Montgomery County, Indiana",37967,8682,10146,12438,5986,715,17.649537756472725,49.59043379777175,91.19498511865568,0.8560065319883057,0.010535465009086838,0.5083361866884399,0.052677325045434195,4.993810414307162
18109,"Morgan County, Indiana",71394,16272,18010,25182,10661,1269,16.7100876824383,48.01804073171415,95.00938454211838,0.27733422976720734,0.0014006779281172086,0.6597193041432053,0,1.738241308793456
18111,"Newton County, Indiana",13865,2976,3468,4789,2398,234,18.983050847457626,46.47673999278759,90.16227912008655,1.0674359899026324,0.13703570140641905,0.18031013342949873,0,7.06815723043635
18113,"Noble County, Indiana",47293,11603,12701,15512,6634,843,15.809950732666568,51.39026917302772,86.39544964371049,0.3383164527519929,0.09726598016619796,0.619542004102087,0.1374410589304971,10.576618104159177
18115,"Ohio County, Indiana",5931,1164,1312,2165,1157,133,21.750126454223572,41.74675434159501,95.1104366885854,0.20232675771370764,0.05058168942842691,0.7418647782835947,0,0.9610520991401112
18117,"Orange County, Indiana",19752,4508,4904,6473,3317,550,19.577764277035236,47.65087079789389,94.1575536654516,1.6150263264479547,0.04050222762251924,0.5164034021871203,0,1.7871607938436613
18119,"Owen County, Indiana",21280,4539,5260,7291,3779,411,19.68984962406015,46.04793233082707,95.69548872180451,0.03759398496240601,0.18327067669172933,0.40883458646616544,0,1.3345864661654134
18121,"Parke County, Indiana",16316,3549,3991,5643,2853,280,19.202010296641333,46.212306937974994,94.11007599901937,1.1338563373375827,0.14709487619514586,0,0,1.0970826182887963
18123,"Perry County, Indiana",19151,4043,5221,6343,3042,502,18.50556106730719,48.373453083389904,93.73400866795468,2.8614693749673648,0.14098480497101978,0.6579290898647591,0,1.4881729413607645
18125,"Pike County, Indiana",12220,2599,2866,4260,2170,325,20.41734860883797,44.72176759410802,96.00654664484452,0.7364975450081833,0,0.3109656301145663,0,1.8657937806873977
18127,"Porter County, Indiana",172353,38004,49142,56772,25226,3209,16.49811723613746,50.56250834044084,81.68352160971959,3.8096232731661184,0.13982930381252429,1.3785660824006545,0.014505114503373889,10.491839422580401
18129,"Posey County, Indiana",25301,5657,6222,8644,4351,427,18.88462906604482,46.950713410537134,95.01600727243982,1.2252480139124935,0.09881032370262045,0.2885261452116517,0,1.2687245563416465
18131,"Pulaski County, Indiana",12496,2745,3389,3953,2179,230,19.278169014084508,49.08770806658131,93.30985915492958,0.13604353393085789,0,0.528169014084507,0.20806658130601793,3.257042253521127
18133,"Putnam County, Indiana",36838,7280,11980,11490,5336,752,16.526412943156522,52.282968673652206,91.34860741625495,2.5924317281068463,0.13301482165155545,2.603290080894728,0.029860470166675715,2.060372441500624
18135,"Randolph County, Indiana",24681,5744,5707,8336,4138,756,19.829018273165595,46.39601312750699,92.4152181840282,0.25930878003322394,0.05672379563226774,0.4213767675539889,0,3.820752805802034
18137,"Ripley County, Indiana",28953,6923,7334,9583,4564,549,17.659655303422788,49.241874762546196,95.18184644078333,0.28321762857044175,0,0.866922253307084,0,1.8374607121887196
18139,"Rush County, Indiana",16706,3845,3961,5903,2644,353,17.939662396743685,46.72572728361068,95.25918831557524,0.5806297138752544,0,0.09577397342272237,0,1.8436489883874057
18141,"St. Joseph County, Indiana",272049,64455,82810,81948,37001,5835,15.745692871504765,54.13179243445115,71.25076732500395,12.462460806692912,0.16357347389624663,2.5054310069141956,0.04741792838790071,9.200548430613603
18143,"Scott County, Indiana",24290,5529,6359,8322,3615,465,16.797035817208727,48.94195142033759,94.4586249485385,0.21819678880197613,0.8275010292301359,0.18937834499794154,0,2.486620008233841
18145,"Shelby County, Indiana",44825,10296,11985,14952,6514,1078,16.936977133296153,49.70663692136085,91.6095928611266,1.1176798661461238,0,0.3993307306190742,0,4.660345789180145
18147,"Spencer County, Indiana",19949,4360,4550,7099,3440,500,19.750363426738183,44.663892926963754,94.27038949320767,0.6917639981953982,0,0.3659331294801744,0,3.0427590355406284
18149,"Starke County, Indiana",23275,5494,5783,7671,3816,511,18.590762620837808,48.45112781954887,93.19011815252416,0.12459720730397422,0.07303974221267455,0.3007518796992481,0,4.180451127819549
18151,"Steuben County, Indiana",34379,7098,8942,11349,6121,869,20.332179528200356,46.65638907472585,93.23715058611361,0.28214898629977603,0.04654003897728264,0.6573780505541174,0,3.8628232351144596
18153,"Sullivan County, Indiana",20814,4268,5872,7027,3251,396,17.521860286345728,48.71720957048141,91.15499183242049,3.4976458153166137,0.03363120976265975,0.08648025367541078,0,1.7824541174209667
18155,"Switzerland County, Indiana",9870,2428,2430,3269,1493,250,17.659574468085108,49.219858156028366,95.16717325227964,0.3343465045592705,0.10131712259371833,0.6788247213779128,0,1.9047619047619047
18157,"Tippecanoe County, Indiana",185961,38338,80613,45612,18370,3028,11.506713773318062,63.965562671743,74.49250111582536,5.569985104403612,0.08281306295406025,7.866703233473685,0.02097213931953474,8.70236232328284
18159,"Tipton County, Indiana",15290,3185,3708,5204,2970,223,20.882930019620666,45.08175277959451,94.57815565729234,0.31393067364290383,0.17004578155657293,0.4578155657292348,0,2.9758011772400264
18161,"Union County, Indiana",7098,1486,1821,2415,1252,124,19.38574246266554,46.590588898281204,94.51958298112145,0.07044237813468583,0,1.8033248802479571,0,2.2541561003099466
18163,"Vanderburgh County, Indiana",179695,39121,53504,56681,26268,4121,16.911433261916024,51.5456746153204,82.50925178775147,9.843902167561701,0.03505940621608837,1.365647346893347,0.20924344027379727,2.882662288878377
18165,"Vermillion County, Indiana",15477,3423,3717,5255,2728,354,19.913419913419915,46.13297150610583,96.21373651224397,0.41997803191833044,0.09691800736576855,0.1938360147315371,0.045228403437358664,1.3697745041028624
18167,"Vigo County, Indiana",106523,21916,36297,31036,15025,2249,16.216216216216218,54.64829191817729,84.81548585751435,7.127099311885696,0.14081465974484383,2.056832796673019,0.09669273302479277,2.8228645456849693
18169,"Wabash County, Indiana",31120,6474,8031,10310,5429,876,20.260282776349616,46.6098971722365,93.57647814910025,1.0089974293059125,0.6812339331619537,0.5173521850899743,0.04177377892030849,2.7217223650385605
18171,"Warren County, Indiana",8430,1851,1932,2905,1599,143,20.66429418742586,44.87544483985765,95.11269276393831,0.34400948991696323,0.03558718861209965,0.33214709371293,0,2.1589561091340452
18173,"Warrick County, Indiana",63575,15224,15299,21997,9867,1188,17.388910735351946,48.01101061738105,91.08926464805349,1.9520251671254425,0.03460479748328746,2.422335823830122,0.009437672040896579,2.0212347620920172
18175,"Washington County, Indiana",28025,6468,7293,9456,4437,371,17.156110615521854,49.10258697591436,96.32827832292595,0.060660124888492414,0.010704727921498661,0.2247992863514719,0,1.3630686886708296
18177,"Wayne County, Indiana",66588,14854,17705,21543,10757,1729,18.7511263290683,48.89619751306542,87.24695140265513,4.359644380368835,0.05106025109629363,1.2269477984021144,0.007508860455337298,3.2423259446146453
18179,"Wells County, Indiana",28103,6965,6960,9179,4061,938,17.78813649788279,49.54987012062769,93.51314806248443,0.8255346404298474,0.032025050706330285,0.41988399814966376,0,3.2558801551435788
18181,"White County, Indiana",24593,5757,5712,8270,4172,682,19.737323628674826,46.63522140446469,88.59024925791891,0.4838775261253202,0.2521042573089904,0.2887000365957793,0,8.811450412719067
18183,"Whitley County, Indiana",34048,7884,8473,11587,5365,739,17.92763157894737,48.041000939849624,93.9438439849624,0.37006578947368424,0.16153665413533835,0.29370300751879697,0,2.264450187969925
19001,"Adair County, Iowa",7439,1663,1829,2337,1312,298,21.642693910471838,46.94179325178116,94.79768786127168,0.5780346820809249,0,0.9006586906842318,0,2.4868933996504907
19003,"Adams County, Iowa",3697,794,838,1235,728,102,22.450635650527456,44.143900459832295,95.32053015958886,0.1352447930754666,0.4598322964565864,0,0,1.4876927238301325
19005,"Allamakee County, Iowa",14068,3351,3121,4436,2671,489,22.462325845891385,46.005117998294,89.55786181404606,1.6704577765140745,0.2274665908444697,0.4975831674722775,0,7.186522604492465
19007,"Appanoose County, Iowa",12310,2816,2885,3838,2312,459,22.510154346060112,46.31194151096669,94.30544272948822,0.20308692120227456,0.6742485783915516,0.2843216896831844,0,2.282696994313566
19009,"Audubon County, Iowa",5657,1259,1187,1832,1161,218,24.37687820399505,43.23846561781863,95.7221141948029,0.530316422131872,0.1060632844263744,0.0353544281421248,0,1.9798479759589889
19011,"Benton County, Iowa",25654,6016,5950,9025,3972,691,18.176502689639044,46.64379823809153,95.29897871676931,0.29235206985265455,0.07796055196070788,0.3040461526467607,0,1.6605597567630779
19013,"Black Hawk County, Iowa",131396,28843,44370,36473,19122,2588,16.52257298547901,55.719352187281196,79.694967883345,9.402873755669884,0.14688422783037536,2.6621814971536426,0.28387469938202076,4.657676032755944
19015,"Boone County, Iowa",26721,5780,6876,9193,4374,498,18.232850566969798,47.36349687511695,94.04588151641032,1.2387260955802553,0.08607462295572771,0.2694509936005389,0.12724074697803225,2.758130309494405
19017,"Bremer County, Iowa",24863,5701,7080,7302,4155,625,19.225354945099145,51.40570325383099,94.30881229135663,0.908981217069541,0.25741061014358685,0.9612677472549571,0.06837469331939026,1.7817640670876402
19019,"Buchanan County, Iowa",20598,5430,5084,6429,3214,441,17.74444120788426,51.04379065928731,95.59180502961452,0.6359840761238955,0.15535488882415768,0.0534032430333042,0.08253228468783377,1.7720167006505485
19021,"Buena Vista County, Iowa",20723,5430,6099,6076,2546,572,15.046084061188052,55.63383679969117,56.66168025864981,2.557544757033248,0.03377889301742026,10.225353471987647,1.824060222940694,26.53090768711094
19023,"Butler County, Iowa",14421,3323,3257,4632,2698,511,22.25227099368976,45.627903751473546,95.8948755287428,0.5200748907842729,0.15255530129672007,0.8113168296234657,0,1.5810276679841897
19025,"Calhoun County, Iowa",9962,2236,2446,3022,1859,399,22.666131298935955,46.99859465970689,93.39490062236499,1.586026902228468,0.11041959445894399,0.4015257980325236,0,2.1682393093756276
19027,"Carroll County, Iowa",20756,4981,4921,6713,3480,661,19.950857583349393,47.706687222971674,93.51031027172866,0.27461938716515705,0.048178839853536326,0.6600501059934477,0,2.9196376951243015
19029,"Cass County, Iowa",13158,2998,2788,4408,2485,479,22.52621979024168,43.97324821401429,94.54324365405077,0.7447940416476668,0.09879920960632314,0.3495972032223742,0,3.10077519379845
19031,"Cedar County, Iowa",18494,4092,4621,6210,2958,613,19.308965069752354,47.11257705201687,94.76587001189576,0.5569373850978696,0.17843624959446308,0.6758948848275116,0,2.33589272196388
19033,"Cerro Gordo County, Iowa",43185,9086,10633,14234,7847,1385,21.37779321523677,45.66168808614102,89.5079309945583,1.7042954729651498,0.24082436031029292,1.206437420400602,0.19682760217668172,5.224036123654047
19035,"Cherokee County, Iowa",11606,2629,2384,3865,2231,497,23.505083577459935,43.19317594347751,90.60830604859555,1.404445976219197,0,0.4135791831811132,0,4.333965190418749
19037,"Chickasaw County, Iowa",12021,2872,2729,3956,2168,296,20.497462773479743,46.593461442475665,95.14183512187006,0.5906330588137426,0.3909824473837451,0.02495632642874969,0.02495632642874969,2.969802845021213
19039,"Clarke County, Iowa",9736,2546,2546,2867,1466,311,18.251848808545603,52.300739523418244,80.63886606409203,0.0924404272801972,0.15406737880032867,0.020542317173377157,0,15.89975349219392
19041,"Clay County, Iowa",16410,3847,4129,5020,2877,537,20.804387568555757,48.60450944546009,92.6691042047532,0.17672151127361366,0.19500304692260817,0.56672760511883,0,4.08897014015844
19043,"Clayton County, Iowa",17173,3731,3744,5685,3352,661,23.368077796541083,43.527630582891746,95.55115588423688,0.2795085308332848,0.0640540383159611,0.3086240027950853,0,2.090490886857276
19045,"Clinton County, Iowa",46589,10645,11364,15510,7917,1153,19.468114791045096,47.24076498744339,90.2423318809161,2.749576080190603,0.1395179119534654,0.7212002833286827,0.0042928588293373975,3.337697739809826
19047,"Crawford County, Iowa",16555,4210,4729,4829,2554,233,16.834793113862883,53.99577167019027,63.896103896103895,3.539716097855633,0.018121413470250678,2.295379039565086,0.006040471156750227,29.163394744790093
19049,"Dallas County, Iowa",96604,26545,29426,29271,9847,1515,11.761417746677155,57.93859467516873,83.17668005465612,1.997846880046375,0.09109353649952383,4.53811436379446,0.005175769119291127,6.304086787296592
19051,"Davis County, Iowa",9066,2691,2281,2531,1299,264,17.240238252812706,54.84226781380984,95.17979263181117,0,0,0.5846018089565409,0,1.6435031987646151
19053,"Decatur County, Iowa",7718,1684,2496,1990,1338,210,20.05700958797616,54.159108577351645,91.33195128271574,1.5418502202643172,0.0647836227001814,0.7255765742420316,0.012956724540036279,3.303964757709251
19055,"Delaware County, Iowa",17508,4210,3764,6115,2951,468,19.528215672835277,45.54489376285127,95.7162440027416,0.13708019191226867,0.07996344528215672,0.29700708247658214,0,1.582133881654101
19057,"Des Moines County, Iowa",39069,8908,9498,12597,6715,1351,20.645524584709104,47.11152064296501,86.01192761524483,5.9433310297166555,0.10494253756174972,1.0929381350943204,0.0025595740868719443,3.5245335176226678
19059,"Dickinson County, Iowa",17536,3423,3797,5774,3938,604,25.901003649635037,41.17244525547445,94.40579379562044,0.09124087591240876,0.09694343065693431,0.8724908759124088,0,2.417883211678832
19061,"Dubuque County, Iowa",98687,22618,28501,30044,15117,2407,17.75715139785382,51.79912247813795,89.83655395340826,2.939596907394084,0.13679613322930073,1.2190055427766575,0.6292622128547833,2.6710711643884197
19063,"Emmet County, Iowa",9433,1935,2493,2904,1823,278,22.27287183292696,46.94158804198028,85.3175023852433,2.3534400508851903,0.1908194635852857,0.0424043252411746,0.03180324393088095,9.880207781193683
19065,"Fayette County, Iowa",19582,4183,5041,6251,3470,637,20.97334286589725,47.10448370952916,92.258196302727,1.4247778572158105,0.04596057603921969,0.6587682565621489,0.00510673067102441,2.808701869063426
19067,"Floyd County, Iowa",15672,3591,3680,4971,2824,606,21.886166411434406,46.39484430832057,89.59290454313425,1.5058703420112303,0.1467585502807555,1.4675855028075548,0.3573251659009699,3.97524247064829
19069,"Franklin County, Iowa",10056,2359,2232,3346,1835,284,21.071996817820207,45.65433571996818,84.05926809864758,0.5668257756563246,0.01988862370723946,0,0,13.375099443118536
19071,"Fremont County, Iowa",6702,1528,1411,2289,1244,230,21.993434795583408,43.85258131900925,94.07639510593853,0.43270665472993136,0.25365562518651147,0,0,2.999104744852283
19073,"Greene County, Iowa",8831,1997,2006,2832,1697,299,22.602196806703656,45.32895481825388,93.79458724946213,0.13588495074170537,0.11323745895142114,0.5435398029668215,0,3.068735137583513
19075,"Grundy County, Iowa",12336,2903,2890,4020,2194,329,20.452334630350194,46.96011673151751,95.99546044098574,0.7214656290531777,0.10538261997405966,0.34857328145265887,0,1.4996757457846952
19077,"Guthrie County, Iowa",10599,2356,2208,3658,2108,269,22.42664402302104,43.060666100575524,94.04660817058213,0.3302198320596283,0.1320879328238513,0.2358713086140202,0,2.849325408057364
19079,"Hamilton County, Iowa",15073,3464,3588,4895,2567,559,20.739069860014595,46.78564320307835,88.28368606116898,1.4927353546075766,0.11941882836860612,2.6603861208783917,0.4312346579977443,6.481788628673788
19081,"Hancock County, Iowa",10837,2367,2518,3539,2024,389,22.2663098643536,45.07705084432961,91.78739503552644,1.171911045492295,0.12918704438497738,0.30451231890744673,0,4.9737012088216295
19083,"Hardin County, Iowa",16997,3378,4209,5676,3063,671,21.96858269106313,44.637288933341175,91.05136200505972,1.0648938047890804,0.9884097193622404,0.7766076366417604,0.04118373830676002,4.594928516797082
19085,"Harrison County, Iowa",14589,3423,3522,4860,2352,432,19.08287065597368,47.60435944889986,95.69538693536227,0.15079854685036673,0.006854479402289396,0.19192542326410308,0.03427239701144698,2.008362464870793
19087,"Henry County, Iowa",20488,4433,5655,6594,3266,540,18.57672784068723,49.23857868020305,87.16809839906287,2.45021475985943,0.22452167122217884,2.513666536509176,0.03416634127294026,5.159117532213979
19089,"Howard County, Iowa",9456,2418,2271,2845,1617,305,20.325719120135364,49.58756345177665,95.35744500846023,0.2643824027072758,0.32783417935702197,0.2326565143824027,0.021150592216582064,1.8401015228426396
19091,"Humboldt County, Iowa",9622,2308,2296,3044,1616,358,20.515485346081896,47.84868010808564,92.40282685512368,0.20785699438786115,0.04157139887757223,0.8833922261484098,0.540428185408439,4.801496570359593
19093,"Ida County, Iowa",6979,1733,1654,2112,1262,218,21.206476572574868,48.53130821034532,93.86731623441754,1.3898839375268663,0.01432870038687491,0.08597220232124947,0,3.2526149878206048
19095,"Iowa County, Iowa",16596,3851,3827,5810,2685,423,18.727404193781634,46.26416003856351,93.82381296698,0.42781393106772714,0,0.17474090142202942,0,3.1152084839720415
19097,"Jackson County, Iowa",19499,4324,4642,6469,3438,626,20.842094466382893,45.98184522283194,94.97410123596082,0.5025898764039182,0.005128468126570593,0.4974614082773476,0.6564439202010359,1.6359813323760193
19099,"Jasper County, Iowa",37686,8442,9970,12235,6144,895,18.678023669267102,48.856339224115054,92.55161067770526,1.7115109059067029,0.2282014541208937,0.6156132250703179,0,2.6375842487926553
19101,"Jefferson County, Iowa",15846,3206,4262,4795,3204,379,22.611384576549288,47.12861289915436,80.43670326896378,6.6073457023854605,0,6.222390508645715,0,3.41411081660987
19103,"Johnson County, Iowa",151833,30374,64319,38938,16211,1991,11.988171214426377,62.36654745674524,76.96548181225425,7.0834403588152774,0.1896820849222501,6.03689579999078,0.059275651538203154,5.84589647836768
19105,"Jones County, Iowa",20680,4498,4984,6938,3647,613,20.599613152804643,45.851063829787236,92.52901353965184,2.2147001934235977,0.12088974854932302,0.6528046421663443,0,2.2292069632495166
19107,"Keokuk County, Iowa",10050,2322,2315,3238,1922,253,21.64179104477612,46.13930348258707,95.8905472636816,0.5174129353233831,0.04975124378109453,0.1791044776119403,0.029850746268656716,2.0796019900497513
19109,"Kossuth County, Iowa",14823,3297,3464,4565,2867,630,23.591715577143628,45.611549618835596,93.2537273156581,0.411522633744856,0.6206570869594549,0.546448087431694,0.026985090737367604,3.575524522701208
19111,"Lee County, Iowa",33724,7301,8267,11287,5977,892,20.36828371486182,46.16296999169731,90.35998102241727,2.988969280037955,0.2194283003202467,0.7235203415964891,0,3.6917328905230695
19113,"Linn County, Iowa",228567,53295,67030,71878,31455,4909,15.909558247691049,52.64320746214458,84.26544514299965,5.767674248688568,0.10981462765841088,2.3161698757913434,0.15137793294745086,3.492630169709538
19115,"Louisa County, Iowa",10891,2466,2683,3701,1781,260,18.74024423836195,47.27756863465247,77.73390873198053,0.6427325314479846,0.1285465062895969,3.535028922963915,0,16.16931411257001
19117,"Lucas County, Iowa",8650,1964,2024,2822,1552,288,21.271676300578033,46.104046242774565,95.78034682080924,0.2658959537572254,0.023121387283236993,0.3352601156069364,0,2.3352601156069364
19119,"Lyon County, Iowa",11953,3392,2877,3510,1810,364,18.187902618589476,52.447084413954656,94.9636074625617,0.14222370952898855,0.09202710616581611,0.6023592403580691,0.15058981008951727,2.936501296745587
19121,"Madison County, Iowa",16414,4179,3901,5513,2570,251,17.186548068721823,49.226270257097596,94.48641403679785,0.6518825392957232,0.07310832216400634,0.9565005483124163,0,2.357743389789204
19123,"Mahaska County, Iowa",22132,5316,6078,6769,3425,544,17.933309235496115,51.48201698897524,92.33236941984457,1.6808241460328937,0.07681185613591181,1.233508042653172,0.13555033435749142,2.3902042291704317
19125,"Marion County, Iowa",33381,7829,9036,10577,5019,920,17.791558071957102,50.522752463976516,93.99059345136455,0.9736077409304694,0.07489290314849764,1.1982864503759623,0.026961445133459154,2.1389413139210927
19127,"Marshall County, Iowa",40137,10257,10530,12168,6072,1110,17.893714029449136,51.790118842962855,68.5651643122306,1.1037197598226076,0.2167576052021825,3.9016368936392856,0.004982933452923736,23.519445897800036
19129,"Mills County, Iowa",14658,3457,3488,4957,2391,365,18.802019375085276,47.380270159639785,93.73038613726293,0.3274662300450266,0.13644426251876107,0.3138218037931505,0,3.5339063992359123
19131,"Mitchell County, Iowa",10526,2537,2437,3385,1802,365,20.587117613528406,47.25441763252898,96.36139084172525,0.46551396541896256,0.057001710051301537,0.8455253657609728,0,1.662549876496295
19133,"Monona County, Iowa",8732,1950,1920,2728,1764,370,24.4388456252863,44.31974347228584,94.34264773247824,0.22904260192395787,0.9276225377920293,0,0.37792029317453046,2.130096197892808
19135,"Monroe County, Iowa",7589,1853,1823,2437,1255,221,19.449202793516932,48.43852945052049,94.79509816840164,0.039530899986823034,0,1.1595730662801422,0,0.28989326657003556
19137,"Montgomery County, Iowa",10327,2515,2386,3213,1812,401,21.429263096736708,47.45811949259223,92.47603369807301,0.04841677156967174,0.3679674639295052,0.25176721216229303,0,4.105742229108163
19139,"Muscatine County, Iowa",43145,10737,11912,13408,6174,914,16.42832309653494,52.495074747942986,75.67273148684669,2.4915980994321476,0.1297948777378607,0.6095723722331672,0.0834395642600533,18.416966044732877
19141,"O'Brien County, Iowa",14139,3405,3533,4332,2223,646,20.291392602022775,49.069948369757405,91.21578612348823,1.464035646085296,0.14852535539995756,0.6577551453426692,0,5.502510785769856
19143,"Osceola County, Iowa",6168,1462,1356,2039,1101,210,21.254863813229573,45.68741893644617,87.32166018158236,0.5998702983138781,0.3404669260700389,1.0051880674448768,0,8.641374837872892
19145,"Page County, Iowa",15250,3041,3804,4977,2864,564,22.478688524590165,44.885245901639344,90.24262295081967,1.7311475409836066,0.26229508196721313,0.9245901639344263,0.013114754098360656,3.7508196721311475
19147,"Palo Alto County, Iowa",8996,2131,2164,2768,1532,401,21.487327701200535,47.7434415295687,91.85193419297465,1.4673188083592708,0.044464206313917294,0.45575811471765226,0,3.168074699866607
19149,"Plymouth County, Iowa",25543,6441,6213,8146,3825,918,18.5686880945856,49.53999138707278,90.57667462709941,1.6286262381082879,0.44239126179383786,0.4032415926085425,0.2779626512155972,5.590572759660181
19151,"Pocahontas County, Iowa",7091,1604,1596,2292,1352,247,22.549710901142294,45.12762656889014,92.18727965026089,0.3243548159638979,0.15512621633055987,0.5640953321111268,0.5217881822027922,4.357636440558454
19153,"Polk County, Iowa",488871,121827,152650,150658,56298,7438,13.03738614072015,56.14507712668577,76.20762941553089,7.022097854035113,0.13070932822769196,4.879405814621853,0.06177498767568541,8.712114238725553
19155,"Pottawattamie County, Iowa",93571,22184,25221,29805,14310,2051,17.48511825245001,50.66206410105695,86.42528133716642,1.3583268320312918,0.24259653097647776,0.6711481121287578,0.02244285088328649,8.247213346015325
19157,"Poweshiek County, Iowa",18628,3733,5414,5689,3288,504,20.35645265192184,49.10350010736526,91.3946746832725,1.2347004509340778,0.2576766158471119,2.158041657719562,0,3.3551642688426027
19159,"Ringgold County, Iowa",4739,1149,1042,1438,923,187,23.422663009073645,46.23338257016248,94.8301329394387,0.0844059928254906,0,0.18991348385735388,0,2.7009917704156994
19161,"Sac County, Iowa",9829,2193,2123,3227,1901,385,23.257706786041307,43.91087597924509,94.04822464136738,0.7630481229016176,0,0.5086987486010784,0,3.703326889815851
19163,"Scott County, Iowa",174170,41552,48729,55636,24983,3270,16.22150772234024,51.83498880404203,78.56978813802607,6.983981167824539,0.14698283286444278,2.8489406901303322,0.04191307343400126,7.106849629672159
19165,"Shelby County, Iowa",11750,2586,2792,3731,2145,496,22.47659574468085,45.770212765957446,94.01702127659574,1.0638297872340425,0.09361702127659574,0,0,3.1914893617021276
19167,"Sioux County, Iowa",35647,9759,10594,9798,4730,766,15.417847224170337,57.09596880522905,86.42522512413387,0.4348191993716161,0.04768984767301596,0.4488456251577973,0.02805285157236233,11.198698347687042
19169,"Story County, Iowa",98106,16316,48147,21613,10341,1689,12.262246957372637,65.70750005096528,82.79106272806963,2.3342099361914666,0.12945181742197215,7.5754795833078505,0.014270279085886694,3.7112918679795324
19171,"Tama County, Iowa",17079,4154,4114,5451,2815,545,19.673282979097138,48.41032847356403,79.28450143451022,0.8489958428479419,6.575326424263715,0.585514374377891,0.02342057497511564,11.048656244510802
19173,"Taylor County, Iowa",5932,1388,1356,1887,1084,217,21.931894807821983,46.25758597437626,89.10991233985165,0.016857720836142953,0,0,0,8.209710047201618
19175,"Union County, Iowa",12193,2761,3400,3583,2137,312,20.085294841302385,50.52899204461576,93.5946854752727,0.43467563356023947,0,0.6971212991060445,0.05740998933814484,3.1083408513081277
19177,"Van Buren County, Iowa",7196,1671,1515,2387,1413,210,22.55419677598666,44.274596998332406,96.09505280711507,0.3196220122290161,0.013896609227348526,0.6253474152306837,0,1.5981100611450807
19179,"Wapello County, Iowa",35343,8221,9680,11177,5337,928,17.726282432164783,50.64935064935065,80.45440398381575,3.2623150270209096,0,1.4345131992190816,1.1742070565599978,11.201652378122967
19181,"Warren County, Iowa",51862,12858,14120,16767,7062,1055,15.65115113184991,52.01881917396167,93.49812965176815,0.7269291581504763,0.06170220971038525,0.7269291581504763,0.10026609077937604,3.0773977093054645
19183,"Washington County, Iowa",22525,5616,5589,7071,3612,637,18.86348501664817,49.74472807991121,90.09100998890122,0.634850166481687,0.07991120976692564,0.5016648168701443,0.03107658157602664,6.814650388457269
19185,"Wayne County, Iowa",6504,1684,1461,1987,1188,184,21.094710947109473,48.35485854858548,94.51107011070111,0.33825338253382536,0,0.06150061500615006,0,1.7835178351783518
19187,"Webster County, Iowa",37114,7967,11027,11190,5990,940,18.672199170124482,51.17745325214205,85.42329040254351,4.286792046128146,0.25596809829174977,1.3364229131863987,0.005388802069299994,5.7175189955272945
19189,"Winnebago County, Iowa",10743,2382,2855,3245,1953,308,21.046262682677092,48.74802196779298,90.67299636972912,0.6143535325328121,0.07446709485246207,2.662198640975519,0,5.128921157963325
19191,"Winneshiek County, Iowa",20100,3740,5995,6118,3661,586,21.129353233830845,48.43283582089552,94.66169154228855,0.8905472636815921,0.25870646766169153,0.746268656716418,0.004975124378109453,2.3681592039800994
19193,"Woodbury County, Iowa",105102,27491,30394,31421,14042,1754,15.029209720081445,55.07506993206599,70.38020208939886,3.658350935281917,1.6460200567068182,2.4147970542901183,0.4443302696428232,17.617171890163842
19195,"Worth County, Iowa",7450,1542,1834,2515,1340,219,20.926174496644297,45.31543624161074,94.09395973154362,0.6577181208053692,0.026845637583892617,0.5100671140939598,0,3.221476510067114
19197,"Wright County, Iowa",12978,3221,2916,3943,2354,544,22.33009708737864,47.28771767606719,83.47973493604562,0.24657112035752812,0.13869625520110956,0.14640160271228234,0,13.06826937894899
20001,"Allen County, Kansas",12557,2806,3299,3916,2140,396,20.19590666560484,48.61830054949431,89.65517241379311,2.062594568766425,0.5972764195269571,0.8919327864935892,0.6052401051206499,3.9101696265031456
20003,"Anderson County, Kansas",7800,2001,1908,2271,1455,165,20.76923076923077,50.11538461538461,93.14102564102564,0.8076923076923077,0.6794871794871795,0.05128205128205128,0,2.3076923076923075
20005,"Atchison County, Kansas",16382,3847,5090,4667,2393,385,16.9576364302283,54.55377853741912,87.63276767183494,2.5332682212184103,0.1281894762544256,0.6287388597240874,0,3.162007080942498
20007,"Barber County, Kansas",4178,1012,1017,1229,787,133,22.020105313547152,48.56390617520345,88.82240306366683,0.3829583532790809,0.9334609861177597,1.1728099569171853,0,6.4624222115844905
20009,"Barton County, Kansas",25708,6148,6931,7554,4242,833,19.740936673409056,50.87521394118562,80.4768943519527,1.1436128831492143,0.37731445464446867,0.28006846117939943,0,15.403765364866967
20011,"Bourbon County, Kansas",14410,3709,3679,4221,2433,368,19.43789035392089,51.26995142262318,89.00069396252603,2.498265093684941,0.09021512838306732,0.8605135322692574,0,2.9909784871616933
20013,"Brown County, Kansas",9532,2473,2145,3013,1649,252,19.943348720100712,48.44733529164918,81.31556861099455,0.902224087284935,7.532522031053294,0.13638271086865295,0,5.392362568191356
20015,"Butler County, Kansas",67404,17218,17918,22004,8846,1418,15.227582932763633,52.12747017981129,87.42804581330485,2.220936442941072,0.6468458845172393,1.2120942377306985,0.10533499495578898,5.185152216485669
20017,"Chase County, Kansas",2583,544,620,804,524,91,23.80952380952381,45.063879210220676,89.81804103755323,1.2001548586914441,0.6194347657762292,0,0,5.652342237708091
20019,"Chautauqua County, Kansas",3394,776,810,977,768,63,24.484384207424867,46.72952268709487,84.38420742486741,1.2080141426045963,4.154390100176783,0.3241013553329405,0,4.390100176782558
20021,"Cherokee County, Kansas",19507,4546,4668,6546,3311,436,19.208489260265544,47.2343261393346,86.7022094632696,0.7433229097247142,2.2043369047008765,0.17942277131286205,0.6151637873583842,2.998923463372123
20023,"Cheyenne County, Kansas",2647,559,628,761,569,130,26.407253494522102,44.84321873819418,89.98866641480922,0,0.7933509633547412,0,0.34000755572346053,7.253494522100491
20025,"Clark County, Kansas",1994,481,354,674,397,88,24.32296890672016,41.875626880641924,86.81043129388165,0,2.206619859578736,1.60481444332999,0,4.714142427281845
20027,"Clay County, Kansas",8085,1932,1800,2402,1568,383,24.131106988249844,46.1595547309833,92.94990723562152,1.6697588126159555,0.7421150278293135,0.48237476808905383,0,2.918985776128633
20029,"Cloud County, Kansas",9037,2209,2403,2545,1583,297,20.8033639482129,51.03463538784995,91.53480137213677,1.3500055328095606,0.33196857364169524,0,0,3.6073918335730886
20031,"Coffey County, Kansas",8361,1822,1948,2796,1540,255,21.46872383686162,45.09030020332496,92.70422198301638,0.6936969262049995,0.17940437746681018,0.598014591556034,0,3.324961129051549
20033,"Comanche County, Kansas",1809,379,358,568,407,97,27.860696517412936,40.74074074074074,94.58264234383637,0,0,0,0,3.316749585406302
20035,"Cowley County, Kansas",34769,8286,9745,10439,5293,1006,18.116713164025423,51.85941499611723,78.43481262043774,2.2548822226696195,1.2194771204233656,1.8522246829071873,0.005752250568034744,11.337685869596479
20037,"Crawford County, Kansas",39018,8700,13735,10701,5060,822,15.075093546568251,57.49910297811267,85.82705418012199,1.8606796862986315,0.3793121123583987,1.840176328873853,0.1383976626172536,6.130503870008714
20039,"Decatur County, Kansas",2792,595,553,874,620,150,27.578796561604584,41.117478510028654,93.37392550143267,0.7879656160458453,0.7879656160458453,0.3223495702005731,0,3.330945558739255
20041,"Dickinson County, Kansas",18572,4328,4557,6051,3199,437,19.577859142795607,47.84083566659488,89.43032522076244,0.985354296790868,0.4415248761576567,0.7915141072582382,0,5.1959939694163255
20043,"Doniphan County, Kansas",7549,1486,2223,2363,1269,208,19.565505364949,49.1323354086634,89.5615313286528,5.02053252086369,0.2119486024639025,0.10597430123195126,0,2.9142932838786595
20045,"Douglas County, Kansas",118690,21602,52935,29343,13443,1367,12.477883562220912,62.79973039009184,77.40416210295729,3.900075827786671,1.581430617575196,5.046760468447215,0,6.514449406015671
20047,"Edwards County, Kansas",2911,692,687,900,496,136,21.710752318790792,47.3720371006527,74.85400206114737,0.1717622810030917,0.3435245620061834,0.27481964960494676,0,21.36722775678461
20049,"Elk County, Kansas",2466,575,400,804,598,89,27.85888077858881,39.537712895377126,88.44282238442823,0.08110300081103,1.6220600162206003,0.24330900243309003,0,4.663422546634226
20051,"Ellis County, Kansas",28893,6221,10389,7826,3603,854,15.425881701450178,57.487972865399925,89.00079604056346,0.9310213546533762,0.13498079119509915,1.716678780327415,0.19727961790052953,6.139895476412972
20053,"Ellsworth County, Kansas",6403,1211,1872,1983,1167,170,20.88083710760581,48.149305013275026,84.75714508823988,3.404654068405435,0.8433546774949242,1.2337966578166484,0,6.215836326721849
20055,"Finney County, Kansas",38338,11614,11759,10751,3609,605,10.99170535760864,60.96562157650373,40.1142469612395,3.863007981637018,0.19041160206583546,3.7717147477698365,0,50.54775940320309
20057,"Ford County, Kansas",34426,10444,10073,10142,3285,482,10.942311043978389,59.59739731598211,39.02573636205194,1.7661070121419857,0.06390518793934817,1.1909603206878523,0.09004821936908151,55.79794341486086
20059,"Franklin County, Kansas",25953,6221,6879,8572,3753,528,16.49520286672061,50.47586020883905,90.12060262782722,0.4431086964898085,0.3698994335914923,0.41228374369051746,0,4.4927368704966675
20061,"Geary County, Kansas",36514,11447,15651,6383,2549,484,8.306403023497836,74.21263077175878,55.22265432436873,16.38275729857041,0.4600974968505231,2.9933724051048913,1.0461740702196418,16.782603932738127
20063,"Gove County, Kansas",2774,713,602,772,582,105,24.76568132660418,47.404470079307856,94.08795962509012,0.3604902667627974,0,1.2977649603460706,0,2.4152847873107426
20065,"Graham County, Kansas",2444,509,448,846,528,113,26.227495908346974,39.15711947626841,87.64320785597381,4.4189852700491,0,0.900163666121113,0,3.8870703764320784
20067,"Grant County, Kansas",7430,2275,2138,2033,898,86,13.243606998654105,59.39434724091521,48.4656796769852,0.09421265141318977,0,1.17092866756393,0,48.58681022880215
20069,"Gray County, Kansas",5720,1709,1470,1688,742,111,14.912587412587413,55.57692307692308,80.96153846153847,0,0.13986013986013987,0.2972027972027972,0,16.3986013986014
20071,"Greeley County, Kansas",1257,363,275,379,208,32,19.09307875894988,50.7557677008751,75.97454256165473,0,1.7501988862370723,0,0,22.03659506762132
20073,"Greenwood County, Kansas",6049,1315,1238,2000,1270,226,24.731360555463713,42.20532319391635,91.40353777483881,0.38022813688212925,0.6943296412630187,0.19837989750371962,0,4.165977847578112
20075,"Hamilton County, Kansas",2572,695,853,684,297,43,13.219284603421462,60.186625194401245,63.06376360808709,0,0,0,0,33.864696734059095
20077,"Harper County, Kansas",5525,1402,1251,1637,1048,187,22.352941176470587,48.01809954751131,89.39366515837104,0.14479638009049775,0.7420814479638009,0.5248868778280543,0.23529411764705882,6.53393665158371
20079,"Harvey County, Kansas",34006,8281,9024,10100,5464,1137,19.41128036228901,50.88807857436923,81.40622243133565,1.955537258130918,0.0558724930894548,0.24113391754396282,0.08821972593071811,12.394871493265894
20081,"Haskell County, Kansas",3803,1076,1019,1183,494,31,13.804890875624507,55.08808835130161,65.73757559821193,0.3155403628714173,0.8940310281356824,0.15777018143570865,0,31.369971075466736
20083,"Hodgeman County, Kansas",1851,403,403,642,344,59,21.7720151269584,43.5440302539168,90.65370070232306,0.10804970286331712,0.05402485143165856,0,0,7.185305240410589
20085,"Jackson County, Kansas",13287,3356,3077,4334,2324,196,18.965906525174983,48.41574471287725,83.20915180251373,0.28599382855422595,6.878904192067434,0.15804922104312485,0.022578460149017838,5.162941220742079
20087,"Jefferson County, Kansas",18391,4196,4297,6457,3072,369,18.710238703713774,46.18019683540862,92.969387200261,0.6688053939426893,0.48936980044587025,0.1196237289978794,0,3.0504050894459245
20089,"Jewell County, Kansas",2927,619,541,887,735,145,30.064912880081994,39.63102152374445,92.82541851725315,0.37581141100102494,0.1708233686368295,0.30748206354629315,0,2.5281858558250767
20091,"Johnson County, Kansas",605154,146832,174874,194887,77240,11321,14.634456683753227,53.16101356018468,78.74309679850087,4.701282648714211,0.16128126063778805,5.29303284783708,0.016028977747812954,7.923272423217892
20093,"Kearny County, Kansas",4019,1192,1026,1196,522,83,15.05349589450112,55.18785767603882,65.81239114207514,0.9206270216471759,0.04976362279173924,0.27369992535456583,0,31.97312764369246
20095,"Kingman County, Kansas",7495,1644,1627,2632,1330,262,21.24082721814543,43.642428285523685,91.74116077384923,0.1467645096731154,0.12008005336891261,0.0133422281521014,0,3.8959306204136093
20097,"Kiowa County, Kansas",2457,604,589,720,415,129,22.14082214082214,48.555148555148556,88.56328856328857,0.814000814000814,0.9361009361009361,1.3024013024013024,0,5.738705738705739
20099,"Labette County, Kansas",20222,4929,5030,6427,3325,511,18.969439224606862,49.24834338838888,84.75422806844031,4.144001582434972,0.8357234694886757,0.11373751359905054,0,4.935219068341411
20101,"Lane County, Kansas",1504,326,315,572,248,43,19.34840425531915,42.619680851063826,85.30585106382979,0,0.7313829787234043,2.526595744680851,0.13297872340425532,11.236702127659575
20103,"Leavenworth County, Kansas",81601,19383,24341,26130,10587,1160,14.395656915969168,53.582676682883786,78.07624906557518,7.265842330363599,0.5710714329481257,1.2132204262202668,0.03308782980600728,7.290351833923604
20105,"Lincoln County, Kansas",2952,697,611,922,610,112,24.4579945799458,44.3089430894309,92.85230352303523,0.13550135501355012,0.06775067750677506,0,0,3.7601626016260163
20107,"Linn County, Kansas",9667,2200,2271,3064,1865,267,22.054411916830453,46.250129305886006,91.86924588807283,0.28964518464880523,0.2172338884866039,1.5516706320471707,0.1137891796834592,3.0102410261715113
20109,"Logan County, Kansas",2777,686,693,822,427,149,20.741807706157726,49.65790421317969,89.95318689232985,0.07202016564638099,1.2243428159884768,0.5041411595246669,0,5.905653583003241
20111,"Lyon County, Kansas",32318,7249,11407,8864,4246,552,14.846215731171483,57.72634445200817,70.41277306764033,1.8039482641252553,0.4208181199331642,1.5223714338758587,0,21.90420199269757
20113,"McPherson County, Kansas",30059,6744,8180,9287,4627,1221,19.4550716923384,49.649023586945674,90.98107056122959,1.3839449083469177,0.12309125386739413,0.7385475232043648,0,4.504474533417612
20115,"Marion County, Kansas",11877,2531,2975,3638,2347,386,23.010861328618336,46.35850804075103,92.1781594678791,0.9345794392523364,0.20207123010861328,0.5304369790351099,0,3.9572282562936767
20117,"Marshall County, Kansas",9995,2445,2292,3055,1888,315,22.041020510255127,47.39369684842421,94.3071535767884,0.5302651325662832,0.05002501250625312,0.4302151075537769,0,2.621310655327664
20119,"Meade County, Kansas",4089,1085,1147,1185,570,102,16.434336023477623,54.58547322083639,73.9789679628271,0.36683785766691124,0.024455857177794083,1.1249694301785278,0,22.254830031792615
20121,"Miami County, Kansas",33968,8275,7817,12211,5095,570,16.677461139896373,47.373999057936885,91.87176165803109,0.8625765426283561,0.38860103626943004,0.6152849740932642,0,3.4179227508243053
20123,"Mitchell County, Kansas",5884,1336,1431,1760,1143,214,23.062542488103333,47.02583276682529,94.37457511896669,0.4418762746430999,0.628823929299796,0.23793337865397687,0,2.328348062542488
20125,"Montgomery County, Kansas",31679,7550,7953,10164,5211,801,18.977871776255565,48.937782126961075,78.55677262539852,4.86126456011869,2.897818744278544,0.5681997537801067,0.025253322390226964,7.134063575239117
20127,"Morris County, Kansas",5377,1124,1260,1664,1130,199,24.71638460107867,44.336990887111774,90.68253673051888,0.14878184861446903,0.33475915938255535,0.502138739073833,0,5.318951087967268
20129,"Morton County, Kansas",2744,702,751,769,466,56,19.02332361516035,52.95189504373178,70.99125364431487,0.32798833819241985,0,1.6399416909620992,0,23.61516034985423
20131,"Nemaha County, Kansas",10197,2828,2248,3142,1449,530,19.40766892223203,49.779346866725504,94.56702951848582,0.5001471020888497,0.33343140139256644,0.18632931254290477,0,2.216338138668236
20133,"Neosho County, Kansas",15926,3963,4011,4809,2685,458,19.735024488258194,50.06906944618862,88.86726108250659,1.1867386663317845,0.28255682531709153,0.2009292980032651,0,6.096948386286575
20135,"Ness County, Kansas",2717,562,645,846,541,123,24.438719175561282,44.423997055576,84.50496871549502,0.7729112992270887,0.2208317997791682,0.5888847994111152,0,11.59366948840633
20137,"Norton County, Kansas",5457,1090,1462,1776,924,205,20.689023272860545,46.76562213670515,87.63056624518967,3.1335898845519514,0.3665017408832692,0.6963533076782115,0,5.442550852116548
20139,"Osage County, Kansas",15811,3700,3722,5248,2825,316,19.865916134336853,46.94200240339004,92.75188160141674,0.5439251154259692,0.20871545126810448,0.16444247675668838,0.018974131933464044,3.5544873822022645
20141,"Osborne County, Kansas",3512,739,791,1118,665,199,24.60136674259681,43.56492027334852,93.05239179954442,0.48405466970387245,0.17084282460136674,0.08542141230068337,0,2.4772209567198176
20143,"Ottawa County, Kansas",5778,1331,1341,1937,1074,95,20.231914157147802,46.244375216337836,93.423329871928,0.8999653859466944,0.5711318795430945,0.05192107995846314,0,3.132571824160609
20145,"Pawnee County, Kansas",6356,938,1927,2165,1235,91,20.862177470106985,45.075519194461926,82.960981749528,6.84392699811202,0.8338577721837633,0.11013215859030837,0,7.709251101321586
20147,"Phillips County, Kansas",5022,1113,1182,1550,992,185,23.436877737953008,45.69892473118279,93.0505774591796,1.4137793707686181,0.13938669852648347,0.5376344086021505,0.2986857825567503,3.4249303066507366
20149,"Pottawatomie County, Kansas",25082,7460,6792,7266,3099,465,14.2093931903357,56.82162506977115,89.11968742524519,1.8299976078462643,0.1794115301810063,0.6458815086516226,0,5.29064667889323
20151,"Pratt County, Kansas",9266,2342,2423,2665,1585,251,19.81437513490179,51.424562918195555,87.57824303906756,1.964170084178718,0.19425857975393912,0.19425857975393912,0,7.165983164256422
20153,"Rawlins County, Kansas",2531,548,529,780,578,96,26.629790596602135,42.55235084946661,89.09521928091664,0.6321612011062822,0.4346108257605689,0.7111813512445674,0,7.427894112998815
20155,"Reno County, Kansas",62071,13973,16433,19388,10020,2257,19.778962800663756,48.985838797506084,83.0935541557249,2.324757132960642,0.608980038987611,0.5944805142498107,0.0612202155596011,9.840344122053777
20157,"Republic County, Kansas",4707,1070,995,1394,995,253,26.51370299553856,43.870830677714046,94.15763756107924,0.7648183556405354,0.2761844062035267,0.616103675377098,0,2.4431697471850438
20159,"Rice County, Kansas",9464,2188,2660,2815,1577,224,19.030008453085376,51.22569737954353,81.37151310228234,1.7857142857142858,0.46491969568892644,0.34868977176669486,0.23245984784446322,11.527895181741336
20161,"Riley County, Kansas",72602,11999,39761,14005,5851,986,9.417095947770035,71.29280185118867,76.33398528966144,6.06181647888488,0.3498526211399135,4.637613288890114,0.19283215338420429,8.436406710558938
20163,"Rooks County, Kansas",4975,1132,1180,1533,887,243,22.71356783919598,46.472361809045225,94.01005025125629,1.185929648241206,0.18090452261306533,0.2613065326633166,0.18090452261306533,2.71356783919598
20165,"Rush County, Kansas",2883,644,621,918,552,148,24.280263614290668,43.877904960110996,89.76760319112036,0.2774887270204648,0,0.31217481789802287,0,4.301075268817204
20167,"Russell County, Kansas",6747,1506,1506,2109,1242,384,24.099599822143176,44.64206313917297,90.66251667407737,1.6748184378242181,0.4001778568252557,0.014821402104639099,0,4.001778568252557
20169,"Saline County, Kansas",54378,12726,14715,17413,7996,1528,17.51443598514105,50.46342270771268,79.57262128066498,2.7474346242965906,0.22619441685975947,1.9235720328073853,0.02022876898745816,11.819118025672147
20171,"Scott County, Kansas",5163,1464,1335,1374,839,151,19.174898314933177,54.21266705403835,78.21034282393957,0,0,0.600426108851443,0.05810575246949448,20.31764478016657
20173,"Sedgwick County, Kansas",520467,133740,154973,155868,66638,9248,14.580367247106926,55.47191272453393,66.91106256496569,8.107334374705793,0.5189570136050893,4.217558461919776,0.05379783924821362,15.157925478464533
20175,"Seward County, Kansas",22223,6985,6642,6402,1783,411,9.872654457094002,61.31935382261621,29.050983215587454,2.506412275570355,0.6839760608378707,2.447914322998695,0,63.0697925572605
20177,"Shawnee County, Kansas",179053,42426,48751,55301,28226,4349,18.192937286725158,50.92179410565587,72.99291271299559,7.971382774932562,0.5445315074307607,1.3604910277962392,0.0011169877075502784,12.900091034498166
20179,"Sheridan County, Kansas",2459,625,540,739,476,79,22.570150467669784,47.37698251321675,92.11061407076048,0.5693371289141927,0.6913379422529483,0,0,5.612037413582757
20181,"Sherman County, Kansas",5965,1441,1650,1696,935,243,19.74853310980721,51.81894383906119,84.12405699916178,0.4694048616932104,0.06705783738474434,0.050293378038558254,0,12.305113160100587
20183,"Smith County, Kansas",3588,728,740,1136,821,163,27.4247491638796,40.91415830546266,94.03567447045708,0.36231884057971014,0.4180602006688963,0.39018952062430323,0,2.508361204013378
20185,"Stafford County, Kansas",4106,1004,950,1285,725,142,21.11544081831466,47.58889430102289,82.70823185582076,0.2679006332196785,1.2664393570384802,0.0974184120798831,0,13.321967851924013
20187,"Stanton County, Kansas",2088,651,515,560,324,38,17.337164750957854,55.842911877394634,53.11302681992337,0,0.09578544061302682,0,0,41.13984674329502
20189,"Stevens County, Kansas",5320,1546,1502,1443,691,138,15.582706766917294,57.29323308270677,59.19172932330827,0.41353383458646614,0.018796992481203006,0,0,37.40601503759399
20191,"Sumner County, Kansas",22603,5542,5260,7557,3573,671,18.776268636906604,47.7901163562359,88.60770694155643,0.8228996150953414,1.088351103835774,0.5751448922709375,0,5.685086050524267
20193,"Thomas County, Kansas",7902,1894,2373,2307,1105,223,16.80587193115667,53.99898759807644,88.78764869653253,0.45558086560364464,0.012655024044545684,1.240192356365477,0,7.453809162237408
20195,"Trego County, Kansas",2825,543,578,946,573,185,26.831858407079647,39.68141592920354,95.22123893805309,0.1415929203539823,0.24778761061946902,0,0,1.9823008849557522
20197,"Wabaunsee County, Kansas",6881,1632,1554,2313,1212,170,20.084290074117135,46.30140967882575,91.93431187327424,0.7266385699752943,0.26158988519110593,0.770236884173812,0.029065542799011773,4.156372620258684
20199,"Wallace County, Kansas",1529,377,348,430,250,124,24.46043165467626,47.41661216481361,90.38587311968607,0.3270111183780249,0.4578155657292348,0.6540222367560498,0,6.344015696533682
20201,"Washington County, Kansas",5531,1253,1228,1734,1101,215,23.793165792804196,44.85626468992949,93.27427228349303,0.2350388718134153,0.2350388718134153,0.7412764418730791,0,4.086060386910143
20203,"Wichita County, Kansas",2150,502,582,660,348,58,18.88372093023256,50.41860465116279,71.86046511627907,0.7441860465116279,0.09302325581395349,0.5581395348837209,0,25.953488372093023
20205,"Wilson County, Kansas",8713,2106,1956,2759,1625,267,21.714679214966143,46.61999311373809,91.78239412372318,0.32135888901641224,0.39022150809135775,0.04590841271663032,0.09181682543326064,3.4660851601055893
20207,"Woodson County, Kansas",3162,616,674,1074,679,119,25.23719165085389,40.79696394686907,92.47311827956989,0.06325110689437065,1.075268817204301,0,0,0.6641366223908919
20209,"Wyandotte County, Kansas",168333,46894,50450,49963,19014,2012,12.49071780340159,57.8282333232343,39.86265319337266,20.28716888548294,0.2649510197049895,5.053673373610641,0.15326763023293116,29.725009356454173
21001,"Adair County, Kentucky",18832,3835,5595,5934,3092,376,18.415463041631266,50.07434154630416,92.12510620220901,2.2992778249787595,0.005310110450297366,0.30267629566694987,0.04248088360237893,2.3152081563296516
21003,"Allen County, Kentucky",20604,4829,5319,6900,3141,415,17.258784701999613,49.25257231605514,94.57872257814017,0.5290234905843526,0.053387691710347504,0.19899048728402252,0,2.2762570374684525
21005,"Anderson County, Kentucky",23646,5616,5715,8571,3459,285,15.833544785587414,47.91930981984268,93.0305337054893,2.4443880571766896,0,0.40175928275395417,0.04651949589782627,2.0806901801573203
21007,"Ballard County, Kentucky",7814,1619,1827,2708,1439,221,21.24392116713591,44.100332736114666,91.98873816227284,3.8520604044023545,0.051190171487074485,0.28154594317890963,0,1.5740977732275403
21009,"Barren County, Kentucky",44277,10537,11338,14605,6883,914,17.609594145944847,49.404882896311854,89.66054610745985,3.4668112112383405,0.07453079476929331,0.8062876888678094,0,3.509722880953994
21011,"Bath County, Kentucky",12680,3288,2996,4295,1928,173,16.569400630914828,49.5583596214511,95,1.5457413249211356,0.055205047318611984,0.17350157728706625,0,1.7665615141955835
21013,"Bell County, Kentucky",24674,5323,6705,8095,3933,618,18.444516495096053,48.74766961173705,93.70187241630866,2.1115344086893084,0.222906703412499,0,0,1.2725946340277214
21015,"Boone County, Kentucky",134599,35253,35704,45456,16624,1562,13.511244511474825,52.717330737969824,86.4122318887956,3.67981931515093,0.07949539001032697,2.2719336696409336,0.03863327364987853,4.414594462068812
21017,"Bourbon County, Kentucky",20281,4620,5248,6637,3473,303,18.618411320940783,48.656377890636556,84.58162812484592,5.039199250530053,0,0.11340663675361176,0,7.095310882106405
21019,"Boyd County, Kentucky",48447,10466,12456,16098,8392,1035,19.458377195698393,47.31355914710921,92.53823766177473,1.8865977253493509,0.01857700167193015,0.38392470121988975,0.02889755815633579,1.9175593948025678
21021,"Boyle County, Kentucky",30469,6186,9083,9557,4912,731,18.52046342183859,50.11322984016542,84.52525517739342,7.804653910532016,0.07876858446289671,0.7417375036922774,0,3.449407594604352
21023,"Bracken County, Kentucky",8394,2037,2028,2933,1305,91,16.6309268525137,48.427448177269476,95.66356921610674,2.0729092208720514,0.2382654276864427,0.42887776983559683,0,0.6075768406004288
21025,"Breathitt County, Kentucky",13652,2863,3514,4918,2203,154,17.264869616173453,46.7111046000586,96.12510987401113,1.0474655728098448,0.16114854966305303,0.688543803105772,0,1.0694403750366246
21027,"Breckinridge County, Kentucky",20345,4646,4993,6822,3546,338,19.09068567215532,47.37773408699926,93.57090194150896,1.9808306709265175,0.024576062914721062,0,0.014745637748832637,1.8481199311870238
21029,"Bullitt County, Kentucky",81729,17837,22031,28902,11700,1259,15.856060884141492,48.78072654749232,92.93885891176939,1.063270075493399,0.0685191302964676,0.7341335388907242,0.014682670777814485,2.3614628834318294
21031,"Butler County, Kentucky",12413,2872,3064,4215,2005,257,18.222830903085473,47.82083299766374,93.93377910255377,0.5317006364295497,0.04028035124466285,0.40280351244662854,0.05639249174252799,3.5930073310239266
21033,"Caldwell County, Kentucky",12641,2868,2905,4204,2211,453,21.07428209793529,45.66885531207974,90.60200933470453,6.502650106795349,0,0,0,1.4397595126967804
21035,"Calloway County, Kentucky",37291,6796,13487,10718,5628,662,16.867340645195892,54.391139953339945,89.22796385186774,3.3225174975195086,0.23598187230162773,1.574106352739267,0.3432463597114585,2.772786999544126
21037,"Campbell County, Kentucky",93023,19481,29189,29509,13232,1612,15.957343882695678,52.32039388108317,91.56445180224246,2.568182062500672,0.044075121206583315,1.010502778882642,0.018275050256388203,2.197306042591617
21039,"Carlisle County, Kentucky",4821,1123,1199,1526,829,144,20.18253474382908,48.16428126944617,93.07197676830533,0.8089607965152458,0.49782202862476665,0.6222775357809583,0.1451980916822236,2.5098527276498652
21041,"Carroll County, Kentucky",10808,2858,2858,3430,1523,139,15.377498149518875,52.88675055514434,87.84233900814212,3.4789045151739453,0,0,0,6.772760917838638
21043,"Carter County, Kentucky",26820,6122,6815,8838,4539,506,18.810589112602536,48.236390753169275,95.99179716629381,0.3504847129008203,0.3877703206562267,0,0,0.9507829977628636
21045,"Casey County, Kentucky",15863,3661,3739,5233,2960,270,20.36184832629389,46.64943579398601,94.38945974910169,0.8573409821597427,0.08825568933997352,0.06303977809998108,0,3.0259093487990922
21047,"Christian County, Kentucky",72377,19697,27429,16382,7732,1137,12.253892811252193,65.11184492311094,64.876963676306,19.325199994473383,0.1851416886579991,1.7685176230017823,1.039004103513547,8.303742901750557
21049,"Clark County, Kentucky",36716,8257,9461,12486,5696,816,17.736136834077787,48.25689072883756,89.35341540472818,4.194356683734612,0.032683298834295674,0.5774049460725569,0,3.238370192831463
21051,"Clay County, Kentucky",20484,4354,5948,6955,2898,329,15.753759031439172,50.292911540714705,91.19312634251123,4.979496192149971,0.029291154071470416,0,0.019527436047646944,1.1960554579183753
21053,"Clinton County, Kentucky",9372,2017,2277,3243,1586,249,19.57959880495092,45.81732821169441,94.3768672641912,0.37345283824157066,0,0.18139137857447715,0,3.0623132735808793
21055,"Crittenden County, Kentucky",8997,2023,2140,3023,1630,181,20.128931866177616,46.270979215293984,94.83161053684562,0.6668889629876625,0.6446593308880738,0.33344448149383127,0,1.6005335111703902
21057,"Cumberland County, Kentucky",6023,1311,1358,2069,1153,132,21.334882948696663,44.313465050639216,91.41623775527145,2.573468371243566,0.1992362609995019,0.8965631744977586,0,1.4610659139963473
21059,"Daviess County, Kentucky",102488,25203,27438,32466,15299,2082,16.95905862149715,51.36308641011631,87.00530793849036,4.627858871282491,0.09366950277105612,1.9612052142689875,0.03902895948794005,3.402349543361174
21061,"Edmonson County, Kentucky",12165,2348,3149,4158,2269,241,20.632963419646526,45.18701191944102,94.51705713111384,1.5536374845869296,0.10686395396629675,0,0,1.5125359638306617
21063,"Elliott County, Kentucky",7414,1338,2063,2537,1387,89,19.90828162934988,45.87267332074454,95.71081737253844,3.398974912328028,0,0,0,0.7013757755597518
21065,"Estill County, Kentucky",14157,3123,3019,5350,2381,284,18.824609733700644,43.38489793035247,96.28452355725084,0.05650914741823833,0.11301829483647666,0.5509641873278237,0,0.607473334746062
21067,"Fayette County, Kentucky",321354,67469,116013,94504,38897,4471,13.495397598909614,57.09653528507503,70.02060033483323,14.466289512500234,0.0634813943501559,3.978789745887713,0.011513782308606708,7.365086477840637
21069,"Fleming County, Kentucky",14996,3657,3753,4944,2392,250,17.618031475060015,49.41317684715924,95.47212590024006,1.5137369965324086,0.1200320085356095,0.2734062416644438,0,1.0869565217391304
21071,"Floyd County, Kentucky",36127,8029,8823,12647,6045,583,18.34638912724555,46.64655244000332,96.89152157666011,0.8636200071968334,0,0.41520192653693916,0,0.4318100035984167
21073,"Franklin County, Kentucky",51319,10794,14581,16853,8433,658,17.71468656832752,49.44562442759992,81.17071649876264,9.401975876381067,0.054560689023558526,1.8238858902160993,0,3.749098774333093
21075,"Fulton County, Kentucky",6507,1409,1886,1845,1250,117,21.008145074535115,50.63777470416475,70.18595358844321,22.23759028738282,0.6147226064238512,0,1.2448132780082988,1.6597510373443984
21077,"Gallatin County, Kentucky",8694,2110,2376,3009,1045,154,13.791120312859443,51.59880377271681,89.32597193466759,2.277432712215321,0,0.1610305958132045,0,5.221992178513918
21079,"Garrard County, Kentucky",17018,3681,3996,6278,2746,317,17.99858972852274,45.11105887883418,93.10729815489482,2.3680808555646964,0.17628393465742156,0,0,2.303443412856975
21081,"Grant County, Kentucky",24918,6836,6781,7922,2976,403,13.560478369050486,54.64724295689863,92.86459587446825,0.09230275302993819,0.028092142226502928,0.12842122160687053,0,2.9777670760093105
21083,"Graves County, Kentucky",36796,8954,9567,11592,5902,781,18.162300250027176,50.33427546472443,85.31362104576584,4.079247744320035,0.032612240460919664,0.3777584520056528,0.10870746820306555,7.226328948798782
21085,"Grayson County, Kentucky",26351,6362,6670,8697,4241,381,17.540131304314826,49.455428636484385,95.40434898106334,0.2884141019316155,0.03794922393837046,0.2960039467192896,0,1.4306857424765664
21087,"Green County, Kentucky",11141,2402,2614,3928,2004,193,19.719953325554258,45.02288843012297,93.92334619872543,1.813122699937169,0.7808993806660084,0.05385512970110403,0,1.6156538910331208
21089,"Greenup County, Kentucky",35996,7785,8451,12223,6680,857,20.93843760417824,45.105011667963105,95.6272919213246,0.7167463051450161,0.1389043227025225,0.5417268585398377,0,1.1306811867985331
21091,"Hancock County, Kentucky",9050,2233,2271,3022,1372,152,16.83977900552486,49.767955801104975,95.13812154696133,1.4033149171270718,0.06629834254143646,0.30939226519337015,0,0.8287292817679558
21093,"Hardin County, Kentucky",110134,27232,32775,34704,13836,1587,14.003849855630413,54.485445003359544,75.51800533895073,11.470572212032614,0.15344943432545807,1.8450251511794722,0.28873917228103946,5.931864819220222
21095,"Harlan County, Kentucky",26921,6271,6776,8965,4428,481,18.234835258719958,48.46402436759407,94.50614761710189,2.2436016492700865,0,0.3826009435013558,0,0.45317781657442147
21097,"Harrison County, Kentucky",18690,4254,4551,6488,2988,409,18.17549491706795,47.1107544141252,93.52059925093633,1.5355805243445693,0,0,0.010700909577314071,2.504012841091493
21099,"Hart County, Kentucky",19194,4767,4812,6534,2808,273,16.051891216005,49.906220693966866,91.38272376784411,3.9908304678545377,0.046889653016567674,0.5053662602896739,0,2.000625195373554
21101,"Henderson County, Kentucky",45102,10331,11541,15224,7364,642,17.750875792647776,48.49452352445568,85.24899117555762,6.933173695179815,0.18846170901512127,0.39466099064343046,0.015520376036539399,2.8047536694603346
21103,"Henry County, Kentucky",15691,3727,3843,5425,2458,238,17.181823975527372,48.244216429800524,90.65069147919189,2.7021859664775985,0.0063730801096169775,0.4269963673443375,0,3.492447900070104
21105,"Hickman County, Kentucky",4529,900,1214,1321,920,174,24.15544270258335,46.67697063369397,85.8688452196953,8.809891808346213,0.5078383749172003,0.1545595054095827,0,2.230072863766836
21107,"Hopkins County, Kentucky",45432,10455,11445,15176,7685,671,18.392322592005634,48.20390913893291,88.05467511885895,6.088219756999472,0.1386687797147385,0.6361155132945941,0.07263602746962493,2.22090156717732
21109,"Jackson County, Kentucky",13029,3008,3237,4518,2117,149,17.391971755315065,47.93153733978049,97.6667434185279,0.345383375546857,0.18420446695832374,0,0,0.2686315143142221
21111,"Jefferson County, Kentucky",780449,173577,233058,247726,111093,14995,16.155828247585685,52.10269985610847,65.92487145220251,21.66112071384549,0.06739710089961035,2.9811044667877082,0.04574289927977357,6.00551733681509
21113,"Jessamine County, Kentucky",53016,12699,15349,16937,7133,898,15.148257129923042,52.9047834615965,87.70182586389015,4.343971631205674,0.12826316583672853,1.495774860419496,0.00943111513505357,3.795080730345556
21115,"Johnson County, Kentucky",22794,5070,5834,7769,3759,362,18.079319119066422,47.837150127226465,97.0299201544266,0.8291655698868123,0.1272264631043257,0.9081337193998421,0,0.39922786698253926
21117,"Kenton County, Kentucky",168264,40107,50340,53415,21990,2412,14.5022108115818,53.75303095136214,87.63371844244759,4.489968145295488,0.09152284505301193,1.2022773736509296,0,3.5182807968430563
21119,"Knott County, Kentucky",14506,2899,3717,5180,2501,209,18.681924720805185,45.60871363573693,96.67723700537708,0.9926926788914932,0.17923617813318626,0.24127947056390459,0,0.9857989797325245
21121,"Knox County, Kentucky",30367,7204,8197,9826,4554,586,16.926268646886424,50.71623802153653,95.2415450982975,0.9483979319656206,0.4313893371093621,0,0.10208449962129944,1.4193038495735502
21123,"Larue County, Kentucky",14768,3255,3632,5334,2330,217,17.246749729144096,46.63461538461539,90.66224268689058,3.1690140845070425,0.033856988082340195,0.33856988082340195,0,3.3721560130010833
21125,"Laurel County, Kentucky",62090,14445,16495,20955,9199,996,16.419713319375102,49.83089064261556,95.48397487518119,0.7134804316315027,0.1594459655339024,0.23675310033821872,0,1.5783540022547915
21127,"Lawrence County, Kentucky",16274,3896,3603,5714,2726,335,18.809143418950473,46.079636229568635,96.6879685387735,0.13518495760108148,0.006144770800049158,1.4071525132112572,0,1.1367825980090942
21129,"Lee County, Kentucky",7263,1438,1957,2576,1135,157,17.788792509982102,46.74376979209693,94.23103400798568,1.2942310340079857,0,0.11014732204323283,0,1.1703152967093489
21131,"Leslie County, Kentucky",10622,2236,2617,3868,1769,132,17.896817925061193,45.68819431368857,96.9591414046319,0.35774807004330633,0,0.30126153266804745,0,0.13180192054227075
21133,"Letcher County, Kentucky",21784,4795,5130,7659,3927,273,19.28020565552699,45.560962174072714,97.01615864854939,0.41314726404700697,0.055086301872934264,0.2662504590525156,0,0.9226955563716489
21135,"Lewis County, Kentucky",13103,3025,3093,4570,2153,262,18.43089368846829,46.691597344119664,97.43570174769137,0.06868656032969549,0.16790048080592232,0.07631840036632832,0.35106464168511026,0.05342288025642983
21137,"Lincoln County, Kentucky",24314,5809,5944,8120,3993,448,18.265197005840257,48.33840585670807,93.33717199967097,2.0194126840503412,0,0.1891914123550218,0,1.7849798470017273
21139,"Livingston County, Kentucky",8989,1856,1984,3176,1862,111,21.949048837468016,42.71887862943598,94.9382578707309,0.3559906552452998,0,0.36711536322171545,0,2.2916898431416177
21141,"Logan County, Kentucky",27319,6520,6873,8908,4539,479,18.368168673816758,49.02448845126103,88.19502910062594,6.189831252974121,0.058567297485266664,0.4465756433251583,0,2.9759508034701123
21143,"Lyon County, Kentucky",8700,1223,2161,3048,2051,217,26.06896551724138,38.89655172413793,89.65517241379311,5.045977011494253,0.5747126436781609,0.4942528735632184,0.11494252873563218,2.471264367816092
21145,"McCracken County, Kentucky",67394,15072,16677,22281,11893,1471,19.829658426566162,47.10953497343977,82.58450307149005,10.388165118556548,0.2255393655221533,0.9837671009288661,0.011870492922218595,2.7109238211116717
21147,"McCreary County, Kentucky",17044,3918,4659,5792,2547,128,15.694672612062895,50.322694203238676,88.81717906594696,6.266134710161934,0.12907768129547054,0.10560901196902135,0.5163107251818821,1.3846514902605023
21149,"McLean County, Kentucky",9182,2162,2042,3200,1620,158,19.363972990633847,45.78523197560445,95.55652363319538,1.306904813766064,0.3811805706817687,0.18514484861685906,0,1.8078849923763887
21151,"Madison County, Kentucky",92194,19231,33011,27254,11467,1231,13.773130572488448,56.66529275223984,89.05026357463609,4.083779855522051,0.20066381760201316,0.915460875978914,0.18222443976831465,2.6541857387682497
21153,"Magoffin County, Kentucky",11818,2706,2806,4232,1828,246,17.549500761550178,46.640717549500764,97.07226265019462,0.033846674564224064,0.24538839059062448,0.44000676933491284,0,1.2184802843120663
21155,"Marion County, Kentucky",19556,4658,5172,6511,2892,323,16.43996727347106,50.26590304765801,87.58948660257721,6.898138678666394,0.11249744323992636,0.6800981795868276,0.16363264471262018,2.8022090407036204
21157,"Marshall County, Kentucky",31662,6523,7561,10719,6099,760,21.663192470469333,44.48234476659718,96.1341671404207,0.8053818457456888,0.4705956667298339,0.05685048322910745,0.003158360179394858,1.7749984208199103
21159,"Martin County, Kentucky",11394,2254,3411,3832,1714,183,16.64911356854485,49.7191504300509,89.09074951728981,5.099175004388274,0.5178163945936458,0.07898894154818326,0,1.6763208706336667
21161,"Mason County, Kentucky",17103,3926,4190,5865,2816,306,18.25410746652634,47.45366310004093,88.38215517745425,6.180202303689411,0,0.912120680582354,0.11109162135297901,2.145822370344384
21163,"Meade County, Kentucky",29735,6688,8573,10213,3970,291,14.329914242475198,51.323356314107954,88.96250210190011,3.4706574743568184,0.12106944677988903,0.7802253236926181,0.2993105767613923,3.854044055826467
21165,"Menifee County, Kentucky",6149,1424,1541,1998,1080,106,19.287689055130915,48.219222637827286,95.51146527890714,0.1626280696048138,0,0,0,2.959830866807611
21167,"Mercer County, Kentucky",22470,4977,5535,7734,3729,495,18.798397863818426,46.78237650200267,90.74321317311971,3.7872719181130394,0.01335113484646195,0.774365821094793,0.01335113484646195,3.133066310636404
21169,"Metcalfe County, Kentucky",10275,2431,2413,3512,1820,99,18.676399026763992,47.14355231143552,94.70559610705597,2.072992700729927,0.38929440389294406,0.1654501216545012,0,1.5377128953771289
21171,"Monroe County, Kentucky",11269,2601,2950,3647,1884,187,18.377850740970803,49.2590291951371,93.26470849232408,2.058745230277753,0,0.3727038778951105,0.026621705563936462,3.2123524713816667
21173,"Montgomery County, Kentucky",28084,6660,7351,9481,4165,427,16.350947158524427,49.88961686369463,92.81085315482125,2.723970944309927,0.14955134596211367,0.4130465745620282,0,2.9696624412476855
21175,"Morgan County, Kentucky",13772,2609,3701,5073,2187,202,17.34679058960209,45.817600929422014,92.1652628521638,3.369154806854487,0.65349985477781,0.8713331397037467,0.4138832413592797,1.2924774905605576
21177,"Muhlenberg County, Kentucky",31011,6450,7858,10330,5912,461,20.550772306600884,46.13846699558221,91.97059108058431,4.121118312856728,0.24184966624746057,0.30311824836348394,0.04836993324949212,1.6703750282157943
21179,"Nelson County, Kentucky",46440,11056,12156,15789,6588,851,16.01851851851852,49.98277347114556,90.10981912144703,5.127045650301464,0,0.44573643410852715,0,2.297588285960379
21181,"Nicholas County, Kentucky",7517,1761,1922,2558,1154,122,16.974856990820808,48.99560995077824,95.87601436743381,1.1307702540907276,0.13303179459890913,0,0,0.10642543567912731
21183,"Ohio County, Kentucky",23861,5687,6067,7875,3793,439,17.73605464984703,49.26029923305813,94.07820292527555,1.1944176689996229,0.029336574326306524,0.20535602028414568,0,3.4449520137462804
21185,"Oldham County, Kentucky",67586,17215,16811,24612,8467,481,13.239428283964134,50.34474595330394,87.42343088805374,3.690113337081644,0.1198473056550173,1.6867398573669103,0.007397981830556624,4.020063326724469
21187,"Owen County, Kentucky",11160,2489,2670,3904,1863,234,18.79032258064516,46.227598566308245,94.78494623655914,0.47491039426523296,0.2060931899641577,0,0,0.4032258064516129
21189,"Owsley County, Kentucky",4094,824,863,1485,846,76,22.52076209086468,41.2066438690767,89.66780654616512,2.0273571079628727,0,0.21983390327308255,0,0
21191,"Pendleton County, Kentucky",14625,3469,3756,5070,2174,156,15.931623931623932,49.401709401709404,94.25641025641026,0.6427350427350428,0.020512820512820513,0.4512820512820513,0.04786324786324787,1.4564102564102563
21193,"Perry County, Kentucky",28421,6687,6937,10075,4358,364,16.614475211991135,47.93638506737975,94.4301748706942,1.0942612856690475,0.1864818268181978,0.9675943844340452,0.20759297702403154,1.1153724358748813
21195,"Pike County, Kentucky",58914,12303,15182,20376,10184,869,18.761245204874903,46.652748073463016,96.39813966120107,0.8249312557286893,0.05771124011270666,0.5855993482024646,0.10354075431985606,0.9726041348406151
21197,"Powell County, Kentucky",13050,3175,3518,4338,1784,235,15.471264367816092,51.28735632183908,94.21455938697318,0.2681992337164751,0.14559386973180077,0.7586206896551724,0,1.0191570881226053
21199,"Pulaski County, Kentucky",64717,14626,16303,21703,10585,1500,18.67360971614877,47.79115224747748,93.49011851600044,0.8792125716581424,0.19314863173509278,0.7988627408563438,0,2.614459879166216
21201,"Robertson County, Kentucky",2196,532,583,706,321,54,17.07650273224044,50.77413479052823,98.17850637522768,0.273224043715847,0,0,0,0.819672131147541
21203,"Rockcastle County, Kentucky",16167,3525,4146,5575,2596,325,18.067668707861692,47.448506216366674,96.78357147275314,0.09896703160759572,0.08659615265664626,0.07422527370569679,0,1.0144120739778562
21205,"Rowan County, Kentucky",24654,4832,9713,6718,3067,324,13.754360347205322,58.996511722235745,94.33763283848462,1.8698791271193316,0.020280684675914658,0.7625537438143912,0,1.8982720856656121
21207,"Russell County, Kentucky",17909,4165,4237,5970,3212,325,19.749846445921044,46.914958959182535,93.15427997096432,1.2507677703947735,0,0.05025406220336144,0,3.8304762968339943
21209,"Scott County, Kentucky",56267,14160,17528,17627,6267,685,12.355377041605204,56.31720191231095,86.56228339879503,4.638598112570423,0.05687170099703201,0.8992837720155686,0,4.404002345957666
21211,"Shelby County, Kentucky",47523,10789,13009,16129,7000,596,15.983839404078026,50.07680491551459,79.28161100940598,6.1464974854281085,0.0399806409528018,1.1468131220672095,0.0799612819056036,9.654272667971298
21213,"Simpson County, Kentucky",19324,4668,5254,6211,2957,234,16.513144276547298,51.345477126888845,85.22045125232871,8.714551852618506,0.031049472158973298,0.6054647070999793,0,2.6909542537776856
21215,"Spencer County, Kentucky",19256,4436,4450,7655,2591,124,14.09950145409223,46.146655587868715,93.7162442874948,1.7085583714167012,0.057125051931865393,0.4154549231408392,0,2.5498545907769006
21217,"Taylor County, Kentucky",25948,6050,7852,7522,4057,467,17.43486973947896,53.576383536303375,89.38261137659936,4.647757052566671,0.02697703098504702,0.9095113303530137,0,2.50501002004008
21219,"Todd County, Kentucky",12206,3275,3211,3726,1773,221,16.336228084548583,53.13780108143536,85.58086187121089,7.774864820580043,0.049156152711781094,0.1310830738980829,0,4.596100278551532
21221,"Trigg County, Kentucky",14067,3131,3031,4743,2984,178,22.478140328428236,43.80464917892941,87.4031421056373,7.194142318902395,0,0.27013577877301487,0,2.36013364612213
21223,"Trimble County, Kentucky",8502,1809,2079,3107,1426,81,17.725241119736534,45.73041637261821,92.15478710891556,0.19995295224653023,0.11761938367442955,0,0.9409550693954364,3.387438249823571
21225,"Union County, Kentucky",13786,2514,4596,4355,2135,186,16.835920499057014,51.57406064123023,82.11228782823154,14.565501233135064,0,0.5875525895836355,0,1.4507471347744088
21227,"Warren County, Kentucky",133216,30643,47525,37943,15694,1411,12.840049243334134,58.677636319961564,77.19418087917367,8.454690127312034,0.13812154696132597,4.640583713668028,0.4368844583233245,5.522609896709104
21229,"Washington County, Kentucky",11957,2784,2929,4053,1920,271,18.323994312954756,47.779543363719995,87.74776281676006,5.929580998578238,0,0.660700844693485,0,1.7479300827966882
21231,"Wayne County, Kentucky",19743,4087,5238,6406,3689,323,20.321126475206402,47.23193030441169,92.8430329737122,1.1143189991389353,1.1801651218153268,0.13169224535278326,0,3.5810160563237603
21233,"Webster County, Kentucky",12994,3047,3443,4255,2080,169,17.307988302293367,49.946128982607355,88.24072648914884,3.670925042327228,0.05387101739264276,0.061566877020163155,0.02308757888256118,5.741111282130214
21235,"Whitley County, Kentucky",36578,9287,10566,11037,4996,692,15.550330799934386,54.2757941932309,95.68593143419542,1.0252064082235224,0.18317021160260266,0.17223467658155175,0,1.457160041555033
21237,"Wolfe County, Kentucky",6666,1522,1751,2129,1139,125,18.96189618961896,49.0999099909991,97.02970297029702,0.09000900090009001,0,0.09000900090009001,0,0.015001500150015001
21239,"Woodford County, Kentucky",26758,5944,6705,9150,4602,357,18.532775244786606,47.271843934524256,86.20599446894387,3.8455788922938936,0,0.42230361013528667,0,6.68211376037073
22001,"Acadia Parish, Louisiana",58200,15200,16137,17954,8120,789,15.307560137457045,53.84364261168385,76.98281786941581,16.57388316151203,0.027491408934707903,0.1872852233676976,0,2.88659793814433
22003,"Allen Parish, Louisiana",23085,5136,7033,7644,2952,320,14.173705869612302,52.713883474117395,70.44834307992203,17.530864197530864,1.5507905566385098,0.680095299978341,0,7.082521117608837
22005,"Ascension Parish, Louisiana",125289,33625,36857,39889,13521,1397,11.906871313523135,56.25553719799823,67.06414769053947,22.635666339423253,0.2617947305828924,1.2666714555946652,0.02873356799080526,5.979774760753139
22007,"Assumption Parish, Louisiana",21366,4669,5520,7150,3604,423,18.847701956379293,47.687915379575024,65.1830010296733,29.724796405504073,0.4165496583356735,0.11232799775344005,0,3.257511934849761
22009,"Avoyelles Parish, Louisiana",39880,9385,10892,13013,5776,814,16.524573721163492,50.84503510531595,64.36308926780342,26.865596790371114,1.213640922768305,0.5692076228686058,0.1905717151454363,2.0737211634904713
22011,"Beauregard Parish, Louisiana",36417,9101,10336,11315,5176,489,15.55592168492737,53.373424499546914,79.3695252217371,11.695087459153692,0.1812340390476975,0.6178433149353324,0.16201224702748715,3.8443584040420684
22013,"Bienville Parish, Louisiana",13130,2995,3271,4179,2405,280,20.44935262757045,47.722772277227726,53.63290175171363,42.1934501142422,0,0.0456968773800457,0,2.025894897182026
22015,"Bossier Parish, Louisiana",128508,32013,40035,38327,15713,2420,14.110405577862856,56.06499206275096,65.03408348118406,23.236685653811435,0.46534067917950633,1.913499548666231,0.02412301179693093,6.797242195038441
22017,"Caddo Parish, Louisiana",239775,57198,67647,73657,35691,5582,17.213220727765613,52.06756334063184,43.88405797101449,48.87748931289751,0.31654676258992803,1.2269836304869148,0.055885726201647376,2.9348347409029296
22019,"Calcasieu Parish, Louisiana",212646,53499,63108,64552,28040,3447,14.80723832096536,54.83620665331114,66.6882988628989,24.983775852825822,0.18575472851593727,1.4611137759468789,0,4.009950810266829
22021,"Caldwell Parish, Louisiana",9707,2243,2440,3257,1637,130,18.203358401153807,48.243535592871126,78.68548470176161,19.62501287730504,0,0.10301844030081385,0,0.7108272380756155
22023,"Cameron Parish, Louisiana",5650,1351,945,2453,852,49,15.946902654867257,40.63716814159292,87.96460176991151,1.238938053097345,1.752212389380531,0.37168141592920356,0,4.991150442477876
22025,"Catahoula Parish, Louisiana",9117,1977,2836,2809,1348,147,16.39793791817484,52.79148842821103,65.38334978611385,32.379072063178675,0.1535592848524734,0.06581112207963145,0,1.3162224415926291
22027,"Claiborne Parish, Louisiana",14456,2569,4332,4789,2415,351,19.133923630326507,47.73796347537355,44.33453237410072,51.936912008854456,0.01383508577753182,0.18677365799667958,0,1.5979524073049254
22029,"Concordia Parish, Louisiana",18989,4449,5746,5447,3013,334,17.625993996524304,53.688977829269575,56.38527568592343,40.007372689451785,0.01053241350255411,0.3265048185791774,0,1.7694454684290906
22031,"De Soto Parish, Louisiana",26803,6489,7153,8410,4314,437,17.725627728239377,50.89728761705779,59.10905495653471,34.90654031265157,0.4887512591874044,0.15669887699138157,0.041040182069171365,3.0780136551878523
22033,"East Baton Rouge Parish, Louisiana",455447,104279,157224,128451,58546,6947,14.379938829325916,57.41677955942184,43.7941187448814,45.192086016594686,0.1080257417438253,3.0949814138637426,0.01624777416472169,4.375262105140664
22035,"East Carroll Parish, Louisiana",7502,1606,2569,2142,1032,153,15.795787789922688,55.651826179685415,28.259130898427085,66.54225539856039,0.7198080511863503,0,0,1.8528392428685685
22037,"East Feliciana Parish, Louisiana",19588,3471,5637,6887,3389,204,18.342862977333063,46.497855830100065,53.747192158464365,41.520318562385135,0.8219317949765163,0.10210332856851133,0,1.7459669185215438
22039,"Evangeline Parish, Louisiana",32538,8074,9409,10104,4522,429,15.216055074067244,53.73102218944004,65.14229516257913,25.978855492040076,0.32269961276046466,0.3165529534697892,0.049173274325404144,3.9492285942590204
22041,"Franklin Parish, Louisiana",19964,5050,5342,5985,3423,164,17.967341214185534,52.053696653977156,64.97695852534562,33.114606291324385,0.050090162292125824,0.16529753556401522,0.015027048687637748,0.4908835904628331
22043,"Grant Parish, Louisiana",22236,4587,7291,7104,2953,301,14.633926965281525,53.41788091383342,75.62960964202195,15.483899982011152,0.16639683396294297,0.6386040654794027,0,5.252743299154524
22045,"Iberia Parish, Louisiana",70518,18173,19048,22567,9514,1216,15.215973226693894,52.782268357015234,57.839133270937914,31.153747979239345,0.0581411838112255,2.6702402223545763,0,4.380441872996966
22047,"Iberville Parish, Louisiana",30651,6264,9254,10259,4475,399,15.901601905321197,50.628038236925384,46.74235750872729,46.86959642426022,0.06851326221004209,0.05220058073146064,0,2.8808195491174837
22049,"Jackson Parish, Louisiana",15214,3300,3999,4832,2696,387,20.264230314184303,47.97554883659787,66.59655580386486,26.745103194426186,0.1511765479163928,0.6112790850532405,0,1.8404101485473905
22051,"Jefferson Parish, Louisiana",439402,97949,123567,142007,67061,8818,17.268697001834312,50.413061387977294,51.30927942977046,26.414080955480404,0.17000377786173027,4.148137696232607,0.019572054747133603,14.860651521841048
22053,"Jefferson Davis Parish, Louisiana",32270,8285,9212,9577,4561,635,16.101642392314844,54.22063836380539,77.38146885652309,16.2193988224357,0.8955686396033468,0.15804152463588472,0,2.5472575147195538
22055,"Lafayette Parish, Louisiana",241173,57536,78730,72554,28728,3625,13.414851579571511,56.501349653568184,64.63866187342695,25.59863666330808,0.1397337181193583,1.8480509841483084,0.04519577232940669,4.613285898504393
22057,"Lafourche Parish, Louisiana",97677,22795,28328,31283,13438,1833,15.634182048998229,52.33883104517952,76.4100044022646,13.243649989250285,2.1315150956724715,0.577413311219632,0,4.442192123017701
22059,"LaSalle Parish, Louisiana",14770,3439,4122,4729,2312,168,16.79079214624238,51.191604603926876,82.53215978334461,11.685849695328368,0.3182125930941097,1.4014895057549086,0.48747461069735953,2.945159106296547
22061,"Lincoln Parish, Louisiana",48415,9733,20857,11233,5575,1017,13.61561499535268,63.18289786223278,53.171537746566145,37.860167303521635,0.5163688939378291,1.5553031085407416,0.07435712072704741,3.1477847774450067
22063,"Livingston Parish, Louisiana",141057,36226,42156,44003,17062,1610,13.237201982177417,55.56760742111345,85.68805518336559,6.7107623159432,0.1219365221151733,0.8422127225164295,0.006380399413003254,4.189795614538803
22065,"Madison Parish, Louisiana",10297,2420,3331,3061,1357,128,14.421676216373701,55.851218801592694,33.398077109837814,63.29999028843353,0.1553850636107604,0,0,2.398756919491114
22067,"Morehouse Parish, Louisiana",25852,6292,6527,8134,4255,644,18.95017793594306,49.58610552375058,48.32121305895095,48.71963484449946,0.1547269070091289,0.5105987931301254,0,0.8200526071483831
22069,"Natchitoches Parish, Louisiana",37896,8825,12535,10263,5535,738,16.553198226725776,56.36478784040532,51.11093519104919,42.007071986489336,0.8760819083808318,0.1556892548026177,0,2.432974456407009
22071,"Orleans Parish, Louisiana",383974,76886,129294,119592,51778,6424,15.157797142514857,53.69634402329324,30.586445957278357,57.63437107720835,0.10469458869610963,2.7314349409074574,0.010938240610041304,5.550896675295723
22073,"Ouachita Parish, Louisiana",160227,39949,47115,49303,21103,2757,14.891372864748138,54.33790809289321,57.01723180238037,37.43875876100782,0.11109238767498611,1.0903280970123637,0.001248229074999844,2.2886280090122137
22075,"Plaquemines Parish, Louisiana",23536,6112,6727,7509,2869,319,13.545207341944256,54.55047586675731,63.0056084296397,18.745751189666894,1.4700883752549285,4.22331747110809,0.07647858599592114,7.949524133242692
22077,"Pointe Coupee Parish, Louisiana",20951,4588,5183,6824,3882,474,20.791370340317883,46.63739200992793,60.33124910505465,34.227483175027444,0.1145530046298506,0.47730418595771085,0,2.9258746599207677
22079,"Rapides Parish, Louisiana",130459,32541,36262,40744,18468,2444,16.02955717888379,52.73917475988625,60.62824335615021,31.13621904199787,0.6868058163867575,1.2433024935037063,0.008431767835105282,3.381905426225864
22081,"Red River Parish, Louisiana",7787,1868,2172,2287,1312,148,18.749197380249132,51.88134069603185,56.067805316553226,42.05727494542186,0,0,0,0.5008347245409015
22083,"Richland Parish, Louisiana",20110,4707,5595,6315,3047,446,17.369467926404774,51.2282446544008,60.67130780706116,35.2909000497265,0.12431626056688215,0.29338637493784187,0,2.2675285927399305
22085,"Sabine Parish, Louisiana",22377,5267,5473,7032,4189,416,20.57916610805738,47.995709880681055,66.59516467801761,14.403181838494882,5.930196183581356,0.3351655717924655,0.03128212003396345,4.026455735800152
22087,"St. Bernard Parish, Louisiana",43821,11648,13214,13862,4522,575,11.631409598137878,56.73535519499783,60.872640971223845,23.586864745213482,0.130074621756692,2.457725747929075,0.038794185436206385,10.271331096962644
22089,"St. Charles Parish, Louisiana",52411,12876,14589,17773,6322,851,13.686058270210452,52.40312148213162,64.39297094121463,25.88769533113278,0.2556715193375436,1.026502070176108,0,6.405143958329358
22091,"St. Helena Parish, Louisiana",10881,2269,2949,3537,2003,123,19.53864534509696,47.955151180957635,44.18711515485709,51.30962227736421,0.5514199062586159,0,0,2.031063321385902
22093,"St. James Parish, Louisiana",20390,4644,5546,6610,3214,376,17.606669936243257,49.975478175576264,48.715056400196175,49.36243256498283,0,0.024521824423737126,0,1.7704757233938204
22095,"St. John the Baptist Parish, Louisiana",42704,10685,11449,14364,5462,744,14.532596478081679,51.8312101910828,31.664481079055825,57.090670663169725,0.009366804046459348,0.8547208692394155,0,6.706631697264894
22097,"St. Landry Parish, Louisiana",82999,22222,22422,25024,11810,1521,16.061639296859,53.78859986264895,53.7801660260967,40.32217255629586,0.12289304690417957,0.5518138772756298,0.21084591380619044,2.371112904974759
22099,"St. Martin Parish, Louisiana",52222,12621,14279,17260,7263,799,15.437938033778867,51.51085749301061,64.30623109034507,29.315231128643102,0.3638313354524913,0.9785148021906476,0,3.0734173336907817
22101,"St. Mary Parish, Louisiana",49818,12026,13359,16069,7319,1045,16.789112369023243,50.95547793970051,56.015897868240394,29.973102091613473,1.6158818097876269,1.3649684852864425,0.010036532980047372,7.073748444337388
22103,"St. Tammany Parish, Louisiana",262799,63115,66812,88012,40200,4660,17.070080175343133,49.43968584355344,77.1056967492266,11.651109783522768,0.4554811852404309,1.3497007218444514,0.22831137104783503,5.9106008774767025
22105,"Tangipahoa Parish, Louisiana",132492,32650,41597,38932,17782,1531,14.576729161005948,56.03885517616158,62.592458412583404,29.869727983576368,0.1411405971681309,0.6423029314977509,0.0324547897231531,4.4629109682094015
22107,"Tensas Parish, Louisiana",4269,970,1031,1194,1044,30,25.158116654954323,46.872803935347854,42.070742562661046,53.10377137502928,0,0.14054813773717498,0,2.9515108924806746
22109,"Terrebonne Parish, Louisiana",110100,27963,31450,34559,14437,1691,14.64850136239782,53.962761126248864,66.18801089918256,18.959128065395095,5.536784741144414,1.2089009990917348,0.01634877384196185,5.202543142597639
22111,"Union Parish, Louisiana",21272,4670,5456,6801,3851,494,20.42591199699135,47.602482136141404,68.85577284693494,24.252538548326438,0.27735990974050395,0.023505077096652876,0.014103046257991726,4.954870251974427
22113,"Vermilion Parish, Louisiana",57775,14815,15213,18904,7682,1161,15.30592816962354,51.97403721332756,77.54565123323236,13.966248377325833,0.07096495023799221,1.6875811337083513,0.176546949372566,3.6728688879273044
22115,"Vernon Parish, Louisiana",49064,12198,18634,12201,5376,655,12.292108266753628,62.840371759334744,69.64576879178216,13.755503016468285,0.8539866297081363,1.7691178868416761,0.3668677645524213,9.575248654818196
22117,"Washington Parish, Louisiana",45794,10944,12166,14371,7447,866,18.153033148447395,50.46512643577761,64.63510503559418,30.735467528497182,0.1877975280604446,0.14193999213870812,0,2.489409092894266
22119,"Webster Parish, Louisiana",37356,8543,9776,11757,6594,686,19.488167898061892,49.03897633579612,61.48945283220902,34.10429382160831,0.4497269514937359,0.21950958346718064,0.021415569118749332,2.061248527679623
22121,"West Baton Rouge Parish, Louisiana",27064,6427,8464,8416,3435,322,13.881909547738694,55.021430682825894,54.943836831214895,40.68134791605084,0.12932308601832693,0,0,3.2811114395506946
22123,"West Carroll Parish, Louisiana",9959,2290,2582,3213,1630,244,18.817150316296818,48.92057435485491,77.91946982628778,16.116075911236067,0.1907822070489005,0,0.3413997389296114,4.227332061451953
22125,"West Feliciana Parish, Louisiana",15334,2502,4667,5871,2167,127,14.960219120907787,46.75231511673405,52.2825094561106,44.25459762619017,0.0978218338333116,0.5021520803443329,0,1.5521064301552105
22127,"Winn Parish, Louisiana",13875,2884,3957,4561,2302,171,17.823423423423424,49.30450450450451,64.57657657657657,31.84864864864865,0.16576576576576577,0.007207207207207207,0,1.9675675675675677
23001,"Androscoggin County, Maine",110378,23977,30468,36482,17513,1938,17.622171084817627,49.32595263548895,89.51693272210042,2.695283480403704,0.10146949573284532,0.99566942687854465,0.0027179329214154996,1.9659714798238779
23003,"Aroostook County, Maine",67272,12474,15282,23312,13733,2471,24.08728743013438,41.25936496610774,93.36573908907123,0.7566298014032584,1.7778570579141395,0.35378760851468666,0.05054108693066952,1.416636936615531
23005,"Cumberland County, Maine",300776,55983,87174,101838,49677,6104,18.545695135250153,47.59588530999814,88.68726228156501,3.1325637683857757,0.12201771417932282,2.1949889618852567,0.019615926802670425,2.201970901933665
23007,"Franklin County, Maine",29487,5309,7542,10075,5742,819,22.25048326381117,43.58191745514973,95.02831756367213,0.3120018991419948,0.047478549869433985,0.2814799742259301,0.02713059992539085,1.3938345711669549
23009,"Hancock County, Maine",55417,9471,12584,19480,12304,1578,25.050074886767597,39.79825685259036,94.04514860060992,0.8481151993070718,0.5287186242488767,0.9744302289911038,0,1.6096143782593788
23011,"Kennebec County, Maine",123293,23850,31958,42915,21851,2719,19.928138661562294,45.264532455208325,93.92179604681532,0.689414646411394,0.4233817005020561,0.8573073897139335,0.00486645632760984,1.6967711062266309
23013,"Knox County, Maine",40519,7196,8767,14288,9173,1095,25.34119795651423,39.39633258471334,94.74567486858017,0.402280411658728,0.3010933142476369,0.35292085194600065,0.01233988992818184,1.6041856906636394
23015,"Lincoln County, Maine",35065,6048,7353,11928,8507,1229,27.7655782118922,38.217595893340935,94.26208469984314,0.3593326679024669,0.3194068159133039,0.7557393412234422,0,1.3489234279195779
23017,"Oxford County, Maine",57807,10589,13361,21242,11114,1501,21.82261663812341,41.43096856782051,94.06992232774577,0.3269500233535731,0.17471932464926393,0.48437040496825645,0.006919577213832235,1.5292265642569238
23019,"Penobscot County, Maine",152211,27685,44807,51557,24902,3260,18.50194795382725,47.62599286516743,92.67989829907168,0.8895546313998332,1.086649453718851,0.84290885678433225,0.006569827410633923,1.5248569420081335
23021,"Piscataquis County, Maine",16760,2873,3442,6064,3967,414,26.139618138424822,37.678997613365155,93.3472553699284,0.5906921241050119,0.07756563245823389,0.8711217183770883,0,2.1420047732696896
23023,"Sagadahoc County, Maine",36530,6874,8548,12863,7224,1021,22.570490008212428,42.21735559813852,93.64905557076375,0.6350944429236244,0.2080481795784287,0.7090062961949083,0,1.9326580892417191
23025,"Somerset County, Maine",50424,9586,11755,18286,9815,982,21.412422655878153,42.323100111058224,95.21458035855942,0.39861970490242743,0.22211645248294462,0.4462160875773441,0,1.2037918451531018
23027,"Waldo County, Maine",39618,7371,9194,13975,8432,646,22.913827048311372,41.8118027159372,94.35610076227977,0.446766621232773,0.4063809379574941,0.4139532535716089,0,1.5901862789641072
23029,"Washington County, Maine",31003,5997,6783,10614,6785,824,24.54278618198239,41.221817243492566,88.7365738799471,0.4193142599103313,5.031771118923975,0.3548043737702803,0.061284391833048416,2.6513563203560944
23031,"York County, Maine",210486,39302,52702,75001,38155,5326,20.65743089801697,43.710270516803966,92.46600724038653,0.8765428579572988,0.2555989471983885,1.0903337989224937,0.019003639196906206,1.8685328240358028
24001,"Allegany County, Maryland",68684,11840,21273,21944,11734,1893,19.8401374410343,48.21064585638577,86.3330615572768,8.332362704560014,0.1179313959583018,0.8590064643876303,0.005823772639916138,1.950963834371906
24003,"Anne Arundel County, Maryland",584064,131196,171372,195207,76727,9562,14.773894641683103,51.80391190006575,66.05149435678281,16.630540488713567,0.1145422419460881,3.8768011724742495,0.04862480824019286,8.327512053473592
24005,"Baltimore County, Maryland",850702,185968,244988,273891,125693,20162,17.14525180380439,50.65886761756761,55.3540487738362,29.072225056482765,0.16856666611810012,6.093908325124427,0.041260041706731615,5.78475188726487
24009,"Calvert County, Maryland",92515,21613,24388,32644,12424,1446,14.992163432956819,49.72274766254121,76.49786521104686,12.23153002215857,0.08647246392476896,2.1088472139653027,0.03566989136896719,4.343079500621521
24011,"Caroline County, Maryland",33234,7918,9073,10804,4824,615,16.36576999458386,51.1253535535897,74.39369320575314,12.992718300535596,0.06920623457904555,0.5596678100740206,0,7.693927905157369
24013,"Carroll County, Maryland",172148,37767,44907,60489,25401,3584,16.837256314334176,48.02495527104585,87.68152984641122,3.5788972279666336,0.18240118967400143,2.1795199479517624,0.01626507423844599,3.8867718474800754
24015,"Cecil County, Maryland",103370,23442,26903,36688,14778,1559,15.804391989939054,48.70368578891361,83.80671374673503,6.313243687723711,0.09093547450904518,1.4065976588952307,0.03482635193963432,4.684144335880816
24017,"Charles County, Maryland",165209,39863,46102,58689,18484,2071,12.44181612381892,52.03409015247353,37.01190613102192,47.17660660133528,0.44852278023594355,3.317615868384894,0.02118528651586778,6.370113008371215
24019,"Dorchester County, Maryland",32486,6872,7803,10791,6451,569,21.609308625253956,45.1733054238749,62.362248353136735,25.26319029735886,0.009234747275749553,1.3205688604321861,0,5.9194730037554635
24021,"Frederick County, Maryland",267498,62573,75963,90211,33983,4768,14.48646345019402,51.78954609006423,71.17062557477065,9.36978968067051,0.12785142318821074,4.596669881643975,0.03663578793112472,10.417647982414822
24023,"Garrett County, Maryland",28955,5356,7381,9724,5776,718,22.42790537040235,43.98894836815749,95.81419443964774,1.3710930754619237,0.04489725436021413,0.4662407183560698,0.03798998445864272,1.215679502676567
24025,"Harford County, Maryland",259162,58183,70283,88828,37196,4672,16.15514620198949,49.56976717265648,74.65446323149227,13.782884836511526,0.08334555220286925,2.859215471403987,0.03009700496214723,4.783108634753551
24027,"Howard County, Maryland",329248,80472,89127,113793,40748,5108,13.927495383419185,51.511019049470306,49.652237826805326,19.024261347069686,0.16461755272621245,18.711730974827486,0.059225872290796,7.23436436971523
24029,"Kent County, Maryland",19335,3065,5254,5990,4276,750,25.99431083527282,43.025601241272305,77.28988880268942,13.876389966382208,0.04137574347039048,1.039565554693561,0.00517196793379881,4.654771140418929
24031,"Montgomery County, Maryland",1057201,246358,287995,357752,143284,21812,15.616330291023182,50.544125478504085,42.34606285843468,17.998658722418917,0.13715461865813597,15.083792013060902,0.03149826759528226,19.695024881739613
24033,"Prince George's County, Maryland",957767,214103,295363,319042,116355,12904,13.49587112523192,53.19310437716062,12.072351626230597,60.70704043885413,0.20892346468399933,4.17481496021475,0.03299341071471454,19.35689995583477
24035,"Queen Anne's County, Maryland",49702,10708,11764,17709,8596,925,19.156170777835904,45.21347229487747,84.80745241640176,5.659732002736308,0.02816788056818639,1.1045833165667378,0,4.309685726932518
24037,"St. Mary's County, Maryland",113209,27480,34009,37189,12929,1602,12.835551943750055,54.31458629614253,72.70888356932753,13.961787490393874,0.03974948988154652,2.495384642563754,0.01943308394208941,5.464229875716595
24039,"Somerset County, Maryland",24834,4256,9080,7380,3767,351,16.582105178384474,53.70057179673029,51.453652250946284,39.884835306434724,0.17314971410163485,0.9221228960296368,0,3.8173471853104615
24041,"Talbot County, Maryland",37510,6913,7540,12137,8993,1927,29.11223673687017,38.53105838443082,76.9128232471341,11.167688616368968,0.12529992002132764,1.263663023193815,0,7.056784857371368
24043,"Washington County, Maryland",153956,33742,42140,51780,23141,3153,17.07890566135779,49.288108290680455,77.2123204032321,10.761516277377952,0.09872950713190781,1.7810283457611265,0.077944347735716693,5.756190080282678
24045,"Wicomico County, Maryland",103223,22842,33123,31050,14352,1856,15.701926896137488,54.21756779012429,61.50179708010811,25.98839405946349,0.08912742315181695,2.9082665684973312,0.02518818480377435,5.51718124836519
24047,"Worcester County, Maryland",52322,9063,11305,17614,12611,1729,27.40720920454111,38.92817552845839,79.53633270899431,12.149764917243225,0.057337257750086,1.3531592829020298,0,3.7135430602805704
24510,"Baltimore city, Maryland",592211,121556,211254,175770,73985,9646,14.121824822571686,56.197875419402884,27.348360634976384,60.94094841196803,0.2065142322584349,2.4928614970002245,0.022120494215744052,5.6138774862337915
25001,"Barnstable County, Massachusetts",227942,34229,47069,76993,59935,9716,30.556457344412173,35.6660904967053,87.20113011204604,2.845460687367839,0.4751208640794588,1.5688201384562739,0.00833545375577998,3.4267489098103905
25003,"Berkshire County, Massachusetts",129089,21810,32906,44256,25789,4328,23.330415449805948,42.386260641882735,86.86022821464262,2.50602297639613,0.10225503334908474,1.74453284168287,0.01704250555818079,5.209584085398446
25005,"Bristol County, Massachusetts",576070,119916,161505,197753,83305,13591,16.820178103355495,48.85187564011318,78.91801343586717,3.7266304442168487,0.08905167774749596,2.2143142326453384,0.00659642057388859,8.747027270991373
25007,"Dukes County, Massachusetts",20277,3638,4564,7205,4261,609,24.017359569956106,40.44977067613552,81.94999260245598,4.359619273068008,0.6213936972924989,0.9271588499284904,0,3.6593184396113823
25009,"Essex County, Massachusetts",804598,171756,222646,273105,117311,19780,17.038446528577005,49.01851607883688,68.02129759208947,3.3447759005118085,0.06959997414858103,3.3682658917869546,0.015659994183430732,22.155536056515178
25011,"Franklin County, Massachusetts",71085,12326,17599,25210,14240,1710,22.437926426109588,42.09748892171344,89.30857424210453,1.105718506013927,0.07877892663712457,1.6360694942674263,0.026728564394738693,4.417246957867342
25013,"Hampden County, Massachusetts",466265,100705,135754,151336,67057,11413,16.82948537848648,50.71343549269192,60.898201666434325,7.680396341136478,0.099728695055386965,2.4702690530063376,0.0027881140553118935,26.430248892797014
25015,"Hampshire County, Massachusetts",161810,23745,62480,47369,25020,3196,17.437735615845746,53.28780668685496,82.66670786725172,2.388603918175638,0.08281317594709844,5.162227303627711,0.08528521104999691,6.059576045979853
25017,"Middlesex County, Massachusetts",1623411,322454,522977,531066,212624,34290,15.209580321927103,52.07744680798639,69.40288072459778,4.8881028895332115,0.08666936468953333,12.676949952907798,0.03856078343684994,8.282683805887727
25019,"Nantucket County, Massachusetts",13795,2650,4014,4969,1899,263,15.672345052555274,48.307357738310984,71.66364624864082,8.234867705690467,0,1.6600217470097862,0.043494019572308806,14.679231605654223
25021,"Norfolk County, Massachusetts",720403,151060,202376,246721,102448,17798,16.691490735046912,49.06087287254495,72.43209703457649,6.8186834313571705,0.08870035244161949,11.653893723374278,0.02984440653356524,4.994149108207489
25023,"Plymouth County, Massachusetts",527602,113067,134704,184090,84256,11485,18.146443720835023,46.961724936599936,78.75823063597181,8.93950364100212,0.0989382147906945,1.5591297985981858,0.02596654296230871,4.229324377087274
25025,"Suffolk County, Massachusetts",792647,131301,348657,217193,81976,13520,12.047733732670407,60.551292063175666,44.09125373590009,19.143830734236047,0.17498331539764864,8.74222699385729,0.03835250748441614,23.28981248903989
25027,"Worcester County, Massachusetts",856858,181067,245640,295940,117083,17128,15.663155388640824,49.799033212037465,74.4166477992853,4.665417140296292,0.11122029554488608,5.048211022129688,0.02882624658928317,12.219877739368718
26001,"Alcona County, Michigan",10138,1308,1619,3617,3173,421,35.450779246399684,28.871572302229236,94.70309725784179,0.5622410731899783,0.3550996251726179,0.27618859735648055,0.03945551390806865,1.7459064904320378
26003,"Alger County, Michigan",8911,1400,2201,3026,2045,239,25.63124228481652,40.41072831332062,82.58332398159578,7.126024015262035,2.895297946358433,0.49377174278981034,0,1.8291998653349792
26005,"Allegan County, Michigan",119418,28843,30655,40017,18017,1886,16.666666666666668,49.82330971880286,86.82275703830243,1.2410189418680602,0.27885243430638595,0.7050863353933243,0,7.605218643755547
26007,"Alpena County, Michigan",28913,5467,6554,10158,5788,946,23.290561339189985,41.57645349842631,94.22751011655657,0.6536851935115692,0.16255663542351192,0.48766990627053575,0.08646629543803826,1.5079721924393872
26009,"Antrim County, Michigan",23427,4189,4837,8003,5756,642,27.310368378366842,38.52819396422931,93.7081145686601,0.18354889657233106,0.930550219831818,0.3116062662739574,0,2.407478550390575
26011,"Arenac County, Michigan",15009,2766,3116,5364,3391,372,25.071623692451197,39.189819441668334,93.8770071290559,0.4863748417616097,0.8394963022186688,0.19988007195682592,0,2.1920181224598574
26013,"Baraga County, Michigan",8249,1420,2160,2791,1718,160,22.766395926779005,43.39919990301855,72.26330464298702,7.5524305976482,10.692205115771609,0.630379439932113,0.12122681537156019,1.7577888228876228
26015,"Barry County, Michigan",62014,13721,15702,21256,9788,1547,18.27813074467056,47.445738059147935,93.34827619569775,0.4160350888509046,0.21608023994581868,0.6224400941722836,0.01773793014480601,3.2492662947076467
26017,"Bay County, Michigan",104050,21076,26512,35364,18493,2605,20.27679000480538,45.73570398846708,89.44257568476694,1.3012974531475252,0.21432003844305622,0.5266698702546853,0.050937049495434886,5.668428640076886
26019,"Benzie County, Michigan",17926,3229,3949,6016,4147,585,26.39741158094388,40.042396519022645,92.30168470378221,0.36818029677563313,1.383465357581167,0.36818029677563313,0,2.5326341626687494
26021,"Berrien County, Michigan",154263,33717,38983,51013,26224,4326,19.80384149147884,47.12730855746355,74.12406085710766,13.9132520435879,0.3656093813811478,1.5557846016219055,0.030467448448428983,5.799187102545653
26023,"Branch County, Michigan",44677,10459,11123,14966,7442,687,18.19504443001992,48.306735009065065,89.31665062560154,2.0055061888667547,0.27754773149495265,0.5864314971909483,0,5.289074915504622
26025,"Calhoun County, Michigan",134207,30791,36263,43494,20848,2811,17.628737696245352,49.96311667796762,76.70985865118809,9.872063305192725,0.2898507529413518,2.5512827199773485,0.006706058551342329,5.576460244249555
26027,"Cass County, Michigan",51632,10782,11895,18168,9770,1017,20.892082429501084,43.92043693833282,85.00348621010227,4.911682677409359,0.9645181282925318,0.9122249767585994,0.011620700340873877,4.131158971180663
26029,"Charlevoix County, Michigan",26109,4891,5844,8984,5672,718,24.474319200275765,41.116090237083,93.05220422076678,0.44429124056838637,1.1375387797311272,0.44429124056838637,0.02681067831016125,2.298058140870964
26031,"Cheboygan County, Michigan",25654,4216,5514,8867,6372,685,27.508380759335775,37.927808528884384,90.7265923442738,0.6743587744601232,1.6566617291650425,0.49894753254853047,0.011694082794106182,1.5981913151945115
26033,"Chippewa County, Michigan",37091,6767,11576,11982,5982,784,18.24162195680893,49.454045455770945,67.30204092637028,4.572537812407322,13.092124774203985,0.857350839826373,0.08897037017066135,2.0193577956916773
26035,"Clare County, Michigan",30827,6194,6790,10480,6613,750,23.884906088818244,42.118921724462325,94.40425600934246,0.6455380024004931,0.4476595192526032,0.09407337723424271,0,2.2415415058228176
26037,"Clinton County, Michigan",78895,17631,20740,27061,11999,1464,17.06445275365993,48.63552823372837,88.91691488687496,1.6287470688890298,0.19519614677736233,1.2244121934216363,0.013942581912668736,4.739210342860765
26039,"Crawford County, Michigan",13102,2388,2677,4749,3012,276,25.095405281636392,38.65822011906579,92.98580369409251,0.4045183941382995,0.17554571821096016,0.8624637459929781,0,2.205770111433369
26041,"Delta County, Michigan",36836,7284,8277,12417,7789,1069,24.04712780975133,42.244000434357694,91.06037571940493,0.29319144315343687,1.9410359430991422,0.6243891844934304,0.00542947116950809,1.452383537843414
26043,"Dickinson County, Michigan",25954,5199,5869,8971,5001,914,22.790321337751408,42.64467904754566,94.13577868536642,0.7359173923094706,0.8091238344763813,0.5317099483701934,0,1.6837481698389458
26045,"Eaton County, Michigan",108972,22769,30188,35810,17837,2368,18.541460191608852,48.596887273795105,81.90360826634365,6.968762617920199,0.27071174246595453,2.2675549682487244,0,5.6876995925558855
26047,"Emmet County, Michigan",33946,6455,8402,11445,6902,742,22.51811700936782,43.7665704353974,89.44794673893831,0.589171036351853,2.5422730218582457,0.41536558062805634,0.020620986272314852,1.9354268544158368
26049,"Genesee County, Michigan",406400,92077,109355,134119,62088,8761,17.43331692913386,49.56496062992126,71.59202755905511,19.207431102362204,0.26107283464566927,0.9562007874015748,0.0054133858267716535,3.704478346456693
26051,"Gladwin County, Michigan",25344,4820,5242,8521,6049,712,26.676925505050505,39.70170454545455,94.93765782828282,0.2880366161616162,0.276199494949495,0.4616477272727273,0,1.9018308080808082
26053,"Gogebic County, Michigan",14858,2408,3405,5077,3307,661,26.706151568178758,39.12370440166914,90.94090725535065,2.4431282810607082,2.705613137703594,0.36344057073630365,0.262484856642886,1.8172028536815183
26055,"Grand Traverse County, Michigan",94562,19076,24837,31779,16097,2773,19.955161692857597,46.43831560246188,92.36479769886424,0.7878428967238426,0.7994754764070134,0.6260442884033756,0.06345043463547725,3.035045790063662
26057,"Gratiot County, Michigan",41758,8210,12723,13643,6106,1076,17.199099573734376,50.12931653814838,84.78375401120744,5.874323482925427,0.19636955792901958,0.5555821638967383,0.05986876766128646,6.537669428612482
26059,"Hillsdale County, Michigan",45673,9951,11769,15065,8000,888,19.460074880126115,47.555448514439604,93.9723687955685,0.6415168699231494,0.29338996781468263,0.3503163794802181,0,2.52227793225757
26061,"Houghton County, Michigan",37485,7673,13438,9947,5541,886,17.145524876617312,56.318527410964386,91.9967987194878,0.9657196211818061,0.4801920768307323,2.750433506736028,0.0693610777644391,1.7446978791516607
26063,"Huron County, Michigan",31542,6097,6679,10741,6920,1105,25.442267452919918,40.504723860249825,94.65791642888847,0.43117113689683595,0.10462240821761461,0.5960306892397438,0,2.6187305814469597
26065,"Ingham County, Michigan",285660,56658,112555,77360,34206,4881,13.683049779458097,59.235804802912554,68.66449625428831,11.455226493033676,0.30280753343135197,6.429671637611146,0.018203458657144858,8.116992228523419
26067,"Ionia County, Michigan",66564,14806,19779,22045,8701,1233,14.923982933717925,51.95751457244156,87.59239228411754,4.3627185866234,0.09614806802475813,0.5393305690763777,0.009013881377321075,5.026741181419386
26069,"Iosco County, Michigan",25262,4201,5264,8374,6714,709,29.384055102525533,37.4673422531866,92.86279787823608,0.7323252315731138,0.9817116617844984,0.6769060248594727,0,2.5769931121843084
26071,"Iron County, Michigan",11580,1990,2086,4008,2972,524,30.189982728842832,35.1986183074266,93.85146804835924,1.217616580310881,0.7167530224525043,0.49222797927461137,0,2.245250431778929
26073,"Isabella County, Michigan",65623,11534,28764,16838,7504,983,12.932965576093748,61.408347682977,84.37285707754903,2.1867333099675417,2.8770400621733234,1.6015726193560185,0.021333983511878457,4.179936912363043
26075,"Jackson County, Michigan",160765,34778,42891,54642,24899,3555,17.699126053556434,48.31213261593008,83.56607470531522,7.668335769601592,0.24632227163872733,0.7912169937486393,0.009952415015706154,3.732155630889808
26077,"Kalamazoo County, Michigan",261280,56837,91499,73740,34613,4591,15.004592774035517,56.772810777709736,76.38127679118188,10.620024494794857,0.15309246785058175,2.330832823025107,0.029470300061236986,5.30541947336191
26079,"Kalkaska County, Michigan",17813,3690,4580,5972,3234,337,20.04715657104362,46.42676696794476,93.35316903385169,0.999270195924325,0.9094481558412395,0.4996350979621625,0,2.211867737045978
26081,"Kent County, Michigan",654958,158246,208603,198280,78890,10939,13.715230594938912,56.01107246571536,72.45701251072587,9.04714500777149,0.2074942210034842,3.0266062862046117,0.02549781818070777,10.96742081171617
26083,"Keweenaw County, Michigan",2052,309,291,725,676,51,35.42884990253411,29.239766081871345,96.34502923976608,0.5847953216374269,0.14619883040935672,0,0,1.9005847953216375
26085,"Lake County, Michigan",12248,2021,2257,4301,3342,327,29.955911169170477,34.92815153494448,85.05062050947093,7.544088830829523,0.8246244284781189,0.24493794905290658,0.008164598301763554,2.6371652514696278
26087,"Lapeer County, Michigan",88644,18315,21822,32272,14891,1344,18.31483236316051,45.27886828211723,90.94354947881413,1.1687198231126754,0.18952213347773114,0.37453183520599254,0.005640539686837236,4.934344118045215
26089,"Leelanau County, Michigan",22251,3589,4310,7402,6237,713,31.23455125612332,35.49952811109613,89.79371713630849,0.3011100624691025,2.6425778616691384,0.55278414453283,0.1528021212529774,4.327895375488742
26091,"Lenawee County, Michigan",99346,21002,26568,33008,16604,2164,18.89155074185171,47.88315583918829,85.85549493688724,2.0494030962494714,0.13588871217764179,0.27781692267428987,0.03825015602037324,8.413021158375777
26093,"Livingston County, Michigan",193234,40922,48062,70419,30320,3511,17.507788484428207,46.04986700063136,93.58963743440596,0.5024995601188197,0.26289369365639587,0.8668246788867383,0.04605814711696699,2.6377345601705704
26095,"Luce County, Michigan",5520,916,1544,1878,1074,108,21.41304347826087,44.56521739130435,77.06521739130434,9.057971014492754,4.221014492753623,0.5615942028985508,0.21739130434782608,3.097826086956522
26097,"Mackinac County, Michigan",10814,1676,2177,3924,2788,249,28.083965230257075,35.62973922692806,72.44312927686333,3.412243388200481,15.581653412243389,0.8877381172554096,0.2034399852043647,2.1453671167005735
26099,"Macomb County, Michigan",879123,185810,242968,300985,130286,19074,16.989659012447632,48.77337983422115,77.25995111036795,12.080220856467184,0.21805822393453475,4.361619477593011,0.06927358287748131,2.797219501707952
26101,"Manistee County, Michigan",24939,4335,5548,8694,5642,720,25.51024499779462,39.628694013392675,88.19118649504792,3.280003207827098,1.1868960263041821,0.3288022775572397,0.008019567745298528,3.548658727294599
26103,"Marquette County, Michigan",66380,11968,22134,19519,11296,1463,19.22115094908105,51.37390780355529,91.56071105754745,1.6134377824645978,1.1208195239529979,0.6944862910515216,0.03163603495028623,1.6375414281410063
26105,"Mason County, Michigan",29103,5938,6655,9531,6277,702,23.980345668831394,43.27045321788132,90.64357626361543,1.1235955056179776,0.4707418479194585,0.4810500635673298,0,4.738343126138199
26107,"Mecosta County, Michigan",40051,7499,13390,11787,6678,697,18.414022121794712,52.15600109859928,90.47963846096228,2.8238995281016703,0.6291977728396295,0.9837457242016429,0,2.551746523182942
26109,"Menominee County, Michigan",23477,4277,5168,8238,5017,777,24.67947352728202,40.230864250117136,92.46922519913106,0.5324360011926567,1.984921412446224,0.35353750479192403,0,2.0615921966179664
26111,"Midland County, Michigan",83467,17925,22459,27496,13320,2267,18.674446188313944,48.383193357854005,90.3842237051769,1.5287478883870271,0.372602345837277,2.1960774917033077,0.02995195706087436,3.033534211125355
26113,"Missaukee County, Michigan",15038,3454,3580,4918,2734,352,20.52134592366006,46.77483707939886,92.64529857693842,0.4455379704747972,0.3058917409229951,0.23274371591967016,0,3.098816331959037
26115,"Monroe County, Michigan",154068,33007,38858,54077,25007,3119,18.25557546018641,46.64498792740868,90.47044162317937,2.2522522522522523,0.1849832541475193,0.533530648804424,0,3.804164394942493
26117,"Montcalm County, Michigan",66430,14801,17886,22234,10276,1233,17.325003763359927,49.205178383260574,90.55246123739275,2.1661899744091526,0.3055848261327713,0.21526418786692758,0.019569471624266144,3.644437754026795
26119,"Montmorency County, Michigan",9164,1409,1484,3343,2621,307,31.951113051069402,31.569183762549105,95.23134002618944,0.2509821038847665,0.7529463116542995,0.032736796158882586,0.02182453077258839,1.407682234831951
26121,"Muskegon County, Michigan",175633,40597,48481,56505,26350,3700,17.109540917709086,50.71825909709451,75.8120626533738,13.006667311951626,0.6661618260805202,0.6433870627957161,0.018219810627843287,5.941935741005392
26123,"Newaygo County, Michigan",49653,11197,12238,16596,8605,1017,19.37848669768191,47.19755100396753,89.32189394397116,0.8740660181660725,0.49342436509375065,0.3826556300727046,0.012083862002295933,5.961371921132661
26125,"Oakland County, Michigan",1271983,266253,352655,438032,187943,27100,16.906122173016463,48.65693959746317,70.57146203998009,13.108036821246825,0.158256832048856,7.808988013204579,0.022170107619362837,4.429540331906952
26127,"Oceana County, Michigan",26555,5958,6249,8858,5014,476,20.674072679344757,45.96874411598569,80.8774242138957,1.0883072867633214,0.6891357559781586,0.09414422895876483,0,15.243833553003201
26129,"Ogemaw County, Michigan",20745,3843,4228,7303,4861,510,25.89057604241986,38.905760424198604,93.78163412870572,0.3567124608339359,0.4675825500120511,0.7616293082670523,0.01928175463967221,2.294528802120993
26131,"Ontonagon County, Michigan",5891,694,887,2174,1969,167,36.25869971142421,26.83754880325921,94.39823459514514,0.3904260736717026,0.35647598030894584,0.6959769139365133,0.0679001867255135,1.5617042946868105
26133,"Osceola County, Michigan",22917,5157,5421,7548,4373,418,20.905877732687525,46.15787406728629,93.61609285683117,1.221800410175852,0.30108652965047783,0.31417724833093336,0,2.1337871449142556
26135,"Oscoda County, Michigan",8206,1603,1503,2812,2033,255,27.882037533512065,37.85035339995125,94.50402144772119,0.6336826712161833,0.4752620034121375,0.04874482086278333,0,1.7548135510601999
26137,"Otsego County, Michigan",25016,5285,6125,8377,4609,620,20.9026223217141,45.6108090821874,94.16373520946594,0.7075471698113207,0.379756955548449,0.5396546210425328,0.01598976654940838,1.8188359449952032
26139,"Ottawa County, Michigan",293713,70363,93185,85745,38808,5612,15.12360705859121,55.682928573130916,82.90916643117602,1.5586644104959604,0.136868303411834,2.578026849339321,0.020768573403288245,10.160598952038214
26141,"Presque Isle County, Michigan",12976,2059,2304,4513,3697,403,31.59679408138101,33.62361282367448,95.04469790382244,0.33908754623921084,0.2466091245376079,0.500924784217016,0,1.5875462392108508
26143,"Roscommon County, Michigan",23458,3531,3925,8395,6905,702,32.42816949441555,31.784465853866486,93.62690766476256,0.3111944752323301,0.21314690084406174,0.4135049876374797,0,2.07178787620428
26145,"Saginaw County, Michigan",190540,41281,52081,60813,31268,5097,19.085231447465098,48.998635457121864,68.5283929883489,18.489031174556523,0.15797207935341662,1.19607431510444,0.018893670620342185,8.913613939330324
26147,"St. Clair County, Michigan",160067,33454,39247,57299,26677,3390,18.784009196149114,45.41910574946741,90.59331404974166,2.1997038740027612,0.09870866574621877,0.41107786114564526,0.039358518620327736,3.553511966863876
26149,"St. Joseph County, Michigan",60828,14965,15719,19388,9701,1055,17.682646149799435,50.443874531465774,85.73683172223318,2.235812454790557,0.059183270862102975,0.5967646478595384,0,8.336621292825672
26151,"Sanilac County, Michigan",40829,8780,9341,13851,7994,863,21.692914350094295,44.38266918121923,93.35766244581058,0.47270322564843614,0.1518528496901712,0.23512699306865217,0,3.928580175855397
26153,"Schoolcraft County, Michigan",8004,1391,1471,2978,1945,219,27.03648175912044,35.75712143928036,84.83258370814593,0.39980009995002497,6.571714142928536,0.4122938530734633,0,1.3368315842078962
26155,"Shiawassee County, Michigan",68203,14407,17297,24000,11083,1416,18.326173335483777,46.484758734953004,93.56186678005366,0.824010674017272,0.1920736624488659,0.2507221089981379,0,2.964678973065701
26157,"Tuscola County, Michigan",53288,10931,12940,18520,9605,1292,20.449256868338086,44.79620177150578,92.23277285692839,1.0959315418105389,0.2533403392883951,0.39220837712055245,0,3.65185407596457
26159,"Van Buren County, Michigan",75550,17724,19318,24799,12273,1436,18.14559894109861,49.029781601588354,80.10589013898081,3.487756452680344,0.2872270019854401,0.7068166776968895,0.010589013898080741,11.809397749834547
26161,"Washtenaw County, Michigan",372428,69614,143875,106311,46997,5631,14.131053519069457,57.323563212218204,69.20344335012405,11.504237060586208,0.2088994382806878,9.081486891425994,0.03060994339845554,4.988346740846553
26163,"Wayne County, Michigan",1789781,426746,513816,573181,241954,34084,15.423004267002499,52.55179264949175,49.069299539999584,37.57208284142026,0.23472145474781553,3.4083499601347875,0.017152936588331197,6.212268428371963
26165,"Wexford County, Michigan",33552,7836,8279,11020,5606,811,19.125536480686694,48.029923700524556,92.77837386742966,0.7451120648545542,0.3427515498330949,0.3457319980925131,0.05960896518836433,2.1697663328564616
27001,"Aitkin County, Minnesota",15747,2634,2740,5202,4560,611,32.838000889058236,34.127135327363945,93.05899536419635,0.298469549755509,1.879723121864482,0.14605956690163205,0.02540166380897949,1.4224931733028514
27003,"Anoka County, Minnesota",360773,86641,99751,123503,46029,4849,14.102496583724392,51.6646201350988,78.91305613224937,7.337855105564995,0.49338503712861,4.8482009463014135,0.021897425805146174,4.936345014732256
27005,"Becker County, Minnesota",34995,8542,8035,11149,6438,831,20.771538791255892,47.369624232033146,85.50078582654665,0.5686526646663809,5.806543791970282,0.6943849121303043,0.014287755393627661,2.2946135162166024
27007,"Beltrami County, Minnesota",46033,11715,14530,12440,6509,839,15.962461712249908,57.013446875067885,70.82744987291726,0.8732865552972867,18.610561988138944,0.732083505311407,0.13685834075554493,2.5286207720548304
27009,"Benton County, Minnesota",41087,10554,12222,12719,4693,899,13.6101443278896,55.43359213376494,88.01567405748777,4.670577068172415,0.14359773164261203,1.0270888602234283,0.007301579575048069,2.903594811010782
27011,"Big Stone County, Minnesota",5155,1113,1141,1575,1077,249,25.722599418040737,43.72453928225024,95.20853540252182,0.11639185257032007,0.31037827352085356,0.7953443258971872,0,2.250242483026188
27013,"Blue Earth County, Minnesota",68575,13716,28177,17115,8432,1135,13.951148377688662,61.090776522056146,86.77214728399562,4.55413780532264,0.08603718556325192,2.3346700692672258,0.029165147648559972,4.034998177178272
27015,"Brown County, Minnesota",25894,5696,6770,8013,4515,900,20.912180427898356,48.14242681702325,92.87865914883757,0.7260369197497489,0.1892330269560516,0.5329419942843902,0,4.67675909477099
27017,"Carlton County, Minnesota",36145,8028,9485,12416,5350,866,17.19739936367409,48.45206805920598,87.75210955872181,2.1026421358417484,4.2578503250795405,0.5505602434638263,0,1.83981186886153
27019,"Carver County, Minnesota",105694,28015,28118,36449,11638,1474,12.405623781860843,53.108974965466345,87.52814729312922,1.624500917743675,0.1532726550229909,3.144927810471739,0.007569020001135353,4.3493481181524025
27021,"Cass County, Minnesota",29917,6336,5931,9930,7142,578,25.804726409733597,41.00344285857539,80.57291840759434,0.3944245746565498,9.676772403650098,0.5682387939967243,0.0033425811411572017,2.4367416519036
27023,"Chippewa County, Minnesota",12509,2952,3127,3806,2152,472,20.976896634423216,48.59701015269006,85.92213606203534,1.119194180190263,1.5748660964105843,1.1511711567671277,1.4229754576704772,7.922295946918219
27025,"Chisago County, Minnesota",56328,12882,14468,20267,7639,1072,15.464777730436017,48.55489277091322,92.06966340008522,1.1912370401931545,0.5343701178809828,1.3616673767930692,0.049708848174975145,2.4197557165175403
27027,"Clay County, Minnesota",64975,16190,22423,17925,7061,1376,12.984994228549443,59.427472104655635,85.7206617929973,4.481723739899961,1.3620623316660254,1.5944594074644094,0.22162370142362448,4.786456329357446
27029,"Clearwater County, Minnesota",8525,2160,1954,2685,1463,263,20.24633431085044,48.25806451612903,83.49560117302053,0.14076246334310852,6.897360703812317,0.6803519061583577,0,2.404692082111437
27031,"Cook County, Minnesota",5574,882,1208,1898,1418,168,28.453534266236097,37.49551489056333,84.84033010405454,0.03588087549336204,7.8040904198062435,0.7534983853606028,0.05382131324004306,2.4937208467886616
27033,"Cottonwood County, Minnesota",11484,2864,2668,3409,2077,466,22.14385231626611,48.171368861024035,84.32601880877743,1.4541971438523162,0.14803204458376873,3.3699059561128526,0.5747126436781609,8.7164750957854409
27035,"Crow Wing County, Minnesota",65879,14218,15584,21218,13079,1780,22.554987173454364,45.23748083607826,94.23336723386815,0.6800346089042032,0.7240547063555913,0.42805749935487786,0,1.5482930827729626
27037,"Dakota County, Minnesota",435863,106748,122000,144809,55598,6708,14.294858705602449,52.4816284015849,76.3882229049036,6.633965259726106,0.19157395787208367,5.04608099333965,0.02913759598773009,7.510846298034015
27039,"Dodge County, Minnesota",20798,5360,5558,6831,2681,368,14.66006346764112,52.49543225310126,90.85488989325897,0.4327339167227618,0.21155880373112798,0.6442927204538897,0.028848927781517455,5.029329743244543
27041,"Douglas County, Minnesota",38742,8463,9332,12189,7548,1210,22.60595735893862,45.932063393732896,95.34355479841,0.268442517164834,0.16003303907903568,0.4388002684425172,0.2658613391151722,1.8790976201538383
27043,"Faribault County, Minnesota",13933,3108,3118,4557,2650,500,22.60819636833417,44.6852795521424,89.53563482379961,0.5598220053111318,0.17943012990741405,0.3588602598148281,0,7.514533840522501
27045,"Fillmore County, Minnesota",21179,5256,4927,6597,3582,817,20.770574625808585,48.080645922848106,95.18863024694272,0.5052174323622456,0.0519382407101374,0.5429906983332546,0,1.8083951083620569
27047,"Freeborn County, Minnesota",30882,6850,7269,9995,5702,1066,21.915679036331845,45.71918917168577,83.59562204520432,1.0102972605401204,0.14247781879411955,2.9693672689592643,0.02590505796256719,10.41383330095201
27049,"Goodhue County, Minnesota",47503,10621,11921,15666,7820,1475,19.5671852304065,47.4538450203145,90.94162473949014,1.2967602046186557,0.837841820516599,0.7346904406037513,0,3.58503673452203
27051,"Grant County, Minnesota",6045,1381,1343,1909,1210,202,23.35814722911497,45.06203473945409,94.32588916459885,0.7113316790736146,0.41356492969396197,0.04962779156327544,0,2.2994210090984284
27053,"Hennepin County, Minnesota",1270283,280161,413900,396339,156778,23105,14.1608602177625,54.63829713536275,67.42466048904063,13.129200343545493,0.5038247382669846,7.181942921380512,0.024246565529098634,7.030795499900416
27055,"Houston County, Minnesota",18806,4210,4244,6313,3399,640,21.47718813144741,44.953738168669574,94.34754865468467,1.0369031160267999,0.17547591194299691,0.7710305221737743,0,1.3559502286504308
27057,"Hubbard County, Minnesota",21219,4537,4290,7064,4761,567,25.109571610349214,41.59950987322682,91.84221688109713,0.673924313115604,2.2291342664593055,0.35345680757811393,0,2.4741976530467977
27059,"Isanti County, Minnesota",40604,9638,10559,13885,5760,762,16.06245690079795,49.74140478770565,92.8997143138607,0.7314550290611762,0.2265786622007684,1.6353068663185892,0.01231405772830263,2.329819722194858
27061,"Itasca County, Minnesota",44969,9381,9938,14996,9382,1272,23.691876626120216,42.96070626431542,89.47719540127643,0.5603860437190065,3.1599546354155086,0.27129800529253484,0.05337009940181014,1.6389068024639195
27063,"Jackson County, Minnesota",10016,2209,2295,3318,1779,415,21.904952076677315,44.968051118210866,91.44369009584665,0.22963258785942492,0.029952076677316294,1.5475239616613419,0,4.163338658146965
27065,"Kanabec County, Minnesota",16004,3427,3713,5538,2964,362,20.782304423894026,44.61384653836541,94.00774806298425,0.3874031492126968,0.38115471132216944,0.4561359660084979,0,1.699575106223444
27067,"Kandiyohi County, Minnesota",43504,10756,11477,13081,6851,1339,18.82585509378448,51.10564545788893,78.05029422581832,5.797168076498712,0.31031629275468925,0.6482162559764619,0,12.856289076866496
27069,"Kittson County, Minnesota",4213,924,887,1352,864,186,24.922857821030146,42.98599572751009,94.49323522430572,1.3054830287206267,0.11868027533823879,0.2848326608117731,0,1.6140517446000475
27071,"Koochiching County, Minnesota",12203,2183,2432,4371,2762,455,26.36236990903876,37.81856920429403,91.2480537572728,0.5818241416045234,2.1552077358026716,0.18847824305498648,0,1.3849053511431615
27073,"Lac qui Parle County, Minnesota",6753,1414,1362,2161,1508,308,26.89175181400859,41.1076558566563,94.25440544942988,0.459055234710499,0.14808233377758034,0.6663705019991115,0,2.591440841107656
27075,"Lake County, Minnesota",10835,2044,2165,3801,2387,438,26.07291185971389,38.846331333640975,95.24688509460083,0.33225657591139823,0.2861098292570374,0.21227503461006,0,1.541301338255653
27077,"Lake of the Woods County, Minnesota",3757,784,709,1357,808,99,24.141602342294384,39.73915357998403,91.82858663827523,0.053233963268565346,1.9430396593026351,0.07985094490284801,0,0.053233963268565346
27079,"Le Sueur County, Minnesota",28567,6817,7082,9673,4493,502,17.485210207582174,48.654041376413346,90.35250463821892,0.8051247943431232,0.2555396086393391,0.39206076941926,0,6.5320124619316
27081,"Lincoln County, Minnesota",5655,1323,1209,1721,1077,325,24.792219274977896,44.774535809018566,95.03094606542882,0.654288240495137,0.1237842617152962,0.1237842617152962,0.3006189213085765,2.1220159151193636
27083,"Lyon County, Minnesota",25477,6630,7321,7439,3505,582,16.04192016328453,54.75919456764925,82.62746791223456,3.0458845232955216,0.11775326765317738,4.898535934372179,0.007850217843545159,7.32032813910586
27085,"McLeod County, Minnesota",36662,8499,9484,11859,5940,880,18.60236757405488,49.050788282145,89.79051879330096,0.4691506191697125,0.2318476897059626,0.8346516829414653,0,6.726310621351808
27087,"Mahnomen County, Minnesota",5429,1709,1298,1485,815,122,17.259163750230243,55.38773254743047,44.520169460305766,1.0499171118069626,36.19451095966108,0.3683919690550746,0.09209799226376865,4.733836802357708
27089,"Marshall County, Minnesota",9082,2115,2221,2798,1648,300,21.449020039638846,47.74278793217353,92.68883505835718,0.45144241356529397,0.39638846069147765,0.36335608896718785,0,4.5804888791015195
27091,"Martin County, Minnesota",20070,4415,4675,6357,3768,855,23.034379671150973,45.2914798206278,91.21076233183857,0.3786746387643249,0.1395117090184355,0.5430991529646239,0.009965122072745391,5.166915794718485
27093,"Meeker County, Minnesota",23268,5697,5416,7537,4038,580,19.84700017190992,47.76087330238955,93.4330410864707,0.3739040742650851,0.06016847172081829,0.21058965102286403,0,4.207495272477222
27095,"Mille Lacs County, Minnesota",26397,6325,6774,8572,4183,543,17.90354964579308,49.62306322688184,88.21456983748153,0.405349092699928,4.322460885706709,0.5909762473008296,0.10607265977194379,2.6139334015229005
27097,"Morrison County, Minnesota",33876,7966,8128,11178,5690,914,19.494627464871886,47.50856063289645,95.2089975203684,0.28338646829613884,0.07675050183020428,0.2774825835399693,0,1.7918290234974614
27099,"Mower County, Minnesota",39985,10224,10520,11992,6098,1151,18.1292984869326,51.879454795548334,76.32362135800925,3.5788420657746656,0.0875328248093035,4.976866324871827,0.38264349130924097,12.262098286857572
27101,"Murray County, Minnesota",8224,1805,1668,2653,1737,361,25.510700389105057,42.23005836575876,91.95038910505836,0.5107003891050583,0.303988326848249,1.4348249027237354,0,4.499027237354086
27103,"Nicollet County, Minnesota",34295,7649,11176,10015,4731,724,15.906108762210234,54.89138358361277,87.21971132818194,2.4668318996938328,0.20411138649948973,1.5920688146960198,0,4.817028721387957
27105,"Nobles County, Minnesota",22223,6182,5972,6427,3011,631,16.388426405075823,54.69108581199658,57.386491472798454,4.873329433469829,0.2429914952976646,5.1028214012509565,0,29.23547675831346
27107,"Norman County, Minnesota",6500,1550,1468,2113,1114,255,21.06153846153846,46.43076923076923,88.8923076923077,1.0307692307692307,1.8,0.5538461538461539,0,5.415384615384616
27109,"Olmsted County, Minnesota",160928,39647,46779,49821,21012,3669,15.336672300656193,53.704762378206404,78.28097037184331,6.671306422748061,0.10315172002386161,5.830557764963213,0.06027540266454563,5.244581427719228
27111,"Otter Tail County, Minnesota",59728,13053,13186,19333,12257,1899,23.700776855076345,43.930819716046074,91.68564157514064,1.130123225287972,0.23104741494776318,0.47046611304580765,0,3.6532279667827483
27113,"Pennington County, Minnesota",14063,3276,3875,4347,2220,345,18.23935148972481,50.849747564531036,89.81725094218872,1.2728436322264098,1.1661807580174928,1.1875133328592762,0,4.131408661025386
27115,"Pine County, Minnesota",28997,5700,6654,10633,5355,655,20.726282029175433,42.60440735248474,88.40914577370073,2.16574128358106,2.072628202917543,0.7690450736283064,0.04483222402317481,3.0278994378728834
27117,"Pipestone County, Minnesota",9370,2523,2077,2832,1604,334,20.683030949839914,49.092849519743865,86.7342582710779,0.192102454642476,1.2379935965848452,0.9925293489861259,0,7.59871931696905
27119,"Polk County, Minnesota",31303,7743,8332,9490,4907,831,18.33051145257643,51.352905472318945,85.25380953902182,2.434271475577421,1.3417244353576334,1.1596332619876688,0.028751237900520716,6.769319234578155
27121,"Pope County, Minnesota",11216,2377,2524,3580,2318,417,24.384807417974322,43.69650499286733,94.84664764621968,0.5349500713266762,0.21398002853067047,0.6865192582025678,0,1.7653352353780314
27123,"Ramsey County, Minnesota",549377,128834,182196,158820,68622,10905,14.475851737513583,56.61503848905215,60.22221534574618,11.973198732382317,0.4330359661944348,14.921811433678512,0.02621150867255091,7.632645705954199
27125,"Red Lake County, Minnesota",3921,967,847,1291,666,150,20.811017597551643,46.263708237694466,91.55827595001276,0.8416220351951033,1.7597551644988523,0,0,3.647028819178781
27127,"Redwood County, Minnesota",15435,3881,3714,4564,2685,591,21.224489795918366,49.20634920634921,86.23906705539359,0.6090055069646907,3.5244574020084225,2.4230644638807903,0,3.8289601554907677
27129,"Renville County, Minnesota",14768,3451,3488,4796,2563,470,20.53764897074756,46.98672806067172,86.62648970747563,0.35888407367280606,0.9886240520043337,0.704225352112676,0,9.202329360780064
27131,"Rice County, Minnesota",66795,14572,21178,20533,9288,1224,15.737704918032787,53.52197020735085,80.81592933602815,6.169623474810989,0.2440302417845647,2.3190358559772437,0.05988472191032263,8.484167976644958
27133,"Rock County, Minnesota",9718,2503,2294,2999,1575,347,19.777732043630376,49.36200864375386,92.81745215064828,0.41160732661041366,0.6174109899156205,0.6071208067503602,0,3.3237291623790903
27135,"Roseau County, Minnesota",15321,3715,3653,5256,2365,332,17.603289602506365,48.090855688271,90.52933881600418,0.8746165393903792,1.5207884602832713,2.8196592911689837,0,1.5077344820834149
27137,"St. Louis County, Minnesota",200311,38280,59637,63396,33939,5059,19.468726130866504,48.8824877315774,90.53921152607695,1.6104956792188148,1.7382969482454782,1.0738301940482549,0.020468171992551583,1.8551152957151629
27139,"Scott County, Minnesota",149568,40744,40998,50916,15105,1805,11.30589430894309,54.65206461275139,79.17201540436457,4.804503637141635,0.39647518185708175,6.151716944801027,0.0013371844244758238,5.454375267436885
27141,"Sherburne County, Minnesota",96295,25400,27888,32053,9430,1524,11.375460823511085,55.338283399968844,88.9121968949582,2.935770289215432,0.3167350329715977,1.461135053741108,0,2.808037800508853
27143,"Sibley County, Minnesota",14948,3515,3656,5077,2253,447,18.062617072518062,47.972972972972975,87.67059138346266,0.9767192935509768,0.3478726251003479,0.4549103559004549,0,9.238694139684238
27145,"Stearns County, Minnesota",157638,37029,51492,45458,20541,3118,15.008437051979852,56.154607391618775,84.00512566766896,7.413821540491506,0.1325822453976833,2.0052271660386456,0.01776221469442647,3.631104175389183
27147,"Steele County, Minnesota",37363,9334,9505,11907,5503,1114,17.710033990846558,50.42154002622916,85.53916976688167,3.25723309156117,0.03211733533174531,0.38808446859192247,0.005352889221957552,8.117656505098626
27149,"Stevens County, Minnesota",9669,2076,3396,2582,1391,224,16.70286482573172,56.59323611542042,85.98614127624367,1.4996380184093494,1.0962871031130417,2.244285862033302,0.22753128555176336,7.322370462302203
27151,"Swift County, Minnesota",9810,2278,2325,3071,1765,371,21.773700305810397,46.92150866462793,89.66360856269114,1.2640163098878696,0.42813455657492355,0.3669724770642202,0.8256880733944955,5.4841997961264015
27153,"Todd County, Minnesota",25121,6060,5710,8002,4690,659,21.292942159945863,46.85323036503324,88.69869830022691,0.545360455395884,0.258747661319215,0.5214760558894949,0.23088252856176109,6.9822061223677405
27155,"Traverse County, Minnesota",3362,707,755,1069,606,225,24.71743010113028,43.48602022605592,87.06127305175491,0.17846519928613921,5.413444378346222,0.2082093991671624,0,4.134443783462225
27157,"Wabasha County, Minnesota",21425,4680,4796,7334,4146,469,21.540256709451576,44.22870478413069,94.23570595099183,0.44340723453908987,0.2100350058343057,0.6161026837806302,0,3.0618436406067677
27159,"Wadena County, Minnesota",14009,3686,3230,4237,2383,473,20.38689413948176,49.36826325933328,92.23356413734028,0.9136983367834963,0.48540224141623245,0.43543436362338495,0,2.0629595260189877
27161,"Waseca County, Minnesota",18972,4445,5032,6136,2970,389,17.70503900484925,49.95256166982922,88.65696816360953,1.0858106683533628,1.2861058401855365,0.7906388361796332,0,6.35146531730972
27163,"Washington County, Minnesota",264818,65000,68818,91102,35859,4039,15.066196406588675,50.53206353042467,80.75999365602036,4.792725570014123,0.18729844648022415,6.54298423823154,0.04191557975666307,4.49856127604619
27165,"Watonwan County, Minnesota",11223,2777,2736,3467,1785,458,19.985743562327364,49.122338055778314,70.32878909382518,0.32968012117972023,0,1.4167334937182572,0,26.65953844783035
27167,"Wilkin County, Minnesota",6495,1504,1569,2197,923,302,18.860662047729022,47.31331793687452,92.54811393379522,0.23094688221709006,0.7698229407236336,0.1077752117013087,0,3.5719784449576597
27169,"Winona County, Minnesota",49889,9016,18109,14252,7495,1017,17.06187736775642,54.37070296057247,90.72140151135521,1.0302872376676222,0.36881877768646393,2.475495600232516,0.006013349636192347,3.084848363366674
27171,"Wright County, Minnesota",139890,39093,36273,46835,16140,1549,12.644935306312103,53.87518764743727,90.98505968975624,1.6405747372935877,0.20802058760454642,1.1416112659947102,0.004289084280506112,3.2175280577596683
27173,"Yellow Medicine County, Minnesota",9616,2204,2351,3077,1639,345,20.632279534109816,47.3689683860233,88.9559068219634,0.7383527454242929,2.267054908485857,0.5199667221297837,0,4.887687188019966
28001,"Adams County, Mississippi",29927,6414,8362,9547,5091,513,18.725565542820863,49.373475456945236,35.98756975306579,52.0633541617937,0.26397567414040835,0.6348782036288302,0,9.747051157817356
28003,"Alcorn County, Mississippi",34964,8074,9408,11110,5573,799,18.224459443999542,50,81.24070472485985,10.367806887083857,0.002860084658505892,0.42043244480036607,0.12584372497425925,3.3949204896464935
28005,"Amite County, Mississippi",12718,2627,2500,4588,2705,298,23.612203176600094,40.31294228652304,57.53263091681082,40.831891806887874,0.015725743041358705,0.11794307281019029,0,0.06290297216543482
28007,"Attala County, Mississippi",18025,4551,4500,5556,3043,375,18.9625520110957,50.213592233009706,52.94313453536755,42.95700416088766,0.033287101248266296,0.07766990291262135,0,2.1803051317614424
28009,"Benton County, Mississippi",7687,1617,2209,2430,1329,102,18.61584493300377,49.772342916612466,60.38766749056849,31.845973721868088,0,0.6244308572915311,0.14309873812930923,2.822947834005464
28011,"Bolivar County, Mississippi",31301,7787,9150,9428,4376,560,15.76946423436951,54.110092329318555,30.28657231398358,63.47081562889365,0.02555828887255998,0.7699434522858695,0,2.2651033513306285
28013,"Calhoun County, Mississippi",13420,3134,3262,4479,2263,282,18.964232488822653,47.6602086438152,63.949329359165425,28.36810730253353,0,0.19374068554396423,0,6.102831594634873
28015,"Carroll County, Mississippi",10053,1888,2342,3421,2054,348,23.893365164627475,42.07699194270367,64.22958320899234,35.49189296727345,0,0,0,0.15915647070526212
28017,"Chickasaw County, Mississippi",17100,4272,4381,5414,2742,291,17.736842105263158,50.60233918128655,49.12280701754386,44.35087719298246,0.09941520467836257,0.17543859649122806,0,4.923976608187134
28019,"Choctaw County, Mississippi",8264,1793,1954,2726,1590,201,21.672313649564376,45.34123910939012,67.32817037754114,29.888673765730882,0.15730880929332042,0.5566311713455954,0,0.6897386253630203
28021,"Claiborne County, Mississippi",9115,1931,3524,2115,1375,170,16.950082281952824,59.84640702139331,10.773450356555129,86.99945145364784,0,0.4936917169500823,0,0.20844761382336807
28023,"Clarke County, Mississippi",15678,3473,4076,4901,3014,214,20.589360887868352,48.150274269677254,63.20321469575201,34.691924990432454,0.15945911468299528,0.09567546880979717,0,1.218267636178084
28025,"Clay County, Mississippi",18768,4310,5166,5839,3016,437,18.39833759590793,50.490196078431374,38.331202046035806,59.99040920716113,0.08525149190110827,0.0639386189258312,0,0.1278772378516624
28027,"Coahoma County, Mississippi",21839,5924,5991,6581,2839,504,15.307477448601126,54.558358899217,19.99633682860937,75.34227757681212,0.352580246348276,0.4991071019735336,0,1.7491643390265121
28029,"Copiah County, Mississippi",28453,6558,8016,8875,4584,420,17.5868976909289,51.22131233964784,43.12023336730749,51.30917653674481,0.014058271535514708,0.14409728323902576,0,3.461849365620497
28031,"Covington County, Mississippi",18491,4554,5562,5234,2869,272,16.986642150235248,54.70769563571467,60.09409983235087,36.08782651019415,0,0.08112054513006327,0.10275269049808014,2.482288680979936
28033,"DeSoto County, Mississippi",183220,46994,52314,60313,21829,1770,12.880144089073246,54.20150638576575,61.30444274642506,29.34232070734636,0.12771531492195176,1.3421023905687153,0.007095295273441764,5.155550704071608
28035,"Forrest County, Mississippi",77743,18276,26932,21977,9282,1276,13.58064391649409,58.1505730419459,56.81797718122532,36.614228933794685,0.15306844346114762,0.7923542955635877,0.14406441737519776,3.108961578534402
28037,"Franklin County, Mississippi",7705,1797,1732,2629,1447,100,20.077871512005192,45.80142764438676,62.37508111615834,35.794938351719665,0.15574302401038287,0,0,0.025957170668397145
28039,"George County, Mississippi",24260,6487,7022,7209,3167,375,14.600164880461666,55.684253915910965,86.7848309975268,7.959604286892003,0.23907666941467437,0.6883759274525969,0,2.9884583676834295
28041,"Greene County, Mississippi",13653,2640,4268,4852,1710,183,13.865084596791913,50.59693840181645,71.62528382040577,25.049439683586026,0.21973192704900021,0.007324397568300008,0,1.7065846334139017
28043,"Grenada County, Mississippi",21621,5224,5972,6609,3415,401,17.64950742333842,51.78298876092688,52.89764580731696,44.424402201563296,0.0832523935063133,0.12487859025946996,0,0.592017020489339
28045,"Hancock County, Mississippi",45911,9375,11393,15711,8609,823,20.544096186099193,45.23534664895123,84.3501557360981,7.037529132451918,0.8015508265992899,0.37028163185293284,0,3.901025897932957
28047,"Harrison County, Mississippi",207382,49939,61920,64374,27879,3270,15.02010782035085,53.93862533874685,62.791370514316576,24.979988620034526,0.20156040543538012,2.546026173920591,0.02893211561273399,5.557377207279321
28049,"Hinds County, Mississippi",230772,55892,72134,69403,29478,3865,14.448459951813911,55.47726760612206,23.839547258766228,72.77312672247933,0.06023261054200683,0.7444577331738685,0.00823323453451892,1.5387482016882463
28051,"Holmes County, Mississippi",17243,4378,5094,5121,2420,230,15.368555355796556,54.93243635098301,15.037986429275648,84.21968334976512,0.028997274256219917,0.22037928434727136,0,0.347967291074639
28053,"Humphreys County, Mississippi",7916,2082,2057,2445,1231,101,16.8266801414856,52.28650833754421,20.12379989893886,77.8423446184942,0.08842849924204144,0.27791814047498736,0.17685699848408287,0.9221829206670036
28055,"Issaquena County, Mississippi",1111,139,314,430,216,12,20.522052205220522,40.774077407740776,32.223222322232225,63.72637263726373,0,0,0,2.8802880288028803
28057,"Itawamba County, Mississippi",23863,5263,6540,7941,3627,492,17.2610317227507,49.461509449775804,89.57381720655408,6.973138331307882,0.1634329296400285,0.2514352763692746,0.02933411557641537,1.7600469345849223
28059,"Jackson County, Mississippi",142993,33499,40325,46095,21074,2000,16.136454232025343,51.62770205534537,67.10608211590777,20.625485163609408,0.1986111208240963,2.31689663130363,0.10699824466931948,6.933206520598911
28061,"Jasper County, Mississippi",16406,3756,4090,5277,2992,291,20.01097159575765,47.82396684139949,44.288674875045714,53.32805071315372,0,0.0060953309764720225,0,0.9082043154943313
28063,"Jefferson County, Mississippi",7286,1670,1874,2558,1059,125,16.250343123799066,48.64122975569585,12.887729892945375,80.34586878945923,0.26077408729069446,0.3568487510293714,0,5.380181169365907
28065,"Jefferson Davis County, Mississippi",11372,2281,2792,3715,2402,182,22.722476257474497,44.6095673584242,37.4076679563841,61.5722827998593,0,0.10552233556102708,0,0.09672880759760816
28067,"Jones County, Mississippi",67374,17048,18816,20158,9862,1490,16.84922967316769,53.23121678985959,64.28889482589723,29.3228841986523,0.29981892124558435,0.3176299462700745,0.074212604268709,4.667972808501796
28069,"Kemper County, Mississippi",9211,1731,3018,2549,1818,95,20.76864618391054,51.55791987840625,33.45999348604929,62.06709369232439,3.8866572576267506,0.07599609162957334,0,0.39083704266637714
28071,"Lafayette County, Mississippi",55727,10384,23701,14357,6602,683,13.072657778096794,61.16424713334649,69.56412510991082,23.34057099790048,0.157912681464999,1.9326358856568628,0,2.6306817162237337
28073,"Lamar County, Mississippi",63610,15799,18762,20234,8055,760,13.857883980506209,54.33265209872661,73.06083949064613,20.587957868259707,0.03615783681811036,1.1711994969344444,0,2.9570822197767646
28075,"Lauderdale County, Mississippi",73756,17419,21149,22546,11246,1396,17.14030045013287,52.291339009707684,51.53207874613591,43.59374152611313,0.13693801182276696,0.7294321817886003,0.021693150387765064,2.3631975703671566
28077,"Lawrence County, Mississippi",12055,2963,2900,4018,1920,254,18.034010783907092,48.63542098714226,64.34674408958938,32.62546661136458,0.2986312733305682,0.22397345499792617,0,0.7880547490667773
28079,"Leake County, Mississippi",21452,5563,5838,6544,3161,346,16.348126048853253,53.146559761327616,46.331344396792836,41.80029834048107,5.565914600037293,0.4475107216110386,0,4.857355957486481
28081,"Lee County, Mississippi",83388,21134,23581,26328,11255,1090,14.804288386818246,53.62282342783134,63.96124142562479,29.70811147886986,0.20026862378279847,1.0217297452870917,0.17868278409363458,2.909291504772869
28083,"Leflore County, Mississippi",28555,7857,8820,7784,3509,585,14.33724391525127,58.40308177201891,21.208194711959376,74.71195937664157,0,0.4132376116266853,0,2.8261250218875853
28085,"Lincoln County, Mississippi",34910,8221,9046,11742,5473,428,16.90346605557147,49.46147235749069,66.83185333715268,30.549985677456316,0,0.4611859066170152,0,1.3262675451160126
28087,"Lowndes County, Mississippi",58904,14163,17144,18291,8408,898,15.798587532255874,53.149191905473316,50.757164199375254,44.20582642944452,0.12393046312644303,0.9082575037348907,0,2.1068178731495313
28089,"Madison County, Mississippi",108248,27052,30600,36150,12906,1540,13.345281206119282,53.25918261769271,54.97284014485256,37.7771413790555,0.012933264355923435,2.682728549257261,0.02309511492129185,3.0864311580814427
28091,"Marion County, Mississippi",24609,5781,6269,8042,3920,597,18.355073347149418,48.96582551099191,63.84249664756796,32.496241212564506,0.21943191515299282,0.089398187654923,0.09346174163923768,1.698565565443537
28093,"Marshall County, Mississippi",34031,7157,9096,11754,5588,436,17.701507449090535,47.759395844964885,47.430284152684315,46.38711762804502,0.06464693955511151,0,0,4.0580647057095005
28095,"Monroe County, Mississippi",34448,7814,8786,11130,6048,670,19.501857872735716,48.18857408267534,66.89793311658151,30.332675336739435,0,0.3686716209939619,0,1.3788899210404086
28097,"Montgomery County, Mississippi",9948,2276,2532,2986,1993,161,21.652593486127866,48.331322878970646,52.07076799356655,43.8681141938078,0,0,0,1.0052271813429836
28099,"Neshoba County, Mississippi",29153,8164,7581,8714,4212,482,16.10125887558742,54.0081638253353,57.84653380441121,22.62545878640277,16.44770692553082,0.5625493088189895,0.04802250197235276,0.26069358213562926
28101,"Newton County, Mississippi",21385,5266,6015,6632,3136,336,16.23567921440262,52.75192892214169,59.62122983399579,30.93757306523264,4.269347673602993,0.4208557400046762,0,2.066869300911854
28103,"Noxubee County, Mississippi",10410,2584,2701,3401,1504,220,16.560999039385205,50.76849183477425,25.58117195004803,73.02593659942363,0.33621517771373677,0,0,0.22094140249759847
28105,"Oktibbeha County, Mississippi",51339,9154,25520,10730,5177,758,11.560412162293773,67.53929761000408,55.865910905938954,36.37001110267048,0.5687683827109994,3.0892693663686477,0.07791347708369856,1.776427277508327
28107,"Panola County, Mississippi",33300,8354,8754,10913,4741,538,15.852852852852854,51.37537537537538,46.63963963963964,48.669669669669666,0.2732732732732733,0.2732732732732733,0.3783783783783784,1.972972972972973
28109,"Pearl River County, Mississippi",55972,12695,14681,18130,9257,1209,18.698635031801615,48.91016937039949,80.84399342528407,12.759951404273565,0.042878582148216965,0.310869720574573,0,3.3463160151504323
28111,"Perry County, Mississippi",11611,2598,3016,3891,1941,165,18.137972612178107,48.35070192059254,77.52992851606236,13.80587374041857,0.01722504521574369,1.3435535268280079,0,5.641202308156059
28113,"Pike County, Mississippi",40262,10534,10790,12162,6112,664,16.829765038994587,52.96309174904376,42.623317271869254,53.95906810391933,0.43713675425959964,0.5489046743827927,0,1.619392976007153
28115,"Pontotoc County, Mississippi",31136,8341,8618,9549,4162,466,14.86382322713258,54.46749743062693,75.61022610483042,14.703237410071942,0.012846865364850977,0,0,7.306654676258993
28117,"Prentiss County, Mississippi",25022,5680,7218,7770,3947,407,17.40068739509232,51.54663895771721,81.34042043002158,11.425945168251939,0.02397889856925905,2.270002397889857,0,1.4906881943889376
28119,"Quitman County, Mississippi",6327,1457,1704,2052,1012,102,17.607080764975503,49.960486802592065,25.114588272483008,72.81492018334123,0,0.1106369527422159,0,0.474158368895211
28121,"Rankin County, Mississippi",156052,35885,45903,50307,21422,2535,15.351933970727707,52.41073488324405,72.7648476148976,21.47681542050086,0.13392971573578039,1.2348447953246353,0,2.7324225258247252
28123,"Scott County, Mississippi",28062,7661,7546,8498,4034,323,15.526334544936212,54.19072054735942,48.89173971919322,36.16990948613784,0.16748628037916044,0.24588411374812913,0,11.58506164920533
28125,"Sharkey County, Mississippi",4160,976,1053,1372,705,54,18.245192307692307,48.77403846153846,26.875,72.40384615384616,0,0,0,0.4567307692307692
28127,"Simpson County, Mississippi",26064,6205,6898,8309,3950,702,17.848373235113566,50.272406384284835,61.14564149785144,36.70963781461019,0.12277470841006753,0.7174647022713321,0,0.4488950276243094
28129,"Smith County, Mississippi",14483,3400,3537,4692,2587,267,19.70586204515639,47.89753504108265,73.6104398260029,23.924601256645722,0,0.3935648691569426,0.30380446040185044,0.8561762065870331
28131,"Stone County, Mississippi",18356,3974,5217,6076,2723,366,16.828285029418176,50.07082152974504,76.44911745478318,15.798648943124864,0.12529962954892132,0.5720200479407278,0.11985181956853345,2.157332752233602
28133,"Sunflower County, Mississippi",26295,5796,8577,8300,3229,393,13.774481840654117,54.660581859669136,23.49115801483172,75.53146986119035,0.21677124928693667,0.07225708309564556,0,0.34607339798440767
28135,"Tallahatchie County, Mississippi",12917,2545,4625,3772,1837,138,15.289928001858016,55.50824494851746,34.27266393125339,61.48486490671208,0.007741735697143299,0.3406363706743052,0,3.181853371525896
28137,"Tate County, Mississippi",28123,6507,7736,9292,4160,428,16.314048999039933,50.64537922696725,64.6801550332468,30.011023006080432,0.035558084130427055,0.11023006080432386,0.08178359349998222,2.787753795825481
28139,"Tippah County, Mississippi",21877,5349,5920,7039,3302,267,16.313937011473236,51.51071901997532,76.84783105544636,15.477442062440005,0.013713031951364446,0.054852127805457784,0,4.790419161676646
28141,"Tishomingo County, Mississippi",18945,4136,4599,6350,3502,358,20.374769068355768,46.107152282924254,91.45420955397202,2.0110847189231986,0.3430984428609132,0.3642121931908155,0,3.3676431776194247
28143,"Tunica County, Mississippi",9949,2873,2992,2761,1232,91,13.297818876268972,58.950648306362446,18.42396220725701,79.70650316614736,0,0,0,1.7891245351291587
28145,"Union County, Mississippi",27775,7042,7554,8588,4127,464,16.52925292529253,52.55085508550855,77.40414041404141,15.647164716471647,0.24122412241224123,0.2808280828082808,0,4.514851485148514
28147,"Walthall County, Mississippi",13981,3272,4121,3849,2541,198,19.59087332808812,52.87890708819112,52.57134682783778,43.88813389600172,0.36478077390744584,0.2145769258279093,0,2.2602102853873114
28149,"Warren County, Mississippi",45141,10921,11619,14925,6942,734,17.004497020447044,49.93243392924393,46.82439467446446,48.93998803748256,0.11297933142819166,0.5848341862165216,0.019937529075563235,2.1244544870516826
28151,"Washington County, Mississippi",45616,11792,12414,13900,6785,725,16.463521571378465,53.06471413539109,24.519905296387233,71.96378463696948,0.04384426517011575,0.8111189056471414,0,1.7471939670291126
28153,"Wayne County, Mississippi",19824,4886,5059,6498,3215,166,17.055084745762713,50.166464891041166,57.183212267958034,38.52905569007264,0,0.09584342211460856,0,3.6168280871670704
28155,"Webster County, Mississippi",9938,2414,2570,3140,1644,170,18.253169651841418,50.15093580197223,78.24511974240289,19.23928355805997,0.08049909438518817,0.5031193399074261,0,1.4992956329241296
28157,"Wilkinson County, Mississippi",8706,1839,2655,2678,1293,241,17.620032161727543,51.61957270847691,27.762462669423385,69.1477142200781,0,0.02297266253158741,0,0.9533654950608775
28159,"Winston County, Mississippi",17846,4012,4602,5598,3240,394,20.363106578504986,48.268519556203074,49.68620419141544,47.23187268855766,0.7172475624789869,0.06724195898240502,0,1.3616496693937017
28161,"Yalobusha County, Mississippi",12586,2810,3031,4182,2406,157,20.363896392817416,46.408708088352135,58.00095344033053,37.581439694899096,0.357540123947243,0.1350707134911807,0,2.04989671063086
28163,"Yazoo County, Mississippi",27924,5971,9850,8542,3109,452,12.752470992694457,56.65735567970205,33.784558086234064,58.917060593038244,0.365277180919639,0.042973785990545764,0,5.099555937544764
29001,"Adair County, Missouri",25339,4638,10745,6300,3161,495,14.428351552942106,60.708788823552624,88.80382019811358,3.9188602549429734,0.16969888314455978,2.2652827656971466,0.01973242827262323,2.6796637594222346
29003,"Andrew County, Missouri",18023,4216,4414,5990,2809,594,18.881429284802753,47.88326027853299,93.60261887588082,1.0930477722909615,0.07767852188869777,0.3051656217055984,0,2.6188758808189534
29005,"Atchison County, Missouri",5312,1107,1184,1690,1117,214,25.05647590361446,43.128765060240966,94.87951807228916,0.3200301204819277,0.28237951807228917,0,0.11295180722891567,1.5813253012048192
29007,"Audrain County, Missouri",25223,5804,6812,8174,3894,539,17.57522895769734,50.01784085953297,87.19026285533045,5.165919993656583,0.1982317725885105,0.4400745351464933,0.13083296990841692,3.2946120604210445
29009,"Barry County, Missouri",34648,7916,8132,11212,6589,799,21.32302008773955,46.31724774878781,81.94989609789887,0.3203648118217502,0.36942969291156774,1.2525975525282844,0,9.735049642114985
29011,"Barton County, Missouri",11712,2790,2983,3510,2166,263,20.73941256830601,49.29132513661202,91.18852459016394,0.11953551912568305,1.2465846994535519,0.01707650273224044,0.03415300546448088,2.9798497267759565
29013,"Bates County, Missouri",16100,3863,3886,5305,2722,324,18.919254658385093,48.130434782608695,92.8695652173913,1.8633540372670807,0.39751552795031053,0.38509316770186336,0.037267080745341616,2.559006211180124
29015,"Benton County, Missouri",19351,3356,3494,6593,5250,658,30.530721926515426,35.39868740633559,93.51971474342412,0.5529430003617384,0.6976383649423802,0,0.05684460751382357,2.1342566275644668
29017,"Bollinger County, Missouri",10758,2337,2447,3832,1988,154,19.910764082543224,44.46923219929355,94.44134597508831,0.501952035694367,0.19520356943669828,0,0,1.5895147796988287
29019,"Boone County, Missouri",182170,37472,72747,49201,20267,2483,12.488335071636383,60.50337596750288,78.01394302025581,8.985013997914036,0.19871548553548882,4.390953504967887,0.09825986715705111,3.569193610363946
29021,"Buchanan County, Missouri",85545,19380,25394,26915,12242,1614,16.197323046349876,52.339704249225555,81.98725816821556,5.113098369279327,0.29224384826699396,1.3934186685370273,0.4418726985796949,6.732129288678474
29023,"Butler County, Missouri",42314,10034,10889,13417,7147,827,18.844826771281372,49.44699153944321,87.83381386775062,5.780592711632084,0.446660679680484,0.2528713900836603,0.07326180460367727,2.29474878290873
29025,"Caldwell County, Missouri",8856,2134,2136,2844,1511,231,19.670280036133693,48.215898825654925,93.69918699186992,0.485546522131888,0.31616982836495033,0.3952122854561879,0.1016260162601626,2.5519421860885276
29027,"Callaway County, Missouri",44449,9473,13135,14714,6435,692,16.034106504083333,50.86278656437715,89.38783774663096,3.977592296789579,0.6209363540237126,0.6524331256046255,0.24522486445139374,2.168777700285721
29029,"Camden County, Missouri",43053,7748,8628,14580,11081,1016,28.0979258123708,38.03683831556454,93.38025224723016,0.8315332264882819,0.3298260283836202,0.3507304949713144,0,2.9916614405500197
29031,"Cape Girardeau County, Missouri",81086,17565,26181,23915,11664,1761,16.55649557260193,53.95012702562711,85.1959647781368,7.358853562883851,0.08262832054855339,1.486076511358311,0.09866068125200404,2.491182201613102
29033,"Carroll County, Missouri",8564,1937,1980,2813,1549,285,21.415226529659037,45.73797290985521,94.20831387202242,1.0976179355441382,0.03503035964502569,0.09341429238673517,0,1.7398411957029425
29035,"Carter County, Missouri",5365,1158,1310,1808,1039,50,20.298229263746506,46.00186393289842,93.23392357875116,0.05591798695246971,0,0,0,3.4109972041006524
29037,"Cass County, Missouri",106966,25803,27785,35408,15685,2285,16.79973075556719,50.098162032795464,86.53310397696464,4.0994334648392945,0.40667127872408054,0.5487725071518053,0.13462221640521288,4.748237757792196
29039,"Cedar County, Missouri",14184,3441,3101,4336,3015,291,23.307952622673437,46.12239142695996,93.66892272983644,0.21150592216582065,0.25380710659898476,0.1551043429216018,0,2.340665538635082
29041,"Chariton County, Missouri",7432,1701,1612,2306,1547,266,24.394510226049515,44.57750269106566,94.2545748116254,2.3546824542518836,0,0,0,0.9284176533907428
29043,"Christian County, Missouri",87824,22404,22303,29387,12362,1368,15.6335398068865,50.90521952996903,92.26521224266715,0.686600473674622,0.2220349790490071,0.6604117325560211,0,3.277008562579705
29045,"Clark County, Missouri",6649,1655,1508,2122,1168,196,20.514363062114604,47.57106331779215,95.93923898330576,0.06015942246954429,0.5263949466085126,1.1430290269213415,0,0.8422319145736201
29047,"Clay County, Missouri",250134,60460,73593,80609,31775,3697,14.181198877401712,53.592474433703536,79.55255982793223,6.011977580017111,0.27265385753236265,2.110868574444098,0.2730536432472195,7.147369010210527
29049,"Clinton County, Missouri",21095,4980,5416,6956,3250,493,17.743541123488978,49.28182033657265,92.79450106660346,1.1519317373785256,0.1706565536857075,0.5878170182507704,0.06636643754444181,2.41289405072292
29051,"Cole County, Missouri",77412,17347,22110,25022,11732,1201,16.706712137653078,50.97013382938046,80.64382783031054,11.712654368831705,0.24673177285175424,1.4855577946571592,0.007750736319950395,2.9556141166744174
29053,"Cooper County, Missouri",17397,3867,5188,5259,2698,385,17.721446226360868,52.04920388572742,87.36563775363568,5.794102431453699,0.30465022705064093,0.24716905213542564,0,2.0463298269816637
29055,"Crawford County, Missouri",23204,5272,5807,7566,4062,497,19.647474573349424,47.746078262368556,93.78986381658335,0.474056197207378,0.21117048784692294,0.26719531115324946,0.2715049129460438,2.167729701775556
29057,"Dade County, Missouri",7584,1575,1636,2575,1559,239,23.707805907172997,42.33913502109704,93.30168776371308,0.435126582278481,0.6460970464135021,0.3691983122362869,0.026371308016877638,2.2679324894514767
29059,"Dallas County, Missouri",16946,4147,3944,5405,3168,282,20.358786734332586,47.74578071521303,94.13430898147055,0.02360439041661749,0.5133954915614304,0.7730437861442229,0,2.2365159919745072
29061,"Daviess County, Missouri",8427,2168,2008,2534,1517,200,20.374985166726,49.55500177999288,95.64495075353032,0.5695977216091136,0.261065622404177,0.18986590720303786,0.1423994304022784,1.6375934496262015
29063,"DeKalb County, Missouri",11639,2170,3424,3985,1784,276,17.699115044247787,48.06254832889424,85.84929976802131,8.40278374430793,0.25775410258613285,0.3093049231033594,0.03436721367815104,2.740785290832546
29065,"Dent County, Missouri",14585,3335,3262,4823,2768,397,21.70037709976003,45.23140212547138,92.69112101474117,0.5210833047651697,0.10970174837161467,0.9804593760713062,0.06856359273225918,1.8854988001371271
29067,"Douglas County, Missouri",11808,2624,2448,3875,2548,313,24.229336043360433,42.953929539295395,93.95325203252033,0.287940379403794,1.6175474254742548,0.11009485094850949,0,1.600609756097561
29069,"Dunklin County, Missouri",28592,7463,7158,8898,4480,593,17.742725237828765,51.13668158925574,77.89241745942921,10.370033575825406,0.013989927252378288,0.29378847229994404,0,6.963486289871293
29071,"Franklin County, Missouri",104331,24017,27427,34653,16217,2017,17.47706817724358,49.30845098772177,93.16789832360467,0.8396353912068321,0.18786362634308115,0.358474470675063,0.01725278201109929,1.8613834814197123
29073,"Gasconade County, Missouri",14803,3083,3399,4999,2980,342,22.44139701411876,43.788421265959606,95.18340876849287,0.6687833547253935,0.39181247044518003,0.1553739106937783,0.12159697358643518,0.7633587786259542
29075,"Gentry County, Missouri",6231,1536,1588,1918,999,190,19.082009308297224,50.136414700690096,95.44214411811909,0.2888781896966779,0.5938051677098379,0.6259027443428021,0.11234151821537473,1.7653667148130316
29077,"Greene County, Missouri",296875,62217,100492,85570,42653,5943,16.36917894736842,54.80724210526316,86.46534736842105,2.9446736842105263,0.24926315789473685,1.9011368421052632,0.026273684210526317,3.972715789473684
29079,"Grundy County, Missouri",9901,2471,2408,2933,1748,341,21.0988789011211,49.277850722149275,93.6067063932936,0.3837996162003838,0.302999697000303,1.1412988587011412,0,2.535097464902535
29081,"Harrison County, Missouri",8229,2021,1961,2446,1494,307,21.886012881273544,48.38984080690242,94.21557904970227,0.8263458500425325,0.2673471867784664,0.5103900838497994,0.03645643456069996,2.600558998663264
29083,"Henry County, Missouri",21884,4809,5115,7188,4202,570,21.805885578504842,45.34819959787973,92.92176932919027,0.9641747395357338,0.2421860720160848,0.1919210382014257,0.0045695485286053735,2.737159568634619
29085,"Hickory County, Missouri",8429,1472,1531,2695,2453,278,32.40004745521414,35.6270020168466,94.22232767825365,0.023727607070826908,0.8660576580851821,0.3677779095978171,0,1.9575275833432197
29087,"Holt County, Missouri",4295,887,871,1455,840,242,25.19208381839348,40.93131548311991,95.15715948777648,1.4435389988358556,0.5122235157159488,0.30267753201396974,0.06984866123399301,1.5133876600698486
29089,"Howard County, Missouri",10147,2246,3118,2809,1751,223,19.45402582043954,52.862915147334185,88.00630728294077,5.223218685325712,0.5617423869123879,0.4434808317729378,0.02956538878486252,1.823198975066522
29091,"Howell County, Missouri",39753,9630,9793,12585,6790,955,19.48280632908208,48.859205594546324,93.35647624078686,0.3647523457349131,0.6188212210399215,0.503106683772294,0,2.291650944582799
29093,"Iron County, Missouri",9606,2067,2262,3200,1760,317,21.62190297730585,45.065584009993756,93.25421611492817,0.5100978555069748,0.2602540079117218,0.38517593170934833,0,1.8530085363314595
29095,"Jackson County, Missouri",713229,168801,216689,220828,93456,13455,14.989715785533118,54.04855943883381,61.59760750053629,22.724959304795515,0.19895433304029983,1.7734836917736099,0.3083161228721771,9.361930039300141
29097,"Jasper County, Missouri",122059,30594,35853,36678,16842,2092,15.512170343850105,54.43842731793641,82.9443138154499,1.809780515979977,0.9765769013346005,1.2018777804176668,0.25151770864909595,8.431987809174252
29099,"Jefferson County, Missouri",225913,52419,60740,78357,31114,3283,15.225772753228012,50.08963627591152,90.88897053290425,0.8866244970408963,0.1332371311079929,0.8131448832072523,0.011066206902657218,2.10390725633319
29101,"Johnson County, Missouri",53889,11651,21580,13916,5782,960,12.510902039377239,61.66564605021433,84.75199020208206,3.2585499823711706,0.1410306370502329,1.785150958451632,0.30061793687023325,4.871123977063965
29103,"Knox County, Missouri",3782,901,893,1182,741,65,21.311475409836067,47.43521946060286,95.58434690639874,0.5023796932839767,0,1.2427287149656268,0.026441036488630356,1.0312004230565839
29105,"Laclede County, Missouri",35898,9001,9309,11170,5780,638,17.878433338904674,51.005627054432004,91.61513176221517,0.493063680427879,0.35656582539417236,0.48749233940609504,0.17549724218619422,2.6213159507493455
29107,"Lafayette County, Missouri",32752,7660,8107,10869,5499,617,18.673668783585736,48.14057156814851,91.30434782608695,2.3876404494382024,0.19235466536394724,0.7510991695163655,0.05801172447484123,3.2150708353688326
29109,"Lawrence County, Missouri",38123,9819,9674,11838,5879,913,17.81601657791884,51.1318626550901,88.20659444429872,0.1259082443669176,0.545602392256643,0.11803897909398525,0.10230044854812055,7.895496157175458
29111,"Lewis County, Missouri",10031,2233,2662,3204,1672,260,19.26029309141661,48.798723955737216,92.6129000099691,3.628750872295883,0.30904196989333066,0.29907287409032,0.12959824543913867,1.016847771907088
29113,"Lincoln County, Missouri",58689,15048,16036,19618,7212,775,13.6090238375164,52.963928504489765,92.72947230315732,2.029341103102796,0.1601663003288521,0.2811429739814957,0.11416108640460734,2.608666019185878
29115,"Linn County, Missouri",11962,2858,2776,3812,2287,229,21.03327202808895,47.09914729978264,94.42400936298277,0.718943320514964,0.25915398762748704,0.2842334057849858,0.08359806052499583,2.700217354957365
29117,"Livingston County, Missouri",15001,3250,4483,4383,2319,566,19.232051196586895,51.5498966735551,91.82721151923205,2.6864875674955004,0.45330311312579163,0.5866275581627891,0.09999333377774815,1.9865342310512633
29119,"McDonald County, Missouri",23267,5882,6101,7641,3367,276,15.657368805604504,51.50212747668372,70.1551553702669,1.8867924528301887,1.456999183392788,1.2034211544247218,2.74637899170499,11.52275755361671
29121,"Macon County, Missouri",15222,3581,3479,4841,2828,493,21.81710681907765,46.380239127578506,92.92471422940481,1.708054132177112,0.5386939955327815,0.7226382866903166,0.019708316909735908,1.6095125476284324
29123,"Madison County, Missouri",12597,2972,3163,4119,2140,203,18.599666587282687,48.702071921886166,94.56219734857505,0.7938398031277288,0,0.6509486385647376,0,2.3338890211955228
29125,"Maries County, Missouri",8457,1738,1948,2925,1645,201,21.82807142012534,43.58519569587324,94.65531512356628,0.3310866737613811,0.87501478065507865,0.20101690906940994,0,1.489890031926215
29127,"Marion County, Missouri",28564,6780,7710,8980,4392,702,17.833636745553843,50.7281893292256,89.74933482705504,4.404145077720207,0.25906735751295334,0.6126592914157681,0.0980254866265229,1.8974933482705503
29129,"Mercer County, Missouri",3561,850,893,1045,611,162,21.707385565852288,48.9469250210615,94.04661611906768,0.3650659926986801,0.6178039876439202,0.6739679865206403,0,2.7520359449592813
29131,"Miller County, Missouri",24643,5861,6355,7825,4045,557,18.674674349713914,49.571886539788174,94.30669967130625,0.8197053930122145,0.10956458223430589,0.2678245343505255,0.05681126486223268,2.0249157975895793
29133,"Mississippi County, Missouri",12976,2790,3495,4353,2092,246,18.017879161528978,48.43557336621455,70.04469790382244,23.867139334155365,0.32367447595561033,0.08477188655980271,0,2.381319358816276
29135,"Moniteau County, Missouri",15723,3931,4375,4911,2139,367,15.938434141067226,52.82706862558036,88.507282325256,3.529860713604274,0.3180054696940787,0.33708579787572346,0,5.119888062074668
29137,"Monroe County, Missouri",8643,1939,1841,2827,1749,287,23.556635427513594,43.734814300590074,92.31748235566354,3.135485363878283,0.6942034015966678,0.4743723244243897,0.16198079370588916,1.6892282772185583
29139,"Montgomery County, Missouri",11384,2540,2576,3986,2049,233,20.045678144764583,44.9402670414617,92.60365425158116,1.5811665495432186,0.08784258608573436,0.14054813773717498,0,2.2048489107519327
29141,"Morgan County, Missouri",20883,4874,4500,6659,4245,605,23.224632476176794,44.888186563233255,93.38696547430925,1.0103912273140832,0.014365752047119667,0.7422305224345161,0,2.3799262558061582
29143,"New Madrid County, Missouri",16658,3922,4073,5508,2881,274,18.939848721335093,47.99495737783648,78.124624804898545,13.104814503541842,0.4022091487573538,0,0,2.005042622163525
29145,"Newton County, Missouri",58634,14055,15354,18669,9431,1125,18.00320633079783,50.15690554968107,83.07125558549647,1.100044342872736,1.3575741037623221,1.497424702391104,1.1256267694511717,5.692942661254563
29147,"Nodaway County, Missouri",21571,3454,9422,5449,2788,458,15.047981085716934,59.691252144082334,92.0541467711279,2.7490612396272773,0.2503360993927032,1.242408789578601,0.009271707384914932,1.7940753789810393
29149,"Oregon County, Missouri",8891,2099,1901,2865,1802,224,22.787088066584186,44.98931503767855,93.34158137442357,0.0899786300753571,0.42739849285794623,0.1799572601507142,0.0899786300753571,1.8558092453042403
29151,"Osage County, Missouri",13372,3055,3423,4583,1944,367,17.28238109482501,48.444510918336825,97.3227639844451,0.17200119653006282,0.5683517798384684,0,0,0.9497457373616512
29153,"Ozark County, Missouri",8664,1680,1472,3112,2197,203,27.700831024930746,36.38042474607572,94.86380424746076,0.09233610341643583,0.8771929824561403,0.5886426592797784,0,1.8236380424746075
29155,"Pemiscot County, Missouri",15949,4165,4161,4928,2366,329,16.897611135494387,52.20389993103016,68.03561351808891,26.37782933099254,0.11285974042259703,0.031349927895165844,0,2.827763496143959
29157,"Perry County, Missouri",19007,4481,4787,6236,3040,463,18.43005208607355,48.76098279581207,94.15478507918135,0.5366443941705688,0.031567317304151105,0.9049297627189983,0,2.320197821855106
29159,"Pettis County, Missouri",42919,10783,11773,13250,6170,943,16.573079521890072,52.554812553880566,83.97679349472261,2.5839371839977634,0.05824926023439502,0.6151121880752114,0.05358931941564342,8.986695868962464
29161,"Phelps County, Missouri",44692,9501,15125,12874,6343,849,16.09236552403115,55.10158417613891,87.03794862615233,1.995882932068379,0.4855455115009398,3.273516513022465,0,2.729795041618187
29163,"Pike County, Missouri",18052,4134,5208,5516,2943,251,17.693330378905383,51.75049855971638,88.80456459118103,6.5809882561489035,0.2548194105916242,0.3822291158874363,0.15510746731664082,2.2767560381121204
29165,"Platte County, Missouri",105189,25012,29898,34628,13905,1746,14.878932207740354,52.20127579880025,79.43701337592334,6.396106056716957,0.14260046202549695,2.747435568357908,0.532375058228522,6.457899590261339
29167,"Polk County, Missouri",31541,7325,9066,9634,4770,746,17.488348498779366,51.96728068228655,92.6635173266542,1.2840429916616467,0.45337814273485305,0.3677752766240766,0.0760914365429124,2.6568593259566913
29169,"Pulaski County, Missouri",53460,11761,25121,11721,4302,555,9.085297418630752,68.98989898989899,69.09277964833521,10.460157126823793,0.8735503179947625,2.6038159371492706,0.49195660306771416,11.445940890385335
29171,"Putnam County, Missouri",4715,1095,928,1535,1043,114,24.538706256627783,42.90562036055143,95.31283138918346,0.2757158006362672,0.23329798515376457,0,0,2.3966065747613996
29173,"Ralls County, Missouri",10318,2220,2351,3543,1959,245,21.36072882341539,44.30122116689281,94.04923434774182,1.8705175421593332,0.22291141694126768,0.3779802287264974,0,0.9788718743942625
29175,"Randolph County, Missouri",24880,5425,7282,8164,3542,467,16.113344051446944,51.07315112540193,87.90996784565917,6.0008038585209,0.4662379421221865,0.4139871382636656,0,2.15032154340836
29177,"Ray County, Missouri",23080,5267,5719,7903,3740,451,18.158578856152513,47.599653379549395,93.1369150779896,1.0961871750433276,0.3119584055459272,0.1733102253032929,0.008665511265164644,2.6256499133448874
29179,"Reynolds County, Missouri",6138,1153,1382,2170,1270,163,23.34636689475399,41.30009775171065,92.88041707396546,1.3196480938416422,0.11404366243075921,0.13033561420658196,0.08145975887911372,0.7168458781362007
29181,"Ripley County, Missouri",11032,2622,2704,3465,2030,211,20.313633067440175,48.27773749093546,94.34372733865119,0.2719361856417694,0.12690355329949238,0.6254532269760696,0.09970993473531545,1.4865844815083393
29183,"St. Charles County, Missouri",402377,93754,112326,134583,55281,6433,15.337357751561347,51.215650993968346,85.97086811621936,4.567855518580833,0.056911801618879806,2.671872398273261,0.0318109633502909,3.4619274958558766
29185,"St. Clair County, Missouri",9235,1890,1882,3010,2159,294,26.56199242014077,40.8446128857607,93.11315646995128,0.6172171088251218,0.31402273957769355,0.2707092582566324,0,2.2956145100162426
29186,"Ste. Genevieve County, Missouri",18406,3969,4517,6235,3326,359,20.020645441703792,46.10453113115288,95.3384765837227,0.8475497120504183,0.4726719547973487,0.483537976746713,0,1.162664348581984
29187,"St. Francois County, Missouri",67168,14300,20212,21607,9761,1288,16.449797522629822,51.38161029061458,90.93467127203431,3.518044306812768,0.1697236779418771,0.38560028585040496,0.02977608384945212,1.6540614578370654
29189,"St. Louis County, Missouri",1001982,222848,274673,323786,155774,24901,18.031761049599695,49.653686393567945,63.903343573038235,24.089155294206883,0.07634867692233992,4.538305079332763,0.021856680060120842,3.020613144747111
29195,"Saline County, Missouri",23278,5377,7221,6488,3571,621,18.00841996735115,54.11976973966836,79.22501933155769,4.6997164704871555,0.18901967522983074,0.7861500128877051,0.4424778761061947,10.872927227425036
29197,"Schuyler County, Missouri",4094,1065,1046,1212,696,75,18.832437713727405,51.563263312164146,96.48265754763068,0.31753786028334147,0.09770395701025891,0.1709819247679531,0,2.589154860771861
29199,"Scotland County, Missouri",4760,1389,1146,1349,666,210,18.403361344537814,53.2563025210084,97.60504201680672,0.02100840336134454,0.06302521008403361,0.04201680672268908,0,0
29201,"Scott County, Missouri",38161,9241,9957,12020,6180,763,18.193967663321192,50.307905977306675,82.14145331621289,10.691543722648778,0.06551191006524987,0.3825895547810592,0,2.5340006813238647
29203,"Shannon County, Missouri",7185,1580,1755,2305,1451,94,21.50313152400835,46.41614474599861,93.13848295059151,0.23660403618649964,0.09742519137091162,0,0,0.9464161447459986
29205,"Shelby County, Missouri",6087,1491,1402,1897,1145,152,21.30770494496468,47.52751766058814,94.92360768851651,1.6099885000821423,0.3614259898143585,0.21356990307212093,0,1.9878429439789715
29207,"Stoddard County, Missouri",28812,6390,7528,9221,5081,592,19.689712619741773,48.30626128002221,94.25933638761627,1.391781202276829,0,0.04512008885186728,0,1.8290989865333889
29209,"Stone County, Missouri",31018,5163,5593,10729,8420,1113,30.733767489844606,34.67663937068799,94.35166677413115,0.14507705203430266,0.20955574182732606,0.42878328712360564,0,2.3405764394867496
29211,"Sullivan County, Missouri",6045,1427,1388,2042,999,189,19.65260545905707,46.567411083540115,76.608767576509507,2.2828784119106698,0.23159636062861869,0.6947890818858561,0.46319272125723737,18.395368072787427
29213,"Taney County, Missouri",55854,11871,14147,17610,10902,1324,21.889211157661045,46.5821606330791,87.91850180828588,1.7563648082500807,0.5030973609768324,0.6302144877716904,0.008951910337666059,6.296773731514305
29215,"Texas County, Missouri",24866,5308,6119,8347,4540,552,20.47776079787662,45.95431512909193,90.52521515322127,1.986648435614896,1.2225528834553205,1.2064666613045927,0,2.2158771012627683
29217,"Vernon County, Missouri",19831,4867,4747,6368,3496,353,19.409006101558166,48.47965306842822,93.53537390953558,0.2924713831879381,0.2723009429680803,0.6555393071453784,0,2.2943875750088245
29219,"Warren County, Missouri",35033,8258,8699,11944,5648,484,17.503496703108496,48.40293437615962,90.62027231467474,1.823994519453087,0.14843147889133104,0.625124882253875,0,3.5595010418748037
29221,"Washington County, Missouri",23791,5578,6289,8013,3546,365,16.43898953385734,49.880206800891095,93.29158084990122,2.030179479635156,0.016813080576688663,0.16813080576688663,0.11769156403682064,1.5131772519019797
29223,"Wayne County, Missouri",11298,2338,2377,3898,2429,256,23.76526818906001,41.733050097362366,92.97220747034874,0.5310674455655868,0,0.49566294919454773,0,1.8675871835723137
29225,"Webster County, Missouri",38978,10640,10447,11862,5545,484,15.467699728051722,54.099748576119865,93.17563753912464,0.45153676432859563,0.32839037405716043,0.27707937811072914,0.017958848581250964,2.2089383754938683
29227,"Worth County, Missouri",2004,405,450,641,426,82,25.34930139720559,42.66467065868263,95.95808383233533,0.8982035928143712,0.0499001996007984,0.0499001996007984,0,2.2954091816367264
29229,"Wright County, Missouri",18244,4761,4101,5796,3105,481,19.655777241832933,48.57487393115545,93.51019513264634,0.15347511510633632,0.263100197325148,0.31243148432361323,0.07673755755316816,2.247314185485639
29510,"St. Louis city, Missouri",302787,57487,109916,93219,37144,5021,13.92563088904081,55.287380237592764,44.33545693837582,44.603301991168706,0.19023273786523198,3.360448103782527,0.05779640473336042,4.227063909613029
30001,"Beaverhead County, Montana",9391,1611,2851,2827,1901,201,22.383132786710682,47.51357682887871,89.39410073474603,0.9370674049621979,1.1713342562027473,0.14907890533489512,0.11713342562027473,5.388137578532637
30003,"Big Horn County, Montana",13198,4482,3554,3480,1527,155,12.744355205334141,60.88801333535384,26.21609334747689,0,65.20684952265495,0.18942263979390817,0,6.031216851038036
30005,"Blaine County, Montana",7051,2134,1886,1952,948,131,15.302793929939016,57.01318961849383,43.41228194582329,0.7942135867252872,50.702028081123245,0.056729541908949084,0,3.715784995036165
30007,"Broadwater County, Montana",6641,1270,1403,2422,1502,44,23.27962656226472,40.249962355067005,93.64553531094715,0.04517391959042313,0.8131305526276164,0,0,3.1772323445264266
30009,"Carbon County, Montana",10488,1867,2081,3832,2458,250,25.81998474446987,37.64302059496568,93.18268497330283,0.7341723874904653,0.5530129672006102,0.41952707856598015,0.12395118230358505,2.707856598016781
30011,"Carter County, Montana",1349,236,262,464,327,60,28.687916975537433,36.91623424759081,96.14529280948851,0,0.37064492216456635,0,0,0.2965159377316531
30013,"Cascade County, Montana",84178,19168,24719,24697,13463,2131,18.525030292950653,52.13595001069163,83.93404452469767,1.4564375490033026,3.8430468768561856,0.8410748651666706,0.02732305352942574,4.873007199030625
30015,"Chouteau County, Montana",5896,1372,1462,1786,1127,149,21.64179104477612,48.066485753052916,76.45861601085481,0.13568521031207598,19.097693351424695,0.13568521031207598,0.016960651289009497,1.0345997286295794
30017,"Custer County, Montana",11968,2423,3167,3957,2167,254,20.22894385026738,46.70788770053476,90.82553475935829,0.7603609625668449,0.8104946524064172,0.25066844919786097,0.3425802139037433,3.61798128342246
30019,"Daniels County, Montana",1739,368,373,491,413,94,29.15468660149511,42.61069580218516,92.12190914318573,0,2.472685451408856,0.9200690051753881,0,1.7251293847038527
30021,"Dawson County, Montana",9003,1889,2527,2813,1599,175,19.704542930134398,49.05031656114628,92.25813617682995,0.9885593690991892,1.6883261135177163,0.05553704320781962,0,3.1211818282794623
30023,"Deer Lodge County, Montana",9380,1271,2262,3605,2061,181,23.901918976545844,37.66524520255864,88.69936034115139,0.906183368869936,1.5245202558635393,0.7356076759061834,0.07462686567164178,3.8272921108742004
30025,"Fallon County, Montana",3074,761,931,842,457,83,17.56668835393624,55.042290175666885,93.03838646714378,0.03253090435914118,3.513337670787248,0,0,1.0409889394925178
30027,"Fergus County, Montana",11464,2301,3066,3326,2440,331,24.171318911374737,46.81612002791347,93.20481507327285,0.6018841591067691,1.229937194696441,2.381367759944173,0,0.8810188415910677
30029,"Flathead County, Montana",103400,22673,25899,34554,18492,1782,19.607350096711798,46.97485493230174,91.60251450676982,0.3181818181818182,1.006769825918762,0.8123791102514507,0,3.127659574468085
30031,"Gallatin County, Montana",116725,23108,45771,33076,13510,1260,12.653673163418292,59.009638038123796,90.36281859070465,0.41379310344827586,0.6708074534161491,1.2782180338402227,0.0034268579995716426,4.117369886485329
30033,"Garfield County, Montana",972,211,256,310,176,19,20.061728395061728,48.04526748971193,98.97119341563786,0.411522633744856,0,0,0,0
30035,"Glacier County, Montana",13827,4122,4149,3892,1480,184,12.034425399580531,59.81774788457366,29.00846170535908,0.3037535257105663,63.07948217256093,0.6219715050263976,0.2675923916974036,3.5944167209083675
30037,"Golden Valley County, Montana",820,137,161,309,201,12,25.975609756097562,36.34146341463415,81.46341463414635,1.0975609756097562,0.36585365853658536,0,0,8.902439024390244
30039,"Granite County, Montana",3333,596,590,1150,947,50,29.912991299129914,35.583558355835585,93.75937593759376,0.15001500150015,0.6600660066006601,0.42004200420042004,0,4.14041404140414
30041,"Hill County, Montana",16297,4578,4781,4510,2222,206,14.898447567036879,57.427747438178805,67.86525127324047,0.42339080812419466,23.568754985580167,0.46020740013499417,0.01840829600539977,3.9639197398294166
30043,"Jefferson County, Montana",12057,2470,2413,4538,2421,215,21.862818279837438,40.49929501534378,91.54847806253629,0.44787260512565313,0.9455088330430456,0.14099693124326118,0,2.7784689392054407
30045,"Judith Basin County, Montana",2004,470,315,756,433,30,23.10379241516966,39.17165668662675,91.71656686626747,0,1.1976047904191616,0,0,5.738522954091817
30047,"Lake County, Montana",31030,7253,7376,9529,6357,515,22.146310022558815,47.144698678698035,64.50209474701902,0.3609410248146955,21.575894295842733,0.5768611021592007,0.11601675797615212,4.4988720592974545
30049,"Lewis and Clark County, Montana",70340,15169,19276,22626,12155,1114,18.864088711970428,48.969292010235996,90.06966164344612,0.4535115154961615,1.130224623258459,0.554449815183395,0,3.608188797270401
30051,"Liberty County, Montana",2026,530,535,549,284,128,20.33563672260612,52.56663376110563,98.22309970384995,0,0.24679170779861798,0,0,0.7897334649555775
30053,"Lincoln County, Montana",19674,3613,3510,6851,5129,571,28.972247636474535,36.20514384466809,91.31849140998271,0.10165700925078784,1.3113754193351632,0.34055098099013925,0.26939107451458777,3.354681305275999
30055,"McCone County, Montana",1805,341,386,576,429,73,27.81163434903047,40.27700831024931,89.3628808864266,0,3.490304709141274,1.6620498614958448,0,4.265927977839335
30057,"Madison County, Montana",8499,1326,1757,2911,2250,255,29.474055771267206,36.27485586539593,92.05788916343099,0.023532180256500765,0.3882809742322626,1.0824802917990353,0,4.388751617837393
30059,"Meagher County, Montana",1932,338,317,659,589,29,31.987577639751553,33.90269151138716,91.61490683229813,0.051759834368530024,3.6749482401656315,0.2587991718426501,0,3.6231884057971016
30061,"Mineral County, Montana",4490,869,910,1445,1163,103,28.19599109131403,39.62138084632517,91.33630289532294,0.6013363028953229,1.6481069042316259,0.6681514476614699,0,1.8930957683741647
30063,"Missoula County, Montana",117379,21982,42759,34106,16691,1841,15.788173352984776,55.15552185655015,87.82746487872618,0.5341670997367501,2.1400761635386227,1.8274137622573032,0.11245623152352635,3.535555763807836
30065,"Musselshell County, Montana",4813,917,842,1720,1262,72,27.716600872636608,36.546852275088305,91.60606690214004,0,2.8464575109079577,0,0,3.3035528776231042
30067,"Park County, Montana",17072,2936,3938,6268,3498,432,23.020149953139644,40.26476101218369,92.77764761012183,0.37488284910965325,0.32216494845360827,0.3631677600749766,0.06443298969072164,3.215791940018744
30069,"Petroleum County, Montana",434,76,81,186,86,5,20.967741935483872,36.175115207373274,94.00921658986175,0,0,5.990783410138249,0,0
30071,"Phillips County, Montana",4233,1004,757,1541,819,112,21.993857784077488,41.60170092133239,82.96716276872195,0,6.567446255610678,0.5433498700685093,0,3.189227498228207
30073,"Pondera County, Montana",5974,1413,1473,1863,1066,159,20.505523937060595,48.30934047539337,80.71643789755608,0.26782725142283226,14.429193170405089,0.23434884499497824,0,2.142618011382658
30075,"Powder River County, Montana",1759,359,355,597,367,81,25.469016486640136,40.591245025582715,90.96077316657191,0,2.274019329164298,0.6822057987492893,0,3.6384309266628767
30077,"Powell County, Montana",6955,1053,1979,2525,1303,95,20.100647016534868,43.59453630481668,88.5549964054637,1.3803019410496047,4.687275341480949,1.6966211358734724,0,1.8260244428468728
30079,"Prairie County, Montana",1227,290,190,358,342,47,31.703341483292583,39.119804400978,96.57701711491443,0,0.08149959250203749,2.2819885900570496,0,1.0594947025264874
30081,"Ravalli County, Montana",43790,8362,9188,14979,10325,936,25.715916875999085,40.07764329755652,90.79470198675497,0.25119890385932864,0.8403745147293903,0.513815939712263,0,3.6560858643525918
30083,"Richland County, Montana",11375,2903,3041,3594,1654,183,16.14945054945055,52.254945054945054,88.43956043956044,0.1054945054945055,0.14945054945054945,0.07912087912087912,1.0285714285714285,5.503296703296703
30085,"Roosevelt County, Montana",10884,3707,3161,2784,1115,117,11.319367879456083,63.10180080852628,32.7728776185226,0.2205071664829107,58.195516354281516,0.7533994854832782,0.009187798603454611,3.509739066519662
30087,"Rosebud County, Montana",8464,2368,2216,2511,1250,119,16.174385633270322,54.15879017013233,51.4413988657845,0.2599243856332703,37.370037807183365,0.7915879017013232,0.011814744801512287,4.844045368620038
30089,"Sanders County, Montana",12298,2164,2130,4151,3475,378,31.330297609367378,34.91624654415352,89.49422670352902,0.3008619287689055,3.512766303463978,0.18702228004553587,0.0813140348024069,3.2769556025369977
30091,"Sheridan County, Montana",3522,728,845,1180,611,158,21.83418512208972,44.66212379329926,89.38103350369109,0,1.7035775127768313,0.5678591709256104,0,4.372515616127201
30093,"Silver Bow County, Montana",35017,7228,10008,11093,6130,558,19.099294628323385,49.22180655110375,89.85921124025474,0.15421081189136704,2.2360567724248224,0.505468772310592,0.03141331353342662,4.683439472256333
30095,"Stillwater County, Montana",8916,1922,1792,3144,1874,184,23.082099596231494,41.655450874831764,92.11529834006281,0.1009421265141319,1.0430686406460297,0.2018842530282638,0,3.9928218932256616
30097,"Sweet Grass County, Montana",3690,755,953,1020,872,90,26.070460704607047,46.28726287262872,93.08943089430895,2.2493224932249323,0.7859078590785907,0.08130081300813008,0,1.978319783197832
30099,"Teton County, Montana",6173,1528,1445,1835,1178,187,22.112425076948,48.161347804957074,93.11517900534587,0.6479831524380366,1.6685566175279443,0,0,0.7289810464927912
30101,"Toole County, Montana",5013,1010,1422,1680,779,122,17.973269499301814,48.513863953720325,86.71454219030521,2.9323758228605628,5.7051665669259926,0.13963694394574108,0,2.2341911031318573
30103,"Treasure County, Montana",693,117,127,269,162,18,25.974025974025974,35.20923520923521,97.11399711399712,0,0.1443001443001443,0,0,2.7417027417027415
30105,"Valley County, Montana",7553,1772,1781,2297,1573,130,22.547332185886404,47.04091089633258,84.57566529855687,0.33099430689792136,9.46643717728055,0.10591817820733483,0,2.740632861114789
30107,"Wheatland County, Montana",2082,434,435,604,557,52,29.2507204610951,41.738712776176754,94.42843419788665,0.5283381364073007,0.57636887608069165,0.5283381364073007,0,1.9692603266090298
30109,"Wibaux County, Montana",1018,267,185,330,201,35,23.18271119842829,44.4007858546169,89.3909626719057,0,0.9823182711198428,0.5893909626719057,0,6.8762278978389
30111,"Yellowstone County, Montana",163593,38563,46217,51073,24254,3486,16.956715751896475,51.82373328932167,85.20352337813965,0.42361225724817075,3.883417994657473,0.7365840836710618,0.03239747421955707,6.0467134901860105
31001,"Adams County, Nebraska",31284,7559,8930,9251,4731,813,17.72151898734177,52.70745428973277,84.42015087584709,0.6488940033243831,0.14064697609001406,1.1923027745812556,0.009589566551591868,11.293312875591356
31003,"Antelope County, Nebraska",6310,1517,1445,1879,1208,261,23.28050713153724,46.94136291600634,94.65927099841521,1.045958795562599,0,0.2218700475435816,0.01584786053882726,3.502377179080824
31005,"Arthur County, Nebraska",472,135,80,135,115,7,25.847457627118644,45.55084745762712,92.37288135593221,0,0.211864406779661,0,0,1.694915254237288
31007,"Banner County, Nebraska",605,116,126,171,176,16,31.735537190082646,40,92.06611570247934,0,0,0.6611570247933884,0,4.958677685950414
31009,"Blaine County, Nebraska",346,48,51,128,86,33,34.39306358381503,28.612716763005782,100,0,0,0,0,0
31011,"Boone County, Nebraska",5413,1298,1241,1669,994,211,22.261222981710695,46.90559763532237,95.89876223905412,0.09237021984112322,0.03694808793644929,0.36948087936449286,0.05542213190467393,2.5863661555514503
31013,"Box Butte County, Nebraska",10821,2753,2649,3416,1779,224,18.510304038443767,49.92144903428519,80.4823953423898,3.2159689492653176,1.9961186581646797,0.748544496811755,0,13.048701598743184
31015,"Boyd County, Nebraska",1812,347,293,593,492,87,31.95364238410596,35.32008830022075,93.04635761589404,0.27593818984547464,3.3112582781456954,0.22075055187637968,0,2.5386313465783665
31017,"Brown County, Nebraska",2752,556,651,773,671,101,28.052325581395348,43.85901162790697,93.05959302325581,0.036337209302325583,0.10901162790697674,0.036337209302325583,0,3.052325581395349
31019,"Buffalo County, Nebraska",49840,11691,17174,13607,6282,1086,14.78330658105939,57.915329052969504,85.73234349919743,0.7303370786516854,0.2247191011235955,1.4145264847512038,0,9.536516853932584
31021,"Burt County, Nebraska",6705,1548,1329,2228,1341,259,23.862788963460105,42.9082774049217,92.09545115585384,0.1789709172259508,1.3273676360924682,0.5667412378821775,0.3579418344519016,3.4750186428038776
31023,"Butler County, Nebraska",8354,1992,1890,2776,1447,249,20.301651903279865,46.46875748144601,92.63825712233661,0.08379219535551831,0.31122815417763944,0.08379219535551831,0,4.500837921953555
31025,"Cass County, Nebraska",26546,6362,6598,8944,4057,585,17.486626987116704,48.8209146387403,92.34536276651849,0.24862502825284413,0.35410231296617195,0.32773299178784,0.1732841106004671,3.695472010849092
31027,"Cedar County, Nebraska",8401,2164,1864,2586,1394,393,21.271277228901322,47.94667301511725,95.9409594095941,0.1071301035591001,0.5713605523152006,0.14284013807880014,0,2.202118795381502
31029,"Chase County, Nebraska",3694,883,841,1081,754,135,24.066053059014617,46.67027612344342,80.37357877639415,0.32485110990795885,0,2.1115322144017323,0,15.863562533838657
31031,"Cherry County, Nebraska",5505,1323,1286,1764,873,259,20.56312443233424,47.393278837420524,86.12170753860127,0.19981834695731154,2.706630336058129,1.9255222524977293,0,2.9791099000908265
31033,"Cheyenne County, Nebraska",9575,2233,2396,3046,1589,311,19.843342036553526,48.344647519582246,88.0626631853786,0.814621409921671,0.7728459530026109,0.6475195822454308,0.37597911227154046,7.85378590078329
31035,"Clay County, Nebraska",6104,1519,1510,1848,1075,152,20.101572739187418,49.623197903014415,88.56487549148099,0.40956749672346004,0.08191349934469201,0.0327653997378768,0,9.026867627785059
31037,"Colfax County, Nebraska",10608,3266,2626,3343,1172,201,12.943061840120663,55.542986425339365,47.66214177978884,2.705505279034691,1.5648567119155354,0.556184012066365,0.01885369532428356,45.76734539969834
31039,"Cuming County, Nebraska",9035,2252,2033,2830,1629,291,21.250691754288876,47.42667404537908,87.54842280022136,0.4759269507470946,0.2545655783065855,0.1549529607083564,0.12174875484228002,10.392916436081904
31041,"Custer County, Nebraska",10625,2580,2311,3419,2026,289,21.788235294117648,46.03294117647059,93.6564705882353,0.5176470588235295,0.35764705882352943,0.009411764705882352,0,3.491764705882353
31043,"Dakota County, Nebraska",21284,6242,6143,6001,2513,385,13.615861680135312,58.189250140950946,46.025183236233794,7.056944183424168,1.8605525277203534,3.0304454049990603,0,39.46156737455365
31045,"Dawes County, Nebraska",8383,1567,3146,2160,1279,231,18.01264463795777,56.22092329714899,84.45663843492783,4.604556841226291,2.4931408803530957,0.5487295717523559,0,5.8093761183347254
31047,"Dawson County, Nebraska",24031,6595,6667,6863,3321,585,16.254005243227496,55.18705006033873,56.938953851275436,6.6330989139028755,0.21222587491157255,0.8572260829761558,0.06658066663892472,33.96446256918147
31049,"Deuel County, Nebraska",1878,368,426,669,345,70,22.09797657082002,42.2790202342918,82.69435569755059,0.10649627263045794,0.6922257720979765,0.7987220447284346,0,13.844515441959532
31051,"Dixon County, Nebraska",5632,1420,1218,1852,1047,95,20.276988636363637,46.83948863636363,82.74147727272727,0.12428977272727272,0.35511363636363635,0.5681818181818182,0,14.790482954545455
31053,"Dodge County, Nebraska",37249,9157,9829,11240,5908,1115,18.854197428118876,50.97049585223765,81.900185239872215,0.7275363096995893,0.1771859647238852,0.5852506107546511,0.04563880909554619,14.317162876855754
31055,"Douglas County, Nebraska",578771,148756,182706,171708,66701,8900,13.062333807326214,57.26997378928799,68.26154040198973,10.609031896898774,0.3294912841175525,4.0881453977479865,0.025916986165512784,13.066653305020466
31057,"Dundy County, Nebraska",1900,462,433,643,296,66,19.05263157894737,47.10526315789474,92.05263157894737,0.15789473684210525,0,0,0,6.894736842105263
31059,"Fillmore County, Nebraska",5561,1130,1269,1894,1050,218,22.801654378708864,43.13972307139004,92.5552958101061,0.23377090451357668,0.5035065635677036,0.413594677216328,0,4.153929149433555
31061,"Franklin County, Nebraska",2914,584,639,909,620,162,26.835964310226494,41.969800960878516,94.57789979409746,0.3088538091969801,0.1029512697323267,0.17158544955387783,0.1029512697323267,2.71105010295127
31063,"Frontier County, Nebraska",2512,500,660,726,533,93,24.920382165605094,46.17834394904459,93.75,0.8359872611464968,0.19904458598726116,0,0,2.587579617834395
31065,"Furnas County, Nebraska",4655,1060,980,1470,991,154,24.597207303974223,43.82384532760473,92.61009667024705,0.3866809881847476,0.47261009667024706,0.23630504833512353,0,4.790547798066595
31067,"Gage County, Nebraska",21706,4928,5344,6936,3633,865,20.72238090850456,47.323320740808995,93.77130747258822,0.6265548696213029,0.5528425320187966,0.598912743020363,0,2.907030314198839
31069,"Garden County, Nebraska",1726,357,265,574,444,86,30.70683661645423,36.03707995365006,96.98725376593279,0,0.11587485515643106,0.23174971031286212,0,1.6801853997682503
31071,"Garfield County, Nebraska",1889,410,441,544,416,78,26.151402858655374,45.050291159343566,96.55902593965061,0.31762837480148226,0,0.05293806246691371,0,1.799894123875066
31073,"Gosper County, Nebraska",1811,339,327,646,456,43,27.55383765875207,36.775262286029815,93.26339039204859,0.22087244616234125,0,0,0.3313086692435119,4.914411927112093
31075,"Grant County, Nebraska",718,189,202,187,118,22,19.498607242339833,54.456824512534816,98.05013927576601,0.4178272980501393,0.5571030640668524,0.1392757660167131,0,0
31077,"Greeley County, Nebraska",2219,519,513,624,430,133,25.37178909418657,46.50743578188373,95.89905362776025,0.58584948174853535,0.22532672374943669,0.09013068949977468,0,2.5236593059936907
31079,"Hall County, Nebraska",62616,17323,17609,18361,7903,1420,14.889165708445125,55.78765810655423,64.7933435543631,2.8714705506579787,0.4024530471444998,1.0843873770282355,0.14053915932030153,29.418998339082663
31081,"Hamilton County, Nebraska",9376,2241,2268,3014,1630,223,19.763225255972696,48.090870307167236,94.21928327645051,0.08532423208191127,0.2986348122866894,0.3412969283276451,0.042662116040955635,3.7649317406143346
31083,"Harlan County, Nebraska",3216,770,677,985,658,126,24.378109452736318,44.993781094527364,94.40298507462687,0.09328358208955224,0.06218905472636816,0.9950248756218906,0,2.5808457711442787
31085,"Hayes County, Nebraska",891,220,161,319,153,38,21.43658810325477,42.76094276094276,92.70482603815937,0,0.2244668911335578,0,0,6.734006734006734
31087,"Hitchcock County, Nebraska",2630,657,502,809,575,87,25.171102661596958,44.06844106463878,93.68821292775665,0.07604562737642585,0.11406844106463879,0,0,3.840304182509506
31089,"Holt County, Nebraska",10175,2537,2291,3162,1733,452,21.474201474201475,47.44963144963145,92.7960687960688,0.40294840294840295,0.43243243243243246,0.5208845208845209,0,5.199017199017199
31091,"Hooker County, Nebraska",714,160,144,225,148,37,25.910364145658264,42.57703081232493,88.0952380952381,0.5602240896358543,0.42016806722689076,0,0,4.061624649859944
31093,"Howard County, Nebraska",6461,1594,1437,2067,1119,244,21.095805602847857,46.91224268689057,92.13744002476396,0.4024144869215292,0,0.2785946447918279,0,2.7240365268534283
31095,"Jefferson County, Nebraska",7213,1587,1659,2254,1474,239,23.748786912519062,45.00207957853875,92.45806183280189,0.5822819908498544,0.027727713849993067,0.3327325661999168,0,4.796894496048801
31097,"Johnson County, Nebraska",5298,1040,1674,1639,818,127,17.83691959229898,51.226878067195166,79.86032465081162,5.794639486598716,0.604001510003775,1.0570026425066064,0,10.456776141940354
31099,"Kearney County, Nebraska",6639,1728,1746,1882,1058,225,19.325199578249737,52.327157704473564,90.5708691067932,0.04518752824220515,0.5271878294923934,0.7531254707034192,0,7.561379725862329
31101,"Keith County, Nebraska",8312,1762,1535,2717,1933,365,27.64677574590953,39.6655437921078,89.10009624639076,1.3715110683349374,0.060153994225216556,0.4210779595765159,0,7.735803657362849
31103,"Keya Paha County, Nebraska",946,233,159,348,174,32,21.775898520084567,41.43763213530655,97.25158562367865,0.10570824524312897,0,0,0,2.536997885835095
31105,"Kimball County, Nebraska",3583,741,774,1203,741,124,24.14178063075635,42.28300307005303,86.38012838403573,0.3349148758024002,1.7862126709461346,0.1674574379012001,0,9.57298353335194
31107,"Knox County, Nebraska",8434,2101,1768,2503,1780,282,24.448660184965615,45.87384396490396,84.69290965141096,0.5335546597106948,9.153426606592364,0.4149869575527626,0.011856770215793217,3.3080388902063076
31109,"Lancaster County, Nebraska",320301,73257,113739,88438,39813,5054,14.00776144938667,58.38133505671228,80.02940983637266,3.674044102266306,0.37652083508949397,4.152968613897553,0.06088023452939579,7.479527069849922
31111,"Lincoln County, Nebraska",34906,8350,8567,11252,5896,841,19.30040680685269,48.46444737294448,86.90196527817567,1.0886380564945854,0.5729673981550449,0.7735059875093108,0.060161576806279725,9.388070818770412
31113,"Logan County, Nebraska",865,255,174,270,149,17,19.190751445086704,49.59537572254335,88.78612716763006,0,1.3872832369942196,0,0,3.468208092485549
31115,"Loup County, Nebraska",665,157,165,183,151,9,24.06015037593985,48.421052631578945,85.71428571428571,0,0,0,0,10.827067669172932
31117,"McPherson County, Nebraska",475,80,93,166,129,7,28.63157894736842,36.421052631578945,98.94736842105263,0,0,0,0,1.0526315789473684
31119,"Madison County, Nebraska",35553,9110,10053,10847,4520,1023,15.590808089331421,53.89981154895508,78.63752707225832,1.234776249542936,1.1082046522093776,1.3669732512024302,0,15.872078305628216
31121,"Merrick County, Nebraska",7687,1734,1801,2527,1375,250,21.139586314557043,45.986730844282555,91.5311564979836,0.05203590477429426,0.02601795238714713,0.8195655001951346,0,5.086509691687264
31123,"Morrill County, Nebraska",4595,1092,1073,1508,806,116,20.065288356909683,47.1164309031556,81.24047878128401,0.1305767138193689,0.3264417845484222,1.0228509249183895,0,15.603917301414581
31125,"Nance County, Nebraska",3389,808,729,1155,582,115,20.56653880200649,45.352611389790496,94.39362643847743,0.5606373561522573,1.1507819415756861,0,0,2.1245205075243434
31127,"Nemaha County, Nebraska",7025,1510,2072,2035,1217,191,20.04270462633452,50.98932384341637,90.50533807829181,1.5516014234875444,0.0711743772241993,0.7259786476868327,0,2.9893238434163703
31129,"Nuckolls County, Nebraska",4125,846,882,1295,981,121,26.715151515151515,41.89090909090909,93.84242424242424,0.19393939393939394,0.07272727272727272,0.7515151515151515,0.07272727272727272,3.1515151515151514
31131,"Otoe County, Nebraska",15916,3891,3721,5192,2625,487,19.552651419954763,47.82608695652174,87.1575772807238,0.7288263382759488,0.07539582809751194,0.25760241266649914,0,8.243277205327972
31133,"Pawnee County, Nebraska",2564,580,566,703,595,120,27.886115444617786,44.69578783151326,94.69578783151326,0.15600624024961,0,0,0,3.6661466458658345
31135,"Perkins County, Nebraska",2865,710,618,865,557,115,23.455497382198953,46.352530541012214,93.33333333333333,0.13961605584642234,0.034904013961605584,0.31413612565445026,0,4.467713787085515
31137,"Phelps County, Nebraska",8972,2184,2197,2760,1563,268,20.4079358002675,48.82969237628176,91.1613909942042,0.23406152474364691,0.7356219349086045,0.04458314757021846,0.14489522960321,6.096745430227374
31139,"Pierce County, Nebraska",7266,1863,1721,2292,1210,180,19.130195430773465,49.32562620423892,95.84365538122763,0.35783099366914395,0.013762730525736306,0.2614918799889898,0,2.1194605009633913
31141,"Platte County, Nebraska",34123,9006,9166,9976,5164,811,17.510183747032794,53.25440318846526,76.23890044837793,0.759018843595229,0.216862526741494,0.7355742461096622,0.02344459748556692,20.704510154441287
31143,"Polk County, Nebraska",5223,1197,1168,1703,932,223,22.113727742676623,45.28049013976642,91.26938541068351,0.03829216925138809,0.11487650775416428,0,0,5.935286233965154
31145,"Red Willow County, Nebraska",10724,2573,2770,3224,1748,409,20.113763521074226,49.822827303245056,90.8243192838493,0.4289444237224916,0.07459903021260723,0.027974636329727715,0,5.6322267810518465
31147,"Richardson County, Nebraska",7893,1672,1726,2608,1521,366,23.907259597111363,43.050804510325605,91.6888382110731,0.17737235525148867,2.141137716964399,0.02533890789306981,0,2.0144431774990497
31149,"Rock County, Nebraska",1321,294,359,344,257,67,24.52687358062074,49.43224829674489,97.9560938682816,0.6813020439061317,0.45420136260408783,0,0,0.6056018168054504
31151,"Saline County, Nebraska",14395,3712,4152,4474,1751,306,14.289683918027093,54.6300798888503,68.19729072594652,0.8127822160472387,0.7780479333101772,1.4657867315039945,0,26.161861757554707
31153,"Sarpy County, Nebraska",188464,51577,56501,58108,19778,2500,11.820825197385178,57.346761185160034,79.40455471602003,3.9418668817386875,0.2541599456660158,2.5474361151201292,0.11461074794125138,10.119704558960862
31155,"Saunders County, Nebraska",22008,5467,5383,7171,3461,526,18.116139585605236,49.30025445292621,94.62468193384224,0.8678662304616503,0.17266448564158487,0.05452562704471101,0.027262813522355506,2.444565612504544
31157,"Scotts Bluff County, Nebraska",36229,9085,9608,10646,5702,1188,19.017913825940546,51.5967871042535,70.74443125672803,0.6155289961080902,1.5843661155427973,0.6376107538160037,0.008280659140467581,24.643241602031523
31159,"Seward County, Nebraska",17605,4142,5195,5247,2533,488,17.15989775631923,53.036069298494745,94.60948594149389,0.5793808577108776,0.039761431411530816,0.2556092019312695,0.07384265833570008,2.6640159045725644
31161,"Sheridan County, Nebraska",5150,1153,1116,1565,1071,245,25.553398058252426,44.05825242718446,80.7378640776699,0.7572815533980582,8.601941747572816,1.087378640776699,0,5.922330097087379
31163,"Sherman County, Nebraska",2986,622,591,966,660,147,27.026121902210313,40.62290689886135,95.04353650368385,0.20093770931011387,0.13395847287340926,0.13395847287340926,0.033489618218352314,2.3107836570663096
31165,"Sioux County, Nebraska",1081,245,261,336,201,38,22.109158186864015,46.808510638297875,88.89916743755782,3.6077705827937097,0.27752081406105455,0.6475485661424607,0,4.6253469010175765
31167,"Stanton County, Nebraska",5877,1491,1432,1886,885,183,18.172537008677896,49.7362599965969,90.6414837502127,1.0209290454313424,0,0.5274800068061937,0,6.09154330440701
31169,"Thayer County, Nebraska",5053,1210,1054,1515,1042,232,25.212744904017416,44.80506629724916,94.22125470017811,0.23748268355432417,0.05937067088858104,0.019790223629527013,0,2.869582426281417
31171,"Thomas County, Nebraska",562,95,175,126,163,3,29.537366548042705,48.04270462633452,93.06049822064057,0,0.5338078291814946,0,0,4.092526690391459
31173,"Thurston County, Nebraska",6806,2484,1824,1705,722,71,11.651483984719365,63.29709080223332,33.85248310314429,0.16162209814869233,55.348222156920365,0.940346752865119,0,7.199529826623567
31175,"Valley County, Nebraska",4031,898,850,1277,932,74,24.95658645497395,43.363929546018355,96.47730091788638,0.19846192011907715,0.421731580253039,0.024807740014884644,0,1.9846192011907715
31177,"Washington County, Nebraska",20699,4999,4970,6989,3366,375,18.073336876177592,48.16174694429682,94.20261848398474,0.7343349920286004,0.048311512633460556,0.3043625295908015,0.2367264119039567,2.893859606744287
31179,"Wayne County, Nebraska",9590,1922,3670,2458,1272,268,16.05839416058394,58.31074035453597,89.44734098018769,1.0531803962460897,0.15641293013555788,0.6047966631908238,0,6.684045881126173
31181,"Webster County, Nebraska",3442,771,747,1146,655,123,22.60313771063335,44.10226612434631,90.15107495642069,0.23242300987797793,0.3486345148169669,0,1.1911679256246368,5.258570598489251
31183,"Wheeler County, Nebraska",735,123,103,278,203,28,31.428571428571427,30.74829931972789,97.14285714285714,0,0,0.1360544217687075,0,2.7210884353741496
31185,"York County, Nebraska",14164,3326,3807,4207,2466,358,19.93787065800621,50.360067777463996,90.22874894097713,1.4190906523580908,0.465970064953403,0.2259248799774075,0,5.245693306975431
32001,"Churchill County, Nevada",25077,5618,6825,7906,4239,489,18.853929895920565,49.61917294732225,71.65131395302468,2.388642979622762,3.5131794074251306,2.5641025641025643,0.07576663875264186,14.902101527295928
32003,"Clark County, Nevada",2231147,517617,673199,710936,299797,29598,14.763482639198582,53.37236856199973,40.563889335843854,11.497359878125467,0.4113579248700332,9.782367544585812,0.7237084781952959,31.763886467364095
32005,"Douglas County, Nevada",49158,8007,9860,17051,12932,1308,28.967818056064118,36.34606778143944,78.84372838602059,0.7445380202611985,1.448390902803206,1.7881118027584524,0.17698034907848162,13.159607795272388
32007,"Elko County, Nevada",53420,14370,16379,16343,5839,489,11.845750655185324,57.56083863721452,64.00786222388618,1.0520404342942717,4.6274803444402846,1.231748408835642,0.2059153874953201,24.840883564208163
32009,"Esmeralda County, Nevada",987,102,133,495,245,12,26.038500506585613,23.80952380952381,68.59169199594731,1.1144883485309016,0.40526849037487334,0,0,27.96352583586626
32011,"Eureka County, Nevada",1603,506,218,544,302,33,20.898315658140987,45.165315034310666,83.71802869619464,0.06238303181534623,4.242046163443543,1.122894572676232,0,10.854647535870244
32013,"Humboldt County, Nevada",17218,4584,4437,5474,2536,187,15.814844929724707,52.392844697409686,64.36287605993728,0.871181321872459,3.217563015448949,1.167382971309095,0.029039377395748633,27.767452665814844
32015,"Lander County, Nevada",5729,1478,1457,1971,729,94,14.365508814801885,51.230581253272824,70.22167917612148,0.0698202129516495,3.072089369872578,0.0698202129516495,0,25.624018153255367
32017,"Lincoln County, Nevada",4600,912,1229,1532,882,45,20.152173913043477,46.54347826086956,84.41304347826087,4.260869565217392,1.8043478260869565,0,0.06521739130434782,7.913043478260869
32019,"Lyon County, Nevada",58029,12280,14452,19151,11275,871,20.93091385341812,46.06662186148305,72.78257423012631,1.021902841682607,1.9800444605283565,1.2200796153647315,0.1378621034310431,18.39942097916559
32021,"Mineral County, Nevada",4552,881,1242,1229,1123,77,26.362038664323375,46.63884007029877,58.67750439367311,3.141476274165202,18.58523725834798,1.3400702987697715,0,15.180140597539543
32023,"Nye County, Nevada",50096,8434,9873,16930,13684,1175,29.661050782497604,36.543835835196425,72.28122005748962,1.8843819865857554,1.2236505908655382,1.8205046311082722,0.38925263494091344,15.745768125199616
32027,"Pershing County, Nevada",6668,1117,2238,2280,980,53,15.491901619676065,50.31493701259748,63.947210557888425,2.984403119376125,3.734253149370126,1.229754049190162,0,24.65506898620276
32029,"Storey County, Nevada",4047,683,820,1147,1302,95,34.51939708425994,37.138621200889546,81.78897949098098,2.4215468248085,0.14825796886582654,1.1613540894489744,0,2.322708178897949
32031,"Washoe County, Nevada",479758,103819,144454,152842,71047,7596,16.392222745634257,51.74963210618687,61.08809024549877,2.2736462966745736,1.0351051988710975,5.297254032241255,0.6555388341622235,25.26377882182267
32033,"White Pine County, Nevada",9192,1708,2744,3064,1526,150,18.23324630113142,48.43342036553525,70.9638816362054,7.049608355091384,3.426892950391645,0.5330722367275892,0,16.993037423846822
32510,"Carson City, Nevada",57957,11914,14953,19393,10129,1568,20.182204047828563,46.35678175198854,64.9257207930017,1.9410942595372431,1.6512241834463481,2.527736080197388,0.05176251358765982,24.87361319599013
33001,"Belknap County, New Hampshire",63395,11672,14610,23133,12196,1784,22.052212319583564,41.45752819622999,94.16830980361227,0.5710229513368562,0.2697373609906144,1.2130294187238742,0.006309645871125483,1.8913163498698635
33003,"Carroll County, New Hampshire",49961,7818,9953,17949,12925,1316,28.504233301975543,35.569744400632494,95.07816096555314,0.4843778146954625,0.12009367306499069,0.8226416604951863,0,1.6232661475951242
33005,"Cheshire County, New Hampshire",76473,13843,21653,25572,13385,2020,20.144364677729396,46.41638225255973,93.60689393642201,0.6119806990702601,0.15430282583395447,0.7532070142403201,0.013076510663894446,2.067396335961712
33007,"Coos County, New Hampshire",31360,5034,7228,11642,6652,804,23.775510204081634,39.10076530612245,94.36543367346938,1.9451530612244898,0.08928571428571429,0.08928571428571429,0.08609693877551021,1.9674744897959184
33009,"Grafton County, New Hampshire",91025,14720,27786,29607,16519,2393,20.7767096951387,46.69706124691019,89.39961549024993,1.195276023070585,0.18126888217522658,3.5155177149134853,0.09118374073056852,2.5762153254600384
33011,"Hillsborough County, New Hampshire",420504,85823,119302,149014,58824,7541,15.782251774061603,48.780748815706865,82.8382131917889,2.2356505526701294,0.0791906854631585,4.1935391815535645,0.013317352510320948,7.375435192055248
33013,"Merrimack County, New Hampshire",152983,29225,41690,53987,24868,3213,18.355634286162516,46.35482373858533,91.56246118849806,1.5099716962015388,0.25493028637168835,1.9381238438257846,0.005229339207624376,2.3688906610538427
33015,"Rockingham County, New Hampshire",312771,60480,79498,116299,50851,5643,18.062416272608395,44.75414920181219,91.17916942427527,0.8392721831627612,0.017904473240805574,2.0622116500570704,0.0191833641865774,3.306572540293058
33017,"Strafford County, New Hampshire",130598,23981,45660,41084,17348,2525,15.216925220906905,53.324706350786386,89.26706381414724,1.0160951928819737,0.039051134014303435,3.1914730700317002,0.11409056800257278,2.776459057565966
33019,"Sullivan County, New Hampshire",43105,8019,10383,15374,8317,1012,21.642500869968682,42.69110312028767,94.13293121447627,0.6310172833777984,0.18559331864052894,0.7098944438000232,0.011599582415033059,1.7538568611529985
34001,"Atlantic County, New Jersey",273865,58320,72696,92883,44593,5373,18.244755627772808,47.83962901429536,55.50033775765432,13.216000584229457,0.18403227867745056,7.776824347762584,0.0434520657988425,19.395687656327024
34003,"Bergen County, New Jersey",952979,203142,249867,336284,138359,25327,17.17624417746876,47.53609470932728,54.47633158757958,5.303999353605903,0.1234025093942259,16.512850755368166,0.023715108097869943,20.952298004468094
34005,"Burlington County, New Jersey",460102,96270,124218,161521,67776,10317,16.972975557593752,47.92154783069841,65.65131210036036,16.01166697819179,0.038252387514072964,5.177330244163251,0.03629629951619424,8.633955079525844
34007,"Camden County, New Jersey",521194,119312,149478,170922,71662,9820,15.633717962984992,51.57196744398439,55.226460780438764,17.94360641143221,0.0535309309009697,5.814533551806045,0.01554123800350733,17.65829998042955
34009,"Cape May County, New Jersey",95488,16809,21518,31596,22885,2680,26.772997654155496,40.1380278150134,84.72059316353888,3.7093666219839143,0.03665382037533512,0.7529741957104558,0,8.203125
34011,"Cumberland County, New Jersey",154921,37555,45552,48254,20593,2967,15.207751047307983,53.64476087812498,44.710529882972615,18.32869656147327,0.5447937981293691,1.43621587776996,0.029047062696471105,31.914330529753876
34013,"Essex County, New Jersey",852720,204042,248785,283970,99668,16255,13.594497607655502,53.103832442067734,29.08070644525753,37.41321887606718,0.15855145886105637,5.505441411014166,0.025917065390749602,23.65887981987053
34015,"Gloucester County, New Jersey",300821,65905,82176,104792,42213,5735,15.939046808567221,49.22561922206229,77.24128302212944,9.92217963506537,0.06548744934695383,3.1829559771425533,0.021939957649233264,6.780776608016063
34017,"Hudson County, New Jersey",713264,146380,265818,215881,74974,10211,11.942983243231117,57.79038336436439,28.158157428385564,10.489664415980618,0.14356535588505798,15.671616680499787,0.004486417371408062,42.4842694990915
34019,"Hunterdon County, New Jersey",128807,24838,29811,49892,21180,3086,18.83903825102673,42.42704200858649,83.71594711467544,2.6543588469570754,0.024067014991421273,4.338273541034261,0.04192318740441125,7.0741496968332465
34021,"Mercer County, New Jersey",384951,82661,114781,128587,51177,7745,15.30636366706412,51.29016420271671,47.982990042888574,19.341682447895966,0.07663312993082236,11.756561224675348,0.023639372283745203,18.45533587391642
34023,"Middlesex County, New Jersey",858770,187867,252449,288818,113025,16611,15.095543626349313,51.272867007464164,40.94239435471663,9.442574845418447,0.10992465968769287,24.567928548971203,0.03400211931017618,21.78103566729159
34025,"Monmouth County, New Jersey",642160,136236,159680,232270,99006,14968,17.748536190357544,46.08135044225738,74.33645820356297,6.269777002616171,0.037062414351563475,5.3796561604584525,0.0657157094805033,11.030584278061543
34027,"Morris County, New Jersey",508347,107351,129046,185310,73659,12981,17.043476208180632,46.503077622175404,69.69668356457302,3.0483114880190105,0.04563811727028978,10.536700324778154,0.0041310364770520925,13.749072975742948
34029,"Ocean County, New Jersey",630057,154487,147979,187811,119970,19810,22.185294346384534,48.0061327784629,83.86780878555432,2.8024448581636263,0.0312670123496763,1.9098272061099233,0.011110105911052492,9.453430403915837
34031,"Passaic County, New Jersey",521067,124914,152327,167814,66524,9488,14.587759347646273,53.20640148003999,40.178902137345105,10.256262630333527,0.08847230778383586,5.297783202544011,0.026867945964722386,42.48129319262206
34033,"Salem County, New Jersey",64752,14059,16386,22305,10258,1744,18.53533481591302,47.017852730417594,72.85180380528787,13.678341981714851,0.13281443044230293,0.8493946132937978,0.027798369162342476,9.866876698789227
34035,"Somerset County, New Jersey",343950,75143,88389,125988,46843,7587,15.824974560255852,47.545282744584966,54,9.297572321558366,0.10059601686291612,18.605029800843145,0.008431458060764646,15.05393225759558
34037,"Sussex County, New Jersey",144492,28495,35511,55033,22964,2489,17.615508125017303,44.29726213215957,84.16244497965285,2.130221742380201,0.0041524790299808986,1.9488968247377016,0,9.182515294964427
34039,"Union County, New Jersey",571963,135155,159153,195648,71034,10973,14.337815557999381,51.455775985509554,38.35964913814355,20.034337885492594,0.06783655586113088,5.377970253320582,0.013637245765897444,32.5160893274565
34041,"Warren County, New Jersey",109354,21501,27857,40010,17197,2789,18.276423358999214,45.13598039394992,79.52338277520712,4.508294163908042,0.056696600032920604,2.6711414305832433,0.021947070980485397,10.285860599520822
35001,"Bernalillo County, New Mexico",674919,146182,207303,210494,97697,13243,16.437528058922627,52.37443308011776,37.20402003796011,2.410955981384433,3.9709950379230694,2.532155710537116,0.04237545542502137,50.64859635008053
35003,"Catron County, New Mexico",3581,463,648,956,1165,349,42.27869310248534,31.02485339290701,80.08936051382295,0.36302708740575257,1.7592851158894163,0,0,17.06227310807037
35005,"Chaves County, New Mexico",65014,17043,18700,19285,8640,1346,15.35976866521057,54.97738948534162,37.13200233795798,1.3797028332359185,0.6936967422401329,1.0013227920140277,0.038453256221736856,58.375119205094286
35006,"Cibola County, New Mexico",27284,6389,7548,8746,4124,477,16.863363143234128,51.081219762498165,18.318428382935053,1.3377803841079021,39.6606069491277,0.16859697991496847,0.032986365635537314,38.923911449934025
35007,"Colfax County, New Mexico",12406,2281,2745,4003,2941,436,27.220699661454134,40.51265516685475,46.33241979687248,0.8060615831049492,1.2090923746574238,0.10478800580364339,0,49.47605997098178
35009,"Curry County, New Mexico",48716,12943,17371,12368,5214,820,12.386074390344035,62.22596272271944,45.73240824369817,4.786928319238033,0.5398636998111503,1.4122670169964693,0.08621397487478447,43.66327284670334
35011,"De Baca County, New Mexico",1873,725,595,259,259,35,15.696743192738921,70.47517351841965,35.61131873998932,2.5627335824879873,0.10678056593699947,0,0,61.345435130806194
35013,"Doña Ana County, New Mexico",218157,53483,72221,58107,30647,3699,15.743707513396316,57.62088770931027,26.433256782959063,1.6135168708773957,0.720123580723974,1.0332008599311504,0.07655037427174008,68.91275549260395
35015,"Eddy County, New Mexico",61096,16366,18175,17811,7660,1084,14.311902579546942,56.53561607961241,44.313866701584395,1.2848631661647243,1.109728951158832,0.7758282047924577,0,50.85930339138405
35017,"Grant County, New Mexico",28178,5548,6486,8308,6821,1015,27.80892895166442,42.707076442614806,45.50003548867911,0.837532827028178,1.2492015047199942,0.6104052807154517,0.010646603733409043,50.37972886649159
35019,"Guadalupe County, New Mexico",4465,850,1365,1397,689,164,19.10414333706607,49.608062709966404,17.379619260918254,1.8589025755879058,7.2564389697648375,0.1791713325867861,0,72.38521836506159
35021,"Harding County, New Mexico",533,69,168,152,122,22,27.01688555347092,44.46529080675422,44.46529080675422,0,0,0,1.3133208255159474,41.088180112570356
35023,"Hidalgo County, New Mexico",4214,928,1032,1324,854,76,22.069292833412433,46.51162790697674,37.49406739439962,0.7356430944470812,1.2814428096820123,0,0,58.92263882297105
35025,"Lea County, New Mexico",72743,22111,23226,19432,6952,1022,10.961879493559518,62.32489724097164,33.29255048595741,3.4560026394292236,0.6736043330629752,0.5636281154200404,0,60.74123970691338
35027,"Lincoln County, New Mexico",20084,3511,4011,6757,5302,503,28.903604859589723,37.45269866560446,59.85361481776538,0.7817167894841665,2.5343557060346544,0.4630551682931687,0,34.06691894045011
35028,"Los Alamos County, New Mexico",19169,4237,4896,6698,2850,488,17.413532265637226,47.64463456622672,70.7444311127341,1.1007355626271584,0.6781783087276332,5.441076738484011,0,18.305597579425115
35029,"Luna County, New Mexico",25282,6826,6721,6604,4481,650,20.295071592437306,53.58357724863539,27.992247448777785,1.570287160825884,0.6605490071987976,1.0323550352029112,0.0632861324262321,68.43604145241675
35031,"McKinley County, New Mexico",72946,20926,21793,21188,8007,1032,12.391357990842542,58.56249828640364,7.973021138924684,0.48254873468044857,73.12258382913387,1.1309735969073014,0.09596139610122556,14.498396073808022
35033,"Mora County, New Mexico",4232,487,752,1602,1295,96,32.86862003780718,29.276937618147446,16.46975425330813,0,0,0,0,83.12854442344046
35035,"Otero County, New Mexico",67298,15592,20888,19309,10021,1488,17.101548337246278,54.206662902315074,47.07866504205177,3.151653838152694,5.94074118101578,1.109988409759577,0.14264911290082916,39.16461113257452
35037,"Quay County, New Mexico",8675,1975,2027,2530,1811,332,24.703170028818445,46.13256484149856,47.815561959654175,1.4870317002881845,0.9567723342939481,0.47262247838616717,0.26512968299711814,46.10951008645533
35039,"Rio Arriba County, New Mexico",40347,9354,10040,13079,6942,932,19.51570129129799,48.068010013136046,11.815004833073091,0.49074280615659155,14.26871886385605,0.503135301261556,0.02230649118893598,71.34111582025925
35041,"Roosevelt County, New Mexico",19223,4691,7269,4508,2418,337,14.331790043177444,62.217135722832026,49.85694220465068,2.1640742860115485,0.3433387088383707,0.6398585028351454,0.08323362638505956,43.63522863236748
35043,"Sandoval County, New Mexico",147327,34084,38634,48088,24114,2407,18.001452551127763,49.35823033116808,41.952934628411626,1.960265260271369,11.530133648278998,1.3901050045137686,0.08552403836364006,40.26349548962512
35045,"San Juan County, New Mexico",122912,32497,34855,37203,16016,2341,14.93507550117157,54.79692788336371,36.55948971621974,0.6484313980734184,37.6773626659724,0.629718823223119,0.03254360843530331,21.403931267898983
35047,"San Miguel County, New Mexico",27357,4975,7482,8901,5232,767,21.92857403955112,45.534963629052896,16.61000840735461,1.2574478195708594,1.092956098987462,0.9686734656577841,0,77.85941440947472
35049,"Santa Fe County, New Mexico",153632,27329,37139,51205,34586,3373,24.70774317850448,41.96261195584253,42.28676317433868,0.7544001249739638,2.4382941053947094,1.257550510310352,0.1340866486148719,50.99653717975422
35051,"Sierra County, New Mexico",11512,1833,1912,3727,3536,504,35.09381514940931,32.53127171646977,62.60423905489924,0.26059763724808893,2.380125086865879,0.8425990271021543,0,31.740792216817233
35053,"Socorro County, New Mexico",16605,3751,4557,5045,2945,307,19.58446251129178,50.033122553447754,33.032219211081,0.7588075880758808,11.394158386028305,1.8789521228545618,0,50.557061126166815
35055,"Taos County, New Mexico",34322,6009,7401,11705,8714,493,26.82535982751588,39.071149699900936,35.44956587611445,0.12528407435464134,4.903560398578171,0.6905192005127906,0.01165433249810617,56.774080764524214
35057,"Torrance County, New Mexico",15150,3223,3822,4920,3012,173,21.023102310231025,46.5016501650165,48.84488448844885,1.8613861386138615,1.056105610561056,0.7392739273927392,0,44.13861386138614
35059,"Union County, New Mexico",4122,850,1227,1184,740,121,20.88791848617176,50.38816108685104,51.28578360019408,1.091703056768559,1.2615235322658904,0.024260067928190198,0,43.134400776322174
35061,"Valencia County, New Mexico",75992,17795,21196,23399,12202,1400,17.899252552900304,51.30934835245815,31.274344667859776,1.2593430887461838,3.4845773239288347,0.6079587324981577,0,61.2656595431098
36001,"Albany County, New York",314679,58111,106752,96260,46107,7449,17.019248186246937,52.3908490874828,71.00187810435396,11.393515296540285,0.05306995382596233,6.907991953705205,0.055930011217780656,6.298164160938607
36003,"Allegany County, New York",46654,9528,14128,14154,7682,1162,18.956573927208815,50.705191409096756,94.08625198268102,1.7876280704762721,0.17147511467398294,0.5765850730912676,0.04501221760192052,1.7297552192738028
36005,"Bronx County, New York",1468262,365944,467392,443911,166693,24322,13.009599104247062,56.756627904284116,8.980073038735593,28.474686397931706,0.22135014050625842,3.6815636446356304,0.02124961348860081,56.14815339496629
36007,"Broome County, New York",198591,38777,61183,60879,31787,5965,19.00992492106893,50.3346073084883,82.36526327980623,4.976056316751515,0.10826271079756887,4.595374412737737,0.045822821779436126,4.526891953814624
36009,"Cattaraugus County, New York",77211,17201,19436,25662,13138,1774,19.31331027962337,47.45049280542928,89.69317843312481,1.2834958749400993,2.730180932768647,0.7265804095271399,0,2.2315473183872765
36011,"Cayuga County, New York",76644,15125,20258,26565,12832,1864,19.17436459474975,46.16538802776473,88.79886227232399,3.8633161108501644,0.11612128803298366,0.7371744689734356,0.007828401440425865,3.092218568968217
36013,"Chautauqua County, New York",128042,26241,33982,41988,22163,3668,20.17384920572937,47.03378578903797,86.46225457271832,2.268005810593399,0.18275253432467473,0.6490057949735243,0.04998359913153497,7.81540432045735
36015,"Chemung County, New York",84456,18089,22505,27966,13221,2675,18.821634934166905,48.06526475324429,85.28701335606706,5.786445012787723,0.13142938334754192,1.4682201382968647,0,3.352041299611632
36017,"Chenango County, New York",47407,9909,11411,16311,8610,1166,20.62142721539013,44.9722614803721,94.13377771215221,0.5969582551100049,0.03585968316915224,0.5378952475372836,0.012656358765583142,2.2992385090809373
36019,"Clinton County, New York",80095,14482,24694,27305,12061,1553,16.99731568762095,48.9119170984456,89.72969598601661,3.8803920344590797,0.27717085960422,1.3533928459953806,0.046195143267369995,2.965228790810912
36021,"Columbia County, New York",61587,10533,14260,21875,13103,1816,24.224268108529397,40.256872391900885,84.82634322178382,3.8936788607985453,0.05195901732508484,1.9338496760680013,0.008118596457044507,5.1049734521895855
36023,"Cortland County, New York",46984,9044,16109,14226,6732,873,16.18636131449004,53.53524604120552,91.35876042908224,1.9176741018218968,0.08300698109994892,1.0684488336454963,0,2.8711901924059253
36025,"Delaware County, New York",44644,7419,10827,15421,9596,1381,24.587850551025895,40.86999372816056,91.21494489741063,1.6105187707194695,0.071678165038975,0.864617865782636,0.008959770629871876,4.103574948481319
36027,"Dutchess County, New York",296012,55732,83376,104559,45350,6995,17.6834047268354,46.994040782130455,69.94851560071889,9.889801764793319,0.09898247368349931,3.4471575476669867,0.012837317406051107,12.923462562328554
36029,"Erie County, New York",949715,193734,278652,306816,146108,24405,17.95412307902897,49.7397640344735,74.56826521640703,12.41909414929742,0.3759022443575178,3.9096992255571408,0.023164844190099135,5.788157499881543
36031,"Essex County, New York",37501,6042,9192,13473,7635,1159,23.45004133223114,40.622916722220744,91.22423402042612,2.882589797605397,0.19466147569398148,0.21866083571104772,0.07466467560865044,3.1519159489080293
36033,"Franklin County, New York",47996,9285,14385,16191,7400,735,16.94932911075923,49.31660971747645,81.09425785482124,5.06917243103592,6.708892407700642,0.6104675389615801,0.020835069589132428,3.5669639136594715
36035,"Fulton County, New York",53588,10911,13441,18752,9235,1249,19.564081510785996,45.443009629021425,90.57251623497798,1.4070314249458835,0.09143838172725237,0.7277748749720087,0.10450100768828842,3.53997163544077
36037,"Genesee County, New York",58387,12004,15312,20074,9582,1415,18.834672101666467,46.78438693544796,90.02175141726754,2.0381249250689364,0.4846969359617723,0.7279017589531916,0,3.499066573038519
36039,"Greene County, New York",48026,7892,12299,17075,9099,1661,22.40453087910715,42.04181068587848,83.81709907133636,5.270062049723067,0.214467163619706,0.9786365718569109,0.010411027360179903,6.373630949902136
36041,"Hamilton County, New York",5068,709,875,1899,1455,130,31.27466456195738,31.254932912391475,92.14680347277033,0.9865824782951855,0.17758484609313338,0.43409629044988163,0,1.8547750591949488
36043,"Herkimer County, New York",60596,12571,14849,20638,10879,1659,20.691134728364908,45.250511584923096,93.19592052280679,1.161792857614364,0.14357383325632056,0.5346887583338834,0.03630602680044887,2.3681431117565515
36045,"Jefferson County, New York",117634,28532,41938,30997,14410,1757,13.743475525783362,59.90614958260367,80.8796776442185,5.513712022034446,0.15046670180390023,1.544621452981281,0.21932434500229525,7.730758114150671
36047,"Kings County, New York",2712360,622098,906584,801000,333105,49573,14.108672890029347,56.359848987597516,36.73310327537642,28.631192024657494,0.1241723075108024,11.749399047324102,0.04188234600126827,18.785375097700896
36049,"Lewis County, New York",26681,6205,6442,8971,4398,665,18.976050372924554,47.40077208500431,94.6366328098647,0.929500393538473,0.16116337468610623,0.37479854578164234,0,1.742813237884637
36051,"Livingston County, New York",62253,11085,18940,21114,9824,1290,17.852954877676577,48.230607360287856,89.47681236245643,2.594252485823976,0.08353011099866674,1.0746470049636163,0,3.8745120717073878
36053,"Madison County, New York",68466,13039,19406,23270,11164,1587,18.623842491163497,47.38848479537288,91.7491893786697,1.4766453422136534,0.42941021821049863,1.0530774398971752,0,2.355913884263722
36055,"Monroe County, New York",757332,158028,226980,240569,113517,18238,17.397257741650954,50.837413446150435,69.76583585534482,13.979337991792239,0.08965684798740843,3.639883168808396,0.020598627814485588,9.233863087787126
36057,"Montgomery County, New York",49539,11474,12977,15939,7811,1338,18.468277518722623,49.35707220573689,79.4162175255859,2.5797856234481924,0.14130281192595734,0.7731282423948808,0.01614889279153798,14.903409434990614
36059,"Nassau County, New York",1391678,302095,362735,480113,208095,38640,17.729316695384995,47.77182652883785,58.299764744430824,10.977754911696527,0.08910107079367498,10.457232204576059,0.012934026405533464,17.176243355143935
36061,"New York County, New York",1669127,241898,639377,507473,240004,40375,16.79794287672538,52.79855876754735,46.72358664139997,12.13712317876351,0.10772098228594948,11.83846405935558,0.02240692290041441,25.64556202134409
36063,"Niagara County, New York",212808,42882,56879,72272,35045,5730,19.160463892334874,46.87840682681102,84.51608962069095,6.602665313334085,0.7791060486447878,1.0352054434043834,0.01644675012217586,3.352317582045788
36065,"Oneida County, New York",232034,49724,63954,75029,36928,6399,18.672694518906713,48.99195807510968,81.13681615625296,5.7112319746244085,0.1866105829318117,4.039063240731962,0.043528103639983794,6.2223639639018415
36067,"Onondaga County, New York",474621,101479,140071,151676,69975,11420,17.14947294788895,50.893239026507466,76.0231848148312,10.33687932055261,0.3564949717774814,3.87403844330529,0.017276943076686452,5.201834727076973
36069,"Ontario County, New York",112060,22496,29203,37807,19950,2604,20.126717829734073,46.135106193110836,89.09423523112618,2.0149919685882565,0.10351597358557915,1.427806532214885,0,5.00624665357844
36071,"Orange County, New York",398277,102483,111524,128727,48730,6813,13.945821626656825,53.73320578391421,62.24110355355695,9.974967171089467,0.16019001850470904,2.7146935424340346,0.023099501100992525,21.428302412642456
36073,"Orleans County, New York",40588,7809,11210,14316,6468,785,17.869813738050656,46.85867744160836,85.70267074012023,5.6051049571301865,0.29565388784862523,0.6923228540455307,0,5.12466738937617
36075,"Oswego County, New York",118019,24906,33302,40328,17273,2210,16.508358823579254,49.32087206297291,92.8037010989756,0.9956024030029064,0.09574729492708801,0.666841779713436,0.0033892847761801065,2.7105804997500402
36077,"Otsego County, New York",58952,9422,18667,18402,10884,1577,21.137535622201113,47.64723843126612,90.39896865246303,1.7573619215633058,0.14588139503324737,1.334984394083322,0.10686660333830914,3.8573754919256342
36079,"Putnam County, New York",97960,19397,24551,36712,15622,1678,17.660269497754186,44.863209473254386,76.37096774193549,2.944058799510004,0.10922825643119641,2.091670069416088,0.011229073091057574,16.19640669661086
36081,"Queens County, New York",2393104,484107,726731,798453,333017,50796,16.038291691460127,50.59696528023855,24.57674217250901,16.8081286897686,0.2683544049903389,25.590655483422367,0.032050424887510115,27.916839385166714
36083,"Rensselaer County, New York",161125,31488,48883,53029,24344,3381,17.207137315748643,49.881148176881304,81.99720713731575,6.084716834755625,0.04282389449185415,2.910162916989915,0.0012412723041117144,5.232583397982933
36085,"Richmond County, New York",493194,108334,135657,168884,70792,9527,16.28547792552221,49.4716075215838,59.639411671674836,9.093581835950964,0.1362546989622745,10.361237160224983,0,18.4424384724875
36087,"Rockland County, New York",336485,96911,88645,98868,44868,7193,15.472012125354771,55.14540024072396,62.85837407313848,10.81920442218821,0.06894809575463988,5.866829130570457,0.0017831404074475832,18.063806707579833
36089,"St. Lawrence County, New York",108836,22055,33283,34548,16659,2291,17.41151824763865,50.845308537616226,91.6874931088978,2.548789003638502,0.38865816457789704,1.010694990628101,0.05604763129846742,2.3503252600242566
36091,"Saratoga County, New York",235010,46811,61548,83890,38184,4577,18.19539594059827,46.108250712735625,89.42598187311178,1.5373813880260414,0.10169780009361304,2.822433087953704,0,3.360708054976384
36093,"Schenectady County, New York",157515,34331,44678,51560,23239,3707,17.106942195981336,50.159667333269844,71.5741357965908,9.354029774942068,0.2590229501952195,4.639558137320255,0.022854966193695838,7.448179538456655
36095,"Schoharie County, New York",29936,5341,7923,10073,5833,766,22.043693212185996,44.30785676109033,91.03086584714056,1.3495456974879743,0.10689470871191876,0.9553714591127739,0.043425975414217,3.497461250668092
36097,"Schuyler County, New York",17920,3435,4092,6570,3336,487,21.333705357142858,42.003348214285715,94.36941964285714,0.859375,0.13392857142857142,0.6529017857142857,0,1.8191964285714286
36099,"Seneca County, New York",33900,6812,9200,11388,5628,872,19.174041297935105,47.233038348082594,87.88200589970502,5.038348082595871,0.30383480825958703,0.6106194690265486,0.04129793510324484,3.7227138643067845
36101,"Steuben County, New York",94153,20445,23266,32113,15939,2390,19.46725011417586,46.42549892196744,92.92640701836373,1.557040136798615,0.11258271111913587,1.5028729833356345,0,1.697237475173388
36103,"Suffolk County, New York",1522998,322241,406058,537021,222712,34966,16.919129243767884,47.820089061180646,66.44151863626873,6.948006497710437,0.16060428181783562,4.0160262849984045,0.01319765357538224,19.892869196151274
36105,"Sullivan County, New York",78230,16705,20311,26469,13545,1200,18.848267927904896,47.31688610507478,70.2441518599003,7.959861945545187,0.27866547360347693,1.7921513485874985,0.006391409945033875,16.62661383101112
36107,"Tioga County, New York",48567,10141,12024,16613,8599,1190,20.155661251467045,45.63798463977598,94.33566001606029,0.8771387979492248,0.14824881092099573,0.9203780344678485,0,2.0940144542590646
36109,"Tompkins County, New York",105638,15191,47099,27926,13585,1837,14.598913269846078,58.965523769855544,76.92591681023875,3.4504629016073762,0.041651678373312635,9.332815842783846,0.03691853310361801,5.2982828148961545
36111,"Ulster County, New York",181862,32131,49890,63678,31869,4294,19.88485774928242,45.10068073594264,76.03347593230032,5.564658917200955,0.07148277265179091,1.719985483498477,0.010447482156800211,10.685574776478868
36113,"Warren County, New York",65692,11939,16341,22658,12851,1903,22.459355781525908,43.049381964318336,93.01589234609999,1.1751811483894539,0.1065578761493028,0.7519941545393656,0,2.750715460025574
36115,"Washington County, New York",61504,11595,15877,22030,10435,1567,19.514177939646203,44.66701352757544,91.05911810613944,2.666493236212279,0.17072060353798127,0.6487382934443289,0.045525494276795,2.8989984391259105
36117,"Wayne County, New York",91332,19622,21988,32420,15299,2003,18.944072176236148,45.55905925633951,88.8505671615644,2.1153593483116544,0.048175885779354444,0.8441729076336881,0.003284719484955985,4.609556343888232
36119,"Westchester County, New York",999723,219626,264214,345374,143231,27278,17.055624407961005,48.39740608148457,52.38861164542578,13.276077473460148,0.14774092423601337,5.949648052510545,0.022006095688505718,25.187977069648294
36121,"Wyoming County, New York",40679,8157,10918,14223,6493,888,18.144497160697167,46.89151650728877,88.76570220506895,4.019272843481895,0.1671624179552103,0.6514417758548637,0,3.3506231716610535
36123,"Yates County, New York",24808,5643,6504,7499,4524,638,20.80780393421477,48.96404385682038,94.7557239600129,0.8182844243792325,0.032247662044501774,0.8021605933569816,0.03627861980006449,2.1968719767816833
37001,"Alamance County, North Carolina",169185,37755,48974,54239,24717,3500,16.678192511156425,51.26281880781393,62.133758902976034,19.554334013062626,0.17200106392410675,1.6614948133699796,0.02718917161686911,13.108727133020066
37003,"Alexander County, North Carolina",36491,7390,9497,12222,6541,841,20.229645666054644,46.277164232276455,86.336356909923,5.056041215642213,0.161683702830835,1.120824312844263,0,5.001233180784303
37005,"Alleghany County, North Carolina",10910,1864,2218,3823,2647,358,27.54353803849679,37.415215398716775,86.27864344637946,1.6590284142988085,0.31164069660861593,0.5132905591200734,0.01833180568285976,10.02749770852429
37007,"Anson County, North Carolina",22388,4621,6186,7390,3768,423,18.719849919599785,48.27139539038771,44.32285152760407,47.98999463998571,0.16973378595676256,0.9156691084509558,0.035733428622476325,4.234411291763445
37009,"Ashe County, North Carolina",26598,4625,5779,9329,6121,744,25.81021129408226,39.11572298669073,92.05203398751786,0.9474396571170765,0.3158132190390255,0.46244078502143016,0.01879840589518009,5.207158432964885
37011,"Avery County, North Carolina",17747,2582,4797,6503,3521,344,21.77832873161661,41.578858398602584,87.53028680903815,4.062658477489153,1.2171071166957796,0.5183974756296839,0.06761706203865442,5.195244266636615
37013,"Beaufort County, North Carolina",44898,8992,9922,15323,9610,1051,23.744932959151857,42.12659806672903,65.38821328344247,24.194841641053053,0.042318143347142415,0.3274087932647334,0,8.256492494097733
37015,"Bertie County, North Carolina",18105,3110,4630,6138,3807,420,23.347141673570835,42.750621375310686,34.11764705882353,60.67384700359017,0.33692350179508423,0.7566970450151892,0.005523336095001381,2.1817177575255453
37017,"Bladen County, North Carolina",30105,6222,7246,10002,5960,675,22.039528317555224,44.73675469191164,54.49260920112938,33.92791895034048,2.9264241820295633,0.19265902673974422,0,7.829264241820296
37019,"Brunswick County, North Carolina",133789,20053,24910,46201,40017,2608,31.859868898040943,33.60739672170358,81.31759711187019,9.002982307962538,0.35727899902084626,0.5994513749261897,0.0029897824185844877,5.000411095082556
37021,"Buncombe County, North Carolina",266981,49317,74831,89289,46096,7448,20.055359744700933,46.500687314827644,82.83211164839446,5.758462212666819,0.24683404437019862,1.1892232031492878,0.1277244448106794,6.903487514092763
37023,"Burke County, North Carolina",87829,16367,23280,30421,15429,2332,20.222250054082366,45.14112650719011,80.93909756458572,6.215486912067768,0.17306356670348064,3.6275034441926928,0.08539320725500689,6.504685240638058
37025,"Cabarrus County, North Carolina",221200,56708,60728,74699,25643,3422,13.139692585895117,53.09041591320072,62.563291139240505,18.609855334538878,0.08047016274864376,4.568264014466546,0.033905967450271246,10.997287522603978
37027,"Caldwell County, North Carolina",80705,16364,19892,28206,14548,1695,20.126386221423704,44.924106313115665,86.4419800508023,4.132333808314231,0.15364599467195342,0.5501517873737687,0.13629886624124898,6.005823678830308
37029,"Camden County, North Carolina",10353,2394,2636,3698,1511,114,15.695933545832126,48.58495122186806,78.95296049454265,10.557326378827392,0,1.8641939534434464,0.2704530087897228,3.332367429730513
37031,"Carteret County, North Carolina",67944,11889,14553,24413,15471,1618,25.15159543153185,38.917343694807485,86.00170728835512,4.416872718709525,0.30613446367596847,1.292240668786059,0.045625809490168374,4.452195926056753
37033,"Caswell County, North Carolina",22785,4245,5390,8213,4471,466,21.667763879745447,42.28659205617731,60.684660961158656,32.315119596225585,0.1141101601931095,0.7636603028308098,0.05705508009655475,4.472240509106869
37035,"Catawba County, North Carolina",159852,35455,41429,54601,25371,2996,17.745789855616444,48.09698971548683,74.15296649400696,8.024297475164527,0.11510647348797638,4.442859645171784,0,10.142506818807396
37037,"Chatham County, North Carolina",75070,15006,15611,26043,16075,2335,24.52377780737978,40.784601039030235,71.13893699214067,10.993739176768349,0.13454109497802053,1.6291461302784067,0,12.197948581324097
37039,"Cherokee County, North Carolina",28515,4673,5710,9574,7783,775,30.012274241627214,36.41241451867438,90.28932140978432,1.409784324039979,1.6692968613010697,0.7224267929160091,0,3.591092407504822
37041,"Chowan County, North Carolina",13796,2845,3049,4320,3015,567,25.9640475500145,42.722528269063496,59.60423311104668,34.66222093360394,0.11597564511452595,0.021745433458973614,0,3.638735865468252
37043,"Clay County, North Carolina",10997,1853,2006,3766,3206,166,30.662908065836138,35.091388560516506,92.57070110030008,2.3551877784850412,1.7368373192688915,0.7092843502773484,0.20914794944075657,1.5913430935709738
37045,"Cleveland County, North Carolina",98898,22049,25562,33226,15940,2121,18.262249994944288,48.1415195453902,71.84978462658496,20.164209589678254,0.07785799510606888,0.8989059434973407,0.055612853647192054,3.9303120386661003
37047,"Columbus County, North Carolina",51474,10798,13386,17075,9102,1113,19.844970276255975,46.98294284493142,58.629599409410574,29.129269145588065,3.5493647278237557,0.49928119050394376,0.02137001204491588,5.672766833741306
37049,"Craven County, North Carolina",101405,22031,30988,28676,17630,2080,19.43691139490163,52.28440412208471,64.88831911641438,21.29480794832602,0.31162171490557666,2.6221586706769884,0.1439771214437158,7.662344065874464
37051,"Cumberland County, North Carolina",333582,83482,120747,89271,35776,4306,12.015636335293872,61.223027621394436,41.56159505009263,36.45760262843918,1.0938839625639274,2.424591254923827,0.3492394673573514,12.23237464851221
37053,"Currituck County, North Carolina",27575,6119,6552,10351,4196,357,16.511332728921126,45.95104261106074,86.25929283771532,5.780598368087035,0.12330009066183137,0.6310063463281959,0.0471441523118767,4.478694469628286
37055,"Dare County, North Carolina",36718,6863,7644,14162,7477,572,21.921128601775695,39.50923252900485,85.85434936543385,3.145596165368484,0.10076801568712893,0.48749931913502914,0.02723459883435917,7.579388855602157
37057,"Davidson County, North Carolina",168002,37031,42101,58469,27240,3161,18.095617909310604,47.10182021642599,78.70799157152891,9.489172747943476,0.1565457554076737,1.442244735181724,0.007142772109855835,7.621933072225331
37059,"Davie County, North Carolina",42543,9083,10027,14590,8035,808,20.786028253766776,44.919258162329875,83.49199633312178,4.590649460545801,0.5147732882025245,0.6111463695555085,0,7.2138777237148295
37061,"Duplin County, North Carolina",49836,12000,12357,16255,8118,1106,18.508708564090217,48.874307729352275,50.808652379805764,21.83963399951842,0.30098723814110284,0.44144794927361747,0.14447387430772934,22.875030098723816
37063,"Durham County, North Carolina",320146,66040,114956,96549,38098,4503,13.306741299282203,56.535455698337636,42.56464238191325,34.82536092907611,0.22489739056555447,4.928376428254609,0.05559963266759541,13.704060022614682
37065,"Edgecombe County, North Carolina",49609,11309,12457,16003,8809,1031,19.83511056461529,47.90662984539096,35.45122860771231,56.630853272591665,0.2297970126388357,0.2177024330262654,0.09272511036303896,5.111975649579714
37067,"Forsyth County, North Carolina",380583,87847,109817,122159,53700,7060,15.964980043774945,51.93715956834646,55.56869329423542,25.243376609044546,0.21756095253860525,2.392119458830268,0.04860963311550963,13.384990921822572
37069,"Franklin County, North Carolina",67598,14914,17603,23692,10534,855,16.84813160152667,48.103494186218526,62.846533921121924,23.286191899168614,0.33432941803011923,0.5769401461581704,0.0029586674161957453,8.995828278943163
37071,"Gaston County, North Carolina",226097,51268,61758,76953,32578,3540,15.974559591679677,49.990048518998485,70.41402583846757,16.867096865504628,0.17514606562670004,1.6501766940737825,0.07341981538897022,7.6568906265894725
37073,"Gates County, North Carolina",10584,2097,2382,3908,1894,303,20.75774754346183,42.31859410430839,62.74565381708239,29.875283446712018,1.0487528344671202,1.2093726379440666,0,2.362055933484505
37075,"Graham County, North Carolina",8089,1619,1965,2585,1659,261,23.735937693163557,44.307083693905305,85.28866361725801,0.1730745456793176,9.16058845345531,0,0,3.955989615527259
37077,"Granville County, North Carolina",60854,12532,15177,22717,9351,1077,17.136096230321755,45.533572156308544,57.04473000953101,29.20761166069609,0.25799454431919017,0.5044861471719196,0.3763105136885003,8.679790975120781
37079,"Greene County, North Carolina",20524,4152,5883,7052,3104,333,16.7462482946794,48.89397778210875,46.37984798284935,34.20385889690119,0.3215747417657377,0.04385110114987332,0.034106412005457026,15.688949522510232
37081,"Guilford County, North Carolina",537113,120263,164083,171154,71654,9959,15.194754176495449,52.93969797789292,48.73443763230456,33.97869722013803,0.31259716298060186,5.130577736900801,0.03407104277870764,8.417223191395479
37083,"Halifax County, North Carolina",49291,10633,11909,16462,9172,1115,20.869935688056643,45.73248666085087,37.60524233632915,51.500273883670445,3.2744314377878316,0.758759205534479,0.20287679292365746,3.1263313789535614
37085,"Harnett County, North Carolina",133074,34613,41942,39712,15260,1547,12.629814990155854,57.52814223665028,60.32132497708042,20.61409441363452,0.7537159775763861,1.1151690037122202,0.18485955182830605,13.404571892330583
37087,"Haywood County, North Carolina",61695,11249,14266,21044,13440,1696,24.533592673636438,41.35667396061269,91.92154955831104,0.7034605721695437,0.4489828997487641,0.5203014831023584,0,4.329362184942053
37089,"Henderson County, North Carolina",115613,21897,25929,38098,26246,3443,25.6796381029815,41.367320284051104,82.46996445036457,3.2487696020343733,0.18337038222345237,1.3467343637826197,0,10.457301514535562
37091,"Hertford County, North Carolina",22010,4120,6232,7170,4018,470,20.390731485688324,47.033166742389824,32.63062244434348,58.568832348932304,0.9086778736937755,0.9541117673784644,0.03180372557928214,3.830077237619264
37093,"Hoke County, North Carolina",52169,14276,17150,15341,4795,607,10.354808411125381,60.238839157353986,38.06283425022523,32.15894496731776,7.193927428166153,1.5296440414805728,0.06517280377235524,14.276677720485345
37095,"Hyde County, North Carolina",4697,956,1007,1765,956,13,20.6301894826485,41.792633595912285,55.18416010219289,27.996593570364062,0.14903129657228018,0,0,13.966361507345114
37097,"Iredell County, North Carolina",183965,42286,48264,64328,26209,2878,15.81115973147066,49.22131927268774,74.91044492158835,11.590791726687142,0.10328051531541325,2.401543771913136,0.005979398255102873,8.06675182779333
37099,"Jackson County, North Carolina",42983,7272,14735,12420,7765,791,19.905544052299746,51.199311355652235,79.57797268687621,1.9775259986506293,7.458762766675197,0.9887629993253146,0.00697950352464928,6.337389200381546
37101,"Johnston County, North Carolina",211320,53739,56883,72569,25457,2672,13.31109218247208,52.3480976717774,65.87686920310429,15.97009275033125,0.25932235472269544,0.6956274843838728,0.04826802952867689,14.13590762824153
37103,"Jones County, North Carolina",9326,1756,2008,3415,1973,174,23.021659875616557,40.360283079562514,62.06304953892344,27.78254342697834,0.7505897490885696,1.2974479948530988,0,5.436414325541497
37105,"Lee County, North Carolina",62676,15167,16588,20671,8949,1301,16.353947284446996,50.66532644074287,57.368051566787926,18.549364988193247,0.5568319611972685,1.1280234858638076,0,19.701321079839172
37107,"Lenoir County, North Carolina",55344,12610,13639,18153,9323,1619,19.770887539751374,47.4288089043076,48.47679965307893,39.28881179531657,0.14816420930904886,0.7570829719572131,0,8.049653078924544
37109,"Lincoln County, North Carolina",85670,18128,20779,31313,13957,1493,18.034317730827595,45.41496439827244,84.04458970468075,4.959729193416599,0.09571611999533092,0.8369324150811253,0.05252713902182794,7.385315746469009
37111,"McDowell County, North Carolina",44527,8967,10991,15491,7964,1114,20.387629977317133,44.822242684214075,87.01012868596582,3.218272059649202,0.13699553080153615,1.055539335683967,0,6.330990185730006
37113,"Macon County, North Carolina",36532,6586,7638,11983,9281,1044,28.262892806306798,38.935727581298586,88.35267710500383,1.3248658710171903,0.3503777510128107,0.6268476951713566,0,7.538596299135005
37115,"Madison County, North Carolina",21269,3867,5783,6871,4411,337,22.32356951431661,45.37119751751375,93.04151582114815,1.4058018712680427,0.3526258874418167,0.33852085194414405,0,2.543608068080305
37117,"Martin County, North Carolina",22213,4572,5169,7298,4623,551,23.29266645657948,43.85269887003106,51.51938054292531,42.19150947643272,0.1755728627380363,0.6437671633727997,0.040516814478008374,4.303786071219556
37119,"Mecklenburg County, North Carolina",1100984,258235,369417,349229,110211,13892,11.272007585941303,57.00827623289712,45.58676602021465,31.008170872601237,0.17021137455221874,5.998633949267201,0.0288832535259368,13.675584749642137
37121,"Mitchell County, North Carolina",14951,2756,3356,5154,3154,531,24.64718079058257,40.88020868169353,91.48551936325329,0.30098321182529597,0.5016386863754932,0.2809176643702762,0,5.95946759414086
37123,"Montgomery County, North Carolina",25891,5675,5996,8971,4698,551,20.27345409601792,45.077440037078524,62.496620447259666,17.42690510215905,0.5136920165308408,1.6762581592059016,0,15.712023483063613
37125,"Moore County, North Carolina",98618,21382,24365,29464,20846,2561,23.73501794804194,46.38808331136304,76.38463566488876,10.627877263785516,0.5070068344521285,1.1154150357946826,0.06388286114096818,7.145754324768298
37127,"Nash County, North Carolina",94628,20928,24735,31723,15081,2161,18.22082258950839,48.255273280635755,48.15805047131927,40.67823477194911,0.5040791309126262,0.8792323625142664,0.04227078665933973,7.31495963139874
37129,"New Hanover County, North Carolina",225175,41499,72382,70958,35931,4405,17.91317863883646,50.57444210058843,76.87798379038526,12.325080492949928,0.18252470300877097,1.2998778727656268,0.08038192516931275,5.886976795825469
37131,"Northampton County, North Carolina",17917,3155,4011,6030,4175,546,26.349277222749343,39.99553496679132,38.4885862588603,54.93107104984093,0.15627616230395713,0.12278841323882346,0,2.41669922420048
37133,"Onslow County, North Carolina",201597,49154,92875,40783,16963,1822,9.318095011334494,70.45194124912572,65.37746097412163,13.733339285802865,0.2797660679474397,1.9221516193197319,0.16716518598987087,13.056245876674753
37135,"Orange County, North Carolina",147376,28615,52885,44597,19443,1836,14.438578873086527,55.30072739116274,68.90063511019433,10.743268917598524,0.2876994897405276,7.7787428075127565,0.009499511453696667,8.600450548257518
37137,"Pamlico County, North Carolina",12293,1846,2419,4360,3271,397,29.83811925486049,34.6945416090458,74.20483201822175,18.86439437078012,0.2033677702757667,0.6426421540714228,0,4.238184332546978
37139,"Pasquotank County, North Carolina",40240,8885,11662,12815,5960,918,17.092445328031808,51.061133200795226,53.958747514910534,35.889662027833005,0.13667992047713717,1.2176938369781312,0.0720675944333996,6.0164015904572565
37141,"Pender County, North Carolina",59964,13422,15024,20898,9496,1124,17.710626375825495,47.438463077846706,74.25121739710492,13.543125875525314,0.156760723100527,0.5803482089253552,0.04502701620972584,7.542859048762591
37143,"Perquimans County, North Carolina",13002,2464,2691,4274,3214,359,27.480387632671896,39.64774650053838,71.04291647438856,22.481156745116134,0.21535148438701737,0.6075988309490847,0,2.861098292570374
37145,"Person County, North Carolina",38999,8153,9206,13895,6917,828,19.85948357650196,44.511397728146875,65.84014974742942,25.895535782968793,0.22821097976871202,0.43847278135336804,0.010256673248032,4.656529654606528
37147,"Pitt County, North Carolina",170600,36634,62997,48125,20574,2270,13.390386869871044,58.40035169988277,53.409144196951935,35.1031652989449,0.15357561547479484,1.7291910902696366,0.05744431418522861,6.5685814771395075
37149,"Polk County, North Carolina",19413,3149,3512,6829,5188,735,30.51048266625457,34.312058929583266,86.11239890794828,4.764848297532581,0.1081749343223613,0.6851079173749549,0,6.032040385308814
37151,"Randolph County, North Carolina",143735,32510,36805,49048,22702,2670,17.651928896928375,48.224162521306575,77.90378126413191,5.602671583121717,0.19271576164469337,1.2189097992834035,0.00974014679792674,12.04995303857794
37153,"Richmond County, North Carolina",43301,10176,11017,14478,7002,628,17.62084016535415,48.943442414724835,55.906330107849705,31.784485346758736,2.939885914874945,0.7759636036119258,0,6.884367566568901
37155,"Robeson County, North Carolina",118836,29970,33872,36983,16545,1466,15.156181628462756,53.72277760947861,23.827796290686322,23.030899727355347,41.2778955871958,0.5823151233632906,0.015988421017200175,8.935844356928877
37157,"Rockingham County, North Carolina",90903,18522,21916,31953,16514,1998,20.36456442581653,44.48478048029218,71.5014905998702,18.108313256988218,0.15951068721604347,0.6688448126024443,0.114407665313576,6.335324466739271
37159,"Rowan County, North Carolina",145784,32546,39329,48516,22676,2717,17.418235197278165,49.30239258080448,70.90627229325578,15.814492674093179,0.146106568622071,1.0494978872852987,0.015090819294298414,9.414613400647534
37161,"Rutherford County, North Carolina",64592,13227,14954,22554,12568,1289,21.453121129551647,43.6292420113946,82.35385187020064,9.10019816695566,0.17029972752043596,0.5031582858558336,0.023222690116423087,4.813289571463958
37163,"Sampson County, North Carolina",59468,14668,14908,19249,9589,1054,17.89702024618282,49.73431088989036,50.12275509517724,25.12948140176229,1.6025425438891505,0.620501782471245,0,20.484966704782405
37165,"Scotland County, North Carolina",34345,7915,9605,10714,5524,587,17.792982966952977,51.01179210947736,41.72659775804338,38.53544911923133,12.418110350851652,1.0307177172805357,0,3.3367302372980054
37167,"Stanly County, North Carolina",62148,13562,16338,20465,10305,1478,18.959580356568193,48.11096093196885,80.07820042479243,11.429169080260024,0.033790307009075114,1.8488125120679668,0,4.531119263693119
37169,"Stokes County, North Carolina",44588,8416,10141,16726,8122,1183,20.86884363505876,41.61882120749978,90.43240333722078,3.8934242397057504,0.34089889656409794,0.4350946442989145,0,3.3955324302502916
37171,"Surry County, North Carolina",71439,15271,17115,24462,12835,1756,20.424418034966894,45.33378126793488,82.87350046893154,3.7150576015901677,0.2379652570724674,0.6565041503940424,0.05319223393384566,11.252957068268033
37173,"Swain County, North Carolina",14166,3279,3453,4773,2317,344,18.784413384159254,47.522236340533674,59.47338698291684,0.7976845969222081,28.469575038825358,0.578850769447974,0,6.310885218127912
37175,"Transylvania County, North Carolina",32979,5214,7122,10703,8694,1246,30.140392370902696,37.405621759301376,89.9754389156736,4.242093453409746,0.1758694927074805,0.09399921161951545,0,3.423390642530095
37177,"Tyrrell County, North Carolina",3436,501,791,1366,677,101,22.642607683352736,37.60186263096624,56.66472642607683,36.43771827706636,0.2910360884749709,0.46565774155995343,0,4.10360884749709
37179,"Union County, North Carolina",235699,62951,58689,84292,27004,2763,12.629243229712472,51.608195198112846,70.52384609183747,11.075566718569023,0.1701322449395203,3.473922248291253,0.025456196250302293,11.533353981136958
37181,"Vance County, North Carolina",42650,10225,10692,13903,7121,709,18.35873388042204,49.04337631887456,38.48300117233294,47.78663540445486,0.9800703399765534,0.9355216881594373,0,8.23681125439625
37183,"Wake County, North Carolina",1112883,265080,344971,371679,117308,13845,11.784976497978674,54.81717305413058,58.803126653924984,19.43411841136939,0.209905264075379,7.496475370726302,0.03567311208815302,10.310967100764412
37185,"Warren County, North Carolina",18889,3440,4373,6237,4209,630,25.618084599502357,41.36269786648314,37.6938959182593,49.377944835618614,5.394674148975594,0.4499973529567473,0.13235216263433744,3.9176240139763885
37187,"Washington County, North Carolina",11183,2279,2504,3594,2411,395,25.091656979343647,42.77027631225968,43.0743092193508,48.35017437181436,0.4381650719842618,0.3219171957435393,0,5.776625234731289
37189,"Watauga County, North Carolina",54077,6921,23934,14477,7983,762,16.171385246962664,57.05752907890601,91.36046748155408,1.7604526878340145,0.3957320117610075,1.2223311204393734,0.05177802023041219,3.8925975923220593
37191,"Wayne County, North Carolina",117692,28157,33677,36557,17430,1871,16.399585358393093,52.53883016687625,52.099547972674436,30.359752574516534,0.12405261190225333,1.0833361655847467,0.15294157631784658,12.485980355504198
37193,"Wilkes County, North Carolina",66335,13542,15617,22855,12635,1686,21.5889048013869,43.95718700535163,86.72194165975729,3.8863345142081855,0.34069495741313033,0.5653124293359464,0.31808246023969244,6.800331649958544
37195,"Wilson County, North Carolina",78844,18262,20491,25654,12949,1488,18.310841662016134,49.151489016285325,45.971792400182636,39.470346507026534,0.27015372127238596,1.0882248490690478,0,10.84800365278271
37197,"Yadkin County, North Carolina",37198,7810,8790,13285,6447,866,19.659659121458144,44.626055164256144,83.50180117210603,3.1130705951932898,0.08064949728480025,0.11559761277488037,0.051078014947040166,11.446851981289317
37199,"Yancey County, North Carolina",18357,3398,3977,6235,4215,532,25.85934520891213,40.17540992536907,92.26453124148826,0.5883314267037097,0.4575911096584409,0.3486408454540502,0.03268507926131721,5.371248025276461
38001,"Adams County, North Dakota",2237,515,472,655,478,117,26.598122485471613,44.121591417076445,91.81940098345999,1.6987036209208761,0.7152436298614215,2.2798390701832814,0,2.235136343316942
38003,"Barnes County, North Dakota",10869,2173,2705,3592,2066,333,22.071947741282546,44.87993375655534,89.71386512098628,1.8124942497009844,1.4536755911307389,1.1316588462600055,0.08280430582390284,2.36452295519367
38005,"Benson County, North Dakota",6090,2204,1550,1518,751,67,13.431855500821017,61.64203612479474,37.668308702791464,0.19704433497536947,55.33661740558292,0.361247947454844,0.06568144499178982,3.793103448275862
38007,"Billings County, North Dakota",839,192,196,249,164,38,24.076281287246722,46.24553039332539,100,0,0,0,0,0
38009,"Bottineau County, North Dakota",6442,1417,1583,1956,1365,121,23.067370381868983,46.56938838869916,90.03415088481837,0.34150884818379384,4.641415709407016,0.5277864017385905,0,2.545793231915554
38011,"Bowman County, North Dakota",3024,748,723,890,597,66,21.924603174603174,48.64417989417989,91.83201058201058,0,0.8267195767195767,0,0.4298941798941799,5.621693121693122
38013,"Burke County, North Dakota",2177,565,474,714,372,52,19.47634359209922,47.72622875516766,92.78824069820854,0.6890215893431327,1.148369315571888,1.6995865870463942,0,1.1024345429490123
38015,"Burleigh County, North Dakota",97895,23172,29336,29554,13683,2150,16.1734511466367,53.6370601154298,86.42525154502273,2.258542315746463,4.059451453087492,0.7334388886051382,0.2247305786812401,2.7825731651259002
38017,"Cass County, North Dakota",182992,41482,69726,49504,19432,2848,12.175395645711287,60.772055608988374,83.82497595523301,6.106277870070823,0.9475824079741191,3.247136486840955,0.024044766984349042,2.9176138847599895
38019,"Cavalier County, North Dakota",3725,819,751,1137,849,169,27.328859060402685,42.147651006711406,93.61073825503355,0.053691275167785234,0.8322147651006712,0.10738255033557047,0,0.37583892617449666
38021,"Dickey County, North Dakota",5013,1223,1232,1540,801,217,20.30720127668063,48.972671055256335,92.55934570117694,0.4588071015360064,1.4163175743068024,0.4987033712347895,0,3.2714941153002193
38023,"Divide County, North Dakota",2196,505,448,701,414,128,24.681238615664846,43.397085610200364,87.2040072859745,3.324225865209472,1.5938069216757742,0,0,4.918032786885246
38025,"Dunn County, North Dakota",4054,937,925,1472,621,99,17.760236803157376,45.92994573260977,78.46571287617168,0.740009866798224,12.210162802170696,1.4060187469166257,0.0493339911198816,5.451406018746916
38027,"Eddy County, North Dakota",2378,533,554,654,497,140,26.78721614802355,45.71068124474348,89.86543313709,0,3.868797308662742,0,0.04205214465937763,2.943650126156434
38029,"Emmons County, North Dakota",3316,636,678,1050,759,193,28.70928829915561,39.62605548854041,97.04463208685164,0.15078407720144751,0.18094089264173704,0.30156815440289503,0,1.2967430639324486
38031,"Foster County, North Dakota",3396,773,714,1143,600,166,22.555948174322733,43.78680800942285,94.84687868080094,0.26501766784452296,0.6183745583038869,0.05889281507656066,0.5005889281507656,0.5300353356890459
38033,"Golden Valley County, North Dakota",1812,377,390,627,369,49,23.068432671081677,42.328918322295806,87.52759381898454,0.11037527593818984,1.490066225165563,0,0,5.022075055187638
38035,"Grand Forks County, North Dakota",73101,15626,30142,18042,8030,1261,12.709812451266057,62.60926663109944,82.45167644765462,3.9465944378325877,2.481498201119,2.8932572741822957,0.5047810563466985,4.672986689648568
38037,"Grant County, North Dakota",2351,516,387,748,566,134,29.774564015312635,38.409187579753294,94.04508719693747,0.04253509145044662,0.9783071033602723,1.7014036580178646,0.04253509145044662,1.2335176520629518
38039,"Griggs County, North Dakota",2242,462,413,690,575,102,30.196253345227476,39.02765388046387,96.61016949152543,0,0.8920606601248885,0,0,1.2934879571810882
38041,"Hettinger County, North Dakota",2502,513,721,674,505,89,23.741007194244606,49.32054356514788,92.166266986410875,0.5595523581135092,2.4380495603517187,0,0.07993605115907274,1.7985611510791366
38043,"Kidder County, North Dakota",2397,605,432,804,496,60,23.19566124322069,43.262411347517734,90.90529828952857,0.458906967042136,2.8785982478097623,0,0,4.463913224864414
38045,"LaMoure County, North Dakota",4173,970,853,1257,916,177,26.192187874430864,43.68559789120537,95.47088425593098,0.3115264797507788,0.3354900551162233,0.07189072609633357,0,1.8691588785046729
38047,"Logan County, North Dakota",1814,379,367,566,412,90,27.67364939360529,41.12458654906285,95.42447629547961,0.05512679162072767,0.11025358324145534,0.05512679162072767,0,2.535832414553473
38049,"McHenry County, North Dakota",5420,1289,1182,1830,968,151,20.645756457564577,45.59040590405904,95,0.6457564575645757,0.8856088560885609,0.42435424354243545,0,2.195571955719557
38051,"McIntosh County, North Dakota",2568,465,494,820,619,170,30.72429906542056,37.34423676012461,94.31464174454828,0.6230529595015576,0.4672897196261682,0.7009345794392523,0,2.3753894080996885
38053,"McKenzie County, North Dakota",13762,4460,4387,3715,1135,65,8.719662839703531,64.28571428571429,75.3088213922395,1.903793053335271,9.257375381485248,0.4287167562854236,0,9.87501816596425
38055,"McLean County, North Dakota",9788,2179,2151,3163,2064,231,23.447078054760933,44.23784225582346,87.42337556191255,0.5925623212096445,6.446669391091132,0.1634654679199019,0.29628116060482224,2.656313853698406
38057,"Mercer County, North Dakota",8405,1957,1853,2918,1455,222,19.952409280190363,45.33016061867936,90.60083283759667,0.20226055919095776,4.033313503866746,0.8447352766210589,0,2.700773349196907
38059,"Morton County, North Dakota",32916,7626,10105,9778,4785,622,16.426661805808724,53.86742009964759,88.28837039737513,1.2000243042897072,3.511969862680763,0.8445740673228825,0.07291286912139992,3.937294932555596
38061,"Mountrail County, North Dakota",9717,2791,2866,2972,944,144,11.19687146238551,58.2175568591129,56.86940413707934,1.7598024081506638,29.824019759184935,0.6277657713285993,0.14407739014099002,8.582895955541835
38063,"Nelson County, North Dakota",3035,619,666,963,593,194,25.930807248764417,42.33937397034597,91.72981878088962,0.3624382207578254,0.16474464579901152,1.0873146622734762,0,3.8879736408566723
38065,"Oliver County, North Dakota",1850,465,329,612,418,26,24,42.91891891891892,91.83783783783784,0,0.5945945945945946,0.2702702702702703,0.2702702702702703,2.972972972972973
38067,"Pembina County, North Dakota",6912,1491,1545,2246,1383,247,23.582175925925927,43.923611111111114,90.234375,0.6799768518518519,1.2008101851851851,0.3472222222222222,0,3.761574074074074
38069,"Pierce County, North Dakota",4038,918,935,1239,775,171,23.427439326399206,45.88905398712234,91.95146111936602,0.3219415552253591,4.408122833085686,1.2382367508667658,0,1.3125309559187717
38071,"Ramsey County, North Dakota",11638,2794,3148,3322,2057,317,20.398693933665577,51.05688262588073,81.28544423440454,0.26636879188864065,9.829867674858223,1.5294724179412271,0.11170304175975254,3.119092627599244
38073,"Ransom County, North Dakota",5679,1304,1305,1895,936,239,20.69026237013559,45.94118682866702,93.55520338087692,0.9156541644655749,0.35217467864060575,0.7923930269413629,0,0.4754358161648177
38075,"Renville County, North Dakota",2328,602,662,655,334,75,17.56872852233677,54.29553264604811,95.74742268041237,0,0.0859106529209622,0.1718213058419244,0,2.9209621993127146
38077,"Richland County, North Dakota",16546,3701,5102,4777,2501,465,17.9257826665055,53.203191103589994,89.6289133325275,0.7192070591079415,1.498851686208147,0.21757524477215037,0,3.632297836335066
38079,"Rolette County, North Dakota",12508,4294,3250,3526,1208,230,11.496642149024625,60.313399424368406,16.14966421490246,0.6875599616245602,78.26191237607931,0.2158618484170131,0,2.2065877838183563
38081,"Sargent County, North Dakota",3839,808,917,1257,748,109,22.323521750455846,44.933576452201095,91.27376921073196,2.031779109143006,0.36467830164105236,0.2083876009377442,0,3.177910914300599
38083,"Sheridan County, North Dakota",1328,218,282,403,374,51,32.00301204819277,37.65060240963855,96.23493975903614,0,1.8825301204819278,0,0,0
38085,"Sioux County, North Dakota",3993,1471,1144,1057,312,9,8.039068369646882,65.48960681192086,10.894064613072878,0.22539444027047334,85.2992737290258,0,0,1.1019283746556474
38087,"Slope County, North Dakota",775,157,163,257,180,18,25.548387096774192,41.29032258064516,96.25806451612904,0,1.1612903225806452,0,0,0.12903225806451613
38089,"Stark County, North Dakota",32710,8954,10264,9255,3603,634,12.953225313359829,58.75267502292877,86.54539896056252,2.176704371751758,1.5010700091715072,1.183124426780801,0.4769183735860593,5.79639254050749
38091,"Steele County, North Dakota",1870,424,373,628,381,64,23.796791443850267,42.62032085561497,94.59893048128342,0.37433155080213903,0,0,0,4.0106951871657754
38093,"Stutsman County, North Dakota",21678,4460,6293,6780,3529,616,19.120767598486946,49.603284435833565,91.39680782359996,1.5591844266076207,1.4807639081096042,0.6642679213949626,0.01845188670541563,2.698588430667036
38095,"Towner County, North Dakota",2190,479,426,752,462,71,24.337899543378995,41.32420091324201,86.5296803652968,0.45662100456621,8.127853881278538,0.319634703196347,0,3.4246575342465753
38097,"Traill County, North Dakota",8008,1836,1987,2636,1232,317,19.343156843156844,47.73976023976024,91.3961038961039,0.7492507492507493,0.9865134865134865,0.3371628371628372,0.04995004995004995,3.4965034965034967
38099,"Walsh County, North Dakota",10631,2473,2454,3483,1796,425,20.891731727965386,46.34559307685072,83.4634559307685,0.6960775091712915,1.7307873201015898,0.5926065280782616,0,12.012040259618098
38101,"Ward County, North Dakota",69686,16639,26223,18030,7436,1358,12.619464454840283,61.50733289326407,81.51852595930316,3.871652842751772,1.6430846941996957,1.4594036104813017,0.23103636311454237,6.625434090061131
38103,"Wells County, North Dakota",4031,880,738,1402,807,204,25.080625155048374,40.13892334408335,96.20441577772264,0,0.09923096005953858,0.2728851401637311,0,1.9598114611758868
38105,"Williams County, North Dakota",38460,11362,13521,10043,2893,641,9.188767550702028,64.69838793551742,76.91627665106604,4.810192407696308,2.4440977639105563,1.1830473218928756,0.22880915236609464,8.996359854394175
39001,"Adams County, Ohio",27564,6670,6343,9647,4556,348,17.79132201422145,47.21012915396894,95.95124074880279,0.3373966042664345,0.018139602379915833,0.2757219561747207,0.06893048904368017,1.0774923813670005
39003,"Allen County, Ohio",102462,23855,28107,32493,15773,2234,17.574320235794733,50.71343522476626,79.711502801038435,11.096796861275399,0.11321270324608147,0.8364076438094122,0.014639573695613984,3.472506880599637
39005,"Ashland County, Ohio",52658,11895,13969,17003,8606,1185,18.593566029853015,49.116943294466175,95.06817577576057,0.8906528922480914,0.0930532872498006,0.6266854039272285,0,1.5097421094610506
39007,"Ashtabula County, Ohio",97869,21761,24506,32794,16598,2210,19.21752546771705,47.27441784426121,88.3006876539047,3.544534019965464,0.07663305030193422,0.42812330768680584,0.009195966036232106,4.543828995902686
39009,"Athens County, Ohio",62933,9173,28921,16484,7326,1029,13.276023707752689,60.53104094831011,89.44115170101537,2.4375129105556703,0.13506427470484483,2.682217596491507,0.07627159042155944,1.9798833680263137
39011,"Auglaize County, Ohio",46282,11245,11771,14887,7157,1222,18.10423058640508,49.72991659824554,95.08232142085475,0.7670368609826714,0.06049868199299944,0.31545741324921134,0.01080333607017847,1.8106391253619118
39013,"Belmont County, Ohio",67077,12756,17292,23161,12145,1723,20.674746932629663,44.79627890334988,92.24473366429626,3.0830239873578127,0.08795861472635925,0.5873846474946703,0.07454119892064344,1.1002280960686972
39015,"Brown County, Ohio",43694,10072,10563,15130,6884,1045,18.14665629148167,47.22616377534673,95.99029615050121,0.7346546436581681,0.05035016249370623,0.2540394562182451,0,1.199249324850094
39017,"Butler County, Ohio",387830,91559,116064,122886,50450,6871,14.779929350488617,53.53453832864915,78.94360931335895,7.7626795245339455,0.059820024237423615,3.7905783461826057,0.043575793517778405,5.017920222778021
39019,"Carroll County, Ohio",26866,5544,6063,9564,5143,552,21.19779647137646,43.20330529293531,95.26911337750316,0.8114345269113378,0,0,0,1.3772053897119034
39021,"Champaign County, Ohio",38678,8626,10009,12975,6456,612,18.27395418584208,48.17984383887481,92.51771032628368,1.9416722684730339,0.2869848492683179,0.38781736387610527,0,1.6676146646672527
39023,"Clark County, Ohio",136032,30780,35467,43531,22990,3264,19.299870618677957,48.69957068924959,83.4818278052223,8.04075511644319,0.062485297577040695,0.6064749470712774,0.035285815102328866,3.661638438014585
39025,"Clermont County, Ohio",207650,47784,55748,69636,31053,3429,16.605827112930413,49.85889718275945,92.57789549723091,1.2997832891885384,0.0597158680471948,1.2819648446905851,0,2.102576450758488
39027,"Clinton County, Ohio",42046,9741,11034,14175,6342,754,16.876754031299054,49.41016981401322,92.8340389097655,1.714788564905104,0.004756695048280454,0.7016125196213671,0,1.8123008133948533
39029,"Columbiana County, Ohio",102331,20958,25072,35532,18228,2541,20.295902512435138,44.98148166244833,93.06857159609503,2.1156834194916496,0.07720045733941816,0.2716674321564335,0.00879498881081979,1.9573736208968935
39031,"Coshocton County, Ohio",36621,8710,9336,11549,6124,902,19.185713115425575,49.27773681767292,95.28685726768794,1.1523442833346986,0.15018705114551759,0.37137161737800717,0,1.1823816935638023
39033,"Crawford County, Ohio",41939,9222,10269,13855,7446,1147,20.48928205250483,46.47464174157705,94.5182288561959,1.2017453921171224,0.05245714013209662,0.6580986671117576,0,1.7763895181096354
39035,"Cuyahoga County, Ohio",1263667,263532,363814,407252,197989,31080,18.127323100152175,49.644882710397596,57.97888209472907,28.779496497099316,0.09733576962918238,3.0963062262447307,0.025323127057998666,6.334896772646591
39037,"Darke County, Ohio",51839,12444,12349,17020,8857,1169,19.340650861320626,47.82692567372056,95.67121279345666,0.9741700264279789,0.07137483361947568,0.0868072300777407,0,1.6744150157217539
39039,"Defiance County, Ohio",38329,8835,10027,12385,6451,631,18.47687129849461,49.21078034908294,85.63750684860028,1.3592840929844243,0.09392366093558402,0.25046309582822407,0.015653943489264004,10.501187090714602
39041,"Delaware County, Ohio",211121,55179,52532,74170,26203,3037,13.849877558367004,51.01861018089153,82.99032308486602,3.47383727814855,0.056365780760795944,7.0892995012338895,0.0061576063015995565,2.803131853297398
39043,"Erie County, Ohio",75560,15479,18489,25074,14498,2020,21.860772895712017,44.955002646903125,81.64769719428269,8.64081524616199,0.2263102170460561,0.7530439385918475,0.029115934356802542,4.657226045526734
39045,"Fairfield County, Ohio",157622,38088,42083,52778,22068,2605,15.65327175140526,50.862823717501364,84.11706487673041,7.992539112560429,0.0399690398548426,1.9749781121924603,0.0831102257299108,2.4273261346766315
39047,"Fayette County, Ohio",28897,6871,7272,9680,4575,499,17.558916150465446,48.94279683012078,91.87458905768764,2.2908952486417276,0.03806623524933384,0.7440218707824342,0.04152680209018237,2.2597501470740906
39049,"Franklin County, Ohio",1313598,307820,460084,387622,140032,18040,12.033514058334438,58.45806707988289,61.27955432331657,22.710981594064545,0.09508236157485014,5.38254473590855,0.01948845841726312,5.859326826015265
39051,"Fulton County, Ohio",42709,10107,10602,14287,6881,832,18.059425413847197,48.48860895829919,88.36544990517221,0.3863354328127561,0.11238848954552905,0.323116907443396,0.01873141492425484,9.030883420356366
39053,"Gallia County, Ohio",29369,6793,7587,9450,4908,631,18.86002247267527,48.96319248186864,92.7780993564643,2.08723483945657,0.14300793353536043,0.7933535360414042,0,1.3892199257720725
39055,"Geauga County, Ohio",95408,21883,20793,33164,17069,2499,20.50981049807144,44.73000167700822,94.32227905416737,1.0869109508636592,0.06812845882944826,0.5334982391413718,0.005240650679188328,1.6476605735368104
39057,"Greene County, Ohio",167043,34740,52183,51448,25750,2922,17.164442688409572,52.03630203001622,82.57275072885425,6.2840107038307504,0.09638236861167483,2.9651047933765557,0.0760283280352963,3.0584939207269985
39059,"Guernsey County, Ohio",38542,8527,9781,12771,6696,767,19.36329199315033,47.50142701468528,93.55248819469669,2.0678740075761506,0.10378288620206529,0.3424835244668154,0,1.198692335633854
39061,"Hamilton County, Ohio",826790,191286,257382,251188,110328,16606,15.352628841664751,54.26625866302205,64.33519999032403,25.25381293919859,0.0567254079028532,2.689074613868092,0.05696730729689522,3.5963182912226803
39063,"Hancock County, Ohio",75139,16762,21734,23707,11056,1880,17.216092841267518,51.23304808421725,88.19920414165746,1.5810697507286495,0.05855813891587591,1.8698678449274013,0.010646934348341075,5.877107760284273
39065,"Hardin County, Ohio",30738,6909,9400,9539,4199,691,15.908647276986141,53.05810397553517,93.916325069946,1.3175873511614289,0.03903962521959789,0.6669269308347974,0.01301320840653263,1.9877675840978593
39067,"Harrison County, Ohio",14623,3109,3173,5064,2942,335,22.409902208849072,42.95972098748547,94.3582028311564,3.1525678725295765,0.027354168091362922,0,0,0.3829583532790809
39069,"Henry County, Ohio",27618,6496,6843,9169,4329,781,18.502425954087915,48.29821131146354,89.10131073937288,0.49605329857339414,0.14845390687232965,0.3186327757259758,0.05069157795640524,7.842711275255268
39071,"Highland County, Ohio",43162,10390,10824,14228,6842,878,17.88610351698253,49.14971502710718,94.7268430563922,1.3877948195171679,0.1714471062508688,0.11120893378434735,0,1.313655530327603
39073,"Hocking County, Ohio",28180,6179,7336,9351,4782,532,18.85734563520227,47.959545777146914,95.6139105748758,0.6884315117104329,0.007097232079488999,0.21291696238466998,0,1.071682044002839
39075,"Holmes County, Ohio",44166,13735,12397,12033,5071,930,13.587374903772133,59.167685549970564,97.67921025223022,0.16528551374360367,0.126794366707422,0.35321287868496126,0,1.0188833038989267
39077,"Huron County, Ohio",58583,14166,15250,19077,8895,1195,17.223426591331958,50.21251899015073,89.35868767389857,0.9303040131096052,0.12460952836147005,0.20142362118703377,0.008534899202840415,6.877421777648806
39079,"Jackson County, Ohio",32531,7773,8568,10578,5108,504,17.251237281362393,50.23208631766622,95.677968706772,0.7285358581045772,0.2059573944852602,0.2520672589222588,0,1.115858719375365
39081,"Jefferson County, Ohio",65620,12865,16830,21917,12349,1659,21.34715025906736,45.252971654983234,89.64340140201158,5.444986284669308,0.0243828101188662,0.6049984760743675,0,1.6382200548613228
39083,"Knox County, Ohio",62399,14369,17329,19511,9698,1492,17.932979695187424,50.79889100786872,94.3941409317457,0.7964871231910767,0.06410359140370839,0.5432779371464286,0.017628487636019808,1.6442571195051203
39085,"Lake County, Ohio",232202,46516,59061,80202,40609,5814,19.992506524491606,45.46773929595783,86.72448988380806,4.370332727538953,0.035314079982084565,1.3285845944479375,0.02583957071859846,4.698064616153177
39087,"Lawrence County, Ohio",58570,12916,14916,19964,9693,1081,18.39508280689773,47.51920778555574,94.17449206078197,1.4358886802117126,0.09731944681577599,0.5651357350179272,0.02219566330886119,1.0192931534915486
39089,"Licking County, Ohio",177454,41307,47282,59764,25911,3190,16.39917950567471,49.9222333675206,88.4927924983376,3.9672253090941876,0.08791010628106438,2.08673797153065,0.007325842190088699,2.147598814340618
39091,"Logan County, Ohio",45997,10644,11317,15672,7738,626,18.183794595299695,47.74441811422484,92.6473465660804,1.6675000543513707,0.11957301563145423,0.7587451355523186,0.07391786420853534,1.876209317999
39093,"Lorain County, Ohio",311737,68910,79581,105850,50395,7001,18.411673943099473,47.6334217625755,77.15830972903441,7.349785235631318,0.15878769603864795,1.2003708254073144,0.00994427995393553,10.395301167330153
39095,"Lucas County, Ohio",431212,100070,123943,136921,61557,8721,16.29778392067011,51.94962106805933,67.55030008441324,18.721881580289974,0.11456081927219094,1.636318098754209,0.03756852777752011,7.551505987773995
39097,"Madison County, Ohio",43947,9027,11971,16167,6045,737,15.432225180330853,47.78028079277311,87.55546453682845,5.948073816187681,0.1001205998134116,0.7645573076660523,0.029581086308507976,2.3983434591667234
39099,"Mahoning County, Ohio",229044,46506,59165,75643,40410,7320,20.838790800020956,46.135676987827665,74.7834477218351,14.081573846073244,0.10260037372731877,0.9666264997118458,0.017463893400394684,6.554635790503135
39101,"Marion County, Ohio",65515,13931,17991,21973,10210,1410,17.736396245134703,48.724719529878655,87.60283904449362,4.8660612073570935,0.12210944058612531,0.6456536670991376,0.041211936197817295,2.9199419980157217
39103,"Medina County, Ohio",181448,40434,44377,63989,29468,3180,17.99303381685111,46.741215113972046,92.96933556721486,1.2967902649794982,0.13171817821083726,1.0239848331202328,0,2.4050967770380494
39105,"Meigs County, Ohio",22361,5054,5176,7715,3770,646,19.7486695586065,45.74929564867403,96.44470283082153,0.25043602701131434,0.10732972586199187,0,0,1.0732972586199185
39107,"Mercer County, Ohio",42154,10954,10328,13366,6607,899,17.806139393651847,50.48631209375148,94.97082127437491,0.6499976277458841,0,0.5954357830810837,0.8207999240878683,1.8978032926887127
39109,"Miami County, Ohio",107899,25105,27058,35683,18054,1999,18.58497298399429,48.34428493313191,91.46238612035329,2.038017034448883,0.06765586335369188,1.5329150409178955,0.009267926486807106,1.8572924679561442
39111,"Monroe County, Ohio",13514,2787,3171,4432,2589,535,23.11676779635933,44.08761284593755,96.30753292881457,0.8435696314932662,0,0.11099600414385082,0,0.2145922746781116
39113,"Montgomery County, Ohio",536136,119549,154848,166525,83174,12040,17.759299879135146,51.18048405628423,69.73193368846711,20.44089559365534,0.12981780742199742,2.1296835131384575,0.016227225927749677,3.2782726770819344
39115,"Morgan County, Ohio",13955,2957,3169,4835,2733,261,21.454675743461124,43.89824435686134,91.25761375850949,3.5041203869580797,0.08599068434252956,0.17914725904693657,0,0.9243998566821927
39117,"Morrow County, Ohio",34892,7840,8489,12430,5684,449,17.57709503611143,46.79869311016852,95.51759715694142,0.6505789292674539,0,0.42989797088157744,0,1.6479422217127135
39119,"Muskingum County, Ohio",86346,19698,22972,28564,13219,1893,17.501679290297176,49.417459986565675,91.04185486299308,2.8629004238760336,0.09149236791513214,0.42040163991383506,0,1.2693118384175295
39121,"Noble County, Ohio",14166,2663,3169,4420,3476,438,27.629535507553296,41.16899618805591,93.23732881547367,4.842580827333051,0.14824227022448117,0,0,1.0659325144712692
39123,"Ottawa County, Ohio",40479,7504,8394,14254,9081,1246,25.511993873366436,39.27468563946738,91.44000592900022,1.0202821215939128,0.10375750389090639,0.2939795943575681,0.014822500555843771,5.259517280565231
39125,"Paulding County, Ohio",18858,4512,4456,6406,3037,447,18.47491780676636,47.555414147841766,91.38827023014106,0.44543429844098,0.1643864672817902,0.2704422526248807,0.047725103404390706,4.995227489659561
39127,"Perry County, Ohio",35439,8306,8781,12435,5485,432,16.696295042185163,48.21524309376675,96.04390643076836,0.4712322582465645,0.3273230057281526,0.03950450069132876,0.07900900138265753,0.9057817658511809
39129,"Pickaway County, Ohio",58458,12588,17108,19760,8138,864,15.39908994491772,50.798864141777,92.10031133463342,3.1920353074001846,0.06329330459475178,0.4721338396797701,0,1.536145608813165
39131,"Pike County, Ohio",27271,6469,6772,9238,4045,747,17.571779546037916,48.5534083825309,94.75266766895237,1.0487330864288071,0.7773825675626123,0.45469546404605626,0.40702577829929226,0.7113783872978622
39133,"Portage County, Ohio",161897,30261,53190,51451,24235,2760,16.67418173283013,51.54573586910196,88.24252456808959,4.176111972426914,0.08771008727771361,1.8264699160577405,0.01482424010327554,1.987683527180862
39135,"Preble County, Ohio",41027,9221,9884,14067,7072,783,19.145928291125358,46.566894971604064,95.67601823189607,0.655665781071002,0.03168645038633095,0.3412386964681795,0.014624515562921978,1.0261535086650255
39137,"Putnam County, Ohio",34395,8854,8298,11276,5084,883,17.348451809856083,49.867713330425936,91.4987643552842,0.39249890972525076,0.075592382613752,0.07849978194505015,0,6.448611716819305
39139,"Richland County, Ohio",124504,27290,32776,40290,20696,3452,19.39536079162115,48.24423311700829,84.80048833772409,8.146726209599692,0.09638244554391827,0.8321017798624943,0.11164299942170533,2.0842703848872324
39141,"Ross County, Ohio",77205,16487,20830,27046,11744,1098,16.633637717764394,48.33495239945599,89.1755715303413,5.473738747490447,0.06476264490641798,0.540120458519526,0.020724046370053754,1.3522440256460073
39143,"Sandusky County, Ohio",59013,13149,14836,19862,9900,1266,18.9212546388084,47.42175452866318,83.14947553928795,2.6350126243370107,0.30501753850846425,0.3931337162997984,0.03558537949265416,10.360429058004168
39145,"Scioto County, Ohio",74392,16282,20766,23867,11867,1610,18.11619528981611,49.80105387676094,92.80433379933326,2.743574577911603,0.28632110979675235,0.42208839660178515,0.006721152812130336,1.4867190020432304
39147,"Seneca County, Ohio",55166,12147,15109,18070,8575,1265,17.837073559801325,49.40724359206758,89.05847804807308,2.9547184860240003,0.1577058333031215,0.5619403255628467,0,5.443570315049125
39149,"Shelby County, Ohio",48307,12085,12232,15996,7098,896,16.54832632951746,50.33846026455793,92.17711718798517,1.9458877595379551,0.12834578839505661,0.8777195851532904,0,1.5939718881321547
39151,"Stark County, Ohio",374712,81171,98226,122789,63332,9194,19.355131407587695,47.87596874399539,85.5859967121416,7.255171972074553,0.09740814278699375,0.8692008796088729,0.009073635218514486,2.235316723243451
39153,"Summit County, Ohio",540567,113964,149846,179670,83820,13267,17.960215847434267,48.802461119528196,75.54031230171283,14.113884125372063,0.09249547234662864,3.7740002626871414,0.008509583455889834,2.3516048889406864
39155,"Trumbull County, Ohio",202199,41848,49093,67893,38089,5276,21.446693603825935,44.975989000934725,86.13840820182098,7.779464784692308,0.04055410758708006,0.622653920147973,0.06330397281885668,1.9500591001933738
39157,"Tuscarawas County, Ohio",93025,21543,23824,29671,15843,2144,19.335662456328944,48.76861058855147,93.88551464660037,0.5159903251814029,0.10749798441279226,0.35581832840634237,0,3.237839290513303
39159,"Union County, Ohio",61769,15303,17129,21783,6834,720,12.229435477343003,52.50530201233629,88.22224740565656,2.460781298062135,0.08904142854830092,4.916705790930726,0.07447101296766986,2.0171930903851445
39161,"Van Wert County, Ohio",28808,6790,7179,9448,4771,620,18.71355179116912,48.49000277700639,93.0435990002777,0.8053318522632602,0.027770063871146902,0.20133296306581505,0,3.7906137184115525
39163,"Vinton County, Ohio",12853,2856,3007,4744,2116,130,17.474519567416166,45.615809538629115,96.21100132264841,0.06224227806737727,0.0933634171010659,0.4279156617132187,0,1.0192173033533027
39165,"Warren County, Ohio",239556,58849,62037,84114,30665,3891,14.425019619629648,50.46252233298269,84.50424952829401,3.438861894504834,0.03798694251031074,6.383476097446944,0,3.003473091886657
39167,"Washington County, Ohio",59942,11949,15451,20117,10645,1780,20.728370758399787,45.71085382536452,94.67485235727871,1.2462046645090255,0.2902806045844316,0.6589703379933937,0,1.129425110940576
39169,"Wayne County, Ohio",116858,28569,31211,36263,18271,2544,17.812216536309023,51.15610398945729,93.43219976381592,1.3041469133478238,0.0958428177788427,1.0713857844563488,0.013691831111263243,2.0862927655787367
39171,"Williams County, Ohio",37026,8427,9723,11929,6063,884,18.76249122238427,49.01960784313726,91.8921838707935,1.0938259601361207,0.1512450710311673,0.5563657970075082,0.07292173067574137,4.88305515043483
39173,"Wood County, Ohio",131930,26996,46697,38040,17998,2199,15.30887591904798,55.85765178503752,87.3880087925415,1.9775638596225271,0.14401576593648147,1.7221253695141363,0.09398923671644054,5.862199651330251
39175,"Wyandot County, Ohio",21933,5013,5385,7353,3633,549,19.067159075365886,47.408015319381754,94.55158892992294,0.12310217480508823,0.00911867961519172,0.7112570099849542,0,3.0821137099348013
40001,"Adair County, Oklahoma",19839,5359,5243,6151,2780,306,15.555219517112757,53.44019355814305,38.31846363223953,0.39820555471545943,43.25318816472605,1.078683401381118,0.06048691970361409,7.177781138162206
40003,"Alfalfa County, Oklahoma",5744,1163,1308,2138,983,152,19.75974930362117,43.018802228412255,82.55571030640668,3.7778551532033426,2.2632311977715878,0.5571030640668524,0.06963788300835655,6.04108635097493
40005,"Atoka County, Oklahoma",14080,3174,3743,4407,2470,286,19.573863636363637,49.12642045454545,69.20454545454545,3.1676136363636362,8.849431818181818,0.4190340909090909,0.014204545454545454,3.9204545454545454
40007,"Beaver County, Oklahoma",5100,1332,1194,1622,853,99,18.666666666666668,49.529411764705884,68.88235294117646,0.37254901960784315,1.3137254901960784,0.13725490196078433,0,25.647058823529413
40009,"Beckham County, Oklahoma",22349,5225,7115,6956,2724,329,13.660566468298358,55.214998433934404,74.39259027249541,4.626605217235671,2.237236565394425,0.6980178084030605,0.00447447313078885,15.204259698420511
40011,"Blaine County, Oklahoma",8799,1988,2128,3053,1386,244,18.524832367314467,46.77804295942721,70.49664734628935,4.261847937265598,5.773383339015798,0,0,12.785543811796796
40013,"Bryan County, Oklahoma",45809,10818,13846,13216,7004,925,17.30882577659412,53.84094828527145,69.33790303215525,1.8009561439891724,13.455871117029405,0.6112336003842039,0.12661267436529938,6.592590975572485
40015,"Caddo County, Oklahoma",27253,6819,7449,8488,4030,467,16.500935676806222,52.353869298792794,55.60855685612593,2.3630426008145893,20.115216673393753,0.11007962426154919,0.03302388727846475,13.653542729240817
40017,"Canadian County, Oklahoma",151174,39447,46238,45719,17917,1853,13.077645626893514,56.67972005768188,73.8632304496805,3.236667680950428,3.2267453398071098,3.11495362959239,0.10517681611917393,9.993120510140633
40019,"Carter County, Oklahoma",48102,12122,12880,15052,7172,876,16.731113051432374,51.977048771360856,67.84749074882541,6.313666791401605,7.1306806369797515,1.484345765248846,0.029104818926447965,8.165980624506258
40021,"Cherokee County, Oklahoma",47307,10471,15659,13309,7098,770,16.63178810746824,55.23495465787304,45.61058617117974,1.1562770837296805,32.59559895998478,0.8835901663601581,0.052846301815798934,7.719787769251908
40023,"Choctaw County, Oklahoma",14307,3509,3351,4543,2666,238,20.297756343048857,47.94855665059062,58.75445586076746,9.463898790801705,15.796463269728106,0.615083525546935,0.10484378276368211,4.906689033340323
40025,"Cimarron County, Oklahoma",2271,562,543,606,500,60,24.658740642888596,48.656979304271246,69.9691765741964,0.17613386173491855,0.6164685160722149,0,0,24.17437252311757
40027,"Cleveland County, Oklahoma",292110,62650,105331,84265,35760,4104,13.646913833829721,57.5060764780391,70.00239635753654,4.853308685084386,3.820478586833727,4.332272089281435,0.024305912156379447,9.313957070966417
40029,"Coal County, Oklahoma",5294,1261,1356,1586,981,110,20.608235738571967,49.4333207404609,65.39478655081224,0.35889686437476387,7.895731016244805,0.3022289384208538,0.037778617302606725,4.835663014733661
40031,"Comanche County, Oklahoma",121502,29008,43029,34121,13610,1734,12.628598706194136,59.288735987884976,54.896215700153085,14.566015374232522,4.111866471333805,2.486378825039917,0.42139224045694723,13.870553571134632
40033,"Cotton County, Oklahoma",5603,1286,1324,1943,945,105,18.739960735320363,46.58218811351062,74.40656791004818,2.070319471711583,8.92379082634303,0,0,8.709619846510797
40035,"Craig County, Oklahoma",14172,3128,3654,4698,2357,335,18.995201806378773,47.85492520462885,61.66384419983065,3.415184871577759,21.344905447360993,0.8396838837143663,0.1905165114309907,3.986734405870731
40037,"Creek County, Oklahoma",71879,17096,18616,23442,11189,1536,17.703362595472946,49.68349587501217,74.42229302021452,2.106317561457449,11.438667761098513,0.6218784345914662,0.0194771769223278,4.620264611360759
40039,"Custer County, Oklahoma",28564,7136,10237,7412,3147,632,13.22993978434393,60.821313541520794,67.16846380058816,3.196331046071979,4.054054054054054,1.16580310880829,0.26606917798627644,18.841898893712365
40041,"Delaware County, Oklahoma",40688,8340,9049,13338,9276,685,24.481419583169483,42.7374164372788,62.63517499016909,0.4350176956350767,21.65011797090051,1.233779001179709,0.11551317341722375,3.9987219819111286
40043,"Dewey County, Oklahoma",4548,1246,1163,1294,762,83,18.579595426561127,52.968337730870715,80.14511873350924,0,5.738786279683377,0.2198768689533861,0,7.607739665787159
40045,"Ellis County, Oklahoma",3813,875,863,1190,790,95,23.210070810385524,45.58090742197744,85.70679255179648,0.1835824809861002,1.7833726724364019,0.7867820613690008,0,7.6055599265670075
40047,"Garfield County, Oklahoma",62628,15639,19136,17796,8814,1243,16.05831257584467,55.52628217410743,72.73264354601775,2.1795363096378617,1.5727789487130357,1.1001468991505396,3.8624896212556683,13.355048859934854
40049,"Garvin County, Oklahoma",25949,6535,6842,8001,4129,442,17.615322363096844,51.55111950364176,73.45562449420017,1.9230028132105284,4.531966549770704,0.389225018305137,0,9.71521060541832
40051,"Grady County, Oklahoma",54739,13126,14312,18316,8068,917,16.414256745647528,50.12513929739308,80.3047187562798,2.1593379491770035,4.09031951624984,0.4256562962421674,0.005480553170500009,6.156488061528344
40053,"Grant County, Oklahoma",4166,994,1027,1271,726,148,20.97935669707153,48.5117618819011,85.6216994719155,1.9203072491598656,1.8242918867018723,0.16802688430148824,0.09601536245799328,5.544887181949112
40055,"Greer County, Oklahoma",5548,1116,1641,1868,714,209,16.6366258111031,49.69358327325162,72.92718096611391,4.596250901225667,1.9466474405191059,0,0,12.364816149963952
40057,"Harmon County, Oklahoma",2540,615,615,849,408,53,18.1496062992126,48.425196850393704,54.29133858267716,10.472440944881889,2.3622047244094486,0.3937007874015748,0,30.748031496062993
40059,"Harper County, Oklahoma",3358,868,883,989,501,117,18.40381179273377,52.14413341274568,72.24538415723644,0.05955926146515783,0.029779630732578916,0,0,23.764145324597976
40061,"Haskell County, Oklahoma",11711,2796,2973,3589,2130,223,20.092220988813935,49.26137819144394,68.59362992058749,0.6831184356587824,9.8454444539322,0.2390914524805738,0,4.730595166937068
40063,"Hughes County, Oklahoma",13406,3280,3656,3989,2128,353,18.506638818439505,51.738027748769206,61.08458899000448,4.072803222437715,21.706698493211995,0.36550798150082053,0.02983738624496494,6.124123526779054
40065,"Jackson County, Oklahoma",24960,6326,7796,7153,3230,455,14.763621794871796,56.57852564102564,61.14182692307692,6.217948717948718,1.3621794871794872,1.4262820512820513,0.15625,25.16426282051282
40067,"Jefferson County, Oklahoma",5491,1416,1264,1686,1023,102,20.48807138954653,48.80713895465307,75.72391185576397,2.057912948461118,4.3525769440903295,0.01821161901293025,0,11.345838645055546
40069,"Johnston County, Oklahoma",10446,2497,2613,3332,1777,227,19.184376794945432,48.918246218648285,67.6909821941413,1.5986980662454529,8.271108558299828,0.06701129618992915,0,5.791690599272449
40071,"Kay County, Oklahoma",44019,11083,11893,12732,7313,998,18.880483427610805,52.19564279061314,72.1620209455008,1.7628751221063632,8.587200981394398,0.5724800654262931,0.03180444807923851,8.589472727685772
40073,"Kingfisher County, Oklahoma",15272,4290,3698,4906,2067,311,15.570979570455735,52.304871660555264,74.8297537977999,0.4321634363541121,1.676270298585647,1.8858040859088527,0.24227344159245678,16.690675746464116
40075,"Kiowa County, Oklahoma",8518,2041,2143,2731,1476,127,18.818971589575018,49.11951162244658,73.08053533693355,3.838929326132895,4.14416529701808,0.46959380136182205,0,11.915942709556234
40077,"Latimer County, Oklahoma",9555,2080,2564,2896,1803,212,21.08843537414966,48.602825745682885,62.16640502354788,1.098901098901099,21.925693354264784,0.9000523286237572,0,4.479330193615908
40079,"Le Flore County, Oklahoma",48436,11912,13082,14868,7884,690,17.701709472293334,51.602114129985964,69.85093731934924,1.7776034354612271,11.192088529193162,0.7845404244776613,0,7.3499050293170365
40081,"Lincoln County, Oklahoma",33650,8031,8379,11012,5678,550,18.508172362555722,48.7667161961367,81.18276374442793,1.9673105497771173,6.662704309063893,0.2912332838038633,0.05943536404160475,3.613670133729569
40083,"Logan County, Oklahoma",49005,11307,13584,16262,7027,825,16.022854810733598,50.792776247321704,76.86970717273748,7.356392204877054,3.491480461177431,0.3632282420161208,0,6.899295990205081
40085,"Love County, Oklahoma",10105,2497,2630,3134,1659,185,18.248391885205343,50.7372587827808,69.36170212765957,2.256308758040574,4.265215239980208,0.6729341909945572,0,16.74418604651163
40087,"McClain County, Oklahoma",41258,10600,10790,13492,5980,396,15.453972562896892,51.84449076542731,77.74734596926656,1.0810024722478064,5.647389597169034,0.1817829269475011,0.04847544718600029,8.46138930631635
40089,"McCurtain County, Oklahoma",31112,8020,8087,9485,5060,460,17.742350218565186,51.77102082797634,60.08935458986886,7.476214965286706,13.80496271535099,0.9514013885317563,1.4303162766778093,6.370532270506557
40091,"McIntosh County, Oklahoma",19105,3854,3987,6419,4248,597,25.359853441507457,41.04161214341795,66.84114106254907,2.418215126930123,16.021983773881182,0.528657419523685,0,2.999214865218529
40093,"Major County, Oklahoma",7753,1993,1843,2331,1346,240,20.45659744614988,49.47762156584548,83.63214239649169,0.025796465884173867,1.5090932542241713,0.5417257835676512,0.12898232942086935,10.047723461885722
40095,"Marshall County, Oklahoma",15361,3577,3597,4830,2976,381,21.854045960549442,46.70268862704251,63.374780287741686,1.4582383959377645,5.553023891673719,0.0846299069071024,0.15623982813618906,18.442809712909316
40097,"Mayes County, Oklahoma",39303,9261,10092,12726,6506,718,18.38027631478513,49.24051599114571,63.137673968908224,0.35875124036333106,20.199475866982166,0.4070936060860494,0.0865073912932855,3.824135562170827
40099,"Murray County, Oklahoma",13874,3263,3522,4441,2356,292,19.08606025659507,48.90442554418336,70.16001153236269,1.124405362548652,11.222430445437508,0.7856422084474557,0.27389361395415884,7.222142136370189
40101,"Muskogee County, Oklahoma",66881,16455,18653,20758,9920,1095,16.469550395478535,52.4932342518802,54.299427341098365,10.132922653668455,18.07389243581884,0.6264858479986842,0.0014951929546507977,6.8195750661622885
40103,"Noble County, Oklahoma",11020,2714,2749,3402,1900,255,19.55535390199637,49.57350272232305,79.98185117967333,0.22686025408348456,6.397459165154265,0.1088929219600726,0.036297640653357534,4.310344827586207
40105,"Nowata County, Oklahoma",9484,2179,2348,3102,1669,186,19.55925769717419,47.73302404048925,65.06748207507381,1.412905946857866,15.457612821594264,0.49557148882328134,0.14761703922395614,3.3108393083087306
40107,"Okfuskee County, Oklahoma",11444,2620,3110,3719,1804,191,17.432715833624606,50.069905627403,59.89164627752534,7.104159384830479,14.994757077944774,0.4893393918210416,0,4.3516253058371195
40109,"Oklahoma County, Oklahoma",790938,202814,247296,232392,96864,11572,13.709797733829959,56.90837967072008,54.74525184022009,14.638947679843426,2.4768060201937447,3.2290773739534577,0.06599758767438156,18.01241058085463
40111,"Okmulgee County, Oklahoma",37046,8797,10000,11494,6062,693,18.234087350861092,50.739621011715165,61.43443286724612,7.5365761485720455,15.070452950386006,0.5020784970037251,0,4.486314311936511
40113,"Osage County, Oklahoma",46140,10016,11393,15582,8207,942,19.82878196792371,46.40008669267447,62.431729518855654,10.736887732986563,10.95361941915908,0.28608582574772434,0,3.9358474208929346
40115,"Ottawa County, Oklahoma",30568,7691,8332,9059,4949,537,17.946872546453807,52.417560847945566,63.2327924627061,1.1482596179010731,20.145249934572103,0.7491494373200733,0.7393352525516881,5.999738288406176
40117,"Pawnee County, Oklahoma",15687,3722,3773,5225,2704,263,18.913750239051446,47.77841524829476,75.2406451201632,0.4271052463823548,9.874418308153247,0.15299292407726142,0.012749410339771786,3.3658443296997516
40119,"Payne County, Oklahoma",81817,15699,37078,18686,9242,1112,12.655071684368774,64.50615397777968,76.39121453976557,3.6471637923658897,3.8451666524072015,4.188616057787502,0.06844543310070034,4.863292469780119
40121,"Pittsburg County, Oklahoma",43836,9959,11876,13504,7427,1070,19.38361164339812,49.810657906743316,67.97609270918879,2.42266630166986,5.819417830093987,0.44483985765124556,0.10493658180490921,5.598138516287983
40123,"Pontotoc County, Oklahoma",38102,9244,11567,11086,5495,710,16.285234370899165,54.619180095533046,63.60820954280615,2.4565639598971183,16.279985302608786,0.871345336202824,0.1548475145661645,5.797595926723007
40125,"Pottawatomie County, Oklahoma",72331,17219,20763,22669,10415,1265,16.147986340573198,52.51137133455918,70.93362458696825,3.0097745088551244,13.181070357108293,0.731359997787947,0.10507251385989409,5.57713843303701
40127,"Pushmataha County, Oklahoma",10891,2395,2541,3482,2268,205,22.706822146726655,45.32182536038931,69.02947387751354,0.9090074373335781,15.627582407492424,0.3672757322559912,0.11936461298319713,4.085942521347902
40129,"Roger Mills County, Oklahoma",3477,866,783,1107,635,86,20.73626689675007,47.42594190394018,81.8809318377912,0.057520851308599366,6.154731090020133,0,0.5752085130859936,7.621512798389416
40131,"Rogers County, Oklahoma",94637,22221,25774,31171,13803,1668,16.347728689624564,50.71483669178017,70.33612646216596,0.8506186797975421,12.653613280218096,1.597683781184949,0.07819351839132686,5.061445312087239
40133,"Seminole County, Oklahoma",23798,5926,6376,7259,3755,482,17.80401714429784,51.6934196150937,62.9170518530969,4.302882595176065,19.76636692159005,0.1638793175897134,0.04202033784351626,5.500462223716279
40135,"Sequoyah County, Oklahoma",39652,9471,9847,13135,6565,634,18.155452436194896,48.718854030061536,60.94270150307677,1.9948552405931606,21.98123675981035,0.9179864823968527,0.06052658125693534,4.665590638555432
40137,"Stephens County, Oklahoma",42983,10014,11094,13370,7365,1140,19.78689249238071,49.10778679943233,78.94051136495824,1.4866342507502965,4.217946630063048,0.5397482725728776,0.08608054347067445,8.17532512853919
40139,"Texas County, Oklahoma",21448,6079,6886,6082,2053,348,11.194516971279374,60.4485266691533,41.88735546437896,5.002797463632973,0.6340917568071615,2.9046997389033944,0.03729951510630362,46.95076464005968
40141,"Tillman County, Oklahoma",7070,1690,1647,2375,1186,172,19.207920792079207,47.199434229137196,57.34087694483734,7.652050919377652,3.210749646393211,0.2263083451202263,0,27.963224893917964
40143,"Tulsa County, Oklahoma",664084,168316,200488,199452,84691,11137,14.430102215984725,55.5357454779817,60.36224333066299,9.739430553966065,4.994398299010366,3.4982020346823592,0.11369043675197715,13.3856560314659
40145,"Wagoner County, Oklahoma",80509,19490,22067,25712,12267,973,16.44536635655641,51.61783154678359,69.30653715733645,3.4455775130730726,8.949310015029376,1.8196723347700257,0.05589437205778236,6.825323876833646
40147,"Washington County, Oklahoma",52382,12635,13665,15919,8588,1575,19.401702875033408,50.208086747355964,71.40429918674354,2.5753121301210338,9.808712916650759,2.0846855790156926,0,6.452598220762858
40149,"Washita County, Oklahoma",11014,2765,2653,3596,1793,207,18.158707100054475,49.191937534047575,82.53132376974759,1.489013982204467,1.7977120029053932,0.13619030325040857,0,10.09624114763029
40151,"Woods County, Oklahoma",8731,1947,3198,2093,1255,238,17.09998854655824,58.92795785133433,82.77402359409002,3.1382430420341314,2.97789485740465,0.2748826022219677,0,7.284388958882144
40153,"Woodward County, Oklahoma",20591,5094,6053,6172,2927,345,15.890437569812054,54.13530183089699,78.80627458598417,1.5103686076441163,1.991161186926327,0.485649069982031,0.01942596279928124,13.403914331504055
41001,"Baker County, Oregon",16539,3373,3469,5310,3709,678,26.52518290102183,41.36888566418768,89.60033859362719,1.1306608622044865,1.4208839712195418,0.3506862567265252,0.19348207267670356,4.812866557833001
41003,"Benton County, Oregon",94667,15391,38943,24943,13557,1833,16.25698501061616,57.39486832792842,79.15112974954313,1.08168633209038,0.41830838623807665,7.29398840144929,0.23450621652740658,7.888704617237264
41005,"Clackamas County, Oregon",418577,90231,110140,142306,67385,8515,18.13286444310127,47.869567606438004,79.86798127943007,0.7941191226464903,0.40303217806998476,4.48591298614114,0.19518511528344845,9.133564433783986
41007,"Clatsop County, Oregon",40720,7574,10726,13254,8351,815,22.509823182711198,44.94106090373281,82.87819253438114,0.9307465618860511,0.6286836935166994,1.0216110019646365,0.23330058939096268,8.88261296660118
41009,"Columbia County, Oregon",52381,10965,13078,18452,8916,970,18.873255569767664,45.90023099979,86.39201237089785,0.4829995609094901,0.8399992363643306,0.7655447585956741,0.3627269429755064,5.740631144880777
41011,"Coos County, Oregon",64619,11920,14877,21063,15061,1698,25.93509648864885,41.46922731704297,84.10993670592241,0.45497454309104135,1.932868041907179,1.0616072672124297,0.04642597378480014,6.92675528869218
41013,"Crook County, Oregon",24300,4979,5131,8199,5648,343,24.65432098765432,41.60493827160494,87.29629629629629,0.16872427983539096,1.3045267489711934,0.2716049382716049,0.2345679012345679,7.893004115226337
41015,"Curry County, Oregon",23234,3332,4083,7908,6822,1089,34.04923818541792,31.9144357407248,84.85409313936472,0.10760092967203237,1.2912111560643884,0.9124558836188345,0,7.656882155461823
41017,"Deschutes County, Oregon",194964,38892,52028,65381,34878,3785,19.830840565437722,46.63425042571962,86.04101269978047,0.4462362282267496,0.5467676083789828,1.0776348454073572,0.1297675468291582,8.316920046777867
41019,"Douglas County, Oregon",110680,21635,25475,35355,24451,3764,25.49241055294543,42.564148897723165,86.31189013371883,0.2999638597759306,0.9224792193711601,0.8529092880375858,0.062341886519696424,6.151969642211782
41021,"Gilliam County, Oregon",1954,337,355,678,447,137,29.887410440122824,35.41453428863869,87.41044012282498,0,2.1494370522006143,0.5629477993858751,0.0511770726714432,4.96417604912999
41023,"Grant County, Oregon",7225,1265,1462,2312,1910,276,30.2560553633218,37.7439446366782,90.0484429065744,0.05536332179930796,0.9965397923875432,0.5536332179930796,0.22145328719723184,4.27681660899654
41025,"Harney County, Oregon",7454,1522,1857,2256,1654,165,24.403005097933995,45.331365709686075,86.07459082371881,0.7646900992755568,1.0866648779178965,0,0.26831231553528306,5.500402468473303
41027,"Hood River County, Oregon",23915,5619,6537,7972,3416,371,15.835249843194648,50.83002299811834,61.910934559899644,0.6857620740121263,0.31779218063976583,0.9910098264687435,0.04599623667154506,31.82103282458708
41029,"Jackson County, Oregon",221662,45809,58890,68429,42503,6031,21.89549855184921,47.233625971073074,79.2224197201144,0.5991103572105277,0.666780954787018,1.1508512961175124,0.361812128375635,13.677581182160226
41031,"Jefferson County, Oregon",24232,5706,6255,7594,4270,407,19.30092439749092,49.36034995047871,57.102178936942884,0.7221855397821063,12.986959392538791,0.42093100033014197,0.004126774513040607,20.629745790689995
41033,"Josephine County, Oregon",87686,17228,19516,28330,20385,2227,25.78746892320325,41.90406678375111,85.20744474602559,0.5873229477909815,0.6375019957575896,0.9169080582989303,0.04789818214994412,7.873548799124148
41035,"Klamath County, Oregon",68899,15035,18196,21073,13362,1233,21.183181178246418,48.231469252093646,76.02577686178319,0.6371645452038491,3.1422807297638573,1.055167709255577,0.216258581401762,13.895702404969594
41037,"Lake County, Oregon",8119,1571,1728,2776,1836,208,25.175514225889888,40.63308289198177,82.42394383544772,0.16011824116270476,2.192388225150881,0.8621751447222564,0,9.212957260746398
41039,"Lane County, Oregon",380532,69944,121186,115591,65615,8196,19.39679185981731,50.227050550282236,80.69886369608864,0.9823089779571758,0.595744904502118,2.59189765906678,0.21969243059716398,9.399209527713833
41041,"Lincoln County, Oregon",49866,8421,10309,16492,13388,1256,29.36670276340593,37.560662575702885,80.82260458027514,0.2767416676693539,1.9512292945092848,1.2513536277222959,0.12032246420406689,9.683952994023985
41043,"Linn County, Oregon",127200,28772,34971,39951,20861,2645,18.479559748427672,50.1124213836478,83.69182389937107,0.36556603773584906,0.5762578616352201,0.985062893081761,0.11713836477987422,9.669025157232705
41045,"Malheur County, Oregon",31313,7980,9158,9046,4240,889,16.379778366812506,54.73126177625906,59.994251588796985,0.8973908600261872,0.9452942867179766,1.0123590840864816,0.19480726854661004,34.74914572222399
41047,"Marion County, Oregon",344037,84476,103084,102563,47643,6271,15.670988876196455,54.51739202469502,63.405098870179664,0.9086232004115836,0.5470341852765837,2.072742175986885,1.0295404273377573,27.474661155631516
41049,"Morrow County, Oregon",11964,3286,3095,3687,1708,188,15.847542627883652,53.335005015045134,57.731527917084584,0.5349381477766634,0.2841858910063524,0.6435974590437981,0.4179204279505182,37.8217987295219
41051,"Multnomah County, Oregon",810011,150425,285462,264371,97524,12229,13.549569079926075,53.81247908979014,68.08080384093549,5.117337912695013,0.6065349729818484,7.575452679037692,0.6297445343334843,12.092181464202339
41053,"Polk County, Oregon",86347,19556,26554,24837,13599,1801,17.83501453437873,53.40081299871449,76.59328060036829,0.6230673908763478,1.4823908184418684,1.8437235804370737,0.43661042074420653,14.719677579996988
41055,"Sherman County, Oregon",1784,359,452,536,412,25,24.495515695067265,45.45964125560538,86.88340807174887,0.1681614349775785,0.5044843049327354,0.2242152466367713,1.4013452914798206,5.885650224215246
41057,"Tillamook County, Oregon",27129,5121,5993,9007,6247,761,25.832135353311955,40.967230638799805,83.2872571786649,0.43495890007003574,0.8146264145379484,0.6487522577315787,0.05897747797559807,10.604887758487228
41059,"Umatilla County, Oregon",79509,20142,23138,23917,10798,1514,15.485039429498547,54.43408922260373,63.99024009860519,0.9458048774352589,2.6336641134965855,0.8200329522444,0.1144524519236816,27.77547195914928
41061,"Union County, Oregon",26255,5817,7318,7695,4815,610,20.6627309083984,50.028565987430966,87.98705008569796,0.7503332698533612,0.8188916396876785,1.0740811274043038,1.4740049514378213,5.065701771091221
41063,"Wallowa County, Oregon",7330,1369,1403,2411,1960,187,29.290586630286494,37.81718963165075,91.36425648021829,0.9004092769440655,0.6002728512960437,0.24556616643929058,0.15006821282401092,3.710777626193724
41065,"Wasco County, Oregon",26603,5954,7251,8004,4650,744,20.275908732097882,49.63725895575687,73.15340375145661,0.2668871931737022,2.428297560425516,0.9322256888320866,0.28192309138067134,19.39254971243845
41067,"Washington County, Oregon",596969,135544,188132,193098,71120,9075,13.433695887056112,54.21990086587411,63.678013431183196,2.152708097070367,0.27103584943271763,10.705581026820488,0.41677206019073015,17.146116465009072
41069,"Wheeler County, Oregon",1477,277,305,416,433,46,32.43060257278267,39.40419769803656,82.32904536222071,0,0.06770480704129993,0.6093432633716994,0.06770480704129993,9.88490182802979
41071,"Yamhill County, Oregon",107024,23659,31307,33489,16381,2188,17.350313948273286,51.35857377784422,75.76618328599193,0.679286888922111,0.8399985050082225,1.504335476154881,0.2831140678726267,16.271116758857826
42001,"Adams County, Pennsylvania",103782,20928,26532,34987,18909,2426,20.557514790618796,45.730473492513156,88.35636237497832,1.3672891252818409,0.07226686708677806,0.7544660923859628,0.004817791139118537,7.275828178296814
42003,"Allegheny County, Pennsylvania",1246116,235550,377477,397747,200460,34882,18.88604271191446,49.19501876229821,77.41975867415232,12.523151937700824,0.07832336636396611,3.917612806512395,0.021025329905081068,2.2720196193612794
42005,"Armstrong County, Pennsylvania",65967,12744,14950,23650,12736,1887,22.16714417814968,41.98159685903558,96.52553549502024,0.9504752376188094,0.01667500416875104,0.31076144132672395,0,0.856488850485849
42007,"Beaver County, Pennsylvania",168260,32888,42118,57311,31257,4686,21.361583263996195,44.57743967669084,88.4315939617259,5.9598240817782004,0.04397955544989897,0.492095566385356,0.014857957922263165,1.811482229882325
42009,"Bedford County, Pennsylvania",47729,9396,11019,16529,9309,1476,22.596325085377863,42.772737748538624,96.20356596618409,0.7458777682331497,0.09428230216430263,0.3247501518992646,0,1.2696683358126086
42011,"Berks County, Pennsylvania",426967,96040,117622,140232,63009,10064,17.114437415537967,50.04180650963658,69.68735288675705,4.064014314923636,0.053868331744607895,1.3380425185084561,0.013349977867141958,22.612754615696296
42013,"Blair County, Pennsylvania",123132,25277,31227,41262,22079,3287,20.600656206347658,45.88896468830198,93.85212617353734,1.5934119481532014,0.07228015463080271,0.5944839684241302,0.008121365688854238,1.3132248318877302
42015,"Bradford County, Pennsylvania",60233,13391,14191,19851,10941,1859,21.250809356996996,45.792173725366496,95.2003054803845,0.6541264755200638,0.06308834027858483,0.582737037836402,0.07138943768366178,1.5257417030531437
42017,"Bucks County, Pennsylvania",643872,131658,159601,231939,105451,15223,18.74192386064311,45.23554371055116,82.48906614979374,3.7358356940509916,0.05327145768102977,4.759952288653645,0.013356692013319418,5.755025843645942
42019,"Butler County, Pennsylvania",192561,38537,50091,67552,31378,5003,18.893233832395968,46.02593463889365,93.8928443454282,0.9508675173062042,0.023888534022984926,1.344509012728434,0.016098794667663754,1.6612917465114951
42021,"Cambria County, Pennsylvania",134048,26074,32770,45093,25676,4435,22.462849128670328,43.897708283599904,91.9894366197183,3.444288613034137,0.03058605872523275,0.453568870852232,0.017158032943423253,1.7628013845786583
42023,"Cameron County, Pennsylvania",4596,775,916,1617,1115,173,28.02436901653612,36.792863359443,93.90774586597041,0.08703220191470844,0.195822454308094,0.10879025239338555,0,1.3272410791993037
42025,"Carbon County, Pennsylvania",64792,12448,14968,23840,11924,1612,20.891468082479317,42.31386590937153,90.22410174095567,1.6082232374367207,0.11575503148536856,0.5278429435732807,0.016977404617854058,5.582479318434374
42027,"Centre County, Pennsylvania",158879,23911,66722,45196,20005,3045,14.507895945971462,57.04529862348076,84.67890658929122,3.300625003933811,0.048464554786976255,6.223604126410665,0.007552917629139156,3.02934937908723
42029,"Chester County, Pennsylvania",531704,120940,141146,182455,76676,10487,16.393143553556115,49.29171117764771,78.0422942088079,5.316303808133849,0.03855528639995185,6.018574244316387,0.003009193084874291,7.575643591171027
42031,"Clarion County, Pennsylvania",37571,7152,11045,12020,6576,778,19.573607303505362,48.43363232280216,95.2303638444545,1.4426020068669985,0.053232546378856035,0.45779989885816186,0,1.0806206914907774
42033,"Clearfield County, Pennsylvania",80667,14809,20670,28676,14485,2027,20.469336903566514,43.982049660951816,92.11573505894604,2.42230404006595,0.1066111297060756,0.524377998438023,0.018594964483617835,3.126433361845612
42035,"Clinton County, Pennsylvania",37824,7740,11305,11743,6002,1034,18.601945854483926,50.35162859560068,94.5748730964467,1.1712140439932317,0.3146150592216582,0.7402707275803723,0.01321912013536379,1.705266497461929
42037,"Columbia County, Pennsylvania",65013,11618,19962,20610,10893,1930,19.723747558180673,48.574900404534475,92.38767631089166,1.5766077553720026,0.02461046252288004,1.0336394259609616,0.3168597049820805,3.154753664651685
42039,"Crawford County, Pennsylvania",84495,17618,21430,28020,15594,1833,20.62488904668915,46.21338540742056,94.18900526658382,1.5219835493224452,0.04734007929463282,0.5680809515355938,0.016569027753121485,1.4379549085744718
42041,"Cumberland County, Pennsylvania",257333,52846,73953,83409,39988,7137,18.312847555502014,49.27428662472361,83.92549731282035,3.906999879533523,0.034585537027897705,4.738607174361625,0.007383429253146701,4.418399505698842
42043,"Dauphin County, Pennsylvania",284199,64569,79114,92335,42312,5869,16.953261623017674,50.55718000415202,63.71767669836981,17.47965334149663,0.1358203230834732,5.125281932730235,0.010204117537359385,10.11228047952315
42045,"Delaware County, Pennsylvania",573883,127405,167112,185453,79790,14123,16.364485443897102,51.32004258707786,65.08120993303513,21.418477285439714,0.07998145963550062,5.9616681449006155,0.0317137813805253,4.172279018545592
42047,"Elk County, Pennsylvania",31037,6074,6977,11137,5992,857,22.067210104069336,42.049811515288205,96.24963752940039,0.6379482553081806,0.08377098302026613,0.36730354093501305,0,0.8538196346296356
42049,"Erie County, Pennsylvania",271903,58170,78217,86407,42794,6315,18.061220361673097,50.16016741264348,83.10316546709672,6.670761264127281,0.16550019676134503,1.868681110543098,0.014711128601008448,4.563392092032821
42051,"Fayette County, Pennsylvania",129443,25121,31991,44938,23478,3915,21.16221039376405,44.12135071035127,90.82994059161175,4.150089228463494,0.020086061046174764,0.4388031797779718,0.0795717033752308,1.3318603555232804
42053,"Forest County, Pennsylvania",7121,528,2280,2650,1424,239,23.353461592472968,39.43266395169218,71.97022890043533,17.73627299536582,0,1.6851565791321443,0,5.33632916725179
42055,"Franklin County, Pennsylvania",155592,34857,39775,50842,25949,4169,19.357036351483366,47.96647642552316,86.55907758753663,3.4095583320479204,0.034706154558074964,0.7622499871458687,0,6.272816083089105
42057,"Fulton County, Pennsylvania",14529,2913,3382,5126,2800,308,21.391699359900887,43.32713882579668,94.9962144676165,1.2664326519375042,0.048179503062839836,0.3647876660472159,0,1.3146121550003442
42059,"Greene County, Pennsylvania",36248,7080,9870,12357,6212,729,19.148642683734273,46.76120061796513,92.1926726991834,2.965680865151181,0,0.36415802251158685,0,1.5862944162436547
42061,"Huntingdon County, Pennsylvania",44458,8039,12363,14954,7951,1151,20.47325565702461,45.89050339646408,89.80385982275406,5.013720815151379,0.15970129110621262,0.3778847451527284,0.002249313959242431,2.067119528543794
42063,"Indiana County, Pennsylvania",83620,15225,26471,25670,13925,2329,19.43793350872997,49.86366897871323,92.90002391772303,2.1406362114326716,0.05381487682372638,0.9866060751016503,0.004783544606553456,1.4075580004783546
42065,"Jefferson County, Pennsylvania",44491,9587,10743,14865,8149,1147,20.894113416196536,45.694634869973704,96.49367287766066,0.4270526623362028,0.047200557416106625,0.2652221797666944,0,0.9867164145557529
42067,"Juniata County, Pennsylvania",23607,5349,5803,7697,4156,602,20.155038759689923,47.24022535688567,93.34519422205278,1.1564366501461432,0,0.5040877705765239,0,4.028466132926674
42069,"Lackawanna County, Pennsylvania",215529,44588,58152,70244,36237,6308,19.73980299634852,47.668759192498456,83.08626681328266,2.6015060618292667,0.03990182295653949,2.8794268984684197,0.06124465849143271,8.556157176064474
42071,"Lancaster County, Pennsylvania",550480,130241,152852,168468,84576,14343,17.969590175846534,51.426573172504,80.74534951315216,3.314198517657317,0.044688272053480596,2.3335997674756577,0.01780264496439471,11.05562418253161
42073,"Lawrence County, Pennsylvania",86311,17354,21343,28754,16531,2329,21.851212475814208,44.83437800512102,90.84705309867803,3.5719664932627357,0.022013416598116117,0.2433061834528623,0,1.6440546396171982
42075,"Lebanon County, Pennsylvania",142486,32678,36849,45561,23412,3986,19.22855578793706,48.7956711536572,80.47948570385863,1.9145740634167567,0.018949230099799277,1.458388894347515,0.011229173392473646,14.081383434161953
42077,"Lehigh County, Pennsylvania",372492,85315,106716,118794,52726,8941,16.55525487795711,51.55305348839707,61.89394671563416,5.767640647315916,0.06469937609398323,3.3007420293590197,0.027383138429818626,26.34741148803196
42079,"Luzerne County, Pennsylvania",324825,65328,88205,107628,54966,8698,19.599476641268375,47.266374201493115,78.72115754637112,3.910721157546371,0.07450165473716616,1.1338412991610867,0.022165781574694066,13.976448857076887
42081,"Lycoming County, Pennsylvania",114274,23670,31526,36973,19261,2844,19.343857745418905,48.30145089871712,89.18826679734673,4.784990461522306,0.11988728844706582,0.8182088664088069,0.050755202408246845,2.1745978962843693
42083,"McKean County, Pennsylvania",40652,8159,10484,14191,6832,986,19.231526124175932,45.85998228869428,92.6498081275214,2.2483518646069074,0.05165797500737971,0.38374495719767787,0.04181836072025977,2.300009839614287
42085,"Mercer County, Pennsylvania",111216,21684,27821,37597,20202,3912,21.682132067328443,44.51248021867357,89.2506473888649,5.85617177384549,0.0899151201266005,0.5754567688102431,0.016184721622788088,1.5896993238382966
42087,"Mifflin County, Pennsylvania",46156,10427,10642,15279,8606,1202,21.24967501516596,45.64736978940983,95.16855880058931,0.6629690614437993,0.192824334864373,0.385648669728746,0,1.6985873992547014
42089,"Monroe County, Pennsylvania",168128,33161,45191,60324,26679,2773,17.517605633802816,46.602588503996955,63.46593071945185,13.066830034259612,0.13739531785306433,2.4528930338789494,0,17.246978492577085
42091,"Montgomery County, Pennsylvania",850890,184720,226848,289066,127444,22812,17.658686786776197,48.369119392635945,74.18561741235648,8.993759475372844,0.027970713018133954,7.713100400756854,0.02632537695824372,5.528094113222625
42093,"Montour County, Pennsylvania",18198,3754,4791,5879,3185,589,20.73854269699967,46.95570941861743,90.53742169469173,2.000219804374107,0.09341685899549401,3.533355313770744,0,2.747554676338059
42095,"Northampton County, Pennsylvania",311359,62350,86117,103869,49968,9055,18.956574243879253,47.68354214909478,74.69865974646629,5.330181558907884,0.02890553990730957,2.8443051268792616,0.041752446532780485,14.301818800805501
42097,"Northumberland County, Pennsylvania",91853,18233,23113,31100,16930,2477,21.12832460561985,45.01322765723493,91.24579491143457,2.3113017538893668,0.016330441030777437,0.32878621275298575,0.03157218599283638,4.006401532884065
42099,"Perry County, Pennsylvania",45879,9871,11353,16096,7828,731,18.65559406264304,46.26081649556442,94.29150591774014,0.8914754026896837,0.15475489875542187,0.364000959044443,0,2.2646526733363848
42101,"Philadelphia County, Pennsylvania",1596865,348548,568654,460478,192165,27020,13.725956796598334,57.4376669286383,33.76503336224415,39.647809927576844,0.17885043507121767,7.360484449217686,0.020039264433749877,15.403180607001845
42103,"Pike County, Pennsylvania",58345,10377,12932,22078,11522,1436,22.20927243122804,39.95029565515468,78.65798268917645,5.333790384780187,0.04970434484531665,1.4585654297711885,0.01199760047990402,11.625674865026994
42105,"Potter County, Pennsylvania",16478,3416,3553,5555,3485,469,23.995630537686612,42.29275397499696,95.788323825707,0.4369462313387547,0.1456487437795849,0.4369462313387547,0,1.4928996237407453
42107,"Schuylkill County, Pennsylvania",143308,28655,36218,49504,24831,4100,20.187986713930833,45.26823345521534,89.59583554302621,2.699081698160605,0.0474502470204036,0.42844781868423254,0.007675775253300584,5.414212744578111
42109,"Snyder County, Pennsylvania",39877,8361,11430,12575,6581,930,18.835418913157962,49.63011259623342,94.73380645484866,0.8626526569200291,0.027584823331745115,0.5567118890588559,0,2.2719863580510067
42111,"Somerset County, Pennsylvania",74331,13534,18128,26177,14000,2492,22.187243545761525,42.59595592686766,93.5975568739826,2.3193553160861553,0.021525339360428355,0.3914921096177907,0.0242160067804819,1.5901844452516447
42113,"Sullivan County, Pennsylvania",5935,626,1303,2351,1489,166,27.885425442291492,32.502106149957875,92.75484414490312,3.403538331929233,0.08424599831508003,0.13479359730412804,0.2021903959561921,2.0724515585509686
42115,"Susquehanna County, Pennsylvania",38892,7368,8491,13910,8003,1120,23.45726627584079,40.77702355240152,95.7034865782166,0.5888100380540985,0.010284891494394734,0.3959683225341973,0,1.8307106860022626
42117,"Tioga County, Pennsylvania",41089,8236,10188,13617,7980,1068,22.020492102509188,44.83925138114824,95.91374820511572,0.8031346589111441,0.03650612085959746,0.49648324369052543,0.004867482781279661,1.3288227992893475
42119,"Union County, Pennsylvania",43094,7744,14035,13493,6398,1424,18.151018703299762,50.53835800807537,84.20429758202998,6.6041676335452735,0.2645379867266905,1.7055738617905045,0.016243560588480994,6.063489116814406
42121,"Venango County, Pennsylvania",50810,9822,11499,17917,10286,1286,22.775044282621533,41.96221216296005,94.84747097028144,1.0923046644361347,0.00787246604999016,0.4251131666994686,0,1.108049596536115
42123,"Warren County, Pennsylvania",38791,7616,8629,13626,7820,1100,22.99502461911268,41.87827073290196,95.29530045629141,0.6161222964089609,0.12374004279343147,0.37895388105488387,0.038668763372947335,1.170374571421206
42125,"Washington County, Pennsylvania",209090,41254,53151,71784,37504,5397,20.5179587737338,45.15041369745086,91.09474389019083,3.305275240327132,0.0033478406427854034,1.016787029508824,0.0286957769381606,1.8197905208283514
42127,"Wayne County, Pennsylvania",51244,8527,12198,18227,10880,1412,23.987198501287956,40.44375926937788,89.20654125361018,3.038404496136133,0.056591991257513075,0.6186090078838499,0.03902895948794005,4.843493872453361
42129,"Westmoreland County, Pennsylvania",355107,65600,83872,125024,69074,11537,22.700481826604374,42.09210181719876,92.94522496036406,2.253968522163742,0.029005342051832264,1.0027963402580067,0.00929297366709189,1.3066484186456477
42131,"Wyoming County, Pennsylvania",26389,5139,6556,9078,5039,577,21.281594603812195,44.317708135965745,94.56970707491757,0.901890939406571,0.03410511955739134,0.38652468831710185,0,2.0690439198150745
42133,"York County, Pennsylvania",454605,100869,121532,152806,69610,9788,17.465272049361534,48.9218112427272,81.68717897955368,5.3824748957886515,0.05433288239240659,1.4201339624509188,0.035855302955312855,8.229341956203736
44001,"Bristol County, Rhode Island",50672,9504,13398,17765,8407,1598,19.744632143984845,45.19655825702558,90.63190716766655,1.0479160088411745,0.05920429428481212,2.407641300915693,0,3.2897852857593937
44003,"Kent County, Rhode Island",169345,31864,44866,60681,27562,4372,18.85736218961292,45.30987038294606,86.61253653783696,1.775074551950161,0.13699843514718474,3.020461188697629,0.011219699430157371,5.817709409784759
44005,"Newport County, Rhode Island",85525,14257,23843,28188,17097,2140,22.49283835135925,44.54837766734873,84.54486992107572,3.817597193802982,0.3893598363051739,1.385559777842736,0,5.994738380590471
44007,"Providence County, Rhode Island",656672,135790,213600,207138,86425,13719,15.250231470201257,53.20616685346718,59.15693070513133,7.78699259295356,0.23680010720725111,4.130220262170459,0.0779689098971785,23.987013303445252
44009,"Washington County, Rhode Island",129735,21248,37745,43476,24342,2924,21.016687863722204,45.47192353643967,90.43588854202798,0.9758353566886345,0.6305160519520561,1.935483870967742,0.006166416156010329,3.477087909970324
45001,"Abbeville County, South Carolina",24374,4952,5938,8188,4632,664,21.728070895216213,44.67875605153032,68.30228932469025,26.872897349634858,0.1518010995322885,0.2584721424468696,0,1.7026339542135063
45003,"Aiken County, South Carolina",168045,36518,45249,53582,28875,3821,19.45669314766878,48.65779999404921,65.24026302478502,24.55532744205421,0.08747656877622066,1.030081228242435,0,6.018625963283644
45005,"Allendale County, South Carolina",8304,1626,2194,2821,1552,111,20.026493256262043,46.0019267822736,22.133911368015415,73.21772639691714,0.20472061657032756,0.12042389210019268,0.10838150289017341,3.600674373795761
45007,"Anderson County, South Carolina",202223,46342,53216,66561,32767,3337,17.853557706096733,49.23178866894468,76.6243206756897,15.292523600183955,0.1419225310671882,0.9850511563966512,0.0351097550723706,4.0465228979888535
45009,"Bamberg County, South Carolina",13525,2706,3858,4032,2599,330,21.65619223659889,48.53234750462107,36.22181146025878,60.081330868761555,0.04436229205175601,0.2513863216266174,0,2.2698706099815156
45011,"Barnwell County, South Carolina",20801,4963,5123,6884,3362,469,18.41738377962598,48.48805345896832,50.34373347435219,45.88240949954329,0.0721119176962646,0.03845968943800779,0,2.658526032402288
45013,"Beaufort County, South Carolina",186007,34474,45775,54881,46538,4339,27.352196422715274,43.14299999462386,67.8221787352089,16.724101781115763,0.1096732918653599,1.1349035251361508,0.06343847274564936,11.20441703806846
45015,"Berkeley County, South Carolina",224806,53823,69349,70178,29039,2417,13.992509096732293,54.79035257066093,62.51123190662171,23.27428983212192,0.3238347730932448,2.3055434463492968,0.08184834924334759,7.077213241639458
45017,"Calhoun County, South Carolina",14198,2721,3206,5017,3004,250,22.9187209466122,41.74531624172419,54.25412029863361,39.71686152979293,0.22538385688125087,0.09156219185800817,0.7395407803916044,3.9653472320045076
45019,"Charleston County, South Carolina",404946,79676,131588,126755,59206,7721,16.527388837030124,52.170906738182374,64.90692586171983,25.24558830066231,0.12248546719809555,1.647874037525991,0.0572915894958834,5.307621263081991
45021,"Cherokee County, South Carolina",56204,12961,15611,18346,8573,713,16.521955732688063,50.83623941356487,71.54117144687211,19.717457832182763,0.09963703650985695,0.2188456337627215,0.016013095153369867,4.73987616539748
45023,"Chester County, South Carolina",32273,7301,8176,10871,5336,589,18.358999783100426,47.95649614228612,58.04232640287547,36.99377188361788,0.3656307129798903,0.49577045827781735,0,2.2371641929786508
45025,"Chesterfield County, South Carolina",43655,9696,10797,15065,7365,732,18.54770358492727,46.94307639445653,59.770931164815025,31.043408544267553,0.045813767036994614,0.5016607490550911,0,4.6340625357920056
45027,"Clarendon County, South Carolina",31613,6086,7699,10361,6685,782,23.620029734602852,43.60547875873849,47.882200360611144,46.15506279062411,0.09489766868060608,0.7939771612944042,0,3.2739695694809097
45029,"Colleton County, South Carolina",38520,8678,9781,12445,7003,613,19.771547248182763,47.92056074766355,55.9527518172378,35.92159916926272,0.7217030114226376,0.49065420560747663,0,3.629283489096573
45031,"Darlington County, South Carolina",63433,14199,16391,20758,10862,1223,19.051597748805825,48.22411047877288,54.0885658884177,41.31130484132865,0.2348935096873867,0.34366969873725034,0.014188198571721343,2.263805905443539
45033,"Dillon County, South Carolina",28527,7251,7737,8848,4302,389,16.444070529673642,52.53969923230623,45.118659515546675,47.351631787429454,2.415255722648719,0.06309811757282574,0,2.9410733690889335
45035,"Dorchester County, South Carolina",160180,39223,45100,53358,20424,2075,14.046073167686354,52.642652016481456,62.96853539767761,24.498688974903235,0.23910600574353852,1.9440629292046447,0.6168060931452116,5.875265326507679
45037,"Edgefield County, South Carolina",25938,4636,7516,8838,4512,436,19.07625877091526,46.85018120132624,56.91649317603516,34.050427943557715,0.2081887578070784,0.16192458940550544,0.10023903153674146,6.2649394710463415
45039,"Fairfield County, South Carolina",21186,3990,4575,8011,3900,710,21.759652600774096,40.42764089493061,38.25639573303125,56.83470216180496,0.3964882469555367,0.05664117813650524,0,2.4072500708014726
45041,"Florence County, South Carolina",137276,32708,37038,44207,21365,1958,16.98985984440106,50.807133074973045,50.5681983740785,42.74818613595967,0.20324018765115534,1.4299659080975553,0.02476762143419097,2.8694017890964187
45043,"Georgetown County, South Carolina",62992,11349,13300,20684,16610,1049,28.033718567437134,39.13036576073152,64.87014224028448,30.4498983997968,0.13811277622555246,0.5699136398272796,0,3.2004064008128017
45045,"Greenville County, South Carolina",519178,120242,150367,166605,73962,8002,15.787263713023279,52.122586088008354,67.28193413434313,16.930802152633586,0.1415699432564554,2.4931718986551816,0.2193852590055819,9.657959312605696
45047,"Greenwood County, South Carolina",69338,15810,18801,21906,11198,1623,18.49058236464853,49.91635178401454,58.912861634313074,31.835357235570683,0.11970348149643774,0.7730248925553088,0,6.361591046756469
45049,"Hampton County, South Carolina",19227,4167,5271,6174,3076,539,18.801685130285534,49.087221095334684,40.469131949862174,52.72793467519634,0,0.676132521974307,0,4.311645082436158
45051,"Horry County, South Carolina",344865,61734,81074,117519,78512,6026,24.513360300407406,41.40982703376684,76.9596798747336,12.604642396300001,0.25720209357284735,1.2604932364838415,0.025517231380395227,6.205616690589071
45053,"Jasper County, South Carolina",28363,5632,7640,9395,5276,420,20.082501851003066,46.79335754327821,44.209004689207774,38.962733138243486,0.10224588372175017,0.5535380601487854,0,13.792617142051263
45055,"Kershaw County, South Carolina",64989,15117,16315,21589,10877,1091,18.415424148702087,48.36510794134392,67.97150286971642,23.196233208696857,0.04154549231408392,0.5000846297065658,0.16772069119389435,4.930065087937959
45057,"Lancaster County, South Carolina",94653,20508,24171,30149,17481,2344,20.944925147644554,47.20294126969034,69.73365873242264,19.915903352244513,0.1151574699164316,1.6269954465257308,0.11304448881704753,5.94487232311707
45059,"Laurens County, South Carolina",67148,14853,18048,21989,11074,1184,18.255197474236017,48.997736343599215,67.1859176743909,22.856972657413476,0.09233335318996842,0.5391076428188479,0.05808065765175433,5.365759218442843
45061,"Lee County, South Carolina",16730,3226,4713,5646,2921,224,18.798565451285118,47.45367603108189,32.4566646742379,62.4566646742379,0.011954572624028692,0.1315002988643156,0,2.55827854154214
45063,"Lexington County, South Carolina",291723,67785,81133,96281,41622,4902,15.948005470943327,51.047740493550386,73.38708295197841,14.856559133150283,0.20601735207714167,1.9611069404880657,0.07198609639966681,6.31112390863936
45065,"McCormick County, South Carolina",9584,1116,1928,3208,3084,248,34.76627712854758,31.76126878130217,51.9720367278798,44.42821368948247,0,0.12520868113522537,0,0.8034223706176962
45067,"Marion County, South Carolina",29585,6759,7576,9360,5441,449,19.90873753591347,48.45360824742268,38.16123035321954,56.596248098698666,0.6895386175426736,0.29068784857191143,0,2.9778604022308603
45069,"Marlboro County, South Carolina",26912,5448,7695,8994,4417,358,17.743014268727705,48.83695005945303,38.696492271105825,49.82164090368609,2.987514863258026,0.28240190249702735,0,3.321938168846611
45071,"Newberry County, South Carolina",37842,8261,9440,12675,6845,621,19.72940119444004,46.77606891813329,59.91226679350986,30.569208815601712,0.17705195285661435,0.2457586808308229,0,7.969980445008192
45073,"Oconee County, South Carolina",77932,15528,18322,26046,16334,1702,23.14325309243956,43.43530257147257,84.02710054919673,7.007391058871837,0.1154852948724529,0.8545911820561515,0.016681209259354308,5.717805266129446
45075,"Orangeburg County, South Carolina",84909,18770,22958,26339,15133,1709,19.835353142776384,49.14437809890589,33.15785134673592,61.597710490054055,0.42987198059098564,0.7678809077954045,0.14486096880189378,2.363707027523584
45077,"Pickens County, South Carolina",129617,24625,45892,37553,19627,1920,16.623591041298596,54.40412908800543,85.15858259333267,6.280040426795868,0.12266909433176204,1.7690580710863544,0.017744585972519038,4.011819437265173
45079,"Richland County, South Carolina",414719,89782,151426,120099,48823,4589,12.879081980811103,58.16179147808516,41.12302547025818,46.900672503550595,0.14130049503398687,2.9323469626421748,0.11549989269842954,5.428977211075451
45081,"Saluda County, South Carolina",19008,4163,4740,6352,3317,436,19.744318181818183,46.8381734006734,58.34385521885522,24.494949494949495,0.07365319865319865,0.021043771043771045,0,15.646043771043772
45083,"Spartanburg County, South Carolina",322864,75452,93084,102630,45644,6054,16.01231478269488,52.2003072501115,67.20817433966005,20.191164081470838,0.1173868873581446,2.2346870508944945,0.030972793498191188,7.319490559492542
45085,"Sumter County, South Carolina",105537,25490,31717,30995,15158,2177,16.425519012289527,54.20563404303704,44.472554649080415,46.017036679079375,0.15918587793854289,1.2545363237537546,0.060642239214683,4.205160275543174
45087,"Union County, South Carolina",27306,5859,6574,9420,4884,569,19.96996996996997,45.532117483337,64.07749212627262,29.74804072365048,0.1062037647403501,0.11352816230865011,0,1.7505310188237018
45089,"Williamsburg County, South Carolina",31279,6513,7861,10292,5942,671,21.141980242335112,45.95415454458263,31.516352824578792,64.13568208702324,0.4028261773074587,0.6394066306467598,0,2.2954698040218675
45091,"York County, South Carolina",276569,67084,75147,94586,36289,3463,14.373266707403939,51.42694951350296,69.1353694738022,18.790970788483165,0.5904493996073312,2.5689791697551065,0.01627080403082052,6.031044694090806
46003,"Aurora County, South Dakota",2649,740,634,830,360,85,16.798791996979993,51.868629671574176,89.88297470743677,1.0570026425066064,2.491506228765572,0.11325028312570781,0,6.002265005662514
46005,"Beadle County, South Dakota",18959,5247,4983,5358,2762,609,17.780473653673717,53.958542117200274,74.36046204968616,0.9335935439632892,1.0865551980589694,7.69027902315523,1.3819294266575242,11.361358721451554
46007,"Bennett County, South Dakota",3411,1390,811,806,357,47,11.844034007622398,64.5265318088537,32.30724127821753,0.1465845793022574,53.03430079155673,0.9967751392553503,0,8.795074758135444
46009,"Bon Homme County, South Dakota",7020,1361,2047,2216,1128,268,19.886039886039885,48.547008547008545,85.72649572649573,1.5811965811965811,6.467236467236467,0.15669515669515668,0,2.8774928774928776
46011,"Brookings County, South Dakota",34315,7195,15408,7541,3728,443,12.155034241585312,65.86915343144398,88.8853271164214,1.1948127640973336,0.6440332216231969,3.0890281218126185,0,3.6776919714410607
46013,"Brown County, South Dakota",38471,9079,11781,10963,5647,1001,17.280548984949704,54.22266122533857,85.47737256634868,2.3342257804580075,3.2933898261027785,3.373970003379169,0.1585609939954771,3.5949156507499156
46015,"Brule County, South Dakota",5247,1417,1267,1609,773,181,18.181818181818183,51.15303983228512,82.38993710691824,1.162569087097389,13.20754716981132,0.4192872117400419,0,1.2959786544692204
46017,"Buffalo County, South Dakota",1974,756,527,543,141,7,7.497467071935157,64.99493414387031,13.98176291793313,0,77.45694022289767,0,0,7.750759878419453
46019,"Butte County, South Dakota",10167,2458,2612,3136,1772,189,19.28789220025573,49.867217468279726,89.33805449001672,0.4229369528867906,1.6917478115471625,0.22622209107898103,0.24589357725976196,4.180190813415954
46021,"Campbell County, South Dakota",1548,391,308,480,318,51,23.837209302325583,45.15503875968992,94.63824289405684,0,0.12919896640826872,0.06459948320413436,0,4.263565891472868
46023,"Charles Mix County, South Dakota",9346,2837,2195,2643,1386,285,17.879306655253583,53.84121549325915,60.549967900706186,0.11769741065696554,29.79884442542264,0.4600898780226835,0.04279905842071474,3.9910121977316497
46025,"Clark County, South Dakota",3791,1111,766,1099,647,168,21.498285412819836,49.51200211026114,93.14165127934582,0.4220522289633342,0.07913479293062517,0.3956739646531258,0,3.7193352677393827
46027,"Clay County, South Dakota",14816,2758,7117,3212,1466,263,11.669816414686824,66.65091792656588,85.920626349892,1.6063714902807775,3.1587473002159827,2.936015118790497,0.03374730021598272,3.2059935205183585
46029,"Codington County, South Dakota",28289,6765,7721,8868,4182,753,17.444943264166284,51.20718300399449,90.92580154830499,0.8695959560253101,2.1068259747605076,0.6398246668316306,0,3.241542649086217
46031,"Corson County, South Dakota",3965,1483,1055,982,403,42,11.223203026481714,64.01008827238336,26.960907944514503,0.07566204287515763,70.84489281210593,0,0,0.45397225725094575
46033,"Custer County, South Dakota",8360,1351,1304,3162,2398,145,30.41866028708134,31.758373205741627,88.43301435406698,0.8373205741626795,2.8588516746411483,0.31100478468899523,0,4.126794258373206
46035,"Davison County, South Dakota",19944,4681,5563,5988,3241,471,18.612113918973126,51.36381869233855,89.65102286401925,0.7521058965102286,1.8953068592057762,0.9376253509827517,0,3.615122342559166
46037,"Day County, South Dakota",5487,1258,1129,1694,1180,226,25.6242026608347,43.50282485875706,85.16493530162201,0,10.625113905595043,0.07289958082741024,0,2.4603608529250955
46039,"Deuel County, South Dakota",4283,1029,933,1410,799,112,21.27013775391081,45.80901237450385,95.7739901937894,0.023348120476301658,0.1634368433341116,0,0,3.6189586738267567
46041,"Dewey County, South Dakota",5343,1978,1480,1382,477,26,9.41418678644956,64.72019464720195,18.26689125959199,0.20587684821261465,75.44450683136814,0.14972861688190156,0.2807411566535654,4.2485495040239565
46043,"Douglas County, South Dakota",2838,746,614,832,516,130,22.76250880902044,47.92107117688513,93.69274136715997,1.4799154334038056,0.916138125440451,0,0,1.3742071881606766
46045,"Edmunds County, South Dakota",4005,976,962,1249,699,119,20.424469413233457,48.38951310861423,94.78152309612983,0.2746566791510612,1.223470661672909,0.09987515605493133,0,2.1223470661672907
46047,"Fall River County, South Dakota",6979,1203,1269,2421,1892,194,29.889669007021062,35.42054735635478,83.9518555667001,0,8.353632325548073,1.0030090270812437,0,1.590485742943115
46049,"Faulk County, South Dakota",2157,557,398,661,345,196,25.081131200741773,44.274455261937874,96.24478442280946,0,0.602688919796013,0,0,0.9272137227630969
46051,"Grant County, South Dakota",7550,1677,1804,2494,1393,182,20.86092715231788,46.10596026490066,92.18543046357615,0.2913907284768212,0.5165562913907285,0.9668874172185431,0,4.8344370860927155
46053,"Gregory County, South Dakota",4004,969,834,1215,855,131,24.625374625374626,45.02997002997003,86.86313686313686,1.2487512487512487,7.067932067932068,0,0.24975024975024976,1.6483516483516483
46055,"Haakon County, South Dakota",1868,483,298,624,325,138,24.785867237687366,41.809421841541756,94.11134903640257,0.05353319057815846,3.6937901498929335,0,0,0.05353319057815846
46057,"Hamlin County, South Dakota",6127,2013,1490,1708,781,135,14.950220336216745,57.17316794516076,92.36167781948751,0.24481801860616942,0.11424840868287905,0.3590664272890485,0,5.092214787008324
46059,"Hand County, South Dakota",3061,677,665,945,639,135,25.285854295981704,43.84188173799412,92.91081345965371,0.1960143743874551,0.03266906239790918,0.29402156158118264,0,4.4429924861156485
46061,"Hanson County, South Dakota",3429,1039,822,1031,501,36,15.660542432195976,54.27238261883931,96.52960046660834,0,0,0,0,0.029163021289005542
46063,"Harding County, South Dakota",1179,238,360,370,206,5,17.89652247667515,50.72094995759118,89.05852417302799,0,4.495335029686175,0,0,1.3570822731128074
46065,"Hughes County, South Dakota",17829,4394,4902,5590,2641,302,16.506814740030286,52.139772281115036,80.6719389758259,0.07291491390431319,11.094284592517807,0.016826518593303044,0,3.393347916316114
46067,"Hutchinson County, South Dakota",7412,1985,1536,2233,1228,430,22.36913113869401,47.504047490555855,91.40582838640043,0,0.5801403130059363,0.5261737722611981,0,2.5903939557474365
46069,"Hyde County, South Dakota",1381,299,303,454,262,63,23.533671252715422,43.591600289645186,91.60028964518465,1.7378711078928313,1.3034033309196236,0,0,3.4757422157856626
46071,"Jackson County, South Dakota",2868,872,832,783,330,51,13.284518828451883,59.41422594142259,35.2510460251046,0.3486750348675035,61.08786610878661,0.38354253835425384,0,0.45327754532775455
46073,"Jerauld County, South Dakota",1811,381,314,543,494,79,31.639977912755384,38.37658752070679,88.3489784649365,0,1.601325234676974,0,0,7.012700165654334
46075,"Jones County, South Dakota",916,228,147,313,202,26,24.890829694323145,40.93886462882096,80.67685589519651,1.3100436681222707,16.266375545851528,0,0,0
46077,"Kingsbury County, South Dakota",5131,1228,1158,1602,937,206,22.276359384135645,46.50165659715455,94.38705905281621,0,1.2862989670629508,0.11693626973299552,0,2.650555447281232
46079,"Lake County, South Dakota",11358,2283,2979,3551,2241,304,22.40711392850854,46.32857897517169,92.55150554675119,0.2993484768445149,2.2451135763338614,0.07923930269413629,0.035217467864060575,2.6941362916006337
46081,"Lawrence County, South Dakota",25687,4454,7657,7831,5192,553,22.365398839880093,47.148362985167594,90.01051115350177,0.9382177755284774,2.098337680538794,0.6306692101062794,0.05839529723206291,3.523182933001129
46083,"Lincoln County, South Dakota",63233,17574,18856,18592,7475,736,12.985308304208246,57.61232267961349,91.57401989467525,1.9420239431942181,0.18028561036167823,1.4391219774484842,0.004744358167412585,2.4939509433365488
46085,"Lyman County, South Dakota",3746,1115,990,1049,511,81,15.80352375867592,56.19327282434597,53.87079551521623,0,43.48638547784303,0.2936465563267485,0.13347570742124934,1.0945008008542445
46087,"McCook County, South Dakota",5676,1585,1285,1769,853,184,18.269908386187456,50.563777307963356,93.02325581395348,0.24665257223396758,0.3347427766032417,0,0,4.140239605355885
46089,"McPherson County, South Dakota",2245,450,457,658,546,134,30.289532293986635,40.40089086859688,95.94654788418708,1.3363028953229399,0.40089086859688194,0.267260579064588,0.044543429844097995,0.44543429844098
46091,"Marshall County, South Dakota",4373,1040,1076,1289,845,123,22.13583352389664,48.3878344386005,81.9117310770638,0.1143379830779785,7.066087354219071,0,0,8.5067459410016
46093,"Meade County, South Dakota",29561,6706,9347,8961,4131,416,15.381752985352323,54.30465816447346,86.63779980379555,1.627143871993505,2.625080342342952,0.991170799364027,0.0642738743614898,4.428131659957376
46095,"Mellette County, South Dakota",1916,572,522,534,268,20,15.031315240083508,57.09812108559499,35.020876826722336,0.20876826722338204,62.734864300626306,0,0.2609603340292276,0.2609603340292276
46097,"Miner County, South Dakota",2293,524,463,798,426,82,22.154382904491932,43.04404709986917,93.19668556476232,0.08722197993894461,0.6977758395115569,0.8722197993894462,0,2.3549934583515046
46099,"Minnehaha County, South Dakota",194884,49621,61742,57950,22398,3173,13.121138728679625,57.1432236612549,80.8275692206646,6.065659571847869,1.8718827610270725,2.0088873381088237,0.0533650787134911,5.387307321278299
46101,"Moody County, South Dakota",6335,1674,1432,2040,1080,109,18.768745067087607,49.02920284135754,75.28018942383584,0.8681925808997633,11.365430149960536,2.0363062352012626,0,4.593528018942384
46102,"Oglala Lakota County, South Dakota",13835,5130,4425,3305,876,99,7.0473436935309,69.06396819660281,4.315142753885074,0,91.47090711962414,0,0,3.903144199494037
46103,"Pennington County, South Dakota",108707,25221,30685,32970,17656,2175,18.242615470944834,51.42815090104593,78.24427129807648,1.1894358229000892,7.694076738388512,1.2271518853431702,0.10762876355708464,5.599455416854481
46105,"Perkins County, South Dakota",2977,673,644,901,581,178,25.4954652334565,44.23916694659053,93.92005374538125,0,2.82163251595566,0.8733624454148472,0,0.5374538125629829
46107,"Potter County, South Dakota",2613,588,547,751,606,121,27.822426329889016,43.436662839647916,91.12131649445082,0.15308075009567546,2.8702640642939152,2.257941063911213,0,0.9950248756218906
46109,"Roberts County, South Dakota",10254,2857,2566,2789,1805,237,19.914179832260583,52.88667836941681,54.51531109810806,0.4681100058513751,37.28301150770431,0.14628437682855472,0,3.978935049736688
46111,"Sanborn County, South Dakota",2371,626,607,696,375,67,18.641923239139604,52.00337410375369,94.34837621256854,0,0.3795866722901729,0.3795866722901729,0,4.006748207507381
46115,"Spink County, South Dakota",6408,1531,1469,2063,1149,196,20.989388264669163,46.81647940074907,91.85393258426966,1.6541822721598003,0.7490636704119851,0,0,3.3551810237203497
46117,"Stanley County, South Dakota",2963,659,669,1014,544,77,20.958488018899764,44.81943975700304,86.8039149510631,0,3.374957813027337,0,1.2487343908201147,4.994937563280459
46119,"Sully County, South Dakota",1279,237,220,496,304,22,25.488663017982798,35.731039874902265,94.13604378420641,0.7036747458952306,1.1727912431587177,0,0,1.563721657544957
46121,"Todd County, South Dakota",9434,3903,2654,2200,607,70,7.176171295314819,69.50392198431206,6.995972016111936,0.0105999576001696,87.311850752597,2.883188467246131,0,2.0457918168327325
46123,"Tripp County, South Dakota",5615,1339,1400,1672,980,224,21.442564559216386,48.78005342831701,79.43009795191452,0.7123775601068566,15.97506678539626,0.5164737310774711,0,0.7123775601068566
46125,"Turner County, South Dakota",8621,2143,1948,2749,1508,273,20.65885628117388,47.45389165990024,94.93098248463055,0.5219812086764877,0.40598538452615707,0.4291845493562232,0.023199164830066118,2.3083169005915787
46127,"Union County, South Dakota",16424,4068,4195,5214,2577,370,17.94325377496347,50.31052118850463,90.37384315635656,0.41402825133950316,1.0350706283487578,1.4612761811982464,0,3.7688748173404774
46129,"Walworth County, South Dakota",5355,1231,1350,1543,1080,151,22.987861811391223,48.19794584500467,78.43137254901961,3.6788048552754433,11.61531279178338,0.18674136321195145,0,2.0354808590102706
46135,"Yankton County, South Dakota",23213,4957,6165,7687,3830,574,18.9721276870719,47.91280747856804,87.40791797699565,1.4000775427562142,3.248179899194417,0.2024727523370525,0,5.234136044457847
46137,"Ziebach County, South Dakota",2479,687,830,712,230,20,10.084711577248891,61.19402985074627,22.872125857200484,0,71.11738604275918,0,0.24203307785397338,5.324727712787414
47001,"Anderson County, Tennessee",76683,16395,19473,25511,13489,1815,19.957487317919227,46.774382848871326,88.12253041743281,3.1232476559341706,0.2803750505327126,1.3940508326486967,0.07433199014123078,3.2497424461745106
47003,"Bedford County, Tennessee",49754,12623,13385,16465,6500,781,14.633999276440084,52.27318406560276,75.84917795554126,6.572335892591551,0.1065240985649395,0.24922619286891506,0.034168107086867384,13.247176106443703
47005,"Benton County, Tennessee",15872,3109,3557,5517,3287,402,23.2421875,41.99848790322581,91.66456653225806,2.0854334677419355,0.16381048387096775,0.8694556451612904,0,2.4067540322580645
47007,"Bledsoe County, Tennessee",14863,2235,4254,5683,2441,250,18.105362309089685,43.65874991589854,87.31077171499697,7.50185023212003,0.32967772320527483,0.19511538720312185,0,2.785440355244567
47009,"Blount County, Tennessee",134042,27101,34274,45461,24546,2660,20.296623446382476,45.78788737858283,90.23440414198535,2.3985019620715895,0.04625415914414885,0.7520031035048717,0.0984765968875427,3.6630309902866265
47011,"Bradley County, Tennessee",107845,23716,30483,35504,15979,2163,16.82229125133293,50.25638648059715,84.39148778339283,4.631647271547128,0.2160508136677639,1.1173443367796374,0.019472390931429367,6.6521396448606795
47013,"Campbell County, Tennessee",39388,8150,9915,13251,7441,631,20.493551335432112,45.864222605869806,96.02924748654412,0.2818117193053722,0.06854879658779324,0.43922006702549,0,1.5766223215192445
47015,"Cannon County, Tennessee",14309,3095,3977,4734,2206,297,17.492487245789363,49.423439793137184,93.35383325179957,2.3970927388356977,0.12579495422461387,0,0.013977217136068209,2.5648193444685163
47017,"Carroll County, Tennessee",28370,6188,7095,9502,4910,675,19.686288332745857,46.82058512513218,84.22277053225238,8.53013746915756,0.10574550581600282,0.5181529784984138,0.10574550581600282,3.038420867113148
47019,"Carter County, Tennessee",56314,10325,14301,19446,10985,1257,21.738821607415563,43.72980076002415,94.20392797528146,1.8609937138189439,0.09411514010725575,0.3001029939269098,0.02841211776822815,2.0794118691621977
47021,"Cheatham County, Tennessee",40878,8960,11195,14586,5689,448,15.012965409266599,49.305249767601154,91.00983414061353,1.4751210920299427,0.33514359802338667,0.5993443906257645,0.03180194725769363,3.613190469201037
47023,"Chester County, Tennessee",17278,3814,5174,5298,2613,379,17.316819076281977,52.01990971177219,84.61627503183239,10.278967473087162,0,0.42829031137863177,0,2.818613265424239
47025,"Claiborne County, Tennessee",31958,6106,8920,10718,5641,573,19.444270605169283,47.017961073909504,94.87139370423681,0.8135678077476688,0.14706802678515551,0.838600663370674,0,1.436260091369923
47027,"Clay County, Tennessee",7568,1542,1667,2532,1701,126,24.141120507399577,42.40221987315011,94.31818181818181,1.9688160676532769,0.3699788583509514,0.5813953488372093,0,1.7045454545454546
47029,"Cocke County, Tennessee",35896,7432,8189,12614,6935,726,21.342210831290394,43.51738355248496,92.74570982839313,1.3483396478716292,0.6936706039670159,0.5181635836862046,0.10864720303097838,2.732895030086918
47031,"Coffee County, Tennessee",57227,13926,15364,18230,8734,973,16.96227305292956,51.1821343072326,87.37309312038025,3.7290090341971447,0.036695965191255876,1.2389256819333532,0.026211403708039913,4.908522201058941
47033,"Crockett County, Tennessee",14012,3381,3553,4448,2286,344,18.76962603482729,49.48615472452184,72.58778190122752,13.245789323437053,0.2711961176134742,0.33542677704824436,0.10705109905795032,11.197544961461604
47035,"Cumberland County, Tennessee",60568,10624,12095,19149,16998,1702,30.874389116365077,37.50990622110685,94.0083872672038,0.6108836349227315,0.40285299167877425,0.2542596750759477,0,3.1287148329150707
47037,"Davidson County, Tennessee",708490,147101,266112,207717,78522,9038,12.358678315854846,58.3230532541038,55.682225578342674,26.401501785487444,0.11489223559965561,3.513387627207159,0.04375502829962314,10.431763327640475
47039,"Decatur County, Tennessee",11460,2392,2489,3888,2458,233,23.48167539267016,42.59162303664922,91.57068062827226,2.5479930191972078,0,0.12216404886561955,0,3.4205933682373475
47041,"DeKalb County, Tennessee",19875,4326,5120,6725,3292,412,18.636477987421383,47.52704402515723,87.38616352201258,1.650314465408805,0.4679245283018868,0.4729559748427673,0,8.29182389937107
47043,"Dickson County, Tennessee",54000,12366,15339,17641,7833,821,16.025925925925925,51.30555555555556,88.95,3.509259259259259,0.2037037037037037,0.5055555555555555,0,3.890740740740741
47045,"Dyer County, Tennessee",36975,8889,9553,12154,5741,638,17.252197430696416,49.87694388100068,79.04259634888439,12.805949966193374,0.16768086544962812,0.5165652467883706,0.02434077079107505,3.6457065584854633
47047,"Fayette County, Tennessee",41584,7800,10183,14673,8267,661,21.46979607541362,43.244998076183144,67.07146979607542,27.099365140438632,0.21642939592150828,0.6901692958830319,0,3.0059638322431703
47049,"Fentress County, Tennessee",18385,3868,4396,6158,3494,469,21.555615991297252,44.94968724503671,95.89339135164536,0.2828392711449551,0,0.30459613815610553,0.16861571933641556,1.7405493608920315
47051,"Franklin County, Tennessee",42528,8512,12017,13612,7508,879,19.72112490594432,48.271726862302486,87.83624905944319,4.8673814898419865,0.018811136192626036,0.5243604213694507,0.056433408577878104,3.639954853273138
47053,"Gibson County, Tennessee",50278,12263,12901,16322,7809,983,17.486773539122478,50.04972353713354,76.12076852698993,16.27153029157882,0.25060662715302917,0.3361311110227137,0.03778988822148852,2.9257329249373485
47055,"Giles County, Tennessee",30197,6425,7523,10230,5401,618,19.932443620227176,46.19001887604729,83.01486902672451,10.027486174123258,0.1324634897506375,0.15564460045699904,0,3.159254230552704
47057,"Grainger County, Tennessee",23377,4720,5550,8297,4575,235,20.57577961243958,43.932069983316936,93.53638191384694,0.2994396201394533,0.19677460752021217,0.09410959490097104,0.5261581896736108,3.529109808786414
47059,"Greene County, Tennessee",69926,13621,17133,24086,13569,1517,21.574235620513114,43.980779681377456,92.46346137345193,1.71180962732031,0.1744701541629723,0.5634527929525498,0,3.1090009438549324
47061,"Grundy County, Tennessee",13471,2948,3288,4474,2597,164,20.49588003860144,46.29203474129612,88.67938534629945,0.31178086259371984,0.8685324029396482,0.5493281864746492,0,1.514364189740925
47063,"Hamblen County, Tennessee",64184,14979,16577,21012,10605,1011,18.09796834101957,49.16490090988408,80.87062196185965,3.3653246915119035,0.19319456562383147,0.9192322074037144,0.5593294278948024,12.041941916988657
47065,"Hamilton County, Tennessee",363790,76317,107300,116532,56104,7537,17.4938838340801,50.47335000962094,70.29797410594024,18.341900547018884,0.129745182660326,1.9824624096319305,0.03710932131174579,6.011710052502818
47067,"Hancock County, Tennessee",6695,1444,1609,2206,1232,204,21.448842419716208,45.60119492158327,96.72890216579538,0.35847647498132934,0,0.6870799103808812,0,1.8222554144884242
47069,"Hardeman County, Tennessee",25612,4932,7676,8360,4217,427,18.13212556614087,49.22692487896298,53.82242698734968,40.7387162267687,0.44900827736998283,0.7886928002498829,0.03513977822895518,1.9483054818054037
47071,"Hardin County, Tennessee",26722,5515,6316,8892,5566,433,22.449666941097224,44.27438066013023,91.43402439937131,3.7235236883466807,0.34054337250205824,0.37796572112865806,0,2.537235236883467
47073,"Hawkins County, Tennessee",56803,11211,13245,20379,11084,884,21.069309719557065,43.054064045913066,94.54958364875094,1.4418252557083253,0.061616463919159196,0.42075242504797283,0.10914916465679629,1.6495607626357762
47075,"Haywood County, Tennessee",17912,4034,4308,6206,2996,368,18.780705672175078,46.572130415364,43.4736489504243,50.312639571237156,0,0.16190263510495756,0,4.388119696292988
47077,"Henderson County, Tennessee",27800,6435,7295,9058,4622,390,18.028776978417266,49.388489208633096,86.68345323741008,8.129496402877697,0.15827338129496402,0.08633093525179857,0.06115107913669065,2.647482014388489
47079,"Henry County, Tennessee",32298,6605,7259,10985,6656,793,23.063347575701282,42.92525852993993,86.57502012508515,7.409127500154808,0.5077713790327575,0.582079385720478,0.0030961669453216916,2.7153384110471235
47081,"Hickman County, Tennessee",24848,5124,6522,8927,3924,351,17.20460399227302,46.86896329684482,89.80199613650998,4.282034771410174,0.5594011590470058,0.32195750160978753,0.044269156471345786,2.7084674822923374
47083,"Houston County, Tennessee",8238,1796,1895,2877,1542,128,20.271910657926682,44.8045642146152,91.30857004127215,3.848021364408837,0.5462490895848507,0.3277494537509104,0.25491624180626365,2.002913328477786
47085,"Humphreys County, Tennessee",18956,4155,4856,6167,3448,330,19.93036505591897,47.53640008440599,91.3589364844904,1.1131040303861575,0.39565309136948723,0.7596539354294155,0,2.6376872757965817
47087,"Jackson County, Tennessee",11626,2075,2838,4117,2428,168,22.32926199896783,42.258730431790816,94.04782384311027,0.43867194219852057,0.13762257010149664,0,0,2.270772406674695
47089,"Jefferson County, Tennessee",54358,10655,14043,18983,9814,863,19.64200301703521,45.43581441554141,91.12366165053902,1.7955038816733508,0.05518966849405791,0.5537363405570477,0.045991390411714926,3.793369881158247
47091,"Johnson County, Tennessee",17912,3030,4393,6399,3698,392,22.833854399285396,41.44149173738276,91.28517195176418,3.924743188923627,0.5582849486377848,0.22889682894149174,0,2.160562751228227
47093,"Knox County, Tennessee",475286,100473,152328,147558,66714,8213,15.764613306514393,53.18923763796956,81.43433637851736,8.389685368388717,0.10456861763233084,2.259902458730112,0.049023114503688306,4.5915511923347205
47095,"Lake County, Tennessee",7187,1028,2487,2570,1003,99,15.33324057325727,48.90775010435509,66.73159871991095,25.921803255878668,0.6539585362459998,0.23653819396131906,0.09739807986642549,2.657576179212467
47097,"Lauderdale County, Tennessee",25406,5729,7465,8244,3562,406,15.618357868220105,51.932614343068565,59.4898842793041,34.074628040620325,0.507754073840825,0.28339762260883256,0,2.668660946233173
47099,"Lawrence County, Tennessee",43967,11056,11483,13804,6863,761,17.340277935724522,51.26344758568926,92.59444583437578,1.6148474992608093,0.04321422885345828,0.4298678554370323,0.11144722177997134,2.4677599108422226
47101,"Lewis County, Tennessee",12485,2723,3118,4106,2358,180,20.328394072887466,46.784140969163,92.37484981978373,1.169403283940729,0,0.9771726071285542,0,2.5310372446936324
47103,"Lincoln County, Tennessee",35042,7716,8333,12344,5959,690,18.974373608812282,45.79932652245876,85.69145596712517,6.523600251127219,0.20832144284002055,0.633525483705268,0,3.784030591861195
47105,"Loudon County, Tennessee",54349,10612,11933,17478,12886,1440,26.359270639754182,41.481903990873796,86.63268873392335,1.177574564389409,0.07727833078805497,0.8482216784117463,0,9.354357945868369
47107,"McMinn County, Tennessee",53065,11290,13633,17851,9314,977,19.39319702251955,46.96692735324602,87.84132667483276,3.655893715254876,0.23367568076886838,0.8385941769527937,0,4.409686233864129
47109,"McNairy County, Tennessee",25916,5669,6426,8502,4852,467,20.524000617379226,46.67001080413644,89.36178422596079,5.814940577249575,0.2701034110202192,0.5093378607809848,0,2.3807686371353602
47111,"Macon County, Tennessee",24954,6157,6755,8191,3454,397,15.43239560791857,51.74320750180332,91.02348320910475,0.561032299430953,0.15628756912719405,0.3085677646870241,0,5.297747856055142
47113,"Madison County, Tennessee",98373,22200,28770,30775,14886,1742,16.903012005326666,51.81299746881766,54.830085490937556,36.94306364551249,0.05692618909660171,0.9270836510017992,0.041678102731440535,4.10885100586543
47115,"Marion County, Tennessee",28679,6103,7047,9907,5057,565,19.60319397468531,45.8523658426026,91.28282018201472,3.22884340458175,0.013947487708776457,0.4393458628264584,0,1.9944907423550333
47117,"Marshall County, Tennessee",33909,8001,9288,11193,5058,369,16.00460054852694,50.98646377068035,84.47314872157834,5.22870034504114,0.23297649591553865,0.46005485269397506,0,5.777227284791648
47119,"Maury County, Tennessee",99011,23160,27393,32591,14363,1504,16.0254921170375,51.05796325660785,78.41754956519982,11.218955469594288,0.22421751118562583,0.9857490581854541,0.009089899102119967,6.3720192705860965
47121,"Meigs County, Tennessee",12622,2527,2883,4510,2514,188,21.40706702582792,42.8616700998257,90.8968467754714,2.543178577087625,0.18222151798447156,0.14260814450958645,0,2.353034384408176
47123,"Monroe County, Tennessee",46041,9817,11113,15406,8928,777,21.079038248517627,45.45948176625182,89.42681522990378,2.0937859733715602,0.11077083469081905,0.35837622988206164,0,4.463413044894768
47125,"Montgomery County, Tennessee",216172,58448,79649,57950,18324,1801,9.309716336990915,63.88292655848121,61.71150750328442,19.094054734193143,0.2798697333604722,2.221841866661732,0.22343319208778195,10.504598190329922
47127,"Moore County, Tennessee",6481,1301,1414,2426,1161,179,20.675821632464125,41.8916833821941,92.62459496991205,1.6818392223422312,0.7869155994445302,3.224810985958957,0.015429717636167259,0.16972689399783983
47129,"Morgan County, Tennessee",21158,4044,6017,7293,3513,291,17.979015029775972,47.551753473863315,91.07193496549769,5.492012477549863,0.20323281973721524,0.16542206257680311,0.05198979109556669,1.4746195292560733
47131,"Obion County, Tennessee",30722,6714,7700,10092,5369,847,20.233057743636483,46.91751839072977,80.43747151878132,10.780548141397045,0.08788490332660634,0.43291452379402384,0.10415988542412603,4.9020246077729315
47133,"Overton County, Tennessee",22364,4834,5680,7380,3973,497,19.98747987837596,47.01305669826507,95.68502951171526,0.710964049365051,0.04918619209443749,0.22804507243784655,0.4069039527812556,1.6946878912538008
47135,"Perry County, Tennessee",8313,1885,2097,2627,1475,229,20.498015156983037,47.90087814266811,90.9900156381571,0.7337904486948154,1.1909058101768315,2.261518104174185,0,0.9743774810537712
47137,"Pickett County, Tennessee",5021,929,991,1728,1254,119,27.3451503684525,38.23939454291974,96.13622784305915,0.09958175662218681,0,0,0,2.7484564827723563
47139,"Polk County, Tennessee",17502,3366,4158,6350,3333,295,20.729059536053022,42.9893726431265,91.84093246486115,0.8170494800594218,0.24568620729059537,0.18854988001371273,0,2.2111758656153584
47141,"Putnam County, Tennessee",78955,16664,25716,23641,11656,1278,16.381483123298082,53.67614463935153,87.52960547147109,2.3013108732822496,0.18744854664049143,1.1234247356088911,0,6.554366411246913
47143,"Rhea County, Tennessee",32723,7446,8788,10486,5501,502,18.344895027961982,49.61036579775693,88.45154784096813,1.836628670965376,0.04583931791094949,0.5714634966231702,0,5.292913241450967
47145,"Roane County, Tennessee",53313,10018,12271,19061,10797,1166,22.439179937351113,41.80781422917487,92.26830229024816,2.974884174591563,0.3526344418809671,0.7221503198094273,0.035638587211374334,2.076416633841652
47147,"Robertson County, Tennessee",72309,17309,19512,24872,9895,721,14.681436612316586,50.9217386494074,81.9068165788491,7.131892295564867,0.19637942718057227,0.6721155042940713,0.04978633365141269,7.373909195259235
47149,"Rutherford County, Tennessee",335595,83108,114580,102548,32302,3057,10.536211802917206,58.90671791892013,68.60531295162323,15.033001087620494,0.13766593662003307,3.5423650531146174,0.010131259404937499,8.724206260522356
47151,"Scott County, Tennessee",21855,5312,5742,7146,3469,186,16.72386181651796,50.578814916495084,96.92976435598261,0.4118050789293068,0.1601464195836193,0.4758636467627545,0,0.5216197666437886
47153,"Sequatchie County, Tennessee",15727,3100,3860,5501,3033,233,20.766834106949833,44.255102689642015,93.01201754943727,0.42601894830546194,0.24798117886437337,0,0.0699434094232848,3.764227125325873
47155,"Sevier County, Tennessee",98088,20286,25085,33544,17194,1979,19.546733545387816,46.25540331131229,88.87019818938096,1.0633308865508524,0.1631188320691624,1.0908571894625234,0.023448332109942092,6.62160508930756
47157,"Shelby County, Tennessee",929178,233920,281716,286617,113717,13208,13.659923071790335,55.49378052429136,34.8829825932168,53.598126516125006,0.08340705440722876,2.7512489533759945,0.05639393097985531,6.595614618512276
47159,"Smith County, Tennessee",19820,4484,5269,6811,2966,290,16.42785065590313,49.20787083753784,90.6912209889001,1.8819374369323916,0.14631685166498487,0.42885973763874874,0,3.0373360242179617
47161,"Stewart County, Tennessee",13569,2967,3138,4776,2449,239,19.80986071191687,44.992261773159406,90.64043039280713,0.2653106345346009,0.09580661802638367,0.4127054314982681,1.2970742132802713,3.404819809860712
47163,"Sullivan County, Tennessee",157843,30575,38612,54378,30395,3883,21.716515778336703,43.83279587944983,92.88090064177696,1.7992562229557219,0.16218647643544534,0.7114664571758013,0,2.0919521296478147
47165,"Sumner County, Tennessee",193036,45599,51634,65241,27612,2950,15.832279989224809,50.370397231604464,81.95310719244078,7.956028927246731,0.1491949688141072,1.5375370397231605,0.03160032325576576,5.415570152717628
47167,"Tipton County, Tennessee",60868,14929,16847,20239,8333,520,14.544588289413156,52.2047709798252,74.80285207333903,18.38240126174673,0.07064467372018138,0.6374449628704738,0,2.8750739304724977
47169,"Trousdale County, Tennessee",11463,2080,4590,3397,1350,46,12.178312832591818,58.18721102678182,82.29957253773009,10.738899066561983,0.4710808688824915,0.2006455552647649,0,3.0881968071185555
47171,"Unicoi County, Tennessee",17891,3041,4334,6289,3786,441,23.626404337376336,41.22184338494215,91.82829355541892,0.3744899670225253,0.17327147727907888,0.0950198423788497,0,5.6341177128165
47173,"Union County, Tennessee",19597,4292,4950,6840,3248,267,17.93641883961831,47.16027963463795,95.60136755625861,0.5868245139562178,0,0.040822574883910806,0.04592539674439965,1.8472215134969638
47175,"Van Buren County, Tennessee",6083,1166,1406,2092,1305,114,23.32730560578662,42.28176886404734,95.34769028439915,0.11507479861910241,0.7562058194969588,0,0,1.0685517014630939
47177,"Warren County, Tennessee",40801,9685,10354,13602,6508,652,17.548589495355507,49.11399230411019,84.44155780495576,2.906791500208328,0.29411043846964535,0.6568466459155413,0.07107668929683096,9.369868385578785
47179,"Washington County, Tennessee",132067,25294,40485,42249,21320,2719,18.202124679140134,49.807294782193885,87.69185337745235,3.9449673271899868,0.10827837385569446,1.6408338191978313,0,3.7420400251387553
47181,"Wayne County, Tennessee",16350,2828,4283,6136,2806,297,18.978593272171253,43.49235474006116,89.22324159021407,5.81039755351682,0.0672782874617737,0.3853211009174312,0.1651376146788991,2.2018348623853212
47183,"Weakley County, Tennessee",32948,6362,10263,10278,5306,739,18.347092388005343,50.45829792400146,86.14786936991624,7.921573388369552,0.3095787301201894,1.1199465824936263,0.06070171178827243,2.871190967585286
47185,"White County, Tennessee",27134,5983,6639,9024,4948,540,20.22554728385052,46.51728458760227,92.92400678116017,1.7616274784403332,0.13636028598805927,0.25060809316724403,0.18058524360580822,2.753003611704872
47187,"Williamson County, Tennessee",242386,65466,57168,87523,29566,2663,13.296560032345102,50.5945062833662,83.23459275700742,4.031585982688769,0.025991600174927593,4.841451238932942,0,4.975947455711139
47189,"Wilson County, Tennessee",144748,34287,38098,50063,20514,1786,15.406085058170062,50.00759941415426,82.86953878464642,6.657777654958963,0.08981125818664161,1.7644457954514052,0.020725674966148064,4.741343576422472
48001,"Anderson County, Texas",58133,11128,19199,19369,7744,693,14.513271291693187,52.16830371733783,57.29792028624017,20.346446940636127,0.33715789654757194,0.8308533879208023,0.07568850738823044,18.256412020711128
48003,"Andrews County, Texas",18184,5616,5680,5123,1607,158,9.706335239771228,62.12054553453586,38.95732512098548,2.166739991201056,0,0.46744390673119224,0.2034755829300484,57.358117025956886
48005,"Angelina County, Texas",86584,22188,23179,27220,12595,1402,16.165804305645384,52.39651667744618,59.73159013212603,13.746188672272014,0.46775385752563986,0.9713110967384274,0,22.74669684930241
48007,"Aransas County, Texas",24149,4704,4815,8039,6009,582,27.293055613068866,39.417781274586936,66.2511905254876,0.1697792869269949,0.2650213259348213,1.420348668681933,0,28.572611702347924
48009,"Archer County, Texas",8616,1947,2025,2901,1519,224,20.229805013927578,46.100278551532035,87.66248839368616,0.44103992571959144,0.6035283194057567,0.1392757660167131,0,8.449396471680593
48011,"Armstrong County, Texas",1980,503,463,559,412,43,22.97979797979798,48.78787878787879,88.18181818181819,0.6565656565656566,1.0606060606060606,0.15151515151515152,0,8.737373737373737
48013,"Atascosa County, Texas",48684,13289,13604,14644,6248,899,14.68038780708241,55.239914550981844,31.85851614493468,0.3450825733300468,0.05135157341220935,0.5237860488045354,0,65.3356338838222
48015,"Austin County, Texas",30132,7179,7299,9757,5404,493,19.57055621930174,48.04858622062923,60.65976370635869,8.542413381123058,0.06305588742864729,0.7268020708880923,0,27.854108588875615
48017,"Bailey County, Texas",6968,1943,2081,2007,784,153,13.447187141216991,57.74971297359357,31.673363949483353,0.1865671641791045,0.8754305396096441,0.7319173363949484,0,66.53272101033295
48019,"Bandera County, Texas",20839,3558,3800,7802,5330,349,27.25178751379625,35.30879600748597,75.18115072700226,1.0221219828206727,0.2735256010365181,0.38869427515715727,0,20.04894668650127
48021,"Bastrop County, Texas",94887,24332,24947,31368,13303,937,15.007324501775797,51.93440618841359,49.28704669765089,6.873438932625122,0.22131588099528912,0.8188687596825698,0,40.122461454150724
48023,"Baylor County, Texas",3491,812,672,1168,741,98,24.03322830134632,42.509309653394446,75.16470925236322,3.4947006588370093,0.2005156115726153,0,1.0025780578630765,14.20796333428817
48025,"Bee County, Texas",31191,6560,11446,9346,3427,412,12.308037574941489,57.72819082427623,30.364528229296912,6.761565836298932,0.37510820428969893,0.22762976499631304,0,59.54602289121862
48027,"Bell County, Texas",364703,101395,126376,97133,35544,4255,10.912715277911067,62.453832296416536,43.97139590296762,21.518057158838836,0.2048241994170599,2.8206513245024034,0.5267299693174995,25.816623389442917
48029,"Bexar County, Texas",1990522,508656,660360,581628,212821,27057,12.051009735134803,58.72911728682225,26.537260075497784,6.988166923048326,0.14327899917710027,2.8751252184100453,0.09927044262761225,60.88840012820758
48031,"Blanco County, Texas",11313,1993,2231,4280,2486,323,24.829841774949173,37.337576239724214,74.71934942102007,0.026518164942985947,0.26518164942985945,0.8750994431185362,0.2916998143728454,20.144965968354988
48033,"Borden County, Texas",550,183,115,115,119,18,24.90909090909091,54.18181818181818,83.63636363636364,0,0,0,0,11.818181818181818
48035,"Bosque County, Texas",18275,3885,4253,5653,4004,480,24.53625170998632,44.53077975376197,76.0328317373461,1.679890560875513,0.2024623803009576,0.6511627906976745,0,19.348837209302324
48037,"Bowie County, Texas",92957,22143,26878,28717,13432,1787,16.37208601826651,52.73513560033133,62.62680594253257,24.971761136869734,0.5658530288197768,1.265101068235851,0.006454597286917607,7.991867207418484
48039,"Brazoria County, Texas",368575,97191,110172,117560,38940,4712,11.843451129349521,56.26073390761717,44.743403649189446,14.66729973546768,0.26561758122498813,6.751407447602252,0.016550227226480363,31.589228786542765
48041,"Brazos County, Texas",231095,48077,109043,52343,19155,2477,9.36065254548995,67.98935502715334,54.494904692875224,10.681321534433891,0.07096648564443195,5.830502607152902,0.0662065384365737,26.364049416906468
48043,"Brewster County, Texas",9501,1806,2495,3006,1936,258,23.09230607304494,45.26891906115146,49.62635512051363,0.2841806125670982,0.6630880959898958,3.473318598042311,0,45.52152405009999
48045,"Briscoe County, Texas",1266,210,296,450,290,20,24.486571879936808,39.968404423380726,54.2654028436019,2.448657187993681,0,0,0.8688783570300158,36.413902053712484
48047,"Brooks County, Texas",7100,1734,2057,1966,1219,124,18.91549295774648,53.394366197183096,7.084507042253521,0.14084507042253522,0,0,0.09859154929577464,91.63380281690141
48049,"Brown County, Texas",38085,8279,10199,12072,6352,1183,19.784692136011554,48.51778915583563,70.3032690035447,3.4501772351319415,0.1785479847709072,0.609163712747801,0,23.064198503347775
48051,"Burleson County, Texas",17687,3884,4026,6121,3342,314,20.67054899078419,44.72211228585967,63.656923163905695,13.043478260869565,0.13003901170351106,0,0,21.258551478487025
48053,"Burnet County, Texas",48424,10167,11452,15800,10026,979,22.726334049231784,44.645217247645796,72.36494300346935,1.4620849165702958,0.14249132661490171,0.6298529654716669,0.15488187675532794,22.689162398810506
48055,"Caldwell County, Texas",45286,10669,13885,14166,5711,855,14.498962151658349,54.2198471933931,37.872631718411874,4.824890694695933,0.27381530715894536,0.9075652519542463,0.02649825553151084,54.07852316389171
48057,"Calhoun County, Texas",20367,4970,5670,6116,2976,635,17.729660725683704,52.24137084499436,40.79638631118967,2.150537634408602,0.24058526047036874,4.335444591741543,0,49.7765994009918
48059,"Callahan County, Texas",13781,3032,3292,4654,2452,351,20.33959799724258,45.88926783252304,84.42783542558595,0.9941223423554169,0.07982004208693128,0.3773311080473115,0,10.27501632682679
48061,"Cameron County, Texas",420554,127236,120884,115796,49627,7011,13.467473855913866,58.99836881827304,8.511154334520656,0.3913885018332961,0.093923729176277,0.6705440918407625,0.02996048069926811,89.98677934343746
48063,"Camp County, Texas",12498,3309,3204,3751,2023,211,17.874859977596415,52.11233797407585,54.048647783645386,15.090414466314611,0.2160345655304849,0.704112658025284,0,26.180188830212835
48065,"Carson County, Texas",5856,1410,1332,1897,1042,175,20.782103825136613,46.82377049180328,84.8360655737705,0.9904371584699454,2.4931693989071038,0.29030054644808745,0.3927595628415301,10.57035519125683
48067,"Cass County, Texas",28692,6465,6656,9279,5517,775,21.9294576885543,45.730517217342815,75.71099958176495,17.098842883033598,0.05924996514707932,0.6691760769552488,0,5.015335285096891
48069,"Castro County, Texas",7450,2185,2204,1893,1047,121,15.677852348993289,58.91275167785235,30.711409395973153,1.1543624161073827,0.48322147651006714,1.3154362416107384,0,65.47651006711409
48071,"Chambers County, Texas",45257,12872,12873,14269,4835,408,11.58494818481119,56.88622754491018,64.88278056433259,7.5899860795015135,0.08838411737410787,0.7446361888768588,0,24.221667366374263
48073,"Cherokee County, Texas",50564,12899,13903,15017,7844,901,17.29491337710624,53.006091290246026,59.09540384463254,13.673759987342773,0.3579621865358753,0.4469583102602642,0.03559844948975556,23.936001898583974
48075,"Childress County, Texas",6784,1224,3011,1624,832,93,13.63502358490566,62.42629716981132,53.876768867924525,8.755896226415095,0.39799528301886794,0.07370283018867925,0,34.183372641509436
48077,"Clay County, Texas",10236,2076,2241,3647,1993,279,22.19617037905432,42.174677608440795,88.29620945681907,0.3614693239546698,0.9183274716686206,0.9280969128565846,0,6.858147713950762
48079,"Cochran County, Texas",2553,693,675,771,383,31,16.216216216216218,53.5840188014101,33.99921660791226,5.013709361535448,0.03916960438699569,0,0,59.694477085781436
48081,"Coke County, Texas",3288,717,710,988,764,109,26.55109489051095,43.400243309002434,73.81386861313868,1.0340632603406326,0.12165450121654502,0,0,22.597323600973237
48083,"Coleman County, Texas",7848,1595,1608,2574,1914,157,26.38888888888889,40.81294597349643,75.81549439347604,2.6248725790010194,0.5224260958205912,1.1595310907237513,0,18.106523955147807
48085,"Collin County, Texas",1039812,268898,297694,359396,103996,9828,10.946594192027021,54.48985008828519,54.072370774716966,9.981996745565544,0.2630283166572419,16.20869926486711,0.05308651948621482,15.570891661184907
48087,"Collingsworth County, Texas",2948,759,736,896,471,86,18.89416553595658,50.7123473541384,57.4966078697422,8.921302578018995,0.6784260515603799,0,0.7801899592944369,31.478968792401627
48089,"Colorado County, Texas",20559,4916,4901,6260,3879,603,21.800671238873488,47.75037696386011,54.67678389026704,12.15039642005934,0.029184298847220194,0.6955591225254146,0,31.037501824018676
48091,"Comal County, Texas",156257,35375,39270,53376,25157,3079,18.070230453675677,47.77065987443763,65.5938613950095,2.241179595154137,0.12159455256404512,1.2159455256404512,0.056317476977031426,28.313611550202552
48093,"Comanche County, Texas",13540,3125,3040,4192,2905,278,23.50812407680945,45.531757754800594,68.00590841949779,0.4505169867060561,0.8197932053175776,0.40620384047267355,0,28.84785819793205
48095,"Concho County, Texas",3181,544,719,1121,675,122,25.055014146494813,39.704495441685005,61.42722414335115,1.91763596353348,0.18861993083935868,0.5344231373781829,0,34.580320653882424
48097,"Cooke County, Texas",41215,9863,10548,13253,6733,818,18.320999636054836,49.52323183307048,73.68191192526993,2.8314933883294917,0.7157588256702657,0.7909741598932427,0,18.71891301710542
48099,"Coryell County, Texas",81692,18563,32928,21790,7670,741,10.295989815404202,63.03065171620232,56.65915879155854,13.165303824119865,0.47005826763942615,2.0675219115702883,0.7381383734025364,19.25280321206483
48101,"Cottle County, Texas",1560,439,415,427,245,34,17.884615384615383,54.743589743589745,62.62820512820513,7.115384615384615,0.1282051282051282,0,0,20.641025641025642
48103,"Crane County, Texas",4654,1432,1127,1428,644,23,14.331757627847013,54.98495917490331,29.37258272453803,1.2462397937258272,0.2578427159432746,3.158573270305114,0.1289213579716373,65.62097120756339
48105,"Crockett County, Texas",2939,610,688,1010,589,42,21.469887716910513,44.16468186457979,37.90404899625723,1.5651582170806397,0,0,0,60.53079278666213
48107,"Crosby County, Texas",5265,1352,1345,1602,904,62,18.34757834757835,51.225071225071225,38.13865147198481,2.9249762583095915,0,0.6267806267806267,0.2849002849002849,56.65716999050333
48109,"Culberson County, Texas",2209,546,547,636,414,66,21.729289271163424,49.479402444545045,11.99637845178814,0.13580805794477138,4.119511090991399,0.8601177003168855,0,82.88818469895881
48111,"Dallam County, Texas",7135,2330,2064,1989,654,98,10.5395935529082,61.58374211632796,51.91310441485634,0.04204625087596356,0.322354590049054,0,0,47.13384723195515
48113,"Dallas County, Texas",2604722,680444,857818,785303,250796,30361,10.794126974011046,59.056667083857704,27.922941488573446,22.18958491539596,0.2019409364991734,6.53927751214909,0.029638479653490854,40.72783966964613
48115,"Dawson County, Texas",12371,3211,3971,3418,1562,209,14.315738420499555,58.05512893056341,31.080753374828227,8.148088270956269,0.36375394066769057,0.13741815536334978,0.016166841807452915,58.604801552016816
48117,"Deaf Smith County, Texas",18675,5843,5587,4887,2060,298,12.626506024096386,61.204819277108435,23.105756358768406,0.7443105756358769,0.3427041499330656,0.9477911646586346,0,74.40428380187416
48119,"Delta County, Texas",5251,1267,1265,1708,881,130,19.253475528470766,48.219386783469815,78.86116930108551,8.474576271186441,0.03808798324128737,0.32374785755094265,0,8.912588078461246
48121,"Denton County, Texas",885012,216685,279404,296623,84261,8039,10.4292371176888,56.054494176350154,56.94137480621732,10.064835279069662,0.22146592362589435,9.445973613917099,0.08169380754159265,19.627756459799414
48123,"DeWitt County, Texas",19834,4495,5044,6441,3385,469,19.43127962085308,48.09418170817788,53.51416759100535,8.031662801250379,0.08571140465866693,0.04537662599576485,0,36.22567308661894
48125,"Dickens County, Texas",1569,324,318,536,359,32,24.920331421287443,40.91778202676864,63.22498406628426,2.1032504780114722,0,0.5098789037603569,0.3186743148502231,33.84321223709369
48127,"Dimmit County, Texas",8840,2567,2642,2126,1311,194,17.024886877828056,58.925339366515836,9.796380090497738,0.2149321266968326,0.20361990950226244,1.583710407239819,0,87.78280542986425
48129,"Donley County, Texas",3266,662,967,895,682,60,22.718922229026333,49.87752602571953,78.99571341090018,6.7054500918554805,0.21432945499081446,0.2449479485609308,0,11.849357011635028
48131,"Duval County, Texas",10001,2585,3002,2730,1438,246,16.838316168383162,55.86441355864414,9.619038096190382,0.9699030096990301,0,0,0,89.33106689331066
48133,"Eastland County, Texas",17785,3891,4503,5540,3310,541,21.653078436885014,47.19707618779871,78.05454034298566,2.0916502670789994,0.23053134664042732,0.3992128197919595,0,17.10992409333708
48135,"Ector County, Texas",161258,49291,54610,42149,13626,1582,9.430849942328443,64.43153207902864,30.010914187203117,4.539309677659403,0.2802961713527391,1.0213446774733657,0.02418484664326731,62.729290949906364
48137,"Edwards County, Texas",1366,221,412,348,368,17,28.184480234260615,46.33967789165447,54.319180087847734,0.07320644216691069,0.14641288433382138,0,0,45.31478770131772
48139,"Ellis County, Texas",187984,50301,53150,60601,21674,2258,12.730870712401055,55.031811217976,57.948016852498085,11.15839645927313,0.18884585922206146,0.7293173887139331,0.019682526172440207,27.187952166141798
48141,"El Paso County, Texas",860485,233279,280908,241608,90934,13756,12.166394533315515,59.755486731320126,11.461791896430501,2.858039361522862,0.26682626658221814,1.0556837132547343,0.137015752744092,82.88871973363858
48143,"Erath County, Texas",42288,8934,16582,10903,5175,694,13.87864169504351,60.33863034430571,73.52203934922437,1.4306659099508134,0.4398410896708286,1.007377979568672,0.14897843359818388,21.741392357169882
48145,"Falls County, Texas",17074,3644,4859,5433,2737,401,18.37882160009371,49.800866815040415,50.26355862715239,21.998360079653274,0.0937097340986295,0.527117254304791,0,24.25910741478271
48147,"Fannin County, Texas",35453,7563,9676,11705,5702,807,18.35951823541026,48.62494006148986,77.59851070431276,5.844357318139509,0.5584858827179646,0.4654049022649705,0.05923335119735988,12.10616873043184
48149,"Fayette County, Texas",24445,4940,5074,8241,5398,792,25.32215176927797,40.96543260380446,70.23522192677439,6.181223154019227,0.057271425649417056,0.519533646962569,0,21.861321333606053
48151,"Fisher County, Texas",3720,804,979,1090,740,107,22.768817204301076,47.93010752688172,66.20967741935483,2.0698924731182795,0.026881720430107527,0.21505376344086022,0,29.112903225806452
48153,"Floyd County, Texas",5478,1481,1457,1528,786,226,18.473895582329316,53.632712668857245,35.92552026286966,2.8112449799196786,0,0.23731288791529756,0,59.2917123037605
48155,"Foard County, Texas",1087,195,180,333,321,58,34.866605335786566,34.49862005519779,67.80128794848206,0.09199632014719411,0.7359705611775529,0.827966881324747,0,21.619135234590615
48157,"Fort Bend County, Texas",806497,221496,221788,271834,83733,7646,11.330358327433332,54.964122619178994,31.132663853678316,19.91253532251205,0.1327965262115048,20.74738033743461,0.04934922262575062,24.922721349242465
48159,"Franklin County, Texas",10413,2497,2503,3158,2081,174,21.655622779218284,48.01690194948622,77.24959185633342,4.811293575338519,0.13444732545856142,0.02881014116969173,0,15.317391721886104
48161,"Freestone County, Texas",19478,4436,4850,6395,3327,470,19.49378786323031,47.67429920936441,64.69863435671013,14.75510832734367,0.2104938905431769,0,0,16.439059451689086
48163,"Frio County, Texas",18428,4358,7091,4735,1960,284,12.177121771217712,62.12828304753636,15.24853483828956,3.6574777512481007,0.08682439765574126,0.8628174517039288,0,79.83503364445409
48165,"Gaines County, Texas",21167,7659,6143,5545,1670,150,8.598289790711958,65.20527235791562,54.447961449425996,1.3039164737563187,0.6708555770775263,0.9590400151178722,0,42.39145840222989
48167,"Galveston County, Texas",347084,84398,98444,114121,44990,5131,14.44059651265976,52.67946664208088,55.95994053312743,12.013806456074034,0.1328208733332565,3.396584112203386,0.048691383065770824,25.48576137188692
48169,"Garza County, Texas",5734,805,1585,2430,761,153,15.94000697593303,41.68119986048134,38.454830833623994,7.342169515172654,0.19183815835367982,2.336937565399372,0,49.86048133937914
48171,"Gillespie County, Texas",26730,5426,5601,7998,6646,1059,28.82528993640105,41.253273475495696,73.36700336700336,0.0823045267489712,0.17957351290684623,0.3554059109614665,0,24.21623643845866
48173,"Glasscock County, Texas",1221,244,443,391,135,8,11.711711711711711,56.26535626535627,51.433251433251435,0,0,0,0,44.14414414414414
48175,"Goliad County, Texas",7085,1502,1750,2204,1403,226,22.992237120677487,45.89978828510939,57.16302046577276,4.417784050811574,0.310515172900494,0.155257586450247,0,36.17501764290755
48177,"Gonzales County, Texas",19720,5318,5286,5827,2989,300,16.678498985801216,53.77281947261663,40.42089249492901,6.572008113590264,0,0.4563894523326572,0.2231237322515213,51.79513184584179
48179,"Gray County, Texas",21398,5426,6386,6240,2963,383,15.63697541826339,55.201420693522756,61.356201514160205,4.869613982615197,0.8972801196373493,0.7570801009440135,0.2663800355173381,30.040190672025425
48181,"Grayson County, Texas",134205,32139,36293,42173,20490,3110,17.58503781528259,50.99064863455162,74.0277933012928,5.350024216683432,0.5931224619052942,1.5483774822100518,0.014157445698744458,14.179799560374054
48183,"Gregg County, Texas",123744,32132,36667,36012,16506,2427,15.300135764158263,55.597847168347556,56.188582880786136,19.33507887251099,0.09535815877941557,1.0368179467287302,0.09293379881044737,19.364979312128266
48185,"Grimes County, Texas",28878,6446,7698,9617,4656,461,17.719371147586397,48.97846111226539,57.94030057483205,14.540480642703788,0.11427384167878663,0.39822702403213517,0,24.4511392755731
48187,"Guadalupe County, Texas",169477,42316,49691,53915,21462,2093,13.89864111354343,54.28878254866442,48.898080565504465,7.785127185399789,0.10738920325471893,1.6397505266201313,0.0230119721260112,38.702006761979504
48189,"Hale County, Texas",32879,8946,9787,9792,3706,648,13.242495209708325,56.97557711609234,32.32154262599227,4.349280695884912,0.09124365096262052,0.36801605888256944,0,60.634447519693424
48191,"Hall County, Texas",2875,645,668,912,565,85,22.608695652173914,45.6695652173913,54.81739130434783,5.6695652173913045,0.24347826086956523,0.17391304347826086,0,34.469565217391306
48193,"Hamilton County, Texas",8211,1814,1962,2411,1602,422,24.649859943977592,45.98709048836926,83.36378029472658,0.26793326026062597,0.24357569114602362,0.10960906101571063,0.02435756911460236,13.628059919620021
48195,"Hansford County, Texas",5332,1598,1404,1472,696,162,16.09152288072018,56.30157539384846,49.77494373593398,0.16879219804951237,0.6939234808702176,0.11252813203300825,0,48.57464366091523
48197,"Hardeman County, Texas",3567,785,919,1146,655,62,20.100925147182505,47.77123633305298,66.97504906083543,1.2895991028875806,0.8410428931875525,2.5231286795626575,0,24.922904401457807
48199,"Hardin County, Texas",56124,13935,14228,18498,8686,777,16.860879481148885,50.17995866296059,85.1293564250588,5.676715843489417,0.15323212885752976,0.49176822749625826,0,6.298553203620554
48201,"Harris County, Texas",4697957,1254881,1528267,1415531,450471,48807,10.62755576519751,59.24166611146079,28.259773344030183,18.48169321260284,0.13829415637478162,6.975478915622259,0.05021331612869168,43.63415842248024
48203,"Harrison County, Texas",68674,17315,17575,22006,10542,1236,17.150595567463668,50.805253807845766,62.45449515100329,20.011940472376736,0.2388094475347293,0.7761307044878702,0,13.692227043713778
48205,"Hartley County, Texas",5465,1172,1820,1684,753,36,14.437328453796889,54.7483989021043,58.49954254345837,7.758462946020128,0.43915827996340345,0.4940530649588289,0,27.57548032936871
48207,"Haskell County, Texas",5420,996,1438,1771,1069,146,22.416974169741696,44.90774907749078,63.72693726937269,5.239852398523985,0.33210332103321033,0.03690036900369004,0,28.763837638376383
48209,"Hays County, Texas",234573,54154,87578,66895,23692,2254,11.060949043581315,60.421276105945694,51.58777864460104,3.5822537120640483,0.1487809764977214,1.4554104692355898,0.05030416970410064,40.04297169750994
48211,"Hemphill County, Texas",3450,926,814,1128,456,126,16.869565217391305,50.43478260869565,61.82608695652174,0.2318840579710145,0.2318840579710145,0,0,35.47826086956522
48213,"Henderson County, Texas",81717,17624,19039,27030,16209,1815,22.056610007709534,44.86581739417747,76.41616799441977,5.831100015908563,0.290025331326407,0.6693833596436481,0.04894942300867629,13.58713609163332
48215,"Hidalgo County, Texas",865677,281366,264291,224921,85093,10006,10.985506141436124,63.03240123048204,5.71448704308882,0.4446231100052329,0.07543229172081505,0.9297925207669835,0.01732747895577681,92.49581541383218
48217,"Hill County, Texas",35686,8362,8903,11224,6578,619,20.167572717592332,48.380317211231294,69.46141343944404,5.940705038390405,0.16813316146387938,0.6276971361318164,0.1317043098133722,21.563077957742532
48219,"Hockley County, Texas",21670,5693,6547,6308,2671,451,14.407014305491463,56.4836179049377,44.98384863867097,3.2210429164743886,0.3830179972311952,0.3553299492385787,0.09690816797415783,49.330872173511764
48221,"Hood County, Texas",60521,12798,13304,19398,13329,1692,24.81948414599891,43.12883131475025,83.01581269311478,0.938517208902695,0.4461261380347317,0.596487169742734,0.06113580410105583,12.924439450769155
48223,"Hopkins County, Texas",36666,9052,9489,11505,5930,690,18.05487372497682,50.567283041509846,72.20313096601757,6.968308514700268,0.2890961653848252,0.829105983745159,0.1418207603774614,17.544864452080947
48225,"Houston County, Texas",22288,4387,5583,7493,4211,614,21.648420674802583,44.73259152907394,60.80402010050251,24.259691313711414,0.13460157932519742,0.3230437903804738,0,11.894292893036612
48227,"Howard County, Texas",34620,7566,11336,11312,3891,515,12.726747544771808,54.59849797804737,46.58001155401502,5.2137492778740615,0.47949162333911033,0.8607741190063547,0,43.98902368573079
48229,"Hudspeth County, Texas",3322,753,1157,945,405,62,14.057796508127634,57.49548464780253,18.84406983744732,1.0234798314268514,0,0.7525586995785671,0,77.69416014449126
48231,"Hunt County, Texas",98783,23764,28254,31121,14011,1633,15.836733041110312,52.658858305578896,69.83489061883118,7.241124484982234,0.588157881416843,1.106465687415851,0.03441887774212162,17.872508427563446
48233,"Hutchinson County, Texas",20801,5356,5735,6206,2979,525,16.84534397384741,53.31955194461805,69.07360223066199,2.197009759146195,1.264362290274506,0.5047834238738522,0.548050574491611,24.24402672948416
48235,"Irion County, Texas",1555,385,405,495,215,55,17.363344051446944,50.80385852090032,68.10289389067525,5.530546623794212,0,0,0,26.366559485530548
48237,"Jack County, Texas",8494,1868,2451,2709,1353,113,17.259241817753708,50.8476571697669,76.35978337650106,4.191193783847422,0,0.588650812338121,0,17.482929126442194
48239,"Jackson County, Texas",14971,3856,3698,4721,2400,296,18.008149088237257,50.45755126578051,57.69153697147819,6.953443323759268,0.07347538574577517,0.5811235054438582,0.040077483134059184,33.71184289626611
48241,"Jasper County, Texas",33369,7973,7894,10810,5966,726,20.054541640444725,47.55012137013396,73.90092600917019,15.487428451556834,0.09290059636189278,0.4225478737750607,0.023974347448230394,7.075429290658995
48243,"Jeff Davis County, Texas",2021,359,324,593,726,19,36.86293913904008,33.79515091538842,74.31964374072241,1.781296387926769,0,0,0,23.899059871350815
48245,"Jefferson County, Texas",256755,62468,78461,78992,32259,4575,14.345971840859963,54.88851239508481,39.0835621506884,33.19779556386438,0.18149597865669606,3.751436194037117,0.05296878347062375,21.94153960000779
48247,"Jim Hogg County, Texas",4864,1543,1481,1211,546,83,12.931743421052632,62.171052631578945,6.661184210526316,0.04111842105263158,0,0,0,93.29769736842105
48249,"Jim Wells County, Texas",39203,10769,11101,11264,5339,730,15.480958089942096,55.78654694793766,17.577736397724664,0.6172996964518022,0.20151519016401806,0.09182970691018545,0.3979287299441369,80.48363645639364
48251,"Johnson County, Texas",177022,46290,50082,56010,23093,1547,13.919173887991324,54.44069098756087,69.65744370756177,4.310198732360949,0.20110494740766685,0.9179649987007265,0.04632192608828281,22.80338037080137
48253,"Jones County, Texas",19721,3441,6913,6330,2582,455,15.399827594949546,52.50240859996958,56.35109781451245,11.662694589523857,0.06591957811470006,0.26367831245880025,0,28.12737690786471
48255,"Karnes County, Texas",14823,3284,4779,4670,1846,244,14.099709910274573,54.39519665384875,34.466707144302774,5.356540511367469,0.12817918100249612,0.6206570869594549,0.026985090737367604,56.25716791472711
48257,"Kaufman County, Texas",140145,39500,41080,43463,14492,1610,11.489528702415356,57.497591779942205,58.70205858218274,13.453922722894145,0.20050661814549217,1.3478896856826859,0.059224374754718326,23.65050483427878
48259,"Kendall County, Texas",43842,10445,9936,15225,7232,1004,18.785639341270926,46.487386524337396,70.80425163085626,0.28055289448474063,0.10264130286027097,1.0423794534920852,0.32160941562884904,24.75252041421468
48261,"Kenedy County, Texas",169,66,35,19,41,8,28.994082840236686,59.76331360946745,0.591715976331361,0,0.591715976331361,0.591715976331361,0,98.22485207100591
48263,"Kent County, Texas",632,192,89,137,193,21,33.860759493670884,44.462025316455694,78.95569620253164,1.1075949367088607,0,0,0,16.61392405063291
48265,"Kerr County, Texas",52411,10100,12276,15763,12276,1996,27.230924805861363,42.69332773654386,67.0737059014329,1.4100093491824235,0.07250386369273626,0.767014558012631,0.028619946194501155,27.94260746789796
48267,"Kimble County, Texas",4295,807,829,1441,1134,84,28.358556461001164,38.09080325960419,72.64260768335274,0.9545983701979045,0,0,0,25.424912689173457
48269,"King County, Texas",229,57,82,73,17,0,7.423580786026201,60.698689956331876,65.06550218340611,0,0,0,0,34.93449781659389
48271,"Kinney County, Texas",3199,491,961,949,769,29,24.945295404814004,45.38918412003751,33.91684901531729,0,0,0,0,65.67677399187247
48273,"Kleberg County, Texas",31015,7546,12242,7202,3631,394,12.977591487989683,63.80138642592294,19.83233919071417,2.998549089150411,0.1837820409479284,1.58632919555054,0,73.45155569885539
48275,"Knox County, Texas",3384,858,751,1151,522,102,18.43971631205674,47.547281323877066,56.32387706855792,4.846335697399527,0,1.743498817966903,0,35.22458628841608
48277,"Lamar County, Texas",49932,11990,12879,15583,8451,1029,18.985820716173997,49.805735800688936,72.88312104462068,13.36818072578707,0.829127613554434,0.753024112793399,0.022029960746615396,8.421453176319796
48279,"Lamb County, Texas",13147,3670,3573,3688,1818,398,16.85555640069978,55.09241652087929,38.137978245987675,3.1490073781090744,0.19015745036890547,0.40313379478207956,0.30425192059024875,56.53761314368297
48281,"Lampasas County, Texas",21443,4624,5277,7210,3919,413,20.202397052651214,46.17357645851793,71.00685538404142,3.367066175441869,0.37774565126148396,1.3430956489297206,0.19120458891013384,20.029846569976215
48283,"La Salle County, Texas",6956,1579,2503,1830,991,53,15.00862564692352,58.683151236342724,12.162162162162161,2.11328349626222,0,0.12938470385278897,0,84.80448533640023
48285,"Lavaca County, Texas",20287,4856,4673,6019,4073,666,23.359787055749987,46.97096662887564,72.4207620643762,5.7376645142209295,0.00985853009316311,0.35490708335387194,0,19.712130921279638
48287,"Lee County, Texas",17393,3814,4339,5851,3081,308,19.484850227102857,46.875179669982174,62.13419191628816,10.952682113493934,0,1.0808946127752543,0,24.41786925774737
48289,"Leon County, Texas",15877,3685,3460,4887,3317,528,24.21742142722177,45.00220444668388,75.36688291238899,6.147257038483341,0.359009888517982,0.9132707690369717,0.2834288593563016,15.279964728853058
48291,"Liberty County, Texas",89948,24579,26352,27693,10573,751,12.589496153333037,56.622715346644725,59.07746698092231,8.865122070529639,0.3768844221105528,0.4435896295637479,0.008894027660426023,29.26468626317428
48293,"Limestone County, Texas",22252,4976,5927,7084,3784,481,19.166816465935646,48.99784289052669,56.43088261729283,16.59626101024627,0.4583857630774762,0.9976631314039187,0.22020492539996406,22.681107316196297
48295,"Lipscomb County, Texas",3138,965,867,807,457,42,15.901848311026132,58.38113448056087,59.87890376035691,1.0516252390057361,0.7010834926704907,0.5417463352453792,0.15933715742511154,33.779477374123644
48297,"Live Oak County, Texas",11378,2307,3221,3649,1935,266,19.34434874318861,48.58498857444191,56.099490244331164,2.258744946387766,0,0.6767445948321322,0,40.71014238003164
48299,"Llano County, Texas",21246,3433,3723,6353,6995,742,36.41626659135837,33.68163418996517,84.86773980984655,0.5648121999435188,0.39536853996046317,0.38124823496187515,0,11.296243998870375
48301,"Loving County, Texas",83,31,16,10,16,10,31.325301204819276,56.626506024096386,98.79518072289157,0,0,1.2048192771084338,0,0
48303,"Lubbock County, Texas",308580,73995,116290,80065,34018,4212,12.38900771274872,61.664722276233064,52.097997277853395,6.64495430682481,0.2501782357897466,2.293408516430099,0.06643333981463478,36.43528420506838
48305,"Lynn County, Texas",5587,1543,1523,1635,743,143,15.858242348308574,54.87739395024163,49.865759799534636,0.9307320565598711,0.16108824055843923,0.3758725613030249,0.16108824055843923,46.37551458743512
48307,"McCulloch County, Texas",7676,1711,1795,2484,1467,219,21.964564877540386,45.67483064095883,62.12871287128713,0.9770713913496613,0.09119332985930172,0.924960917144346,0,32.94684731631058
48309,"McLennan County, Texas",258031,63752,86031,71194,32424,4630,14.360290042669291,58.0484515426441,54.86046250256752,13.950261790250009,0.15967073723699865,1.6486391170053212,0.022865469652871166,27.016133720366934
48311,"McMullen County, Texas",729,204,235,195,76,19,13.031550068587105,60.21947873799726,34.97942386831276,0,0.6858710562414266,0,0,64.33470507544581
48313,"Madison County, Texas",13579,2940,4649,3938,1846,206,15.111569335002578,55.88776787686869,53.94358936593269,15.958465277266367,0.2651152514912733,1.3255762574563665,0,24.059209072833053
48315,"Marion County, Texas",9748,1817,1990,3382,2364,195,26.251538777185065,39.05416495691424,70.363151415675,22.527697989331145,0.22568732047599507,0.24620434961017645,0.45137464095199015,4.513746409519902
48317,"Martin County, Texas",5213,1673,1194,1739,562,45,11.643967005563015,54.99712257816996,50.489161711106846,0.5371187416075197,0,0.15346249760214847,0,46.28812583924803
48319,"Mason County, Texas",3948,890,844,1050,1049,115,29.48328267477204,43.9209726443769,78.24214792299898,0.025329280648429583,0,0.8105369807497467,0,19.782168186423505
48321,"Matagorda County, Texas",36323,9501,9835,10896,5352,739,16.768989345593702,53.233488423313055,42.38911984142279,9.916581780139305,0.12664152190072406,1.8583266800649727,0.33036918756710626,43.80144811827217
48323,"Maverick County, Texas",57769,18066,18289,14726,6234,454,11.577143450639616,62.93167615849331,2.586162128477211,0.4396821824854161,1.6687150547871696,0.09347573958351364,0,95.13579947722828
48325,"Medina County, Texas",50458,11645,14480,15862,7333,1138,16.788219905664118,51.775734274049704,41.83479329343216,2.4297435490903325,0.21403939910420547,0.711482817392683,0,52.8122398826747
48327,"Menard County, Texas",1981,372,287,644,612,66,34.2251388187784,33.26602725896012,58.5562847046946,0.05047955577990914,0.10095911155981828,0,0,35.487127713276124
48329,"Midland County, Texas",166964,48486,56354,45308,14343,2473,10.071632208140677,62.791979109269064,43.378812199036915,6.096523801538056,0.33420378045566707,1.9662921348314606,0.035336958865384155,46.33992956565487
48331,"Milam County, Texas",24895,5962,6031,7746,4645,511,20.71098614179554,48.174332195219925,61.2572805784294,8.704559148423378,0.1566579634464752,0.6306487246435027,0,27.133962643101025
48333,"Mills County, Texas",4520,878,792,1616,1059,175,27.300884955752213,36.94690265486726,72.0575221238938,0.5309734513274337,0.08849557522123894,0.19911504424778761,0,23.893805309734514
48335,"Mitchell County, Texas",8903,1965,3094,2430,1209,205,15.882286869594518,56.8235426260811,51.14006514657981,6.42480062900146,0.4043580815455464,0,0,40.6829158710547
48337,"Montague County, Texas",19850,4576,4363,6678,3804,429,21.324937027707808,45.032745591939545,85.07808564231738,0.7103274559193955,0.4332493702770781,0,0.005037783375314861,11.425692695214106
48339,"Montgomery County, Texas",607999,160183,166909,201012,72122,7773,13.140646612905613,53.79811479953092,63.65503890631399,5.146061095495223,0.14309234061240234,3.158228878665919,0.015131603834874729,25.244778363122307
48341,"Moore County, Texas",21494,6853,6446,5788,2042,365,11.19847399274216,61.873080859774824,31.13892248999721,3.940634595701126,0.24192797990136783,4.457057783567508,0,57.65795105610868
48343,"Morris County, Texas",11988,2805,2777,3846,2285,275,21.354688021354686,46.56322989656323,63.02969636302969,22.05538872205539,0.22522522522522523,1.4764764764764764,0,10.66066066066066
48345,"Motley County, Texas",1269,279,321,321,321,27,27.423167848699762,47.28132387706856,79.19621749408984,1.1820330969267139,0,0,0,13.396375098502759
48347,"Nacogdoches County, Texas",64822,15154,23315,16746,8703,904,14.82058560365308,59.345592545740644,58.676066767455495,17.662213446052267,0.22677486038690567,0.9533800253000525,0.026225664126376846,20.064175742803368
48349,"Navarro County, Texas",51908,13703,13446,16019,7716,1024,16.837481698389457,52.302149957617324,53.84333821376281,11.185173768975881,0.15219234029436696,0.6569314941820144,1.5816444478693072,28.789396624797718
48351,"Newton County, Texas",12532,2672,2951,4303,2303,303,20.79476540057453,44.86913501436323,72.9572294924992,20.515480370252156,0.47877433769549954,0.6782636450686244,0,4.1094797318863705
48353,"Nolan County, Texas",14727,3842,3982,4205,2294,404,18.32009234738915,53.1269097575881,53.507163712908266,4.6173694574590884,0.20370747606437156,0.42778569973518027,0,39.04393291233788
48355,"Nueces County, Texas",353594,87114,108672,106477,45422,5909,14.516931848391092,55.370283432411185,28.437416924495324,3.5023218719774656,0.1388598222820523,2.0981690865795235,0.026584161495952986,64.63684338535157
48357,"Ochiltree County, Texas",10063,3129,2950,2928,870,186,10.493888502434661,60.40942064990559,41.597933021961644,0.06956176090629038,0.586306270495876,0.4471827486832952,0,55.62953393620193
48359,"Oldham County, Texas",2251,791,509,677,239,35,12.172367836517104,57.752110173256334,70.19102621057309,4.575744113727232,0,0.9773434029320303,0,23.456241670368726
48361,"Orange County, Texas",85045,21402,23186,27228,11752,1477,15.555294255982128,52.42871421012405,79.3074254806279,8.640131694985008,0.1469810100535011,0.8289728967017461,0.04820977129754836,8.519019342700924
48363,"Palo Pinto County, Texas",28303,6673,7167,8927,4847,689,19.559763982616683,48.89940995654171,73.57170617955694,2.4732360527152597,0.21199166166130798,0.989294421086104,0,20.322933964597393
48365,"Panola County, Texas",22583,5279,6275,6588,3959,482,19.665234911216402,51.16237878049861,72.69627595979277,13.13377319222424,0.07527786387990967,0.6730726652791923,0,9.121905858389054
48367,"Parker County, Texas",144803,36063,37249,49203,20397,1891,15.391946299455121,50.62878531522137,81.7752394632708,1.4205506791986353,0.20510624779873346,0.6760909649661955,0.0220989896618164,13.253869049674385
48369,"Parmer County, Texas",9874,2803,2871,2765,1351,84,14.533117277699008,57.464046992100464,32.661535345351425,1.0026331780433462,0.24306258861656876,0,0,64.72554182702046
48371,"Pecos County, Texas",15202,3778,4962,4545,1767,150,12.610182870674912,57.49243520589396,24.161294566504406,3.341665570319695,1.0130246020260492,0.9143533745559794,0.15787396395211156,69.40534140244705
48373,"Polk County, Texas",49372,10035,12395,17815,8470,657,18.486186502471035,45.43060844203192,70.95519727780929,8.885603175889168,1.1342461314105161,0.8425828404763833,0.04861054848902212,15.522968484161064
48375,"Potter County, Texas",119043,32688,36826,34482,13054,1993,12.639970430852717,58.3940256881967,42.84670245205514,10.022428870240166,0.4485774048033064,5.158640155238023,0.06636257486790488,39.39920868929715
48377,"Presidio County, Texas",6328,1696,1253,2023,1284,72,21.428571428571427,46.602402022756,15.676359039190897,0,1.8647281921618204,1.359039190897598,0,80.04108723135272
48379,"Rains County, Texas",12013,2306,2651,4195,2694,167,23.815866145009572,41.26363106634479,83.98401731457588,2.838591525846999,0.923999001082161,1.0821609922583868,0,9.49804378589861
48381,"Randall County, Texas",139176,33670,43247,41239,18965,2055,15.103178708972811,55.265994136920156,69.20805311260563,2.9358510087946197,0.2680059780421912,1.8746048169224578,0.17172501005920562,23.29712019313675
48383,"Reagan County, Texas",3363,1079,956,996,301,31,9.872137972048765,60.51144811180494,25.542670234909306,2.111210228962236,0,1.8435920309247695,0,69.37258400237883
48385,"Real County, Texas",2852,667,565,703,832,85,32.152875175315565,43.19775596072931,75.45582047685835,1.367461430575035,0,0,0,23.106591865357643
48387,"Red River County, Texas",11685,2361,2582,3858,2738,146,24.681215233204963,42.302096705177576,73.17928968763371,14.685494223363285,1.069747539580659,0.6076166024818143,0.025673940949935817,7.590928540864356
48389,"Reeves County, Texas",14584,3326,5082,4393,1470,313,12.22572682391662,57.65222161272627,22.56582556226001,0.6856829402084477,0.04114097641250686,1.1930883159626988,0.19199122325836535,75.05485463521667
48391,"Refugio County, Texas",6822,1577,1664,2061,1320,200,22.280856053943126,47.50806215186162,40.44268542949282,6.552330694810906,0.01465845793022574,0.20521841102316035,0,51.24596892406919
48393,"Roberts County, Texas",724,126,139,281,139,39,24.585635359116022,36.60220994475138,82.32044198895028,0,0,0,0,13.812154696132596
48395,"Robertson County, Texas",16839,4044,4301,5142,2783,569,19.90617020013065,49.55757467783123,56.07815190925827,19.87053863056001,0.05344735435595938,0.344438505849516,0.04157016449907952,21.77682760258923
48397,"Rockwall County, Texas",105227,28455,28649,35300,11582,1241,12.186035903332796,54.26744086593745,68.27715320212494,7.123646972735134,0.17105875868360781,2.9659688102863333,0.04751632185655773,18.828817698879565
48399,"Runnels County, Texas",9887,2353,2480,3007,1801,246,20.703954687974107,48.88237078992616,60.29129159502377,2.700515828866188,0,0.09102862344492768,0,35.12693435824821
48401,"Rusk County, Texas",52542,11748,15431,16800,7474,1089,16.297438239884283,51.72814129648662,62.55947622854098,16.38308400898329,0.05709717939933767,0.5157778539073503,0.1160975981119866,17.553576186669712
48403,"Sabine County, Texas",9974,1849,1760,3357,2709,299,30.158411870864246,36.184078604371365,84.28915179466613,5.514337276919992,0.13033888109083616,1.142971726488871,0.2506516944054542,4.842590735913375
48405,"San Augustine County, Texas",7964,1591,1596,2589,1945,243,27.473631341034658,40.01757910597689,69.0733299849322,22.413360120542443,0.3515821195379206,0,0,7.634354595680563
48407,"San Jacinto County, Texas",27380,5904,5990,9556,5387,543,21.658144631117604,43.44046749452155,73.58290723155588,9.331628926223521,0.05843681519357195,0.16070124178232287,0.03287070854638422,14.284149013878743
48409,"San Patricio County, Texas",68600,18357,19080,21002,9042,1119,14.81195335276968,54.572886297376094,37.20262390670554,1.8819241982507289,0.011661807580174927,0.9416909620991254,0.18075801749271136,58.53790087463557
48411,"San Saba County, Texas",5775,1158,1670,1592,1171,184,23.463203463203463,48.96969696969697,63.116883116883116,1.7835497835497836,0.05194805194805195,0.13852813852813853,0.17316017316017315,30.71861471861472
48413,"Schleicher County, Texas",2547,648,759,563,525,52,22.654102866117,55.2414605418139,42.99175500588928,1.1778563015312131,0,0,0.5496662740478995,54.29917550058893
48415,"Scurry County, Texas",16985,4200,5176,5056,2328,225,15.030909626140712,55.20164851339417,51.180453341183394,4.250809537827495,0.023550191345304682,0.5652045922873123,0,41.61318810715337
48417,"Shackelford County, Texas",3145,729,681,1111,533,91,19.84101748807631,44.83306836248013,84.76947535771065,0.22257551669316375,0.5723370429252782,0.1589825119236884,0,11.955484896661368
48419,"Shelby County, Texas",24254,6421,5870,7770,3804,389,17.28787004205492,50.67617712542261,60.97138616310712,18.524779417827986,0.07833759379896099,0.48239465655149666,0,18.809268574255793
48421,"Sherman County, Texas",2357,494,629,846,345,43,16.46160373355961,47.64531183708104,51.59100551548579,0.0848536274925753,0,2.333474756045821,0,45.22698345354264
48423,"Smith County, Texas",231429,57008,67003,69250,33798,4370,16.492315137688017,53.58490076870228,58.90921189652118,16.885092188100888,0.14691330818523177,1.6683302438328818,0.08771588694588837,20.124962731550497
48425,"Somervell County, Texas",9170,2014,2289,3143,1449,275,18.800436205016357,46.9247546346783,77.67720828789531,2.0719738276990185,0,1.0577971646673936,0,18.047982551799347
48427,"Starr County, Texas",65568,21610,20353,16115,6311,1179,11.42325524646169,63.99920693020986,3.2226085895558807,0.04575402635431918,0,0.007625671059053197,0,96.3290019521718
48429,"Stephens County, Texas",9142,2116,2381,2886,1500,259,19.24086633121855,49.190549113979436,69.8096696565303,3.215926493108729,0,0.9407131918617371,0,24.611682345219865
48431,"Sterling County, Texas",1391,501,268,461,140,21,11.574406901509706,55.283968368080515,60.100647016534865,0.14378145219266714,0.21567217828900073,0.9345794392523364,0,36.376707404744785
48433,"Stonewall County, Texas",1358,436,315,350,208,49,18.924889543446245,55.3019145802651,73.5640648011782,0.9572901325478645,0,0,0,25.331369661266567
48435,"Sutton County, Texas",3417,1044,893,904,500,76,16.856892010535557,56.68715247292947,28.504536142815336,0.11706175007316359,0.3219198127011999,0,0.1463271875914545,70.20778460637986
48437,"Swisher County, Texas",7055,1772,2068,1922,1080,213,18.327427356484762,54.42948263642806,43.99716513111269,7.951807228915663,0.4961020552799433,0.1559177888022679,0,45.15946137491141
48439,"Tarrant County, Texas",2091953,549926,652328,652158,212506,25035,11.354987420845497,57.47041162014634,44.81419993661425,16.617868565880784,0.19493745796392176,5.597401088838994,0.18145723159172314,29.50510838436619
48441,"Taylor County, Texas",141739,35433,49150,36782,17807,2567,14.374307706418135,59.67517761519412,61.9815294308553,7.343779764214507,0.15874247737037794,2.2753088423087506,0.0409202830554752,25.30425641495989
48443,"Terrell County, Texas",979,150,158,386,273,12,29.111338100102145,31.46067415730337,41.77732379979571,1.4300306435137895,0,0,0,54.13687436159346
48445,"Terry County, Texas",11937,3314,3660,3200,1536,227,14.769204992879283,58.423389461338694,40.93155734271593,1.9938007874675379,0.07539582809751194,0,0,56.18664656111251
48447,"Throckmorton County, Texas",1426,284,350,434,337,21,25.105189340813464,44.460028050490884,83.59046283309958,0.3506311360448808,0,0,0,13.253856942496494
48449,"Titus County, Texas",31327,9146,8456,9352,3867,506,13.959204520062565,56.18795288409359,43.559868484055286,9.445526223385578,0.07980336450984774,0.7278066843298113,0,44.40578414785968
48451,"Tom Green County, Texas",119048,28588,39145,32983,15786,2546,15.398830723741684,56.89553793427861,51.55399502721591,3.7816678986627243,0.11507963174517842,1.3843155701901755,0.05795981452859351,41.18002822390968
48453,"Travis County, Texas",1267795,271899,475261,394155,113746,12734,9.976376306895043,58.93381816460863,48.081905986377926,7.8762733722723315,0.13424883360480203,6.940712023631581,0.03289175300423176,33.633118919068146
48455,"Trinity County, Texas",13695,2764,2855,4528,3199,349,25.907265425337716,41.029572836801755,77.34209565534867,8.543263964950713,0.029207740051113547,0.08762322015334063,0,11.106243154435926
48457,"Tyler County, Texas",20032,3880,5443,6342,3912,455,21.80011980830671,46.540535143769965,78.38458466453675,10.313498402555911,0.0648961661341853,0.6439696485623003,0,8.316693290734824
48459,"Upshur County, Texas",40781,9827,10178,13396,6771,609,18.096662661533557,49.05470684877762,79.70623574703906,8.077290895269856,0.38498320296216376,0.4389298938231039,0,9.00174100684142
48461,"Upton County, Texas",3340,888,839,1118,434,61,14.820359281437126,51.706586826347305,38.92215568862275,3.7724550898203595,0.47904191616766467,0.5089820359281437,0,56.25748502994012
48463,"Uvalde County, Texas",24918,6725,7152,6997,3624,420,16.229231880568264,55.69066538245445,25.026085560638897,0.3651978489445381,0.15651336383337347,1.0875672204831848,0,72.2730556224416
48465,"Val Verde County, Texas",47767,13681,15115,12314,5762,895,13.936399606422844,60.2842966901836,14.3844076454456,1.143048548160864,0.08583331588753743,0.648983607930161,0.00837398203780853,82.571649883811
48467,"Van Zandt County, Texas",58782,13566,14035,19388,10678,1115,20.0622639583546,46.95485012418768,82.69198053826001,2.9226634003606544,0.6090299751624647,0.4270014630329012,0.018713211527338302,11.842060494709266
48469,"Victoria County, Texas",91280,23277,26930,26474,13009,1590,15.99364592462752,55.003286590709905,43.202234881682735,5.535714285714286,0.2684049079754601,1.1974145486415424,0.06792287467134094,48.01489921121823
48471,"Walker County, Texas",76506,11332,31471,23634,8705,1364,13.161059263325752,55.947245967636526,55.88450579039552,22.50673149818315,0.18691344469714793,1.1149452330536167,0.2993229289206075,18.326667189501478
48473,"Waller County, Texas",55505,13525,20454,15010,6055,461,11.739482929465813,61.21790829654986,42.336726421043146,23.44833798756869,0.17836230970182868,1.2665525628321772,0.03242951085487794,31.139536978650572
48475,"Ward County, Texas",11375,3341,3472,3012,1386,164,13.626373626373626,59.894505494505495,38.24175824175824,3.1296703296703297,0.16703296703296702,2.5054945054945055,0,55.2
48477,"Washington County, Texas",35561,7764,8881,11246,6520,1150,21.56857231236467,46.80689519417339,62.748516633390516,16.917409521666993,0.008436208205618514,1.3301088270858525,0,16.788054329180845
48479,"Webb County, Texas",266963,87230,84233,70383,21756,3361,9.408419893393466,64.22725246569749,3.343909081033701,0.33375411573888514,0.025846278323213328,0.4880826181905358,0.003745837438146859,95.47914879590056
48481,"Wharton County, Texas",41602,10927,11245,12383,6095,952,16.939089466852554,53.29551463871929,43.35849238017403,12.523436373251286,0.0913417624152685,0.42546031440796117,0,42.61333589731263
48483,"Wheeler County, Texas",5091,1285,1269,1534,887,116,19.70143390296602,50.16696130426242,69.06305244549205,1.84639560007857,0.11785503830288745,0.27499508937340406,0,25.574543311726575
48485,"Wichita County, Texas",129419,29483,43707,37297,16821,2111,14.628454863659895,56.55274727822035,63.987513425385764,10.144569189995286,0.42806697625541845,2.029841058886253,0.08499524799295312,20.017153586413123
48487,"Wilbarger County, Texas",12887,2951,3766,3878,2093,199,17.785365096608984,52.12229378443393,56.28152401645069,7.263133390238225,0.659579421122061,3.2202995266547685,0,30.255296034763717
48489,"Willacy County, Texas",20423,4869,7389,5343,2435,387,13.817754492483964,60.020565049209225,10.277628164324536,0.6316407971404788,0,0,0,88.24364686872643
48491,"Williamson County, Texas",591759,150222,178483,190847,65333,6874,12.202095785615429,55.547106169910386,57.126972297844226,6.240040286670756,0.11271480450656433,7.461145500110687,0.09666097178074182,24.967765593763676
48493,"Wilson County, Texas",49374,11915,12749,16908,7052,750,15.80183902458784,49.953416778061325,55.41783124721513,1.4481305950500263,0.0060760724267833275,0.5508972333616884,0,40.474743792279334
48495,"Winkler County, Texas",7629,2242,2113,2359,876,39,11.993708218639402,57.084807969589725,33.228470310656704,1.1141696159391794,1.8875344081793157,0.7602569144055578,0.039323633503735744,62.20998820290995
48497,"Wise County, Texas",67877,16888,17485,23350,9157,997,14.959411877366414,50.64012846766946,75.20367723971302,1.2434256080852129,0.43313640850361684,0.4095643590612431,0.1355392842936488,20.04360829146839
48499,"Wood County, Texas",44615,8542,9648,14603,10493,1329,26.49781463633307,40.77104112966491,81.39414994956853,4.7069371287683515,0.0986215398408607,0.6029362322088984,0.047069371287683515,10.512159587582651
48501,"Yoakum County, Texas",7707,2522,1949,2539,523,174,9.043726482418581,58.012196704294794,28.804982483456598,1.3364473854937071,0,0.6357856494096276,0,67.79551057480212
48503,"Young County, Texas",17894,4374,4481,5397,3104,538,20.353191013747626,49.48586118251928,76.95316865988599,1.2518162512574047,0.5979657985917067,0.1955962892589695,0,19.386386498267576
48505,"Zapata County, Texas",13945,4662,4135,3298,1629,221,13.266403728935103,63.08354248834708,3.4134098243097886,0,0,1.3553244890641807,0,94.81534600215132
48507,"Zavala County, Texas",9900,2886,2606,2943,1247,218,14.797979797979798,55.474747474747474,5.414141414141414,0.4444444444444444,0,0,0,93.94949494949495
49001,"Beaver County, Utah",6962,2323,1889,1758,889,103,14.248779086469405,60.49985636311405,84.02757828210284,0.15800057454754382,0.6607296753806378,0,0.15800057454754382,12.338408503303649
49003,"Box Elder County, Utah",56891,17948,16099,15679,6443,722,12.594259197412596,59.84602133905187,86.50753194705665,0.4816227522806771,0.6661862157459001,0.7312228647765024,0.20389868344729395,9.68694521101756
49005,"Cache County, Utah",131703,39876,50725,28643,10915,1544,9.459921186305552,68.79190299385739,83.17274473626266,0.60894588581885,0.17387606964154195,1.821522668428206,0.38723491492221135,10.88509753004867
49007,"Carbon County, Utah",20208,5319,5477,5825,3259,328,17.750395882818687,53.42438638163104,82.31888361045131,1.0540380047505937,0.4008313539192399,0.4750593824228028,0.32660332541567694,13.618368962787015
49009,"Daggett County, Utah",564,187,109,173,95,0,16.843971631205672,52.4822695035461,92.02127659574468,0.1773049645390071,0.5319148936170213,0,0,3.723404255319149
49011,"Davis County, Utah",358831,114373,111288,97065,32607,3498,10.061839696124359,62.887821843709155,82.53439641502545,1.1356320942170548,0.3151901591557028,1.7793891832088087,0.6953133926555956,10.209262856330696
49013,"Duchesne County, Utah",19651,6600,5450,5258,2097,246,11.923057350770954,61.32003460383695,84.47407256628162,0.14757518701338354,3.8165996641392295,0.35621596865299476,0.44272556104015065,8.386341662001934
49015,"Emery County, Utah",9839,2837,2433,2890,1542,137,17.06474235186503,53.56235389775384,90.47667445878646,0.0711454416099197,0.6707998780363859,0,0.386218111596707,6.504726090049802
49017,"Garfield County, Utah",5061,1194,1207,1502,1009,149,22.880853586247778,47.44121715076072,88.08535862477771,0.03951788184153329,4.287690179806362,0.019758940920766646,0.5730092867022327,6.184548508199961
49019,"Grand County, Utah",9630,1881,2644,3142,1788,175,20.384215991692628,46.98857736240914,81.17341640706127,0.010384215991692628,3.6656282450674973,1.5264797507788161,0.5503634475597092,10.51921079958463
49021,"Iron County, Utah",55839,15951,19252,13433,6633,570,12.899586310643098,63.04375078350257,84.90839735668618,0.7020183026200326,1.7353462633643153,0.9384122208492273,0.18624975375633518,9.287415605580328
49023,"Juab County, Utah",11648,4016,3084,3109,1239,200,12.354052197802197,60.95467032967033,90.69368131868131,0.21462912087912087,1.0817307692307692,0,0.008585164835164836,5.631868131868132
49025,"Kane County, Utah",7635,1647,1729,2551,1599,109,22.370661427635888,44.21741977734119,90.11132940406024,0.19646365422396855,4.5841519318926,0.4060248853962017,0.3143418467583497,3.1958087753765554
49027,"Millard County, Utah",12860,4054,3255,3371,1813,367,16.951788491446344,56.835147744945566,82.88491446345256,0.17107309486780714,1.166407465007776,1.4307931570762054,0.14774494556765164,12.706065318818041
49029,"Morgan County, Utah",12162,4281,3212,3250,1309,110,11.667488899851998,61.609932576878805,93.39746752178918,0.6742312119717152,0.0986679822397632,0,0.4028942608123664,2.976484130899523
49031,"Piute County, Utah",1809,321,385,582,474,47,28.800442233278055,39.02708678828082,93.97457158651189,0.2763957987838585,0,0,0,4.532891100055279
49033,"Rich County, Utah",2507,832,642,577,424,32,18.18907060231352,58.79537295572397,88.2728360590347,0,0,0,0,8.775428799361787
49035,"Salt Lake County, Utah",1173331,315368,394586,334825,115401,13151,10.95615815145087,60.50756350935925,69.80110471810598,1.7436682402493413,0.572387501906964,4.046939866073597,1.5042643550711607,18.777906660609837
49037,"San Juan County, Utah",14610,4353,3929,4231,1877,220,14.353182751540041,56.68720054757016,43.422313483915126,0.17111567419575632,46.79671457905544,0.23956194387405885,0,5.989048596851472
49039,"Sanpete County, Utah",28458,7200,9207,8115,3648,288,13.83090870756905,57.65338393421885,85.67362428842505,0.9347108018834774,0.59385761473048,0.7238737789022419,0.5587181109002741,9.554431091432988
49041,"Sevier County, Utah",21471,6267,5619,6069,3203,313,16.375576358809557,55.35839038703367,91.49084812072097,0.5728657258627917,0.9035443155884681,0.321363699874249,0.4005402636113828,5.3700339993479576
49043,"Summit County, Utah",42156,10174,10508,16008,5191,275,12.966125818388841,49.06063193851409,83.98092798178195,0.6713160641427081,0.04981497295758611,1.6438941076003415,0.14232849416453175,11.07315684600057
49045,"Tooele County, Utah",71340,23051,21993,20024,5782,490,8.791701710120549,63.139893467900194,81.1143818334735,0.8704793944491169,0.3756658256237735,0.6686291000841043,0.3700588730025231,13.127277824502382
49047,"Uintah County, Utah",35488,11566,10211,9866,3478,367,10.834648331830477,61.36440486925158,80.54553651938683,0.49876014427412085,6.402164111812444,0.7157348963029756,0.03381424706943192,8.619815148782687
49049,"Utah County, Utah",648265,215004,243954,139911,44595,4801,7.619723415578505,70.7978990073504,81.26152113718926,0.5888024187639315,0.294324080430071,1.37150702259107,0.753858375818531,12.195321357778068
49051,"Wasatch County, Utah",34028,10561,9731,9714,3734,288,11.819677912307512,59.6332432114729,82.89643822734219,0.17926413541789116,0.12342776536969555,1.7309274714940637,0.011755025273304338,13.782767132949337
49053,"Washington County, Utah",176533,45612,46354,46718,33259,4590,21.440183988262817,52.09564217455093,83.16632017809701,0.5670327927356358,0.9969807344802388,0.9233401120470394,0.6395404825160168,10.94979408949035
49055,"Wayne County, Utah",2500,587,563,783,536,31,22.68,46,92.04,0,0.6,0,0,6.2
49057,"Weber County, Utah",259390,72680,83447,73085,27235,2943,11.634218743976252,60.190061297659895,75.42465014071476,0.9607155248853079,0.36547284012490844,1.3527892362851306,0.21357800994641274,18.629091329658046
50001,"Addison County, Vermont",37306,6205,10810,12722,6714,855,20.28896156114298,45.60928536964563,91.90478743365678,0.9703532943762397,0.19835951321503242,1.8200825604460409,0.07773548490859379,2.52238245858575
50003,"Bennington County, Vermont",37235,7083,9430,12355,7244,1123,22.47079360816436,44.348059621324026,93.08177789713979,0.8137505035584799,0.07251242110917148,1.2165972874983215,0.07251242110917148,2.2935410232308313
50005,"Caledonia County, Vermont",30402,5899,7743,10345,5838,577,21.100585487796856,44.87204789158608,93.76027892901783,0.6808762581409118,0.14801657785671996,0.3716860732846523,0,1.8650088809946714
50007,"Chittenden County, Vermont",167523,29874,60793,51384,22581,2891,15.205076317878738,54.12212054464163,87.53962142511774,2.5172662858234394,0.09252460856121249,3.9642317771291107,0.03462211159064726,2.4904043026927645
50009,"Essex County, Vermont",5972,1033,1174,2222,1387,156,25.837240455458808,36.95579370395178,94.27327528466175,0.11721366376423309,0.11721366376423309,0.7367716008037508,0,1.4735432016075016
50011,"Franklin County, Vermont",49752,11052,13476,17175,6979,1070,16.178244090689823,49.30053063193439,93.19625341694807,0.4261135230744493,0.4261135230744493,0.8260974433188616,0,1.7446534812670846
50013,"Grand Isle County, Vermont",7249,1269,1672,2798,1410,100,20.830459373706717,40.57111325700097,91.69540626293282,1.131190509035729,1.3105255897365153,0.48282521727134775,0,2.000275900124155
50015,"Lamoille County, Vermont",25920,5276,7631,8564,4010,439,17.16435185185185,49.795524691358025,93.69212962962963,0.8757716049382716,0.4861111111111111,0.22762345679012347,0,1.9521604938271604
50017,"Orange County, Vermont",29286,5400,7203,10450,5661,572,21.283206993102507,43.03421430034829,94.64590589360104,0.3414600833162603,0.198046848323431,0.3414600833162603,0.023902205832138222,1.3692549340982039
50019,"Orleans County, Vermont",27317,5389,6488,9227,5640,573,22.744078778782445,43.47842003148223,94.31123476223597,0.6113409232346158,0.34410806457517296,0.08785737818940587,0.02562506863857671,1.603397151956657
50021,"Rutland County, Vermont",60662,10688,15326,21217,11957,1474,22.14071412086644,42.88351851241304,94.20230127592232,0.6956579077511457,0.08407240117371666,0.8126998780125944,0,1.615508885298869
50023,"Washington County, Vermont",59609,11098,16148,20623,10388,1352,19.6950124981127,45.707862906608064,93.32651109731752,0.7616299552081062,0.13085272358200942,0.8337667130802395,0.016775990202821722,2.014796423358889
50025,"Windham County, Vermont",45811,8204,11106,15892,9502,1107,23.158193446988715,42.15144834210124,92.1394424919779,1.1307327934338913,0.14843596516120583,1.2202309488987362,0.01964593656545371,2.451376307000502
50027,"Windsor County, Vermont",57593,10419,13452,20191,12197,1334,23.49417463927908,41.44774538572396,93.90030038372718,0.6337575747052593,0.10765197159377007,0.9063601479346448,0,1.8821731807684963
51001,"Accomack County, Virginia",33388,6949,7515,10863,7201,860,24.143404816101594,43.3209536360369,59.698095123996644,28.462321792260692,0.20666107583562957,0.7637474541751528,0,9.111057865101234
51003,"Albemarle County, Virginia",111438,22417,34280,33886,18430,2425,18.71444211130853,50.877618047703656,76.38597246899621,8.715159999282111,0.29074462930059763,5.540300436116944,0.054738957985606344,5.866042104129651
51005,"Alleghany County, Virginia",15266,2920,3508,5164,3179,495,24.066553124590595,42.10664221145028,91.228874623346,5.548277217345736,0,0.026202017555351762,0,1.5721210533211056
51007,"Amelia County, Virginia",13220,2821,3090,4757,2206,346,19.30408472012103,44.7125567322239,73.32072617246597,22.042360060514373,0,0.007564296520423601,0,3.3055975794251133
51009,"Amherst County, Virginia",31381,6146,7762,10973,5856,644,20.71317038972627,44.319811350817375,74.24874924317263,18.5366941780058,0.7998470412032759,0.6978745100538543,0.05735954877154966,2.5939262611134124
51011,"Appomattox County, Virginia",16039,3503,4044,5234,2945,313,20.312987093958476,47.054055739135855,76.5072635451088,18.118336554648046,0.037408816010973255,0.17457447471787518,0,1.988902051250078
51013,"Arlington County, Virginia",235764,42903,95337,71976,22553,2995,10.836259988802361,58.634906092533214,60.20045469198011,9.089173919682395,0.17220610440949424,10.183912726285607,0.04368775555216233,15.521453657046877
51015,"Augusta County, Virginia",76948,14773,19186,26744,14403,1842,21.1116598222176,44.13240110204294,89.61246556115819,4.280813016582627,0.15075115662525343,0.6056037843738629,0.08707178874044809,3.2463481831886467
51017,"Bath County, Virginia",4243,598,987,1455,1054,149,28.352580721187838,37.355644591091206,95.19208107471128,3.6530756540183833,0.42422814046665097,0.28281876031110065,0,0.44779637049257603
51019,"Bedford County, Virginia",79183,15820,17592,28740,15342,1689,21.508404581791545,42.195925893184146,86.75599560511726,6.18061957743455,0.13134132326383188,1.1833348067135623,0,2.5055883207254084
51021,"Bland County, Virginia",6278,990,1760,2074,1260,194,23.160242115323353,43.80375915896782,93.51704364447276,4.539662312838484,0,0.07964319847085059,0,0.9079324625676968
51023,"Botetourt County, Virginia",33542,6449,7211,12368,6739,775,22.40176495140421,40.72506111740505,91.78939836622742,2.56096833820285,0.2146562518633355,0.5366406296583388,0.22360026235764116,1.9140182457814083
51025,"Brunswick County, Virginia",16044,2650,4797,5234,3012,351,20.961106955871355,46.41610570929943,40.66317626527051,55.029917726252805,0.1682872101720269,0.049862877088007976,0,1.5831463475442533
51027,"Buchanan County, Virginia",20615,3520,5056,7477,4052,510,22.12951734174145,41.600776133883095,94.42638855202523,2.2992966286684453,0.8100897404802329,0.13582342954159593,0,0.8974048023284017
51029,"Buckingham County, Virginia",16832,3051,4722,5787,2905,367,19.43916349809886,46.17989543726236,61.19296577946768,32.60456273764259,0.528754752851711,0.04158745247148289,0,2.48930608365019
51031,"Campbell County, Virginia",55656,11215,14944,18415,9662,1420,19.911599827511857,47.00122179100187,78.26469742705189,14.197930142302717,0.20482966796032773,0.9397010205548368,0.0215610176800345,2.9197211441713384
51033,"Caroline County, Virginia",30861,6861,8883,10158,4636,323,16.068824730242053,51.01584524156703,63.06665370532387,25.47551926379573,0.3758789410582936,1.0304267522115291,0,5.476167330935485
51035,"Carroll County, Virginia",29123,5317,6841,9850,6393,722,24.430862205129966,41.74707276036123,93.77124609415239,0.3605397795556776,0.13734848744978195,0,0.024035985303711843,3.9625038629262095
51036,"Charles City County, Virginia",6817,1031,1502,2583,1571,130,24.952325069678743,37.1571072319202,43.14214463840399,44.24233533812527,5.8530145225172365,0.33739181458119405,0,2.068358515476016
51037,"Charlotte County, Virginia",11605,2566,2701,3795,2338,205,21.91296854803964,45.385609651012494,68.03963808703145,26.738474795346832,0,0.3532959931064196,0,2.4386040499784576
51041,"Chesterfield County, Virginia",359798,86120,98751,120966,48783,5178,14.99758197655351,51.381886502982226,60.021456483915976,22.916469796941616,0.1617574305582577,3.3432648319334737,0.05336327606045615,9.498385205031711
51043,"Clarke County, Virginia",14726,2869,3047,5737,2695,378,20.867852777400515,40.17384218389243,85.01969305989407,4.814613608583458,0,1.4871655575173164,0,6.172755670243108
51045,"Craig County, Virginia",4914,1086,862,1826,990,150,23.1990231990232,39.64183964183964,96.15384615384616,0.02035002035002035,0,0,0,0.02035002035002035
51047,"Culpeper County, Virginia",52021,12778,13886,17356,7260,741,15.380327175563714,51.25622344822283,68.53962822706215,12.879414082774264,0.2806558889679168,0.8861805809192441,0.12494953960900405,11.8817400665116
51049,"Cumberland County, Virginia",9669,1908,2510,3095,1755,401,22.29806598407281,45.69241907125866,63.48122866894198,29.961733374702657,0.09308098045299411,0.7756748371082842,0,1.1583410900817044
51051,"Dickenson County, Virginia",14256,2763,3404,4881,2879,329,22.50280583613917,43.258978675645345,97.40460157126824,0.8487654320987654,0.1473063973063973,0.13327721661054995,0,1.0171156004489337
51053,"Dinwiddie County, Virginia",28040,5867,7386,9867,4658,262,17.546362339514978,47.26462196861626,62.20042796005706,31.46219686162625,0,0.7988587731811697,0.05349500713266762,3.7624821683309557
51057,"Essex County, Virginia",10621,1999,2438,3742,2118,324,22.992185293286884,41.77572733264288,54.062705959890785,38.160248564165336,0,0.5743338668675266,0,4.039167686658507
51059,"Fairfax County, Virginia",1146825,269933,333027,387651,140412,15802,13.621433087001067,52.57646109912149,49.318422601530315,9.539031674405424,0.1182394872800994,19.94044427004992,0.05031282017744643,16.39622435855514
51061,"Fauquier County, Virginia",72416,16923,18529,25106,10783,1075,16.374834290764472,48.95603181617322,78.64974591250552,6.789935925762262,0.2761820592134335,1.6087604949182501,0.04557003977021653,9.216195315952275
51063,"Floyd County, Virginia",15536,2940,3300,5622,3215,459,23.64830072090628,40.164778578784755,92.85530381050464,2.79994850669413,0.148043254376931,0.43125643666323377,0,2.915808444902163
51065,"Fluvanna County, Virginia",27078,5416,6940,9347,4839,536,19.850062781593913,45.631139670581284,76.85205702045941,14.428687495383706,0.0849398035305414,0.7570721619026516,0.08863283846665189,3.8001329492577
51067,"Franklin County, Virginia",54829,10445,12352,19147,11689,1196,23.50033741268307,41.57836181582739,86.91750715862044,7.687537616954532,0.16779441536413212,0.6638822520928706,0.009119261704572397,2.940049973554141
51069,"Frederick County, Virginia",90287,20809,23796,29965,13807,1910,17.407821724057726,49.40356862006712,81.83016381095838,3.9008938163855262,0.1395549746918161,1.5716548340292622,0.09303664979454407,9.520750495641677
51071,"Giles County, Virginia",16764,3424,3997,5790,3078,475,21.194225721784775,44.267477928895254,94.36888570746838,1.879026485325698,0,0.01789549033643522,0.35194464328322594,1.8313051777618707
51073,"Gloucester County, Virginia",38586,7791,9510,13852,6661,772,19.26346343233297,44.837505831130464,83.56657855180636,8.547141450266937,0.03628258954024776,0.6919608148032965,0,3.8900119214222775
51075,"Goochland County, Virginia",24300,4265,5456,9090,5057,432,22.588477366255145,40.00411522633745,77.33333333333333,15.193415637860083,0.037037037037037035,1.7160493827160495,0,3.1481481481481484
51077,"Grayson County, Virginia",15418,2545,3603,5463,3504,303,24.691918536775198,39.87547022960177,89.10364509015436,4.734725645349592,0.05837332987417304,1.79011544947464,0,3.709949409780776
51079,"Greene County, Virginia",20374,4870,5348,6514,3329,313,17.87572396191224,50.15215470697948,80.30823598704231,6.223618337096299,0.17669578875036812,2.085991950525179,0.07853146166683027,6.282516933346422
51081,"Greensville County, Virginia",11465,1777,3887,4058,1574,169,15.202791103358047,49.40252943741823,35.96162232882686,54.513737461840385,0.05233318796336677,0.06105538595726123,0,2.634103794156127
51083,"Halifax County, Virginia",34228,6992,7788,11168,7368,912,24.190721047095945,43.18102138599976,59.58864087881267,34.9626037162557,0.1080986326983756,0.1899030033890382,0,2.2671497019983637
51085,"Hanover County, Virginia",109232,24025,27870,37818,17346,2173,17.869305697963966,47.508971729896004,82.73674381133733,8.430679654313755,0.18126556320492163,1.6643474439724624,0.049436062692251356,3.22158341877838
51087,"Henrico County, Virginia",331924,75474,94502,110425,44563,6960,15.522529253684578,51.209312975259394,51.465696966775525,29.359130403345343,0.10243308709222593,9.226810956725034,0.03133247369879852,5.976970631831383
51089,"Henry County, Virginia",51077,10029,11000,17904,10679,1465,23.775867807428,41.17117293498052,69.1387512970613,22.67752608806312,0.005873485130293479,0.5775593711455254,0,5.855864674902598
51091,"Highland County, Virginia",2229,302,474,708,634,111,33.42305966801256,34.8138178555406,92.32839838492598,0,0,3.095558546433378,0,0
51093,"Isle of Wight County, Virginia",38301,8131,8744,14183,6594,649,18.910733401216678,44.0589018563484,69.79191143834365,22.216130127150727,0.07571603874572465,0.9373123417143155,0.0313307746534033,3.7910237330617997
51095,"James City County, Virginia",77733,15622,17202,25336,17420,2153,25.179782074537197,42.22659616893726,74.28119331558025,12.541648977911569,0.03473428273706148,2.6243680290224227,0.009005184413312236,6.154400319040819
51097,"King and Queen County, Virginia",6690,1259,1374,2499,1460,98,23.288490284005977,39.35724962630792,66.00896860986548,24.230194319880418,0.32884902840059793,0,0,3.4529147982062782
51099,"King George County, Virginia",26597,6634,7195,9294,3042,432,13.061623491371208,51.99458585554762,71.37271120803098,16.543219160055646,0.0902357408730308,1.1768244538857766,0,5.955558897620032
51101,"King William County, Virginia",17511,3999,4606,6093,2425,388,16.064188224544573,49.14054023185426,77.18005824910057,15.1333447547256,0.9479755582205471,1.370567072126092,0.07423904974016332,2.8610587630632174
51103,"Lancaster County, Virginia",10916,1736,1774,3509,3293,604,35.69989006962257,32.15463539758153,67.05753023085379,29.076584829607913,0,0.8977647489923049,0,0.9527299377061195
51105,"Lee County, Virginia",22482,4133,5442,8035,4573,299,21.670669869228718,42.58962725736144,92.88319544524508,3.7407703940930523,0.06672004270082733,0.29801619073036206,0,2.0416333066453163
51107,"Loudoun County, Virginia",413574,115705,112549,146187,34691,4442,9.462151876085054,55.19060675961255,54.116554715721975,7.31719111936437,0.1915013999912954,19.911309705155546,0.06866969393627259,13.743368780435908
51109,"Louisa County, Virginia",37136,7492,8589,13722,6852,481,19.746337785437312,43.302994398965964,76.82033606204223,13.744075829383887,0.17772511848341233,0.5170185264971995,0,3.298685911245153
51111,"Lunenburg County, Virginia",11982,2352,3156,3845,2298,331,21.941245201135036,45.96895343014522,58.621265231180104,33.29160407277583,0.016691704223001168,0.35052578868302453,0,5.499916541478885
51113,"Madison County, Virginia",13731,2837,3395,4362,2926,211,22.846114631126646,45.3863520501056,84.66972543878815,7.413880999198893,0.01456558153084262,0.7792586119000801,0,3.1461656106620057
51115,"Mathews County, Virginia",8548,1396,1388,3211,2284,269,29.86663547028545,32.56902199344876,84.61628451099672,9.347215722976134,0,0,0,2.889564810481984
51117,"Mecklenburg County, Virginia",30347,5695,7109,9823,6779,941,25.43908788348107,42.1919794378357,60.30909150822157,33.89461890796454,0.4086071110818203,0.9391373117606353,0.013180874551026461,3.031601146736086
51119,"Middlesex County, Virginia",10686,1618,2127,3526,2963,452,31.957701665730863,35.045854388920084,77.80273254725809,14.617256223095639,0.20587684821261465,1.3943477447127082,0.10293842410630732,3.0320044918585065
51121,"Montgomery County, Virginia",99294,15447,45472,25587,11574,1214,12.878925211996696,61.35214615183193,83.27995649283945,4.1321731423852395,0.3263037041513082,6.458597699760308,0.15106652969967974,3.466473301508651
51125,"Nelson County, Virginia",14795,2586,3079,5135,3657,338,27.0023656640757,38.28996282527881,81.0070969922271,12.287935113213925,0.04731328151402501,0.22980736735383575,0,4.488002703616086
51127,"New Kent County, Virginia",22519,4511,5936,8110,3661,301,17.594031706558905,46.39193569874328,77.58781473422444,12.651538700652782,0.7860029308583862,1.0346818242373108,0,3.827878680225587
51131,"Northampton County, Virginia",12226,2387,2542,3989,2840,468,27.05709144446262,40.31572059545231,54.915753312612466,31.891051856698837,0,1.0633077048912154,0,9.250777032553575
51133,"Northumberland County, Virginia",11965,1805,2060,3456,4254,390,38.81320518178019,32.30254910154618,68.2741328875888,21.671541997492685,0,0.34266610948600085,0,3.9448391140827415
51135,"Nottoway County, Virginia",15667,3029,4617,5079,2478,464,18.77832386544967,48.80321695283079,54.15842216123061,39.59277462181656,0.05106274334588626,0.440416161358269,0,4.7552179740856575
51137,"Orange County, Virginia",36001,7630,9259,11986,6452,674,19.7938946140385,46.91258576150663,77.06730368600873,12.557984500430544,0.008333101858281714,1.366628704758201,0,5.613732951862448
51139,"Page County, Virginia",23734,4785,5840,8145,4449,515,20.915142833066486,44.767000926940256,92.91733378275892,1.196595601247156,0.0716272014831044,0.4255498441055027,0,2.216229881183113
51141,"Patrick County, Virginia",17661,3078,3689,6230,4188,476,26.408470641526527,38.31606364305532,89.59855047845535,5.701828888511409,0.1075816771417247,0.4303267085668988,0,3.295396636657041
51143,"Pittsylvania County, Virginia",60833,11428,13541,21989,12682,1193,22.80834415531044,41.04515641181595,73.79054131803461,19.79188927062614,0.054246872585603206,0.3780842634754163,0,2.812618151332336
51145,"Powhatan County, Virginia",29979,5459,7067,11802,5280,371,18.8498615697655,41.78258114013143,85.33306647986925,9.056339437606324,0.14343373694919778,0.19013309316521565,0,2.361653157210047
51147,"Prince Edward County, Virginia",21887,3425,9374,5540,3063,485,16.210535934573034,58.4776351258738,60.78494083245762,31.000137067665737,0.3243934755791109,0.886370905103486,0.5985288070544159,3.2850550555124047
51149,"Prince George County, Virginia",42170,9372,13414,13438,5376,570,14.100071140621294,54.033673227412855,54.140384159354994,30.009485416172634,0.40550154138012806,1.5152952335783731,0.39364477116433483,8.676784443917477
51153,"Prince William County, Virginia",477224,128963,141790,158524,44181,3766,10.047063852614286,56.73499237255461,40.82317737582351,20.311216535631065,0.19215295123464032,9.373795115082226,0.073550366285015,24.508197408344927
51155,"Pulaski County, Virginia",33893,6102,7855,12340,7066,530,22.41170743221314,41.17959460655592,90.2251202313162,4.942023426666274,0.011801846989053786,0.6195969669253238,0.15637447260496268,1.9000973652376596
51157,"Rappahannock County, Virginia",7400,1384,1615,2518,1708,175,25.445945945945947,40.527027027027025,87.91891891891892,4.04054054054054,0.3108108108108108,0.47297297297297297,0,3.9864864864864864
51159,"Richmond County, Virginia",8902,1489,2584,2980,1639,210,20.77061334531566,45.75376319928106,60.23365535834644,27.06133453156594,0.41563693552010783,0.04493372275893058,0,7.380363963154347
51161,"Roanoke County, Virginia",96303,19459,24670,31424,18235,2515,21.546576949835416,45.82307923948371,84.9360871416259,5.781751347310053,0.1266834885725263,3.5793277467991653,0.03634362377080672,3.340498219162435
51163,"Rockbridge County, Virginia",22663,4055,4717,7963,5128,800,26.15717248378414,38.70626130697613,91.48391651590698,3.419670829104708,0.4941975907867449,0.9133830472576446,0,2.1444645457353397
51165,"Rockingham County, Virginia",83090,18538,22704,26121,13723,2004,18.927668792875195,49.63533517872187,87.450956793838,2.315561439403057,0.02407028523288001,0.8701408111686123,0.06017571308220002,7.521964135275003
51167,"Russell County, Virginia",25932,4881,6035,9382,5063,571,21.726052753354928,42.094709239549594,96.26716026530927,1.5232145611599568,0.22366188492981645,0.04241863334875829,0,0.5283047971618078
51169,"Scott County, Virginia",21576,4044,4871,7514,4545,602,23.85520949202818,41.31905821282907,96.42195031516499,0.8945124212087505,0.2039302929180571,0.046347793845012975,0.12977382276603633,1.432146829810901
51171,"Shenandoah County, Virginia",44037,9427,10469,14636,8442,1063,21.58412244249154,45.180189386197966,86.42051002566023,1.8416331721052752,0.047687172150691466,1.0877216885800576,0,7.636759997275019
51173,"Smyth County, Virginia",29960,5795,7286,10372,5799,708,21.718958611481977,43.66154873164219,93.76168224299066,2.01935914552737,0.2369826435246996,0.5974632843791722,0.04005340453938585,2.162883845126836
51175,"Southampton County, Virginia",18028,3477,4109,6809,3241,392,20.151985799866875,42.078988240514754,60.81096072775682,31.60639005990681,0.20523629909030397,0.24406478810738852,0,2.035722209895718
51177,"Spotsylvania County, Virginia",138493,34376,37905,46494,18021,1697,14.237542691688388,52.19108547002376,66.00405796682865,16.09828655599922,0.1675174918587943,2.564028506855942,0.04982201266490003,10.713898897417199
51179,"Stafford County, Virginia",154204,40370,45853,51871,14931,1179,10.447199813234416,55.91489196129802,58.29745013099531,17.946356774143343,0.24253586158595108,3.234027651682187,0.027236647557780602,14.107286451713314
51181,"Surry County, Virginia",6563,1158,1504,2406,1355,140,22.7792168215755,40.56071918330032,53.22261161054396,43.21194575651379,0.030473868657626087,0.1066585403016913,0,2.7274112448575347
51183,"Sussex County, Virginia",10960,1725,3661,3642,1760,172,17.62773722627737,49.14233576642336,38.832116788321166,55.903284671532845,0,0.3010948905109489,0,3.2481751824817517
51185,"Tazewell County, Virginia",40615,7936,9734,13845,8182,918,22.40551520374246,43.50609380770651,93.58118921580697,3.350978702449834,0.11572079281053797,0.7411055028930198,0.019697156223070295,1.1005786039640526
51187,"Warren County, Virginia",40442,8956,10842,14151,5989,504,16.05509124177835,48.954057662825775,85.29499035656,4.458236486820632,0.08407101528114337,1.2190297215765789,0,5.387963008753276
51191,"Washington County, Virginia",53997,9571,13158,18734,11356,1178,23.21240068892716,42.09307924514325,94.923792062522,1.5519380706335537,0.06667037057614313,0.5111395077504306,0,1.5797173917069467
51193,"Westmoreland County, Virginia",18324,3419,3989,6257,4282,377,25.4256712508186,40.42785418030998,63.315869897402315,25.496616459288365,0.16371971185330714,1.0259768609473914,0.005457323728443571,6.597904387688278
51195,"Wise County, Virginia",36531,7052,10266,12591,5992,630,18.127070159590485,47.40631244696285,91.0541731679943,5.368043579425693,0.15055706112616682,0.5310558156086611,0,1.3057403301305741
51197,"Wythe County, Virginia",28347,5583,6318,10442,5284,720,21.180371820651214,41.9832786538258,93.49137474865066,2.1201538081631215,0.05997107277666067,0.7725685257699227,0.0917204642466575,1.3440575722298655
51199,"York County, Virginia",69635,16569,18543,23123,9935,1465,16.37107776261937,50.422919508867665,69.06009908810225,12.984849572772312,0.08041932936023552,5.336396926832771,0.04020966468011776,7.046743735190637
51510,"Alexandria city, Virginia",158185,29104,58972,51471,16568,2070,11.782406675727787,55.67910990296172,51.51436609033726,21.056990232955084,0.12390555362392136,6.3678604166008155,0.026551190062268862,16.490817713436797
51520,"Bristol city, Virginia",16996,3385,4523,5330,3239,519,22.111084961167332,46.52859496352083,87.79124499882326,5.977877147564133,0,0.2588844433984467,0.005883737349964698,2.5770769592845375
51530,"Buena Vista city, Virginia",6649,1362,2142,1930,1079,136,18.27342457512408,52.6996540833208,87.33644157016093,7.5048879530756505,0.12031884493908858,0.6918333583997593,0.3158369679651075,1.654384117912468
51540,"Charlottesville city, Virginia",46597,7314,21368,12330,4966,619,11.985750155589416,61.5533188831899,65.42266669528081,17.915316436680474,0.16310062879584522,6.989720368264051,0.010730304526042449,5.687061398802498
51550,"Chesapeake city, Virginia",247172,60335,74411,79528,29906,2992,13.30976000517858,54.51507452300422,55.75752916997071,28.79937857038823,0.09871668311944719,3.428786432120143,0.05906817924360364,6.814283171232987
51570,"Colonial Heights city, Virginia",18127,4225,5045,5445,2833,579,18.82275059303801,51.13918464169471,70.3039664588735,16.21338335080267,0.1654989794229602,3.547194792298781,0,6.730291829867049
51580,"Covington city, Virginia",5716,1277,1486,1858,1008,87,19.156752974107768,48.33799860041987,80.51084674597621,11.878936319104268,0,1.2071378586424073,0,2.5542337298810356
51590,"Danville city, Virginia",42556,9411,11345,13161,7340,1299,20.30031017952815,48.77338095685685,40.894350972835795,48.89792273709935,0.04464705329448256,1.3300122191935333,0.11044271078108844,4.749036563586803
51595,"Emporia city, Virginia",5761,1654,1250,1898,834,125,16.64641555285541,50.40791529248394,19.510501649019268,63.47856274952265,0.12150668286755771,0,0,7.897934386391252
51600,"Fairfax city, Virginia",23980,5376,7250,7806,3077,471,14.795663052543787,52.65221017514595,54.616346955796494,5.358632193494579,0,18.369474562135114,0,17.656380316930775
51610,"Falls Church city, Virginia",14494,3556,3804,5224,1700,210,13.177866703463502,50.779632951566164,70.64992410652684,4.539809576376432,0,9.238305505726508,0,10.659583275838278
51620,"Franklin city, Virginia",8249,2123,2157,2329,1407,233,19.88119772093587,51.88507697902776,37.55606740210935,53.30343071887501,0,2.7518487089344164,0,2.9458116135289125
51630,"Fredericksburg city, Virginia",28027,5868,11693,7381,2747,338,11.007243015663468,62.6574374710101,57.98337317586613,19.955756948656653,0.13915153245085096,3.4787883112712743,0,11.335497912727014
51640,"Galax city, Virginia",6681,1594,1588,2299,1011,189,17.96138302649304,47.62760065858404,75.12348450830714,4.20595719203712,0.1347103726986978,0.4789702140398144,0.4041311180960934,17.841640472983087
51650,"Hampton city, Virginia",136748,29225,46117,40513,18571,2322,15.278468423669816,55.095504139000205,36.870740339895285,48.429227484131395,0.30420920232837045,2.176997104162401,0.06581449088834937,6.323310030128411
51660,"Harrisonburg city, Virginia",52062,8592,26975,11811,4036,648,8.996965156928278,68.31662248857131,64.32138603972187,6.551803618762245,0.03841573508509085,3.073258806807268,0,20.49095309438746
51670,"Hopewell city, Virginia",23020,5947,6453,7257,2958,405,14.609035621198958,53.86620330147698,44.19635099913119,43.07124239791486,0.03475238922675934,1.0121633362293658,0,8.601216333622936
51678,"Lexington city, Virginia",7287,599,4526,1167,882,113,13.654453135721146,70.33072595032249,79.97804309043502,5.324550569507342,0,4.007135995608618,0,5.612735007547688
51680,"Lynchburg city, Virginia",78973,15099,34624,18199,9518,1533,13.993390145999266,62.96202499588467,61.86924645131881,28.1995112253555,0.13928811112658757,2.4653995669406,0.026591366669621263,4.514201056057133
51683,"Manassas city, Virginia",42596,11355,13188,13633,3941,479,10.37656117945347,57.61808620527749,38.92853789088177,12.627946286036247,0.06338623344915016,5.634331862146681,0,38.127993238801764
51685,"Manassas Park city, Virginia",17081,4321,5760,5556,1184,260,8.453837597330367,59.018792810725365,31.104736256659447,13.541361746970319,0,10.994672443065394,0,40.95193489842515
51690,"Martinsville city, Virginia",13476,3404,3219,4505,2030,318,17.4235678242802,49.14663104778866,42.71297120807361,44.427129712080735,0.5565449688334817,0.8978925497180172,0.11130899376669635,6.671119026417334
51700,"Newport News city, Virginia",185069,43302,64795,53016,21394,2562,12.944361292274774,58.409025822801226,41.349982979321226,40.23688462141148,0.1658840756690748,3.404135754772544,0.08483322436496658,9.599122489449881
51710,"Norfolk city, Virginia",238556,46862,103065,61736,23772,3121,11.273244018176026,62.8477170978722,42.88762387028622,40.05642281057697,0.20498331628632271,3.5589127919649894,0.03898455708512886,8.631516289676219
51720,"Norton city, Virginia",3696,643,1089,1182,640,142,21.158008658008658,46.86147186147186,96.48268398268398,2.380952380952381,0,0.05411255411255411,0,0
51730,"Petersburg city, Virginia",33229,7259,10421,9980,4795,774,16.75945710072527,53.20653645911704,15.010984381112884,75.84639922958861,0.03912245327876253,1.0171837852478256,0.09630142345541545,5.082909506756147
51735,"Poquoson city, Virginia",12382,2713,3114,4156,2138,261,19.374899047003716,47.06024874818284,90.35696979486352,1.4617993862057825,0,1.8494588919399129,0,3.198190922306574
51740,"Portsmouth city, Virginia",97454,22820,31216,28994,12635,1789,14.800829109118148,55.447698401297025,36.51261107804708,51.78545775442773,0.2903934163810618,1.4991688386315596,0.044123381287581837,4.811500810638866
51750,"Radford city, Virginia",16205,1832,9460,3458,1254,201,8.978710274606604,69.6821968528232,82.96821968528232,9.071274298056155,0.030854674483184203,1.8697932736809626,0.030854674483184203,2.980561555075594
51760,"Richmond city, Virginia",225676,39193,92275,64351,26124,3733,13.230028890976444,58.255197717081124,41.44304223754409,45.008773640085785,0.14578422162746593,2.1016856023679966,0.008862262712915861,7.308264946206065
51770,"Roanoke city, Virginia",99578,22289,29772,30926,13809,2782,16.661310731286026,52.281628472152484,57.43638153005684,28.56956355821567,0.16369077507079877,3.146277290164494,0.0713008897547651,6.647050553335074
51775,"Salem city, Virginia",25335,4798,7642,8128,4028,739,18.81586737714624,49.10203276100257,84.22340635484508,7.081113084665483,0.07499506611407145,1.851194000394711,0.08288928359976318,3.5642391947898164
51790,"Staunton city, Virginia",25358,4880,7538,7616,4442,882,20.995346636170044,48.970739017272656,80.14038962063255,10.856534427005284,0.4219575676315167,1.340799747614165,0.2721034781922865,3.5688934458553514
51800,"Suffolk city, Virginia",93268,22443,26625,30769,12074,1357,14.400437449071493,52.60968392160226,48.464639533387654,40.66453660419437,0.1372389243899301,1.7991165244242397,0,4.636102414547326
51810,"Virginia Beach city, Virginia",457658,101764,148256,142079,58339,7220,14.324888890831145,54.63031346551355,60.532537396920844,18.325037473397167,0.14661603205887366,6.847034248281468,0.09723417923427538,8.581298699028531
51820,"Waynesboro city, Virginia",22149,5035,6358,7012,3095,649,16.903697683868348,51.43798817102352,73.40737730823062,10.880852408686623,0.3386157388595422,1.553117522235767,0,8.93042575285566
51830,"Williamsburg city, Virginia",15299,1646,7904,3203,2208,338,16.64161056278188,62.42238054774822,67.76259886267076,15.615399699326753,0,6.608275050656905,0,7.3926400418327995
51840,"Winchester city, Virginia",28194,6417,8848,8336,4101,492,16.290700148967865,54.14272540256792,64.52082003263105,9.477193729162233,0.17379584308718166,2.0926438249272894,0,18.220188692629637
53001,"Adams County, Washington",20353,7239,5689,5148,2135,142,11.187539920404854,63.51889156389721,32.58487692232104,0.3586694836142092,0.25057731047020093,0.6780327224487791,0.432368692576033,64.56050705055766
53003,"Asotin County, Washington",22285,4609,5281,7255,4631,509,23.064841821853264,44.37962755216513,88.69643257796724,0.7942562261610949,0.8570787525241194,1.1756787076508863,0.18846757908907336,4.518734574826116
53005,"Benton County, Washington",204551,54574,58976,60504,27150,3347,14.909240238375759,55.51182834598706,68.49538745838446,1.5238253540681785,0.505986282149684,2.945964576071493,0.11928565492224433,22.950266681658853
53007,"Chelan County, Washington",78508,18435,20880,24266,12841,2086,19.01334895806797,50.077699087991036,66.86452336067661,0.4216130840169155,0.5948438375706935,0.8088347684312427,0.040760177306771284,28.458246293371378
53009,"Clallam County, Washington",76727,13025,16550,24378,20664,2110,29.68185905874073,38.5457531247149,81.22434084481343,0.9670650488094152,3.9125731489566906,1.4779673387464647,0.022156476859514905,7.007963298447743
53011,"Clark County, Washington",496494,118102,139655,161708,68554,8475,15.514588293111297,51.91543100218734,76.3413052322888,1.7663858979161884,0.39819212316765157,4.649200191744512,0.7281054755948713,10.38965224151752
53013,"Columbia County, Washington",3969,742,705,1389,1011,122,28.54623330813807,36.45754598135551,82.79163517258755,1.4613252708490805,0.22675736961451248,0.05039052658100277,0,8.087679516250946
53015,"Cowlitz County, Washington",109457,25053,28488,35170,18331,2415,18.9535616726203,48.91509908000402,81.84492540449675,0.8030550809907087,0.9611080150195968,1.1812858017303598,0.2375362014306988,9.53799208821729
53017,"Douglas County, Washington",42622,11008,11519,12675,6401,1019,17.40884988972831,52.852986720473,62.378583829946976,0.5114729482426915,0.8024025151330298,0.6663225564262587,0.2815447421519403,32.58411149171789
53019,"Ferry County, Washington",7198,1259,1413,2528,1841,157,27.75771047513198,37.12142261739372,72.1311475409836,0.2639622117254793,15.629341483745485,0.1667129758266185,0.5001389274798556,1.2503473186996388
53021,"Franklin County, Washington",95313,30823,30128,25395,8250,717,9.407950646816278,63.94825469768028,39.08386054368239,1.9032031307376749,0.20249074103217818,1.8622853126016388,0.18150724455215972,53.61073515679918
53023,"Garfield County, Washington",2278,441,415,788,587,47,27.831431079894646,37.57682177348551,91.26426690079016,0,0,2.546093064091308,0,2.019315188762072
53025,"Grant County, Washington",97874,28931,28834,26575,12334,1200,13.827982916811411,59.019760099720045,51.82683858838915,1.0585037905878987,0.9154627378057503,0.9001369107219487,0.005108609027933874,42.53427876657744
53027,"Grays Harbor County, Washington",74737,15303,18347,24788,14954,1345,21.808475052517494,45.02455276502937,78.35877811525751,1.2671099990633823,3.5404150554611507,1.3647858490439808,0.37063301978939484,10.542301671193652
53029,"Island County, Washington",85938,15592,24323,24857,19205,1961,24.62938397449324,46.446275221671435,77.98529172193908,2.5902394749703275,0.8575950103563034,4.595173264446461,0.37817961786404153,8.408387442109428
53031,"Jefferson County, Washington",32590,3901,5507,11157,10934,1091,36.89782141761277,28.86775084381712,86.70451058606935,0.5830009205277693,1.4544338754219086,1.6201288738876956,0.2332003682111077,3.8938324639459956
53033,"King County, Washington",2240876,452490,770285,723549,256413,38139,13.144502417804466,54.566830114651594,57.076205912330714,6.319046658538893,0.4252354882644109,18.661184286859246,0.7153006235061645,10.014253354491725
53035,"Kitsap County, Washington",273072,55684,83430,84756,44894,4308,18.017958633620438,50.94407335794223,75.29918849241226,2.5388908419757428,0.9151432589207242,4.839383019862893,0.9415099314466514,8.269613874729009
53037,"Kittitas County, Washington",44147,7538,17383,12183,6540,503,15.953518925408295,56.45004190545224,81.33055473758127,0.8902077151335311,0.3669558520397762,1.3840125036808844,0.33750877749337443,9.28035880127755
53039,"Klickitat County, Washington",22478,4351,5004,7763,5026,334,23.845537859240146,41.61847139425216,81.5419521309725,0.6940119227689296,1.0944034166740813,0.4003914939051517,0,12.074027938428685
53041,"Lewis County, Washington",81214,17665,20956,25790,15013,1790,20.689782549806683,47.554608811288695,81.8984411554658,0.5171522151353215,0.4642056788238481,1.0059841899179944,0.147757775752949,10.935306720516166
53043,"Lincoln County, Washington",10798,2385,2171,3528,2503,211,25.13428412669013,42.1929987034636,90.13706241896648,0.4074828671976292,1.4447119837006852,0.7593998888683089,0.4723096869790702,3.6951287275421376
53045,"Mason County, Washington",64964,12775,16368,21042,13278,1501,22.74952281263469,44.86023028138661,78.25872791084292,0.6696016255156703,1.426944153685118,0.9235884489871313,0.4233113724524352,10.656671387229851
53047,"Okanogan County, Washington",41966,9747,9939,13149,8297,834,21.75808988228566,46.90940284992613,63.43468522136968,0.1977791545536863,8.909593480436543,0.5313825477767716,0.10961254348758519,20.838297669542012
53049,"Pacific County, Washington",22974,3604,4486,7592,6544,748,31.740228083920954,35.21371985722991,79.54209105945851,0.6006790284669626,2.119787585966745,1.7193349003221032,0.15234613040828762,10.05049186036389
53051,"Pend Oreille County, Washington",13302,2592,2775,4507,3159,269,25.770560817922117,40.34731619305368,85.61118628777628,0.3082243271688468,2.7589836114869946,0.44354232446248687,0.30070666065253343,4.405352578559615
53053,"Pierce County, Washington",910225,213718,287014,284310,112017,13166,13.752973165975446,55.01189266390178,64.63874316789804,6.656046581889093,0.8280370238127935,6.340739926941141,1.449311983300832,11.622730643522207
53055,"San Juan County, Washington",17631,2293,3307,6096,5555,380,33.662299359083434,31.7622369689751,87.79422607906528,0.7316658158924622,0.6068855992286314,1.3215359310305712,0.06239010833191538,6.698428903635642
53057,"Skagit County, Washington",128228,27903,33808,39794,24174,2549,20.84022210437658,48.12599432261285,72.71968680787347,0.5521414979567645,1.3312225099042332,1.930155660230215,0.13725551361637084,18.970115731353527
53059,"Skamania County, Washington",11973,2161,2857,4467,2224,264,20.78008853253153,41.91096634093377,85.44224505136557,0.08352125615969264,2.0379186502965005,1.1108327069239121,0.20880314039923162,6.8069823770149505
53061,"Snohomish County, Washington",820024,185672,246312,276790,98946,12304,13.566676097284958,52.679433772670066,66.81402007746115,3.277221154502795,0.698638088641308,11.589904685716515,0.40437840843682626,10.802122864696644
53063,"Spokane County, Washington",531477,117702,163368,164409,76360,9638,16.180944800997974,52.88469679779181,83.08788527067023,1.7387393998235108,0.9082236860673181,2.153432792011696,0.5977681066160906,6.225669219928614
53065,"Stevens County, Washington",46057,9925,9704,15625,9818,985,23.455717914757802,42.61892871876154,85.53965738107128,0.3365395053954882,4.694183294613197,0.5884013287882407,0.173697809236381,3.9559676053585773
53067,"Thurston County, Washington",290642,62431,85551,92324,45269,5067,17.318900915903413,50.91555934792631,72.89139215942637,2.8017285870589936,0.9220965999408207,5.68603298903806,0.9152152820308146,9.577074201251024
53069,"Wahkiakum County, Washington",4373,742,703,1508,1306,114,32.471987194145896,33.043677109535786,82.30048021952892,1.303453007088955,0.2515435627715527,1.6235993597072949,0,7.935056025611709
53071,"Walla Walla County, Washington",62168,13206,19627,18015,9391,1929,18.208724745849956,52.81334448590915,70.62315017372282,1.7484879680864753,0.3024063827049286,1.573156607901171,0.16085445888560032,21.963067816239867
53073,"Whatcom County, Washington",224533,43434,74827,66977,35392,3903,17.500768261235542,52.66976346461322,77.54361274289303,0.900981147537333,2.1253000672506936,4.198491981134176,0.2476250707023021,9.913019467071656
53075,"Whitman County, Washington",48197,7325,26361,9315,4749,447,10.78075398883748,69.8923169491877,76.93424901964853,2.0270971222275245,0.3485694130340063,8.274373923688197,0.1120401684752163,6.546050584061248
53077,"Yakima County, Washington",255151,76080,74100,70016,30234,4721,13.699730747674906,58.85926373010492,41.536188374727125,0.9182797637477416,2.6172736928328715,0.9084816442028446,0.4369961317024037,50.5986651041932
54001,"Barbour County, West Virginia",15600,3197,4198,5080,2886,239,20.03205128205128,47.40384615384615,93.01923076923077,1.1217948717948718,0.36538461538461536,0.28205128205128205,0,1.064102564102564
54003,"Berkeley County, West Virginia",120460,28114,33661,40932,16079,1674,14.737672256350656,51.282583430184296,82.69467043001826,6.801427859870496,0.07305329569981736,1.0700647517848247,0.016603021749958494,4.901212020587747
54005,"Boone County, West Virginia",22059,4693,4763,8135,3982,486,20.25477129516297,42.86685706514348,97.44775375130332,0.6165284011061245,0,0.07706605013826556,0,0.290131012285235
54007,"Braxton County, West Virginia",12702,2494,2947,4320,2586,355,23.15383404188317,42.83577389387498,90.69437883797828,0.8738781294284365,0.3464021413950559,0,0,0.4723665564478035
54009,"Brooke County, West Virginia",22603,4008,5674,7638,4779,504,23.373003583595096,42.83502189974782,94.1733398221475,1.6546476131486971,0.08405963810113702,0.48223687121178604,0.0796354466221298,1.0352608060876876
54011,"Cabell County, West Virginia",94622,18921,30009,28038,15626,2028,18.657394686225192,51.711018579188774,89.59861343028048,4.571875462366046,0.11308152438122213,1.225930544693623,0.013738876793980259,1.4753440003381877
54013,"Calhoun County, West Virginia",6420,1208,1362,2276,1430,144,24.517133956386292,40.03115264797508,98.62928348909658,0.01557632398753894,0,0.04672897196261682,0,0.04672897196261682
54015,"Clay County, West Virginia",8176,1834,1850,2792,1578,122,20.792563600782778,45.0587084148728,99.31506849315069,0.04892367906066536,0.08561643835616438,0,0,0.13454011741682975
54017,"Doddridge County, West Virginia",7929,1202,2184,2861,1575,107,21.213267751292722,42.70399798209106,95.95157018539538,1.513431706394249,0.13873123975280616,0,0,0.9332828856097869
54019,"Fayette County, West Virginia",41056,8527,9765,14078,7734,952,21.15646921278254,44.55378020265004,92.17897505845674,4.951773187840998,0.16562743569758379,0.034099766173031953,0.043842556508183944,1.2714341387373345
54021,"Gilmer County, West Virginia",7516,1127,2626,2512,1147,104,16.644491750931348,49.93347525279404,80.21554018094731,11.668440659925492,0.2261841405002661,1.091005854177754,0,4.217668972857903
54023,"Grant County, West Virginia",11063,2171,2374,3888,2417,213,23.772936816415076,41.08288890897587,96.20356142095272,1.7355147789930399,0,0.2892524631655066,0.3163698815872729,0.2982916026394287
54025,"Greenbrier County, West Virginia",33307,6536,8124,11000,6733,914,22.95913771879785,44.014771669619,91.29912630978473,1.8854895367340199,0.0660521812231663,0.7445882246975111,0,2.002582039811451
54027,"Hampshire County, West Virginia",23214,4682,5361,7912,4785,474,22.654432669940554,43.262686309985355,94.69716550357543,0.684931506849315,0.025846471956577927,0.047385198587059536,0,1.154475747393814
54029,"Hancock County, West Virginia",29223,5605,6219,10531,5860,1008,23.502036067481093,40.46128049823769,93.18345139102762,1.9573623515723917,0.02053177291859152,0.43458919344352054,0.3285083666974643,1.5912124011908428
54031,"Hardy County, West Virginia",14269,2915,3337,4793,2970,254,22.59443548952274,43.815263858714694,90.02733197841475,3.9876655687153972,0,0.5186067699208073,0.014016399187048847,4.779592122783657
54033,"Harrison County, West Virginia",66222,14270,17198,21958,11150,1646,19.322883633837698,47.5189514058772,93.3738032677962,1.2745009211440306,0.046812237624958473,0.6719821207453717,0.030201443629005467,1.7471535139379661
54035,"Jackson County, West Virginia",28011,6063,6918,9332,4909,789,20.342008496662025,46.34250830031059,96.4870943557888,0.25347185034450753,0.32844239762950267,0.3677126843025954,0,1.0174574274392203
54037,"Jefferson County, West Virginia",57542,12724,14933,20574,8489,822,16.18122414931702,48.06402280073685,82.02356539571096,5.488165166313301,0.026067915609467866,1.5049876611866115,0,6.183309582565778
54039,"Kanawha County, West Virginia",181953,36649,46797,60914,32671,4922,20.660829994559034,45.861293850609776,87.17745791495607,6.716020071117266,0.11431523525305985,1.157441756937231,0.09672827598335834,1.151396239688271
54041,"Lewis County, West Virginia",16966,3593,4148,5772,3085,368,20.352469645172697,45.6265472120712,94.16480018861252,0.21218908405045384,0.49510786278439234,0.6070965460332429,0,1.3438641989862077
54043,"Lincoln County, West Virginia",20625,4621,4843,7176,3623,362,19.32121212121212,45.8860606060606,97.04727272727273,0.5915151515151515,0.16484848484848486,0.4072727272727273,0.07272727272727272,0.6933333333333334
54045,"Logan County, West Virginia",32786,6824,7861,11276,6134,691,20.816812053925457,44.790459342402244,95.89153907155493,1.412188129079485,0,0.5734154822180199,0.01525041176111755,1.0278777526993228
54047,"McDowell County, West Virginia",19334,3862,4471,6765,3833,403,21.90958932450605,43.100237922830246,88.73487121133753,8.135926347367333,0.09310023792283025,0.05172235440157236,0,1.3758146270818248
54049,"Marion County, West Virginia",56256,11352,16444,17706,9648,1106,19.11618316268487,49.409840728100114,92.17150170648465,3.0485637087599544,0.16531569965870307,0.3395193401592719,0.0017775881683731512,1.3687428896473266
54051,"Marshall County, West Virginia",30813,5945,7323,10682,6300,563,22.273066562814396,43.05974750916821,95.70311232272093,0.6231136208743063,0.03245383442053679,0.2141953071755428,0.3212929607633142,0.9508973485217278
54053,"Mason County, West Virginia",25667,5393,6005,8859,4764,646,21.07764834222932,44.40721549070791,95.90914403709043,0.36233295671484783,0.04285658627810028,0.9662212179062609,0,0.7870027661978416
54055,"Mercer County, West Virginia",59892,12383,14920,19503,11585,1501,21.849328791825286,45.58705670206371,89.58792493154344,5.7787350564349165,0.030054097375275497,0.2554598276898417,0,1.2238696320042743
54057,"Mineral County, West Virginia",27045,5458,6707,8979,5349,552,21.8191902384914,44.98058790904049,93.02273987798114,2.9025697910889257,0.0036975411351451285,0.2847106674061749,0,1.0279164355703456
54059,"Mingo County, West Virginia",23821,5320,5315,8384,4486,316,20.158683514545988,44.6454808782167,95.70127198690231,2.7118928676377987,0,0.1259392972587213,0,0.16372108643633768
54061,"Monongalia County, West Virginia",105695,17422,46013,28927,12147,1186,12.614598609205734,60.01703013387578,87.43365343677563,3.6170112115048014,0.04541369033539903,3.4826623775959127,9.461185486541463e-4,2.19972562562089
54063,"Monroe County, West Virginia",12492,2550,2575,4329,2738,300,24.31956452129363,41.02625680435479,95.7973102785783,0.5603586295228946,0,0,0,1.1127121357668908
54065,"Morgan County, West Virginia",17144,3040,3886,6243,3692,283,23.185954269715353,40.39897340177321,94.05622958469435,0.24498366775548297,1.0032664489034064,0.11665888940737285,0,1.7848810079328046
54067,"Nicholas County, West Virginia",24770,4931,5286,8789,5201,563,23.27008477997578,41.2474767864352,96.78239806217198,0.25837706903512314,0.13322567622123538,0.23415421881308035,0,0.24222850222042794
54069,"Ohio County, West Virginia",42443,8240,11509,13483,7770,1441,21.702047451876634,46.530641095115804,91.36017717880452,3.1901609217067595,0.08246353933510826,0.6573522135570059,0,1.236953090026624
54071,"Pendleton County, West Virginia",6249,1130,1178,2226,1509,206,27.44439110257641,36.933909425508084,93.34293486957914,3.7606016962714035,0.176028164506321,0,0,1.376220195231237
54073,"Pleasants County, West Virginia",7623,1466,1922,2825,1227,183,18.496654860291223,44.44444444444444,97.04840613931523,0.7739735012462285,0.24924570379115835,0,0,1.0756919847828939
54075,"Pocahontas County, West Virginia",8006,1403,1771,2771,1747,314,25.74319260554584,39.645266050462155,98.67599300524607,0.19985011241568823,0,0.1873594803897077,0,0.2623032725455908
54077,"Preston County, West Virginia",34266,6501,9195,11661,6149,760,20.162843635090177,45.80633864472072,91.25663923422634,4.485495826767058,0.28307943734313895,0.25097764547948404,0.005836689429755443,1.54964104360007
54079,"Putnam County, West Virginia",57385,12819,14225,19623,9533,1185,18.677354709418836,47.12729807440969,94.44976910342425,0.8835061427202231,0.029624466323952253,0.8016032064128257,0.060991548314019345,1.2581685109349132
54081,"Raleigh County, West Virginia",74929,15818,19149,24465,14009,1488,20.682245859413577,46.66684461290021,87.00102763949873,7.441711486874241,0.030695725286604653,0.7380320036301031,0.0026691935031830133,1.6575691654766513
54083,"Randolph County, West Virginia",28150,5344,7276,9305,5550,675,22.113676731793962,44.83126110124334,91.83658969804618,1.5879218472468917,0.02486678507992895,0.4511545293072824,0,0.9449378330373002
54085,"Ritchie County, West Virginia",8676,1792,1972,2940,1814,158,22.7293683725219,43.3840479483633,96.49608114338405,0.28815122176118024,0,0.6685108344859382,0,0.1267865375749193
54087,"Roane County, West Virginia",14129,2955,2908,5168,2882,216,21.926534078844927,41.49621346167457,95.51277514332224,0.08493170075730766,0.10616462594663457,0.3609597282185576,0,1.196121452332083
54089,"Summers County, West Virginia",12125,2006,2609,4435,2767,308,25.36082474226804,38.06185567010309,91.9340206185567,3.752577319587629,0.06597938144329897,0,0,2.2020618556701033
54091,"Taylor County, West Virginia",16727,3385,3895,6090,2998,359,20.06934895677647,43.52244873557721,95.62982005141389,1.2136067435882107,0,0.13750224188437854,0,0.9625156931906499
54093,"Tucker County, West Virginia",6822,1017,1466,2542,1602,195,26.341248900615657,36.396951040750515,97.17091761946644,0.20521841102316035,0,0.08795074758135445,0,0.19055995309293464
54095,"Tyler County, West Virginia",8397,1634,1818,3054,1736,155,22.519947600333452,41.10992020959866,96.91556508276766,0.512087650351316,0.011909015124449208,0.285816362986781,0,1.0003572704537336
54097,"Upshur County, West Virginia",23965,4978,6375,7728,4394,490,20.379720425620697,47.37325266012935,94.13728353849363,1.6106822449405382,0.01669100771959107,0.09597329438764865,0,1.381180888796161
54099,"Wayne County, West Virginia",39337,8220,9343,13581,7435,758,20.82771944988179,44.64753285710654,96.34186643617967,0.6634974705747769,0.09405902839565804,0.14998601825253577,0,0.7041716450161426
54101,"Webster County, West Virginia",8415,1671,1743,3020,1753,228,23.54129530600119,40.57040998217469,98.31253713606655,0,0,0,0,0.34462269756387404
54103,"Wetzel County, West Virginia",14629,2981,3375,4913,3064,296,22.968077107116002,43.447945860961106,96.5547884339326,0.10937179574817144,0,0,0,0.9570032127965001
54105,"Wirt County, West Virginia",5264,1128,1066,2004,1012,54,20.25075987841945,41.67933130699088,96.71352583586626,1.1208206686930091,0,0,0,0
54107,"Wood County, West Virginia",84678,17924,20756,28810,15258,1930,20.298070337041498,45.678924868324714,94.88651125439901,1.1620491745199462,0.22674130234535533,0.3944353905382744,0.12045631687097003,1.2210963886723825
54109,"Wyoming County, West Virginia",21581,4449,4838,7595,4084,615,21.77378249386034,43.03322366896808,97.23367777211436,1.3993790834530373,0,0.12047634493304295,0,0.5792131967934757
55001,"Adams County, Wisconsin",20505,2988,3956,7493,5455,613,29.592782248232137,33.86491099731773,88.83686905632773,2.5164594001463056,0.6876371616678859,0.7461594732991953,0.014630577907827359,4.389173372348208
55003,"Ashland County, Wisconsin",16002,3496,4107,5270,2711,418,19.553805774278214,47.51281089863767,81.85851768528934,0.9373828271466067,9.655043119610049,0.6561679790026247,0.018747656542932135,3.2745906761654795
55005,"Barron County, Wisconsin",46529,10131,11088,15124,8955,1231,21.891723441294676,45.60381697436008,92.20915987878527,1.6419867179608416,0.6469083797201746,0.6576543660942638,0,2.7918072599883943
55007,"Bayfield County, Wisconsin",16031,2748,2993,5784,4112,394,28.10804067119955,35.811864512507015,83.812613062192,0.9481629343147652,8.8016967126193,0.4740814671573826,0,2.445262304285447
55009,"Brown County, Wisconsin",267364,63622,78652,85106,35458,4526,14.954892954922876,53.21359644529555,79.25412546191708,2.5777591597971306,1.8338295357639771,3.1799344713574005,0.014960877305845215,9.301551442976615
55011,"Buffalo County, Wisconsin",13314,2726,3016,4591,2623,358,22.38996544990236,43.12753492564218,94.96019227880427,0.7360672975814931,0.19528316058284512,0.03004356316659156,0,2.516148415202043
55013,"Burnett County, Wisconsin",16356,2853,3074,5693,4322,414,28.955734898508194,36.23746637319638,90.13817559305454,0.7092198581560284,3.1120078258742967,0.4402054292002935,0.024455857177794083,2.0970897529958425
55015,"Calumet County, Wisconsin",52128,12297,12846,19087,7044,854,15.151166359729896,48.233195211786374,89.89794352363413,0.8536678944137508,0.39518109269490487,2.4286372007366483,0.0019183548189073052,4.613643339472069
55017,"Chippewa County, Wisconsin",65877,14556,17137,22395,10273,1516,17.895471864231826,48.109355313690664,92.81539839397665,1.5286063421224403,0.3111859981480638,1.407167903820757,0.001517980478771043,1.9126554032515142
55019,"Clark County, Wisconsin",34655,10348,8018,10631,4812,846,16.326648391285527,52.996681575530225,91.99538306160727,0.2106478141682297,0.15870725725003607,0.32318568749098253,0,5.4104746789785025
55021,"Columbia County, Wisconsin",58219,12405,14670,20743,9195,1206,17.865301705628745,46.50543636957007,91.56117418712104,1.73139353132139,0.29028324086638385,0.8794379841632457,0.008588261564094197,3.77368213126299
55023,"Crawford County, Wisconsin",16167,3277,3777,5364,3289,460,23.18921259355477,43.63209005999876,93.60425558235913,1.8680027215933692,0.11752335003401991,0.531947794890827,0,1.8061483268386218
55025,"Dane County, Wisconsin",555474,113378,200964,164265,68326,8541,13.83809143182219,56.58986739253322,78.18871810381764,4.95576750666998,0.2048700749269993,5.959234815670941,0.034745100580765256,6.690682192145807
55027,"Dodge County, Wisconsin",89274,17765,23789,31960,13521,2239,17.65351614131774,46.54658691220288,88.94078903152094,2.536012724869503,0.20610704124381118,0.5667943634204807,0.042565584604700134,5.300535430248448
55029,"Door County, Wisconsin",29713,4994,5681,10195,7938,905,29.761383906034396,35.92703530441221,93.13431831185004,0.3634772658432336,0.7033958200114429,0.2961666610574496,0,3.601117356039444
55031,"Douglas County, Wisconsin",44034,8714,11893,15197,7357,873,18.69010310214834,46.79792887314348,90.80483262933188,1.3171640096289232,1.4238997138574738,1.2762865058818187,0,1.7781714129990462
55033,"Dunn County, Wisconsin",45254,8897,16452,12907,6182,816,15.463826402086003,56.01493790604145,91.95430238210987,0.7645732973880762,0.15468245900914837,3.000839704777478,0.028726742387413268,2.094842444866752
55035,"Eau Claire County, Wisconsin",105206,21509,37976,29458,14322,1941,15.458243826397734,56.54145200844059,88.70501682413551,1.111153356272456,0.21861870995950802,3.6632891660171474,0.4343858715282398,2.7108720034978995
55037,"Florence County, Wisconsin",4542,731,708,1879,1135,89,26.948480845442536,31.682078379568473,96.30118890356671,0.4623513870541612,0.726552179656539,0,0,0.242184059885513
55039,"Fond du Lac County, Wisconsin",103890,22320,27728,34846,16378,2618,18.28472422754837,48.174030224275675,88.2712484358456,1.6998748676484743,0.28491673885840796,1.440947155645394,0.08470497641736452,5.641543940706517
55041,"Forest County, Wisconsin",9184,1812,2127,3113,1870,262,23.214285714285715,42.88980836236934,77.7112369337979,0.5008710801393729,12.347560975609756,0.21777003484320556,0,2.885452961672474
55043,"Grant County, Wisconsin",52210,10978,17069,15220,7652,1291,17.128902509097873,53.719593947519634,94.34208006129094,1.5820723999233863,0.06895230798697567,0.8733959011683585,0.001915341888527102,1.9249185979697376
55045,"Green County, Wisconsin",37098,8258,8886,13034,6035,885,18.65329667367513,46.2127338400992,93.68968677556741,0.4609412906356138,0.05930238826890938,0.30729419375707584,0,3.364062752709041
55047,"Green Lake County, Wisconsin",18990,4206,4293,6340,3597,554,21.85887309110058,44.75513428120063,91.4218009478673,1.0005265929436546,0.16850974196945762,0.315955766192733,0,5.36071616640337
55049,"Iowa County, Wisconsin",23715,5357,5580,8344,3892,542,18.697027197975963,46.118490406915456,93.69597301286106,0.9487666034155597,0.0843348091924942,0.7041956567573265,0,2.049335863377609
55051,"Iron County, Wisconsin",6074,929,1048,2238,1671,188,30.60586104708594,32.54856766545934,95.0279881461969,0.1317089232795522,0.7573263088574251,0.5268356931182088,0,1.4981890023049063
55053,"Jackson County, Wisconsin",21004,4628,5508,6935,3554,379,18.725004760997905,48.257474766711105,85.54561035993144,1.6663492668063227,4.994286802513807,0.5332317653780232,0.05237097695677014,3.7802323366977717
55055,"Jefferson County, Wisconsin",84808,17828,22659,29814,13138,1369,17.105697575700404,47.73960003773229,88.8960947080464,0.7817658711442317,0.06956890859352892,0.5282520516932365,0.02004527874728799,7.476888972738421
55057,"Juneau County, Wisconsin",26595,5383,6268,9548,4757,639,20.28952810678699,43.80898665162625,89.88155668358714,2.3575860124083476,0.729460424891897,0.5376950554615529,0.02632073698063546,3.2825719120135366
55059,"Kenosha County, Wisconsin",168743,38359,48759,57570,21044,3011,14.255406150181045,51.627623071771865,73.83772956507825,6.506343966860848,0.20326769110422357,1.749998518457062,0.11200464611865381,13.88679826718738
55061,"Kewaunee County, Wisconsin",20535,4332,4928,7037,3747,491,20.637935232529827,45.09374239103969,93.6644752860969,0.7255904553201851,0.355490625760896,0.4577550523496469,0,3.3649866082298514
55063,"La Crosse County, Wisconsin",120291,23933,41632,35147,16510,3069,16.276363152688067,54.505324587874405,88.9143826221413,1.636863938282997,0.2128172514984496,4.357765751386221,0.03159006076930111,2.1306664671504936
55065,"Lafayette County, Wisconsin",16662,4066,4038,5416,2732,410,18.857280038410757,48.63761853318929,93.22410274876965,0.6001680470531748,0.1500420117632937,0.5821630056415796,0,4.279198175489137
55067,"Langlade County, Wisconsin",19469,3831,4179,6837,4055,567,23.740305100416045,41.142328830448406,92.96830859314808,0.7242282603112641,0.857773896964405,0.15409111921516255,0.010272741281010838,2.3627304946324927
55069,"Lincoln County, Wisconsin",28378,5239,6174,10851,5299,815,21.544858693354005,40.21777433222919,94.27373317358517,0.6695327366269646,0.2572415251250969,0.31362322926210445,0.017619282542814856,2.0262174924237084
55071,"Manitowoc County, Wisconsin",81103,16845,19179,28486,14583,2010,20.459169204591692,44.417592444175924,89.29016189290162,1.09983601099836,0.37606500376065005,2.60656202606562,0.07891200078912,4.531275045312751
55073,"Marathon County, Wisconsin",137597,31638,35632,46073,20939,3315,17.626837794428656,48.889147292455505,87.75990755612405,0.5952164654752647,0.11773512503906335,5.480497394565289,0.034884481493055806,3.00151892846501
55075,"Marinette County, Wisconsin",41720,8006,9189,14672,8602,1251,23.616970278044104,41.215244487056566,94.87296260786194,0.6543624161073825,0.33317353787152443,0.29242569511025884,0.004793863854266539,2.063758389261745
55077,"Marquette County, Wisconsin",15515,3015,3150,5527,3401,422,24.640670319046084,39.7357396068321,92.8520786335804,0.6509829197550757,0.30937802126973896,0.5414115372220432,0,3.783435385111183
55078,"Menominee County, Wisconsin",4318,1397,1140,1234,462,85,12.667901806391848,58.75405280222325,10.120426123205188,0.3937007874015748,76.86428902269569,0.13895321908290875,0,8.059286706808708
55079,"Milwaukee County, Wisconsin",939123,227013,306914,277810,109552,17834,13.56435738449596,56.85378805545174,49.39949293117089,26.185281374218288,0.4020772571856935,4.44254905906894,0.027152992738970295,15.84073651694187
55081,"Monroe County, Wisconsin",46091,11720,11468,15157,6742,1004,16.805884012063093,50.30917098782842,89.29075090581675,1.7378663947408388,0.9155800481655855,0.6812609837061465,0,5.033520643943503
55083,"Oconto County, Wisconsin",38691,7789,8697,14111,7443,651,20.91959370396216,42.60939236514952,94.17694037373032,0.3592566746788659,0.7366054121113437,0.3463337727120002,0,2.05215683233827
55085,"Oneida County, Wisconsin",37468,6563,7831,13325,8548,1201,26.019536671292837,38.416782320913846,94.38454147539234,0.4670652289954094,1.3558236361695313,0.37365218319632754,0.010675776662752216,1.7027863777089782
55087,"Outagamie County, Wisconsin",189620,44755,55093,61524,24890,3358,14.897162746545723,52.65689273283409,86.55416095348592,1.3178989558063496,1.1987132159054952,3.4869739478957915,0.022149562282459657,4.625566923320325
55089,"Ozaukee County, Wisconsin",91029,19540,22190,31312,15796,2191,19.759637038745893,45.84253369805227,90.4898438959013,1.2468553977303936,0.1472058355029716,2.102626635467818,0.10216524404310715,3.3000472376934824
55091,"Pepin County, Wisconsin",7328,1555,1498,2599,1541,135,22.87117903930131,41.66211790393013,95.74235807860262,0.36844978165938863,0.3002183406113537,0.39574235807860264,0.06823144104803494,2.26528384279476
55093,"Pierce County, Wisconsin",42204,8724,13612,13642,5676,550,14.752156193725714,52.92389346981329,92.94379679651217,0.6729219979148896,0.22983603449909962,1.1894607146242062,0.021324992891669035,2.4192019713771207
55095,"Polk County, Wisconsin",44806,9321,10203,16009,8319,954,20.695888943445073,43.57452126947284,94.37575324733295,0.3481676561174843,0.5445699236709369,0.3838771593090211,0.02231843949471053,1.981877427130295
55097,"Portage County, Wisconsin",70378,13592,23362,21590,10613,1221,16.81491375145642,52.50788598709824,90.24126857824888,0.8056494927392083,0.21313478643894399,3.023672170280485,0.009946290033817386,3.530932962005172
55099,"Price County, Wisconsin",14003,2543,2644,5159,3178,479,26.11583232164536,37.042062415196746,93.77276297936156,0.385631650360637,0.4499035920874098,0.5927301292580162,0.7569806470042134,2.04241948153967
55101,"Racine County, Wisconsin",197379,45845,52665,66177,28518,4174,16.56305888671034,49.909058207813395,70.16855896523947,11.225611640549399,0.3136098571783219,1.2372136853464655,0.09170175145278879,14.134229071988408
55103,"Richland County, Wisconsin",17353,3784,3875,5675,3565,454,23.16026047369331,44.136460554371006,93.24036189707832,0.6396588486140725,0.10372846193741717,0.7030484642424941,0,2.6681265487235635
55105,"Rock County, Wisconsin",163522,37961,44206,54301,23970,3084,16.544562811120215,50.24828463448343,81.31260625481586,4.701508053962158,0.2036423233571018,1.1796577830505988,0.011007693154437935,9.373050721003901
55107,"Rusk County, Wisconsin",14182,2929,2891,4939,3046,377,24.136229022704836,41.037935411084476,94.309688337329,0.6346072486250176,0.17627979128472712,0.2608940911013961,0.08461429981666901,2.094203920462558
55109,"St. Croix County, Wisconsin",92495,22902,23788,32685,11669,1451,14.184550516244121,50.47840423806692,92.87853397480944,0.6757122006594951,0.05838153413698038,0.8995080815179198,0.008649116168441537,2.58824801340613
55111,"Sauk County, Wisconsin",65428,15021,16921,21443,10448,1595,18.406492633123435,48.820077031240444,89.7826618573088,0.8008803570336859,1.1447698233172343,0.48297365042489454,0,5.615332885003363
55113,"Sawyer County, Wisconsin",17813,3421,3689,6040,4231,432,26.177510806714196,39.91466906192107,76.8820524336159,0.2582383652388705,15.342727221692023,0.4884073429517768,0.039297142536349854,2.8462358951327684
55115,"Shawano County, Wisconsin",40836,8765,9241,14238,7640,952,21.040258595357038,44.09344695856597,85.779704182584,0.5167009501420315,6.30815946713684,0.5632285238515036,0,3.100205700852189
55117,"Sheboygan County, Wisconsin",117528,26085,30704,39622,18473,2644,17.967633244843782,48.319549383976586,82.77176502620652,2.036110543870397,0.20675924035123544,5.961132666258253,0.002552583214212783,6.863896263018175
55119,"Taylor County, Wisconsin",19960,4697,4231,7168,3290,574,19.35871743486974,44.72945891783567,95.13026052104209,0.13527054108216433,0.12024048096192384,0.375751503006012,0.12024048096192384,2.3346693386773545
55121,"Trempealeau County, Wisconsin",30504,7718,7273,9997,4820,696,18.082874377130867,49.14437450826121,88.62116443745083,0.42289535798583794,0.24259113558877524,0.44584316810910046,0,9.12667191188041
55123,"Vernon County, Wisconsin",30719,8113,6760,9892,5227,727,19.38214134574693,48.41628959276018,95.37745369315408,0.21485074383931768,0.03255314300595723,0.292978287053615,0.035808457306552945,1.6829974934079885
55125,"Vilas County, Wisconsin",22813,3920,3861,8062,6285,685,30.55275500810941,34.10774558365844,84.66663744356288,0.4120457633805287,8.876517774952879,0.24985753736904395,0,2.69144785867707
55127,"Walworth County, Wisconsin",105945,21809,30527,34648,16700,2261,17.8970220397376,49.399216574637784,84.69016942753315,0.7352871773089811,0.22370097692198782,0.6918684222945868,0.04719429892868941,11.414413138892822
55129,"Washburn County, Wisconsin",16561,3120,3203,5823,3949,466,26.659018175230965,38.18006159048367,93.64772658655879,0.26568443934545016,0.9298955377090755,0.5374071614032969,0.13888050238512167,1.9443270333917033
55131,"Washington County, Wisconsin",136300,29809,33069,48763,21607,3052,18.091709464416727,46.13206162876009,92.00146735143066,1.3272193690388847,0.15113719735876743,1.4159941305942774,0.008070432868672046,3.3991195891415993
55133,"Waukesha County, Wisconsin",405332,87453,99149,143227,65608,9895,18.627446142914945,46.036829068516674,87.11500695725972,1.5426859956776173,0.12409580294672022,3.768022263231129,0.02491784512449054,5.05832256027158
55135,"Waupaca County, Wisconsin",51769,10656,12066,18489,9089,1469,20.394444551758774,43.89113175838823,93.687341845506,0.6490370685159073,0.2974753230697908,0.4616662481407792,0.009658289710058143,3.349494871448164
55137,"Waushara County, Wisconsin",24527,4507,5131,8943,5314,632,24.242671341786604,39.29547029803889,88.82456068822114,1.8754841603131243,0.383251111020508,0.39548252945733275,0,6.531577445264403
55139,"Winnebago County, Wisconsin",171304,35343,53804,54417,24049,3691,16.19343389529725,52.04023256900014,87.05751179190212,2.5113248960911596,0.3555083360575351,2.97716340540793,0.10215756783262504,4.4044505674123196
55141,"Wood County, Wisconsin",74107,16176,18033,24866,12607,2425,20.284183680354083,46.16163115495162,91.444802785162,0.6908928981067916,0.3562416505863144,2.102365498535901,0.006747000958074136,3.3532594761628456
56001,"Albany County, Wyoming",37311,6011,18587,8116,4236,361,12.320763313768058,65.92693843638605,81.37010533086757,0.7718903272493367,0.6405617646270537,3.6289566079708395,0.09916646565356062,9.91664656535606
56003,"Big Horn County, Wyoming",11671,2971,2724,3536,2207,233,20.906520435266902,48.79616142575615,86.7192185759575,0.49695827264159026,0.49695827264159026,0.5912089795218919,0.22277439808071287,9.442207180190215
56005,"Campbell County, Wyoming",46758,12803,14261,14694,4766,234,10.693357286453654,57.88100432011635,86.70601822148082,0.28658197527695795,0.6865135377903246,0.09410154412079216,0.04705077206039608,8.625261987253518
56007,"Carbon County, Wyoming",14714,3422,4068,4718,2350,156,17.0313986679353,50.903901046622266,76.64129400570884,1.087399755335055,1.5631371482941416,0.7339948348511621,0,18.62172081011282
56009,"Converse County, Wyoming",13702,3369,3318,4664,2059,292,17.158079112538317,48.80309443876806,88.33746898263027,0.21894613924974457,0.09487666034155598,0.29192818566632606,0,8.363742519340242
56011,"Crook County, Wyoming",7185,1766,1615,2309,1341,154,20.80723729993041,47.05636743215031,93.09672929714684,0,0.918580375782881,0.33402922755741127,0,2.477383437717467
56013,"Fremont County, Wyoming",39434,10077,10334,11719,6711,593,18.522087538672213,51.75990262210276,68.91007759801187,0.5021047826748491,18.869503474159355,0.4234924177106051,0.0684688340011158,7.564538215752903
56015,"Goshen County, Wyoming",12642,2533,3192,4154,2410,353,21.855719031798767,45.285556082898275,84.70969783262142,0.5616199968359437,1.2814428096820123,0.8622053472551812,0.19775352001265623,11.018826135105204
56017,"Hot Springs County, Wyoming",4673,958,1078,1425,1066,146,25.936229402953135,43.56944147228761,91.65418360796062,0,2.418146800770383,0,0,3.102931735501819
56019,"Johnson County, Wyoming",8457,1843,1828,2694,1894,198,24.736904339600333,43.40782783492964,90.19746955185053,0.7212959678372945,2.8733593472862715,0.555752630956604,0,3.1453234007331203
56021,"Laramie County, Wyoming",99905,23177,29538,31075,13983,2132,16.130323807617238,52.765126870527,77.32045443171012,2.1480406386066764,0.6305990691156599,1.1040488464040839,0.051048496071267706,15.296531705119865
56023,"Lincoln County, Wyoming",19457,5204,4451,6371,3025,406,17.633756488667316,49.62224392249576,91.84355244899008,0.07195353857223621,0.2621164619417176,0.3751863082695174,0,4.86200339209539
56025,"Natrona County, Wyoming",79382,19206,23650,24322,10843,1361,15.373762313874682,53.987049960948326,85.82046307727192,0.7079690609961956,0.7885918722128442,0.46484089592098965,0.03779194275780404,8.931495805094354
56027,"Niobrara County, Wyoming",2486,485,581,879,496,45,21.76186645213194,42.88012872083669,87.44971842316976,0.5229283990345938,1.3274336283185841,0,1.246983105390185,6.67739340305712
56029,"Park County, Wyoming",29664,6200,6917,9622,6283,642,23.344795037756203,44.21858144552319,90.4126213592233,0.6809600862998921,0.19215210355987056,0.34048004314994607,0,5.730852211434736
56031,"Platte County, Wyoming",8607,1587,1939,2882,1958,241,25.54897176716626,40.966655048216566,85.09352852329499,0.4995933542465435,0.10456605088881143,0.73196235622168,0.5693040548390844,8.469850121993726
56033,"Sheridan County, Wyoming",30812,6768,7635,9940,5732,737,20.995066857068675,46.74477476307932,90.73412955991172,0.34726729845514737,1.2657406205374528,0.9704011424120472,0,4.550175256393613
56035,"Sublette County, Wyoming",8830,1959,2402,2740,1543,186,19.58097395243488,49.38844847112118,90.079275198188,0.011325028312570781,0.20385050962627407,0,0,7.259343148357871
56037,"Sweetwater County, Wyoming",42459,10945,12651,13473,4865,525,12.694599495984361,55.57361219058386,78.29435455380485,1.1281471537247698,1.0692668221107422,1.0551355425233755,0.032972985703855484,16.09317223674604
56039,"Teton County, Wyoming",23319,4150,7765,7795,3419,190,15.476649942107294,51.09567305630602,79.9262404048201,0.711865860457138,0.1286504567091213,1.5824006175221923,0.06432522835456066,14.940606372485956
56041,"Uinta County, Wyoming",20514,5873,5566,6053,2698,324,14.731402944330702,55.76191868967534,87.02837086867505,0.2534854245880862,0.09749439407234084,0.18036462903383055,0,9.65681973286536
56043,"Washakie County, Wyoming",7768,1768,1712,2558,1548,182,22.270854788877447,44.79917610710608,81.64263645726055,0.012873326467559218,0.48918640576725025,0.39907312049433574,0,14.379505664263645
56045,"Weston County, Wyoming",6891,1392,1733,2350,1304,112,20.548541575968656,45.34900594978958,88.12944420258307,0.3627920475983166,1.2770280075460745,0.7546074590044987,1.0158177332752867,1.8574952837033811
72001,"Adjuntas Municipio, Puerto Rico",18068,3439,4699,6214,3312,404,20.566747841487715,45.04095638698251,0.48704892627850344,0,0,0,0,99.5129510737215
72003,"Aguada Municipio, Puerto Rico",38307,6491,10168,13852,6982,814,20.351371811940375,43.48813532774689,4.620565431905396,0.0026104889445793195,0.11486151356149006,0.049599289947007075,0,94.13684183047485
72005,"Aguadilla Municipio, Puerto Rico",55241,9997,15093,17828,11153,1170,22.307706232689487,45.41916330261943,1.3522564761680635,0.03439474303506453,0,0.06878948607012907,0,98.13363262793939
72007,"Aguas Buenas Municipio, Puerto Rico",24567,4438,6674,8404,4461,590,20.56010094842675,45.23140798632311,0.3215695852159401,0.113974030203118,0,0,0,99.37721333496154
72009,"Aibonito Municipio, Puerto Rico",24565,4371,6723,8046,4737,688,22.084266232444534,45.161815591288416,0.22796661917362102,0,0,0,0,99.77203338082639
72011,"Añasco Municipio, Puerto Rico",25859,4435,6961,8974,5028,461,21.22665222939789,44.06976294520283,3.60416102710855,0.4485865656057852,0,0,0,95.69975637108936
72013,"Arecibo Municipio, Puerto Rico",88017,15423,24776,28209,16877,2732,22.278650715202744,45.67185884545031,0.5294431757501392,0.04317347785086972,0,0.0022722883079405115,0,99.26150629991933
72015,"Arroyo Municipio, Puerto Rico",16183,3282,4286,5329,2992,294,20.305258604708644,46.76512389544584,0.3645801149354261,0,0,0,0,99.54890934931719
72017,"Barceloneta Municipio, Puerto Rico",22836,4248,6549,7481,3948,610,19.959712734279208,47.28060956384656,0.35032404974601505,0,0,0,0,99.44823962165003
72019,"Barranquitas Municipio, Puerto Rico",28982,6141,9009,8894,4510,428,17.038161617555723,52.273825132841075,0.10006210751500931,0.03450417500517563,0,0,0,99.86543371747982
72021,"Bayamón Municipio, Puerto Rico",185939,31563,54167,58447,35510,6252,22.460054103765213,46.106518804554184,0.5915918661496512,0.15327607441150054,0,0.12423429189142676,0,98.9206137496706
72023,"Cabo Rojo Municipio, Puerto Rico",47403,8053,12158,16099,9795,1298,23.401472480644685,42.636541991013225,0.45144822057675676,0.06539670484990401,0,0.14345083644495074,0,99.15406197919962
72025,"Caguas Municipio, Puerto Rico",128182,22866,36115,42562,23371,3268,20.782169103306238,46.01348083194208,1.277090387105834,0.17397138443775256,0,0.01716309622255855,0,98.13390335616545
72027,"Camuy Municipio, Puerto Rico",32885,5778,8953,11290,6082,782,20.872738330545843,44.79549946784248,0.6750798236277938,0.006081800212863008,0,0,0,99.31883837615935
72029,"Canóvanas Municipio, Puerto Rico",42811,8282,12495,14444,6853,737,17.729088318422836,48.531919366517954,0.07007544789890449,0.042045268739342695,0,0,0,99.88787928336176
72031,"Carolina Municipio, Puerto Rico",155886,26804,43558,49935,30333,5256,22.83014510603903,45.13683076094069,0.7428505446287672,0.17512797813786998,0,0.21490063251350347,0,98.68686091117868
72033,"Cataño Municipio, Puerto Rico",23536,4438,6849,7265,4384,600,21.176070700203944,47.956322229775665,0.960231135282121,0,0,0,0,98.97178789938818
72035,"Cayey Municipio, Puerto Rico",42134,7324,11324,14434,7924,1128,21.48383728105568,44.25879337352257,0.06882802487302415,0,0,0.1969905539469312,0,99.66298001613899
72037,"Ceiba Municipio, Puerto Rico",11463,1952,3034,3735,2433,309,23.920439675477624,43.49646689348338,0.6630027043531361,0.11340835732356276,0,0.5408706272354532,0,98.68271831108785
72039,"Ciales Municipio, Puerto Rico",17045,3203,4570,5635,3238,399,21.33763567028454,45.60281607509533,0.6922851276034028,0,0,0,0,99.3077148723966
72041,"Cidra Municipio, Puerto Rico",40125,7567,11317,13796,6598,847,18.554517133956388,47.06292834890966,0.32398753894080995,0.1320872274143302,0,0,0,99.5214953271028
72043,"Coamo Municipio, Puerto Rico",35268,6629,9244,12808,6124,463,18.67698763751843,45.00680503572644,0.3005557445843257,0.0311897470795055,0,0,0,99.66825450833616
72045,"Comerío Municipio, Puerto Rico",18990,3591,5786,5979,3114,520,19.13638757240653,49.37862032648763,0.17904160084254872,0,0,0,0,99.82095839915745
72047,"Corozal Municipio, Puerto Rico",34631,6852,9802,11381,5841,755,19.046519014755567,48.08986168461783,0.3811613871964425,0,0,0,0,99.55531171493749
72049,"Culebra Municipio, Puerto Rico",1293,220,329,443,262,39,23.27919566898685,42.45939675174014,5.645784996133024,0,0,0.8507347254447022,0,91.64733178654292
72051,"Dorado Municipio, Puerto Rico",36030,7160,9570,12858,5825,617,17.87954482375798,46.43352761587566,2.986400222037191,0,0,0,0,97.01359977796281
72053,"Fajardo Municipio, Puerto Rico",32336,6006,8948,10189,6299,894,22.24455714992578,46.245670460168235,0.26595744680851063,0.15153389411182583,0,0.12370113805047006,0,99.23923800098962
72054,"Florida Municipio, Puerto Rico",11725,2251,3457,3745,2063,209,19.377398720682304,48.682302771855014,0.9466950959488273,0,0,0,0,99.05330490405117
72055,"Guánica Municipio, Puerto Rico",14297,2723,3695,4389,3131,359,24.410715534727565,44.89053647618381,0.6714695390641393,0,0,0,0,98.67804434496747
72057,"Guayama Municipio, Puerto Rico",37388,7030,11468,11827,6267,796,18.891088049641596,49.475767625976246,0.30223601155450946,0.18187653792660746,0,0,0,99.41425056167755
72059,"Guayanilla Municipio, Puerto Rico",18047,3482,5043,5644,3460,418,21.488336011525462,47.237768050091425,0.232725660774644,0,0,0.08865739458081676,0,99.67307585748324
72061,"Guaynabo Municipio, Puerto Rico",90014,13972,24793,30323,17623,3303,23.247494834136912,43.06552314084476,1.237585264514409,0.15775323838514008,0,0.06332348301375341,0,98.46357233319262
72063,"Gurabo Municipio, Puerto Rico",41237,7775,12436,14252,5908,866,16.42699517423673,49.0118097824769,1.47440405461115,0.6765768605863666,0,0.08972524674442854,0,96.66561583044353
72065,"Hatillo Municipio, Puerto Rico",38739,6680,10713,13203,7441,702,21.02016056170784,44.89790650249103,0.22974263661942745,0.09034822788404451,0,0,0,99.58181677379385
72067,"Hormigueros Municipio, Puerto Rico",15726,2433,3865,5011,3797,620,28.08724405443215,40.048327610326844,0.6613251939463309,0,0,0,0,99.12883123489762
72069,"Humacao Municipio, Puerto Rico",51398,9017,13281,17240,10538,1322,23.074827814311842,43.38301101210164,0.6362115257403012,0,0,0.402739406202576,0,98.96104906805712
72071,"Isabela Municipio, Puerto Rico",42985,7467,11848,14806,7730,1134,20.62114691171339,44.934279399790626,0.6979178783296499,0.21868093520995696,0.06979178783296498,0.07677096661626148,0,98.09701058508782
72073,"Jayuya Municipio, Puerto Rico",14877,3088,3971,5156,2343,319,17.89339248504403,47.449082476305705,1.2300867110304496,0,0,0,0,98.76991328896955
72075,"Juana Díaz Municipio, Puerto Rico",46704,9436,13121,15472,7660,1015,18.574426173347035,48.297790339157245,0.17985611510791366,0.01498800959232614,0.0171291538198013,0.0021411442274751626,0,99.78588557725249
72077,"Juncos Municipio, Puerto Rico",37290,7402,11456,12209,5313,910,16.688120139447573,50.571198712791634,0.2333065164923572,0,0,0,0,99.44489139179404
72079,"Lajas Municipio, Puerto Rico",23407,3945,6113,7517,5348,484,24.915623531422224,42.97005169393771,1.290212329644978,0,0,0,0,97.85961464519161
72081,"Lares Municipio, Puerto Rico",28092,5010,7435,9613,5307,727,21.479424747259007,44.300868574683186,0.37021216004556456,0,0,0,0,99.263135412217
72083,"Las Marías Municipio, Puerto Rico",8896,1735,2326,2910,1716,209,21.638938848920862,45.64973021582734,0.32598920863309355,0,0,0,0,99.24685251798562
72085,"Las Piedras Municipio, Puerto Rico",35495,6617,10140,11973,5914,851,19.059022397520778,47.20946612198901,0.025355683899140724,0.13804761233976617,0,0.07606705169742217,0,99.70700098605437
72087,"Loíza Municipio, Puerto Rico",24216,4715,6862,7962,4148,529,19.313676907829535,47.80723488602577,0.08259002312520647,0.13214403700033037,0,0,0,99.78526593987446
72089,"Luquillo Municipio, Puerto Rico",17917,3219,4997,5740,3534,427,22.10749567449908,45.85589105318971,0.6920801473460959,0.05023162359770051,0,0,0,99.2576882290562
72091,"Manatí Municipio, Puerto Rico",39693,7368,10751,12609,7910,1055,22.585846370896633,45.64784722747084,1.5065628700274607,0.16375683369863703,0,0.037790038545839316,0,97.83337112337188
72093,"Maricao Municipio, Puerto Rico",5389,980,1350,1879,959,221,21.896455743180553,43.23622193356838,0.7608090554833921,0,0,0,0,99.23919094451661
72095,"Maunabo Municipio, Puerto Rico",10700,1900,2422,3850,2295,233,23.626168224299064,40.39252336448598,0.3925233644859813,0,0,0,0,99.60747663551402
72097,"Mayagüez Municipio, Puerto Rico",74146,12252,23036,20664,15768,2426,24.538073530601785,47.592587597442886,0.5866803333962722,0.10250047204164756,0,0.017532975480808136,0,99.19887788956923
72099,"Moca Municipio, Puerto Rico",37532,7103,11091,12388,6320,630,18.51753170627731,48.475967174677606,0.27976127038260684,0.14654161781946073,0,0.06394543323031014,0,99.37919641905575
72101,"Morovis Municipio, Puerto Rico",29069,5694,8885,9550,4545,395,16.994048642884174,50.153084041418694,0.3027279920189893,0.0619216347311569,0,0,0,99.63535037324985
72103,"Naguabo Municipio, Puerto Rico",23722,4905,7182,7215,3965,455,18.632493044431328,50.95270213304106,0.6618328977320631,0.2908692353089959,0,0,0,99.04729786695894
72105,"Naranjito Municipio, Puerto Rico",29200,5497,8566,9142,5264,731,20.53082191780822,48.16095890410959,0.003424657534246575,0,0,0,0,99.96232876712328
72107,"Orocovis Municipio, Puerto Rico",21510,4305,6032,7295,3385,493,18.028823802882382,48.05671780567178,0.5532310553231056,0.1394700139470014,0,0,0,99.3072989307299
72109,"Patillas Municipio, Puerto Rico",16231,2836,3965,5712,3354,364,22.906783315877025,41.90129998151685,0,0,0,0,0,100
72111,"Peñuelas Municipio, Puerto Rico",20625,4381,5729,6898,3298,319,17.536969696969695,49.018181818181816,0.4315151515151515,0.2909090909090909,0,0,0,99.08363636363636
72113,"Ponce Municipio, Puerto Rico",139245,26185,39251,42134,27699,3976,22.747674961398975,46.99342884843262,0.3734424934468024,0.1342956659126001,0,0.015799490107364717,0,99.37304750619411
72115,"Quebradillas Municipio, Puerto Rico",23743,4329,6774,7674,4573,393,20.915638293391737,46.76325653876932,1.301436212778503,0.10108242429347597,0,0,0,98.31529292844206
72117,"Rincón Municipio, Puerto Rico",15097,2367,3525,5346,3414,445,25.56136980857124,39.02762138173147,6.504603563621911,0.11922898589123666,0,0,0,92.0911439358813
72119,"Río Grande Municipio, Puerto Rico",47630,8402,13939,15459,8931,899,20.638253201763593,46.905311778290994,0.4031072853243754,0.08817971866470711,0,0.18685702288473652,0,99.25467142557211
72121,"Sabana Grande Municipio, Puerto Rico",22860,4195,5985,7295,4763,622,23.556430446194227,44.53193350831146,0.6911636045494314,0.004374453193350831,0,0.04374453193350831,0,99.1994750656168
72123,"Salinas Municipio, Puerto Rico",26208,5287,7039,8611,4590,681,20.112179487179485,47.03144078144078,0.12973137973137974,0.33577533577533575,0.015262515262515262,0,0,99.47725885225886
72125,"San Germán Municipio, Puerto Rico",32031,5648,8358,9947,7084,994,25.2193187849271,43.726390059629736,0.9803003340513877,0.031219755861509164,0.034341731447660076,0.031219755861509164,0,98.86984483781337
72127,"San Juan Municipio, Puerto Rico",344791,58165,95830,110112,67128,13556,23.400842829424203,44.66328877493902,1.3364617985968312,0.17227827872537277,0,0.2067919406249003,0,98.12930151889115
72129,"San Lorenzo Municipio, Puerto Rico",37822,6729,10543,13050,6393,1107,19.829728729310983,45.66654328168791,0.026439638305747977,0.04759134895034636,0,0.26968431071862936,0,99.65628470202527
72131,"San Sebastián Municipio, Puerto Rico",39351,7073,9647,13195,8392,1044,23.97906025259841,42.48939035856776,3.059642702853803,0,0,0.04574216665396051,0,95.99501918629768
72133,"Santa Isabel Municipio, Puerto Rico",20530,4185,5943,6996,3059,347,16.590355577204093,49.3326838772528,0,0.07306380905991232,0,0,0,99.92693619094008
72135,"Toa Alta Municipio, Puerto Rico",67602,12895,20943,23608,8810,1346,15.023224164965534,50.0547321085175,0.8446495665808704,0.1760302949616875,0,0,0,98.90535782965001
72137,"Toa Baja Municipio, Puerto Rico",76248,13808,22317,24792,13484,1847,20.1067568985416,47.378291889623334,0.8078900430175218,0.04983737278354842,0.03541076487252125,0,0,99.04784387787221
72139,"Trujillo Alto Municipio, Puerto Rico",68001,12298,19938,22223,12036,1506,19.914413023337893,47.40518521786444,0.5985206099910295,0.06323436420052646,0,0,0,99.33824502580845
72141,"Utuado Municipio, Puerto Rico",28585,5208,7255,9610,5661,851,22.7811789400035,43.59979009970264,0.867587895749519,0.059471750918313804,0,0,0,98.64964142032535
72143,"Vega Alta Municipio, Puerto Rico",35728,7042,10362,11551,5861,912,18.957120465741156,48.712494402149574,0.37785490371697267,0.3498656515897895,0,0,0,99.15472458575907
72145,"Vega Baja Municipio, Puerto Rico",54544,9940,15214,17927,9866,1597,21.016060428278088,46.116896450572014,2.000220005866823,0.014667057788207686,0,0,0,97.74310648283954
72147,"Vieques Municipio, Puerto Rico",8317,1557,2185,2671,1657,247,22.89287002524949,44.992184681976674,6.119995190573524,0.5891547432968619,0,0,0,92.12456414572563
72149,"Villalba Municipio, Puerto Rico",22341,4530,6082,7541,3866,322,18.74580367933396,47.50011190188443,0.23275591960968622,0.09399758291929636,0,0,0,99.63296181907704
72151,"Yabucoa Municipio, Puerto Rico",31047,5514,8020,10712,6088,713,21.905498115759976,43.59197345959352,0.0869649241472606,0,0,0.03543015428221728,0,99.87760492157052
72153,"Yauco Municipio, Puerto Rico",34704,6149,8870,11687,7389,609,23.0463347164592,43.27743199631166,0.4408713692946058,0.06627478100507146,0,0,0,98.95401106500691
