fips,ahrf_county_name,cbsa_ind,rucc_2013,ophth_total,ophth_patient_care,ophth_residents,ophth_teaching,optom_npi,rural_pop_2020
01001,Autauga,1,02,0.0,0.0,0.0,0.0,6.0,23920.0
01003,Baldwin,1,03,6.0,6.0,0.0,0.0,32.0,87113.0
01005,Barbour,2,06,0.0,0.0,0.0,0.0,3.0,16627.0
01007,Bibb,1,01,0.0,0.0,0.0,0.0,1.0,22293.0
01009,Blount,1,01,1.0,1.0,0.0,0.0,4.0,53510.0
01011,Bullock,0,06,0.0,0.0,0.0,0.0,0.0,10357.0
01013,Butler,0,06,0.0,0.0,0.0,0.0,2.0,13228.0
01015,Calhoun,1,03,3.0,3.0,0.0,0.0,22.0,42494.0
01017,Chambers,2,06,1.0,1.0,0.0,0.0,2.0,17645.0
01019,Cherokee,0,06,0.0,0.0,0.0,0.0,2.0,24971.0
01021,Chilton,1,01,0.0,0.0,0.0,0.0,6.0,38507.0
01023,Choctaw,0,09,0.0,0.0,0.0,0.0,1.0,12665.0
01025,Clarke,0,07,0.0,0.0,0.0,0.0,2.0,23087.0
01027,Clay,0,09,0.0,0.0,0.0,0.0,0.0,14236.0
01029,Cleburne,0,08,0.0,0.0,0.0,0.0,0.0,15056.0
01031,Coffee,2,04,0.0,0.0,0.0,0.0,10.0,25412.0
01033,Colbert,1,03,2.0,2.0,0.0,0.0,3.0,23060.0
01035,Conecuh,0,07,0.0,0.0,0.0,0.0,1.0,11597.0
01037,Coosa,2,08,0.0,0.0,0.0,0.0,0.0,10387.0
01039,Covington,0,06,0.0,0.0,0.0,0.0,6.0,25854.0
01041,Crenshaw,0,08,0.0,0.0,0.0,0.0,1.0,13194.0
01043,Cullman,2,04,1.0,1.0,0.0,0.0,14.0,66426.0
01045,Dale,2,04,1.0,1.0,0.0,0.0,11.0,24886.0
01047,Dallas,2,04,2.0,2.0,0.0,0.0,5.0,17255.0
01049,DeKalb,2,06,0.0,0.0,0.0,0.0,11.0,63228.0
01051,Elmore,1,02,0.0,0.0,0.0,0.0,4.0,62672.0
01053,Escambia,2,06,0.0,0.0,0.0,0.0,4.0,23996.0
01055,Etowah,1,03,7.0,7.0,0.0,0.0,16.0,44653.0
01057,Fayette,0,06,0.0,0.0,0.0,0.0,4.0,16321.0
01059,Franklin,0,06,0.0,0.0,0.0,0.0,6.0,22174.0
01061,Geneva,1,03,0.0,0.0,0.0,0.0,0.0,26510.0
01063,Greene,1,08,1.0,1.0,0.0,0.0,0.0,7730.0
01065,Hale,1,03,0.0,0.0,0.0,0.0,0.0,14785.0
01067,Henry,1,03,0.0,0.0,0.0,0.0,1.0,17146.0
01069,Houston,1,03,20.0,20.0,0.0,0.0,27.0,36788.0
01071,Jackson,2,06,0.0,0.0,0.0,0.0,8.0,39597.0
01073,Jefferson,1,01,94.0,94.0,23.0,0.0,234.0,81445.0
01075,Lamar,0,08,0.0,0.0,0.0,0.0,1.0,13972.0
01077,Lauderdale,1,03,4.0,4.0,0.0,0.0,12.0,48806.0
01079,Lawrence,1,03,0.0,0.0,0.0,0.0,0.0,33071.0
01081,Lee,1,03,3.0,3.0,0.0,0.0,15.0,45982.0
01083,Limestone,1,02,1.0,1.0,0.0,0.0,12.0,52834.0
01085,Lowndes,1,02,0.0,0.0,0.0,0.0,0.0,10311.0
01087,Macon,0,06,0.0,0.0,0.0,0.0,3.0,10529.0
01089,Madison,1,02,21.0,21.0,0.0,0.0,75.0,66383.0
01091,Marengo,0,07,0.0,0.0,0.0,0.0,2.0,13096.0
01093,Marion,0,07,0.0,0.0,0.0,0.0,4.0,29341.0
01095,Marshall,2,04,0.0,0.0,0.0,0.0,23.0,52370.0
01097,Mobile,1,02,29.0,29.0,3.0,0.0,43.0,92902.0
01099,Monroe,0,07,0.0,0.0,0.0,0.0,1.0,15488.0
01101,Montgomery,1,02,13.0,13.0,0.0,0.0,37.0,28308.0
01103,Morgan,1,03,2.0,2.0,0.0,0.0,14.0,47440.0
01105,Perry,0,08,0.0,0.0,0.0,0.0,0.0,8511.0
01107,Pickens,1,03,0.0,0.0,0.0,0.0,2.0,19123.0
01109,Pike,2,06,1.0,1.0,0.0,0.0,8.0,18543.0
01111,Randolph,0,06,0.0,0.0,0.0,0.0,0.0,21967.0
01113,Russell,1,02,0.0,0.0,0.0,0.0,3.0,23881.0
01115,St. Clair,1,01,0.0,0.0,0.0,0.0,10.0,61140.0
01117,Shelby,1,01,8.0,8.0,2.0,0.0,44.0,53453.0
01119,Sumter,0,08,0.0,0.0,0.0,0.0,0.0,12345.0
01121,Talladega,2,04,1.0,1.0,0.0,0.0,13.0,48205.0
01123,Tallapoosa,2,06,1.0,1.0,0.0,0.0,5.0,32391.0
01125,Tuscaloosa,1,03,7.0,7.0,0.0,0.0,36.0,70586.0
01127,Walker,2,01,4.0,4.0,0.0,0.0,8.0,52068.0
01129,Washington,1,08,0.0,0.0,0.0,0.0,0.0,15388.0
01131,Wilcox,0,09,0.0,0.0,0.0,0.0,0.0,10600.0
01133,Winston,0,06,0.0,0.0,0.0,0.0,2.0,23540.0
02013,Aleutians East (B),0,09,0.0,0.0,0.0,0.0,0.0,3420.0
02016,Aleutians West (CA),0,09,0.0,0.0,0.0,0.0,0.0,5232.0
02020,Anchorage (B),1,02,20.0,20.0,0.0,0.0,90.0,12434.0
02050,Bethel (CA),0,07,0.0,0.0,0.0,0.0,7.0,13569.0
02060,Bristol Bay (B),0,09,0.0,0.0,0.0,0.0,0.0,844.0
02063,Chugach (CA),,,0.0,0.0,0.0,0.0,0.0,7102.0
02066,Copper River (CA),,,0.0,0.0,0.0,0.0,0.0,2617.0
02068,Denali (B),0,08,0.0,0.0,0.0,0.0,0.0,1619.0
02070,Dillingham (CA),0,09,0.0,0.0,0.0,0.0,1.0,4857.0
02090,Fairbanks North Star (B),1,03,4.0,4.0,0.0,0.0,31.0,24259.0
02100,Haines (B),0,09,0.0,0.0,0.0,0.0,0.0,2080.0
02105,Hoonah-Angoon (CA),0,09,0.0,0.0,0.0,0.0,0.0,2365.0
02110,Juneau (B),2,05,1.0,1.0,0.0,0.0,12.0,7499.0
02122,Kenai Peninsula (B),0,07,1.0,1.0,0.0,0.0,15.0,45511.0
02130,Ketchikan Gateway (B),2,07,0.0,0.0,0.0,0.0,2.0,1973.0
02150,Kodiak Island (B),0,07,0.0,0.0,0.0,0.0,3.0,3571.0
02158,Kusilvak (CA),0,09,0.0,0.0,0.0,0.0,0.0,8368.0
02164,Lake and Peninsula (B),0,09,0.0,0.0,0.0,0.0,0.0,1476.0
02170,Matanuska-Susitna (B),1,02,1.0,1.0,0.0,0.0,14.0,53637.0
02180,Nome (CA),0,07,0.0,0.0,0.0,0.0,2.0,10046.0
02185,North Slope (B),0,07,0.0,0.0,0.0,0.0,1.0,11031.0
02188,Northwest Arctic (B),0,07,0.0,0.0,0.0,0.0,1.0,7793.0
02195,Petersburg (B),0,09,0.0,0.0,0.0,0.0,0.0,3398.0
02198,Prince of Wales-Hyde,0,09,0.0,0.0,0.0,0.0,1.0,5753.0
02201,Pr of Wales-OutrKetch(CA),,,,,,,,
02220,Sitka (B),0,07,0.0,0.0,0.0,0.0,2.0,790.0
02230,Skagway Municipality (B),0,09,0.0,0.0,0.0,0.0,0.0,1240.0
02232,Skagway-Hoonah-Angoon(CA),,,,,,,,
02240,Southeast Fairbanks (CA),0,09,0.0,0.0,0.0,0.0,0.0,6808.0
02261,Valdez-Cordova (CA),0,09,,,,,,
02275,Wrangell (B),0,09,0.0,0.0,0.0,0.0,0.0,2127.0
02280,Wrangell-Petersburg (CA),,,,,,,,
02282,Yakutat (B),0,09,0.0,0.0,0.0,0.0,0.0,662.0
02290,Yukon-Koyukuk (CA),0,09,0.0,0.0,0.0,0.0,0.0,5343.0
04001,Apache,0,06,0.0,0.0,0.0,0.0,24.0,66021.0
04003,Cochise,1,03,2.0,2.0,0.0,0.0,23.0,46124.0
04005,Coconino,1,03,3.0,3.0,0.0,0.0,30.0,47019.0
04007,Gila,2,04,0.0,0.0,0.0,0.0,4.0,23630.0
04009,Graham,2,07,0.0,0.0,0.0,0.0,9.0,20202.0
04011,Greenlee,0,07,0.0,0.0,0.0,0.0,0.0,9563.0
04012,La Paz,0,06,0.0,0.0,0.0,0.0,3.0,7189.0
04013,Maricopa,1,01,202.0,199.0,9.0,0.0,753.0,101879.0
04015,Mohave,1,03,2.0,2.0,0.0,0.0,21.0,51040.0
04017,Navajo,2,04,1.0,1.0,0.0,0.0,20.0,68569.0
04019,Pima,1,02,95.0,95.0,22.0,0.0,179.0,92260.0
04021,Pinal,1,01,3.0,3.0,0.0,0.0,37.0,97947.0
04023,Santa Cruz,2,04,0.0,0.0,0.0,0.0,3.0,28501.0
04025,Yavapai,1,03,14.0,14.0,0.0,0.0,35.0,75541.0
04027,Yuma,1,03,4.0,4.0,0.0,0.0,24.0,30787.0
05001,Arkansas,0,06,0.0,0.0,0.0,0.0,2.0,9017.0
05003,Ashley,0,07,0.0,0.0,0.0,0.0,3.0,11878.0
05005,Baxter,2,07,7.0,7.0,0.0,0.0,6.0,23844.0
05007,Benton,1,02,4.0,4.0,0.0,0.0,45.0,68252.0
05009,Boone,2,07,0.0,0.0,0.0,0.0,7.0,23423.0
05011,Bradley,0,07,1.0,1.0,0.0,0.0,1.0,5267.0
05013,Calhoun,2,09,0.0,0.0,0.0,0.0,0.0,4739.0
05015,Carroll,0,06,0.0,0.0,0.0,0.0,7.0,23203.0
05017,Chicot,0,07,0.0,0.0,0.0,0.0,2.0,10208.0
05019,Clark,2,07,1.0,1.0,0.0,0.0,4.0,11360.0
05021,Clay,0,07,0.0,0.0,0.0,0.0,3.0,14552.0
05023,Cleburne,0,06,1.0,1.0,0.0,0.0,4.0,17968.0
05025,Cleveland,1,03,0.0,0.0,0.0,0.0,0.0,7550.0
05027,Columbia,2,07,1.0,1.0,0.0,0.0,4.0,12398.0
05029,Conway,0,06,0.0,0.0,0.0,0.0,2.0,14375.0
05031,Craighead,1,03,4.0,4.0,0.0,0.0,29.0,37450.0
05033,Crawford,1,02,0.0,0.0,0.0,0.0,4.0,29711.0
05035,Crittenden,1,01,2.0,2.0,0.0,0.0,7.0,8850.0
05037,Cross,0,06,0.0,0.0,0.0,0.0,7.0,9269.0
05039,Dallas,0,06,0.0,0.0,0.0,0.0,1.0,6482.0
05041,Desha,0,06,0.0,0.0,0.0,0.0,1.0,7087.0
05043,Drew,0,06,0.0,0.0,0.0,0.0,4.0,9376.0
05045,Faulkner,1,02,5.0,5.0,0.0,0.0,21.0,56879.0
05047,Franklin,1,06,0.0,0.0,0.0,0.0,0.0,17097.0
05049,Fulton,0,09,0.0,0.0,0.0,0.0,0.0,12075.0
05051,Garland,1,03,2.0,2.0,0.0,0.0,13.0,33845.0
05053,Grant,1,02,0.0,0.0,0.0,0.0,3.0,13248.0
05055,Greene,2,04,0.0,0.0,0.0,0.0,6.0,20647.0
05057,Hempstead,2,06,0.0,0.0,0.0,0.0,3.0,11210.0
05059,Hot Spring,2,06,0.0,0.0,0.0,0.0,3.0,24188.0
05061,Howard,0,06,0.0,0.0,0.0,0.0,3.0,12785.0
05063,Independence,2,07,1.0,1.0,0.0,0.0,6.0,27025.0
05065,Izard,0,09,0.0,0.0,0.0,0.0,1.0,13577.0
05067,Jackson,0,06,0.0,0.0,0.0,0.0,3.0,10808.0
05069,Jefferson,1,03,3.0,3.0,0.0,0.0,12.0,20577.0
05071,Johnson,0,07,2.0,2.0,0.0,0.0,2.0,17933.0
05073,Lafayette,0,08,0.0,0.0,0.0,0.0,1.0,6308.0
05075,Lawrence,0,06,0.0,0.0,0.0,0.0,2.0,9676.0
05077,Lee,0,07,0.0,0.0,0.0,0.0,1.0,8600.0
05079,Lincoln,1,03,0.0,0.0,0.0,0.0,0.0,12941.0
05081,Little River,1,03,0.0,0.0,0.0,0.0,0.0,12026.0
05083,Logan,0,06,0.0,0.0,0.0,0.0,3.0,21131.0
05085,Lonoke,1,02,1.0,1.0,1.0,0.0,12.0,38441.0
05087,Madison,1,02,0.0,0.0,0.0,0.0,1.0,16521.0
05089,Marion,0,09,0.0,0.0,0.0,0.0,0.0,16826.0
05091,Miller,1,03,1.0,1.0,0.0,0.0,0.0,17000.0
05093,Mississippi,2,04,1.0,1.0,0.0,0.0,10.0,18568.0
05095,Monroe,0,07,0.0,0.0,0.0,0.0,0.0,6799.0
05097,Montgomery,0,08,0.0,0.0,0.0,0.0,1.0,8484.0
05099,Nevada,2,07,0.0,0.0,0.0,0.0,1.0,8310.0
05101,Newton,2,09,0.0,0.0,0.0,0.0,0.0,7225.0
05103,Ouachita,2,07,0.0,0.0,0.0,0.0,5.0,12777.0
05105,Perry,1,02,0.0,0.0,0.0,0.0,0.0,10019.0
05107,Phillips,2,06,0.0,0.0,0.0,0.0,4.0,7969.0
05109,Pike,0,09,0.0,0.0,0.0,0.0,2.0,10171.0
05111,Poinsett,1,03,0.0,0.0,0.0,0.0,1.0,15732.0
05113,Polk,0,07,0.0,0.0,0.0,0.0,3.0,13687.0
05115,Pope,2,05,1.0,1.0,0.0,0.0,10.0,35421.0
05117,Prairie,0,08,0.0,0.0,0.0,0.0,0.0,8282.0
05119,Pulaski,1,02,68.0,66.0,10.0,1.0,87.0,45347.0
05121,Randolph,0,07,0.0,0.0,0.0,0.0,3.0,11407.0
05123,St. Francis,2,06,1.0,1.0,0.0,0.0,3.0,14533.0
05125,Saline,1,02,5.0,5.0,0.0,0.0,18.0,45370.0
05127,Scott,0,06,0.0,0.0,0.0,0.0,0.0,9836.0
05129,Searcy,0,09,0.0,0.0,0.0,0.0,1.0,7828.0
05131,Sebastian,1,02,6.0,6.0,0.0,0.0,33.0,25144.0
05133,Sevier,0,06,0.0,0.0,0.0,0.0,0.0,9945.0
05135,Sharp,2,07,0.0,0.0,0.0,0.0,2.0,17271.0
05137,Stone,0,09,0.0,0.0,0.0,0.0,2.0,12359.0
05139,Union,2,07,1.0,1.0,0.0,0.0,8.0,20356.0
05141,Van Buren,0,08,0.0,0.0,0.0,0.0,0.0,15796.0
05143,Washington,1,02,12.0,12.0,1.0,0.0,60.0,59012.0
05145,White,2,04,2.0,2.0,0.0,0.0,11.0,42954.0
05147,Woodruff,0,09,0.0,0.0,0.0,0.0,0.0,6269.0
05149,Yell,2,06,0.0,0.0,0.0,0.0,0.0,16353.0
06001,Alameda,1,01,111.0,109.0,4.0,0.0,510.0,8253.0
06003,Alpine,0,08,0.0,0.0,0.0,0.0,0.0,1204.0
06005,Amador,0,06,0.0,0.0,0.0,0.0,12.0,28020.0
06007,Butte,1,03,16.0,16.0,0.0,0.0,38.0,44478.0
06009,Calaveras,0,06,1.0,1.0,0.0,0.0,3.0,37128.0
06011,Colusa,0,06,0.0,0.0,0.0,0.0,2.0,9326.0
06013,Contra Costa,1,01,77.0,76.0,4.0,1.0,222.0,11661.0
06015,Del Norte,2,07,2.0,2.0,0.0,0.0,2.0,12123.0
06017,El Dorado,1,01,5.0,5.0,0.0,0.0,29.0,70112.0
06019,Fresno,1,02,45.0,44.0,1.0,0.0,160.0,113625.0
06021,Glenn,0,06,0.0,0.0,0.0,0.0,2.0,11917.0
06023,Humboldt,2,05,3.0,3.0,0.0,0.0,20.0,43033.0
06025,Imperial,1,03,1.0,1.0,0.0,0.0,10.0,33075.0
06027,Inyo,0,07,1.0,1.0,0.0,0.0,5.0,8003.0
06029,Kern,1,02,16.0,16.0,0.0,0.0,89.0,121409.0
06031,Kings,1,03,2.0,2.0,0.0,0.0,24.0,16642.0
06033,Lake,2,04,2.0,2.0,0.0,0.0,6.0,27802.0
06035,Lassen,2,07,0.0,0.0,0.0,0.0,3.0,23735.0
06037,Los Angeles,1,01,746.0,726.0,66.0,11.0,1939.0,89220.0
06039,Madera,1,03,1.0,1.0,0.0,0.0,8.0,60326.0
06041,Marin,1,01,26.0,26.0,1.0,0.0,53.0,15773.0
06043,Mariposa,0,08,1.0,1.0,0.0,0.0,1.0,17131.0
06045,Mendocino,2,04,2.0,2.0,0.0,0.0,15.0,44394.0
06047,Merced,1,02,5.0,5.0,0.0,0.0,22.0,47239.0
06049,Modoc,0,06,0.0,0.0,0.0,0.0,1.0,8700.0
06051,Mono,0,07,0.0,0.0,0.0,0.0,0.0,6150.0
06053,Monterey,1,02,20.0,19.0,0.0,1.0,68.0,62577.0
06055,Napa,1,03,9.0,9.0,0.0,0.0,25.0,20324.0
06057,Nevada,2,04,6.0,6.0,1.0,0.0,14.0,49285.0
06059,Orange,1,01,275.0,269.0,25.0,2.0,911.0,7962.0
06061,Placer,1,01,19.0,19.0,0.0,0.0,89.0,59016.0
06063,Plumas,0,07,0.0,0.0,0.0,0.0,3.0,19790.0
06065,Riverside,1,01,69.0,69.0,3.0,0.0,325.0,132359.0
06067,Sacramento,1,01,112.0,108.0,21.0,3.0,293.0,38029.0
06069,San Benito,1,01,0.0,0.0,0.0,0.0,6.0,14598.0
06071,San Bernardino,1,01,63.0,63.0,5.0,0.0,317.0,117405.0
06073,San Diego,1,01,241.0,234.0,32.0,1.0,670.0,144963.0
06075,San Francisco,1,01,138.0,127.0,23.0,4.0,259.0,0.0
06077,San Joaquin,1,02,24.0,23.0,1.0,0.0,99.0,60401.0
06079,San Luis Obispo,1,02,23.0,22.0,0.0,1.0,57.0,53909.0
06081,San Mateo,1,01,79.0,78.0,3.0,0.0,186.0,13035.0
06083,Santa Barbara,1,02,30.0,30.0,1.0,0.0,76.0,24964.0
06085,Santa Clara,1,01,177.0,173.0,25.0,2.0,543.0,25537.0
06087,Santa Cruz,1,02,12.0,12.0,0.0,0.0,56.0,36006.0
06089,Shasta,1,03,8.0,8.0,0.0,0.0,32.0,61553.0
06091,Sierra,0,08,0.0,0.0,0.0,0.0,0.0,3196.0
06093,Siskiyou,0,06,0.0,0.0,0.0,0.0,5.0,31256.0
06095,Solano,1,02,19.0,19.0,0.0,0.0,79.0,20209.0
06097,Sonoma,1,02,33.0,33.0,2.0,0.0,89.0,66643.0
06099,Stanislaus,1,02,12.0,12.0,0.0,0.0,81.0,45173.0
06101,Sutter,1,03,3.0,3.0,1.0,0.0,21.0,15010.0
06103,Tehama,2,04,4.0,4.0,0.0,0.0,8.0,37544.0
06105,Trinity,0,08,0.0,0.0,0.0,0.0,0.0,16112.0
06107,Tulare,1,02,12.0,12.0,2.0,0.0,64.0,94889.0
06109,Tuolumne,2,04,2.0,2.0,0.0,0.0,6.0,26607.0
06111,Ventura,1,02,50.0,49.0,1.0,1.0,157.0,28411.0
06113,Yolo,1,01,11.0,10.0,0.0,0.0,41.0,17416.0
06115,Yuba,1,03,0.0,0.0,0.0,0.0,9.0,24075.0
08001,Adams,1,01,30.0,30.0,15.0,0.0,91.0,20996.0
08003,Alamosa,0,07,0.0,0.0,0.0,0.0,4.0,5411.0
08005,Arapahoe,1,01,35.0,34.0,2.0,0.0,148.0,13518.0
08007,Archuleta,0,07,0.0,0.0,0.0,0.0,3.0,7727.0
08009,Baca,0,09,0.0,0.0,0.0,0.0,0.0,3506.0
08011,Bent,0,07,0.0,0.0,0.0,0.0,0.0,5650.0
08013,Boulder,1,02,32.0,31.0,0.0,1.0,92.0,31100.0
08014,Broomfield,1,01,3.0,3.0,0.0,0.0,25.0,293.0
08015,Chaffee,0,07,0.0,0.0,0.0,0.0,4.0,8485.0
08017,Cheyenne,0,09,0.0,0.0,0.0,0.0,0.0,1748.0
08019,Clear Creek,1,01,0.0,0.0,0.0,0.0,0.0,9397.0
08021,Conejos,0,09,0.0,0.0,0.0,0.0,0.0,7461.0
08023,Costilla,0,09,0.0,0.0,0.0,0.0,0.0,3499.0
08025,Crowley,0,08,0.0,0.0,0.0,0.0,0.0,5922.0
08027,Custer,0,08,0.0,0.0,0.0,0.0,0.0,4704.0
08029,Delta,0,06,0.0,0.0,0.0,0.0,5.0,23006.0
08031,Denver,1,01,78.0,78.0,9.0,0.0,120.0,104.0
08033,Dolores,0,09,0.0,0.0,0.0,0.0,0.0,2326.0
08035,Douglas,1,01,10.0,10.0,0.0,0.0,81.0,32270.0
08037,Eagle,2,05,1.0,1.0,0.0,0.0,10.0,10316.0
08039,Elbert,1,01,1.0,1.0,0.0,0.0,1.0,26062.0
08041,El Paso,1,02,38.0,38.0,1.0,0.0,185.0,74869.0
08043,Fremont,2,04,0.0,0.0,0.0,0.0,7.0,24202.0
08045,Garfield,2,05,1.0,1.0,0.0,0.0,7.0,19811.0
08047,Gilpin,1,01,0.0,0.0,0.0,0.0,0.0,5808.0
08049,Grand,0,07,0.0,0.0,0.0,0.0,2.0,10738.0
08051,Gunnison,0,07,1.0,1.0,0.0,0.0,1.0,9690.0
08053,Hinsdale,0,09,0.0,0.0,0.0,0.0,0.0,788.0
08055,Huerfano,0,06,0.0,0.0,0.0,0.0,0.0,6820.0
08057,Jackson,0,09,0.0,0.0,0.0,0.0,0.0,1379.0
08059,Jefferson,1,01,26.0,26.0,0.0,0.0,154.0,41669.0
08061,Kiowa,0,09,0.0,0.0,0.0,0.0,0.0,1446.0
08063,Kit Carson,0,07,0.0,0.0,0.0,0.0,1.0,7087.0
08065,Lake,0,06,0.0,0.0,0.0,0.0,0.0,2898.0
08067,La Plata,2,04,8.0,8.0,0.0,0.0,17.0,36524.0
08069,Larimer,1,02,18.0,18.0,1.0,0.0,77.0,36783.0
08071,Las Animas,0,07,0.0,0.0,0.0,0.0,1.0,6232.0
08073,Lincoln,0,08,0.0,0.0,0.0,0.0,0.0,5675.0
08075,Logan,2,07,0.0,0.0,0.0,0.0,2.0,9250.0
08077,Mesa,1,03,9.0,8.0,0.0,1.0,33.0,19730.0
08079,Mineral,0,09,0.0,0.0,0.0,0.0,0.0,865.0
08081,Moffat,2,07,0.0,0.0,0.0,0.0,5.0,3642.0
08083,Montezuma,0,06,2.0,2.0,0.0,0.0,8.0,17221.0
08085,Montrose,2,04,3.0,3.0,0.0,0.0,7.0,18166.0
08087,Morgan,2,06,0.0,0.0,0.0,0.0,6.0,10070.0
08089,Otero,0,06,0.0,0.0,0.0,0.0,6.0,10898.0
08091,Ouray,2,09,0.0,0.0,0.0,0.0,0.0,4874.0
08093,Park,1,01,0.0,0.0,0.0,0.0,0.0,17390.0
08095,Phillips,0,09,0.0,0.0,0.0,0.0,0.0,4530.0
08097,Pitkin,2,07,3.0,3.0,0.0,0.0,2.0,5722.0
08099,Prowers,0,07,0.0,0.0,0.0,0.0,2.0,4497.0
08101,Pueblo,1,03,7.0,7.0,0.0,0.0,24.0,22107.0
08103,Rio Blanco,0,09,0.0,0.0,0.0,0.0,0.0,6529.0
08105,Rio Grande,0,07,0.0,0.0,0.0,0.0,3.0,11539.0
08107,Routt,2,07,1.0,1.0,0.0,0.0,2.0,10374.0
08109,Saguache,0,09,0.0,0.0,0.0,0.0,0.0,6368.0
08111,San Juan,0,09,0.0,0.0,0.0,0.0,0.0,705.0
08113,San Miguel,0,09,0.0,0.0,0.0,0.0,1.0,3485.0
08115,Sedgwick,0,09,0.0,0.0,0.0,0.0,0.0,2404.0
08117,Summit,2,05,0.0,0.0,0.0,0.0,6.0,5000.0
08119,Teller,1,02,2.0,1.0,0.0,0.0,2.0,14846.0
08121,Washington,0,09,0.0,0.0,0.0,0.0,0.0,4817.0
08123,Weld,1,02,6.0,6.0,0.0,0.0,44.0,65841.0
08125,Yuma,0,07,0.0,0.0,0.0,0.0,1.0,9988.0
09001,Fairfield,1,02,88.0,87.0,2.0,0.0,142.0,53119.0
09003,Hartford,1,01,75.0,74.0,2.0,0.0,200.0,52000.0
09005,Litchfield,2,04,5.0,5.0,0.0,0.0,21.0,84225.0
09007,Middlesex,1,01,8.0,8.0,0.0,0.0,32.0,47956.0
09009,New Haven,1,02,87.0,86.0,15.0,0.0,143.0,44580.0
09011,New London,1,02,14.0,14.0,0.0,0.0,54.0,79701.0
09013,Tolland,1,01,2.0,2.0,1.0,0.0,21.0,75321.0
09015,Windham,1,02,4.0,4.0,0.0,0.0,14.0,58889.0
10001,Kent,1,03,3.0,3.0,0.0,0.0,32.0,48139.0
10003,New Castle,1,01,26.0,26.0,0.0,0.0,85.0,34781.0
10005,Sussex,1,02,6.0,6.0,0.0,0.0,25.0,89211.0
11001,The District,1,01,95.0,95.0,34.0,0.0,94.0,0.0
12001,Alachua,1,02,60.0,60.0,19.0,0.0,52.0,64720.0
12003,Baker,1,01,0.0,0.0,0.0,0.0,2.0,17378.0
12005,Bay,1,03,6.0,6.0,0.0,0.0,29.0,24897.0
12007,Bradford,0,06,0.0,0.0,0.0,0.0,2.0,20024.0
12009,Brevard,1,02,36.0,36.0,1.0,0.0,96.0,23539.0
12011,Broward,1,01,126.0,124.0,7.0,0.0,467.0,152.0
12013,Calhoun,0,06,0.0,0.0,0.0,0.0,1.0,13648.0
12015,Charlotte,1,03,9.0,9.0,0.0,0.0,21.0,12145.0
12017,Citrus,1,03,6.0,6.0,0.0,0.0,14.0,38421.0
12019,Clay,1,01,4.0,4.0,1.0,0.0,35.0,31483.0
12021,Collier,1,02,32.0,29.0,1.0,0.0,43.0,43673.0
12023,Columbia,2,04,2.0,2.0,0.0,0.0,20.0,44364.0
12027,DeSoto,2,06,0.0,0.0,0.0,0.0,2.0,16634.0
12029,Dixie,0,06,0.0,0.0,0.0,0.0,0.0,16759.0
12031,Duval,1,01,65.0,63.0,5.0,0.0,159.0,26390.0
12033,Escambia,1,02,24.0,23.0,1.0,0.0,54.0,24549.0
12035,Flagler,1,02,3.0,3.0,0.0,0.0,5.0,8830.0
12037,Franklin,0,06,0.0,0.0,0.0,0.0,0.0,12451.0
12039,Gadsden,1,02,0.0,0.0,0.0,0.0,2.0,35285.0
12041,Gilchrist,1,02,0.0,0.0,0.0,0.0,0.0,17864.0
12043,Glades,0,06,0.0,0.0,0.0,0.0,0.0,10027.0
12045,Gulf,0,03,0.0,0.0,0.0,0.0,0.0,14192.0
12047,Hamilton,0,06,0.0,0.0,0.0,0.0,0.0,14004.0
12049,Hardee,2,06,0.0,0.0,0.0,0.0,4.0,15537.0
12051,Hendry,2,04,0.0,0.0,0.0,0.0,4.0,14263.0
12053,Hernando,1,01,9.0,9.0,1.0,0.0,18.0,39016.0
12055,Highlands,1,03,2.0,2.0,0.0,0.0,13.0,20122.0
12057,Hillsborough,1,01,110.0,108.0,18.0,2.0,222.0,53607.0
12059,Holmes,0,06,0.0,0.0,0.0,0.0,1.0,19653.0
12061,Indian River,1,03,14.0,14.0,0.0,0.0,19.0,11573.0
12063,Jackson,0,06,0.0,0.0,0.0,0.0,5.0,41759.0
12065,Jefferson,1,02,0.0,0.0,0.0,0.0,0.0,14510.0
12067,Lafayette,0,09,0.0,0.0,0.0,0.0,0.0,8226.0
12069,Lake,1,01,20.0,20.0,0.0,0.0,41.0,68850.0
12071,Lee,1,02,47.0,47.0,1.0,0.0,104.0,29885.0
12073,Leon,1,02,22.0,22.0,2.0,0.0,54.0,39264.0
12075,Levy,1,06,0.0,0.0,0.0,0.0,4.0,42915.0
12077,Liberty,0,08,0.0,0.0,0.0,0.0,0.0,7974.0
12079,Madison,0,06,0.0,0.0,0.0,0.0,1.0,17968.0
12081,Manatee,1,02,28.0,28.0,0.0,0.0,55.0,18752.0
12083,Marion,1,02,15.0,15.0,1.0,0.0,54.0,110311.0
12085,Martin,1,02,18.0,18.0,1.0,0.0,28.0,11601.0
12086,Miami-Dade,1,01,223.0,216.0,30.0,4.0,416.0,23331.0
12087,Monroe,2,04,5.0,5.0,0.0,0.0,14.0,10867.0
12089,Nassau,1,01,2.0,2.0,0.0,0.0,13.0,39547.0
12091,Okaloosa,1,03,8.0,8.0,1.0,0.0,38.0,22524.0
12093,Okeechobee,2,04,1.0,1.0,0.0,0.0,7.0,14449.0
12095,Orange,1,01,64.0,64.0,2.0,0.0,188.0,33570.0
12097,Osceola,1,01,7.0,7.0,0.0,0.0,37.0,24507.0
12099,Palm Beach,1,01,142.0,139.0,6.0,1.0,213.0,12666.0
12101,Pasco,1,01,17.0,17.0,2.0,0.0,52.0,40708.0
12103,Pinellas,1,01,74.0,72.0,4.0,1.0,181.0,1827.0
12105,Polk,1,02,25.0,25.0,0.0,0.0,81.0,78919.0
12107,Putnam,2,04,1.0,1.0,0.0,0.0,3.0,53289.0
12109,St. Johns,1,01,19.0,19.0,1.0,0.0,38.0,40448.0
12111,St. Lucie,1,02,6.0,6.0,0.0,0.0,21.0,11647.0
12113,Santa Rosa,1,02,2.0,2.0,0.0,0.0,19.0,37417.0
12115,Sarasota,1,02,44.0,44.0,0.0,0.0,69.0,10462.0
12117,Seminole,1,01,23.0,23.0,0.0,0.0,94.0,15277.0
12119,Sumter,1,03,8.0,8.0,1.0,0.0,11.0,27997.0
12121,Suwannee,0,06,0.0,0.0,0.0,0.0,1.0,36806.0
12123,Taylor,0,06,0.0,0.0,0.0,0.0,2.0,15265.0
12125,Union,0,06,0.0,0.0,0.0,0.0,0.0,16147.0
12127,Volusia,1,02,29.0,29.0,0.0,0.0,81.0,47256.0
12129,Wakulla,1,02,0.0,0.0,0.0,0.0,1.0,23640.0
12131,Walton,1,03,0.0,0.0,0.0,0.0,8.0,42282.0
12133,Washington,0,06,0.0,0.0,0.0,0.0,0.0,25318.0
13001,Appling,0,07,0.0,0.0,0.0,0.0,1.0,13090.0
13003,Atkinson,2,09,0.0,0.0,0.0,0.0,0.0,8286.0
13005,Bacon,0,07,0.0,0.0,0.0,0.0,3.0,11140.0
13007,Baker,0,03,0.0,0.0,0.0,0.0,0.0,2876.0
13009,Baldwin,2,04,2.0,2.0,0.0,0.0,5.0,21358.0
13011,Banks,0,08,0.0,0.0,0.0,0.0,1.0,17238.0
13013,Barrow,1,01,1.0,1.0,0.0,0.0,6.0,27528.0
13015,Bartow,1,01,3.0,3.0,0.0,0.0,11.0,42941.0
13017,Ben Hill,2,07,1.0,1.0,0.0,0.0,1.0,5913.0
13019,Berrien,0,06,0.0,0.0,0.0,0.0,2.0,13316.0
13021,Bibb,1,03,18.0,18.0,1.0,0.0,19.0,22163.0
13023,Bleckley,0,06,0.0,0.0,0.0,0.0,0.0,6424.0
13025,Brantley,1,03,0.0,0.0,0.0,0.0,0.0,17899.0
13027,Brooks,1,03,0.0,0.0,0.0,0.0,2.0,16301.0
13029,Bryan,1,02,1.0,1.0,0.0,0.0,2.0,20929.0
13031,Bulloch,2,04,3.0,3.0,1.0,0.0,15.0,36611.0
13033,Burke,1,02,0.0,0.0,0.0,0.0,2.0,18493.0
13035,Butts,1,01,0.0,0.0,0.0,0.0,0.0,19737.0
13037,Calhoun,0,08,0.0,0.0,0.0,0.0,0.0,5573.0
13039,Camden,2,04,0.0,0.0,0.0,0.0,7.0,16201.0
13043,Candler,0,07,0.0,0.0,0.0,0.0,0.0,10981.0
13045,Carroll,1,01,2.0,2.0,0.0,0.0,9.0,64796.0
13047,Catoosa,1,02,1.0,1.0,0.0,0.0,7.0,16101.0
13049,Charlton,0,06,0.0,0.0,0.0,0.0,0.0,12518.0
13051,Chatham,1,02,23.0,23.0,1.0,0.0,41.0,8908.0
13053,Chattahoochee,1,02,0.0,0.0,0.0,0.0,11.0,3834.0
13055,Chattooga,2,06,0.0,0.0,0.0,0.0,1.0,14738.0
13057,Cherokee,1,01,5.0,5.0,0.0,0.0,29.0,48786.0
13059,Clarke,1,03,5.0,5.0,0.0,0.0,20.0,7623.0
13061,Clay,0,09,0.0,0.0,0.0,0.0,0.0,2848.0
13063,Clayton,1,01,4.0,4.0,0.0,0.0,40.0,1562.0
13065,Clinch,0,06,0.0,0.0,0.0,0.0,0.0,6749.0
13067,Cobb,1,01,45.0,45.0,3.0,0.0,117.0,40.0
13069,Coffee,2,07,0.0,0.0,0.0,0.0,6.0,28834.0
13071,Colquitt,2,06,2.0,2.0,0.0,0.0,3.0,26681.0
13073,Columbia,1,02,14.0,14.0,1.0,0.0,20.0,23319.0
13075,Cook,0,06,0.0,0.0,0.0,0.0,1.0,10195.0
13077,Coweta,1,01,2.0,2.0,0.0,0.0,10.0,65614.0
13079,Crawford,1,03,0.0,0.0,0.0,0.0,0.0,12130.0
13081,Crisp,2,06,0.0,0.0,0.0,0.0,4.0,9197.0
13083,Dade,1,02,0.0,0.0,0.0,0.0,2.0,15371.0
13085,Dawson,1,01,0.0,0.0,0.0,0.0,7.0,18598.0
13087,Decatur,2,06,1.0,1.0,0.0,0.0,5.0,15510.0
13089,DeKalb,1,01,89.0,88.0,16.0,1.0,119.0,1207.0
13091,Dodge,0,06,1.0,1.0,0.0,0.0,2.0,13705.0
13093,Dooly,0,06,0.0,0.0,0.0,0.0,0.0,11208.0
13095,Dougherty,1,03,6.0,6.0,0.0,0.0,17.0,12311.0
13097,Douglas,1,01,3.0,3.0,0.0,0.0,20.0,22322.0
13099,Early,0,06,0.0,0.0,0.0,0.0,0.0,10854.0
13101,Echols,1,03,0.0,0.0,0.0,0.0,0.0,3697.0
13103,Effingham,1,02,0.0,0.0,0.0,0.0,3.0,48066.0
13105,Elbert,0,06,0.0,0.0,0.0,0.0,1.0,13937.0
13107,Emanuel,0,07,0.0,0.0,0.0,0.0,1.0,15517.0
13109,Evans,0,06,0.0,0.0,0.0,0.0,1.0,10774.0
13111,Fannin,0,08,1.0,1.0,0.0,0.0,2.0,25319.0
13113,Fayette,1,01,4.0,4.0,0.0,0.0,23.0,21612.0
13115,Floyd,1,03,4.0,4.0,0.0,0.0,9.0,38181.0
13117,Forsyth,1,01,2.0,2.0,0.0,0.0,29.0,19446.0
13119,Franklin,0,08,0.0,0.0,0.0,0.0,1.0,23424.0
13121,Fulton,1,01,117.0,114.0,20.0,1.0,211.0,6745.0
13123,Gilmer,0,06,0.0,0.0,0.0,0.0,3.0,24615.0
13125,Glascock,0,09,0.0,0.0,0.0,0.0,0.0,2884.0
13127,Glynn,1,03,5.0,5.0,0.0,0.0,23.0,15749.0
13129,Gordon,2,04,1.0,1.0,0.0,0.0,0.0,34478.0
13131,Grady,0,06,0.0,0.0,0.0,0.0,3.0,15890.0
13133,Greene,0,06,0.0,0.0,0.0,0.0,3.0,18915.0
13135,Gwinnett,1,01,25.0,25.0,2.0,0.0,146.0,4525.0
13137,Habersham,2,06,0.0,0.0,0.0,0.0,3.0,27312.0
13139,Hall,1,03,8.0,8.0,0.0,0.0,20.0,52710.0
13141,Hancock,2,07,0.0,0.0,0.0,0.0,0.0,8735.0
13143,Haralson,1,01,0.0,0.0,0.0,0.0,2.0,22637.0
13145,Harris,1,02,0.0,0.0,0.0,0.0,1.0,33694.0
13147,Hart,0,06,0.0,0.0,0.0,0.0,2.0,19865.0
13149,Heard,1,01,0.0,0.0,0.0,0.0,0.0,11412.0
13151,Henry,1,01,2.0,2.0,0.0,0.0,26.0,45304.0
13153,Houston,1,03,4.0,4.0,1.0,0.0,25.0,14690.0
13155,Irwin,0,07,0.0,0.0,0.0,0.0,0.0,9666.0
13157,Jackson,2,04,5.0,5.0,0.0,0.0,11.0,47684.0
13159,Jasper,1,01,0.0,0.0,0.0,0.0,0.0,14588.0
13161,Jeff Davis,0,07,0.0,0.0,0.0,0.0,2.0,9862.0
13163,Jefferson,0,06,0.0,0.0,0.0,0.0,0.0,15709.0
13165,Jenkins,0,06,0.0,0.0,0.0,0.0,0.0,8674.0
13167,Johnson,2,07,0.0,0.0,0.0,0.0,0.0,9189.0
13169,Jones,1,03,0.0,0.0,0.0,0.0,0.0,23645.0
13171,Lamar,1,01,0.0,0.0,0.0,0.0,1.0,11675.0
13173,Lanier,1,03,0.0,0.0,0.0,0.0,0.0,9877.0
13175,Laurens,2,05,3.0,3.0,0.0,0.0,8.0,28728.0
13177,Lee,1,03,0.0,0.0,0.0,0.0,2.0,20682.0
13179,Liberty,1,03,1.0,1.0,0.0,0.0,26.0,15344.0
13181,Lincoln,1,02,0.0,0.0,0.0,0.0,0.0,7690.0
13183,Long,1,03,0.0,0.0,0.0,0.0,0.0,12973.0
13185,Lowndes,1,03,4.0,4.0,0.0,0.0,14.0,41482.0
13187,Lumpkin,0,06,0.0,0.0,0.0,0.0,5.0,26980.0
13189,McDuffie,1,02,0.0,0.0,0.0,0.0,4.0,12844.0
13191,McIntosh,1,03,0.0,0.0,0.0,0.0,0.0,10975.0
13193,Macon,0,06,0.0,0.0,0.0,0.0,0.0,12082.0
13195,Madison,1,03,0.0,0.0,0.0,0.0,0.0,27306.0
13197,Marion,1,02,0.0,0.0,0.0,0.0,0.0,7498.0
13199,Meriwether,1,01,0.0,0.0,0.0,0.0,1.0,20613.0
13201,Miller,0,08,0.0,0.0,0.0,0.0,0.0,6000.0
13205,Mitchell,0,06,0.0,0.0,0.0,0.0,1.0,16485.0
13207,Monroe,1,03,1.0,1.0,0.0,0.0,1.0,22879.0
13209,Montgomery,2,09,0.0,0.0,0.0,0.0,0.0,8499.0
13211,Morgan,1,01,0.0,0.0,0.0,0.0,2.0,15388.0
13213,Murray,1,03,0.0,0.0,0.0,0.0,4.0,27165.0
13215,Muscogee,1,02,15.0,15.0,2.0,0.0,24.0,7773.0
13217,Newton,1,01,2.0,2.0,0.0,0.0,5.0,38216.0
13219,Oconee,1,03,3.0,3.0,0.0,0.0,5.0,22607.0
13221,Oglethorpe,1,03,0.0,0.0,0.0,0.0,0.0,14825.0
13223,Paulding,1,01,0.0,0.0,0.0,0.0,9.0,34541.0
13225,Peach,1,03,0.0,0.0,0.0,0.0,0.0,11204.0
13227,Pickens,1,01,0.0,0.0,0.0,0.0,3.0,26832.0
13229,Pierce,2,06,0.0,0.0,0.0,0.0,0.0,19463.0
13231,Pike,1,01,0.0,0.0,0.0,0.0,0.0,18836.0
13233,Polk,2,04,0.0,0.0,0.0,0.0,4.0,22277.0
13235,Pulaski,0,03,0.0,0.0,0.0,0.0,1.0,9855.0
13237,Putnam,0,06,0.0,0.0,0.0,0.0,2.0,22047.0
13239,Quitman,2,09,0.0,0.0,0.0,0.0,0.0,1647.0
13241,Rabun,0,07,0.0,0.0,0.0,0.0,3.0,16883.0
13243,Randolph,0,06,0.0,0.0,0.0,0.0,0.0,6425.0
13245,Richmond,1,02,22.0,22.0,8.0,0.0,26.0,17217.0
13247,Rockdale,1,01,1.0,0.0,0.0,0.0,8.0,12831.0
13249,Schley,2,08,0.0,0.0,0.0,0.0,0.0,4547.0
13251,Screven,0,06,0.0,0.0,0.0,0.0,0.0,14067.0
13253,Seminole,0,06,0.0,0.0,0.0,0.0,0.0,9147.0
13255,Spalding,1,01,0.0,0.0,0.0,0.0,8.0,27362.0
13257,Stephens,2,07,1.0,1.0,0.0,0.0,5.0,14977.0
13259,Stewart,1,08,0.0,0.0,0.0,0.0,0.0,5314.0
13261,Sumter,2,06,1.0,1.0,0.0,0.0,8.0,12209.0
13263,Talbot,1,08,0.0,0.0,0.0,0.0,0.0,5733.0
13265,Taliaferro,0,08,0.0,0.0,0.0,0.0,0.0,1559.0
13267,Tattnall,0,06,0.0,0.0,0.0,0.0,2.0,22842.0
13269,Taylor,0,08,0.0,0.0,0.0,0.0,0.0,7816.0
13271,Telfair,0,07,0.0,0.0,0.0,0.0,1.0,12477.0
13273,Terrell,1,03,0.0,0.0,0.0,0.0,1.0,9185.0
13275,Thomas,2,04,3.0,3.0,0.0,0.0,7.0,20567.0
13277,Tift,2,05,3.0,3.0,0.0,0.0,3.0,16764.0
13279,Toombs,2,07,1.0,1.0,0.0,0.0,5.0,13432.0
13281,Towns,0,09,0.0,0.0,0.0,0.0,2.0,12493.0
13283,Treutlen,2,07,0.0,0.0,0.0,0.0,0.0,6406.0
13285,Troup,2,04,2.0,2.0,0.0,0.0,7.0,31494.0
13287,Turner,0,06,0.0,0.0,0.0,0.0,0.0,4268.0
13289,Twiggs,1,03,0.0,0.0,0.0,0.0,0.0,8022.0
13291,Union,0,09,0.0,0.0,0.0,0.0,4.0,24632.0
13293,Upson,2,06,1.0,1.0,0.0,0.0,1.0,12935.0
13295,Walker,1,02,0.0,0.0,0.0,0.0,3.0,34515.0
13297,Walton,1,01,2.0,2.0,0.0,0.0,6.0,56129.0
13299,Ware,2,05,2.0,2.0,0.0,0.0,10.0,11641.0
13301,Warren,0,08,0.0,0.0,0.0,0.0,0.0,5215.0
13303,Washington,0,07,0.0,0.0,0.0,0.0,0.0,12891.0
13305,Wayne,2,06,1.0,1.0,0.0,0.0,3.0,17372.0
13307,Webster,0,08,0.0,0.0,0.0,0.0,0.0,2348.0
13309,Wheeler,0,09,0.0,0.0,0.0,0.0,0.0,7471.0
13311,White,0,06,0.0,0.0,0.0,0.0,4.0,28003.0
13313,Whitfield,1,03,4.0,4.0,0.0,0.0,14.0,35892.0
13315,Wilcox,0,08,0.0,0.0,0.0,0.0,0.0,8766.0
13317,Wilkes,0,06,0.0,0.0,0.0,0.0,2.0,9565.0
13319,Wilkinson,0,08,0.0,0.0,0.0,0.0,0.0,8877.0
13321,Worth,1,03,0.0,0.0,0.0,0.0,1.0,14638.0
15001,Hawaii,2,05,4.0,4.0,0.0,0.0,36.0,119371.0
15003,Honolulu,1,02,92.0,92.0,1.0,0.0,248.0,17167.0
15005,Kalawao,0,03,0.0,0.0,0.0,0.0,0.0,82.0
15007,Kauai,2,05,5.0,5.0,0.0,0.0,16.0,30933.0
15009,Maui,1,03,8.0,8.0,0.0,0.0,26.0,35268.0
16001,Ada,1,02,31.0,30.0,1.0,1.0,106.0,27549.0
16003,Adams,0,09,0.0,0.0,0.0,0.0,0.0,4379.0
16005,Bannock,1,03,3.0,3.0,0.0,0.0,11.0,14807.0
16007,Bear Lake,0,09,0.0,0.0,0.0,0.0,1.0,6372.0
16009,Benewah,0,06,0.0,0.0,0.0,0.0,2.0,9530.0
16011,Bingham,2,04,0.0,0.0,0.0,0.0,8.0,28652.0
16013,Blaine,2,07,0.0,0.0,0.0,0.0,2.0,5891.0
16015,Boise,1,02,0.0,0.0,0.0,0.0,0.0,7610.0
16017,Bonner,2,06,1.0,1.0,0.0,0.0,11.0,34286.0
16019,Bonneville,1,03,9.0,9.0,0.0,0.0,33.0,18832.0
16021,Boundary,0,07,0.0,0.0,0.0,0.0,2.0,12056.0
16023,Butte,1,03,0.0,0.0,0.0,0.0,0.0,2574.0
16025,Camas,2,09,0.0,0.0,0.0,0.0,0.0,1077.0
16027,Canyon,1,02,5.0,5.0,0.0,0.0,34.0,43279.0
16029,Caribou,0,06,0.0,0.0,0.0,0.0,1.0,7027.0
16031,Cassia,2,07,0.0,0.0,0.0,0.0,4.0,12405.0
16033,Clark,0,09,0.0,0.0,0.0,0.0,0.0,790.0
16035,Clearwater,0,06,0.0,0.0,0.0,0.0,2.0,8734.0
16037,Custer,0,08,0.0,0.0,0.0,0.0,0.0,4275.0
16039,Elmore,2,06,0.0,0.0,0.0,0.0,8.0,10867.0
16041,Franklin,1,03,0.0,0.0,0.0,0.0,2.0,14194.0
16043,Fremont,2,06,0.0,0.0,0.0,0.0,0.0,13388.0
16045,Gem,1,02,0.0,0.0,0.0,0.0,6.0,8950.0
16047,Gooding,0,07,0.0,0.0,0.0,0.0,1.0,15598.0
16049,Idaho,0,06,0.0,0.0,0.0,0.0,3.0,16541.0
16051,Jefferson,1,03,0.0,0.0,0.0,0.0,2.0,20608.0
16053,Jerome,1,07,0.0,0.0,0.0,0.0,2.0,11832.0
16055,Kootenai,1,03,8.0,8.0,0.0,0.0,27.0,40290.0
16057,Latah,2,04,3.0,3.0,0.0,0.0,9.0,13603.0
16059,Lemhi,0,07,0.0,0.0,0.0,0.0,3.0,7974.0
16061,Lewis,0,08,0.0,0.0,0.0,0.0,0.0,3533.0
16063,Lincoln,0,09,0.0,0.0,0.0,0.0,1.0,5127.0
16065,Madison,2,04,1.0,1.0,0.0,0.0,15.0,11583.0
16067,Minidoka,2,07,0.0,0.0,0.0,0.0,4.0,9588.0
16069,Nez Perce,1,03,0.0,0.0,0.0,0.0,15.0,7959.0
16071,Oneida,0,08,0.0,0.0,0.0,0.0,0.0,4564.0
16073,Owyhee,1,02,0.0,0.0,0.0,0.0,0.0,11913.0
16075,Payette,2,06,1.0,1.0,0.0,0.0,2.0,10470.0
16077,Power,1,06,0.0,0.0,0.0,0.0,1.0,7878.0
16079,Shoshone,0,06,0.0,0.0,0.0,0.0,1.0,13169.0
16081,Teton,2,09,1.0,1.0,0.0,0.0,1.0,11630.0
16083,Twin Falls,1,05,9.0,9.0,0.0,0.0,20.0,31238.0
16085,Valley,0,08,0.0,0.0,0.0,0.0,1.0,8051.0
16087,Washington,0,06,0.0,0.0,0.0,0.0,1.0,4996.0
17001,Adams,2,05,7.0,7.0,0.0,0.0,18.0,22310.0
17003,Alexander,1,03,0.0,0.0,0.0,0.0,0.0,5080.0
17005,Bond,1,01,0.0,0.0,0.0,0.0,1.0,9960.0
17007,Boone,1,02,0.0,0.0,0.0,0.0,4.0,15712.0
17009,Brown,0,07,0.0,0.0,0.0,0.0,1.0,6244.0
17011,Bureau,2,07,0.0,0.0,0.0,0.0,6.0,18279.0
17013,Calhoun,1,01,0.0,0.0,0.0,0.0,0.0,4437.0
17015,Carroll,0,07,0.0,0.0,0.0,0.0,1.0,15702.0
17017,Cass,0,06,0.0,0.0,0.0,0.0,2.0,6780.0
17019,Champaign,1,03,9.0,9.0,0.0,0.0,35.0,32837.0
17021,Christian,2,06,0.0,0.0,0.0,0.0,4.0,17250.0
17023,Clark,0,06,0.0,0.0,0.0,0.0,1.0,15455.0
17025,Clay,0,07,0.0,0.0,0.0,0.0,2.0,8495.0
17027,Clinton,1,01,0.0,0.0,0.0,0.0,0.0,29599.0
17029,Coles,2,05,1.0,1.0,0.0,0.0,10.0,12337.0
17031,Cook,1,01,435.0,427.0,80.0,5.0,1093.0,2890.0
17033,Crawford,0,07,0.0,0.0,0.0,0.0,2.0,12545.0
17035,Cumberland,2,09,0.0,0.0,0.0,0.0,0.0,10450.0
17037,DeKalb,1,01,1.0,1.0,0.0,0.0,14.0,21848.0
17039,De Witt,0,03,0.0,0.0,0.0,0.0,2.0,8193.0
17041,Douglas,0,06,0.0,0.0,0.0,0.0,2.0,14798.0
17043,DuPage,1,01,91.0,88.0,8.0,1.0,278.0,1752.0
17045,Edgar,0,06,0.0,0.0,0.0,0.0,3.0,8550.0
17047,Edwards,0,09,0.0,0.0,0.0,0.0,0.0,6245.0
17049,Effingham,2,07,2.0,2.0,0.0,0.0,12.0,20678.0
17051,Fayette,0,06,0.0,0.0,0.0,0.0,2.0,13378.0
17053,Ford,0,03,0.0,0.0,0.0,0.0,3.0,9006.0
17055,Franklin,0,04,0.0,0.0,0.0,0.0,6.0,22378.0
17057,Fulton,1,06,0.0,0.0,0.0,0.0,3.0,20432.0
17059,Gallatin,0,08,0.0,0.0,0.0,0.0,0.0,4946.0
17061,Greene,0,06,0.0,0.0,0.0,0.0,0.0,11985.0
17063,Grundy,1,01,0.0,0.0,0.0,0.0,14.0,13148.0
17065,Hamilton,0,07,0.0,0.0,0.0,0.0,0.0,7993.0
17067,Hancock,2,07,0.0,0.0,0.0,0.0,0.0,14806.0
17069,Hardin,0,09,0.0,0.0,0.0,0.0,0.0,3649.0
17071,Henderson,2,09,0.0,0.0,0.0,0.0,0.0,6353.0
17073,Henry,1,02,0.0,0.0,0.0,0.0,7.0,24544.0
17075,Iroquois,0,06,0.0,0.0,0.0,0.0,1.0,22406.0
17077,Jackson,1,03,3.0,3.0,0.0,0.0,9.0,21692.0
17079,Jasper,0,07,0.0,0.0,0.0,0.0,2.0,9287.0
17081,Jefferson,2,07,3.0,3.0,0.0,0.0,9.0,21825.0
17083,Jersey,1,01,0.0,0.0,0.0,0.0,7.0,12781.0
17085,Jo Daviess,0,06,0.0,0.0,0.0,0.0,2.0,19477.0
17087,Johnson,1,08,0.0,0.0,0.0,0.0,1.0,13308.0
17089,Kane,1,01,16.0,16.0,1.0,0.0,79.0,20777.0
17091,Kankakee,1,03,3.0,3.0,0.0,0.0,15.0,30535.0
17093,Kendall,1,01,0.0,0.0,0.0,0.0,22.0,14994.0
17095,Knox,2,04,0.0,0.0,0.0,0.0,11.0,16120.0
17097,Lake,1,01,66.0,64.0,4.0,0.0,141.0,10110.0
17099,La Salle,2,04,2.0,2.0,0.0,0.0,12.0,34651.0
17101,Lawrence,0,07,0.0,0.0,0.0,0.0,1.0,10648.0
17103,Lee,2,06,0.0,0.0,0.0,0.0,8.0,18158.0
17105,Livingston,2,04,0.0,0.0,0.0,0.0,8.0,23135.0
17107,Logan,2,06,0.0,0.0,0.0,0.0,2.0,13997.0
17109,McDonough,2,05,1.0,1.0,0.0,0.0,9.0,11582.0
17111,McHenry,1,01,5.0,5.0,0.0,0.0,67.0,43710.0
17113,McLean,1,03,9.0,9.0,0.0,0.0,29.0,36854.0
17115,Macon,1,03,3.0,3.0,0.0,0.0,22.0,17711.0
17117,Macoupin,1,01,0.0,0.0,0.0,0.0,6.0,29462.0
17119,Madison,1,01,4.0,4.0,0.0,0.0,43.0,43705.0
17121,Marion,2,04,0.0,0.0,0.0,0.0,10.0,18032.0
17123,Marshall,1,02,0.0,0.0,0.0,0.0,2.0,11742.0
17125,Mason,0,06,0.0,0.0,0.0,0.0,1.0,13086.0
17127,Massac,2,07,0.0,0.0,0.0,0.0,1.0,7493.0
17129,Menard,1,03,0.0,0.0,0.0,0.0,0.0,12297.0
17131,Mercer,1,02,0.0,0.0,0.0,0.0,0.0,15699.0
17133,Monroe,1,01,0.0,0.0,0.0,0.0,8.0,14509.0
17135,Montgomery,0,06,0.0,0.0,0.0,0.0,8.0,15058.0
17137,Morgan,2,04,2.0,2.0,0.0,0.0,6.0,11912.0
17139,Moultrie,0,06,0.0,0.0,0.0,0.0,1.0,10112.0
17141,Ogle,2,04,0.0,0.0,0.0,0.0,4.0,35150.0
17143,Peoria,1,02,13.0,13.0,0.0,0.0,43.0,30807.0
17145,Perry,0,06,0.0,0.0,0.0,0.0,6.0,15012.0
17147,Piatt,1,03,0.0,0.0,0.0,0.0,1.0,10688.0
17149,Pike,0,07,0.0,0.0,0.0,0.0,1.0,14739.0
17151,Pope,0,08,0.0,0.0,0.0,0.0,0.0,3763.0
17153,Pulaski,0,08,0.0,0.0,0.0,0.0,0.0,5193.0
17155,Putnam,2,08,0.0,0.0,0.0,0.0,0.0,5637.0
17157,Randolph,0,06,0.0,0.0,0.0,0.0,3.0,23825.0
17159,Richland,0,07,0.0,0.0,0.0,0.0,3.0,7171.0
17161,Rock Island,1,02,4.0,4.0,0.0,0.0,23.0,16701.0
17163,St. Clair,1,01,11.0,11.0,0.0,0.0,52.0,36437.0
17165,Saline,0,06,0.0,0.0,0.0,0.0,3.0,15485.0
17167,Sangamon,1,03,18.0,18.0,1.0,0.0,42.0,37078.0
17169,Schuyler,0,07,0.0,0.0,0.0,0.0,0.0,6902.0
17171,Scott,2,09,0.0,0.0,0.0,0.0,0.0,4949.0
17173,Shelby,0,06,0.0,0.0,0.0,0.0,3.0,16066.0
17175,Stark,1,02,0.0,0.0,0.0,0.0,0.0,5400.0
17177,Stephenson,2,04,1.0,1.0,0.0,0.0,10.0,20495.0
17179,Tazewell,1,02,1.0,1.0,0.0,0.0,17.0,28662.0
17181,Union,0,06,0.0,0.0,0.0,0.0,2.0,11176.0
17183,Vermilion,1,03,0.0,0.0,0.0,0.0,17.0,29332.0
17185,Wabash,0,07,0.0,0.0,0.0,0.0,1.0,4398.0
17187,Warren,0,06,0.0,0.0,0.0,0.0,2.0,7646.0
17189,Washington,0,06,0.0,0.0,0.0,0.0,3.0,13667.0
17191,Wayne,0,07,0.0,0.0,0.0,0.0,2.0,11413.0
17193,White,0,06,0.0,0.0,0.0,0.0,3.0,8810.0
17195,Whiteside,2,04,1.0,1.0,0.0,0.0,12.0,24254.0
17197,Will,1,01,15.0,15.0,1.0,0.0,98.0,33946.0
17199,Williamson,1,03,1.0,1.0,0.0,0.0,28.0,27556.0
17201,Winnebago,1,02,10.0,10.0,0.0,0.0,60.0,27662.0
17203,Woodford,1,02,0.0,0.0,0.0,0.0,0.0,26989.0
18001,Adams,2,06,0.0,0.0,0.0,0.0,7.0,25368.0
18003,Allen,1,02,16.0,16.0,0.0,0.0,101.0,49790.0
18005,Bartholomew,1,03,6.0,5.0,0.0,0.0,19.0,25233.0
18007,Benton,1,03,0.0,0.0,0.0,0.0,0.0,8719.0
18009,Blackford,0,06,0.0,0.0,0.0,0.0,3.0,5977.0
18011,Boone,1,01,5.0,5.0,1.0,0.0,17.0,19255.0
18013,Brown,1,01,0.0,0.0,0.0,0.0,4.0,15475.0
18015,Carroll,1,03,0.0,0.0,0.0,0.0,6.0,19203.0
18017,Cass,2,04,0.0,0.0,0.0,0.0,11.0,17496.0
18019,Clark,1,01,5.0,5.0,1.0,0.0,32.0,25830.0
18021,Clay,1,03,0.0,0.0,0.0,0.0,4.0,15879.0
18023,Clinton,2,06,0.0,0.0,0.0,0.0,3.0,16415.0
18025,Crawford,0,08,0.0,0.0,0.0,0.0,0.0,10526.0
18027,Daviess,2,07,0.0,0.0,0.0,0.0,4.0,20461.0
18029,Dearborn,1,01,1.0,1.0,0.0,0.0,6.0,30514.0
18031,Decatur,2,06,0.0,0.0,0.0,0.0,7.0,13943.0
18033,De Kalb,2,04,0.0,0.0,0.0,0.0,6.0,22919.0
18035,Delaware,1,03,6.0,6.0,0.0,0.0,24.0,25804.0
18037,Dubois,2,05,2.0,2.0,0.0,0.0,15.0,20771.0
18039,Elkhart,1,03,3.0,3.0,0.0,0.0,33.0,48154.0
18041,Fayette,2,06,0.0,0.0,0.0,0.0,7.0,8997.0
18043,Floyd,1,01,4.0,4.0,0.0,0.0,13.0,27406.0
18045,Fountain,0,06,0.0,0.0,0.0,0.0,1.0,16479.0
18047,Franklin,1,06,1.0,1.0,0.0,0.0,4.0,20247.0
18049,Fulton,0,07,0.0,0.0,0.0,0.0,5.0,13147.0
18051,Gibson,0,06,1.0,1.0,0.0,0.0,5.0,24668.0
18053,Grant,2,04,1.0,1.0,0.0,0.0,18.0,25713.0
18055,Greene,0,06,0.0,0.0,0.0,0.0,5.0,25505.0
18057,Hamilton,1,01,48.0,47.0,1.0,0.0,86.0,19947.0
18059,Hancock,1,01,0.0,0.0,0.0,0.0,11.0,22096.0
18061,Harrison,1,01,0.0,0.0,0.0,0.0,7.0,33958.0
18063,Hendricks,1,01,3.0,3.0,0.0,0.0,37.0,26639.0
18065,Henry,2,04,0.0,0.0,0.0,0.0,4.0,30359.0
18067,Howard,1,03,4.0,4.0,0.0,0.0,17.0,21467.0
18069,Huntington,2,06,0.0,0.0,0.0,0.0,6.0,19107.0
18071,Jackson,2,04,1.0,1.0,0.0,0.0,11.0,22181.0
18073,Jasper,1,01,0.0,0.0,0.0,0.0,4.0,27409.0
18075,Jay,0,06,0.0,0.0,0.0,0.0,2.0,14114.0
18077,Jefferson,2,06,1.0,1.0,0.0,0.0,7.0,15700.0
18079,Jennings,2,06,0.0,0.0,0.0,0.0,5.0,20677.0
18081,Johnson,1,01,3.0,3.0,1.0,0.0,53.0,20600.0
18083,Knox,2,05,0.0,0.0,0.0,0.0,16.0,16482.0
18085,Kosciusko,2,04,4.0,4.0,0.0,0.0,15.0,38807.0
18087,Lagrange,0,06,0.0,0.0,0.0,0.0,1.0,40446.0
18089,Lake,1,01,15.0,15.0,1.0,0.0,99.0,22625.0
18091,La Porte,1,03,2.0,2.0,0.0,0.0,17.0,41056.0
18093,Lawrence,2,06,1.0,1.0,0.0,0.0,12.0,30579.0
18095,Madison,1,01,2.0,2.0,0.0,0.0,22.0,32041.0
18097,Marion,1,01,70.0,69.0,19.0,0.0,203.0,8594.0
18099,Marshall,2,06,0.0,0.0,0.0,0.0,8.0,33816.0
18101,Martin,0,07,0.0,0.0,0.0,0.0,2.0,9812.0
18103,Miami,2,06,0.0,0.0,0.0,0.0,3.0,16384.0
18105,Monroe,1,03,6.0,6.0,0.0,0.0,90.0,29615.0
18107,Montgomery,2,06,0.0,0.0,0.0,0.0,6.0,20073.0
18109,Morgan,1,01,0.0,0.0,0.0,0.0,16.0,38833.0
18111,Newton,1,01,0.0,0.0,0.0,0.0,0.0,13830.0
18113,Noble,2,06,0.0,0.0,0.0,0.0,5.0,36870.0
18115,Ohio,1,01,0.0,0.0,0.0,0.0,0.0,5940.0
18117,Orange,0,06,0.0,0.0,0.0,0.0,4.0,19867.0
18119,Owen,1,03,0.0,0.0,0.0,0.0,3.0,21321.0
18121,Parke,1,06,0.0,0.0,0.0,0.0,2.0,16055.0
18123,Perry,0,06,0.0,0.0,0.0,0.0,3.0,10409.0
18125,Pike,2,08,0.0,0.0,0.0,0.0,2.0,12250.0
18127,Porter,1,01,9.0,9.0,1.0,0.0,32.0,40843.0
18129,Posey,1,02,0.0,0.0,0.0,0.0,2.0,17759.0
18131,Pulaski,0,06,0.0,0.0,0.0,0.0,2.0,12514.0
18133,Putnam,1,01,0.0,0.0,0.0,0.0,6.0,26536.0
18135,Randolph,0,06,0.0,0.0,0.0,0.0,1.0,16310.0
18137,Ripley,0,06,0.0,0.0,0.0,0.0,1.0,23592.0
18139,Rush,0,06,0.0,0.0,0.0,0.0,2.0,10283.0
18141,St. Joseph,1,02,10.0,10.0,0.0,0.0,65.0,27344.0
18143,Scott,2,01,0.0,0.0,0.0,0.0,3.0,16806.0
18145,Shelby,1,01,0.0,0.0,0.0,0.0,9.0,23695.0
18147,Spencer,0,08,0.0,0.0,0.0,0.0,2.0,19810.0
18149,Starke,0,06,1.0,1.0,0.0,0.0,0.0,23371.0
18151,Steuben,2,07,0.0,0.0,0.0,0.0,5.0,21749.0
18153,Sullivan,1,03,0.0,0.0,0.0,0.0,3.0,15943.0
18155,Switzerland,0,08,0.0,0.0,0.0,0.0,0.0,9737.0
18157,Tippecanoe,1,03,15.0,15.0,1.0,0.0,32.0,29151.0
18159,Tipton,0,06,0.0,0.0,0.0,0.0,5.0,9452.0
18161,Union,1,01,0.0,0.0,0.0,0.0,0.0,7087.0
18163,Vanderburgh,1,02,13.0,13.0,0.0,0.0,66.0,14333.0
18165,Vermillion,1,03,0.0,0.0,0.0,0.0,1.0,9056.0
18167,Vigo,1,03,6.0,6.0,1.0,0.0,23.0,26291.0
18169,Wabash,2,06,0.0,0.0,0.0,0.0,11.0,15534.0
18171,Warren,1,08,0.0,0.0,0.0,0.0,0.0,8440.0
18173,Warrick,1,02,4.0,4.0,0.0,0.0,4.0,17087.0
18175,Washington,1,01,0.0,0.0,0.0,0.0,3.0,21565.0
18177,Wayne,2,05,2.0,2.0,0.0,0.0,19.0,25090.0
18179,Wells,2,02,0.0,0.0,0.0,0.0,9.0,17834.0
18181,White,0,06,1.0,1.0,0.0,0.0,6.0,15156.0
18183,Whitley,1,02,0.0,0.0,0.0,0.0,5.0,23621.0
19001,Adair,0,08,0.0,0.0,0.0,0.0,1.0,7496.0
19003,Adams,0,09,0.0,0.0,0.0,0.0,1.0,3704.0
19005,Allamakee,0,06,0.0,0.0,0.0,0.0,1.0,14061.0
19007,Appanoose,0,07,0.0,0.0,0.0,0.0,3.0,7048.0
19009,Audubon,0,08,0.0,0.0,0.0,0.0,0.0,5674.0
19011,Benton,1,02,0.0,0.0,0.0,0.0,2.0,20795.0
19013,Black Hawk,1,03,8.0,8.0,0.0,0.0,24.0,17005.0
19015,Boone,1,06,0.0,0.0,0.0,0.0,4.0,14204.0
19017,Bremer,1,03,0.0,0.0,0.0,0.0,6.0,15829.0
19019,Buchanan,0,06,0.0,0.0,0.0,0.0,4.0,13794.0
19021,Buena Vista,2,07,0.0,0.0,0.0,0.0,6.0,8963.0
19023,Butler,0,08,0.0,0.0,0.0,0.0,0.0,14334.0
19025,Calhoun,0,09,0.0,0.0,0.0,0.0,2.0,9927.0
19027,Carroll,2,07,1.0,1.0,0.0,0.0,6.0,10610.0
19029,Cass,0,06,0.0,0.0,0.0,0.0,3.0,6519.0
19031,Cedar,0,06,0.0,0.0,0.0,0.0,1.0,18505.0
19033,Cerro Gordo,2,05,3.0,3.0,0.0,0.0,12.0,8767.0
19035,Cherokee,0,06,0.0,0.0,0.0,0.0,3.0,6953.0
19037,Chickasaw,0,06,0.0,0.0,0.0,0.0,1.0,12012.0
19039,Clarke,0,06,0.0,0.0,0.0,0.0,3.0,4465.0
19041,Clay,2,07,0.0,0.0,0.0,0.0,8.0,5417.0
19043,Clayton,0,08,0.0,0.0,0.0,0.0,1.0,16885.0
19045,Clinton,2,04,1.0,1.0,0.0,0.0,8.0,14007.0
19047,Crawford,0,07,0.0,0.0,0.0,0.0,5.0,8383.0
19049,Dallas,1,02,3.0,3.0,0.0,0.0,10.0,21280.0
19051,Davis,0,09,0.0,0.0,0.0,0.0,1.0,9110.0
19053,Decatur,0,09,0.0,0.0,0.0,0.0,0.0,7645.0
19055,Delaware,0,06,0.0,0.0,0.0,0.0,4.0,12575.0
19057,Des Moines,2,05,3.0,3.0,0.0,0.0,12.0,10497.0
19059,Dickinson,2,07,1.0,1.0,0.0,0.0,5.0,4747.0
19061,Dubuque,1,03,11.0,11.0,0.0,0.0,20.0,31492.0
19063,Emmet,0,07,0.0,0.0,0.0,0.0,3.0,3614.0
19065,Fayette,0,06,0.0,0.0,0.0,0.0,4.0,13638.0
19067,Floyd,0,07,0.0,0.0,0.0,0.0,3.0,8372.0
19069,Franklin,0,07,0.0,0.0,0.0,0.0,4.0,10019.0
19071,Fremont,0,08,0.0,0.0,0.0,0.0,0.0,6596.0
19073,Greene,0,06,0.0,0.0,0.0,0.0,3.0,8771.0
19075,Grundy,1,03,0.0,0.0,0.0,0.0,1.0,12329.0
19077,Guthrie,1,02,0.0,0.0,0.0,0.0,0.0,10623.0
19079,Hamilton,0,06,0.0,0.0,0.0,0.0,4.0,7433.0
19081,Hancock,0,07,0.0,0.0,0.0,0.0,1.0,10795.0
19083,Hardin,0,06,0.0,0.0,0.0,0.0,5.0,11820.0
19085,Harrison,1,02,0.0,0.0,0.0,0.0,0.0,14582.0
19087,Henry,0,06,1.0,1.0,0.0,0.0,6.0,11198.0
19089,Howard,0,06,0.0,0.0,0.0,0.0,1.0,9469.0
19091,Humboldt,0,07,0.0,0.0,0.0,0.0,3.0,4258.0
19093,Ida,0,08,0.0,0.0,0.0,0.0,1.0,7005.0
19095,Iowa,0,06,0.0,0.0,0.0,0.0,3.0,16662.0
19097,Jackson,0,06,0.0,0.0,0.0,0.0,4.0,13387.0
19099,Jasper,1,06,0.0,0.0,0.0,0.0,7.0,21870.0
19101,Jefferson,2,07,1.0,1.0,0.0,0.0,4.0,6452.0
19103,Johnson,1,03,55.0,49.0,16.0,2.0,43.0,25458.0
19105,Jones,1,02,0.0,0.0,0.0,0.0,1.0,15235.0
19107,Keokuk,0,08,0.0,0.0,0.0,0.0,0.0,10033.0
19109,Kossuth,0,07,0.0,0.0,0.0,0.0,5.0,9385.0
19111,Lee,2,05,0.0,0.0,0.0,0.0,8.0,13740.0
19113,Linn,1,02,8.0,8.0,0.0,0.0,40.0,31532.0
19115,Louisa,0,08,0.0,0.0,0.0,0.0,0.0,10837.0
19117,Lucas,0,06,0.0,0.0,0.0,0.0,2.0,8634.0
19119,Lyon,0,08,0.0,0.0,0.0,0.0,1.0,11934.0
19121,Madison,1,02,0.0,0.0,0.0,0.0,2.0,11471.0
19123,Mahaska,2,07,0.0,0.0,0.0,0.0,6.0,9649.0
19125,Marion,2,06,1.0,1.0,0.0,0.0,12.0,15693.0
19127,Marshall,2,04,1.0,1.0,0.0,0.0,12.0,12724.0
19129,Mills,1,02,0.0,0.0,0.0,0.0,3.0,9475.0
19131,Mitchell,0,07,0.0,0.0,0.0,0.0,1.0,10565.0
19133,Monona,0,06,0.0,0.0,0.0,0.0,0.0,8751.0
19135,Monroe,0,07,0.0,0.0,0.0,0.0,1.0,7577.0
19137,Montgomery,0,06,0.0,0.0,0.0,0.0,2.0,4814.0
19139,Muscatine,2,04,0.0,0.0,0.0,0.0,14.0,18091.0
19141,Obrien,0,07,0.0,0.0,0.0,0.0,7.0,9051.0
19143,Osceola,0,07,0.0,0.0,0.0,0.0,1.0,6192.0
19145,Page,0,06,0.0,0.0,0.0,0.0,5.0,5135.0
19147,Palo Alto,0,07,0.0,0.0,0.0,0.0,3.0,8996.0
19149,Plymouth,0,03,0.0,0.0,0.0,0.0,5.0,15560.0
19151,Pocahontas,0,09,0.0,0.0,0.0,0.0,2.0,7078.0
19153,Polk,1,02,29.0,29.0,2.0,0.0,108.0,22027.0
19155,Pottawattamie,1,02,0.0,0.0,0.0,0.0,15.0,25220.0
19157,Poweshiek,0,07,0.0,0.0,0.0,0.0,7.0,9176.0
19159,Ringgold,0,09,0.0,0.0,0.0,0.0,0.0,4663.0
19161,Sac,0,09,0.0,0.0,0.0,0.0,1.0,9814.0
19163,Scott,1,02,14.0,14.0,0.0,0.0,30.0,23192.0
19165,Shelby,0,06,0.0,0.0,0.0,0.0,3.0,7033.0
19167,Sioux,0,07,0.0,0.0,0.0,0.0,10.0,20307.0
19169,Story,1,03,7.0,7.0,0.0,0.0,17.0,25468.0
19171,Tama,0,06,0.0,0.0,0.0,0.0,2.0,11872.0
19173,Taylor,0,09,0.0,0.0,0.0,0.0,0.0,5896.0
19175,Union,0,06,0.0,0.0,0.0,0.0,7.0,4631.0
19177,Van Buren,0,09,0.0,0.0,0.0,0.0,0.0,7203.0
19179,Wapello,2,05,2.0,2.0,0.0,0.0,5.0,10418.0
19181,Warren,1,02,0.0,0.0,0.0,0.0,8.0,24668.0
19183,Washington,1,03,0.0,0.0,0.0,0.0,4.0,15719.0
19185,Wayne,0,09,0.0,0.0,0.0,0.0,1.0,6497.0
19187,Webster,2,05,1.0,1.0,0.0,0.0,9.0,12300.0
19189,Winnebago,0,07,0.0,0.0,0.0,0.0,2.0,10679.0
19191,Winneshiek,0,07,0.0,0.0,0.0,0.0,6.0,12077.0
19193,Woodbury,1,03,5.0,5.0,0.0,0.0,23.0,17086.0
19195,Worth,2,09,0.0,0.0,0.0,0.0,0.0,7443.0
19197,Wright,0,07,0.0,0.0,0.0,0.0,3.0,12943.0
20001,Allen,0,07,0.0,0.0,0.0,0.0,4.0,6681.0
20003,Anderson,0,06,0.0,0.0,0.0,0.0,1.0,7836.0
20005,Atchison,2,06,1.0,1.0,0.0,0.0,1.0,5441.0
20007,Barber,0,09,0.0,0.0,0.0,0.0,0.0,4228.0
20009,Barton,2,07,1.0,1.0,0.0,0.0,6.0,10727.0
20011,Bourbon,0,06,0.0,0.0,0.0,0.0,3.0,6921.0
20013,Brown,0,06,0.0,0.0,0.0,0.0,2.0,9508.0
20015,Butler,1,02,0.0,0.0,0.0,0.0,12.0,31063.0
20017,Chase,2,09,0.0,0.0,0.0,0.0,0.0,2572.0
20019,Chautauqua,0,08,0.0,0.0,0.0,0.0,0.0,3379.0
20021,Cherokee,0,06,0.0,0.0,0.0,0.0,0.0,19362.0
20023,Cheyenne,0,09,1.0,1.0,0.0,0.0,0.0,2616.0
20025,Clark,0,09,0.0,0.0,0.0,0.0,0.0,1991.0
20027,Clay,0,06,0.0,0.0,0.0,0.0,4.0,3986.0
20029,Cloud,0,07,0.0,0.0,0.0,0.0,5.0,4001.0
20031,Coffey,0,06,0.0,0.0,0.0,0.0,0.0,8360.0
20033,Comanche,0,09,0.0,0.0,0.0,0.0,0.0,1689.0
20035,Cowley,2,04,0.0,0.0,0.0,0.0,10.0,11054.0
20037,Crawford,2,04,0.0,0.0,0.0,0.0,9.0,15852.0
20039,Decatur,0,09,0.0,0.0,0.0,0.0,0.0,2764.0
20041,Dickinson,0,07,0.0,0.0,0.0,0.0,5.0,11797.0
20043,Doniphan,1,03,0.0,0.0,0.0,0.0,1.0,5383.0
20045,Douglas,1,03,5.0,5.0,0.0,0.0,22.0,17387.0
20047,Edwards,0,09,0.0,0.0,0.0,0.0,1.0,2907.0
20049,Elk,0,08,0.0,0.0,0.0,0.0,0.0,2483.0
20051,Ellis,2,05,2.0,2.0,0.0,0.0,7.0,7054.0
20053,Ellsworth,0,07,0.0,0.0,0.0,0.0,2.0,6376.0
20055,Finney,2,05,5.0,5.0,0.0,0.0,15.0,7494.0
20057,Ford,2,05,0.0,0.0,0.0,0.0,14.0,6585.0
20059,Franklin,2,06,1.0,1.0,0.0,0.0,3.0,13535.0
20061,Geary,1,04,1.0,1.0,0.0,0.0,13.0,4270.0
20063,Gove,0,09,0.0,0.0,0.0,0.0,1.0,2718.0
20065,Graham,0,09,0.0,0.0,0.0,0.0,1.0,2415.0
20067,Grant,0,07,0.0,0.0,0.0,0.0,1.0,1487.0
20069,Gray,0,09,0.0,0.0,0.0,0.0,0.0,5653.0
20071,Greeley,0,09,0.0,0.0,0.0,0.0,0.0,1284.0
20073,Greenwood,0,06,0.0,0.0,0.0,0.0,1.0,6016.0
20075,Hamilton,0,09,0.0,0.0,0.0,0.0,0.0,2518.0
20077,Harper,0,08,0.0,0.0,0.0,0.0,1.0,5485.0
20079,Harvey,1,02,2.0,2.0,0.0,0.0,9.0,13646.0
20081,Haskell,0,09,0.0,0.0,0.0,0.0,0.0,3780.0
20083,Hodgeman,0,09,0.0,0.0,0.0,0.0,0.0,1723.0
20085,Jackson,1,03,0.0,0.0,0.0,0.0,3.0,13232.0
20087,Jefferson,1,03,0.0,0.0,0.0,0.0,2.0,18208.0
20089,Jewell,0,09,0.0,0.0,0.0,0.0,0.0,2932.0
20091,Johnson,1,01,80.0,78.0,9.0,0.0,158.0,24622.0
20093,Kearny,2,09,0.0,0.0,0.0,0.0,0.0,3983.0
20095,Kingman,0,02,0.0,0.0,0.0,0.0,1.0,7470.0
20097,Kiowa,0,09,0.0,0.0,0.0,0.0,0.0,2460.0
20099,Labette,2,07,1.0,1.0,0.0,0.0,2.0,10751.0
20101,Lane,0,09,0.0,0.0,0.0,0.0,0.0,1574.0
20103,Leavenworth,1,01,0.0,0.0,0.0,0.0,14.0,27183.0
20105,Lincoln,0,09,0.0,0.0,0.0,0.0,0.0,2939.0
20107,Linn,1,01,0.0,0.0,0.0,0.0,0.0,9591.0
20109,Logan,0,09,0.0,0.0,0.0,0.0,0.0,2762.0
20111,Lyon,2,04,2.0,2.0,0.0,0.0,13.0,8097.0
20113,McPherson,2,07,1.0,1.0,0.0,0.0,5.0,16184.0
20115,Marion,0,06,0.0,0.0,0.0,0.0,1.0,11823.0
20117,Marshall,0,06,0.0,0.0,0.0,0.0,4.0,10038.0
20119,Meade,0,09,0.0,0.0,0.0,0.0,0.0,4055.0
20121,Miami,1,01,0.0,0.0,0.0,0.0,7.0,25774.0
20123,Mitchell,0,07,0.0,0.0,0.0,0.0,2.0,5796.0
20125,Montgomery,2,05,1.0,1.0,0.0,0.0,5.0,14293.0
20127,Morris,0,08,0.0,0.0,0.0,0.0,1.0,5386.0
20129,Morton,0,09,0.0,0.0,0.0,0.0,0.0,2701.0
20131,Nemaha,0,06,0.0,0.0,0.0,0.0,3.0,10273.0
20133,Neosho,0,07,0.0,0.0,0.0,0.0,7.0,7194.0
20135,Ness,0,09,0.0,0.0,0.0,0.0,1.0,2687.0
20137,Norton,0,07,0.0,0.0,0.0,0.0,1.0,5459.0
20139,Osage,1,03,0.0,0.0,0.0,0.0,1.0,15766.0
20141,Osborne,0,09,0.0,0.0,0.0,0.0,2.0,3500.0
20143,Ottawa,2,09,0.0,0.0,0.0,0.0,0.0,5735.0
20145,Pawnee,0,07,0.0,0.0,0.0,0.0,1.0,2519.0
20147,Phillips,0,07,0.0,0.0,0.0,0.0,1.0,4981.0
20149,Pottawatomie,1,03,0.0,0.0,0.0,0.0,6.0,16613.0
20151,Pratt,0,07,0.0,0.0,0.0,0.0,3.0,2568.0
20153,Rawlins,0,09,0.0,0.0,0.0,0.0,0.0,2561.0
20155,Reno,2,04,2.0,2.0,0.0,0.0,15.0,19423.0
20157,Republic,0,09,0.0,0.0,0.0,0.0,2.0,4674.0
20159,Rice,0,07,0.0,0.0,0.0,0.0,1.0,9427.0
20161,Riley,1,03,2.0,1.0,0.0,0.0,23.0,7087.0
20163,Rooks,0,09,0.0,0.0,0.0,0.0,0.0,4919.0
20165,Rush,0,09,0.0,0.0,0.0,0.0,0.0,2956.0
20167,Russell,0,07,0.0,0.0,0.0,0.0,2.0,2625.0
20169,Saline,2,05,4.0,4.0,1.0,0.0,20.0,7756.0
20171,Scott,0,07,0.0,0.0,0.0,0.0,2.0,5151.0
20173,Sedgwick,1,02,29.0,29.0,0.0,0.0,152.0,38867.0
20175,Seward,2,05,0.0,0.0,0.0,0.0,6.0,2121.0
20177,Shawnee,1,03,10.0,10.0,0.0,0.0,46.0,30113.0
20179,Sheridan,0,09,0.0,0.0,0.0,0.0,0.0,2447.0
20181,Sherman,0,07,0.0,0.0,0.0,0.0,3.0,1488.0
20183,Smith,0,09,0.0,0.0,0.0,0.0,0.0,3570.0
20185,Stafford,0,09,0.0,0.0,0.0,0.0,0.0,4072.0
20187,Stanton,0,09,0.0,0.0,0.0,0.0,0.0,2084.0
20189,Stevens,0,07,0.0,0.0,0.0,0.0,0.0,5250.0
20191,Sumner,1,02,0.0,0.0,0.0,0.0,1.0,14022.0
20193,Thomas,0,07,0.0,0.0,0.0,0.0,5.0,2463.0
20195,Trego,0,09,0.0,0.0,0.0,0.0,2.0,2808.0
20197,Wabaunsee,1,03,0.0,0.0,0.0,0.0,0.0,6877.0
20199,Wallace,0,09,0.0,0.0,0.0,0.0,0.0,1512.0
20201,Washington,0,09,0.0,0.0,0.0,0.0,1.0,5530.0
20203,Wichita,0,09,0.0,0.0,0.0,0.0,0.0,2152.0
20205,Wilson,0,07,0.0,0.0,0.0,0.0,1.0,8624.0
20207,Woodson,0,09,0.0,0.0,0.0,0.0,1.0,3115.0
20209,Wyandotte,1,01,7.0,7.0,4.0,0.0,10.0,8951.0
21001,Adair,0,07,0.0,0.0,0.0,0.0,3.0,13885.0
21003,Allen,1,03,0.0,0.0,0.0,0.0,1.0,15951.0
21005,Anderson,2,06,0.0,0.0,0.0,0.0,1.0,10309.0
21007,Ballard,2,09,0.0,0.0,0.0,0.0,0.0,7728.0
21009,Barren,2,06,1.0,1.0,0.0,0.0,6.0,27626.0
21011,Bath,2,08,0.0,0.0,0.0,0.0,0.0,12750.0
21013,Bell,2,07,1.0,1.0,0.0,0.0,8.0,14282.0
21015,Boone,1,01,2.0,2.0,1.0,0.0,23.0,15590.0
21017,Bourbon,1,02,0.0,0.0,0.0,0.0,1.0,8983.0
21019,Boyd,1,02,6.0,6.0,1.0,0.0,12.0,11482.0
21021,Boyle,2,07,2.0,2.0,0.0,0.0,7.0,10826.0
21023,Bracken,1,01,0.0,0.0,0.0,0.0,0.0,8400.0
21025,Breathitt,0,07,0.0,0.0,0.0,0.0,1.0,13718.0
21027,Breckinridge,0,08,0.0,0.0,0.0,0.0,0.0,20432.0
21029,Bullitt,1,01,0.0,0.0,0.0,0.0,7.0,24215.0
21031,Butler,1,03,0.0,0.0,0.0,0.0,1.0,12371.0
21033,Caldwell,0,07,0.0,0.0,0.0,0.0,2.0,6591.0
21035,Calloway,2,07,2.0,2.0,0.0,0.0,8.0,18145.0
21037,Campbell,1,01,0.0,0.0,0.0,0.0,14.0,15926.0
21039,Carlisle,0,09,0.0,0.0,0.0,0.0,0.0,4826.0
21041,Carroll,0,06,0.0,0.0,0.0,0.0,0.0,5339.0
21043,Carter,1,06,0.0,0.0,0.0,0.0,5.0,21209.0
21045,Casey,0,09,0.0,0.0,0.0,0.0,0.0,15941.0
21047,Christian,1,02,3.0,3.0,0.0,0.0,23.0,21150.0
21049,Clark,1,02,2.0,2.0,0.0,0.0,5.0,10719.0
21051,Clay,2,07,0.0,0.0,0.0,0.0,1.0,20345.0
21053,Clinton,0,09,0.0,0.0,0.0,0.0,1.0,9253.0
21055,Crittenden,0,07,0.0,0.0,0.0,0.0,0.0,8990.0
21057,Cumberland,0,09,0.0,0.0,0.0,0.0,0.0,5888.0
21059,Daviess,1,03,4.0,4.0,0.0,0.0,28.0,26879.0
21061,Edmonson,1,03,0.0,0.0,0.0,0.0,0.0,12126.0
21063,Elliott,0,09,0.0,0.0,0.0,0.0,0.0,7354.0
21065,Estill,2,06,0.0,0.0,0.0,0.0,0.0,10134.0
21067,Fayette,1,02,62.0,62.0,20.0,0.0,85.0,9443.0
21069,Fleming,0,07,0.0,0.0,0.0,0.0,1.0,15082.0
21071,Floyd,0,07,0.0,0.0,0.0,0.0,3.0,28112.0
21073,Franklin,2,04,4.0,3.0,0.0,0.0,9.0,13705.0
21075,Fulton,0,09,0.0,0.0,0.0,0.0,0.0,4182.0
21077,Gallatin,1,01,0.0,0.0,0.0,0.0,0.0,8690.0
21079,Garrard,0,06,0.0,0.0,0.0,0.0,1.0,16953.0
21081,Grant,1,01,0.0,0.0,0.0,0.0,2.0,24941.0
21083,Graves,2,07,1.0,1.0,0.0,0.0,6.0,24393.0
21085,Grayson,0,06,0.0,0.0,0.0,0.0,5.0,19932.0
21087,Green,2,08,0.0,0.0,0.0,0.0,0.0,11107.0
21089,Greenup,1,02,0.0,0.0,0.0,0.0,4.0,15350.0
21091,Hancock,1,03,0.0,0.0,0.0,0.0,2.0,8315.0
21093,Hardin,1,03,4.0,4.0,1.0,0.0,19.0,37082.0
21095,Harlan,0,07,0.0,0.0,0.0,0.0,1.0,20684.0
21097,Harrison,0,06,0.0,0.0,0.0,0.0,5.0,12299.0
21099,Hart,0,08,0.0,0.0,0.0,0.0,4.0,17036.0
21101,Henderson,1,02,0.0,0.0,0.0,0.0,8.0,16363.0
21103,Henry,1,01,0.0,0.0,0.0,0.0,0.0,15678.0
21105,Hickman,0,09,0.0,0.0,0.0,0.0,0.0,4521.0
21107,Hopkins,2,05,2.0,2.0,0.0,0.0,6.0,24095.0
21109,Jackson,0,09,0.0,0.0,0.0,0.0,0.0,12955.0
21111,Jefferson,1,01,78.0,78.0,14.0,0.0,129.0,12784.0
21113,Jessamine,1,02,1.0,1.0,0.0,0.0,5.0,13106.0
21115,Johnson,0,07,0.0,0.0,0.0,0.0,7.0,16739.0
21117,Kenton,1,01,9.0,9.0,0.0,0.0,29.0,11361.0
21119,Knott,0,09,0.0,0.0,0.0,0.0,0.0,14251.0
21121,Knox,2,07,0.0,0.0,0.0,0.0,2.0,18734.0
21123,Larue,1,03,0.0,0.0,0.0,0.0,1.0,14867.0
21125,Laurel,2,05,1.0,1.0,0.0,0.0,14.0,38189.0
21127,Lawrence,0,06,0.0,0.0,0.0,0.0,1.0,12386.0
21129,Lee,0,09,0.0,0.0,0.0,0.0,0.0,7395.0
21131,Leslie,0,09,0.0,0.0,0.0,0.0,1.0,10513.0
21133,Letcher,0,09,0.0,0.0,0.0,0.0,5.0,21548.0
21135,Lewis,0,08,0.0,0.0,0.0,0.0,1.0,13080.0
21137,Lincoln,2,07,0.0,0.0,0.0,0.0,1.0,24249.0
21139,Livingston,2,09,0.0,0.0,0.0,0.0,0.0,8474.0
21141,Logan,0,06,0.0,0.0,0.0,0.0,6.0,20791.0
21143,Lyon,0,09,0.0,0.0,0.0,0.0,0.0,8680.0
21145,McCracken,2,05,7.0,7.0,0.0,0.0,21.0,18207.0
21147,McCreary,0,09,0.0,0.0,0.0,0.0,1.0,16888.0
21149,McLean,1,03,0.0,0.0,0.0,0.0,1.0,9152.0
21151,Madison,2,04,3.0,3.0,0.0,0.0,20.0,33544.0
21153,Magoffin,0,09,0.0,0.0,0.0,0.0,0.0,11637.0
21155,Marion,0,07,0.0,0.0,0.0,0.0,3.0,13372.0
21157,Marshall,0,07,0.0,0.0,0.0,0.0,7.0,26968.0
21159,Martin,0,09,0.0,0.0,0.0,0.0,0.0,11287.0
21161,Mason,2,06,0.0,0.0,0.0,0.0,3.0,9157.0
21163,Meade,1,03,0.0,0.0,0.0,0.0,1.0,27182.0
21165,Menifee,2,09,0.0,0.0,0.0,0.0,0.0,6113.0
21167,Mercer,0,06,0.0,0.0,0.0,0.0,4.0,12850.0
21169,Metcalfe,2,09,0.0,0.0,0.0,0.0,2.0,10286.0
21171,Monroe,0,08,0.0,0.0,0.0,0.0,4.0,11338.0
21173,Montgomery,2,06,0.0,0.0,0.0,0.0,7.0,14194.0
21175,Morgan,0,09,0.0,0.0,0.0,0.0,1.0,13726.0
21177,Muhlenberg,2,06,1.0,1.0,1.0,0.0,6.0,19645.0
21179,Nelson,2,06,0.0,0.0,0.0,0.0,7.0,29056.0
21181,Nicholas,0,08,0.0,0.0,0.0,0.0,0.0,7537.0
21183,Ohio,0,06,0.0,0.0,0.0,0.0,1.0,18114.0
21185,Oldham,1,01,2.0,2.0,0.0,0.0,3.0,17012.0
21187,Owen,0,08,0.0,0.0,0.0,0.0,0.0,11278.0
21189,Owsley,0,09,0.0,0.0,0.0,0.0,0.0,4051.0
21191,Pendleton,1,01,0.0,0.0,0.0,0.0,0.0,14644.0
21193,Perry,0,07,1.0,1.0,0.0,0.0,1.0,20665.0
21195,Pike,0,07,4.0,4.0,0.0,0.0,29.0,49742.0
21197,Powell,0,06,0.0,0.0,0.0,0.0,0.0,13129.0
21199,Pulaski,2,05,3.0,3.0,1.0,0.0,11.0,34202.0
21201,Robertson,0,08,0.0,0.0,0.0,0.0,0.0,2193.0
21203,Rockcastle,0,07,0.0,0.0,0.0,0.0,0.0,16037.0
21205,Rowan,0,07,0.0,0.0,0.0,0.0,5.0,15287.0
21207,Russell,0,09,0.0,0.0,0.0,0.0,1.0,17991.0
21209,Scott,1,02,2.0,2.0,0.0,0.0,7.0,18463.0
21211,Shelby,1,01,1.0,1.0,0.0,0.0,6.0,24880.0
21213,Simpson,0,06,0.0,0.0,0.0,0.0,5.0,7956.0
21215,Spencer,1,01,0.0,0.0,0.0,0.0,0.0,19490.0
21217,Taylor,2,07,1.0,1.0,0.0,0.0,11.0,13234.0
21219,Todd,0,08,0.0,0.0,0.0,0.0,0.0,12243.0
21221,Trigg,1,02,0.0,0.0,0.0,0.0,3.0,14061.0
21223,Trimble,0,01,0.0,0.0,0.0,0.0,0.0,8474.0
21225,Union,0,06,0.0,0.0,0.0,0.0,1.0,13668.0
21227,Warren,1,03,6.0,6.0,0.0,0.0,23.0,36740.0
21229,Washington,0,09,0.0,0.0,0.0,0.0,1.0,12027.0
21231,Wayne,0,07,0.0,0.0,0.0,0.0,5.0,12874.0
21233,Webster,0,08,0.0,0.0,0.0,0.0,1.0,13017.0
21235,Whitley,2,07,2.0,2.0,0.0,0.0,6.0,23371.0
21237,Wolfe,0,09,0.0,0.0,0.0,0.0,0.0,6562.0
21239,Woodford,1,02,1.0,1.0,0.0,0.0,4.0,10008.0
22001,Acadia,1,02,1.0,1.0,0.0,0.0,4.0,35517.0
22003,Allen,0,06,0.0,0.0,0.0,0.0,2.0,16050.0
22005,Ascension,1,02,0.0,0.0,0.0,0.0,13.0,13708.0
22007,Assumption,1,06,0.0,0.0,0.0,0.0,0.0,13570.0
22009,Avoyelles,0,06,1.0,1.0,0.0,0.0,4.0,33011.0
22011,Beauregard,2,06,1.0,1.0,1.0,0.0,2.0,26670.0
22013,Bienville,0,06,0.0,0.0,0.0,0.0,0.0,12981.0
22015,Bossier,1,02,4.0,4.0,0.0,0.0,8.0,34977.0
22017,Caddo,1,02,45.0,44.0,13.0,1.0,31.0,37974.0
22019,Calcasieu,1,03,12.0,11.0,0.0,1.0,21.0,54284.0
22021,Caldwell,0,08,0.0,0.0,0.0,0.0,0.0,9645.0
22023,Cameron,1,03,0.0,0.0,0.0,0.0,0.0,5617.0
22025,Catahoula,0,09,0.0,0.0,0.0,0.0,0.0,8906.0
22027,Claiborne,0,06,0.0,0.0,0.0,0.0,1.0,14170.0
22029,Concordia,2,07,0.0,0.0,0.0,0.0,2.0,6379.0
22031,De Soto,1,02,0.0,0.0,0.0,0.0,1.0,21210.0
22033,East Baton Rouge,1,02,43.0,42.0,1.0,0.0,63.0,31327.0
22035,East Carroll,0,07,0.0,0.0,0.0,0.0,0.0,7459.0
22037,East Feliciana,1,02,0.0,0.0,0.0,0.0,0.0,19539.0
22039,Evangeline,0,06,0.0,0.0,0.0,0.0,3.0,24253.0
22041,Franklin,0,07,0.0,0.0,0.0,0.0,2.0,14632.0
22043,Grant,1,03,0.0,0.0,0.0,0.0,0.0,22169.0
22045,Iberia,1,02,1.0,1.0,0.0,0.0,5.0,22683.0
22047,Iberville,1,02,0.0,0.0,0.0,0.0,3.0,17682.0
22049,Jackson,0,06,0.0,0.0,0.0,0.0,0.0,9786.0
22051,Jefferson,1,01,62.0,61.0,5.0,0.0,75.0,6926.0
22053,Jefferson Davis,2,06,0.0,0.0,0.0,0.0,6.0,22872.0
22055,Lafayette,1,02,24.0,24.0,4.0,0.0,35.0,21951.0
22057,Lafourche,1,03,5.0,5.0,0.0,0.0,12.0,22797.0
22059,La Salle,0,06,0.0,0.0,0.0,0.0,1.0,14791.0
22061,Lincoln,2,04,1.0,1.0,0.0,0.0,7.0,19557.0
22063,Livingston,1,02,1.0,1.0,0.0,0.0,11.0,55144.0
22065,Madison,0,07,0.0,0.0,0.0,0.0,0.0,2858.0
22067,Morehouse,1,06,1.0,1.0,0.0,0.0,1.0,13025.0
22069,Natchitoches,2,06,0.0,0.0,0.0,0.0,5.0,18580.0
22071,Orleans,1,01,86.0,84.0,40.0,2.0,31.0,1653.0
22073,Ouachita,1,03,9.0,9.0,0.0,0.0,17.0,40404.0
22075,Plaquemines,1,01,0.0,0.0,0.0,0.0,1.0,7804.0
22077,Pointe Coupee,1,02,1.0,1.0,0.0,0.0,1.0,13964.0
22079,Rapides,1,03,12.0,12.0,0.0,0.0,23.0,51718.0
22081,Red River,0,08,0.0,0.0,0.0,0.0,1.0,7620.0
22083,Richland,0,06,1.0,1.0,0.0,0.0,2.0,20043.0
22085,Sabine,0,06,0.0,0.0,0.0,0.0,0.0,22155.0
22087,St. Bernard,1,01,0.0,0.0,0.0,0.0,2.0,2353.0
22089,St. Charles,1,01,2.0,2.0,1.0,0.0,3.0,9343.0
22091,St. Helena,1,02,0.0,0.0,0.0,0.0,0.0,10920.0
22093,St. James,1,01,0.0,0.0,0.0,0.0,1.0,10011.0
22095,St. John the Baptist,1,01,3.0,3.0,0.0,0.0,4.0,4982.0
22097,St. Landry,2,04,3.0,3.0,0.0,0.0,9.0,48860.0
22099,St. Martin,1,02,0.0,0.0,0.0,0.0,2.0,27027.0
22101,St. Mary,2,04,1.0,1.0,0.0,0.0,3.0,9643.0
22103,St. Tammany,1,01,16.0,15.0,0.0,1.0,34.0,60804.0
22105,Tangipahoa,1,03,1.0,1.0,0.0,0.0,14.0,61235.0
22107,Tensas,0,09,0.0,0.0,0.0,0.0,0.0,4147.0
22109,Terrebonne,1,03,3.0,3.0,0.0,0.0,13.0,22686.0
22111,Union,1,03,0.0,0.0,0.0,0.0,0.0,21107.0
22113,Vermilion,1,02,4.0,4.0,0.0,0.0,4.0,32083.0
22115,Vernon,2,05,0.0,0.0,0.0,0.0,10.0,28192.0
22117,Washington,2,06,1.0,1.0,0.0,0.0,3.0,34444.0
22119,Webster,2,02,0.0,0.0,0.0,0.0,3.0,18377.0
22121,West Baton Rouge,1,02,0.0,0.0,0.0,0.0,1.0,7100.0
22123,West Carroll,0,09,0.0,0.0,0.0,0.0,0.0,9751.0
22125,West Feliciana,1,02,0.0,0.0,0.0,0.0,0.0,15310.0
22127,Winn,0,06,0.0,0.0,0.0,0.0,2.0,9084.0
23001,Androscoggin,1,03,2.0,2.0,0.0,0.0,22.0,50396.0
23003,Aroostook,0,07,3.0,3.0,0.0,0.0,19.0,57463.0
23005,Cumberland,1,02,22.0,22.0,0.0,0.0,69.0,114092.0
23007,Franklin,0,06,1.0,1.0,0.0,0.0,5.0,29456.0
23009,Hancock,0,06,6.0,6.0,0.0,0.0,7.0,55478.0
23011,Kennebec,2,04,6.0,6.0,0.0,0.0,33.0,76946.0
23013,Knox,0,07,5.0,4.0,0.0,1.0,7.0,26079.0
23015,Lincoln,0,08,1.0,1.0,0.0,0.0,5.0,32170.0
23017,Oxford,0,06,1.0,1.0,0.0,0.0,8.0,47821.0
23019,Penobscot,1,03,11.0,11.0,0.0,0.0,42.0,86848.0
23021,Piscataquis,0,08,0.0,0.0,0.0,0.0,2.0,16800.0
23023,Sagadahoc,1,02,2.0,2.0,0.0,0.0,3.0,22528.0
23025,Somerset,0,06,3.0,3.0,0.0,0.0,4.0,42844.0
23027,Waldo,0,06,1.0,1.0,0.0,0.0,5.0,35853.0
23029,Washington,0,07,0.0,0.0,0.0,0.0,6.0,31095.0
23031,York,1,02,6.0,6.0,0.0,0.0,37.0,110181.0
24001,Allegany,1,03,3.0,3.0,0.0,0.0,11.0,23827.0
24003,Anne Arundel,1,01,39.0,39.0,0.0,0.0,91.0,44016.0
24005,Baltimore,1,01,75.0,75.0,6.0,0.0,130.0,60921.0
24009,Calvert,1,01,2.0,2.0,0.0,0.0,6.0,57424.0
24011,Caroline,0,06,0.0,0.0,0.0,0.0,2.0,28284.0
24013,Carroll,1,01,4.0,4.0,0.0,0.0,18.0,73027.0
24015,Cecil,1,01,0.0,0.0,0.0,0.0,16.0,50149.0
24017,Charles,1,01,3.0,3.0,0.0,0.0,25.0,47344.0
24019,Dorchester,2,06,1.0,1.0,0.0,0.0,5.0,17553.0
24021,Frederick,1,01,8.0,8.0,0.0,0.0,47.0,74834.0
24023,Garrett,0,06,0.0,0.0,0.0,0.0,4.0,24258.0
24025,Harford,1,01,8.0,8.0,1.0,0.0,54.0,54608.0
24027,Howard,1,01,37.0,34.0,4.0,2.0,51.0,39471.0
24029,Kent,0,06,1.0,1.0,0.0,0.0,2.0,13367.0
24031,Montgomery,1,01,184.0,171.0,10.0,2.0,185.0,28457.0
24033,Prince George's,1,01,33.0,33.0,1.0,0.0,89.0,23547.0
24035,Queen Anne's,1,01,0.0,0.0,0.0,0.0,2.0,29439.0
24037,St. Mary's,1,03,0.0,0.0,0.0,0.0,9.0,64562.0
24039,Somerset,1,02,0.0,0.0,0.0,0.0,0.0,14705.0
24041,Talbot,2,06,3.0,3.0,0.0,0.0,5.0,19493.0
24043,Washington,1,02,6.0,6.0,0.0,0.0,30.0,49857.0
24045,Wicomico,1,02,12.0,12.0,0.0,0.0,16.0,27834.0
24047,Worcester,1,02,3.0,3.0,0.0,0.0,5.0,21487.0
24510,Baltimore City,1,01,141.0,133.0,44.0,2.0,92.0,0.0
25001,Barnstable,1,03,9.0,8.0,0.0,1.0,47.0,6397.0
25003,Berkshire,1,03,9.0,9.0,0.0,0.0,16.0,44755.0
25005,Bristol,1,01,25.0,25.0,0.0,0.0,100.0,60491.0
25007,Dukes,2,07,0.0,0.0,0.0,0.0,2.0,6536.0
25009,Essex,1,01,42.0,42.0,0.0,0.0,110.0,41743.0
25011,Franklin,1,04,5.0,5.0,0.0,0.0,13.0,38962.0
25013,Hampden,1,02,21.0,21.0,1.0,0.0,52.0,44381.0
25015,Hampshire,1,02,6.0,6.0,0.0,0.0,33.0,46334.0
25017,Middlesex,1,01,158.0,154.0,23.0,0.0,317.0,57736.0
25019,Nantucket,0,07,0.0,0.0,0.0,0.0,3.0,2244.0
25021,Norfolk,1,01,81.0,81.0,6.0,0.0,149.0,14681.0
25023,Plymouth,1,01,17.0,17.0,1.0,0.0,84.0,66167.0
25025,Suffolk,1,01,201.0,193.0,61.0,1.0,284.0,36.0
25027,Worcester,1,02,44.0,44.0,9.0,0.0,163.0,182559.0
26001,Alcona,0,09,0.0,0.0,0.0,0.0,1.0,9446.0
26003,Alger,0,07,0.0,0.0,0.0,0.0,0.0,8842.0
26005,Allegan,2,04,0.0,0.0,0.0,0.0,7.0,81433.0
26007,Alpena,2,07,0.0,0.0,0.0,0.0,13.0,13482.0
26009,Antrim,0,09,0.0,0.0,0.0,0.0,0.0,23431.0
26011,Arenac,0,08,0.0,0.0,0.0,0.0,1.0,13133.0
26013,Baraga,0,09,0.0,0.0,0.0,0.0,0.0,8158.0
26015,Barry,0,02,2.0,2.0,0.0,0.0,7.0,54382.0
26017,Bay,1,03,3.0,3.0,0.0,0.0,16.0,30055.0
26019,Benzie,2,09,0.0,0.0,0.0,0.0,1.0,15367.0
26021,Berrien,1,03,7.0,7.0,0.0,0.0,33.0,46444.0
26023,Branch,2,06,0.0,0.0,0.0,0.0,8.0,31141.0
26025,Calhoun,1,03,4.0,4.0,0.0,0.0,42.0,43439.0
26027,Cass,1,02,0.0,0.0,0.0,0.0,3.0,38229.0
26029,Charlevoix,0,07,0.0,0.0,0.0,0.0,5.0,18186.0
26031,Cheboygan,0,07,0.0,0.0,0.0,0.0,3.0,20169.0
26033,Chippewa,2,07,0.0,0.0,0.0,0.0,10.0,18808.0
26035,Clare,0,06,0.0,0.0,0.0,0.0,6.0,27060.0
26037,Clinton,1,02,1.0,1.0,1.0,0.0,10.0,40608.0
26039,Crawford,0,07,0.0,0.0,0.0,0.0,3.0,12967.0
26041,Delta,2,05,1.0,1.0,0.0,0.0,8.0,15744.0
26043,Dickinson,2,07,2.0,2.0,0.0,0.0,15.0,9146.0
26045,Eaton,1,02,0.0,0.0,0.0,0.0,30.0,41470.0
26047,Emmet,0,07,2.0,2.0,0.0,0.0,11.0,21535.0
26049,Genesee,1,02,9.0,8.0,0.0,0.0,90.0,73927.0
26051,Gladwin,0,06,0.0,0.0,0.0,0.0,1.0,25386.0
26053,Gogebic,0,07,1.0,1.0,0.0,0.0,4.0,9215.0
26055,Grand Traverse,2,05,17.0,17.0,0.0,0.0,36.0,41117.0
26057,Gratiot,2,06,0.0,0.0,0.0,0.0,6.0,24344.0
26059,Hillsdale,2,06,0.0,0.0,0.0,0.0,8.0,35104.0
26061,Houghton,2,05,1.0,1.0,0.0,0.0,10.0,16891.0
26063,Huron,0,07,1.0,1.0,0.0,0.0,6.0,31407.0
26065,Ingham,1,02,22.0,22.0,0.0,0.0,62.0,41503.0
26067,Ionia,1,04,0.0,0.0,0.0,0.0,5.0,40762.0
26069,Iosco,0,07,1.0,1.0,0.0,0.0,6.0,12556.0
26071,Iron,0,07,0.0,0.0,0.0,0.0,3.0,11631.0
26073,Isabella,2,04,1.0,1.0,0.0,0.0,12.0,33656.0
26075,Jackson,1,03,5.0,5.0,0.0,0.0,26.0,75828.0
26077,Kalamazoo,1,02,14.0,14.0,0.0,0.0,47.0,56622.0
26079,Kalkaska,2,07,0.0,0.0,0.0,0.0,5.0,17939.0
26081,Kent,1,02,29.0,29.0,1.0,0.0,167.0,106517.0
26083,Keweenaw,2,09,0.0,0.0,0.0,0.0,0.0,2046.0
26085,Lake,0,09,0.0,0.0,0.0,0.0,0.0,12096.0
26087,Lapeer,1,01,0.0,0.0,0.0,0.0,10.0,76168.0
26089,Leelanau,2,09,0.0,0.0,0.0,0.0,2.0,19532.0
26091,Lenawee,2,04,1.0,1.0,0.0,0.0,18.0,56533.0
26093,Livingston,1,01,8.0,8.0,1.0,0.0,28.0,76602.0
26095,Luce,0,07,0.0,0.0,0.0,0.0,2.0,5339.0
26097,Mackinac,0,07,0.0,0.0,0.0,0.0,1.0,8090.0
26099,Macomb,1,01,25.0,25.0,3.0,0.0,130.0,28287.0
26101,Manistee,0,07,0.0,0.0,0.0,0.0,6.0,16939.0
26103,Marquette,2,05,5.0,5.0,0.0,0.0,18.0,30037.0
26105,Mason,2,07,0.0,0.0,0.0,0.0,5.0,17169.0
26107,Mecosta,2,06,0.0,0.0,0.0,0.0,48.0,29578.0
26109,Menominee,2,07,0.0,0.0,0.0,0.0,1.0,14846.0
26111,Midland,1,03,2.0,2.0,0.0,0.0,11.0,36083.0
26113,Missaukee,2,09,0.0,0.0,0.0,0.0,0.0,15052.0
26115,Monroe,1,03,8.0,8.0,1.0,0.0,22.0,58396.0
26117,Montcalm,1,02,0.0,0.0,0.0,0.0,7.0,56349.0
26119,Montmorency,0,09,0.0,0.0,0.0,0.0,0.0,9153.0
26121,Muskegon,1,03,3.0,3.0,0.0,0.0,27.0,45738.0
26123,Newaygo,0,06,0.0,0.0,0.0,0.0,9.0,44813.0
26125,Oakland,1,01,160.0,159.0,21.0,1.0,273.0,70630.0
26127,Oceana,0,06,0.0,0.0,0.0,0.0,2.0,26659.0
26129,Ogemaw,0,09,0.0,0.0,0.0,0.0,6.0,20770.0
26131,Ontonagon,0,09,0.0,0.0,0.0,0.0,1.0,5816.0
26133,Osceola,0,09,0.0,0.0,0.0,0.0,3.0,22891.0
26135,Oscoda,0,09,0.0,0.0,0.0,0.0,0.0,8219.0
26137,Otsego,0,07,1.0,1.0,0.0,0.0,15.0,16615.0
26139,Ottawa,1,02,12.0,12.0,0.0,0.0,40.0,62791.0
26141,Presque Isle,0,07,0.0,0.0,0.0,0.0,0.0,12982.0
26143,Roscommon,0,07,0.0,0.0,0.0,0.0,3.0,10292.0
26145,Saginaw,1,03,12.0,12.0,0.0,0.0,46.0,62009.0
26147,St. Clair,1,01,4.0,4.0,0.0,0.0,28.0,63361.0
26149,St. Joseph,2,04,3.0,3.0,0.0,0.0,10.0,38830.0
26151,Sanilac,0,06,0.0,0.0,0.0,0.0,8.0,38030.0
26153,Schoolcraft,0,07,0.0,0.0,0.0,0.0,2.0,8047.0
26155,Shiawassee,1,04,0.0,0.0,0.0,0.0,10.0,40709.0
26157,Tuscola,0,06,0.0,0.0,0.0,0.0,5.0,47940.0
26159,Van Buren,0,02,1.0,1.0,0.0,0.0,9.0,58997.0
26161,Washtenaw,1,02,126.0,120.0,38.0,2.0,68.0,64009.0
26163,Wayne,1,01,106.0,104.0,42.0,0.0,201.0,16085.0
26165,Wexford,2,07,2.0,2.0,0.0,0.0,13.0,21465.0
27001,Aitkin,0,08,0.0,0.0,0.0,0.0,2.0,15697.0
27003,Anoka,1,01,6.0,6.0,0.0,0.0,56.0,57867.0
27005,Becker,0,06,0.0,0.0,0.0,0.0,6.0,24949.0
27007,Beltrami,2,07,3.0,3.0,0.0,0.0,15.0,31379.0
27009,Benton,1,03,2.0,2.0,0.0,0.0,1.0,18635.0
27011,Big Stone,0,09,0.0,0.0,0.0,0.0,2.0,5166.0
27013,Blue Earth,1,03,5.0,5.0,0.0,0.0,17.0,23203.0
27015,Brown,2,06,0.0,0.0,0.0,0.0,6.0,12477.0
27017,Carlton,1,02,0.0,0.0,0.0,0.0,6.0,22994.0
27019,Carver,1,01,1.0,1.0,0.0,0.0,13.0,26357.0
27021,Cass,2,09,0.0,0.0,0.0,0.0,4.0,30066.0
27023,Chippewa,0,07,0.0,0.0,0.0,0.0,2.0,7207.0
27025,Chisago,1,01,2.0,2.0,0.0,0.0,3.0,37175.0
27027,Clay,1,03,1.0,1.0,0.0,0.0,5.0,16847.0
27029,Clearwater,0,08,0.0,0.0,0.0,0.0,0.0,8524.0
27031,Cook,0,09,0.0,0.0,0.0,0.0,0.0,5600.0
27033,Cottonwood,0,07,0.0,0.0,0.0,0.0,3.0,11517.0
27035,Crow Wing,2,04,4.0,4.0,0.0,0.0,19.0,45436.0
27037,Dakota,1,01,9.0,9.0,1.0,0.0,78.0,21911.0
27039,Dodge,1,03,0.0,0.0,0.0,0.0,1.0,13218.0
27041,Douglas,2,06,1.0,1.0,0.0,0.0,13.0,20049.0
27043,Faribault,0,06,0.0,0.0,0.0,0.0,2.0,13921.0
27045,Fillmore,1,03,0.0,0.0,0.0,0.0,1.0,21228.0
27047,Freeborn,2,07,0.0,0.0,0.0,0.0,7.0,12903.0
27049,Goodhue,2,04,2.0,2.0,0.0,0.0,7.0,31838.0
27051,Grant,0,09,0.0,0.0,0.0,0.0,0.0,6074.0
27053,Hennepin,1,01,132.0,132.0,20.0,0.0,274.0,30605.0
27055,Houston,1,03,1.0,1.0,0.0,0.0,0.0,13382.0
27057,Hubbard,0,07,0.0,0.0,0.0,0.0,5.0,21344.0
27059,Isanti,1,01,1.0,1.0,0.0,0.0,9.0,24386.0
27061,Itasca,2,06,1.0,1.0,0.0,0.0,7.0,34666.0
27063,Jackson,0,07,0.0,0.0,0.0,0.0,1.0,9989.0
27065,Kanabec,0,06,0.0,0.0,0.0,0.0,2.0,16032.0
27067,Kandiyohi,2,04,2.0,2.0,0.0,0.0,15.0,18788.0
27069,Kittson,0,09,0.0,0.0,0.0,0.0,1.0,4207.0
27071,Koochiching,0,06,0.0,0.0,0.0,0.0,4.0,5487.0
27073,Lac qui Parle,0,09,0.0,0.0,0.0,0.0,0.0,6719.0
27075,Lake,1,06,0.0,0.0,0.0,0.0,0.0,10905.0
27077,Lake of the Woods,0,09,0.0,0.0,0.0,0.0,0.0,3763.0
27079,Le Sueur,1,01,0.0,0.0,0.0,0.0,1.0,24595.0
27081,Lincoln,0,09,0.0,0.0,0.0,0.0,0.0,5640.0
27083,Lyon,2,07,2.0,2.0,0.0,0.0,11.0,11761.0
27085,McLeod,2,06,0.0,0.0,0.0,0.0,11.0,16363.0
27087,Mahnomen,0,08,0.0,0.0,0.0,0.0,2.0,5411.0
27089,Marshall,0,08,0.0,0.0,0.0,0.0,1.0,9040.0
27091,Martin,2,07,1.0,1.0,0.0,0.0,8.0,11638.0
27093,Meeker,0,06,0.0,0.0,0.0,0.0,4.0,16831.0
27095,Mille Lacs,1,01,0.0,0.0,0.0,0.0,7.0,21656.0
27097,Morrison,0,06,0.0,0.0,0.0,0.0,6.0,24599.0
27099,Mower,2,04,1.0,1.0,0.0,0.0,5.0,14550.0
27101,Murray,0,09,0.0,0.0,0.0,0.0,0.0,8179.0
27103,Nicollet,1,03,2.0,2.0,0.0,0.0,3.0,8686.0
27105,Nobles,2,07,0.0,0.0,0.0,0.0,6.0,8490.0
27107,Norman,0,08,0.0,0.0,0.0,0.0,1.0,6441.0
27109,Olmsted,1,03,51.0,51.0,22.0,0.0,37.0,28284.0
27111,Otter Tail,2,06,1.0,1.0,0.0,0.0,12.0,46815.0
27113,Pennington,0,06,0.0,0.0,0.0,0.0,6.0,5100.0
27115,Pine,0,06,0.0,0.0,0.0,0.0,5.0,28876.0
27117,Pipestone,0,06,0.0,0.0,0.0,0.0,2.0,9424.0
27119,Polk,1,03,0.0,0.0,0.0,0.0,6.0,14515.0
27121,Pope,0,08,0.0,0.0,0.0,0.0,2.0,7106.0
27123,Ramsey,1,01,29.0,29.0,3.0,0.0,77.0,111.0
27125,Red Lake,0,08,0.0,0.0,0.0,0.0,0.0,3935.0
27127,Redwood,0,07,0.0,0.0,0.0,0.0,4.0,10817.0
27129,Renville,0,08,0.0,0.0,0.0,0.0,0.0,14723.0
27131,Rice,2,04,3.0,3.0,0.0,0.0,14.0,21597.0
27133,Rock,0,06,0.0,0.0,0.0,0.0,2.0,4896.0
27135,Roseau,0,07,0.0,0.0,0.0,0.0,4.0,15331.0
27137,St. Louis,1,02,15.0,14.0,1.0,0.0,41.0,78666.0
27139,Scott,1,01,2.0,2.0,0.0,0.0,22.0,27321.0
27141,Sherburne,1,01,0.0,0.0,0.0,0.0,18.0,49494.0
27143,Sibley,0,01,0.0,0.0,0.0,0.0,0.0,14836.0
27145,Stearns,1,03,7.0,7.0,0.0,0.0,43.0,60133.0
27147,Steele,2,05,3.0,3.0,0.0,0.0,9.0,11128.0
27149,Stevens,0,07,0.0,0.0,0.0,0.0,2.0,4641.0
27151,Swift,0,07,0.0,0.0,0.0,0.0,0.0,9838.0
27153,Todd,0,06,0.0,0.0,0.0,0.0,3.0,25116.0
27155,Traverse,0,09,0.0,0.0,0.0,0.0,0.0,3360.0
27157,Wabasha,1,03,0.0,0.0,0.0,0.0,2.0,17362.0
27159,Wadena,0,07,0.0,0.0,0.0,0.0,5.0,10105.0
27161,Waseca,0,06,0.0,0.0,0.0,0.0,1.0,9757.0
27163,Washington,1,01,21.0,21.0,3.0,0.0,72.0,35764.0
27165,Watonwan,0,06,0.0,0.0,0.0,0.0,5.0,11253.0
27167,Wilkin,2,06,0.0,0.0,0.0,0.0,0.0,3120.0
27169,Winona,2,04,1.0,1.0,0.0,0.0,9.0,20038.0
27171,Wright,1,01,0.0,0.0,0.0,0.0,21.0,55359.0
27173,Yellow Medicine,0,09,0.0,0.0,0.0,0.0,4.0,9528.0
28001,Adams,2,05,2.0,2.0,0.0,0.0,5.0,10775.0
28003,Alcorn,2,07,3.0,3.0,0.0,0.0,9.0,22276.0
28005,Amite,0,08,0.0,0.0,0.0,0.0,0.0,12720.0
28007,Attala,0,06,0.0,0.0,0.0,0.0,4.0,11173.0
28009,Benton,0,01,0.0,0.0,0.0,0.0,0.0,7646.0
28011,Bolivar,2,07,1.0,1.0,0.0,0.0,4.0,16639.0
28013,Calhoun,0,09,0.0,0.0,0.0,0.0,3.0,13266.0
28015,Carroll,2,09,0.0,0.0,0.0,0.0,0.0,9998.0
28017,Chickasaw,0,07,0.0,0.0,0.0,0.0,1.0,17106.0
28019,Choctaw,0,09,0.0,0.0,0.0,0.0,0.0,8246.0
28021,Claiborne,0,08,0.0,0.0,0.0,0.0,0.0,9135.0
28023,Clarke,2,09,0.0,0.0,0.0,0.0,2.0,15615.0
28025,Clay,2,07,0.0,0.0,0.0,0.0,2.0,10502.0
28027,Coahoma,2,07,2.0,2.0,0.0,0.0,2.0,6982.0
28029,Copiah,1,02,0.0,0.0,0.0,0.0,0.0,23311.0
28031,Covington,1,08,0.0,0.0,0.0,0.0,1.0,18340.0
28033,DeSoto,1,01,2.0,2.0,0.0,0.0,25.0,40586.0
28035,Forrest,1,03,3.0,3.0,0.0,0.0,11.0,27040.0
28037,Franklin,0,09,0.0,0.0,0.0,0.0,0.0,7675.0
28039,George,0,06,0.0,0.0,0.0,0.0,4.0,24350.0
28041,Greene,0,08,0.0,0.0,0.0,0.0,0.0,13530.0
28043,Grenada,2,07,1.0,1.0,0.0,0.0,4.0,11353.0
28045,Hancock,1,02,1.0,1.0,0.0,0.0,4.0,17620.0
28047,Harrison,1,02,12.0,12.0,0.0,0.0,29.0,40000.0
28049,Hinds,1,02,33.0,31.0,10.0,1.0,30.0,40037.0
28051,Holmes,1,06,0.0,0.0,0.0,0.0,1.0,17000.0
28053,Humphreys,0,06,0.0,0.0,0.0,0.0,0.0,7785.0
28055,Issaquena,0,08,0.0,0.0,0.0,0.0,0.0,1338.0
28057,Itawamba,2,07,0.0,0.0,0.0,0.0,5.0,23863.0
28059,Jackson,1,02,6.0,6.0,1.0,0.0,15.0,43464.0
28061,Jasper,2,09,0.0,0.0,0.0,0.0,1.0,16367.0
28063,Jefferson,0,08,0.0,0.0,0.0,0.0,0.0,7260.0
28065,Jefferson Davis,0,08,0.0,0.0,0.0,0.0,0.0,11321.0
28067,Jones,2,04,2.0,2.0,0.0,0.0,3.0,42045.0
28069,Kemper,2,09,0.0,0.0,0.0,0.0,0.0,8988.0
28071,Lafayette,2,04,7.0,7.0,1.0,0.0,6.0,22295.0
28073,Lamar,1,03,12.0,12.0,1.0,0.0,11.0,34519.0
28075,Lauderdale,2,05,6.0,6.0,0.0,0.0,13.0,39175.0
28077,Lawrence,0,08,0.0,0.0,0.0,0.0,0.0,12016.0
28079,Leake,0,06,0.0,0.0,0.0,0.0,3.0,21275.0
28081,Lee,2,05,5.0,5.0,0.0,0.0,18.0,43110.0
28083,Leflore,2,05,2.0,2.0,0.0,0.0,3.0,8864.0
28085,Lincoln,2,06,2.0,2.0,0.0,0.0,4.0,24755.0
28087,Lowndes,2,05,3.0,3.0,0.0,0.0,15.0,31984.0
28089,Madison,1,02,16.0,16.0,1.0,0.0,22.0,28113.0
28091,Marion,0,06,0.0,0.0,0.0,0.0,2.0,18205.0
28093,Marshall,1,01,0.0,0.0,0.0,0.0,2.0,28193.0
28095,Monroe,0,07,0.0,0.0,0.0,0.0,6.0,28203.0
28097,Montgomery,0,07,0.0,0.0,0.0,0.0,1.0,9822.0
28099,Neshoba,0,07,0.0,0.0,0.0,0.0,6.0,21973.0
28101,Newton,0,07,0.0,0.0,0.0,0.0,1.0,21291.0
28103,Noxubee,0,07,0.0,0.0,0.0,0.0,0.0,10285.0
28105,Oktibbeha,2,05,3.0,3.0,0.0,0.0,8.0,18976.0
28107,Panola,0,06,0.0,0.0,0.0,0.0,6.0,26935.0
28109,Pearl River,2,06,0.0,0.0,0.0,0.0,4.0,39844.0
28111,Perry,1,03,0.0,0.0,0.0,0.0,0.0,11511.0
28113,Pike,2,06,2.0,2.0,0.0,0.0,5.0,24997.0
28115,Pontotoc,2,07,0.0,0.0,0.0,0.0,3.0,31184.0
28117,Prentiss,2,07,1.0,1.0,0.0,0.0,2.0,18570.0
28119,Quitman,0,06,0.0,0.0,0.0,0.0,0.0,6176.0
28121,Rankin,1,02,13.0,13.0,6.0,0.0,17.0,51818.0
28123,Scott,0,06,0.0,0.0,0.0,0.0,4.0,27990.0
28125,Sharkey,0,08,0.0,0.0,0.0,0.0,0.0,3800.0
28127,Simpson,1,02,0.0,0.0,0.0,0.0,4.0,25949.0
28129,Smith,0,08,0.0,0.0,0.0,0.0,0.0,14209.0
28131,Stone,1,06,0.0,0.0,0.0,0.0,2.0,18333.0
28133,Sunflower,2,07,0.0,0.0,0.0,0.0,2.0,16630.0
28135,Tallahatchie,0,07,0.0,0.0,0.0,0.0,1.0,12715.0
28137,Tate,1,01,0.0,0.0,0.0,0.0,9.0,21247.0
28139,Tippah,0,06,0.0,0.0,0.0,0.0,4.0,21815.0
28141,Tishomingo,0,08,0.0,0.0,0.0,0.0,3.0,18850.0
28143,Tunica,1,01,0.0,0.0,0.0,0.0,0.0,9782.0
28145,Union,0,06,0.0,0.0,0.0,0.0,3.0,21014.0
28147,Walthall,0,09,0.0,0.0,0.0,0.0,0.0,13884.0
28149,Warren,2,04,0.0,0.0,0.0,0.0,6.0,19005.0
28151,Washington,2,05,1.0,1.0,0.0,0.0,8.0,15655.0
28153,Wayne,0,07,0.0,0.0,0.0,0.0,1.0,19779.0
28155,Webster,2,09,0.0,0.0,0.0,0.0,1.0,9926.0
28157,Wilkinson,0,08,0.0,0.0,0.0,0.0,0.0,8587.0
28159,Winston,0,07,0.0,0.0,0.0,0.0,3.0,17714.0
28161,Yalobusha,0,07,0.0,0.0,0.0,0.0,3.0,12481.0
28163,Yazoo,1,02,0.0,0.0,0.0,0.0,1.0,11683.0
29001,Adair,2,07,0.0,0.0,0.0,0.0,5.0,8468.0
29003,Andrew,1,03,0.0,0.0,0.0,0.0,1.0,10956.0
29005,Atchison,0,09,0.0,0.0,0.0,0.0,0.0,5305.0
29007,Audrain,2,06,1.0,1.0,0.0,0.0,5.0,13611.0
29009,Barry,0,06,0.0,0.0,0.0,0.0,11.0,28496.0
29011,Barton,0,06,0.0,0.0,0.0,0.0,3.0,11637.0
29013,Bates,1,01,0.0,0.0,0.0,0.0,2.0,16042.0
29015,Benton,0,07,0.0,0.0,0.0,0.0,0.0,19394.0
29017,Bollinger,1,03,0.0,0.0,0.0,0.0,1.0,10567.0
29019,Boone,1,03,34.0,33.0,14.0,1.0,53.0,41779.0
29021,Buchanan,1,03,3.0,3.0,0.0,0.0,20.0,11659.0
29023,Butler,2,05,1.0,1.0,0.0,0.0,14.0,21681.0
29025,Caldwell,1,01,0.0,0.0,0.0,0.0,0.0,8815.0
29027,Callaway,1,03,0.0,0.0,0.0,0.0,3.0,26620.0
29029,Camden,0,07,1.0,1.0,0.0,0.0,7.0,24045.0
29031,Cape Girardeau,1,03,6.0,6.0,0.0,0.0,21.0,26311.0
29033,Carroll,0,06,0.0,0.0,0.0,0.0,2.0,8495.0
29035,Carter,0,09,0.0,0.0,0.0,0.0,0.0,5202.0
29037,Cass,1,01,0.0,0.0,0.0,0.0,12.0,31982.0
29039,Cedar,0,06,0.0,0.0,0.0,0.0,2.0,14188.0
29041,Chariton,0,09,0.0,0.0,0.0,0.0,0.0,7408.0
29043,Christian,1,02,2.0,2.0,0.0,0.0,13.0,37535.0
29045,Clark,2,09,0.0,0.0,0.0,0.0,0.0,6634.0
29047,Clay,1,01,8.0,8.0,0.0,0.0,39.0,20500.0
29049,Clinton,1,01,0.0,0.0,0.0,0.0,3.0,16052.0
29051,Cole,1,03,3.0,3.0,0.0,0.0,11.0,26504.0
29053,Cooper,1,06,0.0,0.0,0.0,0.0,2.0,9069.0
29055,Crawford,1,06,0.0,0.0,0.0,0.0,1.0,21489.0
29057,Dade,0,08,0.0,0.0,0.0,0.0,0.0,7569.0
29059,Dallas,1,02,0.0,0.0,0.0,0.0,4.0,17071.0
29061,Daviess,0,08,0.0,0.0,0.0,0.0,0.0,8430.0
29063,DeKalb,1,03,0.0,0.0,0.0,0.0,0.0,7711.0
29065,Dent,0,07,0.0,0.0,0.0,0.0,2.0,9737.0
29067,Douglas,0,06,0.0,0.0,0.0,0.0,0.0,11578.0
29069,Dunklin,2,07,0.0,0.0,0.0,0.0,6.0,17723.0
29071,Franklin,1,01,2.0,2.0,0.0,0.0,23.0,57564.0
29073,Gasconade,0,06,0.0,0.0,0.0,0.0,2.0,14794.0
29075,Gentry,0,08,0.0,0.0,0.0,0.0,0.0,6162.0
29077,Greene,1,02,18.0,18.0,0.0,0.0,69.0,42271.0
29079,Grundy,0,07,0.0,0.0,0.0,0.0,2.0,4382.0
29081,Harrison,0,07,0.0,0.0,0.0,0.0,1.0,8157.0
29083,Henry,0,06,1.0,1.0,0.0,0.0,3.0,13080.0
29085,Hickory,0,08,0.0,0.0,0.0,0.0,0.0,8279.0
29087,Holt,0,08,0.0,0.0,0.0,0.0,0.0,4223.0
29089,Howard,1,06,0.0,0.0,0.0,0.0,0.0,10151.0
29091,Howell,2,07,2.0,2.0,0.0,0.0,7.0,27898.0
29093,Iron,0,07,0.0,0.0,0.0,0.0,0.0,9537.0
29095,Jackson,1,01,45.0,45.0,14.0,0.0,145.0,30617.0
29097,Jasper,1,03,5.0,5.0,0.0,0.0,29.0,28808.0
29099,Jefferson,1,01,0.0,0.0,0.0,0.0,25.0,78841.0
29101,Johnson,2,04,0.0,0.0,0.0,0.0,13.0,28502.0
29103,Knox,0,09,0.0,0.0,0.0,0.0,0.0,3744.0
29105,Laclede,2,06,0.0,0.0,0.0,0.0,4.0,21329.0
29107,Lafayette,1,01,0.0,0.0,0.0,0.0,2.0,22863.0
29109,Lawrence,0,06,0.0,0.0,0.0,0.0,4.0,27182.0
29111,Lewis,2,09,0.0,0.0,0.0,0.0,0.0,10032.0
29113,Lincoln,1,01,0.0,0.0,0.0,0.0,8.0,42905.0
29115,Linn,0,07,0.0,0.0,0.0,0.0,1.0,8005.0
29117,Livingston,0,06,0.0,0.0,0.0,0.0,6.0,5435.0
29119,McDonald,0,02,0.0,0.0,0.0,0.0,2.0,23278.0
29121,Macon,0,07,0.0,0.0,0.0,0.0,2.0,9850.0
29123,Madison,0,06,0.0,0.0,0.0,0.0,2.0,7640.0
29125,Maries,0,08,1.0,1.0,0.0,0.0,0.0,8432.0
29127,Marion,2,05,0.0,0.0,0.0,0.0,7.0,11111.0
29129,Mercer,0,09,0.0,0.0,0.0,0.0,0.0,3538.0
29131,Miller,0,06,0.0,0.0,0.0,0.0,1.0,18903.0
29133,Mississippi,0,06,0.0,0.0,0.0,0.0,0.0,12577.0
29135,Moniteau,1,03,0.0,0.0,0.0,0.0,4.0,15473.0
29137,Monroe,0,09,0.0,0.0,0.0,0.0,0.0,8666.0
29139,Montgomery,0,06,0.0,0.0,0.0,0.0,1.0,11322.0
29141,Morgan,0,08,0.0,0.0,0.0,0.0,1.0,21006.0
29143,New Madrid,0,07,0.0,0.0,0.0,0.0,0.0,14368.0
29145,Newton,1,03,0.0,0.0,0.0,0.0,3.0,37082.0
29147,Nodaway,2,06,1.0,1.0,0.0,0.0,7.0,10029.0
29149,Oregon,0,09,0.0,0.0,0.0,0.0,1.0,8635.0
29151,Osage,1,03,0.0,0.0,0.0,0.0,0.0,13274.0
29153,Ozark,0,09,0.0,0.0,0.0,0.0,0.0,8553.0
29155,Pemiscot,0,07,0.0,0.0,0.0,0.0,5.0,10342.0
29157,Perry,0,06,1.0,1.0,0.0,0.0,3.0,10894.0
29159,Pettis,2,04,1.0,1.0,0.0,0.0,14.0,16937.0
29161,Phelps,2,05,1.0,1.0,0.0,0.0,10.0,24028.0
29163,Pike,0,06,0.0,0.0,0.0,0.0,3.0,17587.0
29165,Platte,1,01,7.0,7.0,2.0,0.0,18.0,14558.0
29167,Polk,1,02,1.0,1.0,0.0,0.0,4.0,21195.0
29169,Pulaski,2,05,0.0,0.0,0.0,0.0,11.0,22283.0
29171,Putnam,0,09,0.0,0.0,0.0,0.0,0.0,4681.0
29173,Ralls,2,09,0.0,0.0,0.0,0.0,0.0,10097.0
29175,Randolph,2,06,1.0,1.0,0.0,0.0,2.0,12553.0
29177,Ray,1,01,0.0,0.0,0.0,0.0,1.0,17153.0
29179,Reynolds,0,09,0.0,0.0,0.0,0.0,0.0,6096.0
29181,Ripley,2,09,0.0,0.0,0.0,0.0,2.0,10679.0
29183,St. Charles,1,01,6.0,6.0,0.0,0.0,71.0,22932.0
29185,St. Clair,0,08,0.0,0.0,0.0,0.0,0.0,9284.0
29186,Ste. Genevieve,0,06,0.0,0.0,0.0,0.0,4.0,13491.0
29187,St. Francois,2,04,3.0,3.0,0.0,0.0,12.0,27422.0
29189,St. Louis,1,01,108.0,105.0,10.0,1.0,291.0,13602.0
29195,Saline,2,06,0.0,0.0,0.0,0.0,2.0,9862.0
29197,Schuyler,2,09,0.0,0.0,0.0,0.0,0.0,4032.0
29199,Scotland,0,09,0.0,0.0,0.0,0.0,0.0,4716.0
29201,Scott,2,04,1.0,1.0,0.0,0.0,7.0,17506.0
29203,Shannon,0,09,1.0,1.0,0.0,0.0,0.0,7031.0
29205,Shelby,0,09,0.0,0.0,0.0,0.0,0.0,6103.0
29207,Stoddard,0,06,0.0,0.0,0.0,0.0,8.0,19037.0
29209,Stone,0,06,0.0,0.0,0.0,0.0,3.0,25771.0
29211,Sullivan,0,09,0.0,0.0,0.0,0.0,0.0,5999.0
29213,Taney,2,04,0.0,0.0,0.0,0.0,9.0,20841.0
29215,Texas,0,09,0.0,0.0,0.0,0.0,2.0,24336.0
29217,Vernon,0,07,0.0,0.0,0.0,0.0,4.0,11178.0
29219,Warren,1,01,0.0,0.0,0.0,0.0,5.0,26134.0
29221,Washington,0,06,0.0,0.0,0.0,0.0,2.0,23514.0
29223,Wayne,0,09,0.0,0.0,0.0,0.0,1.0,10974.0
29225,Webster,1,02,0.0,0.0,0.0,0.0,4.0,31548.0
29227,Worth,0,09,0.0,0.0,0.0,0.0,0.0,1973.0
29229,Wright,0,06,0.0,0.0,0.0,0.0,2.0,14120.0
29510,St. Louis City,1,01,74.0,70.0,33.0,4.0,57.0,0.0
30001,Beaverhead,0,07,0.0,0.0,0.0,0.0,4.0,4942.0
30003,Big Horn,0,06,0.0,0.0,0.0,0.0,3.0,13124.0
30005,Blaine,0,09,0.0,0.0,0.0,0.0,1.0,7044.0
30007,Broadwater,0,09,0.0,0.0,0.0,0.0,0.0,6774.0
30009,Carbon,1,03,0.0,0.0,0.0,0.0,0.0,10473.0
30011,Carter,0,09,0.0,0.0,0.0,0.0,0.0,1415.0
30013,Cascade,1,03,4.0,4.0,0.0,0.0,28.0,17317.0
30015,Chouteau,0,08,0.0,0.0,0.0,0.0,0.0,5895.0
30017,Custer,0,07,1.0,1.0,0.0,0.0,5.0,2640.0
30019,Daniels,0,09,0.0,0.0,0.0,0.0,0.0,1661.0
30021,Dawson,0,07,0.0,0.0,0.0,0.0,2.0,2265.0
30023,Deer Lodge,0,07,0.0,0.0,0.0,0.0,3.0,2724.0
30025,Fallon,0,09,0.0,0.0,0.0,0.0,0.0,3049.0
30027,Fergus,0,07,0.0,0.0,0.0,0.0,5.0,5422.0
30029,Flathead,2,05,7.0,7.0,1.0,0.0,19.0,53739.0
30031,Gallatin,2,05,10.0,10.0,1.0,0.0,23.0,41346.0
30033,Garfield,0,09,0.0,0.0,0.0,0.0,0.0,1173.0
30035,Glacier,0,07,0.0,0.0,0.0,0.0,3.0,13778.0
30037,Golden Valley,0,03,0.0,0.0,0.0,0.0,0.0,823.0
30039,Granite,0,08,0.0,0.0,0.0,0.0,0.0,3309.0
30041,Hill,0,07,1.0,1.0,0.0,0.0,4.0,6483.0
30043,Jefferson,2,09,0.0,0.0,0.0,0.0,1.0,12085.0
30045,Judith Basin,0,08,0.0,0.0,0.0,0.0,0.0,2023.0
30047,Lake,0,06,0.0,0.0,0.0,0.0,6.0,25570.0
30049,Lewis and Clark,2,05,5.0,5.0,0.0,0.0,16.0,18593.0
30051,Liberty,0,09,0.0,0.0,0.0,0.0,0.0,1959.0
30053,Lincoln,0,07,0.0,0.0,0.0,0.0,3.0,15336.0
30055,McCone,0,09,0.0,0.0,0.0,0.0,0.0,1729.0
30057,Madison,0,09,0.0,0.0,0.0,0.0,0.0,8623.0
30059,Meagher,0,09,0.0,0.0,0.0,0.0,0.0,1927.0
30061,Mineral,0,08,0.0,0.0,0.0,0.0,0.0,4535.0
30063,Missoula,1,03,11.0,11.0,0.0,0.0,22.0,29813.0
30065,Musselshell,0,08,0.0,0.0,0.0,0.0,0.0,4730.0
30067,Park,0,07,0.0,0.0,0.0,0.0,3.0,7841.0
30069,Petroleum,0,09,0.0,0.0,0.0,0.0,0.0,496.0
30071,Phillips,0,09,0.0,0.0,0.0,0.0,0.0,4217.0
30073,Pondera,0,07,0.0,0.0,0.0,0.0,1.0,5898.0
30075,Powder River,0,09,0.0,0.0,0.0,0.0,0.0,1694.0
30077,Powell,0,06,0.0,0.0,0.0,0.0,1.0,6946.0
30079,Prairie,0,09,0.0,0.0,0.0,0.0,0.0,1088.0
30081,Ravalli,0,06,1.0,1.0,0.0,0.0,7.0,37304.0
30083,Richland,0,07,0.0,0.0,0.0,0.0,2.0,4969.0
30085,Roosevelt,0,07,0.0,0.0,0.0,0.0,0.0,10794.0
30087,Rosebud,0,09,0.0,0.0,0.0,0.0,2.0,8329.0
30089,Sanders,0,08,0.0,0.0,0.0,0.0,1.0,12400.0
30091,Sheridan,0,09,0.0,0.0,0.0,0.0,0.0,3539.0
30093,Silver Bow,2,05,1.0,1.0,0.0,0.0,8.0,4875.0
30095,Stillwater,1,08,0.0,0.0,0.0,0.0,1.0,8963.0
30097,Sweet Grass,0,09,0.0,0.0,0.0,0.0,0.0,3678.0
30099,Teton,0,08,0.0,0.0,0.0,0.0,1.0,6226.0
30101,Toole,0,07,0.0,0.0,0.0,0.0,4.0,4971.0
30103,Treasure,0,08,0.0,0.0,0.0,0.0,0.0,762.0
30105,Valley,0,07,0.0,0.0,0.0,0.0,1.0,7578.0
30107,Wheatland,0,09,0.0,0.0,0.0,0.0,0.0,2069.0
30109,Wibaux,0,09,0.0,0.0,0.0,0.0,0.0,937.0
30111,Yellowstone,1,03,16.0,15.0,0.0,0.0,43.0,27155.0
31001,Adams,2,04,2.0,2.0,0.0,0.0,8.0,6398.0
31003,Antelope,0,09,0.0,0.0,0.0,0.0,1.0,6295.0
31005,Arthur,0,09,0.0,0.0,0.0,0.0,0.0,434.0
31007,Banner,2,09,0.0,0.0,0.0,0.0,0.0,674.0
31009,Blaine,0,09,0.0,0.0,0.0,0.0,0.0,431.0
31011,Boone,0,09,0.0,0.0,0.0,0.0,1.0,5379.0
31013,Box Butte,0,07,0.0,0.0,0.0,0.0,3.0,2723.0
31015,Boyd,0,09,0.0,0.0,0.0,0.0,0.0,1810.0
31017,Brown,0,09,0.0,0.0,0.0,0.0,2.0,2903.0
31019,Buffalo,2,04,3.0,3.0,0.0,0.0,10.0,15558.0
31021,Burt,0,08,0.0,0.0,0.0,0.0,0.0,6722.0
31023,Butler,0,06,0.0,0.0,0.0,0.0,0.0,8369.0
31025,Cass,1,02,0.0,0.0,0.0,0.0,1.0,19943.0
31027,Cedar,0,09,0.0,0.0,0.0,0.0,1.0,8380.0
31029,Chase,0,09,0.0,0.0,0.0,0.0,0.0,3893.0
31031,Cherry,0,07,0.0,0.0,0.0,0.0,3.0,5455.0
31033,Cheyenne,0,07,0.0,0.0,0.0,0.0,2.0,3236.0
31035,Clay,0,08,0.0,0.0,0.0,0.0,1.0,6104.0
31037,Colfax,0,07,0.0,0.0,0.0,0.0,0.0,4060.0
31039,Cuming,0,07,0.0,0.0,0.0,0.0,3.0,9013.0
31041,Custer,0,07,0.0,0.0,0.0,0.0,2.0,10545.0
31043,Dakota,1,03,0.0,0.0,0.0,0.0,5.0,4447.0
31045,Dawes,0,07,0.0,0.0,0.0,0.0,4.0,3269.0
31047,Dawson,2,07,0.0,0.0,0.0,0.0,6.0,13673.0
31049,Deuel,0,09,0.0,0.0,0.0,0.0,0.0,1838.0
31051,Dixon,1,03,0.0,0.0,0.0,0.0,0.0,5606.0
31053,Dodge,2,04,3.0,3.0,0.0,0.0,10.0,8875.0
31055,Douglas,1,02,62.0,61.0,9.0,0.0,127.0,14240.0
31057,Dundy,0,09,0.0,0.0,0.0,0.0,1.0,1654.0
31059,Fillmore,0,08,0.0,0.0,0.0,0.0,0.0,5551.0
31061,Franklin,0,09,0.0,0.0,0.0,0.0,0.0,2889.0
31063,Frontier,0,09,0.0,0.0,0.0,0.0,0.0,2519.0
31065,Furnas,0,09,0.0,0.0,0.0,0.0,0.0,4636.0
31067,Gage,2,06,0.0,0.0,0.0,0.0,3.0,9562.0
31069,Garden,0,09,1.0,0.0,0.0,1.0,0.0,1874.0
31071,Garfield,0,09,0.0,0.0,0.0,0.0,0.0,1813.0
31073,Gosper,2,09,0.0,0.0,0.0,0.0,0.0,1893.0
31075,Grant,0,09,0.0,0.0,0.0,0.0,0.0,611.0
31077,Greeley,0,08,0.0,0.0,0.0,0.0,0.0,2188.0
31079,Hall,1,03,4.0,4.0,0.0,0.0,21.0,7796.0
31081,Hamilton,0,03,0.0,0.0,0.0,0.0,2.0,9429.0
31083,Harlan,0,09,0.0,0.0,0.0,0.0,1.0,3073.0
31085,Hayes,0,09,0.0,0.0,0.0,0.0,0.0,856.0
31087,Hitchcock,0,09,0.0,0.0,0.0,0.0,0.0,2616.0
31089,Holt,0,07,0.0,0.0,0.0,0.0,5.0,10127.0
31091,Hooker,0,09,0.0,0.0,0.0,0.0,0.0,711.0
31093,Howard,1,03,0.0,0.0,0.0,0.0,0.0,6475.0
31095,Jefferson,0,07,0.0,0.0,0.0,0.0,0.0,3229.0
31097,Johnson,0,08,0.0,0.0,0.0,0.0,1.0,5290.0
31099,Kearney,2,07,0.0,0.0,0.0,0.0,2.0,6688.0
31101,Keith,0,07,0.0,0.0,0.0,0.0,4.0,3614.0
31103,Keya Paha,0,09,0.0,0.0,0.0,0.0,0.0,769.0
31105,Kimball,0,08,0.0,0.0,0.0,0.0,0.0,3434.0
31107,Knox,0,09,0.0,0.0,0.0,0.0,0.0,8391.0
31109,Lancaster,1,02,15.0,15.0,1.0,0.0,69.0,31391.0
31111,Lincoln,2,05,1.0,1.0,0.0,0.0,9.0,11094.0
31113,Logan,2,09,0.0,0.0,0.0,0.0,0.0,716.0
31115,Loup,0,09,0.0,0.0,0.0,0.0,0.0,607.0
31117,McPherson,2,09,0.0,0.0,0.0,0.0,0.0,399.0
31119,Madison,2,05,0.0,0.0,0.0,0.0,14.0,9736.0
31121,Merrick,1,03,0.0,0.0,0.0,0.0,0.0,7668.0
31123,Morrill,0,09,0.0,0.0,0.0,0.0,0.0,4555.0
31125,Nance,0,08,0.0,0.0,0.0,0.0,1.0,3380.0
31127,Nemaha,0,07,0.0,0.0,0.0,0.0,3.0,7074.0
31129,Nuckolls,0,09,0.0,0.0,0.0,0.0,1.0,4095.0
31131,Otoe,0,06,0.0,0.0,0.0,0.0,3.0,8892.0
31133,Pawnee,0,09,0.0,0.0,0.0,0.0,0.0,2544.0
31135,Perkins,0,09,0.0,0.0,0.0,0.0,3.0,2858.0
31137,Phelps,0,07,0.0,0.0,0.0,0.0,4.0,3514.0
31139,Pierce,2,09,0.0,0.0,0.0,0.0,0.0,7317.0
31141,Platte,2,05,2.0,2.0,0.0,0.0,10.0,9458.0
31143,Polk,0,09,0.0,0.0,0.0,0.0,0.0,5214.0
31145,Red Willow,0,07,0.0,0.0,0.0,0.0,5.0,3307.0
31147,Richardson,0,07,0.0,0.0,0.0,0.0,0.0,3738.0
31149,Rock,0,09,0.0,0.0,0.0,0.0,0.0,1262.0
31151,Saline,0,06,0.0,0.0,0.0,0.0,2.0,7333.0
31153,Sarpy,1,02,5.0,5.0,0.0,0.0,31.0,9829.0
31155,Saunders,1,02,0.0,0.0,0.0,0.0,0.0,17496.0
31157,Scotts Bluff,2,05,3.0,3.0,0.0,0.0,13.0,10980.0
31159,Seward,1,02,0.0,0.0,0.0,0.0,2.0,10136.0
31161,Sheridan,0,09,0.0,0.0,0.0,0.0,2.0,5127.0
31163,Sherman,0,08,0.0,0.0,0.0,0.0,0.0,2959.0
31165,Sioux,2,09,0.0,0.0,0.0,0.0,0.0,1135.0
31167,Stanton,2,09,0.0,0.0,0.0,0.0,0.0,4284.0
31169,Thayer,0,09,0.0,0.0,0.0,0.0,1.0,5034.0
31171,Thomas,0,09,0.0,0.0,0.0,0.0,0.0,669.0
31173,Thurston,0,08,0.0,0.0,0.0,0.0,0.0,6773.0
31175,Valley,0,09,0.0,0.0,0.0,0.0,3.0,4059.0
31177,Washington,1,02,0.0,0.0,0.0,0.0,3.0,12864.0
31179,Wayne,0,06,0.0,0.0,0.0,0.0,5.0,3717.0
31181,Webster,0,09,0.0,0.0,0.0,0.0,0.0,3395.0
31183,Wheeler,0,09,0.0,0.0,0.0,0.0,0.0,774.0
31185,York,0,06,0.0,0.0,0.0,0.0,4.0,6157.0
32001,Churchill,2,06,0.0,0.0,0.0,0.0,7.0,8763.0
32003,Clark,1,01,72.0,71.0,2.0,1.0,323.0,28747.0
32005,Douglas,2,04,0.0,0.0,0.0,0.0,11.0,14713.0
32007,Elko,2,05,0.0,0.0,0.0,0.0,10.0,27817.0
32009,Esmeralda,0,09,0.0,0.0,0.0,0.0,0.0,729.0
32011,Eureka,2,09,0.0,0.0,0.0,0.0,0.0,1855.0
32013,Humboldt,2,07,0.0,0.0,0.0,0.0,2.0,6739.0
32015,Lander,0,07,0.0,0.0,0.0,0.0,0.0,5734.0
32017,Lincoln,0,08,0.0,0.0,0.0,0.0,1.0,4499.0
32019,Lyon,2,04,0.0,0.0,0.0,0.0,5.0,26434.0
32021,Mineral,0,07,0.0,0.0,0.0,0.0,0.0,4554.0
32023,Nye,2,04,0.0,0.0,0.0,0.0,6.0,14093.0
32027,Pershing,0,09,0.0,0.0,0.0,0.0,0.0,6650.0
32029,Storey,1,02,0.0,0.0,0.0,0.0,0.0,3658.0
32031,Washoe,1,02,33.0,31.0,0.0,2.0,118.0,20295.0
32033,White Pine,0,07,0.0,0.0,0.0,0.0,2.0,4625.0
32510,Carson City,1,03,3.0,3.0,0.0,0.0,21.0,3506.0
33001,Belknap,2,04,3.0,3.0,0.0,0.0,7.0,34690.0
33003,Carroll,0,06,1.0,1.0,0.0,0.0,6.0,44835.0
33005,Cheshire,2,04,3.0,3.0,0.0,0.0,14.0,52847.0
33007,Coos,2,07,0.0,0.0,0.0,0.0,6.0,21610.0
33009,Grafton,2,05,18.0,18.0,4.0,0.0,23.0,59842.0
33011,Hillsborough,1,02,22.0,22.0,1.0,0.0,93.0,103354.0
33013,Merrimack,2,04,15.0,15.0,0.0,0.0,31.0,84056.0
33015,Rockingham,1,01,11.0,11.0,0.0,0.0,71.0,91143.0
33017,Strafford,1,01,0.0,0.0,0.0,0.0,18.0,48084.0
33019,Sullivan,2,07,0.0,0.0,0.0,0.0,6.0,33648.0
34001,Atlantic,1,02,13.0,13.0,1.0,0.0,31.0,41002.0
34003,Bergen,1,01,110.0,108.0,0.0,1.0,181.0,1157.0
34005,Burlington,1,01,17.0,15.0,0.0,0.0,76.0,45122.0
34007,Camden,1,01,28.0,28.0,0.0,0.0,74.0,6846.0
34009,Cape May,1,03,1.0,1.0,0.0,0.0,8.0,17715.0
34011,Cumberland,1,03,4.0,4.0,0.0,0.0,25.0,37753.0
34013,Essex,1,01,76.0,76.0,13.0,0.0,95.0,119.0
34015,Gloucester,1,01,6.0,5.0,0.0,0.0,33.0,34210.0
34017,Hudson,1,01,26.0,25.0,2.0,0.0,85.0,0.0
34019,Hunterdon,1,01,4.0,4.0,0.0,0.0,13.0,75237.0
34021,Mercer,1,02,28.0,28.0,1.0,0.0,70.0,19669.0
34023,Middlesex,1,01,41.0,41.0,4.0,0.0,172.0,8429.0
34025,Monmouth,1,01,47.0,46.0,0.0,1.0,141.0,33010.0
34027,Morris,1,01,47.0,46.0,5.0,0.0,101.0,43569.0
34029,Ocean,1,01,25.0,25.0,0.0,0.0,77.0,23534.0
34031,Passaic,1,01,19.0,19.0,1.0,0.0,71.0,14839.0
34033,Salem,1,01,0.0,0.0,0.0,0.0,8.0,34466.0
34035,Somerset,1,01,37.0,37.0,2.0,0.0,66.0,26011.0
34037,Sussex,1,01,1.0,1.0,0.0,0.0,16.0,70144.0
34039,Union,1,01,23.0,23.0,1.0,0.0,86.0,0.0
34041,Warren,1,02,3.0,3.0,0.0,0.0,21.0,47383.0
35001,Bernalillo,1,02,44.0,43.0,3.0,0.0,110.0,26932.0
35003,Catron,0,09,0.0,0.0,0.0,0.0,0.0,3579.0
35005,Chaves,2,05,3.0,3.0,0.0,0.0,8.0,16326.0
35006,Cibola,2,06,0.0,0.0,0.0,0.0,4.0,17200.0
35007,Colfax,0,07,0.0,0.0,0.0,0.0,1.0,6758.0
35009,Curry,2,05,1.0,1.0,0.0,0.0,9.0,9116.0
35011,DeBaca,0,09,0.0,0.0,0.0,0.0,0.0,1698.0
35013,Dona Ana,1,03,6.0,5.0,0.0,0.0,19.0,49371.0
35015,Eddy,2,05,1.0,1.0,0.0,0.0,4.0,13723.0
35017,Grant,2,07,1.0,1.0,0.0,0.0,3.0,11393.0
35019,Guadalupe,0,07,0.0,0.0,0.0,0.0,0.0,4452.0
35021,Harding,0,09,0.0,0.0,0.0,0.0,0.0,657.0
35023,Hidalgo,0,09,0.0,0.0,0.0,0.0,0.0,4178.0
35025,Lea,2,05,0.0,0.0,0.0,0.0,10.0,18533.0
35027,Lincoln,2,07,0.0,0.0,0.0,0.0,3.0,9227.0
35028,Los Alamos,2,06,1.0,1.0,0.0,0.0,2.0,967.0
35029,Luna,2,06,2.0,2.0,0.0,0.0,3.0,10514.0
35031,McKinley,2,05,0.0,0.0,0.0,0.0,34.0,48454.0
35033,Mora,2,09,0.0,0.0,0.0,0.0,0.0,4189.0
35035,Otero,2,04,3.0,3.0,0.0,0.0,7.0,37038.0
35037,Quay,0,07,0.0,0.0,0.0,0.0,0.0,3529.0
35039,Rio Arriba,2,04,0.0,0.0,0.0,0.0,4.0,22767.0
35041,Roosevelt,2,07,0.0,0.0,0.0,0.0,1.0,6989.0
35043,Sandoval,1,02,3.0,3.0,0.0,0.0,17.0,28509.0
35045,San Juan,1,03,2.0,2.0,0.0,0.0,23.0,42829.0
35047,San Miguel,2,06,0.0,0.0,0.0,0.0,2.0,12671.0
35049,Santa Fe,1,03,9.0,8.0,0.0,0.0,31.0,54247.0
35051,Sierra,0,06,1.0,1.0,0.0,0.0,0.0,3863.0
35053,Socorro,0,06,0.0,0.0,0.0,0.0,3.0,8473.0
35055,Taos,2,07,0.0,0.0,0.0,0.0,3.0,18824.0
35057,Torrance,1,02,0.0,0.0,0.0,0.0,0.0,15045.0
35059,Union,0,09,0.0,0.0,0.0,0.0,1.0,4079.0
35061,Valencia,1,02,0.0,0.0,0.0,0.0,3.0,22840.0
36001,Albany,1,02,61.0,59.0,6.0,1.0,62.0,30125.0
36003,Allegany,0,07,1.0,1.0,0.0,0.0,5.0,41117.0
36005,Bronx,1,01,71.0,70.0,22.0,1.0,154.0,1.0
36007,Broome,1,02,7.0,7.0,1.0,0.0,38.0,49566.0
36009,Cattaraugus,2,04,0.0,0.0,0.0,0.0,8.0,47619.0
36011,Cayuga,2,04,3.0,3.0,0.0,0.0,6.0,44815.0
36013,Chautauqua,2,04,3.0,3.0,0.0,0.0,18.0,56257.0
36015,Chemung,1,03,3.0,3.0,0.0,0.0,11.0,21800.0
36017,Chenango,0,06,2.0,2.0,0.0,0.0,2.0,39362.0
36019,Clinton,2,05,4.0,4.0,0.0,0.0,16.0,50885.0
36021,Columbia,2,06,1.0,1.0,0.0,0.0,6.0,50960.0
36023,Cortland,2,04,0.0,0.0,0.0,0.0,5.0,21943.0
36025,Delaware,0,06,0.0,0.0,0.0,0.0,2.0,40120.0
36027,Dutchess,1,01,12.0,12.0,1.0,0.0,42.0,93921.0
36029,Erie,1,01,79.0,79.0,11.0,0.0,158.0,98368.0
36031,Essex,0,06,0.0,0.0,0.0,0.0,1.0,32335.0
36033,Franklin,2,07,1.0,1.0,0.0,0.0,5.0,33384.0
36035,Fulton,2,04,2.0,2.0,0.0,0.0,4.0,27038.0
36037,Genesee,2,04,4.0,4.0,2.0,0.0,6.0,36271.0
36039,Greene,0,06,0.0,0.0,0.0,0.0,4.0,35090.0
36041,Hamilton,0,08,0.0,0.0,0.0,0.0,0.0,5107.0
36043,Herkimer,1,02,0.0,0.0,0.0,0.0,6.0,31634.0
36045,Jefferson,1,03,3.0,3.0,0.0,0.0,25.0,57637.0
36047,Kings,1,01,126.0,125.0,28.0,0.0,333.0,0.0
36049,Lewis,0,06,0.0,0.0,0.0,0.0,0.0,26582.0
36051,Livingston,1,01,0.0,0.0,0.0,0.0,4.0,44136.0
36053,Madison,1,02,1.0,1.0,0.0,0.0,11.0,47040.0
36055,Monroe,1,01,83.0,78.0,17.0,1.0,136.0,61668.0
36057,Montgomery,2,04,0.0,0.0,0.0,0.0,8.0,22501.0
36059,Nassau,1,01,231.0,229.0,27.0,2.0,274.0,5989.0
36061,New York,1,01,453.0,443.0,89.0,4.0,665.0,0.0
36063,Niagara,1,01,3.0,3.0,0.0,0.0,21.0,63741.0
36065,Oneida,1,02,7.0,7.0,1.0,0.0,42.0,79753.0
36067,Onondaga,1,02,53.0,53.0,10.0,0.0,81.0,69759.0
36069,Ontario,1,01,2.0,1.0,0.0,1.0,29.0,50444.0
36071,Orange,1,01,17.0,17.0,1.0,0.0,52.0,110690.0
36073,Orleans,1,01,0.0,0.0,0.0,0.0,1.0,26848.0
36075,Oswego,1,02,0.0,0.0,0.0,0.0,14.0,73719.0
36077,Otsego,2,07,9.0,9.0,4.0,0.0,9.0,42555.0
36079,Putnam,1,01,8.0,8.0,0.0,0.0,10.0,34205.0
36081,Queens,1,01,131.0,128.0,17.0,0.0,337.0,74.0
36083,Rensselaer,1,02,6.0,6.0,0.0,0.0,12.0,53385.0
36085,Richmond,1,01,23.0,23.0,0.0,0.0,51.0,0.0
36087,Rockland,1,01,24.0,24.0,3.0,0.0,54.0,1319.0
36089,St. Lawrence,2,04,2.0,2.0,0.0,0.0,10.0,72628.0
36091,Saratoga,1,02,13.0,13.0,0.0,0.0,33.0,67084.0
36093,Schenectady,1,02,9.0,9.0,1.0,0.0,25.0,13986.0
36095,Schoharie,1,02,0.0,0.0,0.0,0.0,3.0,24674.0
36097,Schuyler,0,06,0.0,0.0,0.0,0.0,1.0,17898.0
36099,Seneca,2,06,0.0,0.0,0.0,0.0,1.0,19584.0
36101,Steuben,2,04,4.0,4.0,0.0,0.0,14.0,55942.0
36103,Suffolk,1,01,102.0,102.0,19.0,0.0,238.0,29972.0
36105,Sullivan,0,04,0.0,0.0,0.0,0.0,4.0,59012.0
36107,Tioga,1,02,0.0,0.0,0.0,0.0,6.0,32178.0
36109,Tompkins,1,03,2.0,2.0,0.0,0.0,20.0,46638.0
36111,Ulster,1,03,9.0,9.0,0.0,0.0,34.0,102061.0
36113,Warren,1,03,5.0,5.0,0.0,0.0,17.0,21138.0
36115,Washington,1,03,0.0,0.0,0.0,0.0,7.0,46282.0
36117,Wayne,1,01,0.0,0.0,0.0,0.0,10.0,68261.0
36119,Westchester,1,01,161.0,157.0,14.0,2.0,187.0,45533.0
36121,Wyoming,0,06,1.0,1.0,0.0,0.0,9.0,36465.0
36123,Yates,1,01,0.0,0.0,0.0,0.0,2.0,16984.0
37001,Alamance,1,03,4.0,4.0,0.0,0.0,22.0,45330.0
37003,Alexander,1,02,0.0,0.0,0.0,0.0,0.0,32466.0
37005,Alleghany,0,09,0.0,0.0,0.0,0.0,1.0,10888.0
37007,Anson,1,06,0.0,0.0,0.0,0.0,1.0,17152.0
37009,Ashe,0,07,0.0,0.0,0.0,0.0,1.0,26577.0
37011,Avery,0,08,0.0,0.0,0.0,0.0,1.0,17806.0
37013,Beaufort,2,06,0.0,0.0,0.0,0.0,5.0,28143.0
37015,Bertie,0,07,0.0,0.0,0.0,0.0,1.0,17934.0
37017,Bladen,0,06,0.0,0.0,0.0,0.0,3.0,29606.0
37019,Brunswick,1,02,1.0,1.0,0.0,0.0,18.0,49731.0
37021,Buncombe,1,02,30.0,30.0,1.0,0.0,46.0,60097.0
37023,Burke,1,02,13.0,13.0,0.0,0.0,8.0,40215.0
37025,Cabarrus,1,01,10.0,10.0,0.0,0.0,26.0,39001.0
37027,Caldwell,1,02,0.0,0.0,0.0,0.0,3.0,34536.0
37029,Camden,1,08,0.0,0.0,0.0,0.0,0.0,9812.0
37031,Carteret,2,04,0.0,0.0,0.0,0.0,12.0,20710.0
37033,Caswell,0,08,0.0,0.0,0.0,0.0,1.0,22697.0
37035,Catawba,1,02,15.0,14.0,0.0,1.0,22.0,56466.0
37037,Chatham,1,02,12.0,12.0,1.0,0.0,11.0,48850.0
37039,Cherokee,0,09,1.0,1.0,0.0,0.0,6.0,28774.0
37041,Chowan,0,06,0.0,0.0,0.0,0.0,3.0,9379.0
37043,Clay,0,09,0.0,0.0,0.0,0.0,2.0,11089.0
37045,Cleveland,2,04,2.0,2.0,0.0,0.0,8.0,61902.0
37047,Columbus,0,06,3.0,3.0,0.0,0.0,2.0,45407.0
37049,Craven,1,03,5.0,5.0,0.0,0.0,21.0,35631.0
37051,Cumberland,1,02,10.0,10.0,0.0,0.0,60.0,46332.0
37053,Currituck,1,01,0.0,0.0,0.0,0.0,0.0,26943.0
37055,Dare,2,04,0.0,0.0,0.0,0.0,2.0,8151.0
37057,Davidson,1,02,2.0,2.0,0.0,0.0,18.0,80604.0
37059,Davie,1,02,0.0,0.0,0.0,0.0,5.0,30087.0
37061,Duplin,0,06,0.0,0.0,0.0,0.0,5.0,48715.0
37063,Durham,1,02,92.0,87.0,34.0,0.0,46.0,16609.0
37065,Edgecombe,1,03,0.0,0.0,0.0,0.0,5.0,21905.0
37067,Forsyth,1,02,57.0,56.0,19.0,1.0,71.0,29006.0
37069,Franklin,1,01,0.0,0.0,0.0,0.0,3.0,54099.0
37071,Gaston,1,01,10.0,10.0,1.0,0.0,35.0,42993.0
37073,Gates,1,01,0.0,0.0,0.0,0.0,0.0,10478.0
37075,Graham,0,09,0.0,0.0,0.0,0.0,0.0,8030.0
37077,Granville,1,04,1.0,1.0,0.0,0.0,3.0,43569.0
37079,Greene,0,08,0.0,0.0,0.0,0.0,2.0,20451.0
37081,Guilford,1,02,34.0,34.0,0.0,0.0,56.0,76630.0
37083,Halifax,2,04,3.0,3.0,0.0,0.0,4.0,27257.0
37085,Harnett,1,04,0.0,0.0,0.0,0.0,12.0,85692.0
37087,Haywood,1,02,6.0,6.0,1.0,0.0,6.0,29110.0
37089,Henderson,1,02,8.0,8.0,0.0,0.0,7.0,39860.0
37091,Hertford,0,06,0.0,0.0,0.0,0.0,3.0,16691.0
37093,Hoke,1,02,0.0,0.0,0.0,0.0,1.0,22192.0
37095,Hyde,0,09,0.0,0.0,0.0,0.0,0.0,4589.0
37097,Iredell,1,01,5.0,5.0,0.0,0.0,21.0,59478.0
37099,Jackson,2,06,0.0,0.0,0.0,0.0,3.0,28739.0
37101,Johnston,1,01,0.0,0.0,0.0,0.0,22.0,114488.0
37103,Jones,1,03,0.0,0.0,0.0,0.0,0.0,9172.0
37105,Lee,2,04,0.0,0.0,0.0,0.0,8.0,26644.0
37107,Lenoir,2,04,1.0,1.0,0.0,0.0,6.0,34072.0
37109,Lincoln,1,01,1.0,1.0,0.0,0.0,9.0,64013.0
37111,McDowell,2,06,0.0,0.0,0.0,0.0,1.0,32547.0
37113,Macon,0,07,2.0,2.0,0.0,0.0,4.0,27656.0
37115,Madison,1,02,0.0,0.0,0.0,0.0,2.0,21193.0
37117,Martin,0,06,0.0,0.0,0.0,0.0,4.0,16509.0
37119,Mecklenburg,1,01,60.0,60.0,3.0,0.0,163.0,9419.0
37121,Mitchell,0,07,0.0,0.0,0.0,0.0,4.0,14903.0
37123,Montgomery,0,06,0.0,0.0,0.0,0.0,1.0,25751.0
37125,Moore,2,04,13.0,13.0,0.0,0.0,16.0,49408.0
37127,Nash,1,03,2.0,2.0,0.0,0.0,15.0,47173.0
37129,New Hanover,1,02,24.0,24.0,0.0,0.0,57.0,3861.0
37131,Northampton,2,09,0.0,0.0,0.0,0.0,0.0,15436.0
37133,Onslow,1,03,3.0,3.0,0.0,0.0,22.0,74193.0
37135,Orange,1,02,26.0,26.0,3.0,0.0,19.0,43188.0
37137,Pamlico,1,03,0.0,0.0,0.0,0.0,0.0,12276.0
37139,Pasquotank,2,04,1.0,1.0,0.0,0.0,4.0,18277.0
37141,Pender,1,02,0.0,0.0,0.0,0.0,4.0,36729.0
37143,Perquimans,2,08,0.0,0.0,0.0,0.0,0.0,13005.0
37145,Person,1,02,0.0,0.0,0.0,0.0,2.0,29597.0
37147,Pitt,1,03,9.0,9.0,0.0,0.0,17.0,45713.0
37149,Polk,0,08,0.0,0.0,0.0,0.0,2.0,17669.0
37151,Randolph,1,02,1.0,1.0,0.0,0.0,10.0,86768.0
37153,Richmond,2,05,0.0,0.0,0.0,0.0,3.0,19113.0
37155,Robeson,2,04,2.0,2.0,0.0,0.0,15.0,88580.0
37157,Rockingham,1,02,1.0,1.0,0.0,0.0,6.0,55493.0
37159,Rowan,1,01,3.0,3.0,0.0,0.0,30.0,61992.0
37161,Rutherford,2,04,0.0,0.0,0.0,0.0,4.0,43684.0
37163,Sampson,0,06,0.0,0.0,0.0,0.0,1.0,49721.0
37165,Scotland,2,06,0.0,0.0,0.0,0.0,3.0,17949.0
37167,Stanly,2,06,1.0,1.0,0.0,0.0,5.0,45516.0
37169,Stokes,1,02,1.0,1.0,0.0,0.0,3.0,35849.0
37171,Surry,2,04,3.0,3.0,0.0,0.0,10.0,54005.0
37173,Swain,2,08,0.0,0.0,0.0,0.0,2.0,14117.0
37175,Transylvania,2,06,1.0,1.0,0.0,0.0,2.0,19927.0
37177,Tyrrell,0,09,0.0,0.0,0.0,0.0,0.0,3245.0
37179,Union,1,01,5.0,5.0,0.0,0.0,19.0,65840.0
37181,Vance,2,04,1.0,1.0,0.0,0.0,7.0,22684.0
37183,Wake,1,01,65.0,61.0,6.0,2.0,193.0,58248.0
37185,Warren,0,08,0.0,0.0,0.0,0.0,0.0,18642.0
37187,Washington,0,07,0.0,0.0,0.0,0.0,1.0,11003.0
37189,Watauga,2,05,3.0,3.0,0.0,0.0,9.0,26450.0
37191,Wayne,1,03,6.0,6.0,0.0,0.0,19.0,62877.0
37193,Wilkes,2,06,0.0,0.0,0.0,0.0,8.0,46079.0
37195,Wilson,2,04,0.0,0.0,0.0,0.0,11.0,29894.0
37197,Yadkin,1,02,0.0,0.0,0.0,0.0,4.0,37214.0
37199,Yancey,0,08,0.0,0.0,0.0,0.0,2.0,18470.0
38001,Adams,0,09,0.0,0.0,0.0,0.0,1.0,2200.0
38003,Barnes,0,06,0.0,0.0,0.0,0.0,2.0,4306.0
38005,Benson,0,09,0.0,0.0,0.0,0.0,0.0,5964.0
38007,Billings,2,09,0.0,0.0,0.0,0.0,0.0,945.0
38009,Bottineau,0,09,0.0,0.0,0.0,0.0,1.0,6379.0
38011,Bowman,0,09,0.0,0.0,0.0,0.0,1.0,2993.0
38013,Burke,0,09,0.0,0.0,0.0,0.0,0.0,2201.0
38015,Burleigh,1,03,9.0,9.0,0.0,0.0,36.0,23933.0
38017,Cass,1,03,12.0,12.0,0.0,0.0,61.0,16782.0
38019,Cavalier,0,09,0.0,0.0,0.0,0.0,1.0,3704.0
38021,Dickey,0,09,0.0,0.0,0.0,0.0,1.0,4999.0
38023,Divide,0,09,0.0,0.0,0.0,0.0,1.0,2195.0
38025,Dunn,0,09,0.0,0.0,0.0,0.0,0.0,4095.0
38027,Eddy,0,09,0.0,0.0,0.0,0.0,0.0,2347.0
38029,Emmons,0,08,0.0,0.0,0.0,0.0,0.0,3301.0
38031,Foster,0,09,0.0,0.0,0.0,0.0,1.0,3397.0
38033,Golden Valley,0,09,0.0,0.0,0.0,0.0,0.0,1736.0
38035,Grand Forks,1,03,3.0,3.0,0.0,0.0,18.0,14069.0
38037,Grant,0,08,0.0,0.0,0.0,0.0,0.0,2301.0
38039,Griggs,0,09,0.0,0.0,0.0,0.0,0.0,2306.0
38041,Hettinger,0,09,0.0,0.0,0.0,0.0,0.0,2489.0
38043,Kidder,0,08,0.0,0.0,0.0,0.0,0.0,2394.0
38045,LaMoure,0,09,0.0,0.0,0.0,0.0,0.0,4093.0
38047,Logan,0,09,0.0,0.0,0.0,0.0,0.0,1876.0
38049,McHenry,2,09,0.0,0.0,0.0,0.0,0.0,5345.0
38051,McIntosh,0,09,0.0,0.0,0.0,0.0,0.0,2530.0
38053,McKenzie,0,09,0.0,0.0,0.0,0.0,2.0,8017.0
38055,McLean,0,08,0.0,0.0,0.0,0.0,0.0,9771.0
38057,Mercer,0,07,0.0,0.0,0.0,0.0,4.0,8350.0
38059,Morton,1,03,0.0,0.0,0.0,0.0,10.0,9618.0
38061,Mountrail,0,09,0.0,0.0,0.0,0.0,1.0,9809.0
38063,Nelson,0,08,0.0,0.0,0.0,0.0,0.0,3015.0
38065,Oliver,1,03,0.0,0.0,0.0,0.0,0.0,1877.0
38067,Pembina,0,09,0.0,0.0,0.0,0.0,1.0,6844.0
38069,Pierce,0,07,0.0,0.0,0.0,0.0,1.0,3990.0
38071,Ramsey,0,07,1.0,1.0,0.0,0.0,5.0,4112.0
38073,Ransom,0,08,0.0,0.0,0.0,0.0,1.0,5703.0
38075,Renville,2,09,0.0,0.0,0.0,0.0,0.0,2282.0
38077,Richland,2,06,0.0,0.0,0.0,0.0,6.0,8625.0
38079,Rolette,0,09,0.0,0.0,0.0,0.0,4.0,12187.0
38081,Sargent,0,09,0.0,0.0,0.0,0.0,0.0,3862.0
38083,Sheridan,0,09,0.0,0.0,0.0,0.0,0.0,1265.0
38085,Sioux,0,03,0.0,0.0,0.0,0.0,1.0,3898.0
38087,Slope,0,09,0.0,0.0,0.0,0.0,0.0,706.0
38089,Stark,2,07,0.0,0.0,0.0,0.0,15.0,7972.0
38091,Steele,0,08,0.0,0.0,0.0,0.0,0.0,1798.0
38093,Stutsman,2,07,1.0,1.0,0.0,0.0,10.0,6386.0
38095,Towner,0,09,0.0,0.0,0.0,0.0,0.0,2162.0
38097,Traill,0,08,0.0,0.0,0.0,0.0,1.0,7997.0
38099,Walsh,0,06,0.0,0.0,0.0,0.0,3.0,10563.0
38101,Ward,2,05,1.0,1.0,0.0,0.0,23.0,18994.0
38103,Wells,0,09,0.0,0.0,0.0,0.0,1.0,3982.0
38105,Williams,2,07,1.0,1.0,0.0,0.0,9.0,11440.0
39001,Adams,0,06,0.0,0.0,0.0,0.0,1.0,27477.0
39003,Allen,1,03,3.0,3.0,0.0,0.0,22.0,31659.0
39005,Ashland,2,04,1.0,1.0,0.0,0.0,7.0,33241.0
39007,Ashtabula,2,04,1.0,1.0,0.0,0.0,7.0,50726.0
39009,Athens,2,04,4.0,4.0,0.0,0.0,8.0,30402.0
39011,Auglaize,2,04,0.0,0.0,0.0,0.0,8.0,17968.0
39013,Belmont,1,03,2.0,2.0,0.0,0.0,12.0,40902.0
39015,Brown,1,01,0.0,0.0,0.0,0.0,1.0,41840.0
39017,Butler,1,01,11.0,11.0,2.0,0.0,62.0,37516.0
39019,Carroll,1,02,0.0,0.0,0.0,0.0,2.0,26721.0
39021,Champaign,2,06,1.0,1.0,0.0,0.0,5.0,27339.0
39023,Clark,1,03,5.0,5.0,0.0,0.0,31.0,34524.0
39025,Clermont,1,01,5.0,5.0,0.0,0.0,28.0,54798.0
39027,Clinton,2,06,1.0,1.0,0.0,0.0,3.0,29472.0
39029,Columbiana,2,04,2.0,2.0,0.0,0.0,19.0,56539.0
39031,Coshocton,2,06,1.0,1.0,0.0,0.0,5.0,24278.0
39033,Crawford,2,04,0.0,0.0,0.0,0.0,10.0,14324.0
39035,Cuyahoga,1,01,183.0,179.0,34.0,3.0,216.0,7153.0
39037,Darke,2,06,0.0,0.0,0.0,0.0,9.0,37214.0
39039,Defiance,2,04,1.0,1.0,0.0,0.0,13.0,20511.0
39041,Delaware,1,01,12.0,12.0,0.0,0.0,49.0,43530.0
39043,Erie,2,04,1.0,1.0,0.0,0.0,18.0,21317.0
39045,Fairfield,1,01,1.0,1.0,0.0,0.0,23.0,56559.0
39047,Fayette,2,06,0.0,0.0,0.0,0.0,6.0,13922.0
39049,Franklin,1,01,100.0,97.0,7.0,1.0,378.0,18171.0
39051,Fulton,1,02,0.0,0.0,0.0,0.0,9.0,35090.0
39053,Gallia,2,06,1.0,1.0,0.0,0.0,9.0,23483.0
39055,Geauga,1,01,7.0,7.0,1.0,0.0,21.0,74938.0
39057,Greene,1,02,4.0,4.0,0.0,0.0,53.0,37666.0
39059,Guernsey,2,06,1.0,1.0,0.0,0.0,4.0,24011.0
39061,Hamilton,1,01,89.0,88.0,19.0,1.0,188.0,19786.0
39063,Hancock,2,04,2.0,2.0,0.0,0.0,16.0,23831.0
39065,Hardin,0,06,0.0,0.0,0.0,0.0,6.0,17320.0
39067,Harrison,0,06,0.0,0.0,0.0,0.0,2.0,14483.0
39069,Henry,0,06,0.0,0.0,0.0,0.0,5.0,18794.0
39071,Highland,0,06,1.0,1.0,0.0,0.0,9.0,31933.0
39073,Hocking,1,01,0.0,0.0,0.0,0.0,6.0,19806.0
39075,Holmes,0,07,0.0,0.0,0.0,0.0,7.0,44223.0
39077,Huron,2,04,1.0,1.0,0.0,0.0,6.0,30118.0
39079,Jackson,2,07,0.0,0.0,0.0,0.0,4.0,20976.0
39081,Jefferson,1,03,3.0,3.0,0.0,0.0,6.0,25626.0
39083,Knox,2,04,2.0,2.0,1.0,0.0,12.0,43728.0
39085,Lake,1,01,10.0,10.0,1.0,0.0,43.0,17469.0
39087,Lawrence,1,02,0.0,0.0,0.0,0.0,9.0,26370.0
39089,Licking,1,01,5.0,5.0,0.0,0.0,28.0,60305.0
39091,Logan,2,06,1.0,1.0,0.0,0.0,6.0,25675.0
39093,Lorain,1,01,8.0,8.0,1.0,0.0,60.0,44640.0
39095,Lucas,1,02,20.0,20.0,1.0,0.0,76.0,21500.0
39097,Madison,1,01,0.0,0.0,0.0,0.0,5.0,28994.0
39099,Mahoning,1,02,13.0,13.0,0.0,0.0,45.0,35763.0
39101,Marion,2,04,5.0,5.0,0.0,0.0,13.0,22671.0
39103,Medina,1,01,4.0,4.0,0.0,0.0,29.0,62148.0
39105,Meigs,0,06,0.0,0.0,0.0,0.0,3.0,19551.0
39107,Mercer,2,07,0.0,0.0,0.0,0.0,20.0,30448.0
39109,Miami,1,02,0.0,0.0,0.0,0.0,19.0,33266.0
39111,Monroe,0,08,0.0,0.0,0.0,0.0,1.0,13206.0
39113,Montgomery,1,02,32.0,32.0,1.0,0.0,103.0,29679.0
39115,Morgan,0,06,0.0,0.0,0.0,0.0,2.0,13802.0
39117,Morrow,1,01,0.0,0.0,0.0,0.0,4.0,34946.0
39119,Muskingum,2,04,4.0,4.0,0.0,0.0,20.0,44109.0
39121,Noble,0,07,0.0,0.0,0.0,0.0,2.0,14115.0
39123,Ottawa,1,04,0.0,0.0,0.0,0.0,6.0,25214.0
39125,Paulding,0,06,0.0,0.0,0.0,0.0,1.0,18806.0
39127,Perry,1,01,0.0,0.0,0.0,0.0,6.0,28489.0
39129,Pickaway,1,01,2.0,2.0,0.0,0.0,18.0,35390.0
39131,Pike,0,07,0.0,0.0,0.0,0.0,1.0,22119.0
39133,Portage,1,02,5.0,5.0,1.0,0.0,26.0,61474.0
39135,Preble,0,06,0.0,0.0,0.0,0.0,4.0,31265.0
39137,Putnam,0,06,0.0,0.0,0.0,0.0,11.0,29018.0
39139,Richland,1,03,5.0,5.0,0.0,0.0,27.0,42046.0
39141,Ross,2,04,3.0,3.0,0.0,0.0,38.0,45366.0
39143,Sandusky,2,04,1.0,1.0,0.0,0.0,10.0,25471.0
39145,Scioto,2,04,1.0,1.0,0.0,0.0,15.0,40955.0
39147,Seneca,2,04,1.0,1.0,0.0,0.0,7.0,25111.0
39149,Shelby,2,04,0.0,0.0,0.0,0.0,17.0,27496.0
39151,Stark,1,02,16.0,16.0,1.0,0.0,80.0,55322.0
39153,Summit,1,02,22.0,22.0,4.0,0.0,102.0,20439.0
39155,Trumbull,1,02,4.0,4.0,0.0,0.0,25.0,54893.0
39157,Tuscarawas,2,04,2.0,1.0,0.0,0.0,17.0,46487.0
39159,Union,1,01,3.0,3.0,1.0,0.0,13.0,28257.0
39161,Van Wert,2,06,0.0,0.0,0.0,0.0,3.0,14588.0
39163,Vinton,0,08,0.0,0.0,0.0,0.0,0.0,12073.0
39165,Warren,1,01,8.0,8.0,0.0,0.0,33.0,42451.0
39167,Washington,2,04,1.0,1.0,0.0,0.0,17.0,34869.0
39169,Wayne,2,04,4.0,4.0,0.0,0.0,12.0,65274.0
39171,Williams,0,06,0.0,0.0,0.0,0.0,8.0,27864.0
39173,Wood,1,02,6.0,6.0,0.0,0.0,27.0,39768.0
39175,Wyandot,0,07,0.0,0.0,0.0,0.0,5.0,15272.0
40001,Adair,0,06,0.0,0.0,0.0,0.0,1.0,19495.0
40003,Alfalfa,0,09,0.0,0.0,0.0,0.0,1.0,5699.0
40005,Atoka,0,09,0.0,0.0,0.0,0.0,2.0,14143.0
40007,Beaver,0,09,0.0,0.0,0.0,0.0,1.0,5049.0
40009,Beckham,2,07,1.0,1.0,0.0,0.0,10.0,11286.0
40011,Blaine,0,06,0.0,0.0,0.0,0.0,2.0,8735.0
40013,Bryan,2,06,2.0,2.0,0.0,0.0,16.0,26743.0
40015,Caddo,0,06,0.0,0.0,0.0,0.0,4.0,21940.0
40017,Canadian,1,01,1.0,1.0,0.0,0.0,17.0,30141.0
40019,Carter,2,05,1.0,1.0,0.0,0.0,15.0,26600.0
40021,Cherokee,2,06,0.0,0.0,0.0,0.0,81.0,29103.0
40023,Choctaw,0,07,0.0,0.0,0.0,0.0,3.0,9212.0
40025,Cimarron,0,09,0.0,0.0,0.0,0.0,0.0,2296.0
40027,Cleveland,1,01,5.0,5.0,0.0,0.0,42.0,46442.0
40029,Coal,0,09,0.0,0.0,0.0,0.0,0.0,5266.0
40031,Comanche,1,03,3.0,3.0,0.0,0.0,31.0,33661.0
40033,Cotton,1,03,0.0,0.0,0.0,0.0,0.0,5527.0
40035,Craig,0,06,0.0,0.0,0.0,0.0,5.0,9039.0
40037,Creek,1,02,0.0,0.0,0.0,0.0,8.0,44828.0
40039,Custer,2,07,0.0,0.0,0.0,0.0,7.0,8415.0
40041,Delaware,0,06,0.0,0.0,0.0,0.0,8.0,32192.0
40043,Dewey,0,09,0.0,0.0,0.0,0.0,0.0,4484.0
40045,Ellis,2,09,0.0,0.0,0.0,0.0,0.0,3749.0
40047,Garfield,1,05,4.0,4.0,0.0,0.0,14.0,12652.0
40049,Garvin,0,06,0.0,0.0,0.0,0.0,4.0,20048.0
40051,Grady,1,01,1.0,1.0,0.0,0.0,8.0,39542.0
40053,Grant,0,09,0.0,0.0,0.0,0.0,0.0,4169.0
40055,Greer,0,07,0.0,0.0,0.0,0.0,0.0,5491.0
40057,Harmon,0,09,0.0,0.0,0.0,0.0,0.0,2488.0
40059,Harper,0,09,0.0,0.0,0.0,0.0,0.0,3272.0
40061,Haskell,0,06,0.0,0.0,0.0,0.0,3.0,11561.0
40063,Hughes,0,07,0.0,0.0,0.0,0.0,2.0,9103.0
40065,Jackson,2,07,0.0,0.0,0.0,0.0,7.0,5915.0
40067,Jefferson,0,08,0.0,0.0,0.0,0.0,0.0,5337.0
40069,Johnston,0,09,0.0,0.0,0.0,0.0,1.0,10272.0
40071,Kay,2,05,1.0,1.0,0.0,0.0,10.0,13584.0
40073,Kingfisher,0,06,0.0,0.0,0.0,0.0,2.0,15184.0
40075,Kiowa,0,06,0.0,0.0,0.0,0.0,3.0,8509.0
40077,Latimer,0,07,0.0,0.0,0.0,0.0,1.0,9444.0
40079,Le Flore,0,02,0.0,0.0,0.0,0.0,8.0,38492.0
40081,Lincoln,1,01,0.0,0.0,0.0,0.0,3.0,33458.0
40083,Logan,1,01,0.0,0.0,0.0,0.0,4.0,30703.0
40085,Love,2,09,0.0,0.0,0.0,0.0,1.0,10146.0
40087,McClain,1,01,0.0,0.0,0.0,0.0,8.0,36255.0
40089,McCurtain,0,07,0.0,0.0,0.0,0.0,5.0,25291.0
40091,McIntosh,0,06,0.0,0.0,0.0,0.0,1.0,18941.0
40093,Major,0,09,0.0,0.0,0.0,0.0,3.0,7782.0
40095,Marshall,0,06,0.0,0.0,0.0,0.0,1.0,15312.0
40097,Mayes,0,06,0.0,0.0,0.0,0.0,5.0,29610.0
40099,Murray,0,07,0.0,0.0,0.0,0.0,3.0,9057.0
40101,Muskogee,2,04,1.0,1.0,0.0,0.0,31.0,30541.0
40103,Noble,0,06,0.0,0.0,0.0,0.0,2.0,6479.0
40105,Nowata,0,06,0.0,0.0,0.0,0.0,2.0,8645.0
40107,Okfuskee,0,06,0.0,0.0,0.0,0.0,1.0,11310.0
40109,Oklahoma,1,01,100.0,98.0,18.0,1.0,164.0,60449.0
40111,Okmulgee,1,02,0.0,0.0,0.0,0.0,8.0,19483.0
40113,Osage,1,02,0.0,0.0,0.0,0.0,3.0,33476.0
40115,Ottawa,2,06,1.0,1.0,0.0,0.0,5.0,14937.0
40117,Pawnee,1,02,0.0,0.0,0.0,0.0,3.0,15553.0
40119,Payne,2,04,3.0,3.0,0.0,0.0,17.0,26814.0
40121,Pittsburg,2,05,0.0,0.0,0.0,0.0,9.0,24231.0
40123,Pontotoc,2,07,1.0,1.0,0.0,0.0,15.0,20801.0
40125,Pottawatomie,2,04,1.0,1.0,0.0,0.0,13.0,38209.0
40127,Pushmataha,0,09,0.0,0.0,0.0,0.0,0.0,10812.0
40129,Roger Mills,0,09,0.0,0.0,0.0,0.0,0.0,3442.0
40131,Rogers,1,02,2.0,2.0,0.0,0.0,12.0,52227.0
40133,Seminole,0,07,0.0,0.0,0.0,0.0,2.0,17273.0
40135,Sequoyah,1,02,0.0,0.0,0.0,0.0,7.0,31768.0
40137,Stephens,2,04,1.0,1.0,0.0,0.0,10.0,22495.0
40139,Texas,2,07,0.0,0.0,0.0,0.0,3.0,8868.0
40141,Tillman,0,06,0.0,0.0,0.0,0.0,1.0,6968.0
40143,Tulsa,1,02,24.0,24.0,0.0,0.0,159.0,34354.0
40145,Wagoner,1,02,0.0,0.0,0.0,0.0,8.0,29473.0
40147,Washington,2,04,0.0,0.0,0.0,0.0,9.0,13056.0
40149,Washita,0,07,0.0,0.0,0.0,0.0,0.0,10924.0
40151,Woods,0,07,0.0,0.0,0.0,0.0,3.0,3479.0
40153,Woodward,2,07,0.0,0.0,0.0,0.0,6.0,9012.0
41001,Baker,0,07,0.0,0.0,0.0,0.0,3.0,6900.0
41003,Benton,1,03,3.0,3.0,0.0,0.0,14.0,18471.0
41005,Clackamas,1,01,24.0,24.0,2.0,0.0,62.0,72100.0
41007,Clatsop,2,04,0.0,0.0,0.0,0.0,11.0,16064.0
41009,Columbia,1,01,0.0,0.0,0.0,0.0,7.0,21679.0
41011,Coos,2,05,3.0,3.0,0.0,0.0,9.0,24764.0
41013,Crook,2,06,0.0,0.0,0.0,0.0,0.0,12331.0
41015,Curry,2,07,0.0,0.0,0.0,0.0,7.0,12152.0
41017,Deschutes,1,03,14.0,14.0,0.0,0.0,43.0,57972.0
41019,Douglas,2,04,8.0,8.0,0.0,0.0,17.0,44902.0
41021,Gilliam,0,09,0.0,0.0,0.0,0.0,0.0,1995.0
41023,Grant,0,09,0.0,0.0,0.0,0.0,2.0,7233.0
41025,Harney,0,07,0.0,0.0,0.0,0.0,2.0,3326.0
41027,Hood River,2,06,1.0,1.0,0.0,0.0,3.0,12419.0
41029,Jackson,1,03,22.0,22.0,0.0,0.0,50.0,45981.0
41031,Jefferson,0,06,0.0,0.0,0.0,0.0,4.0,16415.0
41033,Josephine,1,03,3.0,3.0,0.0,0.0,10.0,38004.0
41035,Klamath,2,05,4.0,4.0,0.0,0.0,9.0,26205.0
41037,Lake,0,07,0.0,0.0,0.0,0.0,2.0,8160.0
41039,Lane,1,02,25.0,25.0,1.0,0.0,64.0,69053.0
41041,Lincoln,2,05,0.0,0.0,0.0,0.0,9.0,19150.0
41043,Linn,1,03,3.0,3.0,0.0,0.0,26.0,44043.0
41045,Malheur,2,06,1.0,1.0,0.0,0.0,7.0,18586.0
41047,Marion,1,02,14.0,14.0,0.0,0.0,57.0,53110.0
41049,Morrow,2,06,0.0,0.0,0.0,0.0,0.0,12186.0
41051,Multnomah,1,01,137.0,132.0,31.0,0.0,199.0,10451.0
41053,Polk,1,02,0.0,0.0,0.0,0.0,11.0,17841.0
41055,Sherman,0,09,0.0,0.0,0.0,0.0,0.0,1870.0
41057,Tillamook,0,06,0.0,0.0,0.0,0.0,6.0,16614.0
41059,Umatilla,2,04,2.0,2.0,0.0,0.0,13.0,25414.0
41061,Union,2,07,1.0,1.0,0.0,0.0,5.0,11242.0
41063,Wallowa,0,09,0.0,0.0,0.0,0.0,2.0,7391.0
41065,Wasco,2,06,0.0,0.0,0.0,0.0,7.0,9272.0
41067,Washington,1,01,23.0,23.0,1.0,0.0,189.0,32991.0
41069,Wheeler,0,09,0.0,0.0,0.0,0.0,0.0,1451.0
41071,Yamhill,1,01,6.0,6.0,0.0,0.0,12.0,28534.0
42001,Adams,1,03,2.0,2.0,0.0,0.0,7.0,65694.0
42003,Allegheny,1,01,141.0,138.0,25.0,2.0,256.0,30197.0
42005,Armstrong,1,01,1.0,1.0,0.0,0.0,13.0,42576.0
42007,Beaver,1,01,1.0,1.0,0.0,0.0,36.0,48650.0
42009,Bedford,0,06,0.0,0.0,0.0,0.0,7.0,43130.0
42011,Berks,1,02,23.0,23.0,2.0,0.0,66.0,113880.0
42013,Blair,1,03,5.0,5.0,0.0,0.0,34.0,31613.0
42015,Bradford,2,06,5.0,5.0,0.0,0.0,16.0,43763.0
42017,Bucks,1,01,42.0,41.0,4.0,1.0,159.0,66573.0
42019,Butler,1,01,7.0,7.0,1.0,0.0,50.0,83916.0
42021,Cambria,1,03,6.0,6.0,0.0,0.0,34.0,61509.0
42023,Cameron,0,07,0.0,0.0,0.0,0.0,0.0,4547.0
42025,Carbon,1,02,1.0,1.0,0.0,0.0,4.0,38150.0
42027,Centre,1,03,4.0,4.0,0.0,0.0,30.0,54805.0
42029,Chester,1,01,33.0,32.0,4.0,0.0,127.0,103207.0
42031,Clarion,0,06,0.0,0.0,0.0,0.0,7.0,31579.0
42033,Clearfield,2,04,3.0,3.0,0.0,0.0,19.0,49392.0
42035,Clinton,2,04,0.0,0.0,0.0,0.0,6.0,17940.0
42037,Columbia,1,03,3.0,3.0,1.0,0.0,13.0,28950.0
42039,Crawford,2,04,3.0,3.0,0.0,0.0,17.0,55221.0
42041,Cumberland,1,02,21.0,21.0,0.0,0.0,54.0,54194.0
42043,Dauphin,1,02,32.0,32.0,9.0,0.0,66.0,42463.0
42045,Delaware,1,01,52.0,51.0,9.0,1.0,112.0,4527.0
42047,Elk,2,07,0.0,0.0,0.0,0.0,8.0,17329.0
42049,Erie,1,02,9.0,9.0,0.0,0.0,45.0,64963.0
42051,Fayette,1,01,1.0,1.0,0.0,0.0,24.0,70978.0
42053,Forest,0,09,0.0,0.0,0.0,0.0,0.0,6973.0
42055,Franklin,1,03,3.0,3.0,0.0,0.0,21.0,69361.0
42057,Fulton,0,08,0.0,0.0,0.0,0.0,2.0,14556.0
42059,Greene,0,06,0.0,0.0,0.0,0.0,2.0,27200.0
42061,Huntingdon,2,06,1.0,1.0,0.0,0.0,8.0,32781.0
42063,Indiana,2,04,2.0,2.0,0.0,0.0,20.0,49816.0
42065,Jefferson,0,07,3.0,3.0,0.0,0.0,10.0,32688.0
42067,Juniata,0,06,0.0,0.0,0.0,0.0,2.0,23509.0
42069,Lackawanna,1,02,13.0,13.0,0.0,0.0,41.0,37896.0
42071,Lancaster,1,02,21.0,21.0,1.0,0.0,82.0,154147.0
42073,Lawrence,2,04,1.0,1.0,0.0,0.0,15.0,36511.0
42075,Lebanon,1,03,6.0,6.0,0.0,0.0,36.0,36367.0
42077,Lehigh,1,02,31.0,31.0,3.0,0.0,78.0,36961.0
42079,Luzerne,1,02,17.0,15.0,1.0,1.0,88.0,72355.0
42081,Lycoming,1,03,5.0,5.0,0.0,0.0,18.0,46176.0
42083,McKean,2,07,0.0,0.0,0.0,0.0,8.0,29269.0
42085,Mercer,1,02,0.0,0.0,0.0,0.0,15.0,53051.0
42087,Mifflin,2,04,2.0,2.0,0.0,0.0,10.0,25144.0
42089,Monroe,1,03,5.0,5.0,0.0,0.0,33.0,95543.0
42091,Montgomery,1,01,114.0,113.0,7.0,0.0,194.0,28579.0
42093,Montour,1,03,16.0,16.0,6.0,0.0,10.0,9845.0
42095,Northampton,1,02,12.0,12.0,3.0,0.0,37.0,52757.0
42097,Northumberland,2,04,0.0,0.0,0.0,0.0,8.0,32314.0
42099,Perry,1,02,0.0,0.0,0.0,0.0,5.0,42870.0
42101,Philadelphia,1,01,183.0,172.0,53.0,5.0,300.0,0.0
42103,Pike,1,01,2.0,2.0,0.0,0.0,3.0,51062.0
42105,Potter,0,09,0.0,0.0,0.0,0.0,0.0,16396.0
42107,Schuylkill,2,04,4.0,4.0,0.0,0.0,22.0,67326.0
42109,Snyder,2,07,0.0,0.0,0.0,0.0,13.0,27953.0
42111,Somerset,2,04,0.0,0.0,0.0,0.0,8.0,57522.0
42113,Sullivan,0,08,0.0,0.0,0.0,0.0,0.0,5840.0
42115,Susquehanna,0,06,0.0,0.0,0.0,0.0,5.0,38434.0
42117,Tioga,0,06,1.0,1.0,0.0,0.0,5.0,41045.0
42119,Union,2,04,4.0,4.0,0.0,0.0,13.0,26975.0
42121,Venango,2,04,1.0,1.0,0.0,0.0,7.0,28288.0
42123,Warren,2,06,1.0,1.0,0.0,0.0,14.0,23919.0
42125,Washington,1,01,8.0,8.0,0.0,0.0,30.0,67690.0
42127,Wayne,0,06,0.0,0.0,0.0,0.0,13.0,44104.0
42129,Westmoreland,1,01,6.0,6.0,0.0,0.0,77.0,93924.0
42131,Wyoming,1,02,0.0,0.0,0.0,0.0,6.0,24850.0
42133,York,1,02,13.0,13.0,0.0,0.0,86.0,129887.0
44001,Bristol,1,01,12.0,12.0,0.0,0.0,5.0,574.0
44003,Kent,1,01,12.0,12.0,1.0,0.0,46.0,12350.0
44005,Newport,1,01,5.0,5.0,0.0,0.0,14.0,7282.0
44007,Providence,1,01,37.0,36.0,5.0,0.0,142.0,34315.0
44009,Washington,1,01,2.0,2.0,0.0,0.0,28.0,43667.0
45001,Abbeville,0,06,1.0,1.0,0.0,0.0,1.0,19188.0
45003,Aiken,1,02,9.0,9.0,2.0,0.0,17.0,62492.0
45005,Allendale,0,06,0.0,0.0,0.0,0.0,0.0,8039.0
45007,Anderson,1,02,3.0,3.0,0.0,0.0,23.0,84862.0
45009,Bamberg,0,07,0.0,0.0,0.0,0.0,0.0,13311.0
45011,Barnwell,0,06,0.0,0.0,0.0,0.0,2.0,20589.0
45013,Beaufort,1,03,16.0,16.0,0.0,0.0,44.0,34806.0
45015,Berkeley,1,02,4.0,4.0,0.0,0.0,10.0,50730.0
45017,Calhoun,1,02,0.0,0.0,0.0,0.0,0.0,14119.0
45019,Charleston,1,02,73.0,71.0,18.0,0.0,101.0,36986.0
45021,Cherokee,2,04,0.0,0.0,0.0,0.0,4.0,37174.0
45023,Chester,1,01,1.0,1.0,0.0,0.0,1.0,23683.0
45025,Chesterfield,0,06,0.0,0.0,0.0,0.0,3.0,35989.0
45027,Clarendon,1,06,0.0,0.0,0.0,0.0,6.0,26622.0
45029,Colleton,0,06,1.0,1.0,0.0,0.0,7.0,29375.0
45031,Darlington,1,03,0.0,0.0,0.0,0.0,7.0,35928.0
45033,Dillon,0,06,0.0,0.0,0.0,0.0,1.0,19808.0
45035,Dorchester,1,02,5.0,5.0,0.0,0.0,19.0,23776.0
45037,Edgefield,1,02,0.0,0.0,0.0,0.0,1.0,22574.0
45039,Fairfield,1,02,0.0,0.0,0.0,0.0,1.0,16189.0
45041,Florence,1,03,7.0,7.0,0.0,0.0,25.0,53739.0
45043,Georgetown,2,04,3.0,3.0,0.0,0.0,9.0,26748.0
45045,Greenville,1,02,41.0,41.0,2.0,0.0,81.0,62518.0
45047,Greenwood,2,04,5.0,5.0,0.0,0.0,13.0,27520.0
45049,Hampton,0,06,1.0,1.0,0.0,0.0,3.0,18561.0
45051,Horry,1,02,13.0,13.0,1.0,0.0,50.0,85735.0
45053,Jasper,1,03,0.0,0.0,0.0,0.0,0.0,25667.0
45055,Kershaw,1,02,2.0,2.0,0.0,0.0,2.0,34541.0
45057,Lancaster,1,01,7.0,7.0,0.0,0.0,11.0,36425.0
45059,Laurens,1,02,1.0,1.0,0.0,0.0,5.0,43239.0
45061,Lee,0,06,0.0,0.0,0.0,0.0,0.0,16531.0
45063,Lexington,1,02,9.0,9.0,0.0,0.0,34.0,73952.0
45065,McCormick,0,08,0.0,0.0,0.0,0.0,0.0,9526.0
45067,Marion,0,06,0.0,0.0,0.0,0.0,2.0,17250.0
45069,Marlboro,2,06,0.0,0.0,0.0,0.0,2.0,17396.0
45071,Newberry,2,06,0.0,0.0,0.0,0.0,1.0,25377.0
45073,Oconee,2,04,2.0,2.0,0.0,0.0,5.0,50110.0
45075,Orangeburg,2,04,2.0,2.0,0.0,0.0,7.0,55151.0
45077,Pickens,1,02,4.0,4.0,0.0,0.0,12.0,49354.0
45079,Richland,1,02,41.0,41.0,7.0,0.0,83.0,35615.0
45081,Saluda,1,02,0.0,0.0,0.0,0.0,0.0,18592.0
45083,Spartanburg,1,02,9.0,9.0,0.0,0.0,39.0,96809.0
45085,Sumter,1,03,2.0,2.0,0.0,0.0,11.0,36731.0
45087,Union,2,02,0.0,0.0,0.0,0.0,1.0,17515.0
45089,Williamsburg,0,06,0.0,0.0,0.0,0.0,1.0,25776.0
45091,York,1,01,10.0,10.0,0.0,0.0,48.0,63938.0
46003,Aurora,0,09,0.0,0.0,0.0,0.0,0.0,2747.0
46005,Beadle,2,07,0.0,0.0,0.0,0.0,4.0,4855.0
46007,Bennett,0,09,0.0,0.0,0.0,0.0,0.0,3381.0
46009,Bon Homme,0,09,0.0,0.0,0.0,0.0,1.0,7003.0
46011,Brookings,2,05,1.0,1.0,0.0,0.0,6.0,10701.0
46013,Brown,2,05,2.0,2.0,0.0,0.0,11.0,10319.0
46015,Brule,0,09,0.0,0.0,0.0,0.0,3.0,5247.0
46017,Buffalo,0,09,0.0,0.0,0.0,0.0,1.0,1948.0
46019,Butte,0,06,0.0,0.0,0.0,0.0,2.0,5154.0
46021,Campbell,0,09,0.0,0.0,0.0,0.0,0.0,1377.0
46023,Charles Mix,0,09,0.0,0.0,0.0,0.0,3.0,9373.0
46025,Clark,0,09,0.0,0.0,0.0,0.0,0.0,3837.0
46027,Clay,2,06,2.0,2.0,2.0,0.0,3.0,3308.0
46029,Codington,2,05,1.0,1.0,0.0,0.0,10.0,7682.0
46031,Corson,0,09,0.0,0.0,0.0,0.0,0.0,3902.0
46033,Custer,0,03,0.0,0.0,0.0,0.0,2.0,8318.0
46035,Davison,2,07,1.0,1.0,0.0,0.0,10.0,4266.0
46037,Day,0,09,0.0,0.0,0.0,0.0,0.0,5449.0
46039,Deuel,0,09,0.0,0.0,0.0,0.0,0.0,4295.0
46041,Dewey,0,09,0.0,0.0,0.0,0.0,1.0,5239.0
46043,Douglas,0,09,0.0,0.0,0.0,0.0,0.0,2835.0
46045,Edmunds,2,09,0.0,0.0,0.0,0.0,0.0,3986.0
46047,Fall River,0,06,0.0,0.0,0.0,0.0,2.0,6973.0
46049,Faulk,0,09,0.0,0.0,0.0,0.0,0.0,2125.0
46051,Grant,0,07,0.0,0.0,0.0,0.0,3.0,7556.0
46053,Gregory,0,09,0.0,0.0,0.0,0.0,0.0,3994.0
46055,Haakon,0,08,0.0,0.0,0.0,0.0,0.0,1872.0
46057,Hamlin,2,09,0.0,0.0,0.0,0.0,0.0,6164.0
46059,Hand,0,09,0.0,0.0,0.0,0.0,0.0,3145.0
46061,Hanson,2,08,0.0,0.0,0.0,0.0,0.0,3461.0
46063,Harding,0,09,0.0,0.0,0.0,0.0,0.0,1311.0
46065,Hughes,2,07,0.0,0.0,0.0,0.0,6.0,5095.0
46067,Hutchinson,0,08,0.0,0.0,0.0,0.0,1.0,7427.0
46069,Hyde,0,09,0.0,0.0,0.0,0.0,0.0,1262.0
46071,Jackson,0,08,0.0,0.0,0.0,0.0,0.0,2806.0
46073,Jerauld,2,09,0.0,0.0,0.0,0.0,0.0,1663.0
46075,Jones,0,09,0.0,0.0,0.0,0.0,0.0,917.0
46077,Kingsbury,0,09,0.0,0.0,0.0,0.0,0.0,5187.0
46079,Lake,0,06,0.0,0.0,0.0,0.0,4.0,4890.0
46081,Lawrence,2,06,0.0,0.0,0.0,0.0,13.0,8440.0
46083,Lincoln,1,03,13.0,13.0,1.0,0.0,38.0,16600.0
46085,Lyman,0,09,0.0,0.0,0.0,0.0,0.0,3718.0
46087,McCook,1,03,0.0,0.0,0.0,0.0,0.0,5682.0
46089,McPherson,0,09,0.0,0.0,0.0,0.0,0.0,2411.0
46091,Marshall,0,09,0.0,0.0,0.0,0.0,0.0,4306.0
46093,Meade,1,03,0.0,0.0,0.0,0.0,7.0,9927.0
46095,Mellette,0,09,0.0,0.0,0.0,0.0,0.0,1918.0
46097,Miner,0,08,0.0,0.0,0.0,0.0,0.0,2298.0
46099,Minnehaha,1,03,5.0,5.0,1.0,0.0,38.0,28275.0
46101,Moody,0,08,0.0,0.0,0.0,0.0,0.0,6336.0
46102,Oglala Lakota,0,06,0.0,0.0,0.0,0.0,1.0,13672.0
46103,Pennington,1,03,14.0,14.0,2.0,0.0,40.0,19681.0
46105,Perkins,0,08,0.0,0.0,0.0,0.0,0.0,2835.0
46107,Potter,0,09,0.0,0.0,0.0,0.0,1.0,2472.0
46109,Roberts,0,09,0.0,0.0,0.0,0.0,2.0,10280.0
46111,Sanborn,0,09,0.0,0.0,0.0,0.0,0.0,2330.0
46115,Spink,0,09,0.0,0.0,0.0,0.0,0.0,6361.0
46117,Stanley,2,09,0.0,0.0,0.0,0.0,0.0,895.0
46119,Sully,0,09,0.0,0.0,0.0,0.0,0.0,1446.0
46121,Todd,0,09,0.0,0.0,0.0,0.0,2.0,9319.0
46123,Tripp,0,07,0.0,0.0,0.0,0.0,1.0,5624.0
46125,Turner,1,03,0.0,0.0,0.0,0.0,0.0,8673.0
46127,Union,1,03,2.0,2.0,1.0,0.0,4.0,9735.0
46129,Walworth,0,07,0.0,0.0,0.0,0.0,2.0,5315.0
46135,Yankton,2,07,1.0,1.0,1.0,0.0,7.0,7288.0
46137,Ziebach,0,08,0.0,0.0,0.0,0.0,0.0,2413.0
47001,Anderson,1,02,3.0,3.0,0.0,0.0,11.0,28166.0
47003,Bedford,2,04,0.0,0.0,0.0,0.0,5.0,27685.0
47005,Benton,0,07,0.0,0.0,0.0,0.0,4.0,15864.0
47007,Bledsoe,0,08,0.0,0.0,0.0,0.0,0.0,14913.0
47009,Blount,1,02,1.0,1.0,0.0,0.0,16.0,50325.0
47011,Bradley,1,03,5.0,5.0,1.0,0.0,13.0,34702.0
47013,Campbell,1,02,0.0,0.0,0.0,0.0,9.0,19158.0
47015,Cannon,1,01,0.0,0.0,0.0,0.0,0.0,14506.0
47017,Carroll,0,06,0.0,0.0,0.0,0.0,8.0,23350.0
47019,Carter,1,03,0.0,0.0,0.0,0.0,12.0,22958.0
47021,Cheatham,1,01,0.0,0.0,0.0,0.0,5.0,41072.0
47023,Chester,1,03,0.0,0.0,0.0,0.0,3.0,11435.0
47025,Claiborne,0,06,0.0,0.0,0.0,0.0,1.0,22856.0
47027,Clay,0,09,0.0,0.0,0.0,0.0,0.0,7581.0
47029,Cocke,2,06,0.0,0.0,0.0,0.0,5.0,24441.0
47031,Coffee,2,04,3.0,3.0,0.0,0.0,16.0,26673.0
47033,Crockett,1,03,0.0,0.0,0.0,0.0,1.0,13911.0
47035,Cumberland,2,04,3.0,3.0,0.0,0.0,8.0,32984.0
47037,Davidson,1,01,113.0,112.0,30.0,1.0,123.0,22497.0
47039,Decatur,0,09,0.0,0.0,0.0,0.0,0.0,11435.0
47041,DeKalb,0,06,0.0,0.0,0.0,0.0,3.0,15255.0
47043,Dickson,1,01,1.0,1.0,0.0,0.0,9.0,37772.0
47045,Dyer,2,05,1.0,1.0,0.0,0.0,5.0,20011.0
47047,Fayette,1,01,0.0,0.0,0.0,0.0,6.0,31361.0
47049,Fentress,0,09,0.0,0.0,0.0,0.0,2.0,18489.0
47051,Franklin,2,06,0.0,0.0,0.0,0.0,4.0,29045.0
47053,Gibson,1,04,0.0,0.0,0.0,0.0,12.0,35691.0
47055,Giles,0,06,0.0,0.0,0.0,0.0,5.0,22188.0
47057,Grainger,1,02,0.0,0.0,0.0,0.0,0.0,19864.0
47059,Greene,2,04,2.0,2.0,0.0,0.0,12.0,47233.0
47061,Grundy,0,08,0.0,0.0,0.0,0.0,0.0,13529.0
47063,Hamblen,1,03,3.0,3.0,0.0,0.0,12.0,14616.0
47065,Hamilton,1,02,31.0,31.0,1.0,0.0,70.0,45798.0
47067,Hancock,0,08,0.0,0.0,0.0,0.0,0.0,6662.0
47069,Hardeman,0,06,0.0,0.0,0.0,0.0,2.0,20181.0
47071,Hardin,0,06,0.0,0.0,0.0,0.0,3.0,18003.0
47073,Hawkins,1,02,0.0,0.0,0.0,0.0,7.0,35210.0
47075,Haywood,2,06,0.0,0.0,0.0,0.0,3.0,8243.0
47077,Henderson,0,06,0.0,0.0,0.0,0.0,7.0,21485.0
47079,Henry,2,07,0.0,0.0,0.0,0.0,6.0,21822.0
47081,Hickman,0,01,0.0,0.0,0.0,0.0,2.0,24925.0
47083,Houston,0,08,0.0,0.0,0.0,0.0,0.0,8283.0
47085,Humphreys,0,06,0.0,0.0,0.0,0.0,2.0,18990.0
47087,Jackson,2,08,0.0,0.0,0.0,0.0,0.0,11617.0
47089,Jefferson,1,03,0.0,0.0,0.0,0.0,9.0,41459.0
47091,Johnson,0,06,0.0,0.0,0.0,0.0,3.0,17948.0
47093,Knox,1,02,45.0,45.0,4.0,0.0,90.0,44033.0
47095,Lake,0,09,0.0,0.0,0.0,0.0,0.0,7005.0
47097,Lauderdale,0,06,0.0,0.0,0.0,0.0,4.0,18221.0
47099,Lawrence,2,06,0.0,0.0,0.0,0.0,7.0,32480.0
47101,Lewis,0,06,0.0,0.0,0.0,0.0,1.0,12582.0
47103,Lincoln,0,06,0.0,0.0,0.0,0.0,3.0,25199.0
47105,Loudon,1,02,2.0,2.0,1.0,0.0,5.0,19570.0
47107,McMinn,2,04,0.0,0.0,0.0,0.0,12.0,32851.0
47109,McNairy,0,06,0.0,0.0,0.0,0.0,3.0,25866.0
47111,Macon,1,01,0.0,0.0,0.0,0.0,3.0,19042.0
47113,Madison,1,03,12.0,12.0,0.0,0.0,22.0,26014.0
47115,Marion,1,02,1.0,1.0,0.0,0.0,2.0,26341.0
47117,Marshall,2,06,0.0,0.0,0.0,0.0,3.0,22384.0
47119,Maury,1,01,4.0,4.0,0.0,0.0,19.0,37847.0
47121,Meigs,0,08,0.0,0.0,0.0,0.0,0.0,12758.0
47123,Monroe,0,06,0.0,0.0,0.0,0.0,4.0,33900.0
47125,Montgomery,1,02,5.0,5.0,0.0,0.0,27.0,39024.0
47127,Moore,2,09,0.0,0.0,0.0,0.0,0.0,6454.0
47129,Morgan,1,02,0.0,0.0,0.0,0.0,0.0,21035.0
47131,Obion,2,07,0.0,0.0,0.0,0.0,6.0,18259.0
47133,Overton,2,07,0.0,0.0,0.0,0.0,2.0,22511.0
47135,Perry,0,08,0.0,0.0,0.0,0.0,0.0,8366.0
47137,Pickett,0,09,0.0,0.0,0.0,0.0,0.0,5001.0
47139,Polk,1,03,0.0,0.0,0.0,0.0,0.0,17544.0
47141,Putnam,2,04,2.0,2.0,0.0,0.0,18.0,30765.0
47143,Rhea,2,06,0.0,0.0,0.0,0.0,4.0,23182.0
47145,Roane,1,02,1.0,1.0,0.0,0.0,11.0,27831.0
47147,Robertson,1,01,0.0,0.0,0.0,0.0,8.0,38586.0
47149,Rutherford,1,01,5.0,5.0,0.0,0.0,35.0,54515.0
47151,Scott,0,06,0.0,0.0,0.0,0.0,4.0,21850.0
47153,Sequatchie,1,02,0.0,0.0,0.0,0.0,4.0,15826.0
47155,Sevier,2,04,0.0,0.0,0.0,0.0,15.0,52501.0
47157,Shelby,1,01,91.0,88.0,25.0,1.0,301.0,31637.0
47159,Smith,1,01,0.0,0.0,0.0,0.0,1.0,19904.0
47161,Stewart,1,08,0.0,0.0,0.0,0.0,2.0,13657.0
47163,Sullivan,1,02,12.0,12.0,0.0,0.0,24.0,41970.0
47165,Sumner,1,01,3.0,3.0,0.0,0.0,20.0,49579.0
47167,Tipton,1,01,0.0,0.0,0.0,0.0,5.0,40644.0
47169,Trousdale,1,01,0.0,0.0,0.0,0.0,0.0,11615.0
47171,Unicoi,1,03,0.0,0.0,0.0,0.0,1.0,9223.0
47173,Union,1,02,0.0,0.0,0.0,0.0,0.0,19802.0
47175,Van Buren,0,09,0.0,0.0,0.0,0.0,0.0,6168.0
47177,Warren,2,06,0.0,0.0,0.0,0.0,7.0,25242.0
47179,Washington,1,03,13.0,13.0,0.0,0.0,42.0,34261.0
47181,Wayne,0,08,0.0,0.0,0.0,0.0,0.0,16232.0
47183,Weakley,2,07,0.0,0.0,0.0,0.0,6.0,22188.0
47185,White,0,07,0.0,0.0,0.0,0.0,5.0,21660.0
47187,Williamson,1,01,21.0,21.0,1.0,0.0,62.0,46181.0
47189,Wilson,1,01,4.0,4.0,0.0,0.0,18.0,52060.0
48001,Anderson,2,07,2.0,2.0,0.0,0.0,4.0,39307.0
48003,Andrews,2,06,0.0,0.0,0.0,0.0,1.0,3409.0
48005,Angelina,2,05,2.0,2.0,0.0,0.0,15.0,44844.0
48007,Aransas,2,02,0.0,0.0,0.0,0.0,1.0,5618.0
48009,Archer,1,03,0.0,0.0,0.0,0.0,0.0,7478.0
48011,Armstrong,1,02,0.0,0.0,0.0,0.0,0.0,1848.0
48013,Atascosa,1,01,0.0,0.0,0.0,0.0,3.0,34998.0
48015,Austin,1,01,0.0,0.0,0.0,0.0,4.0,23782.0
48017,Bailey,0,07,0.0,0.0,0.0,0.0,1.0,1745.0
48019,Bandera,1,01,0.0,0.0,0.0,0.0,0.0,20851.0
48021,Bastrop,1,01,0.0,0.0,0.0,0.0,15.0,70000.0
48023,Baylor,0,08,0.0,0.0,0.0,0.0,0.0,3465.0
48025,Bee,2,06,0.0,0.0,0.0,0.0,1.0,16817.0
48027,Bell,1,02,35.0,35.0,13.0,0.0,50.0,50744.0
48029,Bexar,1,01,137.0,134.0,17.0,3.0,383.0,94592.0
48031,Blanco,0,08,0.0,0.0,0.0,0.0,0.0,11374.0
48033,Borden,0,08,0.0,0.0,0.0,0.0,0.0,631.0
48035,Bosque,0,06,0.0,0.0,0.0,0.0,0.0,18235.0
48037,Bowie,1,03,5.0,5.0,0.0,0.0,25.0,35247.0
48039,Brazoria,1,01,6.0,5.0,0.0,0.0,61.0,84062.0
48041,Brazos,1,03,9.0,8.0,1.0,1.0,39.0,27712.0
48043,Brewster,0,07,0.0,0.0,0.0,0.0,2.0,3263.0
48045,Briscoe,0,09,0.0,0.0,0.0,0.0,0.0,1435.0
48047,Brooks,0,07,0.0,0.0,0.0,0.0,0.0,2579.0
48049,Brown,2,05,2.0,2.0,0.0,0.0,7.0,16533.0
48051,Burleson,1,03,0.0,0.0,0.0,0.0,1.0,17642.0
48053,Burnet,0,06,2.0,2.0,0.0,0.0,12.0,33076.0
48055,Caldwell,1,01,0.0,0.0,0.0,0.0,5.0,25049.0
48057,Calhoun,2,06,0.0,0.0,0.0,0.0,1.0,8051.0
48059,Callahan,1,03,0.0,0.0,0.0,0.0,0.0,13708.0
48061,Cameron,1,02,11.0,11.0,0.0,0.0,28.0,74021.0
48063,Camp,2,06,0.0,0.0,0.0,0.0,2.0,12464.0
48065,Carson,1,02,0.0,0.0,0.0,0.0,0.0,5807.0
48067,Cass,0,06,0.0,0.0,0.0,0.0,4.0,22923.0
48069,Castro,0,06,0.0,0.0,0.0,0.0,0.0,7371.0
48071,Chambers,1,01,0.0,0.0,0.0,0.0,2.0,25198.0
48073,Cherokee,2,06,1.0,1.0,0.0,0.0,2.0,36531.0
48075,Childress,0,07,0.0,0.0,0.0,0.0,3.0,2148.0
48077,Clay,1,03,0.0,0.0,0.0,0.0,0.0,10218.0
48079,Cochran,0,09,0.0,0.0,0.0,0.0,0.0,2547.0
48081,Coke,0,08,0.0,0.0,0.0,0.0,0.0,3285.0
48083,Coleman,0,06,0.0,0.0,0.0,0.0,0.0,4085.0
48085,Collin,1,01,36.0,36.0,5.0,0.0,188.0,65460.0
48087,Collingsworth,0,09,0.0,0.0,0.0,0.0,0.0,2652.0
48089,Colorado,0,06,3.0,3.0,0.0,0.0,1.0,20557.0
48091,Comal,1,01,3.0,3.0,0.0,0.0,26.0,75278.0
48093,Comanche,0,07,0.0,0.0,0.0,0.0,1.0,13594.0
48095,Concho,0,08,0.0,0.0,0.0,0.0,0.0,3303.0
48097,Cooke,2,06,3.0,3.0,0.0,0.0,9.0,25124.0
48099,Coryell,1,02,1.0,1.0,0.0,0.0,5.0,16227.0
48101,Cottle,0,09,0.0,0.0,0.0,0.0,0.0,1380.0
48103,Crane,0,06,0.0,0.0,0.0,0.0,0.0,4675.0
48105,Crockett,0,07,0.0,0.0,0.0,0.0,0.0,3098.0
48107,Crosby,1,02,0.0,0.0,0.0,0.0,0.0,5133.0
48109,Culberson,0,09,0.0,0.0,0.0,0.0,0.0,2188.0
48111,Dallam,0,07,0.0,0.0,0.0,0.0,0.0,1658.0
48113,Dallas,1,01,206.0,204.0,37.0,0.0,379.0,15113.0
48115,Dawson,2,07,0.0,0.0,0.0,0.0,1.0,3725.0
48117,Deaf Smith,2,06,0.0,0.0,0.0,0.0,0.0,3063.0
48119,Delta,0,08,0.0,0.0,0.0,0.0,0.0,5230.0
48121,Denton,1,01,24.0,23.0,3.0,0.0,168.0,65296.0
48123,DeWitt,0,06,0.0,0.0,0.0,0.0,2.0,10189.0
48125,Dickens,0,08,0.0,0.0,0.0,0.0,0.0,1770.0
48127,Dimmit,0,06,0.0,0.0,0.0,0.0,1.0,3000.0
48129,Donley,0,08,0.0,0.0,0.0,0.0,0.0,3258.0
48131,Duval,2,07,0.0,0.0,0.0,0.0,0.0,9831.0
48133,Eastland,0,06,0.0,0.0,0.0,0.0,1.0,17725.0
48135,Ector,1,03,2.0,2.0,0.0,0.0,27.0,15015.0
48137,Edwards,0,09,0.0,0.0,0.0,0.0,0.0,1422.0
48139,Ellis,1,01,3.0,3.0,0.0,0.0,7.0,59073.0
48141,El Paso,1,02,33.0,33.0,1.0,0.0,90.0,34831.0
48143,Erath,2,04,2.0,2.0,0.0,0.0,4.0,21693.0
48145,Falls,1,02,0.0,0.0,0.0,0.0,0.0,11572.0
48147,Fannin,2,06,0.0,0.0,0.0,0.0,4.0,27863.0
48149,Fayette,0,06,1.0,1.0,0.0,0.0,1.0,19415.0
48151,Fisher,0,08,0.0,0.0,0.0,0.0,0.0,3672.0
48153,Floyd,0,06,0.0,0.0,0.0,0.0,0.0,5402.0
48155,Foard,0,09,0.0,0.0,0.0,0.0,0.0,1095.0
48157,Fort Bend,1,01,25.0,24.0,8.0,0.0,152.0,39477.0
48159,Franklin,0,07,0.0,0.0,0.0,0.0,0.0,10359.0
48161,Freestone,0,07,0.0,0.0,0.0,0.0,1.0,19435.0
48163,Frio,2,06,0.0,0.0,0.0,0.0,1.0,9322.0
48165,Gaines,0,07,0.0,0.0,0.0,0.0,2.0,14530.0
48167,Galveston,1,01,27.0,27.0,11.0,0.0,64.0,14253.0
48169,Garza,0,06,0.0,0.0,0.0,0.0,0.0,5816.0
48171,Gillespie,2,07,2.0,2.0,0.0,0.0,3.0,15084.0
48173,Glasscock,0,08,0.0,0.0,0.0,0.0,0.0,1116.0
48175,Goliad,1,03,0.0,0.0,0.0,0.0,0.0,7012.0
48177,Gonzales,0,06,0.0,0.0,0.0,0.0,1.0,12700.0
48179,Gray,2,06,0.0,0.0,0.0,0.0,7.0,4362.0
48181,Grayson,1,03,5.0,5.0,1.0,0.0,20.0,64640.0
48183,Gregg,1,03,6.0,6.0,0.0,0.0,23.0,16723.0
48185,Grimes,0,06,0.0,0.0,0.0,0.0,0.0,21810.0
48187,Guadalupe,1,01,2.0,2.0,0.0,0.0,27.0,42869.0
48189,Hale,2,04,1.0,1.0,0.0,0.0,6.0,9907.0
48191,Hall,0,09,0.0,0.0,0.0,0.0,0.0,2825.0
48193,Hamilton,0,06,0.0,0.0,0.0,0.0,0.0,8222.0
48195,Hansford,0,07,0.0,0.0,0.0,0.0,0.0,5285.0
48197,Hardeman,0,09,0.0,0.0,0.0,0.0,0.0,3549.0
48199,Hardin,1,02,0.0,0.0,0.0,0.0,3.0,28521.0
48201,Harris,1,01,295.0,292.0,57.0,2.0,1002.0,53638.0
48203,Harrison,1,04,1.0,1.0,0.0,0.0,5.0,37796.0
48205,Hartley,0,07,0.0,0.0,0.0,0.0,0.0,2487.0
48207,Haskell,0,06,0.0,0.0,0.0,0.0,0.0,5416.0
48209,Hays,1,01,5.0,5.0,0.0,0.0,33.0,71702.0
48211,Hemphill,0,07,0.0,0.0,0.0,0.0,1.0,3382.0
48213,Henderson,2,04,2.0,2.0,0.0,0.0,6.0,54173.0
48215,Hidalgo,1,02,28.0,28.0,0.0,0.0,63.0,77545.0
48217,Hill,0,06,0.0,0.0,0.0,0.0,2.0,27806.0
48219,Hockley,2,06,0.0,0.0,0.0,0.0,4.0,8936.0
48221,Hood,2,01,1.0,1.0,0.0,0.0,11.0,25307.0
48223,Hopkins,2,06,0.0,0.0,0.0,0.0,5.0,22104.0
48225,Houston,0,07,0.0,0.0,0.0,0.0,1.0,16131.0
48227,Howard,2,04,0.0,0.0,0.0,0.0,5.0,5905.0
48229,Hudspeth,1,02,0.0,0.0,0.0,0.0,0.0,3202.0
48231,Hunt,1,01,1.0,1.0,1.0,0.0,11.0,61299.0
48233,Hutchinson,2,06,0.0,0.0,0.0,0.0,1.0,7769.0
48235,Irion,1,03,0.0,0.0,0.0,0.0,0.0,1513.0
48237,Jack,0,06,0.0,0.0,0.0,0.0,0.0,8472.0
48239,Jackson,0,06,0.0,0.0,0.0,0.0,1.0,9078.0
48241,Jasper,0,06,0.0,0.0,0.0,0.0,3.0,25677.0
48243,Jeff Davis,0,09,0.0,0.0,0.0,0.0,0.0,1996.0
48245,Jefferson,1,02,11.0,11.0,0.0,0.0,33.0,25260.0
48247,Jim Hogg,0,06,0.0,0.0,0.0,0.0,0.0,4838.0
48249,Jim Wells,2,04,0.0,0.0,0.0,0.0,4.0,19478.0
48251,Johnson,1,01,5.0,5.0,0.0,0.0,25.0,83617.0
48253,Jones,1,03,0.0,0.0,0.0,0.0,1.0,19663.0
48255,Karnes,0,06,0.0,0.0,0.0,0.0,2.0,14710.0
48257,Kaufman,1,01,0.0,0.0,0.0,0.0,10.0,60917.0
48259,Kendall,1,01,2.0,2.0,0.0,0.0,8.0,25152.0
48261,Kenedy,2,09,0.0,0.0,0.0,0.0,0.0,350.0
48263,Kent,0,09,0.0,0.0,0.0,0.0,0.0,753.0
48265,Kerr,2,04,3.0,3.0,0.0,0.0,14.0,20754.0
48267,Kimble,0,07,0.0,0.0,0.0,0.0,0.0,4286.0
48269,King,0,09,0.0,0.0,0.0,0.0,0.0,265.0
48271,Kinney,0,07,0.0,0.0,0.0,0.0,0.0,3129.0
48273,Kleberg,2,04,0.0,0.0,0.0,0.0,4.0,6095.0
48275,Knox,0,09,0.0,0.0,0.0,0.0,0.0,3353.0
48277,Lamar,2,05,2.0,2.0,0.0,0.0,4.0,23796.0
48279,Lamb,0,06,0.0,0.0,0.0,0.0,0.0,7419.0
48281,Lampasas,1,02,0.0,0.0,0.0,0.0,2.0,14303.0
48283,La Salle,0,06,0.0,0.0,0.0,0.0,1.0,6664.0
48285,Lavaca,0,06,0.0,0.0,0.0,0.0,0.0,16755.0
48287,Lee,0,06,0.0,0.0,0.0,0.0,0.0,17478.0
48289,Leon,0,08,0.0,0.0,0.0,0.0,0.0,15719.0
48291,Liberty,1,01,1.0,1.0,0.0,0.0,6.0,70893.0
48293,Limestone,0,06,0.0,0.0,0.0,0.0,2.0,15485.0
48295,Lipscomb,0,09,0.0,0.0,0.0,0.0,0.0,3059.0
48297,Live Oak,0,08,0.0,0.0,0.0,0.0,0.0,11335.0
48299,Llano,0,07,0.0,0.0,0.0,0.0,0.0,10667.0
48301,Loving,2,09,0.0,0.0,0.0,0.0,0.0,64.0
48303,Lubbock,1,02,47.0,46.0,16.0,1.0,49.0,32681.0
48305,Lynn,1,02,0.0,0.0,0.0,0.0,0.0,5596.0
48307,McCulloch,0,07,0.0,0.0,0.0,0.0,0.0,2743.0
48309,McLennan,1,02,15.0,15.0,0.0,0.0,25.0,62596.0
48311,McMullen,0,09,0.0,0.0,0.0,0.0,0.0,600.0
48313,Madison,0,06,0.0,0.0,0.0,0.0,0.0,13455.0
48315,Marion,0,08,0.0,0.0,0.0,0.0,0.0,9725.0
48317,Martin,1,03,0.0,0.0,0.0,0.0,0.0,5237.0
48319,Mason,0,09,0.0,0.0,0.0,0.0,0.0,3953.0
48321,Matagorda,2,04,1.0,1.0,0.0,0.0,1.0,16944.0
48323,Maverick,2,05,0.0,0.0,0.0,0.0,3.0,3804.0
48325,Medina,1,01,2.0,2.0,1.0,0.0,1.0,42761.0
48327,Menard,0,09,0.0,0.0,0.0,0.0,0.0,1962.0
48329,Midland,1,03,4.0,4.0,0.0,0.0,21.0,23324.0
48331,Milam,0,06,0.0,0.0,0.0,0.0,0.0,14139.0
48333,Mills,0,09,0.0,0.0,0.0,0.0,1.0,4456.0
48335,Mitchell,0,07,0.0,0.0,0.0,0.0,1.0,3151.0
48337,Montague,0,06,0.0,0.0,0.0,0.0,1.0,14546.0
48339,Montgomery,1,01,20.0,19.0,1.0,0.0,97.0,141934.0
48341,Moore,2,07,0.0,0.0,0.0,0.0,0.0,6719.0
48343,Morris,0,06,0.0,0.0,0.0,0.0,0.0,11973.0
48345,Motley,0,09,0.0,0.0,0.0,0.0,0.0,1063.0
48347,Nacogdoches,2,05,6.0,6.0,0.0,0.0,11.0,30921.0
48349,Navarro,2,04,1.0,1.0,0.0,0.0,7.0,28244.0
48351,Newton,0,02,0.0,0.0,0.0,0.0,0.0,12217.0
48353,Nolan,2,06,0.0,0.0,0.0,0.0,1.0,4366.0
48355,Nueces,1,02,17.0,17.0,0.0,0.0,53.0,22169.0
48357,Ochiltree,0,07,0.0,0.0,0.0,0.0,1.0,1624.0
48359,Oldham,1,02,0.0,0.0,0.0,0.0,0.0,1758.0
48361,Orange,1,02,0.0,0.0,0.0,0.0,5.0,30589.0
48363,Palo Pinto,2,06,0.0,0.0,0.0,0.0,1.0,14312.0
48365,Panola,0,06,0.0,0.0,0.0,0.0,4.0,16163.0
48367,Parker,1,01,1.0,1.0,0.0,0.0,7.0,95378.0
48369,Parmer,0,07,0.0,0.0,0.0,0.0,0.0,9869.0
48371,Pecos,0,07,0.0,0.0,0.0,0.0,3.0,6642.0
48373,Polk,0,06,2.0,2.0,0.0,0.0,6.0,44531.0
48375,Potter,1,02,8.0,8.0,0.0,0.0,17.0,13351.0
48377,Presidio,0,07,0.0,0.0,0.0,0.0,0.0,6131.0
48379,Rains,0,08,0.0,0.0,0.0,0.0,1.0,12164.0
48381,Randall,1,02,4.0,4.0,0.0,0.0,45.0,23896.0
48383,Reagan,0,06,0.0,0.0,0.0,0.0,0.0,3385.0
48385,Real,0,09,0.0,0.0,0.0,0.0,0.0,2758.0
48387,Red River,0,06,0.0,0.0,0.0,0.0,0.0,11587.0
48389,Reeves,2,07,0.0,0.0,0.0,0.0,0.0,1667.0
48391,Refugio,0,06,0.0,0.0,0.0,0.0,0.0,6741.0
48393,Roberts,2,09,0.0,0.0,0.0,0.0,0.0,827.0
48395,Robertson,1,03,0.0,0.0,0.0,0.0,0.0,16757.0
48397,Rockwall,1,01,3.0,3.0,1.0,0.0,17.0,14810.0
48399,Runnels,0,06,0.0,0.0,0.0,0.0,0.0,9900.0
48401,Rusk,1,03,0.0,0.0,0.0,0.0,2.0,33456.0
48403,Sabine,0,08,0.0,0.0,0.0,0.0,1.0,9894.0
48405,San Augustine,0,09,0.0,0.0,0.0,0.0,0.0,7918.0
48407,San Jacinto,0,08,0.0,0.0,0.0,0.0,0.0,27402.0
48409,San Patricio,1,02,0.0,0.0,0.0,0.0,6.0,19136.0
48411,San Saba,0,07,0.0,0.0,0.0,0.0,0.0,5730.0
48413,Schleicher,0,08,0.0,0.0,0.0,0.0,0.0,2451.0
48415,Scurry,2,07,0.0,0.0,0.0,0.0,2.0,5385.0
48417,Shackelford,0,08,0.0,0.0,0.0,0.0,0.0,3105.0
48419,Shelby,0,07,0.0,0.0,0.0,0.0,6.0,18899.0
48421,Sherman,0,09,0.0,0.0,0.0,0.0,0.0,2782.0
48423,Smith,1,03,23.0,22.0,0.0,1.0,37.0,81542.0
48425,Somervell,0,01,0.0,0.0,0.0,0.0,0.0,9205.0
48427,Starr,2,04,0.0,0.0,0.0,0.0,3.0,18850.0
48429,Stephens,0,07,0.0,0.0,0.0,0.0,1.0,3646.0
48431,Sterling,1,08,0.0,0.0,0.0,0.0,0.0,1372.0
48433,Stonewall,0,09,0.0,0.0,0.0,0.0,0.0,1245.0
48435,Sutton,0,07,0.0,0.0,0.0,0.0,0.0,3372.0
48437,Swisher,0,06,0.0,0.0,0.0,0.0,1.0,6971.0
48439,Tarrant,1,01,75.0,75.0,9.0,0.0,353.0,25922.0
48441,Taylor,1,03,12.0,12.0,0.0,0.0,27.0,25070.0
48443,Terrell,0,09,0.0,0.0,0.0,0.0,0.0,760.0
48445,Terry,0,06,0.0,0.0,0.0,0.0,1.0,3567.0
48447,Throckmorton,0,09,0.0,0.0,0.0,0.0,0.0,1440.0
48449,Titus,2,07,0.0,0.0,0.0,0.0,4.0,15828.0
48451,Tom Green,1,03,5.0,5.0,0.0,0.0,16.0,20021.0
48453,Travis,1,01,107.0,106.0,3.0,0.0,233.0,65937.0
48455,Trinity,0,07,0.0,0.0,0.0,0.0,0.0,13602.0
48457,Tyler,0,06,0.0,0.0,0.0,0.0,0.0,19798.0
48459,Upshur,1,03,0.0,0.0,0.0,0.0,3.0,32996.0
48461,Upton,0,08,0.0,0.0,0.0,0.0,0.0,3308.0
48463,Uvalde,2,06,1.0,1.0,0.0,0.0,8.0,8638.0
48465,Val Verde,2,05,1.0,1.0,0.0,0.0,7.0,4906.0
48467,Van Zandt,0,06,0.0,0.0,0.0,0.0,3.0,59541.0
48469,Victoria,1,03,4.0,4.0,1.0,0.0,24.0,25333.0
48471,Walker,2,04,1.0,1.0,0.0,0.0,5.0,32985.0
48473,Waller,1,01,0.0,0.0,0.0,0.0,2.0,43936.0
48475,Ward,0,06,0.0,0.0,0.0,0.0,0.0,2482.0
48477,Washington,2,06,3.0,3.0,0.0,0.0,5.0,18410.0
48479,Webb,1,02,7.0,7.0,1.0,0.0,20.0,15652.0
48481,Wharton,2,04,1.0,1.0,0.0,0.0,6.0,19758.0
48483,Wheeler,0,09,0.0,0.0,0.0,0.0,0.0,4990.0
48485,Wichita,1,03,6.0,6.0,0.0,0.0,23.0,16490.0
48487,Wilbarger,2,06,0.0,0.0,0.0,0.0,1.0,3363.0
48489,Willacy,2,06,0.0,0.0,0.0,0.0,0.0,7178.0
48491,Williamson,1,01,22.0,22.0,2.0,0.0,116.0,55741.0
48493,Wilson,1,01,0.0,0.0,0.0,0.0,1.0,43440.0
48495,Winkler,0,06,0.0,0.0,0.0,0.0,1.0,1410.0
48497,Wise,1,01,0.0,0.0,0.0,0.0,8.0,62117.0
48499,Wood,0,06,0.0,0.0,0.0,0.0,3.0,39144.0
48501,Yoakum,0,07,0.0,0.0,0.0,0.0,0.0,7694.0
48503,Young,0,07,0.0,0.0,0.0,0.0,4.0,9282.0
48505,Zapata,2,06,0.0,0.0,0.0,0.0,0.0,2947.0
48507,Zavala,0,07,0.0,0.0,0.0,0.0,0.0,2961.0
49001,Beaver,0,07,0.0,0.0,0.0,0.0,1.0,7072.0
49003,Box Elder,1,02,0.0,0.0,0.0,0.0,12.0,18302.0
49005,Cache,1,03,7.0,7.0,0.0,0.0,12.0,19227.0
49007,Carbon,2,07,1.0,1.0,0.0,0.0,4.0,7066.0
49009,Daggett,0,09,0.0,0.0,0.0,0.0,0.0,935.0
49011,Davis,1,02,20.0,20.0,0.0,0.0,42.0,3034.0
49013,Duchesne,0,07,1.0,1.0,0.0,0.0,4.0,13335.0
49015,Emery,0,07,0.0,0.0,0.0,0.0,1.0,9825.0
49017,Garfield,0,09,0.0,0.0,0.0,0.0,1.0,5083.0
49019,Grand,0,07,0.0,0.0,0.0,0.0,1.0,1736.0
49021,Iron,2,04,2.0,2.0,0.0,0.0,6.0,16390.0
49023,Juab,1,02,0.0,0.0,0.0,0.0,1.0,5456.0
49025,Kane,0,06,0.0,0.0,0.0,0.0,1.0,7667.0
49027,Millard,0,07,0.0,0.0,0.0,0.0,1.0,12975.0
49029,Morgan,1,02,2.0,2.0,0.0,0.0,0.0,12295.0
49031,Piute,0,09,0.0,0.0,0.0,0.0,0.0,1438.0
49033,Rich,0,08,0.0,0.0,0.0,0.0,0.0,2510.0
49035,Salt Lake,1,01,111.0,110.0,19.0,0.0,167.0,8195.0
49037,San Juan,0,07,1.0,1.0,1.0,0.0,2.0,14518.0
49039,Sanpete,0,06,0.0,0.0,0.0,0.0,2.0,23388.0
49041,Sevier,0,07,1.0,1.0,0.0,0.0,5.0,13129.0
49043,Summit,2,04,3.0,2.0,0.0,0.0,6.0,18909.0
49045,Tooele,1,01,1.0,1.0,0.0,0.0,7.0,14356.0
49047,Uintah,2,07,0.0,0.0,0.0,0.0,4.0,15945.0
49049,Utah,1,02,33.0,33.0,4.0,0.0,80.0,27887.0
49051,Wasatch,2,06,1.0,1.0,0.0,0.0,5.0,9692.0
49053,Washington,1,03,14.0,13.0,1.0,1.0,29.0,26800.0
49055,Wayne,0,09,0.0,0.0,0.0,0.0,0.0,2486.0
49057,Weber,1,02,7.0,7.0,0.0,0.0,29.0,14662.0
50001,Addison,0,06,1.0,1.0,0.0,0.0,8.0,31209.0
50003,Bennington,2,06,1.0,1.0,0.0,0.0,4.0,23588.0
50005,Caledonia,0,07,0.0,0.0,0.0,0.0,10.0,25350.0
50007,Chittenden,1,03,22.0,22.0,1.0,0.0,42.0,43874.0
50009,Essex,0,09,0.0,0.0,0.0,0.0,0.0,5920.0
50011,Franklin,1,03,2.0,2.0,0.0,0.0,4.0,38578.0
50013,Grand Isle,1,03,0.0,0.0,0.0,0.0,0.0,7293.0
50015,Lamoille,0,08,0.0,0.0,0.0,0.0,4.0,25945.0
50017,Orange,2,09,1.0,1.0,0.0,0.0,2.0,29277.0
50019,Orleans,0,07,1.0,1.0,0.0,0.0,3.0,27393.0
50021,Rutland,2,04,4.0,4.0,0.0,0.0,10.0,41022.0
50023,Washington,2,04,3.0,3.0,0.0,0.0,11.0,39793.0
50025,Windham,0,07,2.0,2.0,0.0,0.0,8.0,32566.0
50027,Windsor,2,07,1.0,1.0,0.0,0.0,23.0,45419.0
51001,Accomack,0,08,0.0,0.0,0.0,0.0,2.0,30190.0
51003,Albemarle,1,03,23.0,22.0,1.0,1.0,18.0,45379.0
51005,Alleghany,0,06,0.0,0.0,0.0,0.0,0.0,8089.0
51007,Amelia,1,01,0.0,0.0,0.0,0.0,1.0,13265.0
51009,Amherst,1,02,0.0,0.0,0.0,0.0,4.0,19525.0
51011,Appomattox,1,02,0.0,0.0,0.0,0.0,1.0,16119.0
51013,Arlington,1,01,17.0,16.0,4.0,0.0,36.0,0.0
51015,Augusta,1,03,3.0,3.0,0.0,0.0,3.0,65294.0
51017,Bath,0,08,0.0,0.0,0.0,0.0,0.0,4209.0
51019,Bedford,1,02,6.0,6.0,1.0,0.0,11.0,56207.0
51021,Bland,2,08,0.0,0.0,0.0,0.0,0.0,6270.0
51023,Botetourt,1,02,0.0,0.0,0.0,0.0,0.0,19969.0
51025,Brunswick,0,06,0.0,0.0,0.0,0.0,0.0,15849.0
51027,Buchanan,0,09,0.0,0.0,0.0,0.0,2.0,20355.0
51029,Buckingham,0,03,0.0,0.0,0.0,0.0,0.0,16824.0
51031,Campbell,1,02,0.0,0.0,0.0,0.0,1.0,31666.0
51033,Caroline,0,01,0.0,0.0,0.0,0.0,0.0,30887.0
51035,Carroll,0,07,0.0,0.0,0.0,0.0,6.0,28463.0
51036,Charles City,1,01,0.0,0.0,0.0,0.0,0.0,6773.0
51037,Charlotte,0,08,0.0,0.0,0.0,0.0,0.0,11529.0
51041,Chesterfield,1,01,10.0,10.0,0.0,0.0,50.0,29277.0
51043,Clarke,1,01,0.0,0.0,0.0,0.0,1.0,14783.0
51045,Craig,1,02,0.0,0.0,0.0,0.0,0.0,4892.0
51047,Culpeper,1,01,1.0,1.0,0.0,0.0,7.0,29989.0
51049,Cumberland,0,08,1.0,1.0,0.0,0.0,0.0,9027.0
51051,Dickenson,0,09,0.0,0.0,0.0,0.0,0.0,14124.0
51053,Dinwiddie,1,01,0.0,0.0,0.0,0.0,0.0,20028.0
51057,Essex,0,06,0.0,0.0,0.0,0.0,4.0,10599.0
51059,Fairfax,1,01,111.0,111.0,4.0,0.0,287.0,17735.0
51061,Fauquier,1,01,5.0,5.0,0.0,0.0,9.0,41927.0
51063,Floyd,0,03,0.0,0.0,0.0,0.0,1.0,15476.0
51065,Fluvanna,1,03,0.0,0.0,0.0,0.0,2.0,17424.0
51067,Franklin,1,02,0.0,0.0,0.0,0.0,3.0,49066.0
51069,Frederick,1,03,2.0,2.0,0.0,0.0,3.0,36028.0
51071,Giles,1,03,0.0,0.0,0.0,0.0,4.0,16787.0
51073,Gloucester,1,01,2.0,2.0,0.0,0.0,6.0,28093.0
51075,Goochland,1,01,1.0,1.0,0.0,0.0,1.0,22929.0
51077,Grayson,0,09,0.0,0.0,0.0,0.0,0.0,15316.0
51079,Greene,1,03,0.0,0.0,0.0,0.0,0.0,20552.0
51081,Greensville,0,06,0.0,0.0,0.0,0.0,0.0,9999.0
51083,Halifax,0,06,1.0,1.0,0.0,0.0,5.0,26609.0
51085,Hanover,1,01,2.0,2.0,0.0,0.0,14.0,40700.0
51087,Henrico,1,01,28.0,28.0,1.0,0.0,68.0,12353.0
51089,Henry,2,04,0.0,0.0,0.0,0.0,18.0,33149.0
51091,Highland,0,08,0.0,0.0,0.0,0.0,0.0,2232.0
51093,Isle of Wight,1,01,0.0,0.0,0.0,0.0,0.0,22567.0
51095,James City,1,01,10.0,10.0,0.0,0.0,18.0,11082.0
51097,King and Queen,1,08,0.0,0.0,0.0,0.0,1.0,6608.0
51099,King George,0,06,0.0,0.0,0.0,0.0,1.0,26723.0
51101,King William,1,01,0.0,0.0,0.0,0.0,0.0,17810.0
51103,Lancaster,0,09,0.0,0.0,0.0,0.0,1.0,10919.0
51105,Lee,0,08,0.0,0.0,0.0,0.0,0.0,22173.0
51107,Loudoun,1,01,16.0,16.0,1.0,0.0,77.0,50290.0
51109,Louisa,0,08,0.0,0.0,0.0,0.0,2.0,37596.0
51111,Lunenburg,0,09,0.0,0.0,0.0,0.0,0.0,11936.0
51113,Madison,1,08,0.0,0.0,0.0,0.0,0.0,13837.0
51115,Mathews,1,01,0.0,0.0,0.0,0.0,1.0,8533.0
51117,Mecklenburg,0,07,0.0,0.0,0.0,0.0,2.0,25243.0
51119,Middlesex,0,08,0.0,0.0,0.0,0.0,0.0,10625.0
51121,Montgomery,1,03,2.0,2.0,0.0,0.0,9.0,26012.0
51125,Nelson,1,03,0.0,0.0,0.0,0.0,2.0,14775.0
51127,New Kent,1,01,0.0,0.0,0.0,0.0,0.0,22945.0
51131,Northampton,0,08,1.0,1.0,0.0,0.0,1.0,12282.0
51133,Northumberland,0,09,0.0,0.0,0.0,0.0,0.0,11839.0
51135,Nottoway,0,06,0.0,0.0,0.0,0.0,1.0,15642.0
51137,Orange,0,06,0.0,0.0,0.0,0.0,3.0,20550.0
51139,Page,0,06,0.0,0.0,0.0,0.0,1.0,18967.0
51141,Patrick,0,08,0.0,0.0,0.0,0.0,2.0,17608.0
51143,Pittsylvania,2,04,0.0,0.0,0.0,0.0,3.0,53883.0
51145,Powhatan,1,01,0.0,0.0,0.0,0.0,1.0,29754.0
51147,Prince Edward,0,06,1.0,1.0,0.0,0.0,4.0,14581.0
51149,Prince George,1,01,1.0,1.0,0.0,0.0,6.0,21099.0
51153,Prince William,1,01,9.0,9.0,1.0,0.0,64.0,22157.0
51155,Pulaski,1,03,1.0,1.0,0.0,0.0,2.0,14396.0
51157,Rappahannock,1,01,0.0,0.0,0.0,0.0,0.0,7348.0
51159,Richmond,0,09,0.0,0.0,0.0,0.0,0.0,8923.0
51161,Roanoke,1,02,16.0,16.0,2.0,0.0,11.0,18814.0
51163,Rockbridge,0,06,1.0,1.0,0.0,0.0,0.0,20403.0
51165,Rockingham,1,03,1.0,1.0,0.0,0.0,2.0,49652.0
51167,Russell,0,07,0.0,0.0,0.0,0.0,2.0,25623.0
51169,Scott,1,02,0.0,0.0,0.0,0.0,1.0,21211.0
51171,Shenandoah,0,06,0.0,0.0,0.0,0.0,0.0,30762.0
51173,Smyth,0,07,1.0,1.0,0.0,0.0,8.0,22519.0
51175,Southampton,1,06,0.0,0.0,0.0,0.0,0.0,17680.0
51177,Spotsylvania,1,01,4.0,4.0,0.0,0.0,18.0,44867.0
51179,Stafford,1,01,2.0,2.0,0.0,0.0,21.0,29262.0
51181,Surry,0,08,0.0,0.0,0.0,0.0,0.0,6561.0
51183,Sussex,1,01,0.0,0.0,0.0,0.0,0.0,10829.0
51185,Tazewell,2,05,0.0,0.0,0.0,0.0,7.0,21142.0
51187,Warren,1,01,0.0,0.0,0.0,0.0,5.0,24534.0
51191,Washington,1,02,1.0,1.0,0.0,0.0,9.0,37309.0
51193,Westmoreland,0,06,0.0,0.0,0.0,0.0,0.0,14502.0
51195,Wise,2,07,0.0,0.0,0.0,0.0,3.0,23624.0
51197,Wythe,0,06,0.0,0.0,0.0,0.0,8.0,21136.0
51199,York,1,01,3.0,3.0,0.0,0.0,7.0,4948.0
51510,Alexandria City,1,01,9.0,8.0,0.0,1.0,19.0,0.0
51515,Bedford City,,02,,,,,,
51520,Bristol City,1,02,0.0,0.0,0.0,0.0,7.0,176.0
51530,Buena Vista City,0,06,0.0,0.0,0.0,0.0,0.0,145.0
51540,Charlottesville City,1,03,29.0,28.0,12.0,1.0,17.0,0.0
51550,Chesapeake City,1,01,8.0,8.0,0.0,0.0,45.0,19286.0
51560,Clifton Forge City,,,,,,,,
51570,Colonial Heights City,1,01,1.0,1.0,0.0,0.0,9.0,0.0
51580,Covington City,0,06,0.0,0.0,0.0,0.0,0.0,37.0
51590,Danville City,2,04,1.0,1.0,0.0,0.0,9.0,1374.0
51595,Emporia City,0,06,0.0,0.0,0.0,0.0,2.0,287.0
51600,Fairfax City,1,01,0.0,0.0,0.0,0.0,0.0,0.0
51610,Falls Church City,1,01,7.0,7.0,1.0,0.0,8.0,0.0
51620,Franklin City,1,06,1.0,1.0,0.0,0.0,4.0,323.0
51630,Fredericksburg City,1,01,2.0,2.0,0.0,0.0,9.0,0.0
51640,Galax City,0,07,0.0,0.0,0.0,0.0,8.0,662.0
51650,Hampton City,1,01,1.0,1.0,0.0,0.0,29.0,433.0
51660,Harrisonburg City,1,03,4.0,4.0,0.0,0.0,13.0,322.0
51670,Hopewell City,1,01,0.0,0.0,0.0,0.0,4.0,8.0
51678,Lexington City,0,06,0.0,0.0,0.0,0.0,4.0,0.0
51680,Lynchburg City,1,02,8.0,8.0,0.0,0.0,16.0,1277.0
51683,Manassas City,1,01,2.0,2.0,0.0,0.0,11.0,0.0
51685,Manassas Park City,1,01,0.0,0.0,0.0,0.0,0.0,0.0
51690,Martinsville City,2,04,0.0,0.0,0.0,0.0,0.0,11.0
51700,Newport News City,1,01,9.0,9.0,1.0,0.0,27.0,696.0
51710,Norfolk City,1,01,30.0,29.0,11.0,1.0,39.0,0.0
51720,Norton City,2,07,1.0,1.0,0.0,0.0,2.0,365.0
51730,Petersburg City,1,01,0.0,0.0,0.0,0.0,4.0,906.0
51735,Poquoson City,1,01,0.0,0.0,0.0,0.0,0.0,1107.0
51740,Portsmouth City,1,01,6.0,6.0,1.0,0.0,17.0,0.0
51750,Radford City,1,03,0.0,0.0,0.0,0.0,2.0,674.0
51760,Richmond City,1,01,35.0,35.0,9.0,0.0,38.0,0.0
51770,Roanoke City,1,02,7.0,7.0,0.0,0.0,23.0,4.0
51775,Salem City,1,02,4.0,4.0,0.0,0.0,20.0,0.0
51790,Staunton City,1,03,3.0,3.0,0.0,0.0,4.0,552.0
51800,Suffolk City,1,01,3.0,3.0,0.0,0.0,12.0,25520.0
51810,Virginia Beach City,1,01,21.0,20.0,2.0,1.0,79.0,8338.0
51820,Waynesboro City,1,03,0.0,0.0,0.0,0.0,4.0,522.0
51830,Williamsburg City,1,01,0.0,0.0,0.0,0.0,0.0,18.0
51840,Winchester City,1,03,10.0,10.0,0.0,0.0,18.0,0.0
53001,Adams,2,06,0.0,0.0,0.0,0.0,5.0,9748.0
53003,Asotin,1,03,1.0,1.0,0.0,0.0,4.0,1618.0
53005,Benton,1,02,6.0,6.0,0.0,0.0,59.0,25122.0
53007,Chelan,1,03,4.0,4.0,0.0,0.0,17.0,26592.0
53009,Clallam,2,05,3.0,3.0,0.0,0.0,19.0,27846.0
53011,Clark,1,01,23.0,21.0,0.0,1.0,91.0,67852.0
53013,Columbia,0,03,0.0,0.0,0.0,0.0,0.0,3952.0
53015,Cowlitz,1,03,3.0,3.0,0.0,0.0,15.0,36515.0
53017,Douglas,1,03,2.0,2.0,1.0,0.0,4.0,10898.0
53019,Ferry,0,09,0.0,0.0,0.0,0.0,1.0,7178.0
53021,Franklin,1,02,1.0,1.0,0.0,0.0,11.0,11073.0
53023,Garfield,0,08,0.0,0.0,0.0,0.0,0.0,2286.0
53025,Grant,2,05,1.0,1.0,0.0,0.0,14.0,44476.0
53027,Grays Harbor,2,04,2.0,2.0,0.0,0.0,11.0,29585.0
53029,Island,2,04,3.0,3.0,0.0,0.0,9.0,41501.0
53031,Jefferson,0,06,0.0,0.0,0.0,0.0,4.0,17563.0
53033,King,1,01,187.0,180.0,29.0,5.0,513.0,74771.0
53035,Kitsap,1,02,22.0,21.0,1.0,1.0,50.0,48428.0
53037,Kittitas,2,04,0.0,0.0,0.0,0.0,10.0,18973.0
53039,Klickitat,0,06,0.0,0.0,0.0,0.0,3.0,18122.0
53041,Lewis,2,04,8.0,8.0,0.0,0.0,15.0,49436.0
53043,Lincoln,0,08,0.0,0.0,0.0,0.0,1.0,10876.0
53045,Mason,2,04,1.0,1.0,0.0,0.0,4.0,45678.0
53047,Okanogan,0,06,1.0,1.0,0.0,0.0,6.0,33939.0
53049,Pacific,0,07,0.0,0.0,0.0,0.0,3.0,14702.0
53051,Pend Oreille,0,02,0.0,0.0,0.0,0.0,1.0,13401.0
53053,Pierce,1,01,43.0,43.0,4.0,0.0,176.0,62468.0
53055,San Juan,0,09,2.0,2.0,0.0,0.0,1.0,14246.0
53057,Skagit,1,03,7.0,7.0,0.0,0.0,22.0,44169.0
53059,Skamania,1,01,0.0,0.0,0.0,0.0,2.0,12036.0
53061,Snohomish,1,01,25.0,25.0,2.0,0.0,143.0,97666.0
53063,Spokane,1,02,35.0,34.0,1.0,0.0,125.0,78884.0
53065,Stevens,1,02,2.0,2.0,0.0,0.0,7.0,41387.0
53067,Thurston,1,02,10.0,10.0,0.0,0.0,62.0,62903.0
53069,Wahkiakum,0,08,0.0,0.0,0.0,0.0,0.0,4422.0
53071,Walla Walla,1,03,5.0,5.0,0.0,0.0,29.0,12675.0
53073,Whatcom,1,03,12.0,11.0,0.0,0.0,51.0,64849.0
53075,Whitman,2,04,1.0,1.0,1.0,0.0,8.0,15282.0
53077,Yakima,1,03,4.0,4.0,0.0,0.0,48.0,78128.0
54001,Barbour,0,06,0.0,0.0,0.0,0.0,1.0,15465.0
54003,Berkeley,1,02,1.0,1.0,0.0,0.0,8.0,39584.0
54005,Boone,1,03,0.0,0.0,0.0,0.0,2.0,21809.0
54007,Braxton,0,08,0.0,0.0,0.0,0.0,0.0,12447.0
54009,Brooke,1,03,0.0,0.0,0.0,0.0,1.0,9391.0
54011,Cabell,1,02,13.0,12.0,1.0,0.0,16.0,20784.0
54013,Calhoun,0,08,0.0,0.0,0.0,0.0,0.0,6229.0
54015,Clay,1,03,0.0,0.0,0.0,0.0,0.0,8051.0
54017,Doddridge,2,09,0.0,0.0,0.0,0.0,0.0,7808.0
54019,Fayette,1,03,1.0,1.0,0.0,0.0,6.0,25488.0
54021,Gilmer,0,07,0.0,0.0,0.0,0.0,1.0,7408.0
54023,Grant,0,07,0.0,0.0,0.0,0.0,1.0,10976.0
54025,Greenbrier,0,06,3.0,3.0,0.0,0.0,9.0,25750.0
54027,Hampshire,1,03,0.0,0.0,0.0,0.0,0.0,23093.0
54029,Hancock,1,03,2.0,2.0,0.0,0.0,6.0,9578.0
54031,Hardy,0,06,0.0,0.0,0.0,0.0,2.0,14299.0
54033,Harrison,2,05,4.0,4.0,0.0,0.0,25.0,29187.0
54035,Jackson,1,06,1.0,1.0,1.0,0.0,7.0,27791.0
54037,Jefferson,1,01,0.0,0.0,0.0,0.0,4.0,35601.0
54039,Kanawha,1,03,25.0,25.0,1.0,0.0,36.0,53097.0
54041,Lewis,0,07,0.0,0.0,0.0,0.0,3.0,12603.0
54043,Lincoln,1,02,0.0,0.0,0.0,0.0,0.0,20463.0
54045,Logan,2,06,1.0,1.0,0.0,0.0,5.0,23746.0
54047,McDowell,0,07,0.0,0.0,0.0,0.0,0.0,19111.0
54049,Marion,2,04,0.0,0.0,0.0,0.0,9.0,24438.0
54051,Marshall,1,03,1.0,1.0,0.0,0.0,7.0,14970.0
54053,Mason,2,06,0.0,0.0,0.0,0.0,0.0,17491.0
54055,Mercer,2,04,4.0,4.0,0.0,0.0,14.0,24947.0
54057,Mineral,1,03,0.0,0.0,0.0,0.0,2.0,18648.0
54059,Mingo,0,07,0.0,0.0,0.0,0.0,1.0,23568.0
54061,Monongalia,1,03,45.0,45.0,20.0,0.0,17.0,28202.0
54063,Monroe,0,08,0.0,0.0,0.0,0.0,0.0,12376.0
54065,Morgan,1,08,0.0,0.0,0.0,0.0,0.0,17063.0
54067,Nicholas,0,06,0.0,0.0,0.0,0.0,3.0,24604.0
54069,Ohio,1,03,2.0,2.0,0.0,0.0,6.0,13990.0
54071,Pendleton,0,08,0.0,0.0,0.0,0.0,1.0,6143.0
54073,Pleasants,0,06,0.0,0.0,0.0,0.0,1.0,7653.0
54075,Pocahontas,0,09,0.0,0.0,0.0,0.0,0.0,7869.0
54077,Preston,1,03,0.0,0.0,0.0,0.0,0.0,34216.0
54079,Putnam,1,02,2.0,2.0,0.0,0.0,6.0,19495.0
54081,Raleigh,1,03,1.0,1.0,0.0,0.0,10.0,32123.0
54083,Randolph,2,07,1.0,1.0,0.0,0.0,9.0,16823.0
54085,Ritchie,0,08,0.0,0.0,0.0,0.0,0.0,8444.0
54087,Roane,0,06,0.0,0.0,0.0,0.0,2.0,14028.0
54089,Summers,0,06,0.0,0.0,0.0,0.0,0.0,11959.0
54091,Taylor,2,06,0.0,0.0,0.0,0.0,1.0,11445.0
54093,Tucker,0,08,0.0,0.0,0.0,0.0,0.0,6762.0
54095,Tyler,0,09,0.0,0.0,0.0,0.0,2.0,8313.0
54097,Upshur,0,07,0.0,0.0,0.0,0.0,4.0,15269.0
54099,Wayne,1,02,0.0,0.0,0.0,0.0,15.0,23319.0
54101,Webster,0,09,0.0,0.0,0.0,0.0,0.0,8378.0
54103,Wetzel,0,06,0.0,0.0,0.0,0.0,5.0,9013.0
54105,Wirt,1,03,0.0,0.0,0.0,0.0,0.0,5194.0
54107,Wood,1,03,5.0,5.0,0.0,0.0,23.0,24975.0
54109,Wyoming,0,06,0.0,0.0,0.0,0.0,3.0,21382.0
55001,Adams,0,08,0.0,0.0,0.0,0.0,1.0,20654.0
55003,Ashland,0,07,2.0,2.0,0.0,0.0,3.0,8802.0
55005,Barron,0,06,2.0,2.0,0.0,0.0,14.0,36555.0
55007,Bayfield,0,08,1.0,1.0,0.0,0.0,0.0,16220.0
55009,Brown,1,02,24.0,24.0,0.0,0.0,50.0,44584.0
55011,Buffalo,0,08,0.0,0.0,0.0,0.0,0.0,13317.0
55013,Burnett,0,08,0.0,0.0,0.0,0.0,2.0,16526.0
55015,Calumet,1,03,0.0,0.0,0.0,0.0,4.0,27600.0
55017,Chippewa,1,03,3.0,3.0,0.0,0.0,8.0,41450.0
55019,Clark,0,06,0.0,0.0,0.0,0.0,4.0,34659.0
55021,Columbia,1,02,2.0,2.0,0.0,0.0,9.0,38745.0
55023,Crawford,0,07,0.0,0.0,0.0,0.0,3.0,10152.0
55025,Dane,1,02,77.0,67.0,14.0,3.0,118.0,76235.0
55027,Dodge,2,04,6.0,6.0,1.0,0.0,14.0,49066.0
55029,Door,0,06,0.0,0.0,0.0,0.0,6.0,20637.0
55031,Douglas,1,02,1.0,1.0,0.0,0.0,2.0,17104.0
55033,Dunn,2,06,0.0,0.0,0.0,0.0,6.0,28418.0
55035,Eau Claire,1,03,13.0,13.0,1.0,0.0,26.0,25082.0
55037,Florence,2,09,0.0,0.0,0.0,0.0,0.0,4558.0
55039,Fond du Lac,1,03,3.0,3.0,0.0,0.0,24.0,37763.0
55041,Forest,0,09,0.0,0.0,0.0,0.0,4.0,9179.0
55043,Grant,2,06,0.0,0.0,0.0,0.0,5.0,40100.0
55045,Green,1,02,3.0,3.0,0.0,0.0,8.0,26368.0
55047,Green Lake,0,06,0.0,0.0,0.0,0.0,2.0,13816.0
55049,Iowa,1,02,0.0,0.0,0.0,0.0,4.0,18811.0
55051,Iron,0,09,0.0,0.0,0.0,0.0,0.0,4121.0
55053,Jackson,0,06,0.0,0.0,0.0,0.0,7.0,16730.0
55055,Jefferson,2,04,1.0,1.0,0.0,0.0,15.0,37781.0
55057,Juneau,0,07,0.0,0.0,0.0,0.0,1.0,26718.0
55059,Kenosha,1,01,4.0,4.0,0.0,0.0,22.0,22130.0
55061,Kewaunee,1,02,0.0,0.0,0.0,0.0,3.0,20563.0
55063,La Crosse,1,03,18.0,17.0,1.0,0.0,40.0,21873.0
55065,Lafayette,0,08,0.0,0.0,0.0,0.0,1.0,16611.0
55067,Langlade,0,06,0.0,0.0,0.0,0.0,1.0,11420.0
55069,Lincoln,1,06,1.0,1.0,0.0,0.0,7.0,18896.0
55071,Manitowoc,2,04,2.0,2.0,0.0,0.0,10.0,34801.0
55073,Marathon,1,03,10.0,10.0,0.0,0.0,34.0,59882.0
55075,Marinette,2,06,0.0,0.0,0.0,0.0,5.0,25442.0
55077,Marquette,0,08,0.0,0.0,0.0,0.0,0.0,15592.0
55078,Menominee,2,08,0.0,0.0,0.0,0.0,2.0,4255.0
55079,Milwaukee,1,01,67.0,66.0,13.0,0.0,107.0,2602.0
55081,Monroe,0,06,1.0,1.0,0.0,0.0,10.0,26271.0
55083,Oconto,1,02,0.0,0.0,0.0,0.0,4.0,38965.0
55085,Oneida,0,07,3.0,3.0,0.0,0.0,8.0,28107.0
55087,Outagamie,1,03,11.0,11.0,0.0,0.0,48.0,48426.0
55089,Ozaukee,1,01,8.0,8.0,0.0,0.0,26.0,22246.0
55091,Pepin,0,08,0.0,0.0,0.0,0.0,1.0,7318.0
55093,Pierce,1,01,1.0,1.0,0.0,0.0,8.0,29529.0
55095,Polk,0,06,0.0,0.0,0.0,0.0,8.0,44977.0
55097,Portage,2,04,2.0,2.0,0.0,0.0,11.0,25762.0
55099,Price,0,09,0.0,0.0,0.0,0.0,2.0,14054.0
55101,Racine,1,03,5.0,5.0,0.0,0.0,26.0,28368.0
55103,Richland,0,06,0.0,0.0,0.0,0.0,8.0,12380.0
55105,Rock,1,03,9.0,9.0,0.0,0.0,24.0,32801.0
55107,Rusk,0,06,0.0,0.0,0.0,0.0,1.0,14188.0
55109,St. Croix,1,01,2.0,2.0,0.0,0.0,10.0,59852.0
55111,Sauk,2,04,0.0,0.0,0.0,0.0,16.0,29399.0
55113,Sawyer,0,07,0.0,0.0,0.0,0.0,3.0,18074.0
55115,Shawano,2,06,0.0,0.0,0.0,0.0,6.0,28652.0
55117,Sheboygan,1,03,4.0,4.0,0.0,0.0,26.0,34654.0
55119,Taylor,0,06,0.0,0.0,0.0,0.0,5.0,15799.0
55121,Trempealeau,0,06,0.0,0.0,0.0,0.0,3.0,30760.0
55123,Vernon,0,06,0.0,0.0,0.0,0.0,6.0,26670.0
55125,Vilas,0,09,1.0,1.0,0.0,0.0,6.0,23047.0
55127,Walworth,2,04,1.0,1.0,0.0,0.0,12.0,39296.0
55129,Washburn,0,07,0.0,0.0,0.0,0.0,3.0,16623.0
55131,Washington,1,01,3.0,3.0,0.0,0.0,21.0,52460.0
55133,Waukesha,1,01,28.0,27.0,1.0,0.0,104.0,61892.0
55135,Waupaca,0,06,0.0,0.0,0.0,0.0,9.0,32974.0
55137,Waushara,0,06,0.0,0.0,0.0,0.0,1.0,24433.0
55139,Winnebago,1,03,4.0,4.0,0.0,0.0,33.0,29905.0
55141,Wood,2,04,8.0,8.0,0.0,0.0,21.0,26327.0
56001,Albany,2,04,1.0,1.0,0.0,0.0,9.0,4805.0
56003,Big Horn,0,09,0.0,0.0,0.0,0.0,1.0,11521.0
56005,Campbell,2,05,0.0,0.0,0.0,0.0,13.0,12604.0
56007,Carbon,0,07,0.0,0.0,0.0,0.0,1.0,6837.0
56009,Converse,0,06,0.0,0.0,0.0,0.0,1.0,7253.0
56011,Crook,2,09,0.0,0.0,0.0,0.0,0.0,7181.0
56013,Fremont,2,07,0.0,0.0,0.0,0.0,13.0,21023.0
56015,Goshen,0,07,0.0,0.0,0.0,0.0,4.0,6062.0
56017,Hot Springs,0,07,0.0,0.0,0.0,0.0,2.0,4621.0
56019,Johnson,0,07,0.0,0.0,0.0,0.0,1.0,3931.0
56021,Laramie,1,03,2.0,2.0,0.0,0.0,24.0,21262.0
56023,Lincoln,0,07,0.0,0.0,0.0,0.0,5.0,19581.0
56025,Natrona,1,03,2.0,2.0,0.0,0.0,21.0,12204.0
56027,Niobrara,0,09,0.0,0.0,0.0,0.0,0.0,2467.0
56029,Park,0,07,2.0,2.0,1.0,0.0,12.0,13140.0
56031,Platte,0,07,0.0,0.0,0.0,0.0,2.0,8605.0
56033,Sheridan,2,07,2.0,2.0,0.0,0.0,9.0,11491.0
56035,Sublette,0,09,0.0,0.0,0.0,0.0,1.0,8728.0
56037,Sweetwater,2,05,0.0,0.0,0.0,0.0,13.0,4546.0
56039,Teton,2,07,1.0,1.0,0.0,0.0,2.0,12571.0
56041,Uinta,2,07,0.0,0.0,0.0,0.0,7.0,9034.0
56043,Washakie,0,07,0.0,0.0,0.0,0.0,6.0,2796.0
56045,Weston,2,07,0.0,0.0,0.0,0.0,1.0,6838.0
66010,Guam,,,2.0,2.0,0.0,0.0,13.0,
72001,Adjuntas,1,06,0.0,0.0,0.0,0.0,0.0,9965.0
72003,Aguada,1,02,0.0,0.0,0.0,0.0,4.0,227.0
72005,Aguadilla,1,02,5.0,5.0,1.0,0.0,9.0,126.0
72007,Aguas Buenas,1,01,0.0,0.0,0.0,0.0,2.0,2896.0
72009,Aibonito,1,01,1.0,1.0,0.0,0.0,3.0,4449.0
72011,Anasco,1,02,0.0,0.0,0.0,0.0,2.0,3727.0
72013,Arecibo,1,03,4.0,4.0,0.0,0.0,10.0,9075.0
72015,Arroyo,1,03,0.0,0.0,0.0,0.0,0.0,528.0
72017,Barceloneta,1,01,0.0,0.0,0.0,0.0,1.0,1312.0
72019,Barranquitas,1,01,0.0,0.0,0.0,0.0,2.0,1465.0
72021,Bayamon,1,01,15.0,15.0,1.0,0.0,55.0,0.0
72023,Cabo Rojo,1,03,3.0,3.0,0.0,0.0,5.0,1914.0
72025,Caguas,1,01,6.0,6.0,1.0,0.0,28.0,1464.0
72027,Camuy,1,03,0.0,0.0,0.0,0.0,2.0,6162.0
72029,Canovanas,1,01,0.0,0.0,0.0,0.0,4.0,1504.0
72031,Carolina,1,01,5.0,5.0,0.0,0.0,26.0,392.0
72033,Catano,1,01,0.0,0.0,0.0,0.0,1.0,10.0
72035,Cayey,1,01,1.0,1.0,0.0,0.0,7.0,4982.0
72037,Ceiba,1,01,0.0,0.0,0.0,0.0,0.0,678.0
72039,Ciales,1,01,0.0,0.0,0.0,0.0,4.0,6675.0
72041,Cidra,1,01,0.0,0.0,0.0,0.0,5.0,798.0
72043,Coamo,2,04,0.0,0.0,0.0,0.0,1.0,10673.0
72045,Comerio,1,01,0.0,0.0,0.0,0.0,1.0,2936.0
72047,Corozal,1,01,1.0,1.0,0.0,0.0,3.0,2137.0
72049,Culebra,0,09,0.0,0.0,0.0,0.0,0.0,1792.0
72051,Dorado,1,01,5.0,5.0,0.0,0.0,5.0,615.0
72053,Fajardo,1,01,2.0,2.0,0.0,0.0,6.0,1922.0
72054,Florida,1,01,0.0,0.0,0.0,0.0,0.0,2356.0
72055,Guanica,1,02,0.0,0.0,0.0,0.0,1.0,1942.0
72057,Guayama,1,03,0.0,0.0,0.0,0.0,5.0,5880.0
72059,Guayanilla,1,02,0.0,0.0,0.0,0.0,1.0,3899.0
72061,Guaynabo,1,01,19.0,19.0,5.0,0.0,26.0,0.0
72063,Gurabo,1,01,0.0,0.0,0.0,0.0,5.0,1508.0
72065,Hatillo,1,03,0.0,0.0,0.0,0.0,8.0,4170.0
72067,Hormigueros,1,03,0.0,0.0,0.0,0.0,1.0,235.0
72069,Humacao,1,01,3.0,2.0,1.0,0.0,13.0,300.0
72071,Isabela,1,02,1.0,1.0,0.0,0.0,4.0,2330.0
72073,Jayuya,2,06,0.0,0.0,0.0,0.0,0.0,4792.0
72075,Juana Diaz,1,02,0.0,0.0,0.0,0.0,2.0,4345.0
72077,Juncos,1,01,0.0,0.0,0.0,0.0,3.0,747.0
72079,Lajas,1,03,0.0,0.0,0.0,0.0,2.0,8380.0
72081,Lares,1,02,0.0,0.0,0.0,0.0,0.0,6328.0
72083,Las Marias,1,06,0.0,0.0,0.0,0.0,0.0,8767.0
72085,Las Piedras,1,01,0.0,0.0,0.0,0.0,1.0,606.0
72087,Loiza,1,01,0.0,0.0,0.0,0.0,1.0,1066.0
72089,Luquillo,1,01,0.0,0.0,0.0,0.0,0.0,1741.0
72091,Manati,1,01,4.0,4.0,2.0,0.0,10.0,4237.0
72093,Maricao,0,06,0.0,0.0,0.0,0.0,0.0,4755.0
72095,Maunabo,1,01,0.0,0.0,0.0,0.0,0.0,3529.0
72097,Mayaguez,1,03,13.0,13.0,1.0,0.0,14.0,3097.0
72099,Moca,1,02,1.0,1.0,0.0,0.0,6.0,4038.0
72101,Morovis,1,01,0.0,0.0,0.0,0.0,3.0,3594.0
72103,Naguabo,1,01,0.0,0.0,0.0,0.0,1.0,5922.0
72105,Naranjito,1,01,0.0,0.0,0.0,0.0,5.0,0.0
72107,Orocovis,1,01,0.0,0.0,0.0,0.0,2.0,8466.0
72109,Patillas,1,03,1.0,1.0,0.0,0.0,2.0,4404.0
72111,Penuelas,1,02,0.0,0.0,0.0,0.0,1.0,4934.0
72113,Ponce,1,02,15.0,15.0,3.0,0.0,26.0,8751.0
72115,Quebradillas,1,03,0.0,0.0,0.0,0.0,4.0,2373.0
72117,Rincon,1,02,0.0,0.0,0.0,0.0,1.0,10.0
72119,Rio Grande,1,01,0.0,0.0,0.0,0.0,1.0,2396.0
72121,Sabana Grande,1,03,0.0,0.0,0.0,0.0,1.0,2979.0
72123,Salinas,2,04,0.0,0.0,0.0,0.0,3.0,5466.0
72125,San German,1,03,0.0,0.0,0.0,0.0,10.0,5955.0
72127,San Juan,1,01,70.0,69.0,10.0,0.0,95.0,19.0
72129,San Lorenzo,1,01,0.0,0.0,0.0,0.0,5.0,4876.0
72131,San Sebastian,1,02,0.0,0.0,0.0,0.0,9.0,6985.0
72133,Santa Isabel,2,04,0.0,0.0,0.0,0.0,3.0,3700.0
72135,Toa Alta,1,01,1.0,1.0,0.0,0.0,5.0,733.0
72137,Toa Baja,1,01,2.0,2.0,0.0,0.0,2.0,663.0
72139,Trujillo Alto,1,01,3.0,3.0,1.0,0.0,6.0,16.0
72141,Utuado,1,02,1.0,1.0,1.0,0.0,1.0,15266.0
72143,Vega Alta,1,01,0.0,0.0,0.0,0.0,6.0,1388.0
72145,Vega Baja,1,01,0.0,0.0,0.0,0.0,8.0,3360.0
72147,Vieques,0,07,0.0,0.0,0.0,0.0,0.0,1719.0
72149,Villalba,1,02,0.0,0.0,0.0,0.0,3.0,3930.0
72151,Yabucoa,1,01,0.0,0.0,0.0,0.0,1.0,5501.0
72153,Yauco,1,02,1.0,1.0,0.0,0.0,7.0,6088.0
78010,St. Croix,,,3.0,3.0,0.0,0.0,6.0,
78020,St. John,,,0.0,0.0,0.0,0.0,0.0,
78030,St. Thomas,,,2.0,2.0,0.0,0.0,7.0,
