fips,supply_drive_min,supply_fips,gc_true_min,gc_cand_min
18005,0,18005,0,0
18013,36.07166666666667,18105,16.307723036673963,16.307723036673963
18019,0,18019,0,0
18029,0,18029,0,0
18031,46.13166666666667,18005,23.182518177070207,23.182518177070207
18035,0,18035,0,0
18041,43.093333333333334,18047,17.19802521858972,17.19802521858972
18043,0,18043,0,0
18047,0,18047,0,0
18059,35.901666666666664,18097,16.378751531200795,16.378751531200795
18061,38.10333333333333,18043,14.38291875512081,14.38291875512081
18065,35.74333333333333,18035,19.097381753195265,19.097381753195265
18071,0,18071,0,0
18077,0,18077,0,0
18079,30.4,18071,16.28462763869255,16.28462763869255
18081,0,18081,0,0
18093,0,18093,0,0
18095,0,18095,0,0
18115,41.92666666666666,18029,12.587110942698821,12.587110942698821
18135,42.40833333333333,18035,21.572274831533996,21.572274831533996
18137,43.30833333333333,18029,16.036959327862082,16.036959327862082
18139,58.805,18047,26.533710062692318,26.533710062692318
18143,38.501666666666665,18077,18.325597537431864,18.325597537431864
18145,43.18333333333333,18081,17.382528481508768,17.382528481508768
18155,59.641666666666666,18077,21.866138761994115,21.866138761994115
18161,40.03,18177,15.619326236688943,15.619326236688943
18175,48.705000000000005,18043,21.24908981323648,21.24908981323648
18177,0,18177,0,0
21015,0,21015,0,0
21029,33.29333333333333,21111,12.417622598387066,12.417622598387066
21037,17.263333333333332,21117,6.0763213775158995,6.0763213775158995
21041,39.22833333333333,21185,16.93290516855691,16.93290516855691
21077,35.85333333333333,21015,17.535540257282175,17.535540257282175
21081,30.033333333333335,21015,20.835280649525107,20.835280649525107
21103,28.245,21211,15.348206776280254,15.348206776280254
21111,0,21111,0,0
21117,0,21117,0,0
21185,0,21185,0,0
21187,35.894999999999996,21073,23.272346319911378,23.272346319911378
21211,0,21211,0,0
21215,24.265,21211,12.18049622297823,12.18049622297823
21223,30.976666666666667,18077,11.066173209123773,11.066173209123773
39017,0,39017,0,0
39025,0,39025,0,0
39061,0,39061,0,0
39135,36.25666666666667,18177,18.504155411546268,18.504155411546268
39165,0,39165,0,0
05021,63.526666666666664,29023,26.87129746172789,26.87129746172789
17003,49.22166666666667,29031,18.25582838575508,18.25582838575508
17005,51.84,17119,31.776740803724703,31.776740803724703
17027,56.71,17163,27.39640813240334,27.39640813240334
17055,32.193333333333335,17199,14.535753931764273,14.535753931764273
17077,0,17077,0,0
17081,0,17081,0,0
17087,32.91,17199,20.391966110457517,20.391966110457517
17119,0,17119,0,0
17121,41.74333333333333,17081,20.118551236390257,20.118551236390257
17133,39.95666666666667,17163,16.17933107483677,16.17933107483677
17145,52.03,17077,21.388795313621674,21.388795313621674
17153,62.075,17199,27.695516768418805,27.695516768418805
17157,69.21499999999999,29157,24.158918270154995,24.158918270154995
17163,0,17163,0,0
17181,38.88,17077,19.56807869384998,19.56807869384998
17189,43.71333333333334,17081,26.443020888062982,26.443020888062982
17199,0,17199,0,0
29017,45.861666666666665,29031,21.554980004013178,21.554980004013178
29023,0,29023,0,0
29031,0,29031,0,0
29035,49.195,29023,29.01741534532959,29.01741534532959
29069,68.83333333333333,47045,33.42129070775893,33.42129070775893
29093,67.27,29187,21.594473861928165,21.594473861928165
29099,44.748333333333335,29510,21.48512104927554,21.48512104927554
29123,31.505,29187,22.834066770152,22.834066770152
29133,47.144999999999996,29201,15.94785168711724,15.94785168711724
29143,64.30833333333334,29201,28.105739034156475,28.105739034156475
29157,0,29157,0,0
29179,78.86999999999999,29203,31.167316498701275,31.167316498701275
29186,38.31166666666666,29157,19.05389192208038,19.05389192208038
29187,0,29187,0,0
29189,0,29189,0,0
29201,0,29201,0,0
29207,40.934999999999995,29023,24.61028456282049,24.61028456282049
29221,33.445,29187,18.20669278725851,18.20669278725851
29223,50.93666666666666,29023,25.018883955264414,25.018883955264414
29510,0,29510,0,0
05007,0,05007,0,0
05033,31.235,05131,12.723078178643926,12.723078178643926
05047,41.516666666666666,05071,23.63951857182928,23.63951857182928
05061,78.1,05019,40.26260801581372,40.26260801581372
05071,0,05071,0,0
05083,62.345,05071,23.925618524521898,23.925618524521898
05087,54.36,05143,23.267059640033374,23.267059640033374
05097,69.45333333333333,05051,30.84883771848495,30.84883771848495
05109,65.435,05051,29.34291016792062,29.34291016792062
05113,119.30666666666666,05131,55.26308095689432,55.26308095689432
05115,0,05115,0,0
05127,59.348333333333336,05131,32.132284016800945,32.132284016800945
05131,0,05131,0,0
05133,90.61999999999999,48037,40.42033297882391,40.42033297882391
05143,0,05143,0,0
05149,40.93833333333334,05115,16.34840182555831,16.34840182555831
40001,58.26,05143,29.637894577449487,29.637894577449487
40061,60.413333333333334,40101,35.38998000986663,35.38998000986663
40077,104.23166666666665,40101,57.67913845208419,57.67913845208419
40079,46.55,05131,23.756489850903744,23.756489850903744
40089,100.58666666666666,48277,46.96962082188482,46.96962082188482
40135,48.85333333333333,05131,23.447548660302065,23.447548660302065
20009,0,20009,0,0
20025,148.69666666666666,20055,71.21881116397388,71.21881116397388
20033,152.94,20009,87.0708719794752,87.0708719794752
20047,83.17166666666667,20009,46.45605801998449,46.45605801998449
20051,0,20051,0,0
20055,0,20055,0,0
20057,72.31666666666666,20055,49.79239169700192,49.79239169700192
20063,77.49166666666666,20051,57.40078131254784,57.40078131254784
20065,73.02,20051,43.29074250157529,43.29074250157529
20069,62.983333333333334,20055,30.17608263091073,30.17608263091073
20081,48.684999999999995,20055,33.3531177612131,33.3531177612131
20083,68.85166666666667,20055,55.0953530265871,55.0953530265871
20097,107.17666666666668,20155,61.5017614061819,61.5017614061819
20101,76.575,20055,41.82397782699819,41.82397782699819
20109,101.67666666666668,20051,63.59385113925399,63.59385113925399
20119,91.395,20055,53.765376308168676,53.765376308168676
20135,82.65166666666667,20051,40.94812392440379,40.94812392440379
20145,43.980000000000004,20009,25.854632359058133,25.854632359058133
20163,44.526666666666664,20051,30.382541156222896,30.382541156222896
20165,39.85166666666667,20051,24.62964299930457,24.62964299930457
20171,45.044999999999995,20055,34.95200506567762,34.95200506567762
20179,101.80666666666666,20051,69.38596422295461,69.38596422295461
20195,39.22,20051,30.77168914493739,30.77168914493739
40007,152.45333333333335,20055,80.26525480061896,80.26525480061896
40059,167.47333333333333,40009,98.24859502214939,98.24859502214939
20019,64.27166666666668,20125,29.48869316396519,29.48869316396519
20049,90.85833333333333,20125,35.68278915420862,35.68278915420862
20099,0,20099,0,0
20125,0,20125,0,0
20205,55.80166666666666,20125,25.552452416052677,25.552452416052677
40021,41.89666666666667,40101,24.60188807565841,24.60188807565841
40035,39.41,40115,21.56018619116509,21.56018619116509
40037,24.966666666666665,40143,19.651435429642746,19.651435429642746
40041,55.58833333333334,40115,26.96986524023752,26.96986524023752
40091,34.065000000000005,40101,25.554222679315178,25.554222679315178
40097,37.05333333333333,40131,22.739581132142543,22.739581132142543
40101,0,40101,0,0
40105,53.175,40131,25.66259179019634,25.66259179019634
40107,57.415,40125,35.779808923641674,35.779808923641674
40111,51.348333333333336,40143,33.65080258922593,33.65080258922593
40113,65.64166666666667,40131,27.89803574339228,27.89803574339228
40115,0,40115,0,0
40117,53.205000000000005,40119,28.87607496317439,28.87607496317439
40121,66.21333333333334,40101,55.413846963124286,55.413846963124286
40131,0,40131,0,0
40143,0,40143,0,0
40145,32.458333333333336,40143,16.95459920561887,16.95459920561887
40147,58.58166666666667,40131,31.67138464096529,31.67138464096529
01113,18.779999999999998,13215,9.208741933158159,9.208741933158159
13009,0,13009,0,0
13021,0,13021,0,0
13023,28.563333333333333,13091,16.011905891419275,16.011905891419275
13053,34.80833333333333,13215,10.72999754176386,10.72999754176386
13079,34.651666666666664,13021,16.514430145672023,16.514430145672023
13081,46.07333333333334,13261,27.16302471842404,27.16302471842404
13091,0,13091,0,0
13093,42.885,13153,26.91686959680743,26.91686959680743
13095,0,13095,0,0
13145,28.305,13215,14.094963940722407,14.094963940722407
13153,0,13153,0,0
13169,29.654999999999998,13021,11.928549862964598,11.928549862964598
13171,28.56,13207,14.57257312555621,14.57257312555621
13177,15.656666666666666,13095,7.3658448678718,7.3658448678718
13193,38.501666666666665,13261,21.06888766444062,21.06888766444062
13197,52.208333333333336,13261,24.834655630920388,24.834655630920388
13199,36.95666666666667,13285,20.579428947739125,20.579428947739125
13207,0,13207,0,0
13215,0,13215,0,0
13225,19.826666666666664,13153,9.401384811292024,9.401384811292024
13231,26.188333333333333,13293,13.858697941509353,13.858697941509353
13235,29.9,13091,18.329921924005838,18.329921924005838
13249,23.548333333333336,13261,13.40466681201508,13.40466681201508
13259,57.388333333333335,13215,31.148724270021955,31.148724270021955
13261,0,13261,0,0
13263,42.94666666666667,13215,20.678771539892306,20.678771539892306
13269,43.695,13293,24.973809286985013,24.973809286985013
13273,34.71666666666667,13095,20.414950862727977,20.414950862727977
13289,44.083333333333336,13021,17.18999359608562,17.18999359608562
13293,0,13293,0,0
13307,37.91166666666666,13261,19.885741741903523,19.885741741903523
13315,42.88666666666666,13017,19.593619142767725,19.593619142767725
13319,31.863333333333333,13009,16.689190057194388,16.689190057194388
13073,0,13073,0,0
13105,49.46,13059,27.342852172763557,27.342852172763557
13119,34.92666666666666,13257,13.777323918392584,13.777323918392584
13125,64.06833333333333,13245,31.576236317384904,31.576236317384904
13133,51.485,13219,28.728949150748345,28.728949150748345
13141,31.7,13009,17.73263757852749,17.73263757852749
13147,39.76,13257,23.209124616231,23.209124616231
13181,57.486666666666665,13073,24.06246755665382,24.06246755665382
13189,37.251666666666665,13073,17.32891535148565,17.32891535148565
13195,26.111666666666668,13059,13.194539525061973,13.194539525061973
13221,33.695,13059,13.588969030708602,13.588969030708602
13241,39.305,37113,19.22281791028961,19.22281791028961
13245,0,13245,0,0
13257,0,13257,0,0
13265,65.05,13073,38.78182647559964,38.78182647559964
13301,47.19166666666667,13073,29.00354504488252,29.00354504488252
13317,58.05333333333333,13059,37.20443250665922,37.20443250665922
37113,0,37113,0,0
37149,32.385,37089,17.588104435843857,17.588104435843857
37175,0,37175,0,0
45001,0,45001,0,0
45003,0,45003,0,0
45007,0,45007,0,0
45037,45.718333333333334,45003,14.941907413298221,14.941907413298221
45045,0,45045,0,0
45047,0,45047,0,0
45059,0,45059,0,0
45065,51.02166666666667,45047,24.094683805063557,24.094683805063557
45071,48.81666666666667,45059,29.12401009550599,29.12401009550599
45073,0,45073,0,0
45077,0,45077,0,0
45081,49.166666666666664,45063,27.83865629740842,27.83865629740842
45083,0,45083,0,0
45087,52.45166666666667,45083,26.808220949332252,26.808220949332252
08007,67.02666666666667,08067,39.315491178504466,39.315491178504466
08029,55.85166666666667,08085,21.900606943485176,21.900606943485176
08033,77.11833333333334,08083,28.223946314366955,28.223946314366955
08045,0,08045,0,0
08051,0,08051,0,0
08053,107.89166666666667,08051,47.32201282773297,47.32201282773297
08067,0,08067,0,0
08077,0,08077,0,0
08079,170.66,08067,59.056316428683424,59.056316428683424
08081,65.235,08107,37.88772336663362,37.88772336663362
08083,0,08083,0,0
08085,0,08085,0,0
08091,52.135,08085,24.93947675073359,24.93947675073359
08097,0,08097,0,0
08103,166.37166666666664,08045,53.60228067374454,53.60228067374454
08111,75.13666666666667,08067,37.707016832786145,37.707016832786145
08113,92.28166666666667,08085,35.25573329090916,35.25573329090916
35045,0,35045,0,0
49019,130.22833333333332,08077,64.06227434836556,64.06227434836556
49037,0,49037,0,0
10001,0,10001,0,0
10003,0,10003,0,0
10005,0,10005,0,0
24011,37.785,24041,16.139133170741648,16.139133170741648
24015,30.006666666666668,10003,16.625381529007306,16.625381529007306
24019,0,24019,0,0
24025,0,24025,0,0
24029,0,24029,0,0
24035,40.97,24029,16.202266252522964,16.202266252522964
24039,38.055,24045,18.383975758607047,18.383975758607047
24041,0,24041,0,0
24045,0,24045,0,0
24047,0,24047,0,0
34001,0,34001,0,0
34005,0,34005,0,0
34007,0,34007,0,0
34009,0,34009,0,0
34011,0,34011,0,0
34015,0,34015,0,0
34033,30.208333333333332,34015,14.13517576603741,14.13517576603741
42017,0,42017,0,0
42029,0,42029,0,0
42045,0,42045,0,0
42091,0,42091,0,0
42101,0,42101,0,0
17009,58.958333333333336,17001,30.751337899013393,30.751337899013393
17011,43.12166666666667,17099,27.313394568560884,27.313394568560884
17017,39.35666666666667,17137,18.846898229344102,18.846898229344102
17021,41.61333333333334,17115,27.25689967300646,27.25689967300646
17039,36.36666666666667,17115,22.204274423773626,22.204274423773626
17051,49.54333333333333,17049,25.66673501890163,25.66673501890163
17057,67.58,17179,29.20980206204174,29.20980206204174
17061,45.486666666666665,17137,25.22932329527028,25.22932329527028
17073,32.215,17161,21.265526544211102,21.265526544211102
17083,41.695,17119,25.11393484409088,25.11393484409088
17095,49.281666666666666,17143,36.918562327232756,36.918562327232756
17105,55.56666666666667,17113,34.43866682071152,34.43866682071152
17107,47.06166666666666,17113,29.769907862871463,29.769907862871463
17109,0,17109,0,0
17113,0,17113,0,0
17115,0,17115,0,0
17117,67.69833333333334,17119,27.958757401379117,27.958757401379117
17123,49.50333333333333,17143,26.567242291124106,26.567242291124106
17125,66.09,17179,29.369288987320985,29.369288987320985
17129,41.376666666666665,17167,17.377598836440004,17.377598836440004
17135,65.735,17167,38.597465203153234,38.597465203153234
17137,0,17137,0,0
17139,45.873333333333335,17029,21.031193915689606,21.031193915689606
17143,0,17143,0,0
17147,34.16833333333333,17019,19.999040627747718,19.999040627747718
17155,43.901666666666664,17099,21.16623223581968,21.16623223581968
17167,0,17167,0,0
17169,42.985,17109,24.055523270419815,24.055523270419815
17171,22.495,17137,13.358643142936087,13.358643142936087
17173,52.28333333333333,17029,24.243333632993025,24.243333632993025
17175,66.02833333333334,17143,25.563718295985392,25.563718295985392
17179,0,17179,0,0
17203,41.3,17143,16.872242069417936,16.872242069417936
26001,76.47666666666667,26069,21.74323609389449,21.74323609389449
26007,83.61333333333333,26137,47.9417749514993,47.9417749514993
26009,55.57,26137,26.05985941291778,26.05985941291778
26019,43.47,26055,20.027413245304682,20.027413245304682
26029,54.32666666666667,26047,16.209107982267636,16.209107982267636
26031,58.65333333333333,26047,19.63955171017111,19.63955171017111
26033,104.82166666666667,26047,69.07689274582435,69.07689274582435
26035,41.031666666666666,26073,23.231749746383795,23.231749746383795
26039,35.785,26137,24.176054078889408,24.176054078889408
26047,0,26047,0,0
26051,47.845,26111,23.546701861081676,23.546701861081676
26055,0,26055,0,0
26079,47.281666666666666,26055,22.004427026441547,22.004427026441547
26085,67.53666666666666,26165,28.876479918958893,28.876479918958893
26089,44.405,26055,14.551975433157839,14.551975433157839
26095,131.82333333333332,26041,69.84376880266849,69.84376880266849
26097,79.95,26047,39.08219827069689,39.08219827069689
26101,76.15666666666667,26165,34.54880863908167,34.54880863908167
26105,65.1,26121,48.52982665198982,48.52982665198982
26107,53.48166666666667,26073,29.090916767624627,29.090916767624627
26113,38.943333333333335,26165,15.164494897939113,15.164494897939113
26119,45.53,26137,26.431783708287536,26.431783708287536
26123,48.611666666666665,26121,25.443236663327095,25.443236663327095
26127,43.11833333333333,26121,27.2486228191883,27.2486228191883
26129,58.135,26017,29.81082829516878,29.81082829516878
26133,73.79166666666667,26165,24.627154903812627,24.627154903812627
26135,79.36333333333333,26137,33.01856665469435,33.01856665469435
26137,0,26137,0,0
26141,85.095,26047,45.79559619489032,45.79559619489032
26143,64.215,26137,41.506968779294155,41.506968779294155
26153,88.59833333333333,26041,42.731147248365616,42.731147248365616
26165,0,26165,0,0
37001,0,37001,0,0
37017,44.15,37047,22.992645985545323,22.992645985545323
37019,0,37019,0,0
37037,0,37037,0,0
37047,0,37047,0,0
37051,0,37051,0,0
37061,51.968333333333334,37107,28.751459736895235,28.751459736895235
37063,0,37063,0,0
37069,45.035,37181,20.12521161498849,20.12521161498849
37077,0,37077,0,0
37085,46.65,37051,21.066904903684943,21.066904903684943
37093,30.44,37051,13.852478608012559,13.852478608012559
37101,39.38666666666666,37183,21.342897997729604,21.342897997729604
37105,37.835,37037,20.9694474854781,20.9694474854781
37125,0,37125,0,0
37129,0,37129,0,0
37135,0,37135,0,0
37141,57.093333333333334,37129,17.31983942301229,17.31983942301229
37153,52.515,37125,26.383682504085424,26.383682504085424
37155,0,37155,0,0
37163,56.233333333333334,37051,30.555326912499815,30.555326912499815
37165,49.638333333333335,37155,22.961090016368416,22.961090016368416
37183,0,37183,0,0
37191,0,37191,0,0
45033,44.983333333333334,37155,24.82948479886288,24.82948479886288
45051,0,45051,0,0
45067,48.718333333333334,45041,24.612020071684636,24.612020071684636
45069,69.05,37155,33.06754901153016,33.06754901153016
12009,0,12009,0,0
12011,0,12011,0,0
12015,0,12015,0,0
12021,0,12021,0,0
12027,45.575,12015,22.129900046334182,22.129900046334182
12043,94.05333333333333,12093,34.29123490159948,34.29123490159948
12049,45.830000000000005,12055,23.559936814338165,23.559936814338165
12051,81.78666666666666,12071,40.61108810051297,40.61108810051297
12055,0,12055,0,0
12057,0,12057,0,0
12061,0,12061,0,0
12071,0,12071,0,0
12081,0,12081,0,0
12085,0,12085,0,0
12086,0,12086,0,0
12087,0,12087,0,0
12093,0,12093,0,0
12097,0,12097,0,0
12099,0,12099,0,0
12103,0,12103,0,0
12105,0,12105,0,0
12111,0,12111,0,0
12115,0,12115,0,0
35005,0,35005,0,0
35013,0,35013,0,0
35015,0,35015,0,0
35027,105.77833333333334,35035,49.179021622226685,49.179021622226685
35035,0,35035,0,0
48043,222.845,48135,134.9523614098754,134.9523614098754
48109,118.02333333333333,48141,103.80571666920969,103.80571666920969
48141,0,48141,0,0
48229,151.07333333333332,48141,56.110743993073854,56.110743993073854
48243,188.57666666666668,48135,128.7193419220304,128.7193419220304
48301,105.99499999999999,48135,65.87584567522237,65.87584567522237
48377,283.72999999999996,48141,178.33696617466205,178.33696617466205
48389,80.13000000000001,48135,74.63445965359116,74.63445965359116
48495,58.09666666666667,48135,41.679657803889036,41.679657803889036
30003,98.40666666666667,30111,52.778071140171875,52.778071140171875
30005,97.08666666666666,30041,41.383852356432755,41.383852356432755
30009,89.28833333333334,30111,41.5168184186044,41.5168184186044
30027,132.505,30013,92.8613926220577,92.8613926220577
30033,129.435,30017,82.45698798966835,82.45698798966835
30037,90.36666666666666,30111,44.62497605730356,44.62497605730356
30041,0,30041,0,0
30045,77.48333333333333,30013,59.87507710675324,59.87507710675324
30065,93.23333333333333,30111,43.64481293347431,43.64481293347431
30067,49.485,30031,26.25020593739263,26.25020593739263
30069,136.44,30111,85.14436759103111,85.14436759103111
30071,113.92166666666667,30041,87.68260663187864,87.68260663187864
30087,98.00833333333334,30017,51.43051479761958,51.43051479761958
30095,57.74,30111,35.508941381235886,35.508941381235886
30097,73.43666666666667,30031,59.30908965830789,59.30908965830789
30103,81.88833333333334,30017,69.17832204444544,69.17832204444544
30107,110.52,30111,77.33649708676327,77.33649708676327
30111,0,30111,0,0
56003,67.27,56029,35.51417272956755,35.51417272956755
56013,165.26000000000002,56025,112.24819784508651,112.24819784508651
56017,112.10166666666667,56029,75.34626095811542,75.34626095811542
56019,60.575,56033,36.76996028460352,36.76996028460352
56029,0,56029,0,0
56033,0,56033,0,0
56043,115.33999999999999,56029,67.1861022688536,67.1861022688536
06001,0,06001,0,0
06003,119.58999999999999,32510,30.65306497352227,30.65306497352227
06005,40.95333333333333,06009,17.988871056025893,17.988871056025893
06007,0,06007,0,0
06009,0,06009,0,0
06011,46.50833333333333,06101,23.595210245579683,23.595210245579683
06013,0,06013,0,0
06015,0,06015,0,0
06017,0,06017,0,0
06019,0,06019,0,0
06021,47.76833333333333,06103,24.08781419752009,24.08781419752009
06023,0,06023,0,0
06033,0,06033,0,0
06035,99.13333333333334,32031,72.65730829015105,72.65730829015105
06039,0,06039,0,0
06041,0,06041,0,0
06043,0,06043,0,0
06045,0,06045,0,0
06047,0,06047,0,0
06049,198.425,06089,77.21591506832266,77.21591506832266
06051,120.04833333333333,06027,56.65569928561518,56.65569928561518
06053,0,06053,0,0
06055,0,06055,0,0
06057,0,06057,0,0
06061,0,06061,0,0
06063,139.04166666666666,32031,52.823438060319795,52.823438060319795
06067,0,06067,0,0
06069,51.1,06053,20.777832910742852,20.777832910742852
06075,0,06075,0,0
06077,0,06077,0,0
06081,0,06081,0,0
06085,0,06085,0,0
06087,0,06087,0,0
06089,0,06089,0,0
06091,72.09166666666667,32031,33.839782193328915,33.839782193328915
06093,97.57833333333333,41029,56.736758052625845,56.736758052625845
06095,0,06095,0,0
06097,0,06097,0,0
06099,0,06099,0,0
06101,0,06101,0,0
06103,0,06103,0,0
06105,201.76000000000002,06089,41.93256098580376,41.93256098580376
06109,0,06109,0,0
06113,0,06113,0,0
06115,17.993333333333332,06101,7.156954729478198,7.156954729478198
32001,74.845,32031,53.33783141959669,53.33783141959669
32005,26.461666666666666,32510,14.415419075267298,14.415419075267298
32013,178.45333333333335,32031,148.8860859201692,148.8860859201692
32015,253.10833333333332,32031,164.56332595900375,164.56332595900375
32019,62.515,32510,26.331945235852075,26.331945235852075
32021,167.80499999999998,32510,71.34132765313853,71.34132765313853
32027,111.315,32031,96.77670287393082,96.77670287393082
32029,39.111666666666665,32031,13.535219501457279,13.535219501457279
32031,0,32031,0,0
32510,0,32510,0,0
41035,0,41035,0,0
41037,252.30666666666667,41035,65.1873898154966,65.1873898154966
01001,36.74166666666667,01101,18.229385139607178,18.229385139607178
01011,60.53333333333333,01101,26.92491175862105,26.92491175862105
01015,0,01015,0,0
01017,0,01017,0,0
01019,44.13666666666666,01055,25.46838586159132,25.46838586159132
01021,64.68,01101,28.55863015274797,28.55863015274797
01027,43.14,01121,21.339076155905968,21.339076155905968
01029,39.73833333333334,01015,19.822743462782032,19.822743462782032
01037,48.165,01123,19.026993644934297,19.026993644934297
01051,26.77,01101,14.659969670908666,14.659969670908666
01055,0,01055,0,0
01073,0,01073,0,0
01081,0,01081,0,0
01087,42.48833333333334,01081,23.404194595131333,23.404194595131333
01101,0,01101,0,0
01111,68.04,13285,27.824836329598206,27.824836329598206
01115,49.40333333333333,01121,23.021972000315404,23.021972000315404
01117,0,01117,0,0
01121,0,01121,0,0
01123,0,01123,0,0
13045,0,13045,0,0
13143,26.720000000000002,13045,12.44542931599062,12.44542931599062
13149,31.061666666666667,13285,19.31174108577802,19.31174108577802
13233,33.623333333333335,13115,16.959640828318374,16.959640828318374
13285,0,13285,0,0
05017,37.519999999999996,28151,18.000271478933268,18.000271478933268
22021,50.086666666666666,22073,30.676315577419977,30.676315577419977
22025,55.995,28001,29.274694906237393,29.274694906237393
22029,30.641666666666666,28001,11.746948751221849,11.746948751221849
22035,79.84666666666666,22067,38.21542362171163,38.21542362171163
22041,43.315000000000005,22083,20.25811827989074,20.25811827989074
22059,83.87833333333333,22079,34.73114669986416,34.73114669986416
22065,45.730000000000004,22083,30.521959586915628,30.521959586915628
22067,0,22067,0,0
22073,0,22073,0,0
22083,0,22083,0,0
22107,76.15333333333334,28001,28.843083601252744,28.843083601252744
22123,52.32166666666667,22067,26.91556037198444,26.91556037198444
28001,0,28001,0,0
28021,55.538333333333334,28001,35.67412362858645,35.67412362858645
28029,37.68833333333334,28085,24.228223175354124,24.228223175354124
28037,31.833333333333332,28085,24.67242465708366,24.67242465708366
28049,0,28049,0,0
28053,67.94,28083,30.239791081085702,30.239791081085702
28055,88.18333333333334,28151,33.148540547398255,33.148540547398255
28063,33.53,28001,20.974827513422465,20.974827513422465
28085,0,28085,0,0
28089,0,28089,0,0
28121,0,28121,0,0
28125,64.195,28151,32.074026234508445,32.074026234508445
28149,48.38166666666667,28049,34.29383938597545,34.29383938597545
28151,0,28151,0,0
28163,50.305,28049,27.33349198291649,27.33349198291649
17019,0,17019,0,0
17041,37.40833333333333,17029,19.294282354728214,19.294282354728214
17045,45.345,18167,21.237149260970007,21.237149260970007
17053,50.83833333333334,17019,27.293022826619847,27.293022826619847
17075,47.99166666666667,17091,26.831645816031827,26.831645816031827
17091,0,17091,0,0
17183,47.52333333333333,17019,30.73256851716671,30.73256851716671
18007,46.085,18157,23.897982012084235,23.897982012084235
18011,0,18011,0,0
18015,35.388333333333335,18157,16.275071803732132,16.275071803732132
18017,41.14,18067,21.953510995080098,21.953510995080098
18021,26.466666666666665,18167,14.039681676301488,14.039681676301488
18023,39.08833333333334,18157,21.361012338402357,21.361012338402357
18045,62.218333333333334,18157,27.625508815185615,27.625508815185615
18057,0,18057,0,0
18063,0,18063,0,0
18067,0,18067,0,0
18073,57.62833333333333,18089,28.85607434104043,28.85607434104043
18089,0,18089,0,0
18097,0,18097,0,0
18105,0,18105,0,0
18107,45.263333333333335,18157,26.55380922902436,26.55380922902436
18109,33.32,18063,15.419169897948892,15.419169897948892
18111,59.05833333333333,17091,26.67703909975561,26.67703909975561
18119,43.388333333333335,18105,17.42829182594185,17.42829182594185
18121,46.151666666666664,18167,22.282904876719993,22.282904876719993
18127,0,18127,0,0
18131,34.17333333333333,18149,16.145704812601114,16.145704812601114
18133,47.55333333333333,18063,24.139045333455925,24.139045333455925
18149,0,18149,0,0
18157,0,18157,0,0
18159,27.936666666666667,18067,12.050216376734854,12.050216376734854
18165,48.01833333333333,18167,20.876536633648357,20.876536633648357
18167,0,18167,0,0
18171,48.02833333333333,18157,24.21577449956971,24.21577449956971
18181,0,18181,0,0
19009,42.7,19027,25.295859564896073,25.295859564896073
19015,24.44,19169,14.744301996506849,14.744301996506849
19021,85.27166666666668,19059,46.9031626218619,46.9031626218619
19025,43.34,19187,23.34705257747139,23.34705257747139
19027,0,19027,0,0
19033,0,19033,0,0
19035,72.74666666666667,19193,42.57572356839895,42.57572356839895
19041,36.21666666666667,19059,18.117439191443914,18.117439191443914
19047,45.12833333333333,19027,25.148756201472345,25.148756201472345
19059,0,19059,0,0
19063,36.47166666666667,19059,18.899067893368148,18.899067893368148
19069,47.458333333333336,19033,26.299962077759343,26.299962077759343
19073,39.080000000000005,19027,25.04566723522165,25.04566723522165
19077,52.718333333333334,19049,27.324691871235657,27.324691871235657
19079,37.15,19187,21.633665036786283,21.633665036786283
19081,42.98166666666667,19033,23.218140898329843,23.218140898329843
19083,59.22,19013,31.465238179058442,31.465238179058442
19091,35.61833333333333,19187,18.430348827179184,18.430348827179184
19093,68.34166666666667,19193,40.776143528174195,40.776143528174195
19109,74.24333333333334,27091,38.87167423490999,38.87167423490999
19147,69.68166666666666,19059,29.99259327569173,29.99259327569173
19151,73.385,19187,32.39149487627361,32.39149487627361
19161,58.291666666666664,19027,25.831511794211185,25.831511794211185
19169,0,19169,0,0
19187,0,19187,0,0
19189,54.480000000000004,19033,25.405558133000163,25.405558133000163
19195,36.915,19033,16.18192154905881,16.18192154905881
19197,64.96,19033,27.67146839035967,27.67146839035967
27033,62.211666666666666,19059,35.86020717139316,35.86020717139316
27043,49.27833333333333,27091,27.728999202999262,27.728999202999262
27047,32.17166666666667,27099,22.979172261026605,22.979172261026605
27063,43.265,19059,19.139263483241514,19.139263483241514
27091,0,27091,0,0
27165,49.52166666666667,27091,22.90905184126359,22.90905184126359
13011,35.294999999999995,13157,16.053469912696546,16.053469912696546
13013,0,13013,0,0
13015,0,13015,0,0
13035,33.343333333333334,13207,16.803969741757232,16.803969741757232
13057,0,13057,0,0
13059,0,13059,0,0
13063,0,13063,0,0
13067,0,13067,0,0
13077,0,13077,0,0
13085,28.761666666666667,13117,14.749438642833717,14.749438642833717
13089,0,13089,0,0
13097,0,13097,0,0
13113,0,13113,0,0
13115,0,13115,0,0
13117,0,13117,0,0
13121,0,13121,0,0
13135,0,13135,0,0
13137,26.251666666666665,13257,14.329660246549272,14.329660246549272
13139,0,13139,0,0
13151,0,13151,0,0
13157,0,13157,0,0
13159,39.53333333333333,13217,17.688374572270025,17.688374572270025
13187,36.985,13139,19.3619309870247,19.3619309870247
13211,42.49,13217,19.175185368373583,19.175185368373583
13217,0,13217,0,0
13219,0,13219,0,0
13223,29.875,13097,13.83834086752333,13.83834086752333
13227,34.79333333333333,13057,19.99739992296562,19.99739992296562
13237,43.05166666666666,13009,17.03302841142811,17.03302841142811
13247,18.225,13217,8.549320198832792,8.549320198832792
13255,36.663333333333334,13063,15.637655310218669,15.637655310218669
13297,0,13297,0,0
13311,46.08833333333334,13139,23.57605474424869,23.57605474424869
04001,143.43333333333334,04017,64.70801011573666,64.70801011573666
04003,0,04003,0,0
04005,0,04005,0,0
04007,235.7133333333333,04013,63.35380802919352,63.35380802919352
04009,162.11166666666668,04019,80.66889806289893,80.66889806289893
04011,134.265,35017,60.634160515320936,60.634160515320936
04013,0,04013,0,0
04017,0,04017,0,0
04019,0,04019,0,0
04021,0,04021,0,0
04023,72.05666666666666,04019,52.66263397427082,52.66263397427082
04025,0,04025,0,0
35003,203.23166666666665,35017,83.05192623580139,83.05192623580139
35017,0,35017,0,0
35023,90.645,35017,45.97318317246838,45.97318317246838
35029,0,35029,0,0
35031,137.375,04017,86.79014154738974,86.79014154738974
35051,0,35051,0,0
37013,46.49666666666667,37147,24.00192659767059,24.00192659767059
37015,76.05166666666668,37139,41.296835223081224,41.296835223081224
37029,19.316666666666666,37139,5.886336726989767,5.886336726989767
37031,40.309999999999995,37049,25.761432608646942,25.761432608646942
37041,43.825,37139,24.429183318242533,24.429183318242533
37049,0,37049,0,0
37053,27.746666666666666,37139,14.881382640260341,14.881382640260341
37055,103.62833333333333,37139,41.03476048815325,41.03476048815325
37065,30.703333333333333,37127,15.389555522776968,15.389555522776968
37073,41.37833333333333,37139,19.557565385226393,19.557565385226393
37079,23.668333333333333,37107,14.347209526903978,14.347209526903978
37083,0,37083,0,0
37091,47,51620,22.952599312488786,22.952599312488786
37095,130.47166666666666,37139,53.383280828923475,53.383280828923475
37103,43.67666666666666,37049,17.88395485131568,17.88395485131568
37107,0,37107,0,0
37117,44.39333333333333,37147,23.776115713355775,23.776115713355775
37127,0,37127,0,0
37131,41.35333333333333,37083,13.611065362271303,13.611065362271303
37133,0,37133,0,0
37137,35.44166666666667,37049,14.829461047811092,14.829461047811092
37139,0,37139,0,0
37143,28.003333333333334,37139,12.536998753493899,12.536998753493899
37147,0,37147,0,0
37177,71.84666666666666,37139,27.554232731354457,27.554232731354457
37187,67.02,37139,37.36477659716701,37.36477659716701
37195,29.44,37127,15.087849373237582,15.087849373237582
21005,19.005,21239,10.919831082785196,10.919831082785196
21011,38.32,21049,26.25036868870984,26.25036868870984
21017,26.691666666666666,21049,15.429611555238935,15.429611555238935
21021,0,21021,0,0
21023,59.406666666666666,21117,28.908589197268622,28.908589197268622
21025,46.00666666666667,21193,20.418216241239655,20.418216241239655
21045,38.615,21021,22.439104406540824,22.439104406540824
21049,0,21049,0,0
21051,35.17666666666666,21125,19.332827633698994,19.332827633698994
21063,58.019999999999996,21019,32.12963635419658,32.12963635419658
21065,34.04833333333333,21151,16.118206464208843,16.118206464208843
21067,0,21067,0,0
21069,63.90333333333333,21049,37.85936010916669,37.85936010916669
21073,0,21073,0,0
21079,27.788333333333334,21021,12.153612387468776,12.153612387468776
21097,34.73833333333334,21209,18.713421821517137,18.713421821517137
21109,51.455000000000005,21125,21.95347397004478,21.95347397004478
21113,0,21113,0,0
21121,39.49333333333333,21125,13.64122381339817,13.64122381339817
21125,0,21125,0,0
21129,70.11833333333334,21125,32.941912012575386,32.941912012575386
21135,54.955000000000005,39145,26.524090179379833,26.524090179379833
21137,27.134999999999998,21021,13.308644685355738,13.308644685355738
21147,41.845,21199,18.314873564125698,18.314873564125698
21151,0,21151,0,0
21153,75.90666666666667,21195,33.717944182040384,33.717944182040384
21161,81.545,39071,40.75609163033542,40.75609163033542
21165,60.89666666666667,21049,32.092005196777336,32.092005196777336
21167,18.755,21021,10.56043526886442,10.56043526886442
21173,28.186666666666667,21049,14.83735849702488,14.83735849702488
21175,72.68,21193,45.45751849960588,45.45751849960588
21181,49.901666666666664,21049,24.92470635100685,24.92470635100685
21189,63.693333333333335,21125,29.78283673523679,29.78283673523679
21191,51.86,21117,22.84475282377047,22.84475282377047
21197,34.14833333333333,21049,18.95638883896424,18.95638883896424
21199,0,21199,0,0
21201,74.02166666666668,21209,34.458043441797,34.458043441797
21203,37.155,21151,22.79667984490874,22.79667984490874
21205,58.34666666666667,21049,42.66022732181043,42.66022732181043
21209,0,21209,0,0
21229,36.79833333333333,21021,22.730936471952944,22.730936471952944
21235,0,21235,0,0
21237,56.075,21049,37.31196142935497,37.31196142935497
21239,0,21239,0,0
39001,51.413333333333334,39071,25.647190890365092,25.647190890365092
39015,40.538333333333334,39025,20.212050042919678,20.212050042919678
08063,107.305,20023,49.93328530186324,49.93328530186324
08075,127.43333333333334,08001,87.97674591232165,87.97674591232165
08095,125.53833333333334,20023,66.76995998534237,66.76995998534237
08115,109.98166666666665,31111,80.78616684743919,80.78616684743919
08121,133.82,08001,78.54092052384239,78.54092052384239
08125,97.53,20023,44.372609465477716,44.372609465477716
20023,0,20023,0,0
20039,94.95,20023,66.60813134762823,66.60813134762823
20153,50.24666666666667,20023,36.6077288227955,36.6077288227955
20181,56.111666666666665,20023,28.919198001426857,28.919198001426857
20193,99.34666666666666,20023,45.26000719357371,45.26000719357371
31005,97.24,31111,55.63485798770748,55.63485798770748
31029,93.83999999999999,20023,50.96792779434506,50.96792779434506
31033,93.79333333333334,31157,60.367564317556784,60.367564317556784
31049,94.16666666666667,31111,80.5635615626662,80.5635615626662
31057,59.47666666666667,20023,23.312179252218378,23.312179252218378
31063,65.84333333333333,31111,40.68248725161902,40.68248725161902
31069,102.435,31157,76.22992261816539,76.22992261816539
31075,130.26000000000002,31111,76.41926890970788,76.41926890970788
31085,79.61166666666666,31111,44.84609271370715,44.84609271370715
31087,90.16499999999999,20023,49.38033944110706,49.38033944110706
31091,88.41499999999999,31111,63.0492005064948,63.0492005064948
31101,62.21,31111,47.39837354689266,47.39837354689266
31111,0,31111,0,0
31113,44.373333333333335,31111,30.0489366853148,30.0489366853148
31117,52.94166666666667,31111,32.46217153054335,32.46217153054335
31135,83.04166666666667,31111,49.94833240940786,49.94833240940786
31145,85.36666666666666,31111,63.895328616938045,63.895328616938045
31171,84.37166666666667,31111,59.714570165965746,59.714570165965746
24037,55.725,24009,16.95052503804865,16.95052503804865
51001,52.818333333333335,51131,31.908410169035786,31.908410169035786
51033,33.43,51630,17.395471770329824,17.395471770329824
51036,40.931666666666665,51149,15.753044891130395,15.753044891130395
51041,0,51041,0,0
51053,43.16166666666666,51570,12.452283930553332,12.452283930553332
51057,71.58333333333333,51085,32.10676641867197,32.10676641867197
51073,0,51073,0,0
51081,50.401666666666664,37083,26.17130458099163,26.17130458099163
51085,0,51085,0,0
51087,0,51087,0,0
51093,36.559999999999995,51800,11.134823899771392,11.134823899771392
51095,0,51095,0,0
51097,62.330000000000005,51073,28.562669420239274,28.562669420239274
51101,46.82333333333334,51085,19.474819806857912,19.474819806857912
51103,62.695,51073,23.21175958071599,23.21175958071599
51115,26.361666666666668,51073,11.32122802856447,11.32122802856447
51119,35.71,51073,15.608035153892134,15.608035153892134
51127,35.376666666666665,51760,20.72040312841316,20.72040312841316
51131,0,51131,0,0
51133,77.53500000000001,51073,35.990292814802615,35.990292814802615
51149,0,51149,0,0
51159,81.6,51073,40.76061772562971,40.76061772562971
51175,16.681666666666665,51620,7.69125368237643,7.69125368237643
51181,51.58833333333334,51149,13.889686225035478,13.889686225035478
51183,31.48166666666667,51149,17.666048750430853,17.666048750430853
51193,76.29833333333333,51630,29.54036289620192,29.54036289620192
51199,0,51199,0,0
51550,0,51550,0,0
51570,0,51570,0,0
51595,44.11666666666667,37083,24.012852501020163,24.012852501020163
51620,0,51620,0,0
51650,0,51650,0,0
51670,11.918333333333333,51149,4.867894244823753,4.867894244823753
51700,0,51700,0,0
51710,0,51710,0,0
51730,10.756666666666666,51570,3.7586394339793157,3.7586394339793157
51735,16.311666666666667,51650,6.160834141702836,6.160834141702836
51740,0,51740,0,0
51760,0,51760,0,0
51800,0,51800,0,0
51810,0,51810,0,0
51830,11.238333333333333,51095,3.1385266401941636,3.1385266401941636
24001,0,24001,0,0
24023,57.21333333333334,24001,27.03830748583594,27.03830748583594
42003,0,42003,0,0
42005,0,42005,0,0
42009,61.708333333333336,42013,29.8044582822064,29.8044582822064
42013,0,42013,0,0
42021,0,42021,0,0
42051,0,42051,0,0
42059,34.14,54061,18.57721863034957,18.57721863034957
42063,0,42063,0,0
42111,52.16166666666666,42021,28.484072202167507,28.484072202167507
42125,0,42125,0,0
42129,0,42129,0,0
51091,66.80666666666667,51790,31.082730978915666,31.082730978915666
54001,44.43,54083,17.98200440788147,17.98200440788147
54017,29.56833333333333,54033,20.454947818960978,20.454947818960978
54023,91.85666666666665,24001,40.36346489576164,40.36346489576164
54027,57.955000000000005,51069,23.505716496854273,23.505716496854273
54031,79.61666666666666,51069,38.181015198272696,38.181015198272696
54033,0,54033,0,0
54041,35.60333333333333,54033,18.837566994713214,18.837566994713214
54049,32.998333333333335,54033,15.823559119831463,15.823559119831463
54057,32.651666666666664,24001,12.263443332052878,12.263443332052878
54061,0,54061,0,0
54071,69.64333333333335,51660,30.00029463269245,30.00029463269245
54077,51.92166666666667,54061,17.767170500853908,17.767170500853908
54083,0,54083,0,0
54091,29.191666666666666,54033,14.955165684997576,14.955165684997576
54093,55.12,54083,22.029586512723853,22.029586512723853
54097,49.91166666666666,54083,19.986916246548294,19.986916246548294
02013,2657.7799999999997,02122,608.746940774942,608.746940774942
02016,3408.9033333333336,02122,768.9360022761543,768.9360022761543
02020,0,02020,0,0
02050,NA,NA,378.7624433091253,378.7624433091253
02060,NA,NA,228.65963265164737,228.65963265164737
02063,317.77833333333336,02170,118.58856059819684,118.58856059819684
02066,207.13166666666666,02170,146.8442267335224,146.8442267335224
02068,139.79166666666666,02090,78.91164017153397,78.91164017153397
02070,NA,NA,279.2411004833534,279.2411004833534
02090,0,02090,0,0
02122,0,02122,0,0
02150,666.5849999999999,02122,180.24781487349168,180.24781487349168
02158,NA,NA,458.17116066446897,458.17116066446897
02164,NA,NA,215.96796612741275,215.96796612741275
02170,0,02170,0,0
02180,NA,NA,521.3935820944076,521.3935820944076
02185,NA,NA,438.5414741936014,438.5414741936014
02188,NA,NA,418.3496839981799,418.3496839981799
02240,175.70666666666665,02090,110.17177591701851,110.17177591701851
02290,324.4266666666666,02090,152.7904267758487,152.7904267758487
31015,102.10833333333333,46135,66.39686194500177,66.39686194500177
31017,171.87166666666664,31111,109.63032139587922,109.63032139587922
31031,163.70333333333335,31111,115.3440065807331,115.3440065807331
31103,174.495,46135,102.28014247314054,102.28014247314054
31149,164.49666666666664,31019,109.30515928570192,109.30515928570192
46003,34.60666666666667,46035,24.456317440950023,24.456317440950023
46005,65.48333333333333,46035,46.60364755948008,46.60364755948008
46015,69.23,46035,57.590080994641944,57.590080994641944
46017,108.36333333333333,46035,70.60123494863197,70.60123494863197
46023,102.595,46135,44.092540666427134,44.092540666427134
46041,235.84333333333333,46013,119.09712483244047,119.09712483244047
46045,44.15,46013,33.81243176665534,33.81243176665534
46049,96.63666666666667,46013,42.55961824031323,42.55961824031323
46053,145.75,46135,71.8952440891448,71.8952440891448
46055,137.32833333333335,46103,81.42410006512563,81.42410006512563
46059,115.54166666666667,46035,70.73350533015858,70.73350533015858
46065,158.91666666666666,46035,117.9780741964868,117.9780741964868
46069,144.12166666666664,46035,82.24509090707825,82.24509090707825
46071,150.17333333333332,46103,82.18488567766514,82.18488567766514
46073,71.89166666666667,46035,36.32915542202778,36.32915542202778
46075,138.77833333333334,46035,125.62407978205316,125.62407978205316
46085,131.07666666666668,46035,85.29267967882821,85.29267967882821
46095,183.925,46035,124.93684806417296,124.93684806417296
46107,144.84666666666666,46013,78.12941782337354,78.12941782337354
46115,75.11833333333334,46013,39.47134126594412,39.47134126594412
46117,157.255,46035,123.8825937923721,123.8825937923721
46119,162.40833333333333,46013,97.9588174853419,97.9588174853419
46121,193.29166666666666,46035,133.93343448561245,133.93343448561245
46123,160.16833333333335,46035,93.78248831285933,93.78248831285933
46129,121.02,46013,90.1361847570525,90.1361847570525
46137,265.25333333333333,46103,102.13989208648694,102.13989208648694
38003,42.20666666666667,38093,33.46907917857317,33.46907917857317
38005,54.99333333333333,38071,16.309542772208946,16.309542772208946
38009,85.99666666666667,38101,50.342611328939434,50.342611328939434
38015,0,38015,0,0
38019,104.63666666666667,38071,47.47324764297976,47.47324764297976
38027,74.26,38071,31.062486335694746,31.062486335694746
38029,77.43666666666667,38015,46.201619839468435,46.201619839468435
38031,59.07666666666667,38093,39.96630025249779,39.96630025249779
38037,95.305,38015,53.928907524628855,53.928907524628855
38039,79.855,38093,45.18036890308869,45.18036890308869
38043,61.88,38015,45.68782592517401,45.68782592517401
38045,73.24833333333332,38093,36.756442474049095,36.756442474049095
38047,88.93833333333333,38093,48.28576504263974,48.28576504263974
38049,76.73333333333333,38101,29.126250861339056,29.126250861339056
38051,118.53500000000001,38093,64.21191791495073,64.21191791495073
38055,63.925,38101,50.43070432270645,50.43070432270645
38057,89.77666666666667,38015,55.611683645573024,55.611683645573024
38059,23.803333333333335,38015,10.694073964723065,10.694073964723065
38063,59.144999999999996,38071,32.42911467064146,32.42911467064146
38065,55.68,38015,32.92205584729301,32.92205584729301
38069,76.78666666666666,38071,54.707034179657015,54.707034179657015
38071,0,38071,0,0
38075,68.34166666666667,38101,33.019892507295566,33.019892507295566
38079,127.98666666666666,38071,66.39970101915257,66.39970101915257
38083,121.89833333333333,38015,56.12982808461548,56.12982808461548
38085,101.46833333333333,38015,45.37848414050061,45.37848414050061
38093,0,38093,0,0
38095,84.065,38071,35.81334067741078,35.81334067741078
38101,0,38101,0,0
38103,110.53999999999999,38071,53.82055533851582,53.82055533851582
46021,128.9,38015,77.32481642340642,77.32481642340642
46031,132.065,38015,73.94209475412222,73.94209475412222
46089,79.42333333333333,46013,43.20071706237192,43.20071706237192
16001,0,16001,0,0
16003,104.11833333333334,16075,62.26791040871141,62.26791040871141
16009,93.68,16055,33.40054726108962,33.40054726108962
16015,80.93833333333333,16001,26.104746828074994,26.104746828074994
16017,0,16017,0,0
16021,68.64166666666667,16017,36.03073871373932,36.03073871373932
16027,0,16027,0,0
16035,72.11666666666666,53003,39.41870406002279,39.41870406002279
16045,44.65,16027,19.590938473844666,19.590938473844666
16049,109.73666666666666,53003,54.287329477140304,54.287329477140304
16055,0,16055,0,0
16057,0,16057,0,0
16061,93.39,53003,39.751979450428884,39.751979450428884
16069,19.023333333333333,53003,5.529633808507903,5.529633808507903
16073,45.60333333333333,16027,15.655471626006863,15.655471626006863
16075,0,16075,0,0
16079,72.94166666666666,16055,38.00502152891206,38.00502152891206
16085,137.97666666666666,16001,65.53567769159355,65.53567769159355
16087,33.87833333333334,16075,19.305757072993313,19.305757072993313
41001,94.485,41061,40.76488055433639,40.76488055433639
41023,181.90666666666667,41045,78.15222331097138,78.15222331097138
41025,181.05666666666667,41017,101.09974438880333,101.09974438880333
41045,0,41045,0,0
41049,67.895,53005,31.611918007587953,31.611918007587953
41059,0,41059,0,0
41061,0,41061,0,0
41063,95.32333333333332,41061,35.28219730107387,35.28219730107387
53001,57.78,53025,28.161092472041464,28.161092472041464
53003,0,53003,0,0
53005,0,53005,0,0
53013,45.89666666666667,53071,26.092961081578597,26.092961081578597
53019,105.95333333333333,53065,40.0445146425138,40.0445146425138
53021,0,53021,0,0
53023,43.01,53003,24.966966294985422,24.966966294985422
53025,0,53025,0,0
53043,77.64,53063,44.56431095730887,44.56431095730887
53047,0,53047,0,0
53051,76.00166666666668,53063,27.075617124115112,27.075617124115112
53063,0,53063,0,0
53065,0,53065,0,0
53071,0,53071,0,0
53075,0,53075,0,0
05001,74.82333333333332,05069,35.32051686224331,35.32051686224331
05031,0,05031,0,0
05035,0,05035,0,0
05037,29.113333333333333,05123,16.25927149960485,16.25927149960485
05055,29.755,05031,18.239570686860674,18.239570686860674
05077,29.706666666666667,05123,15.820303967095946,15.820303967095946
05093,0,05093,0,0
05095,63.97,05123,30.22915164165905,30.22915164165905
05107,62.445,28027,22.783816101078834,22.783816101078834
05111,36.586666666666666,05031,17.129637063507886,17.129637063507886
05117,57.82166666666667,05085,24.83583760784643,24.83583760784643
05123,0,05123,0,0
05147,55.843333333333334,05145,29.494406760315385,29.494406760315385
28011,0,28011,0,0
28027,0,28027,0,0
28033,0,28033,0,0
28093,44.361666666666665,28033,24.23278092876946,24.23278092876946
28107,37.11666666666667,28071,23.300502129942974,23.300502129942974
28119,32.175,28027,17.848212124148624,17.848212124148624
28133,49.29333333333333,28011,16.27780687304057,16.27780687304057
28135,54.583333333333336,28027,26.377248154475563,26.377248154475563
28137,40.931666666666665,28033,19.567466963476154,19.567466963476154
28143,48.36666666666667,28033,26.413521305273253,26.413521305273253
47047,45.88166666666667,47157,23.470766892905097,23.470766892905097
47157,0,47157,0,0
47167,47.5,47157,25.031172582049827,25.031172582049827
40011,64.79166666666667,40017,45.96852778730511,45.96852778730511
40015,66.69,40051,27.972054721086213,27.972054721086213
40017,0,40017,0,0
40019,0,40019,0,0
40027,0,40027,0,0
40031,0,40031,0,0
40033,45.61833333333333,40031,22.70259516163399,22.70259516163399
40049,49.431666666666665,40019,35.07728730600505,35.07728730600505
40051,0,40051,0,0
40063,61.70333333333333,40125,28.81854319817613,28.81854319817613
40067,56.718333333333334,40137,27.041127151229688,27.041127151229688
40073,52.461666666666666,40047,30.16899587413079,30.16899587413079
40081,40.21,40125,23.481162485764536,23.481162485764536
40083,33.79333333333333,40109,20.870491011257098,20.870491011257098
40087,28.475,40027,12.0741470166855,12.0741470166855
40099,37.60333333333333,40019,23.984102774031058,23.984102774031058
40109,0,40109,0,0
40119,0,40119,0,0
40123,0,40123,0,0
40125,0,40125,0,0
40133,40.19666666666667,40125,20.413290870016954,20.413290870016954
40137,0,40137,0,0
48077,23.855,48485,18.84520623122869,18.84520623122869
48337,60.916666666666664,48097,36.11352729893429,36.11352729893429
48485,0,48485,0,0
21013,0,21013,0,0
21071,51.59,21193,18.326258449577935,18.326258449577935
21095,68.43833333333333,21013,27.197383616514614,27.197383616514614
21119,33.63666666666667,21193,14.986200342081743,14.986200342081743
21131,33.74333333333333,21193,13.830780825704487,13.830780825704487
21133,47.138333333333335,51720,17.6384596932701,17.6384596932701
21193,0,21193,0,0
21195,0,21195,0,0
37011,43.538333333333334,37189,17.221132070807812,17.221132070807812
37021,0,37021,0,0
37087,0,37087,0,0
37089,0,37089,0,0
37099,36.63666666666666,37113,15.785401706798977,15.785401706798977
37111,31.225,37023,21.701231697314658,21.701231697314658
37115,39.098333333333336,37021,18.157941453422307,18.157941453422307
37121,68.81166666666667,37189,29.81733811817792,29.81733811817792
37173,49.735,37113,19.510846170707037,19.510846170707037
37199,51.74166666666667,37021,26.724173060827997,26.724173060827997
47019,34.89833333333333,47179,12.834902570531247,12.834902570531247
47025,43.02166666666667,21013,13.74917384649567,13.74917384649567
47029,37.406666666666666,47063,19.776641185291574,19.776641185291574
47057,40.09166666666667,47063,11.105135695958046,11.105135695958046
47059,0,47059,0,0
47063,0,47063,0,0
47067,48.001666666666665,47063,21.168881769737137,21.168881769737137
47073,46.71333333333334,47163,19.862106410151537,19.862106410151537
47089,29.331666666666667,47063,13.557836097875148,13.557836097875148
47091,44.475,37189,18.292402081532735,18.292402081532735
47155,46.05333333333333,47009,23.212300641160535,23.212300641160535
47163,0,47163,0,0
47171,32.733333333333334,47179,12.241516014755382,12.241516014755382
47173,37.45166666666667,47093,21.285340901790416,21.285340901790416
47179,0,47179,0,0
51027,84.91166666666666,21195,24.478332268752443,24.478332268752443
51051,56.83166666666667,51720,19.576252742022664,19.576252742022664
51105,62.02333333333333,51720,30.68265141181774,30.68265141181774
51167,43.92666666666666,51191,17.258601766131992,17.258601766131992
51169,48.13333333333333,47163,15.314177572570408,15.314177572570408
51191,0,51191,0,0
51195,4.908333333333333,51720,1.0729603399092893,1.0729603399092893
51520,18.89333333333333,51191,12.622451032430178,12.622451032430178
51720,0,51720,0,0
08003,149.85833333333332,08101,86.24604766839973,86.24604766839973
08021,159.06166666666667,35028,93.27684407573105,93.27684407573105
08023,131.895,08101,80.12801629993457,80.12801629993457
08055,83.23166666666665,08101,47.00040547929978,47.00040547929978
08071,91.63833333333334,08101,74.6134391516615,74.6134391516615
08105,165.41833333333335,08051,81.8626326398651,81.8626326398651
08109,171.12,08051,71.87094262015437,71.87094262015437
35001,0,35001,0,0
35006,110.92,35001,67.64086416465372,67.64086416465372
35007,151.33333333333334,08101,105.23287846973926,105.23287846973926
35019,129.15,35001,85.04846841075616,85.04846841075616
35021,233.73166666666665,35049,107.97642015295548,107.97642015295548
35028,0,35028,0,0
35033,131.24666666666667,35049,50.08989971121964,50.08989971121964
35039,67.45833333333333,35028,23.435601150149395,23.435601150149395
35043,0,35043,0,0
35047,85.27166666666668,35049,39.342080151001554,39.342080151001554
35049,0,35049,0,0
35053,100.06166666666667,35001,68.77101495257517,68.77101495257517
35055,102.79333333333334,35028,53.878657995263666,53.878657995263666
35057,67.47,35001,33.5045012649333,33.5045012649333
35061,39.905,35001,25.155970762324156,25.155970762324156
05005,0,05005,0,0
05009,65.63166666666667,05005,40.059736603588846,40.059736603588846
05023,0,05023,0,0
05029,30.73166666666667,05045,18.489330249327754,18.489330249327754
05045,0,05045,0,0
05049,54.86,05005,29.410166219655924,29.410166219655924
05063,0,05063,0,0
05065,64.36666666666666,05063,30.064345996627985,30.064345996627985
05067,47.61333333333334,05063,22.087634968101856,22.087634968101856
05075,50.934999999999995,05031,27.430468669229086,27.430468669229086
05085,0,05085,0,0
05089,33.556666666666665,05005,15.727945761068769,15.727945761068769
05101,96.48,05005,38.98626086358882,38.98626086358882
05105,51.19166666666667,05045,22.28035945992636,22.28035945992636
05121,67.84166666666667,05031,36.857755074613415,36.857755074613415
05129,90.135,05005,32.18700333661438,32.18700333661438
05135,61.51,05063,29.933847401390917,29.933847401390917
05137,70.065,05063,24.675219866486444,24.675219866486444
05141,61.64666666666667,05045,21.90643303938657,21.90643303938657
05145,0,05145,0,0
29067,77.53,29043,36.97323517811343,36.97323517811343
29091,0,29091,0,0
29149,56.015,29091,25.32106080880819,25.32106080880819
29153,44.69666666666667,05005,20.252369485144648,20.252369485144648
29181,47.77833333333333,29023,22.519446203919394,22.519446203919394
29203,0,29203,0,0
29215,63.97833333333333,29161,34.44891225460592,34.44891225460592
29229,84.17,29091,41.474531540669645,41.474531540669645
40005,43.763333333333335,40013,29.232208017763757,29.232208017763757
40013,0,40013,0,0
40023,32.461666666666666,48277,23.741144793728687,23.741144793728687
40029,47.38,40123,27.352005293016035,27.352005293016035
40069,52.00333333333333,40123,24.626923649999746,24.626923649999746
40085,31.39,40019,18.501771828709256,18.501771828709256
40095,35.91833333333333,40013,20.96478523363513,20.96478523363513
40127,68.96000000000001,48277,45.17082412297737,45.17082412297737
48085,0,48085,0,0
48097,0,48097,0,0
48113,0,48113,0,0
48119,31.926666666666666,48277,22.9812484591735,22.9812484591735
48121,0,48121,0,0
48139,0,48139,0,0
48147,39.776666666666664,48181,26.33670724585678,26.33670724585678
48181,0,48181,0,0
48213,0,48213,0,0
48223,36.78333333333333,48231,29.965018156758898,29.965018156758898
48231,0,48231,0,0
48257,33.415,48397,17.449815120893017,17.449815120893017
48277,0,48277,0,0
48349,0,48349,0,0
48379,35.07,48231,22.48949319832295,22.48949319832295
48397,0,48397,0,0
48439,0,48439,0,0
48467,45.28333333333333,48213,23.422692397045715,23.422692397045715
11001,0,11001,0,0
24003,0,24003,0,0
24005,0,24005,0,0
24009,0,24009,0,0
24013,0,24013,0,0
24017,0,24017,0,0
24021,0,24021,0,0
24027,0,24027,0,0
24031,0,24031,0,0
24033,0,24033,0,0
24043,0,24043,0,0
24510,0,24510,0,0
42001,0,42001,0,0
42055,0,42055,0,0
42057,63.80166666666666,42055,22.98773227254102,22.98773227254102
51013,0,51013,0,0
51043,24.861666666666668,51840,10.313078538554747,10.313078538554747
51047,0,51047,0,0
51059,0,51059,0,0
51061,0,51061,0,0
51069,0,51069,0,0
51099,33.18666666666667,51630,17.355420040853463,17.355420040853463
51107,0,51107,0,0
51113,32.74,51047,15.282397637663383,15.282397637663383
51137,30.111666666666668,51047,15.821984843820733,15.821984843820733
51139,49.57333333333334,51165,21.06353325140261,21.06353325140261
51153,0,51153,0,0
51157,39.42333333333333,51061,15.216771377298455,15.216771377298455
51171,37.541666666666664,51069,27.329238360007256,27.329238360007256
51177,0,51177,0,0
51179,0,51179,0,0
51187,33.56166666666667,51840,16.4909576524963,16.4909576524963
51510,0,51510,0,0
51600,9.528333333333334,51059,2.3812038669787454,2.3812038669787454
51610,0,51610,0,0
51630,0,51630,0,0
51683,0,51683,0,0
51685,6.745,51683,1.956113527289771,1.956113527289771
51840,0,51840,0,0
54003,0,54003,0,0
54037,22.941666666666666,54003,12.29785049447864,12.29785049447864
54065,46.291666666666664,54003,15.407643586487435,15.407643586487435
01005,77.02,01069,37.450262911844945,37.450262911844945
01031,41.336666666666666,01045,15.592022492110464,15.592022492110464
01045,0,01045,0,0
01061,44.93833333333334,01069,21.72026061745732,21.72026061745732
01067,39.01166666666666,01069,19.711061616865425,19.711061616865425
01069,0,01069,0,0
01109,0,01109,0,0
12005,0,12005,0,0
12013,66.63666666666667,12005,36.841239416389605,36.841239416389605
12037,108.51833333333335,12073,57.1274982386917,57.1274982386917
12039,33.21666666666667,12073,20.020262481278028,20.020262481278028
12045,86.55833333333334,12005,30.320397645943043,30.320397645943043
12059,69.81166666666667,01069,32.575874175064406,32.575874175064406
12063,48.675,01069,30.05372276092205,30.05372276092205
12077,78.35166666666667,12073,38.257080264896764,38.257080264896764
12091,0,12091,0,0
12131,77.33999999999999,12091,22.34310774803817,22.34310774803817
12133,55.73833333333334,12005,30.293505603649574,30.293505603649574
13007,49.163333333333334,13095,23.87371578694924,23.87371578694924
13037,53.126666666666665,13095,29.143892359388925,29.143892359388925
13061,67.04166666666667,01069,37.28219545011846,37.28219545011846
13087,0,13087,0,0
13099,54.43833333333334,13087,29.55196634082238,29.55196634082238
13201,31.10666666666667,13087,21.190547846932663,21.190547846932663
13239,78.385,13215,44.806920233187526,44.806920233187526
13243,60.958333333333336,13095,36.790495093350465,36.790495093350465
13253,32.99666666666666,13087,18.395110667396544,18.395110667396544
40009,0,40009,0,0
40039,57.06333333333334,40009,40.505776052315525,40.505776052315525
40043,104.46666666666667,40009,53.96875440910616,53.96875440910616
40045,103.975,40009,64.16874790953328,64.16874790953328
40055,46.15333333333333,40009,31.14405290497405,31.14405290497405
40057,88.49333333333334,40009,50.98314719036265,50.98314719036265
40065,67.40666666666667,40031,49.687353195541945,49.687353195541945
40075,71.03999999999999,40031,39.92827241478841,39.92827241478841
40129,38.12166666666667,40009,20.269243975202983,20.269243975202983
40141,69.87166666666667,40031,35.865507917923054,35.865507917923054
40149,56.02333333333333,40009,25.98818871626936,25.98818871626936
40153,103.77666666666667,40009,73.76443831064636,73.76443831064636
48065,38.09,48375,30.906552326496413,30.906552326496413
48075,114.30333333333333,40009,76.08290310839078,76.08290310839078
48087,81.94833333333332,40009,52.95302561483203,52.95302561483203
48101,130.685,48189,82.68224624281616,82.68224624281616
48129,71.41499999999999,48375,58.502357270546526,58.502357270546526
48155,99.50166666666668,48485,66.24396412003341,66.24396412003341
48179,60.67166666666667,48375,55.00828266856758,55.00828266856758
48191,114.59833333333333,48375,74.78714783890456,74.78714783890456
48197,82.4,48485,70.38602730033351,70.38602730033351
48211,104.66166666666666,40009,60.23209421633958,60.23209421633958
48233,72.41333333333334,48375,38.581108700486254,38.581108700486254
48269,142.32999999999998,48303,89.8517140744542,89.8517140744542
48275,94.07,48485,72.09317977064114,72.09317977064114
48295,148.93666666666667,40009,85.4157876559222,85.4157876559222
48345,88.6,48189,52.25296802467052,52.25296802467052
48357,125.385,48375,98.73257529547988,98.73257529547988
48393,89.30833333333334,48375,70.97379316653999,70.97379316653999
48483,66.315,40009,42.404342434296,42.404342434296
48487,56.68,48485,45.34882322836008,45.34882322836008
17127,20.89333333333333,21145,9.830836258251491,9.830836258251491
17151,57.19166666666667,21145,24.83014105615871,24.83014105615871
21007,28.476666666666667,21145,18.04408188799395,18.04408188799395
21033,50.083333333333336,21107,23.365643960409354,23.365643960409354
21035,0,21035,0,0
21039,40.934999999999995,21083,18.136005976784695,18.136005976784695
21047,0,21047,0,0
21075,40.723333333333336,21083,25.64647718223231,25.64647718223231
21083,0,21083,0,0
21105,34.485,21083,17.773334872187093,17.773334872187093
21139,40.35166666666667,21145,17.439292848126055,17.439292848126055
21143,46.44833333333334,21145,31.47107356399512,31.47107356399512
21145,0,21145,0,0
21157,29.93166666666667,21035,19.161855613873165,19.161855613873165
21221,30.815,21047,19.908865299849648,19.908865299849648
29155,34.516666666666666,47045,23.115408143358962,23.115408143358962
47005,64.08,21035,39.86558545487113,39.86558545487113
47017,54.906666666666666,47113,32.31951846136113,32.31951846136113
47023,34.505,47113,18.710916939750753,18.710916939750753
47033,31.321666666666665,47113,18.989479598703024,18.989479598703024
47039,56.440000000000005,47113,39.51226348538936,39.51226348538936
47043,0,47043,0,0
47045,0,47045,0,0
47053,37.718333333333334,47113,19.43604289021685,19.43604289021685
47069,58.97833333333333,47113,31.6919531778583,31.6919531778583
47071,59.46333333333334,28003,26.346539984268382,26.346539984268382
47075,37.31666666666667,47113,25.326184954030413,25.326184954030413
47077,35.85333333333333,47113,23.673508542181732,23.673508542181732
47079,36.39833333333333,21035,20.825689886171954,20.825689886171954
47083,56.30833333333333,47125,24.380817828785915,24.380817828785915
47085,51.538333333333334,47043,24.181685092718233,24.181685092718233
47095,38.32333333333334,47045,21.398581807168554,21.398581807168554
47097,33.64666666666667,47045,22.667394952276407,22.667394952276407
47109,30.916666666666668,28003,18.483369348388692,18.483369348388692
47113,0,47113,0,0
47125,0,47125,0,0
47131,39.92833333333333,47045,28.025730374826583,28.025730374826583
47135,73.70333333333333,47119,42.43617147695082,42.43617147695082
47161,56.63333333333333,47125,25.592676364704996,25.592676364704996
47183,52.04333333333333,21083,31.815349919136448,31.815349919136448
13001,43.016666666666666,13305,27.176177419087836,27.176177419087836
13005,36.245,13299,22.63940733309987,22.63940733309987
13025,39.580000000000005,13299,24.4600375943225,24.4600375943225
13029,0,13029,0,0
13031,0,13031,0,0
13033,35.13,13245,22.61788671927494,22.61788671927494
13043,36.02166666666667,13031,17.422075703025296,17.422075703025296
13051,0,13051,0,0
13103,39.21666666666667,13051,19.38341235912133,19.38341235912133
13107,54.47666666666667,13279,27.95374775611869,27.95374775611869
13109,36.17166666666667,13031,19.008170129960494,19.008170129960494
13127,0,13127,0,0
13161,65.9,13279,26.988754153562315,26.988754153562315
13163,52.108333333333334,13245,32.230704412056326,32.230704412056326
13165,43.401666666666664,13031,28.025859945299672,28.025859945299672
13167,40.281666666666666,13175,18.831335075643306,18.831335075643306
13175,0,13175,0,0
13179,0,13179,0,0
13183,35.115,13179,9.751763510425667,9.751763510425667
13191,43.85666666666667,13127,19.75753735833701,19.75753735833701
13209,33.81166666666667,13279,9.441328524200106,9.441328524200106
13229,18.775,13299,10.254727757526462,10.254727757526462
13251,34.005,13031,22.567429570205675,22.567429570205675
13267,43.19166666666667,13279,20.87109938660936,20.87109938660936
13271,39.255,13091,21.072522383782076,21.072522383782076
13279,0,13279,0,0
13283,33.68,13175,18.984050490262682,18.984050490262682
13299,0,13299,0,0
13303,49.55833333333333,13009,28.376614043418734,28.376614043418734
13305,0,13305,0,0
13309,41.843333333333334,13091,22.814579248510384,22.814579248510384
45013,0,45013,0,0
45053,52.90333333333333,13051,13.99554191265879,13.99554191265879
31007,30.395,31157,21.268141639688633,21.268141639688633
31013,67.92166666666667,31157,44.00378901549024,44.00378901549024
31045,114.86666666666666,31157,70.95752017252293,70.95752017252293
31105,55.34666666666667,31157,43.80250257433153,43.80250257433153
31123,47.901666666666664,31157,28.768864926485282,28.768864926485282
31157,0,31157,0,0
31161,140.29333333333335,31157,87.30486139811322,87.30486139811322
31165,55.835,31157,38.37115090574529,38.37115090574529
46007,181.77666666666667,46103,92.52819736298021,92.52819736298021
46019,84.72833333333332,46103,49.98796412831748,49.98796412831748
46033,70.53,46103,27.02762739841787,27.02762739841787
46047,77.31833333333334,46103,49.18148644322698,49.18148644322698
46081,59.40333333333333,46103,39.84297234097299,39.84297234097299
46093,46.968333333333334,46103,15.34741959148347,15.34741959148347
46102,176.80166666666668,46103,71.04337925301023,71.04337925301023
46103,0,46103,0,0
56005,111.56333333333333,56033,81.50595648129956,81.50595648129956
56009,55.585,56025,41.451823100050575,41.451823100050575
56011,105.47166666666666,46103,74.26458178352894,74.26458178352894
56015,53.388333333333335,31157,30.539631680012736,30.539631680012736
56025,0,56025,0,0
56027,135.91666666666666,56025,76.28477241180906,76.28477241180906
56031,85.12333333333332,56021,64.68021462493273,64.68021462493273
56045,123.30833333333334,46103,55.42228913049995,55.42228913049995
08001,0,08001,0,0
08005,0,08005,0,0
08013,0,08013,0,0
08014,0,08014,0,0
08015,95.58,08119,46.368451794258185,46.368451794258185
08019,41.82666666666667,08059,21.38821069629522,21.38821069629522
08027,72.59166666666667,08101,40.97614171802887,40.97614171802887
08031,0,08031,0,0
08035,0,08035,0,0
08037,0,08037,0,0
08039,0,08039,0,0
08041,0,08041,0,0
08043,53.62833333333333,08101,32.69734476464898,32.69734476464898
08047,47.38166666666667,08059,20.849607100737458,20.849607100737458
08049,144.475,08059,42.22505915948606,42.22505915948606
08057,107.04333333333334,56001,35.50909862013671,35.50909862013671
08059,0,08059,0,0
08065,91.145,08037,32.188202779705684,32.188202779705684
08069,0,08069,0,0
08073,97.225,08039,50.69697277558877,50.69697277558877
08087,77.14666666666668,08001,53.856624650224724,53.856624650224724
08093,108.24333333333334,08119,36.04298301297958,36.04298301297958
08101,0,08101,0,0
08107,0,08107,0,0
08117,83.025,08059,36.14117350626131,36.14117350626131
08119,0,08119,0,0
08123,0,08123,0,0
56001,0,56001,0,0
56007,187.75833333333333,56001,80.35603857758218,80.35603857758218
56021,0,56021,0,0
09003,0,09003,0,0
09007,0,09007,0,0
09011,0,09011,0,0
09013,0,09013,0,0
09015,0,09015,0,0
23031,0,23031,0,0
25001,0,25001,0,0
25005,0,25005,0,0
25007,108.08,25001,23.590065418294017,23.590065418294017
25009,0,25009,0,0
25011,0,25011,0,0
25013,0,25013,0,0
25015,0,25015,0,0
25017,0,25017,0,0
25019,152.535,25001,31.88152716658484,31.88152716658484
25021,0,25021,0,0
25023,0,25023,0,0
25025,0,25025,0,0
25027,0,25027,0,0
33005,0,33005,0,0
33011,0,33011,0,0
33013,0,33013,0,0
33015,0,33015,0,0
33017,56.61666666666667,33015,19.94708210162962,19.94708210162962
44001,0,44001,0,0
44003,0,44003,0,0
44005,0,44005,0,0
44007,0,44007,0,0
44009,0,44009,0,0
19119,43.67166666666667,46083,26.241925911213347,26.241925911213347
19141,73.28500000000001,19059,33.439000088384375,33.439000088384375
19143,52.401666666666664,19059,27.437101810483753,27.437101810483753
19149,34.330000000000005,19193,19.681626158140276,19.681626158140276
19167,67.19833333333334,19193,34.99099359434644,34.99099359434644
19193,0,19193,0,0
27101,44.79333333333333,27083,30.94936825723796,30.94936825723796
27105,56.51,19059,31.505034414714306,31.505034414714306
27117,59.690000000000005,27083,34.3344208102787,34.3344208102787
27133,38.94833333333334,46099,25.504298805383563,25.504298805383563
31027,36.855000000000004,46135,22.627760724884336,22.627760724884336
31043,15.898333333333333,19193,5.351984291618774,5.351984291618774
31051,42.495,19193,20.647763537561772,20.647763537561772
31107,48.336666666666666,46135,27.370663224313525,27.370663224313525
31139,62.836666666666666,46135,45.43255377722955,45.43255377722955
31179,68.69833333333332,46027,39.47701934008691,39.47701934008691
46009,42.12166666666667,46135,23.845355126514416,23.845355126514416
46011,0,46011,0,0
46027,0,46027,0,0
46035,0,46035,0,0
46043,69.64166666666667,46035,28.07058647297449,28.07058647297449
46061,20.96333333333333,46035,13.87030428327302,13.87030428327302
46067,69.73333333333333,46035,29.493497047340494,29.493497047340494
46077,51.373333333333335,46011,31.11693378610739,31.11693378610739
46079,55.15333333333333,46011,26.305760285524332,26.305760285524332
46083,0,46083,0,0
46087,41.82333333333334,46035,31.670709845086197,31.670709845086197
46097,55.975,46035,32.20470701796502,32.20470701796502
46099,0,46099,0,0
46101,38.39833333333333,46011,21.10018364570793,21.10018364570793
46111,41.27833333333333,46035,21.32339195432984,21.32339195432984
46125,50.916666666666664,46083,20.76979259670197,20.76979259670197
46127,0,46127,0,0
46135,0,46135,0,0
39005,0,39005,0,0
39007,0,39007,0,0
39013,0,39013,0,0
39019,44.95333333333333,39151,20.50789736098318,20.50789736098318
39029,0,39029,0,0
39031,0,39031,0,0
39035,0,39035,0,0
39055,0,39055,0,0
39059,0,39059,0,0
39067,37.89666666666667,39081,19.39398556576517,19.39398556576517
39075,44.656666666666666,39031,18.53667117706037,18.53667117706037
39081,0,39081,0,0
39085,0,39085,0,0
39093,0,39093,0,0
39099,0,39099,0,0
39103,0,39103,0,0
39111,53.005,54051,22.58860830968439,22.58860830968439
39119,0,39119,0,0
39121,36.63666666666666,39059,17.16273188095565,17.16273188095565
39133,0,39133,0,0
39151,0,39151,0,0
39153,0,39153,0,0
39155,0,39155,0,0
39157,0,39157,0,0
39169,0,39169,0,0
42007,0,42007,0,0
42019,0,42019,0,0
42073,0,42073,0,0
42085,39.64,39155,19.14362871821256,19.14362871821256
54009,25.17,39081,6.81254787371582,6.81254787371582
54029,0,54029,0,0
54051,0,54051,0,0
54069,0,54069,0,0
54095,60.486666666666665,54107,31.0013983198973,31.0013983198973
54103,59.763333333333335,54051,20.888234244984694,20.888234244984694
13047,0,13047,0,0
13055,37.97666666666667,13115,18.933059388248438,18.933059388248438
13083,40.11833333333333,47115,16.97840086424816,16.97840086424816
13111,0,13111,0,0
13123,38.111666666666665,13111,18.556521941880845,18.556521941880845
13129,0,13129,0,0
13213,16.951666666666668,13313,9.945518890870714,9.945518890870714
13281,35.69666666666667,37039,17.559928485101672,17.559928485101672
13291,32.28333333333333,37039,15.507897653612151,15.507897653612151
13295,32.025,13047,9.244966036726339,9.244966036726339
13313,0,13313,0,0
37039,0,37039,0,0
37043,24.303333333333335,37039,13.062974052340062,13.062974052340062
37075,53.67333333333333,37039,20.753911588743303,20.753911588743303
47001,0,47001,0,0
47007,50.12833333333333,47035,25.251447611605318,25.251447611605318
47009,0,47009,0,0
47011,0,47011,0,0
47013,43.211666666666666,47001,20.9531011199673,20.9531011199673
47035,0,47035,0,0
47049,47.20166666666667,47035,28.523571308463396,28.523571308463396
47061,49.735,47115,17.369557587448632,17.369557587448632
47065,0,47065,0,0
47093,0,47093,0,0
47105,0,47105,0,0
47107,41.711666666666666,47011,23.149099548009602,23.149099548009602
47115,0,47115,0,0
47121,50.75333333333333,47011,23.25342059286659,23.25342059286659
47123,36.30333333333333,47009,17.194057179803718,17.194057179803718
47129,33.225,47145,15.525132176780913,15.525132176780913
47139,31.116666666666667,47011,16.71327874610917,16.71327874610917
47143,52.025,47011,27.424790558125892,27.424790558125892
47145,0,47145,0,0
47151,66.40166666666667,21235,31.65347552175368,31.65347552175368
47153,36.681666666666665,47115,20.9563361267395,20.9563361267395
47175,58.919999999999995,47141,29.719759359248414,29.719759359248414
37033,23.223333333333336,51590,13.499038753777786,13.499038753777786
37145,50.20666666666667,51083,20.84098747673536,20.84098747673536
37181,0,37181,0,0
37185,29.279999999999998,37181,15.892361984162097,15.892361984162097
51003,0,51003,0,0
51007,39.16,51147,18.370521567489583,18.370521567489583
51009,26.08833333333333,51680,9.934834502030453,9.934834502030453
51011,36.016666666666666,51680,19.543255605730263,19.543255605730263
51015,0,51015,0,0
51019,0,51019,0,0
51025,64.2,37181,29.361187504666855,29.361187504666855
51029,31.490000000000002,51049,14.16059775867294,14.16059775867294
51031,20.353333333333335,51680,9.149686672888961,9.149686672888961
51037,56.10333333333333,51147,19.915611600708594,19.915611600708594
51049,0,51049,0,0
51065,34.60166666666667,51540,14.325575181691029,14.325575181691029
51075,0,51075,0,0
51079,32.803333333333335,51003,14.724946584467379,14.724946584467379
51083,0,51083,0,0
51109,44.27333333333333,51075,20.82206377610436,20.82206377610436
51111,57.365,51147,22.88259006406374,22.88259006406374
51117,46.60166666666667,37181,25.15265617595581,25.15265617595581
51125,48.586666666666666,51003,23.393286290640912,23.393286290640912
51135,38.34166666666667,51147,20.40655800192274,20.40655800192274
51143,36.52333333333333,51590,12.321824165175219,12.321824165175219
51145,27.995,51075,11.059059287221517,11.059059287221517
51147,0,51147,0,0
51163,0,51163,0,0
51165,0,51165,0,0
51530,12.538333333333332,51163,5.507888506052237,5.507888506052237
51540,0,51540,0,0
51590,0,51590,0,0
51660,0,51660,0,0
51678,3.896666666666667,51163,0.9333134284759105,0.9333134284759105
51680,0,51680,0,0
51790,0,51790,0,0
51820,15.216666666666667,51015,8.157418100729346,8.157418100729346
01057,55.13,01127,30.601139190135314,30.601139190135314
01075,43.255,28087,23.19359122819939,23.19359122819939
01093,72.4,01127,40.629501396850436,40.629501396850436
01107,43.67333333333333,28087,24.396648869900222,24.396648869900222
28003,0,28003,0,0
28007,74.55833333333334,28043,47.09309019063925,47.09309019063925
28009,68.33333333333333,28033,36.37395320805894,36.37395320805894
28013,59.440000000000005,28071,30.484850150611013,30.484850150611013
28015,31.303333333333335,28083,16.757941781775674,16.757941781775674
28017,47.88,28081,27.513156933855278,27.513156933855278
28019,48.45333333333333,28105,24.756435894869835,24.756435894869835
28025,36.07666666666667,28105,14.382302570182294,14.382302570182294
28043,0,28043,0,0
28051,59.348333333333336,28089,30.97915193962053,30.97915193962053
28057,37.181666666666665,28081,17.115295646059867,17.115295646059867
28069,47.255,28075,25.0740602926082,25.0740602926082
28071,0,28071,0,0
28079,62.74666666666667,28089,37.86098075193591,37.86098075193591
28081,0,28081,0,0
28083,0,28083,0,0
28087,0,28087,0,0
28095,51.855000000000004,28087,26.980750402314374,26.980750402314374
28097,45.74,28043,19.991217906199662,19.991217906199662
28099,68.27,28075,34.87030027074032,34.87030027074032
28103,37.769999999999996,28087,27.001432472816283,27.001432472816283
28105,0,28105,0,0
28115,34.345,28081,17.858198673312735,17.858198673312735
28117,0,28117,0,0
28139,51.50833333333333,28003,23.06056494841494,23.06056494841494
28141,34.836666666666666,28003,19.602684428282025,19.602684428282025
28145,32.891666666666666,28081,22.500128408245967,22.500128408245967
28155,47.615,28105,24.590751594485216,24.590751594485216
28159,52.34666666666667,28105,28.056259825331615,28.056259825331615
28161,39.52166666666667,28071,21.470804132469592,21.470804132469592
26011,46.50666666666667,26017,27.76158341937245,27.76158341937245
26017,0,26017,0,0
26037,0,26037,0,0
26045,26.834999999999997,26065,13.215378597817558,13.215378597817558
26049,0,26049,0,0
26057,33.81666666666667,26073,20.20601736577303,20.20601736577303
26063,0,26063,0,0
26065,0,26065,0,0
26067,47.17333333333333,26081,26.914265293429985,26.914265293429985
26069,0,26069,0,0
26073,0,26073,0,0
26075,0,26075,0,0
26087,36.12166666666667,26049,22.774720786107707,22.774720786107707
26091,0,26091,0,0
26093,0,26093,0,0
26099,0,26099,0,0
26111,0,26111,0,0
26115,0,26115,0,0
26117,66.46333333333334,26073,29.108871146654202,29.108871146654202
26125,0,26125,0,0
26145,0,26145,0,0
26147,0,26147,0,0
26151,71.41000000000001,26063,33.1968574541464,33.1968574541464
26155,38.38666666666666,26049,20.931573967056785,20.931573967056785
26157,42.97833333333333,26145,28.31241055603862,28.31241055603862
26161,0,26161,0,0
26163,0,26163,0,0
20137,122.28833333333334,20051,71.28545114612999,71.28545114612999
20147,84.99,20051,60.622638398782286,60.622638398782286
31001,0,31001,0,0
31003,93.09833333333333,31141,58.35470118134412,58.35470118134412
31009,112.49666666666667,31111,67.58829166630099,67.58829166630099
31011,52.58833333333334,31141,35.589938298468006,35.589938298468006
31019,0,31019,0,0
31035,30.103333333333335,31001,20.496330121337778,20.496330121337778
31041,77.70666666666666,31019,55.47789038299885,55.47789038299885
31047,60.76166666666666,31019,41.47353111146776,41.47353111146776
31061,56.68833333333334,31019,38.62776828125547,38.62776828125547
31065,94.21166666666666,31019,56.39137782154918,56.39137782154918
31071,102.89166666666667,31019,71.95464684962879,71.95464684962879
31073,67.575,31019,40.73910985647533,40.73910985647533
31077,63.15833333333333,31079,44.599184448465316,44.599184448465316
31079,0,31079,0,0
31081,28.923333333333336,31079,18.70350226462128,18.70350226462128
31083,73.77333333333333,31019,44.53069588710168,44.53069588710168
31089,122.24666666666667,46135,74.88438645485938,74.88438645485938
31093,34.915,31079,19.730990510113536,19.730990510113536
31099,32.89,31019,16.47848818634102,16.47848818634102
31115,105.40166666666667,31019,77.72452313255998,77.72452313255998
31121,34.16166666666666,31079,23.122988890073852,23.122988890073852
31125,39.215,31141,26.803584901069097,26.803584901069097
31137,48.60666666666667,31019,25.581993392151496,25.581993392151496
31163,48.28333333333333,31019,34.35031328060031,34.35031328060031
31175,80.06666666666666,31019,54.250228524911,54.250228524911
31181,40.75333333333333,31001,27.182884839673665,27.182884839673665
31183,85.81,31079,66.4711616363527,66.4711616363527
12001,0,12001,0,0
12003,49.38333333333333,12031,26.728824527557475,26.728824527557475
12007,43.53,12019,21.800695826378256,21.800695826378256
12017,0,12017,0,0
12019,0,12019,0,0
12023,0,12023,0,0
12029,78.04666666666667,12001,40.11051316038475,40.11051316038475
12031,0,12031,0,0
12035,0,12035,0,0
12041,74.44333333333334,12023,25.158681055798233,25.158681055798233
12053,0,12053,0,0
12069,0,12069,0,0
12075,72.86333333333333,12001,25.550392189476508,25.550392189476508
12083,0,12083,0,0
12089,0,12089,0,0
12095,0,12095,0,0
12101,0,12101,0,0
12107,0,12107,0,0
12109,0,12109,0,0
12117,0,12117,0,0
12119,0,12119,0,0
12125,36.63333333333333,12023,19.873446254795894,19.873446254795894
12127,0,12127,0,0
13039,27.25,12089,14.111840661432954,14.111840661432954
13049,58.141666666666666,13299,26.23510184777117,26.23510184777117
48009,29.928333333333335,48485,14.718348579307381,14.718348579307381
48023,58.85333333333333,48485,46.82096982198209,46.82096982198209
48027,0,48027,0,0
48035,70.69666666666667,48309,32.21278208836476,32.21278208836476
48049,0,48049,0,0
48059,39.056666666666665,48441,18.8943768530341,18.8943768530341
48083,34.585,48049,26.137812946458947,26.137812946458947
48093,40.40333333333333,48049,25.622509545361087,25.622509545361087
48099,0,48099,0,0
48133,63.565000000000005,48143,37.59342438354417,37.59342438354417
48143,0,48143,0,0
48193,55.64,48143,31.941707271853925,31.941707271853925
48207,74.52666666666667,48441,52.49304034767217,52.49304034767217
48217,48.138333333333335,48139,31.66018412662417,31.66018412662417
48221,0,48221,0,0
48237,92.24333333333334,48485,38.210121613113735,38.210121613113735
48251,0,48251,0,0
48253,37.735,48441,20.074625738816657,20.074625738816657
48281,41.59166666666667,48099,19.24787285978247,19.24787285978247
48309,0,48309,0,0
48333,42.97666666666667,48049,29.62048232302057,29.62048232302057
48363,47.74166666666667,48367,25.370948659413013,25.370948659413013
48367,0,48367,0,0
48411,68.935,48049,39.90025816951231,39.90025816951231
48417,62.79666666666667,48441,32.814336572307425,32.814336572307425
48425,26.683333333333334,48221,13.78806196223496,13.78806196223496
48429,96.90833333333333,48441,54.50258056244061,54.50258056244061
48441,0,48441,0,0
48447,116.32666666666667,48485,61.87483725171248,61.87483725171248
48497,56.70333333333333,48121,26.34154353139731,26.34154353139731
48503,90.60166666666667,48485,52.44056344001317,52.44056344001317
17023,40.87166666666667,18167,23.110475547140105,23.110475547140105
17025,50.94666666666667,17049,26.627485391982,26.627485391982
17029,0,17029,0,0
17033,76.43,18167,36.99738418228572,36.99738418228572
17035,41.416666666666664,17029,14.740085231922075,14.740085231922075
17047,55.538333333333334,18051,27.455643351560926,27.455643351560926
17049,0,17049,0,0
17059,66.66,17199,40.30073564880816,40.30073564880816
17065,44.075,17081,24.42858573206714,24.42858573206714
17069,80.53500000000001,21145,35.45751895064942,35.45751895064942
17079,50.18,17049,22.932218931131988,22.932218931131988
17101,56.81166666666666,18051,30.404674098817505,30.404674098817505
17159,73.50166666666668,17049,36.55374219104872,36.55374219104872
17165,35.156666666666666,17199,23.955040525262625,23.955040525262625
17185,30.456666666666667,18051,15.622119049222729,15.622119049222729
17191,54.080000000000005,17081,27.372018503971088,27.372018503971088
17193,73.53166666666667,18051,35.75198669676608,35.75198669676608
18025,67.23,18037,26.91267944256859,26.91267944256859
18027,60.718333333333334,18037,25.36345629096097,25.36345629096097
18037,0,18037,0,0
18051,0,18051,0,0
18055,52.526666666666664,18105,25.57587249635653,25.57587249635653
18083,47.031666666666666,18051,27.662813032329574,27.662813032329574
18101,51.04333333333333,18037,22.358481230436823,22.358481230436823
18117,36.483333333333334,18093,19.730855087768656,19.730855087768656
18123,58.075,21059,26.745353684468615,26.745353684468615
18125,41.09,18037,17.82595027706994,17.82595027706994
18129,34.36,18163,14.747978236897973,14.747978236897973
18147,38.684999999999995,21059,18.87244495480985,18.87244495480985
18153,47.968333333333334,18167,24.645587602518475,24.645587602518475
18163,0,18163,0,0
18173,0,18173,0,0
21055,57.86833333333333,21145,31.526374068255194,31.526374068255194
21059,0,21059,0,0
21091,45.68,21059,17.90485649690199,17.90485649690199
21101,25.238333333333333,18163,12.480688696274463,12.480688696274463
21107,0,21107,0,0
21149,38.873333333333335,21059,17.449351112456945,17.449351112456945
21177,0,21177,0,0
21183,31.941666666666666,21059,21.993369362737308,21.993369362737308
21225,57.815000000000005,18163,31.65705777267553,31.65705777267553
21233,44.044999999999995,21107,15.994834397312582,15.994834397312582
01003,0,01003,0,0
01007,51.57166666666667,01125,25.433536390128992,25.433536390128992
01013,63.45166666666667,01101,41.43746519348263,41.43746519348263
01023,71.47833333333332,28075,36.62312139185706,36.62312139185706
01025,107.78999999999999,01097,67.98415786342626,67.98415786342626
01035,93.53999999999999,01101,60.09954309866752,60.09954309866752
01039,84.7,01045,44.08467577987303,44.08467577987303
01041,43.36333333333334,01109,20.72153728509016,20.72153728509016
01047,0,01047,0,0
01053,68.27833333333334,12033,39.91318949100384,39.91318949100384
01063,0,01063,0,0
01065,51.25,01063,17.572999808130355,17.572999808130355
01085,44.615,01101,25.596607684619187,25.596607684619187
01091,61.041666666666664,01063,34.68087340328679,34.68087340328679
01099,121.315,01097,65.97058154276006,65.97058154276006
01105,48.635,01047,22.86300471340747,22.86300471340747
01119,46.806666666666665,01063,25.43944029251176,25.43944029251176
01125,0,01125,0,0
01129,106.59166666666667,01097,50.426243465003175,50.426243465003175
01131,85.39166666666667,01047,34.34173513472786,34.34173513472786
12033,0,12033,0,0
12113,0,12113,0,0
01009,0,01009,0,0
01033,0,01033,0,0
01043,0,01043,0,0
01049,58.28333333333333,01055,32.68463239364233,32.68463239364233
01059,34.97166666666667,01033,19.108889614804347,19.108889614804347
01071,48.23833333333334,47115,32.51416144541842,32.51416144541842
01077,0,01077,0,0
01079,40.725,01033,19.420818931005908,19.420818931005908
01083,0,01083,0,0
01089,0,01089,0,0
01095,49.848333333333336,01055,25.637669174488728,25.637669174488728
01103,0,01103,0,0
01127,0,01127,0,0
01133,51.163333333333334,01127,24.694454672446586,24.694454672446586
47003,45.16,47149,19.568504851240824,19.568504851240824
47031,0,47031,0,0
47051,40.968333333333334,47031,17.007645008528762,17.007645008528762
47055,48.64333333333333,01083,27.512500265109004,27.512500265109004
47081,42.501666666666665,47043,17.58080686545798,17.58080686545798
47099,45.97166666666667,47119,29.485507692294888,29.485507692294888
47101,45.735,47119,28.564853164472606,28.564853164472606
47103,38.01166666666666,01089,25.147625528485698,25.147625528485698
47117,36.098333333333336,47119,17.404767931887783,17.404767931887783
47119,0,47119,0,0
47127,43.20166666666667,47031,16.332608821190586,16.332608821190586
47181,64.63666666666667,01077,29.003450029223075,29.003450029223075
47187,0,47187,0,0
19071,70.17333333333333,31153,35.45200839234666,35.45200839234666
19085,56.16166666666666,31055,30.91372704697647,30.91372704697647
19129,39.958333333333336,31153,19.536991562935125,19.536991562935125
19133,64.96333333333334,19193,34.32466594609881,34.32466594609881
19155,27.191666666666666,31055,14.37396412597596,14.37396412597596
19165,73.11666666666666,19027,35.03858170283114,35.03858170283114
29005,53.17666666666666,29147,30.255830336096277,30.255830336096277
31021,41.27833333333333,31053,27.47124654152599,27.47124654152599
31023,39.19833333333334,31141,19.746755851536847,19.746755851536847
31025,36.67166666666667,31153,14.093636344394383,14.093636344394383
31037,29.291666666666668,31141,16.350144700579918,16.350144700579918
31039,41.79833333333333,31053,31.70523734373134,31.70523734373134
31053,0,31053,0,0
31055,0,31055,0,0
31067,57.87833333333333,31109,35.88647594975972,35.88647594975972
31097,63.71,31109,36.040701625628934,36.040701625628934
31109,0,31109,0,0
31119,54.538333333333334,31141,37.47363089098301,37.47363089098301
31127,77.42333333333333,31153,51.21730670890841,51.21730670890841
31131,50.275,31109,33.30974821784581,33.30974821784581
31133,89.46166666666666,31109,52.84653418464974,52.84653418464974
31141,0,31141,0,0
31143,40.35166666666667,31141,22.130962955305034,22.130962955305034
31151,47.25,31109,23.63373905112753,23.63373905112753
31153,0,31153,0,0
31155,33.141666666666666,31053,19.132991930643545,19.132991930643545
31159,39.13666666666666,31109,23.119708699216513,23.119708699216513
31167,60.505,31141,36.42669230147268,36.42669230147268
31173,47.75666666666667,19193,23.96543705188452,23.96543705188452
31177,24.959999999999997,31055,17.38014567319186,17.38014567319186
31185,57.41166666666666,31079,40.52881130955015,40.52881130955015
23001,0,23001,0,0
23003,0,23003,0,0
23005,0,23005,0,0
23007,0,23007,0,0
23009,0,23009,0,0
23011,0,23011,0,0
23013,0,23013,0,0
23015,0,23015,0,0
23017,0,23017,0,0
23019,0,23019,0,0
23021,93.01666666666667,23019,30.409137392113994,30.409137392113994
23023,0,23023,0,0
23025,0,23025,0,0
23027,0,23027,0,0
23029,145.21666666666667,23009,56.165969715782765,56.165969715782765
02100,531.33,02110,69.55648694499212,69.55648694499212
02105,227.94333333333333,02110,36.267121782810456,36.267121782810456
02110,0,02110,0,0
02130,1546.2166666666667,53073,233.0477010269929,233.0477010269929
02195,488.5366666666667,02110,123.12261368769113,123.12261368769113
02198,NA,NA,203.79977421743155,203.79977421743155
02220,594.0550000000001,02110,94.41268726193066,94.41268726193066
02230,570.755,02110,81.2772400540643,81.2772400540643
02275,665.9666666666667,02110,156.28459256960602,156.28459256960602
02282,1032.5783333333334,02110,201.9213902292884,201.9213902292884
27005,67.295,27111,30.283281561536555,30.283281561536555
27007,0,27007,0,0
27027,0,27027,0,0
27029,50.485,27007,24.556293822395222,24.556293822395222
27057,78.33666666666666,27007,36.5480254682966,36.5480254682966
27069,104.615,38035,59.083142645529854,59.083142645529854
27071,136.38500000000002,27007,82.64706389592429,82.64706389592429
27077,149.29500000000002,27007,82.00892232612105,82.00892232612105
27087,110.975,27007,49.60273616982303,49.60273616982303
27089,103.36666666666666,38035,38.737691743994674,38.737691743994674
27107,67.60333333333332,27027,32.57952657241602,32.57952657241602
27113,87.52166666666668,38035,46.725610660783964,46.725610660783964
27119,48.46333333333334,38035,26.87967751749447,26.87967751749447
27125,88.58833333333334,38035,45.54017450340149,45.54017450340149
27135,170.61333333333332,38035,92.62964866732906,92.62964866732906
27159,78.96666666666667,27111,36.36478638102061,36.36478638102061
38017,0,38017,0,0
38035,0,38035,0,0
38067,92.09833333333333,38035,64.65170540267977,64.65170540267977
38091,92.36166666666666,38035,42.6449320347516,42.6449320347516
38097,44.43,38035,29.08449238155812,29.08449238155812
38099,70.75166666666668,38035,39.4147283648991,39.4147283648991
35009,0,35009,0,0
35011,84.27166666666668,35009,59.02682399547749,59.02682399547749
35025,110.74166666666666,35015,65.56645529668863,65.56645529668863
35037,115.805,35009,58.19652395524855,58.19652395524855
35041,33.13166666666667,35009,19.058451173536824,19.058451173536824
48011,42.60666666666667,48375,26.822989846804944,26.822989846804944
48017,41.55833333333333,35009,30.201610419379033,30.201610419379033
48045,87.50333333333333,48189,35.6474020053089,35.6474020053089
48069,68.09666666666666,48189,40.10938820541042,40.10938820541042
48079,68.35666666666665,48303,49.62457686195282,49.62457686195282
48107,48.735,48303,31.774569843132493,31.774569843132493
48117,51.39333333333333,48381,34.98173353365044,34.98173353365044
48125,87.86166666666666,48303,59.796203599245544,59.796203599245544
48153,44.041666666666664,48189,22.24195575289894,22.24195575289894
48165,77.43666666666667,48135,60.931562646930146,60.931562646930146
48169,46.498333333333335,48303,38.47672148103721,38.47672148103721
48189,0,48189,0,0
48219,36.519999999999996,48303,25.3599717008787,25.3599717008787
48279,53.32,48303,34.25710932944047,34.25710932944047
48303,0,48303,0,0
48305,41.77333333333333,48303,24.82240223730407,24.82240223730407
48359,49.33166666666667,48375,31.47435124564294,31.47435124564294
48369,41.651666666666664,35009,24.10198575747124,24.10198575747124
48375,0,48375,0,0
48381,0,48381,0,0
48437,40.919999999999995,48189,26.907187373507828,26.907187373507828
48445,44.85166666666667,48303,33.57906199362242,33.57906199362242
48501,96.90666666666667,48303,65.42708990625657,65.42708990625657
05003,49.236666666666665,22067,27.20859764984456,27.20859764984456
05011,0,05011,0,0
05013,45.49333333333333,05011,23.004938075753877,23.004938075753877
05019,0,05019,0,0
05025,41.76,05069,22.84280902045041,22.84280902045041
05027,0,05027,0,0
05039,59.68666666666666,05069,31.56511607112923,31.56511607112923
05041,78.42333333333333,05011,36.084403310058754,36.084403310058754
05043,28.45,05011,18.616617393036464,18.616617393036464
05051,0,05051,0,0
05053,31.790000000000003,05069,21.13096347944175,21.13096347944175
05057,45.13,05091,29.37423557917273,29.37423557917273
05059,27.705,05019,14.899893388512792,14.899893388512792
05069,0,05069,0,0
05073,40.93666666666666,05027,17.993320477067797,17.993320477067797
05079,58.76,05069,24.883891281106695,24.883891281106695
05099,42.72833333333333,05019,29.142623905210698,29.142623905210698
05103,39.34666666666667,05139,27.51375552385816,27.51375552385816
05119,0,05119,0,0
05125,0,05125,0,0
05139,0,05139,0,0
22013,54.46666666666667,22061,27.75658352668229,27.75658352668229
22027,59.309999999999995,05027,29.58164774737903,29.58164774737903
22049,39.056666666666665,22061,18.410881254234656,18.410881254234656
22061,0,22061,0,0
22111,37.78666666666666,22061,21.879028238896925,21.879028238896925
22119,50.85,22015,20.978056842414567,20.978056842414567
08009,185.36499999999998,20055,100.50968944442843,100.50968944442843
08011,130.26666666666668,08101,81.54279882840875,81.54279882840875
08017,143.56333333333333,20023,76.52121199776725,76.52121199776725
08025,63.09666666666667,08101,43.197091344519436,43.197091344519436
08061,157.35166666666666,08101,103.5487870174994,103.5487870174994
08089,78.565,08101,56.40762342240766,56.40762342240766
08099,140.85166666666666,20055,92.02611343803336,92.02611343803336
20067,73.90166666666667,20055,38.25291712135255,38.25291712135255
20071,102.59666666666666,20055,59.86321711429218,59.86321711429218
20075,64.83333333333333,20055,48.882390712210814,48.882390712210814
20093,28.903333333333332,20055,20.701719661537133,20.701719661537133
20129,121.88166666666666,20055,83.85583906897241,83.85583906897241
20175,81.325,20055,64.06492153846568,64.06492153846568
20187,101.13166666666666,20055,56.53276357866293,56.53276357866293
20189,96.00166666666668,20055,60.11071696008496,60.11071696008496
20199,114.96499999999999,20023,61.05612824205079,61.05612824205079
20203,75.98333333333333,20055,44.441462006954715,44.441462006954715
35059,163.33333333333334,48375,117.46602495619949,117.46602495619949
40025,126.74666666666667,48375,110.78479883316838,110.78479883316838
40139,129.69333333333333,20055,93.13403199989212,93.13403199989212
48111,97.295,48375,73.48556065447126,73.48556065447126
48195,124.94666666666667,48375,75.60795008442946,75.60795008442946
48205,104.44833333333332,48375,65.1006313075145,65.1006313075145
48341,54.80333333333333,48375,47.5316163923515,47.5316163923515
48421,87.83833333333334,48375,77.35738837879391,77.35738837879391
09001,0,09001,0,0
09005,0,09005,0,0
09009,0,09009,0,0
34003,0,34003,0,0
34013,0,34013,0,0
34017,0,34017,0,0
34019,0,34019,0,0
34021,0,34021,0,0
34023,0,34023,0,0
34025,0,34025,0,0
34027,0,34027,0,0
34029,0,34029,0,0
34031,0,34031,0,0
34035,0,34035,0,0
34037,0,34037,0,0
34039,0,34039,0,0
34041,0,34041,0,0
36005,0,36005,0,0
36027,0,36027,0,0
36047,0,36047,0,0
36059,0,36059,0,0
36061,0,36061,0,0
36071,0,36071,0,0
36079,0,36079,0,0
36081,0,36081,0,0
36085,0,36085,0,0
36087,0,36087,0,0
36103,0,36103,0,0
36105,60.165,36111,30.58114484329824,30.58114484329824
36111,0,36111,0,0
36119,0,36119,0,0
42089,0,42089,0,0
42095,0,42095,0,0
42103,0,42103,0,0
42127,44.766666666666666,42069,18.32134350135686,18.32134350135686
05015,74.875,05007,36.5908181167406,36.5908181167406
20011,87.66333333333334,29097,49.28342341797217,49.28342341797217
20021,41.84666666666667,29097,16.976948649736755,16.976948649736755
20037,48.461666666666666,29097,26.47309508707844,26.47309508707844
29009,76.625,05007,34.39152610042714,34.39152610042714
29011,35.21,29097,26.437653051815172,26.437653051815172
29013,67.11,29083,34.77290685747936,34.77290685747936
29015,42.711666666666666,29159,24.054175179514562,24.054175179514562
29029,0,29029,0,0
29039,58.736666666666665,29167,29.11864165903447,29.11864165903447
29043,0,29043,0,0
29057,65.13333333333334,29077,26.409681387253748,26.409681387253748
29059,32.78333333333333,29167,18.709440107372142,18.709440107372142
29077,0,29077,0,0
29083,0,29083,0,0
29085,58.31333333333334,29167,21.745148594606455,21.745148594606455
29097,0,29097,0,0
29101,41.431666666666665,29159,25.231802057525194,25.231802057525194
29105,45.785,29029,28.32139313940093,28.32139313940093
29109,49.555,29077,29.114439366522763,29.114439366522763
29119,47.66,05007,21.514469488430983,21.514469488430983
29145,21.368333333333332,29097,14.45485513824536,14.45485513824536
29159,0,29159,0,0
29167,0,29167,0,0
29185,37.973333333333336,29083,23.336188056916935,23.336188056916935
29209,48.235,29043,23.11533258798361,23.11533258798361
29213,48.038333333333334,29043,25.903873860102543,25.903873860102543
29217,61.20166666666667,29097,49.21361931796159,49.21361931796159
29225,52.663333333333334,29077,22.68487116478995,22.68487116478995
16059,161.19666666666666,30081,85.70911196630126,85.70911196630126
30001,75.89333333333335,30093,53.30197874958566,53.30197874958566
30007,91.795,30049,33.909128657192575,33.909128657192575
30013,0,30013,0,0
30015,84.28166666666667,30013,47.44987542694631,47.44987542694631
30023,30.321666666666665,30093,23.02652861059499,23.02652861059499
30029,0,30029,0,0
30031,0,30031,0,0
30035,142.00333333333336,30013,72.03074886939046,72.03074886939046
30039,112.80333333333333,30063,38.183446880671255,38.183446880671255
30043,66.29166666666667,30049,26.159920967673486,26.159920967673486
30047,78.71166666666666,30063,44.750289323446644,44.750289323446644
30049,0,30049,0,0
30051,92.54333333333334,30041,55.771938815473,55.771938815473
30053,321.03499999999997,30029,56.641489962369064,56.641489962369064
30057,260.43,30093,42.520918325581206,42.520918325581206
30059,108.10833333333333,30049,54.641490406615745,54.641490406615745
30061,66.415,30063,46.26315423927589,46.26315423927589
30063,0,30063,0,0
30073,87.72166666666666,30013,63.492943046780184,63.492943046780184
30077,64.86333333333333,30093,33.877993378586204,33.877993378586204
30081,0,30081,0,0
30089,146.9116666666667,30063,59.20884950325991,59.20884950325991
30093,0,30093,0,0
30099,68.815,30013,38.92025552740636,38.92025552740636
30101,87.695,30013,79.16463532516023,79.16463532516023
30011,277.1983333333334,30017,79.11349323846457,79.11349323846457
30017,0,30017,0,0
30019,177.07999999999998,38105,93.8640845523428,93.8640845523428
30021,86.20166666666667,30017,71.60223370595301,71.60223370595301
30025,118.645,30017,71.48487379299691,71.48487379299691
30055,163.2,30017,81.12887260561544,81.12887260561544
30075,140.63500000000002,30017,67.80408953428118,67.80408953428118
30079,47.125,30017,38.05312208676595,38.05312208676595
30083,69.19666666666667,38105,43.78529405920193,43.78529405920193
30085,103.89166666666667,38105,75.2710928971598,75.2710928971598
30091,106.47333333333333,38105,55.81899582392373,55.81899582392373
30105,184.55499999999998,38105,131.24993909387715,131.24993909387715
30109,103.04333333333334,30017,86.38331709127347,86.38331709127347
38001,190.725,38015,103.96455934981516,103.96455934981516
38007,154.4633333333333,38015,83.54298398352398,83.54298398352398
38011,181.77166666666665,30017,116.87085360262024,116.87085360262024
38013,122.5,38101,61.56747668749442,61.56747668749442
38023,95.83999999999999,38105,47.928707532783925,47.928707532783925
38025,140.775,38105,73.88748919674906,73.88748919674906
38033,121.70333333333333,30017,92.01270346592567,92.01270346592567
38041,168.11666666666667,38015,89.25511471943855,89.25511471943855
38053,74.39333333333335,38105,30.578749713008317,30.578749713008317
38061,87.60833333333333,38101,49.515393934385855,49.515393934385855
38087,179.62,38015,114.26059662077621,114.26059662077621
38089,100.45166666666667,38015,95.70980202176077,95.70980202176077
38105,0,38105,0,0
46063,157.73333333333332,46103,107.5480807927823,107.5480807927823
46105,218.73999999999998,38015,107.42547176627414,107.42547176627414
19005,60.230000000000004,27055,32.30568924342766,32.30568924342766
19013,0,19013,0,0
19017,34.31666666666667,19013,17.28906066272408,17.28906066272408
19019,39.585,19013,23.98334283006694,23.98334283006694
19023,46.21666666666667,19013,24.49045691418259,24.49045691418259
19037,54.983333333333334,19013,37.92819392898619,37.92819392898619
19043,85.53333333333333,19061,38.09067993050762,38.09067993050762
19055,51.07666666666667,19061,31.68780542425554,31.68780542425554
19061,0,19061,0,0
19065,73.66000000000001,19013,34.80993409007408,34.80993409007408
19067,47.96,19033,25.295965892112,25.295965892112
19075,40.58166666666667,19013,20.594171852325537,20.594171852325537
19089,65.73833333333333,27099,39.69068067790625,39.69068067790625
19131,44.531666666666666,27099,23.359542240036244,23.359542240036244
19191,60.413333333333334,27055,35.689408943788266,35.689408943788266
27039,22.81833333333333,27109,16.384552837887856,16.384552837887856
27045,53.48833333333334,27109,28.970808035144945,28.970808035144945
27055,0,27055,0,0
27099,0,27099,0,0
27109,0,27109,0,0
27157,54.79833333333333,27109,22.818394806597237,22.818394806597237
27169,0,27169,0,0
55011,58.038333333333334,27169,24.65729713984923,24.65729713984923
55023,90.57,55063,44.0878006076733,44.0878006076733
55043,69.58500000000001,19061,24.29921672471006,24.29921672471006
55053,61.78666666666666,55035,29.107335195885636,29.107335195885636
55063,0,55063,0,0
55081,0,55081,0,0
55091,56.60333333333333,55035,29.53768968557806,29.53768968557806
55103,97.52833333333334,55081,42.84741525151607,42.84741525151607
55121,63.82833333333333,55063,25.33322541224347,25.33322541224347
55123,65.32333333333334,55081,25.187942767303145,25.187942767303145
12047,49.998333333333335,13185,29.94041530792516,29.94041530792516
12065,36.443333333333335,12073,22.67114988507748,22.67114988507748
12067,59.45,12023,30.86553204841734,30.86553204841734
12073,0,12073,0,0
12079,48.98166666666667,13185,28.146588518760897,28.146588518760897
12121,44.82833333333333,12023,20.171854014466362,20.171854014466362
12123,80.78333333333333,12073,49.4284642032527,49.4284642032527
12129,40.79666666666667,12073,19.62275768466368,19.62275768466368
13003,44.98166666666667,13299,29.852865805564544,29.852865805564544
13017,0,13017,0,0
13019,39.89833333333333,13277,21.763859051423214,21.763859051423214
13027,42.419999999999995,13185,15.528672485044327,15.528672485044327
13065,43.07666666666667,13299,25.628613895971863,25.628613895971863
13069,46.66166666666666,13017,28.18644033084131,28.18644033084131
13071,0,13071,0,0
13075,29.34,13277,20.456990008542785,20.456990008542785
13101,31.866666666666667,13185,17.11181470688255,17.11181470688255
13131,25.138333333333332,13275,15.707644136352627,15.707644136352627
13155,21.826666666666664,13017,8.686982919028514,8.686982919028514
13173,30.816666666666666,13185,16.37676564404104,16.37676564404104
13185,0,13185,0,0
13205,39.376666666666665,13275,23.984016876628083,23.984016876628083
13275,0,13275,0,0
13277,0,13277,0,0
13287,25.965,13277,18.615242103939,18.615242103939
13321,35.86666666666667,13095,18.478939963821517,18.478939963821517
21001,26.43166666666667,21217,17.130620774106472,17.130620774106472
21003,31.083333333333332,21009,19.4912517679969,19.4912517679969
21009,0,21009,0,0
21027,53.83166666666667,21093,26.952195621633784,26.952195621633784
21031,35.60666666666667,21227,21.850384122652173,21.850384122652173
21053,63.848333333333336,21199,38.751118297781815,38.751118297781815
21057,51.568333333333335,21009,33.390189754228594,33.390189754228594
21061,37.830000000000005,21227,18.536700823187267,18.536700823187267
21085,46.57166666666667,21093,28.402951080109695,28.402951080109695
21087,19.509999999999998,21217,12.2628630068624,12.2628630068624
21093,0,21093,0,0
21099,36.67166666666667,21009,19.853463988681266,19.853463988681266
21123,27.641666666666666,21093,17.422702943876224,17.422702943876224
21141,37.20166666666667,21227,24.721880108303807,24.721880108303807
21155,23.881666666666668,21217,15.520394069886324,15.520394069886324
21163,27.291666666666668,21093,17.786855844189347,17.786855844189347
21169,23.701666666666664,21009,16.074675158907432,16.074675158907432
21171,44.13333333333333,21009,22.97507097876127,22.97507097876127
21179,43.92333333333333,21093,25.48533426133982,25.48533426133982
21207,39.55,21199,24.852583370479532,24.852583370479532
21213,31.265,21227,17.86547600936801,17.86547600936801
21217,0,21217,0,0
21219,24.525,21047,16.85117554271302,16.85117554271302
21227,0,21227,0,0
21231,34.365,21199,21.713723789377593,21.713723789377593
47015,43.905,47149,22.4909269585918,22.4909269585918
47021,38.81666666666667,47037,19.47687686367606,19.47687686367606
47027,65.415,47141,27.124092387094276,27.124092387094276
47037,0,47037,0,0
47041,42.655,47141,23.016679545471362,23.016679545471362
47087,35.526666666666664,47141,13.367509536936002,13.367509536936002
47111,55.75833333333333,47165,29.9443692870321,29.9443692870321
47133,28.48,47141,16.031784070204033,16.031784070204033
47137,51.848333333333336,47141,34.35139328000702,34.35139328000702
47141,0,47141,0,0
47147,46.019999999999996,47037,17.456567596673494,17.456567596673494
47149,0,47149,0,0
47159,47.333333333333336,47189,24.762224555232553,24.762224555232553
47165,0,47165,0,0
47169,41.47166666666667,47165,19.1949095967949,19.1949095967949
47177,41.92166666666667,47031,24.913599197965596,24.913599197965596
47185,25.175,47141,15.332732544185427,15.332732544185427
47189,0,47189,0,0
17001,0,17001,0,0
17013,79.55,29183,23.864141227980475,23.864141227980475
17149,55.35,17137,33.27562637977975,33.27562637977975
29007,0,29007,0,0
29019,0,29019,0,0
29027,29.91,29051,20.6122396667326,20.6122396667326
29041,51.42666666666666,29175,26.076647629609603,26.076647629609603
29051,0,29051,0,0
29053,41.776666666666664,29019,24.460208971271605,24.460208971271605
29055,45.805,29161,24.564645762203916,24.564645762203916
29065,36.276666666666664,29161,24.21232972171023,24.21232972171023
29071,0,29071,0,0
29073,45.818333333333335,29071,26.58935943878559,26.58935943878559
29089,43.763333333333335,29019,23.213775396804923,23.213775396804923
29113,44.82166666666667,29183,20.506895864646978,20.506895864646978
29121,45.86333333333334,29175,26.614887943742406,26.614887943742406
29125,0,29125,0,0
29127,34.20333333333333,17001,15.593760021434656,15.593760021434656
29131,48.14,29051,17.585761639010425,17.585761639010425
29135,31.706666666666667,29051,21.710797136319428,21.710797136319428
29137,52.708333333333336,29175,23.391509525691788,23.391509525691788
29139,59.21666666666667,29007,26.10413808711607,26.10413808711607
29141,51.568333333333335,29029,22.210866777972267,22.210866777972267
29151,43.57833333333333,29051,19.379365698634437,19.379365698634437
29161,0,29161,0,0
29163,69.52666666666667,29007,37.304937313163734,37.304937313163734
29169,37.81666666666667,29161,24.836394432384704,24.836394432384704
29173,53.445,17001,26.255318404551485,26.255318404551485
29175,0,29175,0,0
29183,0,29183,0,0
29195,39.91166666666666,29159,28.428101208401497,28.428101208401497
29205,74.96499999999999,29175,31.238321416395106,31.238321416395106
29219,45.91,29183,23.02705652118367,23.02705652118367
42011,0,42011,0,0
42025,0,42025,0,0
42027,0,42027,0,0
42035,36.526666666666664,42081,25.449949790886944,25.449949790886944
42037,0,42037,0,0
42041,0,42041,0,0
42043,0,42043,0,0
42061,0,42061,0,0
42067,32.57333333333334,42087,15.275006255285726,15.275006255285726
42069,0,42069,0,0
42071,0,42071,0,0
42075,0,42075,0,0
42077,0,42077,0,0
42079,0,42079,0,0
42081,0,42081,0,0
42087,0,42087,0,0
42093,0,42093,0,0
42097,34.75,42093,8.906641866794446,8.906641866794446
42099,43.08166666666667,42041,14.525838283430653,14.525838283430653
42107,0,42107,0,0
42109,35.519999999999996,42119,12.685251347109249,12.685251347109249
42113,59.475,42081,25.234340288033486,25.234340288033486
42117,0,42117,0,0
42119,0,42119,0,0
42131,43.123333333333335,42069,17.025846033439358,17.025846033439358
42133,0,42133,0,0
22001,0,22001,0,0
22003,71.84166666666667,22079,30.118804557301786,30.118804557301786
22009,0,22009,0,0
22011,0,22011,0,0
22019,0,22019,0,0
22023,58.53333333333333,22019,18.723540907079553,18.723540907079553
22039,42.35,22097,19.341601788521043,19.341601788521043
22043,33.586666666666666,22079,17.539216860714614,17.539216860714614
22053,35.63,22001,23.75463946329589,23.75463946329589
22069,65.99333333333333,22079,49.87789480146727,49.87789480146727
22079,0,22079,0,0
22081,70.63166666666666,22017,40.61015212086003,40.61015212086003
22085,96.11333333333333,22017,61.35506101325456,61.35506101325456
22097,0,22097,0,0
22115,60.223333333333336,22011,25.72051235406327,25.72051235406327
22127,67.15833333333333,22061,42.81655872366851,42.81655872366851
48199,42.80833333333333,48245,22.890716929368267,22.890716929368267
48241,99.08166666666666,48245,42.21677699355975,42.21677699355975
48245,0,48245,0,0
48351,84.625,22011,28.17874589988814,28.17874589988814
48361,35.97666666666667,48245,14.21567222788295,14.21567222788295
48403,73.55333333333333,48005,50.86831596593507,50.86831596593507
48405,48.211666666666666,48005,31.642568495608202,31.642568495608202
48457,56.135,48373,33.79610384754443,33.79610384754443
15001,0,15001,0,0
15003,0,15003,0,0
15005,NA,NA,38.84136060424218,38.84136060424218
15007,0,15007,0,0
15009,0,15009,0,0
37003,28.003333333333334,37035,13.706397326938564,13.706397326938564
37005,60.626666666666665,37171,25.359730448243827,25.359730448243827
37007,45.09,37167,25.22854044176893,25.22854044176893
37009,42.48833333333334,37189,17.43247306777687,17.43247306777687
37023,0,37023,0,0
37025,0,37025,0,0
37027,31.028333333333332,37023,12.50254738475412,12.50254738475412
37035,0,37035,0,0
37045,0,37045,0,0
37057,0,37057,0,0
37059,31.921666666666667,37067,18.60968013119457,18.60968013119457
37067,0,37067,0,0
37071,0,37071,0,0
37081,0,37081,0,0
37097,0,37097,0,0
37109,0,37109,0,0
37119,0,37119,0,0
37123,34.21333333333334,37167,20.283612298892535,20.283612298892535
37151,0,37151,0,0
37159,0,37159,0,0
37161,38.53,37045,21.927393781496654,21.927393781496654
37167,0,37167,0,0
37169,0,37169,0,0
37171,0,37171,0,0
37179,0,37179,0,0
37189,0,37189,0,0
37193,59.05166666666666,37189,30.84700634154126,30.84700634154126
37197,34.123333333333335,37171,18.479438032976542,18.479438032976542
45021,32.873333333333335,37045,16.350820623103775,16.350820623103775
45023,0,45023,0,0
45057,0,45057,0,0
45091,0,45091,0,0
26003,67.165,26103,37.85457281518423,37.85457281518423
26013,49.78,26061,25.30302457749572,25.30302457749572
26041,0,26041,0,0
26043,0,26043,0,0
26061,0,26061,0,0
26071,53.99333333333333,26043,31.17054670058603,31.17054670058603
26083,46.98833333333334,26061,18.667260109179274,18.667260109179274
26103,0,26103,0,0
26109,68.83666666666666,26041,39.89269056368085,39.89269056368085
26131,107.08500000000001,26061,38.40274449366501,38.40274449366501
55009,0,55009,0,0
55015,28.583333333333332,55087,12.775919638692864,12.775919638692864
55029,70.93333333333334,55009,44.83225287792378,44.83225287792378
55037,31.598333333333336,26043,11.175804797151793,11.175804797151793
55041,79.42666666666668,55085,34.48272921674763,34.48272921674763
55061,42.76,55009,21.902170927601965,21.902170927601965
55067,66.575,55069,29.18077111742336,29.18077111742336
55069,0,55069,0,0
55071,0,55071,0,0
55073,0,55073,0,0
55075,91.98833333333333,55009,43.17123709765973,43.17123709765973
55078,69.25500000000001,55009,41.19140191349592,41.19140191349592
55083,48.625,55009,28.06026691920489,28.06026691920489
55085,0,55085,0,0
55087,0,55087,0,0
55097,0,55097,0,0
55115,61.156666666666666,55009,35.79775607627153,35.79775607627153
55125,0,55125,0,0
55135,58.09,55097,27.80984296509186,27.80984296509186
55137,63.10166666666667,55097,31.164421556920992,31.164421556920992
55139,0,55139,0,0
55141,0,55141,0,0
22005,25.186666666666667,22033,16.6601040912125,16.6601040912125
22007,67.44333333333333,22109,20.705938258148635,20.705938258148635
22033,0,22033,0,0
22037,61.13333333333333,22033,24.894939718079012,24.894939718079012
22045,0,22045,0,0
22047,38.211666666666666,22033,15.260002166112098,15.260002166112098
22051,0,22051,0,0
22055,0,22055,0,0
22057,0,22057,0,0
22063,0,22063,0,0
22071,0,22071,0,0
22075,57.64,22071,19.456573338536057,19.456573338536057
22077,0,22077,0,0
22087,17.490000000000002,22071,7.5976469151963135,7.5976469151963135
22089,0,22089,0,0
22091,48.07,22063,21.309491732823396,21.309491732823396
22093,23.971666666666668,22095,13.940827348510117,13.940827348510117
22095,0,22095,0,0
22099,30.755,22045,12.441415565366725,12.441415565366725
22101,0,22101,0,0
22103,0,22103,0,0
22105,0,22105,0,0
22109,0,22109,0,0
22113,0,22113,0,0
22121,26.903333333333332,22033,10.050653916808907,10.050653916808907
22125,55.07833333333333,22077,15.751306628564699,15.751306628564699
28005,46.325,28113,22.12851878019817,22.12851878019817
28113,0,28113,0,0
28157,60.43333333333333,28001,29.901080631285957,29.901080631285957
36007,0,36007,0,0
36011,0,36011,0,0
36015,0,36015,0,0
36017,0,36017,0,0
36023,40.585,36109,19.389356339346435,19.389356339346435
36045,0,36045,0,0
36049,50.05333333333333,36045,27.343576805428725,27.343576805428725
36053,0,36053,0,0
36055,0,36055,0,0
36065,0,36065,0,0
36067,0,36067,0,0
36069,0,36069,0,0
36075,46.945,36067,23.55351067635511,23.55351067635511
36097,32.67666666666666,36015,18.77981010236667,18.77981010236667
36099,32.72833333333333,36011,15.524100186140402,15.524100186140402
36101,0,36101,0,0
36107,35.82,36007,18.58445061082029,18.58445061082029
36109,0,36109,0,0
36117,40.00333333333333,36069,18.04726860761479,18.04726860761479
36123,49.445,36069,20.822916972580682,20.822916972580682
42015,0,42015,0,0
42115,47.68,36007,22.28505621552159,22.28505621552159
04012,136.10833333333332,04027,74.77835146395017,74.77835146395017
04015,0,04015,0,0
04027,0,04027,0,0
06025,0,06025,0,0
06027,0,06027,0,0
06029,0,06029,0,0
06031,0,06031,0,0
06037,0,06037,0,0
06059,0,06059,0,0
06065,0,06065,0,0
06071,0,06071,0,0
06073,0,06073,0,0
06079,0,06079,0,0
06083,0,06083,0,0
06107,0,06107,0,0
06111,0,06111,0,0
32003,0,32003,0,0
32009,165.88666666666668,06027,49.317409662754095,49.317409662754095
32023,131.93333333333334,32003,57.37247526017714,57.37247526017714
72007,14.458333333333334,72025,5.272105664714181,5.272105664714181
72009,0,72009,0,0
72015,11.24,72109,3.656808741023877,3.656808741023877
72019,18.871666666666666,72009,5.336133857696281,5.336133857696281
72021,0,72021,0,0
72025,0,72025,0,0
72029,15.123333333333333,72031,5.512657521249887,5.512657521249887
72031,0,72031,0,0
72033,13.311666666666667,72021,3.9850065657821085,3.9850065657821085
72035,0,72035,0,0
72037,7.125,72053,4.446845937409429,4.446845937409429
72041,10.51,72035,3.6340809576841657,3.6340809576841657
72043,20.87,72009,7.318913615322244,7.318913615322244
72045,22.576666666666664,72021,6.856894122425676,6.856894122425676
72047,0,72047,0,0
72049,74.00833333333334,72053,23.31481581164999,23.31481581164999
72051,0,72051,0,0
72053,0,72053,0,0
72057,15.793333333333333,72109,7.809894750699828,7.809894750699828
72061,0,72061,0,0
72063,11.546666666666665,72025,4.739649814875949,4.739649814875949
72069,0,72069,0,0
72077,17.853333333333335,72069,8.513125524964543,8.513125524964543
72085,11.558333333333334,72069,4.582613583889206,4.582613583889206
72087,23.25,72031,6.968063801645464,6.968063801645464
72089,11.053333333333335,72053,4.952656918135538,4.952656918135538
72095,15.958333333333334,72109,6.5673792644414135,6.5673792644414135
72101,23.678333333333335,72047,5.970377802747243,5.970377802747243
72103,27.186666666666667,72069,6.911042130532436,6.911042130532436
72105,25.016666666666666,72021,4.989965069031709,4.989965069031709
72107,35.86833333333333,72009,8.53780643633267,8.53780643633267
72109,0,72109,0,0
72119,19.063333333333333,72031,9.618589719270666,9.618589719270666
72123,37.163333333333334,72035,10.116365778788003,10.116365778788003
72127,0,72127,0,0
72129,18.293333333333333,72025,6.1725958157597045,6.1725958157597045
72133,30.601666666666667,72113,13.157665982812505,13.157665982812505
72135,0,72135,0,0
72137,0,72137,0,0
72139,0,72139,0,0
72143,14.03,72051,3.3294427364474983,3.3294427364474983
72145,14.608333333333333,72051,5.542721980916119,5.542721980916119
72147,60.190000000000005,72053,19.084190853442568,19.084190853442568
72151,21.116666666666667,72069,6.778194797750459,6.778194797750459
48015,37.83833333333334,48477,23.05772400327716,23.05772400327716
48021,43.78333333333333,48453,25.682187423860583,25.682187423860583
48039,0,48039,0,0
48041,0,48041,0,0
48051,42.66166666666666,48477,21.412966177228952,21.412966177228952
48057,37.60333333333333,48469,27.50820833249834,27.50820833249834
48071,46.71333333333334,48291,26.181139523699834,26.181139523699834
48089,0,48089,0,0
48123,37.906666666666666,48469,27.09180006364796,27.09180006364796
48145,53.45333333333333,48309,23.362618706509522,23.362618706509522
48149,0,48149,0,0
48157,0,48157,0,0
48161,46.825,48349,30.942854489143464,30.942854489143464
48167,0,48167,0,0
48177,61.068333333333335,48187,37.26360567749405,37.26360567749405
48185,39.04333333333333,48041,23.003774899515175,23.003774899515175
48201,0,48201,0,0
48225,51.35333333333333,48001,35.388726209723515,35.388726209723515
48239,42.15333333333333,48469,25.754958714177683,25.754958714177683
48285,47.49666666666667,48149,32.18745502054681,32.18745502054681
48287,46.85333333333333,48149,29.232343220281805,29.232343220281805
48289,79.46666666666667,48471,39.73571987854412,39.73571987854412
48291,0,48291,0,0
48293,51.92833333333333,48349,33.972997824374545,33.972997824374545
48313,33.8,48471,26.667165649598807,26.667165649598807
48321,0,48321,0,0
48331,71.52166666666668,48491,41.241466205822206,41.241466205822206
48339,0,48339,0,0
48373,0,48373,0,0
48395,42.108333333333334,48041,26.83362357403038,26.83362357403038
48407,45.415,48373,17.491497887067048,17.491497887067048
48455,51.20166666666667,48471,25.691861734216843,25.691861734216843
48469,0,48469,0,0
48471,0,48471,0,0
48473,51.57333333333334,48477,29.46336413293822,29.46336413293822
48477,0,48477,0,0
48481,0,48481,0,0
26053,0,26053,0,0
27017,56.486666666666665,55031,24.57257741611834,24.57257741611834
27031,185.19,55031,90.10355170405319,90.10355170405319
27075,106.795,55031,35.879999381984945,35.879999381984945
27137,0,27137,0,0
55003,0,55003,0,0
55005,0,55005,0,0
55007,0,55007,0,0
55013,90.53999999999999,27025,36.58321865546432,36.58321865546432
55017,0,55017,0,0
55019,83.25666666666666,55017,35.98569809207006,35.98569809207006
55031,0,55031,0,0
55033,38.38166666666667,55035,23.11893717263707,23.11893717263707
55035,0,55035,0,0
55051,51.445,26053,11.787759236216665,11.787759236216665
55099,92.385,55069,43.624533439107715,43.624533439107715
55107,66.39333333333333,55005,33.19095899996807,33.19095899996807
55113,96.22333333333333,55005,41.387381353089495,41.387381353089495
55119,87.47833333333332,55069,36.044913756242536,36.044913756242536
55129,48.825,55005,28.42535644995467,28.42535644995467
41003,0,41003,0,0
41005,0,41005,0,0
41007,100.825,53015,45.38878423908135,45.38878423908135
41009,59.72166666666667,53015,17.043006301391465,17.043006301391465
41011,0,41011,0,0
41013,44.983333333333334,41017,26.503352342171528,26.503352342171528
41015,175.51000000000002,41011,32.94464409293024,49.29893456980139
41017,0,41017,0,0
41019,0,41019,0,0
41021,121.40666666666667,53005,64.18876956483577,64.18876956483577
41027,0,41027,0,0
41029,0,41029,0,0
41031,58.95166666666667,41017,35.05388329015423,35.05388329015423
41033,0,41033,0,0
41039,0,41039,0,0
41041,86.96333333333334,41003,37.033213953026184,37.033213953026184
41043,0,41043,0,0
41047,0,41047,0,0
41051,0,41051,0,0
41053,32.06666666666667,41047,12.629874530700976,12.629874530700976
41055,92.69666666666667,41027,41.95884977620242,41.95884977620242
41057,99.31833333333334,41067,38.46765336349732,38.46765336349732
41065,50.665,41027,19.272979041007392,19.272979041007392
41067,0,41067,0,0
41069,197.16833333333335,41017,79.12793068389217,79.12793068389217
41071,0,41071,0,0
53007,0,53007,0,0
53009,0,53009,0,0
53011,0,53011,0,0
53015,0,53015,0,0
53017,0,53017,0,0
53027,0,53027,0,0
53029,0,53029,0,0
53031,76.40666666666667,53035,17.584711355131,17.584711355131
53033,0,53033,0,0
53035,0,53035,0,0
53037,75.5,53077,35.6617901725934,35.6617901725934
53039,84.775,41027,22.410170399475263,22.410170399475263
53041,0,53041,0,0
53045,0,53045,0,0
53049,79.935,53027,32.89305122636026,32.89305122636026
53053,0,53053,0,0
53055,0,53055,0,0
53057,0,53057,0,0
53059,50.86833333333333,41027,17.910799174188526,17.910799174188526
53061,0,53061,0,0
53067,0,53067,0,0
53069,56.29,53015,26.356487948794474,26.356487948794474
53073,0,53073,0,0
53077,0,53077,0,0
20027,54.27833333333333,20061,26.474583248265937,26.474583248265937
20029,65.38166666666667,20169,49.78075073638602,49.78075073638602
20041,38.24333333333333,20061,19.928501109119527,19.928501109119527
20053,59.163333333333334,20169,34.90260579997561,34.90260579997561
20061,0,20061,0,0
20089,90.83,31001,56.97565307190635,56.97565307190635
20105,61.71333333333334,20169,34.72397952513016,34.72397952513016
20117,77.80666666666666,20161,42.274988000537014,42.274988000537014
20123,85.76666666666667,20169,53.70127311417576,53.70127311417576
20141,94.865,20051,50.33237792372668,50.33237792372668
20143,34.68,20169,19.89237335744356,19.89237335744356
20157,83.09166666666667,20169,66.3685098098395,66.3685098098395
20161,0,20161,0,0
20167,39.95333333333333,20051,26.925611687495774,26.925611687495774
20169,0,20169,0,0
20183,94.25,31001,59.95848241446738,59.95848241446738
20201,76.71333333333334,20161,46.363897087445544,46.363897087445544
31059,62.89,31001,43.942069836209456,43.942069836209456
31095,87.92166666666667,31109,50.35612362703863,50.35612362703863
31129,65.59833333333333,31001,37.47989403231868,37.47989403231868
31169,89.17,31001,50.07892458571525,50.07892458571525
32011,314.29,16083,192.5447952683775,201.20389728142925
32017,185.565,49021,72.55947672381187,72.55947672381187
32033,247.575,49045,145.68785054186088,145.68785054186088
49001,101.02666666666667,49021,44.146320671193834,44.146320671193834
49007,0,49007,0,0
49009,195.435,49013,54.057508558347486,54.057508558347486
49011,0,49011,0,0
49013,0,49013,0,0
49015,56.294999999999995,49007,27.808362177393096,27.808362177393096
49017,174.3383333333333,49021,53.456325907435435,53.456325907435435
49021,0,49021,0,0
49023,54.83833333333334,49049,37.241194020038876,37.241194020038876
49025,122.76,49053,53.56710327288251,53.56710327288251
49027,136.52166666666668,49041,38.39789456219258,38.39789456219258
49029,0,49029,0,0
49031,59.43333333333333,49041,35.38510623877522,35.38510623877522
49035,0,49035,0,0
49039,82.39333333333335,49041,46.62660210772467,46.62660210772467
49041,0,49041,0,0
49043,0,49043,0,0
49045,0,49045,0,0
49047,75.62666666666668,49013,31.572825089635167,31.572825089635167
49049,0,49049,0,0
49051,0,49051,0,0
49053,0,49053,0,0
49055,75.93666666666667,49041,41.87714301321295,41.87714301321295
49057,0,49057,0,0
56037,163.48166666666665,49029,99.86016340259252,99.86016340259252
56041,116.55333333333333,49029,51.81454481348688,51.81454481348688
48003,39.70666666666667,48135,32.6223902075404,32.6223902075404
48033,107.25500000000001,48329,60.97522184709573,60.97522184709573
48081,48.79333333333333,48451,31.415528249058898,31.415528249058898
48095,59.90833333333333,48451,37.30978812661226,37.30978812661226
48103,41.75666666666667,48135,32.159902969494254,32.159902969494254
48105,105.14166666666667,48451,68.24370050678344,68.24370050678344
48115,62.343333333333334,48329,51.36857565430172,51.36857565430172
48135,0,48135,0,0
48151,72.49666666666667,48441,44.867723220001274,44.867723220001274
48173,56.09,48329,35.84792867312032,35.84792867312032
48227,53.85166666666667,48329,41.0954131640541,41.0954131640541
48235,33.336666666666666,48451,25.325364373798084,25.325364373798084
48263,121.815,48441,76.10137451957581,76.10137451957581
48317,31.256666666666668,48329,20.13780200329942,20.13780200329942
48329,0,48329,0,0
48335,76.29333333333334,48441,64.01042772810877,64.01042772810877
48353,47.151666666666664,48441,37.661564743609496,37.661564743609496
48371,113.08666666666666,48135,71.22009333892996,71.22009333892996
48383,81.39,48451,61.53480198983682,61.53480198983682
48399,54.555,48451,36.54277224296075,36.54277224296075
48413,53.01166666666666,48451,40.91320162863144,40.91320162863144
48415,85.095,48441,69.38176673936525,69.38176673936525
48431,50.59166666666667,48451,41.02053579520434,41.02053579520434
48433,86.19166666666666,48441,57.028483478590516,57.028483478590516
48435,81.06833333333334,48451,62.12362683806614,62.12362683806614
48443,177.99666666666664,48465,102.4878427137125,102.4878427137125
48451,0,48451,0,0
48461,81.69,48135,49.87676215340456,49.87676215340456
48475,44.861666666666665,48135,36.975346827964934,36.975346827964934
27011,83.515,46029,47.0655717629523,47.0655717629523
27023,53.53,27067,32.20707047031908,32.20707047031908
27041,0,27041,0,0
27051,49.50666666666667,27041,26.19899988932631,26.19899988932631
27073,78.79166666666667,46029,41.63978672614396,41.63978672614396
27081,50.519999999999996,46011,22.80571499779036,22.80571499779036
27083,0,27083,0,0
27111,0,27111,0,0
27121,35.455000000000005,27041,19.338330400022404,19.338330400022404
27149,66.355,27041,34.33208246000527,34.33208246000527
27151,61.343333333333334,27067,31.268855709909197,31.268855709909197
27155,100.86666666666666,27041,56.77509607433661,56.77509607433661
27167,70.07166666666667,38017,35.68673407891408,35.68673407891408
27173,37.305,27083,21.404281494063387,21.404281494063387
38021,83.32666666666667,46013,42.98438411291104,42.98438411291104
38073,90.865,38017,45.664953869408286,45.664953869408286
38077,48.79333333333333,38017,40.89662601502727,40.89662601502727
38081,114.175,38017,58.5772408552733,58.5772408552733
46013,0,46013,0,0
46025,54.958333333333336,46029,29.020333126775242,29.020333126775242
46029,0,46029,0,0
46037,55.76,46029,36.72022017516067,36.72022017516067
46039,37.57333333333334,46029,25.978519926486193,25.978519926486193
46051,57.865,46029,30.63004418269272,30.63004418269272
46057,32.14833333333333,46029,18.532817572967975,18.532817572967975
46091,101.99333333333334,46013,44.29611733035269,44.29611733035269
46109,70.14166666666667,46029,48.87517201778632,48.87517201778632
48013,52.690000000000005,48029,29.420810101266973,29.420810101266973
48019,45.97833333333333,48265,20.803868821626292,20.803868821626292
48029,0,48029,0,0
48031,60.67166666666667,48171,30.211036754858902,30.211036754858902
48053,0,48053,0,0
48055,36.97833333333333,48209,18.01508794943716,18.01508794943716
48091,0,48091,0,0
48127,66.09833333333333,48463,50.10460553020153,50.10460553020153
48137,82.33666666666666,48463,57.85404003856267,57.85404003856267
48163,75.33500000000001,48029,34.09510393258148,34.09510393258148
48171,0,48171,0,0
48187,0,48187,0,0
48209,0,48209,0,0
48259,0,48259,0,0
48265,0,48265,0,0
48267,66.92666666666666,48265,45.826987931161995,45.826987931161995
48271,38.405,48465,29.39420953341968,29.39420953341968
48299,58.24333333333333,48053,15.873883305327983,15.873883305327983
48307,71.955,48049,45.28302043035326,45.28302043035326
48319,57.81166666666666,48171,38.062809428948064,38.062809428948064
48323,71.06166666666667,48465,53.06097480937517,53.06097480937517
48325,0,48325,0,0
48327,78.08333333333333,48451,55.50672117818016,55.50672117818016
48385,76.58666666666666,48463,33.42644779493739,33.42644779493739
48453,0,48453,0,0
48463,0,48463,0,0
48465,0,48465,0,0
48491,0,48491,0,0
48493,66.93166666666667,48187,25.698329300285774,25.698329300285774
48507,53.675,48463,34.27229938168632,34.27229938168632
36003,0,36003,0,0
36009,75.40833333333333,36003,30.06623732672144,30.06623732672144
36013,0,36013,0,0
36029,0,36029,0,0
36037,0,36037,0,0
36051,49.766666666666666,36037,22.894115112116886,22.894115112116886
36063,0,36063,0,0
36073,32.178333333333335,36037,17.50793609381055,17.50793609381055
36121,0,36121,0,0
42023,133.975,42033,37.80053951719293,37.80053951719293
42031,48.059999999999995,42065,23.217262764056557,23.217262764056557
42033,0,42033,0,0
42039,0,42039,0,0
42047,70.25500000000001,42033,29.16340764746614,29.16340764746614
42049,0,42049,0,0
42053,98.07166666666667,42065,25.296122254754987,25.296122254754987
42065,0,42065,0,0
42083,73.86333333333333,42123,33.46199560421135,33.46199560421135
42105,62.055,36003,28.348998738397665,28.348998738397665
42121,0,42121,0,0
42123,0,42123,0,0
37157,0,37157,0,0
51005,80.90333333333334,54025,27.46584723039255,27.46584723039255
51017,73.17166666666667,51163,24.13183312600598,24.13183312600598
51021,42.20666666666667,54055,14.270223105560298,14.270223105560298
51023,27.46833333333333,51775,13.006243600785183,13.006243600785183
51035,46.980000000000004,37171,20.32989530961767,20.32989530961767
51045,46.36333333333334,51775,14.535017658487455,14.535017658487455
51063,41.85333333333333,51121,17.462738729313784,17.462738729313784
51067,41.33166666666667,51770,18.674328999216506,18.674328999216506
51071,36.20666666666667,51155,16.354555988505716,16.354555988505716
51077,70.25666666666666,37171,28.419143888607234,28.419143888607234
51089,46.2,37157,21.26222526565327,21.26222526565327
51121,0,51121,0,0
51141,47.55166666666666,37169,21.074797175086758,21.074797175086758
51155,0,51155,0,0
51161,0,51161,0,0
51173,0,51173,0,0
51185,49.894999999999996,54055,22.010922680169134,22.010922680169134
51197,41.82333333333334,51155,23.045992584495604,23.045992584495604
51580,37.68666666666666,54025,27.83784461774526,27.83784461774526
51640,46.97833333333333,37171,21.788183062126265,21.788183062126265
51690,40.575,37157,20.152177384810003,20.152177384810003
51750,21.298333333333336,51155,8.562416866227137,8.562416866227137
51770,0,51770,0,0
51775,0,51775,0,0
54019,0,54019,0,0
54025,0,54025,0,0
54047,75.91333333333334,54055,28.60446288233555,28.60446288233555
54055,0,54055,0,0
54063,55.61833333333333,54025,24.232312788414724,24.232312788414724
54067,46.82333333333334,54019,25.772642786876837,25.772642786876837
54075,86.49833333333332,54025,39.307039026961526,39.307039026961526
54081,0,54081,0,0
54089,52.57,54081,20.49774945254574,20.49774945254574
54101,136.62,54019,42.51957829494101,42.51957829494101
54109,48.43666666666666,54081,22.344369258012815,22.344369258012815
19001,64.57833333333333,19049,35.72992030894783,35.72992030894783
19003,79.27333333333333,29147,46.0181362581512,46.0181362581512
19029,78.435,19027,46.84184306641066,46.84184306641066
19039,60.52166666666667,19049,41.62246018209341,41.62246018209341
19049,0,19049,0,0
19053,87.275,19049,60.15920611613928,60.15920611613928
19117,58.05,19125,27.09958214551571,27.09958214551571
19121,40.79333333333333,19049,19.993025448894425,19.993025448894425
19137,78.75833333333334,31153,46.588950476312874,46.588950476312874
19145,58.97833333333333,29147,32.004624767679786,32.004624767679786
19153,0,19153,0,0
19159,85.36333333333333,29147,42.528101902205414,42.528101902205414
19173,56.225,29147,29.441877051922123,29.441877051922123
19175,90.42666666666668,19049,45.31416758919635,45.31416758919635
19181,36.87833333333333,19153,15.655556000621717,15.655556000621717
19185,89.26833333333335,19125,45.227645284697964,45.227645284697964
29003,21.48,29021,11.688449467045968,11.688449467045968
29021,0,29021,0,0
29025,68.18,29047,38.897978985353824,38.897978985353824
29033,86.55666666666666,29159,50.63478707509962,50.63478707509962
29049,54.31333333333334,29047,25.121933094888348,25.121933094888348
29061,72.84333333333333,29021,46.36360934164593,46.36360934164593
29063,40.18666666666666,29021,25.237502796815985,25.237502796815985
29075,58.22,29147,25.145555176487715,25.145555176487715
29079,98.14,29021,69.04486021738845,69.04486021738845
29081,91.67666666666668,29021,45.73719515740133,45.73719515740133
29087,41.59,29021,24.968009402463892,24.968009402463892
29107,55.73833333333334,29095,32.46571331174882,32.46571331174882
29115,77.94166666666666,29175,42.1110609085083,42.1110609085083
29117,88.51166666666667,29021,62.85789858635644,62.85789858635644
29129,124.06666666666666,29021,67.9688355383241,67.9688355383241
29147,0,29147,0,0
29171,86.24499999999999,19179,47.272679253123286,47.272679253123286
29177,51.27333333333333,29047,23.979961913406655,23.979961913406655
29211,120.92833333333333,19179,65.22049923135134,65.22049923135134
29227,57.13166666666667,29147,24.383011524091618,24.383011524091618
17067,49.788333333333334,17109,28.27759235475424,28.27759235475424
17071,29.433333333333334,19057,10.404525221181196,10.404525221181196
17131,50.51833333333333,17161,21.241512559767227,21.241512559767227
17161,0,17161,0,0
17187,39.86666666666667,17109,26.742165755930788,26.742165755930788
19007,61.70333333333333,19179,30.065463763217082,30.065463763217082
19011,49.73833333333334,19113,19.104914328248206,19.104914328248206
19031,37.94166666666667,19103,22.27453375381974,22.27453375381974
19045,0,19045,0,0
19051,26.175,19179,17.541220561438017,17.541220561438017
19057,0,19057,0,0
19087,0,19087,0,0
19095,35.47,19103,24.68528027540471,24.68528027540471
19097,55.37833333333333,19061,23.128466825573526,23.128466825573526
19099,39.515,19153,22.21806825364807,22.21806825364807
19101,0,19101,0,0
19103,0,19103,0,0
19105,39.443333333333335,19113,24.657933505342626,24.657933505342626
19107,55.181666666666665,19179,24.141670628837883,24.141670628837883
19111,47.11,19057,23.166920599281674,23.166920599281674
19113,0,19113,0,0
19115,49.75333333333333,19057,22.26864607906143,22.26864607906143
19123,41.330000000000005,19179,20.96965592842125,20.96965592842125
19125,0,19125,0,0
19127,0,19127,0,0
19135,36.95333333333333,19179,21.212163830220597,21.212163830220597
19139,44.59666666666667,17161,27.51514740839363,27.51514740839363
19157,59.865,19127,27.248624719911017,27.248624719911017
19163,0,19163,0,0
19171,46.05,19127,20.339600641055323,20.339600641055323
19177,33.931666666666665,19101,18.58361052348892,18.58361052348892
19179,0,19179,0,0
19183,44.36,19087,23.052525181321656,23.052525181321656
29001,75.58,29175,54.437010855949346,54.437010855949346
29045,63.965,19087,38.102188181440276,38.102188181440276
29103,87.33333333333333,17001,46.09787178143912,46.09787178143912
29111,55.156666666666666,17001,19.42931128885949,19.42931128885949
29197,62.89333333333333,19179,38.68297618587659,38.68297618587659
29199,75.175,19179,40.20308286232264,40.20308286232264
33001,0,33001,0,0
33003,0,33003,0,0
33007,122.265,50019,41.28439830266921,41.28439830266921
33009,0,33009,0,0
33019,46.86333333333334,50027,16.95641285667152,16.95641285667152
36019,0,36019,0,0
50001,0,50001,0,0
50005,54.218333333333334,50023,28.32947915967626,28.32947915967626
50007,0,50007,0,0
50009,123.23,50019,27.425809775252134,27.425809775252134
50011,0,50011,0,0
50013,50.995,50007,12.822228332819714,12.822228332819714
50015,57.294999999999995,50023,23.7621795527498,23.7621795527498
50017,0,50017,0,0
50019,0,50019,0,0
50021,0,50021,0,0
50023,0,50023,0,0
50025,0,50025,0,0
50027,0,50027,0,0
48007,43.01166666666666,48355,30.13242179853569,30.13242179853569
48025,70.43333333333334,48469,49.70579727930811,49.70579727930811
48047,76.82333333333332,48215,56.7423115738601,56.7423115738601
48061,0,48061,0,0
48131,108.56,48355,58.88321386609628,58.88321386609628
48175,48.76833333333333,48469,23.80383697368577,23.80383697368577
48215,0,48215,0,0
48247,106.70666666666666,48479,50.79766706329057,50.79766706329057
48249,51.84166666666667,48355,38.84575328720223,38.84575328720223
48255,79.44166666666666,48029,53.234474959258364,53.234474959258364
48261,89.08,48355,48.48411661976381,48.48411661976381
48273,60.443333333333335,48355,30.93929572748024,30.93929572748024
48283,71.67,48479,59.05961104321765,59.05961104321765
48297,67.565,48355,59.02457256622939,59.02457256622939
48311,110.65333333333334,48029,65.8394215841093,65.8394215841093
48355,0,48355,0,0
48391,55.56166666666666,48355,40.06565718451565,40.06565718451565
48409,35.343333333333334,48355,14.966883696848727,14.966883696848727
48427,61.11333333333334,48215,42.13685728927758,42.13685728927758
48479,0,48479,0,0
48489,44.22,48061,29.307770504270213,29.307770504270213
48505,60.94166666666667,48479,44.70085117688465,44.70085117688465
16005,0,16005,0,0
16007,98.33833333333334,49005,46.50578078401718,46.50578078401718
16011,26.725,16005,24.64395610328788,24.64395610328788
16013,93.92666666666668,16083,69.00287183145232,69.00287183145232
16019,0,16019,0,0
16023,104.56,16019,66.91729019037422,66.91729019037422
16025,100.27833333333334,16083,56.26270127572016,56.26270127572016
16029,72.115,16005,42.18083601986116,42.18083601986116
16031,59.583333333333336,16083,38.61629349961829,38.61629349961829
16033,60.73833333333334,16019,34.85448962875595,34.85448962875595
16037,172.42000000000002,16019,117.89319283502503,117.89319283502503
16039,55.769999999999996,16001,46.50176056407567,46.50176056407567
16041,40.57166666666667,49005,24.431310301430756,24.431310301430756
16043,73.81666666666666,16065,16.021497941643254,16.021497941643254
16047,47.15,16083,23.929101090461177,23.929101090461177
16051,22.736666666666668,16065,12.299283728851309,12.299283728851309
16053,20.7,16083,9.781084210441366,9.781084210441366
16063,47.97,16083,29.65347874355699,29.65347874355699
16065,0,16065,0,0
16067,56.31166666666666,16083,40.18964842752026,40.18964842752026
16071,63.005,49005,38.19867006108901,38.19867006108901
16077,39.943333333333335,16005,21.44769850384445,21.44769850384445
16081,0,16081,0,0
16083,0,16083,0,0
32007,259.245,16083,129.26186284193778,129.26186284193778
49003,42.95666666666667,49057,17.02106901007299,17.02106901007299
49005,0,49005,0,0
49033,103.38666666666667,49005,28.631229742139542,28.631229742139542
56023,142.25333333333336,56039,58.44303702370029,58.44303702370029
56035,114.27833333333334,56039,63.55582256957995,63.55582256957995
56039,0,56039,0,0
20007,131.41833333333335,20155,67.37108121115192,67.37108121115192
20015,34.580000000000005,20173,19.164718895803524,19.164718895803524
20035,55.33833333333334,40071,30.548556388544192,30.548556388544192
20077,94.115,20173,50.29505003249627,50.29505003249627
20079,0,20079,0,0
20095,58.95333333333333,20155,31.814375620374886,31.814375620374886
20113,0,20113,0,0
20115,45.16,20113,23.820541908991654,23.820541908991654
20151,69.17666666666668,20155,51.85449632536514,51.85449632536514
20155,0,20155,0,0
20159,35.055,20155,23.591568308775262,23.591568308775262
20173,0,20173,0,0
20185,40.27333333333333,20009,27.075880133375648,27.075880133375648
20191,46.97,20173,26.265535710877895,26.265535710877895
40003,59.82,40047,29.977300948774506,29.977300948774506
40047,0,40047,0,0
40053,42.64,40047,25.73026753896015,25.73026753896015
40071,0,40071,0,0
40093,60.36333333333334,40047,31.204350363292097,31.204350363292097
40103,42.888333333333335,40119,20.433484972017215,20.433484972017215
40151,111.52,40047,52.278755404509475,52.278755404509475
17007,22.846666666666668,17201,10.689002332484277,10.689002332484277
17015,42.656666666666666,17195,21.05498779024346,21.05498779024346
17031,0,17031,0,0
17037,0,17037,0,0
17043,0,17043,0,0
17063,50.84,17099,21.003750700750796,21.003750700750796
17085,67,19061,23.813793265520626,23.813793265520626
17089,0,17089,0,0
17093,35.68,17089,17.65089858781588,17.65089858781588
17097,0,17097,0,0
17099,0,17099,0,0
17103,40.73833333333334,17195,21.906701941464668,21.906701941464668
17111,0,17111,0,0
17141,52.32333333333334,17037,21.717437547238543,21.717437547238543
17177,0,17177,0,0
17195,0,17195,0,0
17197,0,17197,0,0
17201,0,17201,0,0
55001,70.47166666666666,55097,37.83447821314887,37.83447821314887
55021,0,55021,0,0
55025,0,55025,0,0
55027,0,55027,0,0
55039,0,55039,0,0
55045,0,55045,0,0
55047,52.12166666666667,55039,26.879759426459938,26.879759426459938
55049,62.14,55025,34.95712235149192,34.95712235149192
55055,0,55055,0,0
55057,52.67166666666667,55081,28.0689908950745,28.0689908950745
55059,0,55059,0,0
55065,62.980000000000004,55045,28.736680228889163,28.736680228889163
55077,55.32666666666667,55021,24.327719962118845,24.327719962118845
55079,0,55079,0,0
55089,0,55089,0,0
55101,0,55101,0,0
55105,0,55105,0,0
55111,60.97,55021,25.184177552153518,25.184177552153518
55117,0,55117,0,0
55127,0,55127,0,0
55131,0,55131,0,0
55133,0,55133,0,0
25003,0,25003,0,0
36001,0,36001,0,0
36021,0,36021,0,0
36025,59.669999999999995,36077,22.03641666341824,22.03641666341824
36031,66.42,36019,26.420832425151218,26.420832425151218
36033,0,36033,0,0
36035,0,36035,0,0
36039,47.251666666666665,36021,15.34195670097112,15.34195670097112
36041,78.23166666666665,36035,37.046737611037294,37.046737611037294
36043,42.92833333333333,36065,18.933132186371758,18.933132186371758
36057,22.676666666666666,36035,8.72796276192483,8.72796276192483
36077,0,36077,0,0
36083,0,36083,0,0
36089,0,36089,0,0
36091,0,36091,0,0
36093,0,36093,0,0
36095,53.41166666666666,36093,27.38490273822544,27.38490273822544
36113,0,36113,0,0
36115,40.70666666666667,36113,14.490600064224761,14.490600064224761
50003,0,50003,0,0
21019,0,21019,0,0
21043,40.085,21019,21.571187196463207,21.571187196463207
21089,29.023333333333333,21019,11.445300652010504,11.445300652010504
21115,70.86999999999999,21195,33.11589199332475,33.11589199332475
21127,50.91166666666666,21019,24.270215429926424,24.270215429926424
21159,78.64,54045,26.13727093479202,26.13727093479202
39009,0,39009,0,0
39053,0,39053,0,0
39073,33.18,39009,22.37299188837485,22.37299188837485
39079,35.25833333333333,39053,22.89798969633197,22.89798969633197
39087,30.87,21019,8.39303611357047,8.39303611357047
39105,34.775,39009,20.001680305255917,20.001680305255917
39115,54.875,39119,22.620451243822487,22.620451243822487
39127,46.276666666666664,39119,19.08367317801595,19.08367317801595
39131,40.4,39141,17.805434335623747,17.805434335623747
39141,0,39141,0,0
39145,0,39145,0,0
39163,50.57833333333333,39009,22.748191375196456,22.748191375196456
39167,0,39167,0,0
54005,51.934999999999995,54039,18.129369231061347,18.129369231061347
54007,77.325,54033,46.070167376804726,46.070167376804726
54011,0,54011,0,0
54013,77.70666666666666,54035,32.76761041308713,32.76761041308713
54015,65.51833333333333,54039,30.403206449958628,30.403206449958628
54021,81.32833333333333,54033,36.31503695209444,36.31503695209444
54035,0,54035,0,0
54039,0,54039,0,0
54043,62.343333333333334,54011,20.24535715632706,20.24535715632706
54045,0,54045,0,0
54053,29.241666666666667,39053,11.679122221299302,11.679122221299302
54059,53.27833333333333,54045,14.420442345753447,14.420442345753447
54073,30.091666666666665,54107,17.444994486331662,17.444994486331662
54079,0,54079,0,0
54085,42.17833333333333,54107,26.39066597064698,26.39066597064698
54087,72.11,54035,21.227643983401524,21.227643983401524
54099,32.723333333333336,54011,13.280666200273659,13.280666200273659
54105,33.153333333333336,54107,16.409769629926014,16.409769629926014
54107,0,54107,0,0
18001,41.445,18003,26.23995152757637,26.23995152757637
18003,0,18003,0,0
18009,36.15333333333333,18053,16.176434245684284,16.176434245684284
18033,34.391666666666666,18003,19.664698924736317,19.664698924736317
18039,0,18039,0,0
18049,48.88666666666666,18085,24.73876927819437,24.73876927819437
18053,0,18053,0,0
18069,41.88,18053,24.680780732251367,24.680780732251367
18075,37.53666666666666,18035,25.12893571360614,25.12893571360614
18085,0,18085,0,0
18087,47.85333333333333,18039,17.86093955645243,17.86093955645243
18091,0,18091,0,0
18099,33.38333333333333,18085,19.254295861600838,19.254295861600838
18103,34.50333333333333,18067,18.153396496419244,18.153396496419244
18113,49.64666666666667,18003,25.084592137638264,25.084592137638264
18141,0,18141,0,0
18151,53.80833333333333,18003,31.244212372376946,31.244212372376946
18169,46.36333333333334,18053,24.326722163595758,24.326722163595758
18179,44.355000000000004,18003,23.078403656166827,23.078403656166827
18183,34.915,18085,18.85529339538349,18.85529339538349
26005,44.13,26139,22.161877272532163,22.161877272532163
26015,0,26015,0,0
26021,0,26021,0,0
26023,46.42833333333333,26025,25.20290006942242,25.20290006942242
26025,0,26025,0,0
26027,34.73166666666667,26021,17.743715053146882,17.743715053146882
26059,46.35166666666667,26075,24.65246374080591,24.65246374080591
26077,0,26077,0,0
26081,0,26081,0,0
26121,0,26121,0,0
26139,0,26139,0,0
26149,0,26149,0,0
26159,0,26159,0,0
39039,0,39039,0,0
39125,32.43666666666667,39039,13.35107881195716,13.35107881195716
39171,37.151666666666664,39039,17.623435668553665,17.623435668553665
39003,0,39003,0,0
39011,37.74333333333333,39003,16.670893357489884,16.670893357489884
39021,0,39021,0,0
39023,0,39023,0,0
39027,0,39027,0,0
39033,31.541666666666668,39139,17.59091747461522,17.59091747461522
39037,49.88166666666667,39113,26.15125023654114,26.15125023654114
39041,0,39041,0,0
39043,0,39043,0,0
39045,0,39045,0,0
39047,43.105000000000004,39141,23.296763295361263,23.296763295361263
39049,0,39049,0,0
39051,42.644999999999996,39095,24.142915473137407,24.142915473137407
39057,0,39057,0,0
39063,0,39063,0,0
39065,44.425,39091,21.742732440819292,21.742732440819292
39069,36.52333333333333,39039,19.751972003270563,19.751972003270563
39071,0,39071,0,0
39077,0,39077,0,0
39083,0,39083,0,0
39089,0,39089,0,0
39091,0,39091,0,0
39095,0,39095,0,0
39097,38.35,39023,21.14817711205302,21.14817711205302
39101,0,39101,0,0
39107,57.77166666666667,39003,30.321977873527267,30.321977873527267
39109,33.395,39113,20.468718578181207,20.468718578181207
39113,0,39113,0,0
39117,36.03666666666666,39083,18.037831814778105,18.037831814778105
39123,36.75833333333333,39143,13.318606801322018,13.318606801322018
39129,0,39129,0,0
39137,34.373333333333335,39003,17.35049444294318,17.35049444294318
39139,0,39139,0,0
39143,0,39143,0,0
39147,0,39147,0,0
39149,46.7,39003,22.41334284984225,22.41334284984225
39159,0,39159,0,0
39161,39.1,39003,24.114928098831808,24.114928098831808
39173,0,39173,0,0
39175,33.605,39063,18.78265154502948,18.78265154502948
05081,47.30166666666666,05091,18.223023204719066,18.223023204719066
05091,0,05091,0,0
22015,0,22015,0,0
22017,0,22017,0,0
22031,49.413333333333334,22017,24.04980922287531,24.04980922287531
48001,0,48001,0,0
48005,0,48005,0,0
48037,0,48037,0,0
48063,47.169999999999995,48183,35.70563657341174,35.70563657341174
48067,57.74,48037,25.22094626238799,25.22094626238799
48073,0,48073,0,0
48159,64.19333333333333,48231,42.21579429849421,42.21579429849421
48183,0,48183,0,0
48203,0,48203,0,0
48315,30.263333333333332,48203,17.631316695684546,17.631316695684546
48343,62.02833333333333,48183,39.24945995797788,39.24945995797788
48347,0,48347,0,0
48365,37.809999999999995,48203,26.190177606566614,26.190177606566614
48387,37.04333333333333,48277,26.845137470019377,26.845137470019377
48401,33.803333333333335,48183,21.113162340658683,21.113162340658683
48419,59.00833333333333,48347,30.455939284505654,30.455939284505654
48423,0,48423,0,0
48449,59.526666666666664,48037,47.5676402761601,47.5676402761601
48459,20.355,48183,15.676640521992665,15.676640521992665
48499,58.535,48423,31.61694494838966,31.61694494838966
72001,17.42,72141,6.929223122159885,6.929223122159885
72003,18.785,72099,6.206782208613574,6.206782208613574
72005,0,72005,0,0
72011,17.793333333333333,72097,6.235994751824842,6.235994751824842
72013,0,72013,0,0
72017,11.504999999999999,72091,5.108405440967201,5.108405440967201
72023,0,72023,0,0
72027,27.273333333333333,72013,10.35084082700956,10.35084082700956
72039,18.77,72091,7.847121198687055,7.847121198687055
72054,23.56,72091,6.684671767498193,6.684671767498193
72055,16.418333333333333,72153,5.27507624182187,5.27507624182187
72059,9.566666666666666,72153,4.430454126085513,4.430454126085513
72065,16.671666666666667,72013,6.994668785999821,6.994668785999821
72067,13.868333333333334,72097,4.165149506280722,4.165149506280722
72071,0,72071,0,0
72073,28.845000000000002,72141,8.272434987551533,8.272434987551533
72075,15.576666666666666,72113,7.54665638364167,7.54665638364167
72079,24.03666666666667,72023,7.668809284802046,7.668809284802046
72081,30.676666666666666,72141,10.870132671750957,10.870132671750957
72083,27.375,72097,9.588206278369663,9.588206278369663
72091,0,72091,0,0
72093,33.70333333333333,72097,11.133903863375464,11.133903863375464
72097,0,72097,0,0
72099,0,72099,0,0
72111,21.16166666666667,72113,7.370592546682021,7.370592546682021
72113,0,72113,0,0
72115,15.706666666666667,72071,6.096422902243133,6.096422902243133
72117,29.226666666666667,72097,10.345020541448424,10.345020541448424
72121,20.671666666666667,72153,6.264416498472819,6.264416498472819
72125,22.85666666666667,72023,7.7936790212173035,7.7936790212173035
72131,16.54,72099,7.37142331359078,7.37142331359078
72141,0,72141,0,0
72149,28.533333333333335,72113,11.096347435725706,11.096347435725706
72153,0,72153,0,0
27001,61.055,27035,31.590367710994858,31.590367710994858
27003,0,27003,0,0
27009,0,27009,0,0
27013,0,27013,0,0
27015,55.818333333333335,27103,26.42229736748944,26.42229736748944
27019,0,27019,0,0
27021,59.50666666666667,27035,29.353091831273513,29.353091831273513
27025,0,27025,0,0
27035,0,27035,0,0
27037,0,27037,0,0
27049,0,27049,0,0
27053,0,27053,0,0
27059,0,27059,0,0
27061,0,27061,0,0
27065,42.80833333333333,27059,23.736312238485105,23.736312238485105
27067,0,27067,0,0
27079,41.825,27103,19.199091102765934,19.199091102765934
27085,56.7,27019,28.724731300997846,28.724731300997846
27093,44.00666666666667,27067,26.163381904093665,26.163381904093665
27095,48.86333333333334,27009,24.523778402278598,24.523778402278598
27097,41.86,27009,26.49255343571066,26.49255343571066
27103,0,27103,0,0
27115,57.75,27025,38.02337601528876,38.02337601528876
27123,0,27123,0,0
27127,46.195,27083,29.94656101363854,29.94656101363854
27129,54.83833333333334,27067,30.170515811344682,30.170515811344682
27131,0,27131,0,0
27139,0,27139,0,0
27141,42.49,27003,24.263705594056717,24.263705594056717
27143,60.74666666666667,27103,22.543377694536076,22.543377694536076
27145,0,27145,0,0
27147,0,27147,0,0
27153,61.05333333333333,27041,26.380344254450616,26.380344254450616
27161,25.975,27147,16.71881342062408,16.71881342062408
27163,0,27163,0,0
27171,48.769999999999996,27053,25.926972512452522,25.926972512452522
55093,0,55093,0,0
55095,36.55166666666666,27025,21.7088657647916,21.7088657647916
55109,0,55109,0,0
20001,68.625,20059,44.40770061383679,44.40770061383679
20003,37.62833333333333,20059,24.303652219691383,24.303652219691383
20005,0,20005,0,0
20013,51.89,20005,26.27027293766286,26.27027293766286
20017,35.39666666666667,20111,20.927665008629823,20.927665008629823
20031,43.413333333333334,20111,26.372924287865843,26.372924287865843
20043,25.176666666666666,29021,13.600880845545252,13.600880845545252
20045,0,20045,0,0
20059,0,20059,0,0
20073,81.58,20111,38.378878474165276,38.378878474165276
20085,33.775,20177,25.51528231767296,25.51528231767296
20087,44.79333333333333,20045,20.07921882221294,20.07921882221294
20091,0,20091,0,0
20103,35.375,20209,14.859479824360225,14.859479824360225
20107,73.58666666666666,20091,35.36450329077058,35.36450329077058
20111,0,20111,0,0
20121,32.690000000000005,20091,23.189267948690606,23.189267948690606
20127,68.88833333333334,20111,27.65050940253608,27.65050940253608
20131,82.00333333333333,20005,45.929500996120346,45.929500996120346
20133,62.830000000000005,20099,26.195041629718585,26.195041629718585
20139,36.69166666666667,20177,23.19190140127136,23.19190140127136
20149,37.093333333333334,20161,16.634091949168326,16.634091949168326
20177,0,20177,0,0
20197,55.155,20177,25.539811078868013,25.539811078868013
20207,76.00333333333333,20111,44.44120034271742,44.44120034271742
20209,0,20209,0,0
29037,39.10166666666667,29095,17.922643351374276,17.922643351374276
29047,0,29047,0,0
29095,0,29095,0,0
29165,0,29165,0,0
31147,84.89333333333335,29021,45.730794048987924,45.730794048987924
45005,32.795,45049,16.89215283540147,16.89215283540147
45009,33.99666666666666,45075,21.166201126638533,21.166201126638533
45011,57.43333333333333,45003,29.29480950224066,29.29480950224066
45015,0,45015,0,0
45017,30.985,45075,14.307707696566256,14.307707696566256
45019,0,45019,0,0
45025,60.92666666666666,37179,35.66018083360347,35.66018083360347
45027,29.904999999999998,45085,19.78320204424058,19.78320204424058
45029,0,45029,0,0
45031,44.82833333333333,45041,19.755862729221235,19.755862729221235
45035,0,45035,0,0
45039,37.635,45079,20.780686561614836,20.780686561614836
45041,0,45041,0,0
45043,0,45043,0,0
45049,0,45049,0,0
45055,0,45055,0,0
45061,35.50833333333333,45055,18.909578335346687,18.909578335346687
45063,0,45063,0,0
45075,0,45075,0,0
45079,0,45079,0,0
45085,0,45085,0,0
45089,73.25166666666668,45041,30.847269333858527,30.847269333858527
01097,0,01097,0,0
22117,0,22117,0,0
28023,36.093333333333334,28075,23.18992523816237,23.18992523816237
28031,37.651666666666664,28067,22.449695980494454,22.449695980494454
28035,0,28035,0,0
28039,47.81333333333334,28059,27.77349548064519,27.77349548064519
28041,77.96000000000001,28035,39.68583761111463,39.68583761111463
28045,0,28045,0,0
28047,0,28047,0,0
28059,0,28059,0,0
28061,43.11666666666667,28067,20.350360563801207,20.350360563801207
28065,55.73833333333334,28085,30.426463456991343,30.426463456991343
28067,0,28067,0,0
28073,0,28073,0,0
28075,0,28075,0,0
28077,28.348333333333336,28085,20.453602355816066,20.453602355816066
28091,38.71333333333334,28073,23.151304386312837,23.151304386312837
28101,53.669999999999995,28075,25.479892430658953,25.479892430658953
28109,59.615,28045,22.589748262177068,22.589748262177068
28111,45.50333333333333,28035,17.740755590283253,17.740755590283253
28123,57.05833333333333,28121,30.39946594398527,30.39946594398527
28127,59.62166666666667,28049,27.242331268184508,27.242331268184508
28129,57.39666666666667,28067,28.815086408247897,28.815086408247897
28131,36.77833333333333,28047,26.07386088766485,26.07386088766485
28147,28.525,28113,19.03959460190451,19.03959460190451
28153,50.22833333333333,28067,29.702562725705782,29.702562725705782
