fips,county,state,nearest_prog_id,nearest_drive_min,nearest_gc_miles
01001,Autauga,Alabama,1,97.92166666666667,71.77290509682129
01003,Baldwin,Alabama,33,195.37333333333333,143.91574254680967
01005,Barbour,Alabama,20,221.38333333333333,146.21324289649317
01007,Bibb,Alabama,1,64.00833333333334,37.99682710950769
01009,Blount,Alabama,1,56.468333333333334,33.28458965444838
01011,Bullock,Alabama,1,167.0366666666667,115.26619165052959
01013,Butler,Alabama,1,154.16666666666666,119.78739306024067
01015,Calhoun,Alabama,1,84.88666666666667,58.616151053825696
01017,Chambers,Alabama,20,115.445,84.39317117768323
01019,Cherokee,Alabama,1,112.74,81.82492535726416
01021,Chilton,Alabama,1,67.68333333333334,43.73953527933508
01023,Choctaw,Alabama,49,170.465,113.95023382439499
01025,Clarke,Alabama,1,215.74166666666667,139.03519040025697
01027,Clay,Alabama,1,101.825,58.9611027805036
01029,Cleburne,Alabama,20,95.47833333333332,68.44895236075611
01031,Coffee,Alabama,1,217.62,157.70888400707452
01033,Colbert,Alabama,1,135.015,98.15204432701333
01035,Conecuh,Alabama,1,184.29500000000002,144.77287847118401
01037,Coosa,Alabama,1,94.625,52.16831203442805
01039,Covington,Alabama,1,213.15333333333334,155.15391288147336
01041,Crenshaw,Alabama,1,171.94,124.95256634874892
01043,Cullman,Alabama,1,59.480000000000004,45.463970889359096
01045,Dale,Alabama,1,213.35666666666665,161.50567682490936
01047,Dallas,Alabama,1,125.38166666666666,76.75422844610291
01049,DeKalb,Alabama,1,118.83999999999999,86.38839987640914
01051,Elmore,Alabama,1,111.07333333333332,73.42191539148433
01053,Escambia,Alabama,1,220.01166666666668,169.5119816185714
01055,Etowah,Alabama,1,72.51833333333335,56.66211301454959
01057,Fayette,Alabama,1,94.02,57.67245597118226
01059,Franklin,Alabama,1,136.69333333333333,87.27553131066918
01061,Geneva,Alabama,1,246.66666666666666,176.88657157493626
01063,Greene,Alabama,1,103.93166666666666,79.82727304842135
01065,Hale,Alabama,1,119.35833333333333,69.1071038367948
01067,Henry,Alabama,20,241.53,169.82420697621805
01069,Houston,Alabama,1,239.325,178.8416070795653
01071,Jackson,Alabama,1,145.18833333333333,97.65692350716047
01073,Jefferson,Alabama,1,3.753333333333333,1.0255846202287748
01075,Lamar,Alabama,1,127.91000000000001,77.27515994629759
01077,Lauderdale,Alabama,86,139.62833333333336,99.2450945323306
01079,Lawrence,Alabama,1,107.19833333333332,76.4620567061467
01081,Lee,Alabama,20,134.745,102.41688543813419
01083,Limestone,Alabama,1,110.62666666666668,90.00717610919449
01085,Lowndes,Alabama,1,134.355,93.27747001528654
01087,Macon,Alabama,1,148.31833333333333,97.5507628029061
01089,Madison,Alabama,1,117.21666666666667,86.18440523513443
01091,Marengo,Alabama,1,156.67000000000002,99.16525103551504
01093,Marion,Alabama,1,112.185,74.56470511847606
01095,Marshall,Alabama,1,107.27,62.9023984801059
01097,Mobile,Alabama,33,162.065,124.08039915073272
01099,Monroe,Alabama,1,219.69666666666666,142.4619476543203
01101,Montgomery,Alabama,1,107.66833333333334,86.55777207112791
01103,Morgan,Alabama,1,91.97666666666667,70.09769355206868
01105,Perry,Alabama,1,113.00166666666668,71.60686346260078
01107,Pickens,Alabama,1,116.18666666666667,75.00918719029738
01109,Pike,Alabama,1,166.4,128.75697884388282
01111,Randolph,Alabama,1,130.23166666666665,80.98132771192441
01113,Russell,Alabama,20,144.22166666666666,104.26738550870188
01115,St. Clair,Alabama,1,52.00833333333333,26.7954417959083
01117,Shelby,Alabama,1,52.440000000000005,15.271287387055468
01119,Sumter,Alabama,1,138.65666666666667,104.99417741341748
01121,Talladega,Alabama,1,71.15166666666667,37.68553586687263
01123,Tallapoosa,Alabama,1,108.54833333333333,70.53775608383697
01125,Tuscaloosa,Alabama,1,68.11166666666666,45.999610660131665
01127,Walker,Alabama,1,51.63666666666666,34.41630292552504
01129,Washington,Alabama,49,223.26000000000002,132.28332151639276
01131,Wilcox,Alabama,1,184.34333333333333,108.75619893315897
01133,Winston,Alabama,1,97.89333333333335,57.602405428144735
02013,Aleutians East,Alaska,96,5822.516666666666,1831.2264513394646
02016,Aleutians West,Alaska,96,6573.546666666666,2010.5721367452018
02020,Anchorage,Alaska,96,2975.4533333333334,1428.8843831128215
02050,Bethel,Alaska,NA,NA,NA
02060,Bristol Bay,Alaska,NA,NA,NA
02063,Chugach,Alaska,96,2877.9016666666666,1314.6119128345163
02066,Copper River,Alaska,96,2767.305,1330.6841292429617
02068,Denali,Alaska,96,2950.3083333333334,1505.6655854229564
02070,Dillingham,Alaska,NA,NA,NA
02090,Fairbanks North Star,Alaska,96,2818.0716666666663,1512.841724664315
02100,Haines,Alaska,96,2377.483333333333,963.2589673073201
02105,Hoonah-Angoon,Alaska,96,3107.266666666667,903.6588008245353
02110,Juneau,Alaska,96,2899.4283333333337,894.7234132486982
02122,Kenai Peninsula,Alaska,96,3212.9716666666664,1439.7049712051873
02130,Ketchikan Gateway,Alaska,96,1652.5266666666669,667.1918502387828
02150,Kodiak Island,Alaska,96,3831.305,1425.7863794975008
02158,Kusilvak,Alaska,NA,NA,NA
02164,Lake and Peninsula,Alaska,NA,NA,NA
02170,Matanuska-Susitna,Alaska,96,2937.695,1432.441461573034
02180,Nome,Alaska,NA,NA,NA
02185,North Slope,Alaska,NA,NA,NA
02188,Northwest Arctic,Alaska,NA,NA,NA
02195,Petersburg,Alaska,96,2200.6316666666667,773.8902493775784
02198,Prince of Wales-Hyder,Alaska,NA,NA,NA
02220,Sitka,Alaska,96,3473.4683333333332,848.6645934893411
02230,Skagway,Alaska,96,2130.023333333333,971.5288841635207
02240,Southeast Fairbanks,Alaska,96,2699.455,1402.8666824354716
02275,Wrangell,Alaska,96,2017.84,739.9958166705418
02282,Yakutat,Alaska,96,3911.9816666666666,1081.837616904103
02290,Yukon-Koyukuk,Alaska,96,3139.74,1642.2042916185935
04001,Apache,Arizona,3,424.93333333333334,244.3912326707509
04003,Cochise,Arizona,3,130.17166666666668,67.44490781703324
04005,Coconino,Arizona,3,326.49,226.70903874283093
04007,Gila,Arizona,3,281.9116666666667,110.88463481688426
04009,Graham,Arizona,3,164.24333333333334,79.05590507875284
04011,Greenlee,Arizona,3,191.04833333333332,110.71019358846668
04012,La Paz,Arizona,6,234.28,176.648999466288
04013,Maricopa,Arizona,3,125.95,107.3660308043039
04015,Mohave,Arizona,6,303.4816666666667,183.92071853615408
04017,Navajo,Arizona,3,327.1933333333333,186.05448015231144
04019,Pima,Arizona,3,6.496666666666667,1.8660158692198636
04021,Pinal,Arizona,3,116.75666666666666,68.87201514794081
04023,Santa Cruz,Arizona,3,75.51333333333334,55.37711015126083
04025,Yavapai,Arizona,3,222.435,181.93868310913717
04027,Yuma,Arizona,127,202.11333333333332,147.77371657342732
05001,Arkansas,Arkansas,2,94.39333333333335,54.50004509947588
05003,Ashley,Arkansas,2,152.485,111.53238345360006
05005,Baxter,Arkansas,2,210.675,109.24653443238846
05007,Benton,Arkansas,2,222.44833333333332,153.2881114094574
05009,Boone,Arkansas,2,193.79500000000002,113.46542258753294
05011,Bradley,Arkansas,2,110.33666666666666,82.28995423916864
05013,Calhoun,Arkansas,2,117.05833333333334,81.18593739625561
05015,Carroll,Arkansas,2,229.78166666666667,132.52399377614904
05017,Chicot,Arkansas,2,154.95499999999998,113.99087830456496
05019,Clark,Arkansas,2,76.84333333333333,64.24254790270689
05021,Clay,Arkansas,85,152.54,87.04349562892753
05023,Cleburne,Arkansas,2,103.93333333333334,54.60599406673113
05025,Cleveland,Arkansas,2,83.63000000000001,58.88330785556695
05027,Columbia,Arkansas,34,106.175,61.41093680481593
05029,Conway,Arkansas,2,60.86,38.634702287018975
05031,Craighead,Arkansas,85,81.315,59.99878662650619
05033,Crawford,Arkansas,2,165.20166666666668,122.34475851681286
05035,Crittenden,Arkansas,85,20.10666666666667,10.637783983220595
05037,Cross,Arkansas,85,58.416666666666664,42.8671841593618
05039,Dallas,Arkansas,2,95.65166666666667,62.36401192166202
05041,Desha,Arkansas,2,128.92,85.38477531935771
05043,Drew,Arkansas,2,105.03333333333333,83.50612932714277
05045,Faulkner,Arkansas,2,41.13166666666667,24.947411326827126
05047,Franklin,Arkansas,2,143.15,100.79184300222252
05049,Fulton,Arkansas,2,187.93833333333333,116.45453494425513
05051,Garland,Arkansas,2,73.91000000000001,46.43452289675064
05053,Grant,Arkansas,2,45.480000000000004,30.83802922306517
05055,Greene,Arkansas,85,104.51666666666667,70.02548450636476
05057,Hempstead,Arkansas,2,119.30833333333334,103.99049793448198
05059,Hot Spring,Arkansas,2,55.306666666666665,42.73726330598368
05061,Howard,Arkansas,2,144.75666666666666,105.05713885992873
05063,Independence,Arkansas,2,122.13333333333334,79.91219138989017
05065,Izard,Arkansas,2,170.21666666666667,97.41608809770987
05067,Jackson,Arkansas,2,102.21666666666667,85.46709691456287
05069,Jefferson,Arkansas,2,50.67666666666666,38.9940553726045
05071,Johnson,Arkansas,2,108.92666666666668,82.17676359855646
05073,Lafayette,Arkansas,34,102.42166666666667,56.32792280956724
05075,Lawrence,Arkansas,85,118.51166666666667,86.6412514110758
05077,Lee,Arkansas,85,82.03500000000001,48.435909680814014
05079,Lincoln,Arkansas,2,100.05166666666668,62.963389550276126
05081,Little River,Arkansas,34,123.17,87.93395937105508
05083,Logan,Arkansas,2,157.50166666666667,88.30744249148792
05085,Lonoke,Arkansas,2,42.6,22.741946112545126
05087,Madison,Arkansas,2,207.6,121.48793818969502
05089,Marion,Arkansas,2,203.67833333333334,107.62216037944793
05091,Miller,Arkansas,34,88.145,64.9555899732529
05093,Mississippi,Arkansas,85,73.49833333333332,48.60203276534391
05095,Monroe,Arkansas,2,101.86833333333334,62.40737325274549
05097,Montgomery,Arkansas,2,128.55166666666668,75.80243655178784
05099,Nevada,Arkansas,2,109.91499999999999,92.44563267499409
05101,Newton,Arkansas,2,184.80166666666668,97.48020879492432
05103,Ouachita,Arkansas,2,124.50166666666668,86.59308960858824
05105,Perry,Arkansas,2,63.94833333333334,31.034407892377185
05107,Phillips,Arkansas,85,114.29666666666667,56.84124793369275
05109,Pike,Arkansas,2,122.74333333333334,84.00032386334948
05111,Poinsett,Arkansas,85,66.11166666666666,43.750205041048126
05113,Polk,Arkansas,2,193.05,111.26219704584986
05115,Pope,Arkansas,2,82.17166666666667,58.42056409194065
05117,Prairie,Arkansas,2,61.85166666666667,44.92773732139001
05119,Pulaski,Arkansas,2,7.78,1.669516789638198
05121,Randolph,Arkansas,85,135.30833333333334,96.63244473590605
05123,St. Francis,Arkansas,85,56.266666666666666,42.95540337115684
05125,Saline,Arkansas,2,27.96833333333333,16.681070753291095
05127,Scott,Arkansas,2,166.095,101.30535334412822
05129,Searcy,Arkansas,2,135.09833333333333,83.18707339906895
05131,Sebastian,Arkansas,2,174.70333333333335,121.57231362259614
05133,Sevier,Arkansas,34,169.405,110.51118428590925
05135,Sharp,Arkansas,2,167.21,108.3860858703799
05137,Stone,Arkansas,2,140.44166666666666,77.0175595605245
05139,Union,Arkansas,34,129.32166666666666,81.59322622290111
05141,Van Buren,Arkansas,2,94.32833333333333,56.701199704268156
05143,Washington,Arkansas,2,200.36666666666667,139.63478236400758
05145,White,Arkansas,2,65.97,45.76986076867752
05147,Woodruff,Arkansas,85,98.515,69.21725877676818
05149,Yell,Arkansas,2,116.80333333333333,60.39055041200107
06001,Alameda,California,113,37.07333333333334,18.353295334993685
06003,Alpine,California,4,204.59833333333333,87.42446442824891
06005,Amador,California,4,67.465,38.0566174044583
06007,Butte,California,4,103.225,77.7871741258646
06009,Calaveras,California,4,97.55833333333334,51.581615295232915
06011,Colusa,California,4,80.75500000000001,53.607147844810626
06013,Contra Costa,California,113,45.37,24.040342800624167
06015,Del Norte,California,75,409.74,266.7253159422508
06017,El Dorado,California,4,57.095,39.464820423565115
06019,Fresno,California,4,201.075,155.39307810753547
06021,Glenn,California,4,116.66333333333334,86.17699076322266
06023,Humboldt,California,11,364.34666666666664,224.53500380125504
06025,Imperial,California,127,136.55,93.55810284195192
06027,Inyo,California,6,292.10999999999996,222.82561461438138
06029,Kern,California,7,132.8,94.48461329201379
06031,Kings,California,7,232.285,167.64428400973253
06033,Lake,California,4,152.16666666666666,74.92665299199112
06035,Lassen,California,4,254.015,135.31466013010098
06037,Los Angeles,California,8,7.658333333333333,2.2924193428106454
06039,Madera,California,4,187.15666666666667,131.06393241780586
06041,Marin,California,11,34.711666666666666,16.185325819805186
06043,Mariposa,California,4,195.42333333333332,107.10798677416193
06045,Mendocino,California,11,253.225,116.75123380708753
06047,Merced,California,4,138.52166666666665,99.08725521792164
06049,Modoc,California,4,369.43333333333334,209.63367696258686
06051,Mono,California,4,329.055,145.189923126327
06053,Monterey,California,9,110.30833333333334,63.604263725478624
06055,Napa,California,113,68.16166666666666,37.91645945996928
06057,Nevada,California,4,96.42666666666668,54.364272599259294
06059,Orange,California,5,15.215,6.392797296111383
06061,Placer,California,4,40.72833333333333,24.055165506138454
06063,Plumas,California,4,249.38666666666668,104.24929422332264
06065,Riverside,California,6,48.31666666666667,20.49208620869117
06067,Sacramento,California,4,11.94,3.9706009245177962
06069,San Benito,California,9,87.66166666666666,58.92454697590068
06071,San Bernardino,California,6,17.663333333333334,11.058347815045812
06073,San Diego,California,10,19.89333333333333,7.335061360872339
06075,San Francisco,California,11,3.6983333333333333,1.1546843448122184
06077,San Joaquin,California,4,62.315000000000005,44.2064982194395
06079,San Luis Obispo,California,7,296.48499999999996,154.05658582587546
06081,San Mateo,California,9,28.421666666666667,12.764336135229692
06083,Santa Barbara,California,7,153.15666666666667,102.86470972221812
06085,Santa Clara,California,9,29.834999999999997,16.624927789321756
06087,Santa Cruz,California,9,65.585,33.48019118231539
06089,Shasta,California,4,183.78,147.01797887583015
06091,Sierra,California,4,158.535,91.40515837569941
06093,Siskiyou,California,4,287.85833333333335,215.76029251065137
06095,Solano,California,4,57.71,39.86805095155584
06097,Sonoma,California,11,71.58999999999999,47.08100560067218
06099,Stanislaus,California,4,95.20166666666667,70.01248062413393
06101,Sutter,California,4,56.781666666666666,41.63510905685793
06103,Tehama,California,4,151.28,115.40260456064881
06105,Trinity,California,4,375.52833333333336,168.07503499062037
06107,Tulare,California,7,202.90666666666667,157.70786176252744
06109,Tuolumne,California,4,144.59666666666666,73.15573566475202
06111,Ventura,California,7,60.08833333333334,35.55102123893305
06113,Yolo,California,4,33.495,14.732631040870695
06115,Yuba,California,4,60.51833333333333,40.09368505536679
08001,Adams,Colorado,12,24.701666666666664,10.225848756526567
08003,Alamosa,Colorado,12,265.71833333333336,166.04702369598212
08005,Arapahoe,Colorado,12,20.676666666666666,6.699968692790236
08007,Archuleta,Colorado,12,385.905,211.5281969626453
08009,Baca,Colorado,12,316.9916666666667,206.02995820322172
08011,Bent,Colorado,12,243.37666666666667,146.28346846454124
08013,Boulder,Colorado,12,50.556666666666665,28.585276385083507
08014,Broomfield,Colorado,12,35.63333333333333,17.916332737650574
08015,Chaffee,Colorado,12,186.26000000000002,99.4651276824686
08017,Cheyenne,Colorado,12,204.5,141.8546211839714
08019,Clear Creek,Colorado,12,70.36,36.99091319407729
08021,Conejos,Colorado,12,295.51,186.44630031580968
08023,Costilla,Colorado,12,247.835,172.5174694075306
08025,Crowley,Colorado,12,176.19,119.34576796778049
08027,Custer,Colorado,12,178.27,115.05574034290083
08029,Delta,Colorado,12,341.87166666666667,177.0266602601696
08031,Denver,Colorado,12,18.563333333333333,6.116723692822535
08033,Dolores,Colorado,92,421.315,265.86468452995786
08035,Douglas,Colorado,12,26.1,18.171442476810498
08037,Eagle,Colorado,12,189.29666666666665,101.31053136378299
08039,Elbert,Colorado,12,67.825,29.699461287308203
08041,El Paso,Colorado,12,79.66166666666666,60.02542672372336
08043,Fremont,Colorado,12,142.0883333333333,93.18689999814994
08045,Garfield,Colorado,12,253.70666666666665,145.2183904193318
08047,Gilpin,Colorado,12,70.455,35.14719588958393
08049,Grand,Colorado,12,172.215,64.10722341686588
08051,Gunnison,Colorado,12,293.75333333333333,135.38427190073745
08053,Hinsdale,Colorado,12,366.22166666666664,178.86855347810206
08055,Huerfano,Colorado,12,199.17000000000002,147.26492131906375
08057,Jackson,Colorado,12,238.375,100.96957969075784
08059,Jefferson,Colorado,12,34.72,15.618293586971728
08061,Kiowa,Colorado,12,198.11166666666668,144.4357980662214
08063,Kit Carson,Colorado,12,161.13,130.08338282200472
08065,Lake,Colorado,12,146.72333333333333,85.61640945320885
08067,La Plata,Colorado,12,449.26500000000004,234.55539119407572
08069,Larimer,Colorado,12,80.775,54.22561859298728
08071,Las Animas,Colorado,12,207.82999999999998,177.2283621742628
08073,Lincoln,Colorado,12,110.98,75.98657395994425
08075,Logan,Colorado,12,143.41333333333333,106.9437968005282
08077,Mesa,Colorado,12,293.305,203.00781936539758
08079,Mineral,Colorado,12,347.39166666666665,176.84624009497205
08081,Moffat,Colorado,12,278.57666666666665,156.0774726863596
08083,Montezuma,Colorado,92,426.12,293.3418780433625
08085,Montrose,Colorado,12,377.28333333333336,186.9520382579541
08087,Morgan,Colorado,12,91.96666666666667,65.76098303600743
08089,Otero,Colorado,12,191.56166666666667,134.78611114937672
08091,Ouray,Colorado,12,402.15333333333336,191.58359474840464
08093,Park,Colorado,12,161.775,51.750620283984595
08095,Phillips,Colorado,12,195.395,142.2963713360594
08097,Pitkin,Colorado,12,251.87166666666664,115.96484734563869
08099,Prowers,Colorado,12,250.7,168.2320478309251
08101,Pueblo,Colorado,12,126.975,102.61661267368828
08103,Rio Blanco,Colorado,12,348.32666666666665,183.11034236990096
08105,Rio Grande,Colorado,12,300.78,165.6244570417643
08107,Routt,Colorado,12,241.86166666666668,119.46320585076316
08109,Saguache,Colorado,12,302.995,140.48815257530057
08111,San Juan,Colorado,12,466.27000000000004,203.29825472855654
08113,San Miguel,Colorado,12,442.2083333333333,207.76669102644422
08115,Sedgwick,Colorado,12,194.82333333333332,156.7765010193918
08117,Summit,Colorado,12,113.05833333333334,65.86800612836362
08119,Teller,Colorado,12,111.91499999999999,57.50649331995948
08121,Washington,Colorado,12,147.6,92.35509431005937
08123,Weld,Colorado,12,72.09166666666667,40.02963344025469
08125,Yuma,Colorado,12,186.665,126.87668301561345
09001,Fairfield,Connecticut,13,49.3,23.483739005642697
09003,Hartford,Connecticut,13,52.736666666666665,33.623105099091426
09005,Litchfield,Connecticut,13,60.04,32.22291844256806
09007,Middlesex,Connecticut,13,55.54666666666667,22.39171993685437
09009,New Haven,Connecticut,13,16.966666666666665,6.5443479865260255
09011,New London,Connecticut,13,68.21,44.43119312073452
09013,Tolland,Connecticut,38,67.34833333333333,43.66159392407638
09015,Windham,Connecticut,82,50.711666666666666,30.117642982638298
10001,Kent,Delaware,78,105.58500000000001,60.023585179216255
10003,New Castle,Delaware,78,52.255,29.99717145159891
10005,Sussex,Delaware,40,152.81333333333333,80.82194355743613
11001,District of Columbia,District of Columbia,16,4.126666666666667,0.6867338347078522
12001,Alachua,Florida,17,14.129999999999999,3.4150561402490047
12003,Baker,Florida,119,45.625,31.363568545998966
12005,Bay,Florida,17,300.03499999999997,203.1737091857898
12007,Bradford,Florida,17,45.31166666666666,25.001447994865686
12009,Brevard,Florida,19,151.7866666666667,109.02655399154986
12011,Broward,Florida,18,37.44666666666667,23.85845221354528
12013,Calhoun,Florida,17,249.1,175.9303898047471
12015,Charlotte,Florida,19,117.98666666666666,71.37644680853717
12017,Citrus,Florida,116,87.00500000000001,62.36213417025028
12019,Clay,Florida,119,43.54833333333333,19.661270132262853
12021,Collier,Florida,111,135.34833333333333,93.48506558221689
12023,Columbia,Florida,17,55.72,38.511381182961635
12027,DeSoto,Florida,19,112.51833333333335,63.223969064959206
12029,Dixie,Florida,17,86.43,43.00179957034209
12031,Duval,Florida,119,11.104999999999999,4.178317180570537
12033,Escambia,Florida,33,217.015,171.1050820302377
12035,Flagler,Florida,119,80.50166666666668,62.82645031571676
12037,Franklin,Florida,17,260.49833333333333,148.60204820490173
12039,Gadsden,Florida,17,195.11833333333334,148.63874067320808
12041,Gilchrist,Florida,17,84.76833333333335,28.309927440455716
12043,Glades,Florida,111,188.88833333333332,99.28370900821464
12045,Gulf,Florida,17,309.14833333333337,176.2578466872443
12047,Hamilton,Florida,17,99.19166666666666,71.32180326311217
12049,Hardee,Florida,19,91.8,47.418559394611705
12051,Hendry,Florida,111,151.76166666666668,90.8145099432379
12053,Hernando,Florida,116,55.375,37.28322429470967
12055,Highlands,Florida,19,123.62833333333333,69.93579138096185
12057,Hillsborough,Florida,19,8.586666666666668,3.580121114828199
12059,Holmes,Florida,1,281.34833333333336,193.58671243743487
12061,Indian River,Florida,18,174.5,130.72756536919675
12063,Jackson,Florida,17,242.57166666666666,189.43865205217799
12065,Jefferson,Florida,17,148.07000000000002,110.1508694800509
12067,Lafayette,Florida,17,91.825,57.91941783071847
12069,Lake,Florida,17,114.66000000000001,73.07264159828078
12071,Lee,Florida,19,148.49833333333333,101.39802623708803
12073,Leon,Florida,17,170.8383333333333,128.61873707854525
12075,Levy,Florida,17,72.96833333333333,26.309099164407726
12077,Liberty,Florida,17,240.56166666666667,162.14510704569517
12079,Madison,Florida,17,117.70166666666667,86.64942489474868
12081,Manatee,Florida,19,60.33833333333334,32.42952451992048
12083,Marion,Florida,17,57.47666666666667,37.16504081634705
12085,Martin,Florida,18,122.43833333333333,93.68121203074713
12086,Miami-Dade,Florida,111,12.6,4.427951829359418
12087,Monroe,Florida,111,167.28833333333333,88.98946654863309
12089,Nassau,Florida,119,29.498333333333335,18.175097178419986
12091,Okaloosa,Florida,33,304.315,213.55409154892763
12093,Okeechobee,Florida,18,168.60833333333332,109.1378906911401
12095,Orange,Florida,19,96.625,76.17027431719869
12097,Osceola,Florida,19,100.41499999999999,68.42644394953246
12099,Palm Beach,Florida,18,80.68666666666667,57.241274222978724
12101,Pasco,Florida,19,51.919999999999995,22.039273852404225
12103,Pinellas,Florida,116,21.3,10.75820728798097
12105,Polk,Florida,19,58.74333333333333,41.07608972384367
12107,Putnam,Florida,17,64.39833333333334,37.384372449604705
12109,St. Johns,Florida,119,40.42333333333333,28.047507203964344
12111,St. Lucie,Florida,18,139.76166666666668,107.00443762173364
12113,Santa Rosa,Florida,33,234.665,186.03661295400255
12115,Sarasota,Florida,19,101.29333333333334,51.34293683617293
12117,Seminole,Florida,19,119.425,86.82687406092305
12119,Sumter,Florida,17,78.75166666666668,58.899407884496405
12121,Suwannee,Florida,17,92.59333333333333,55.2600411903545
12123,Taylor,Florida,17,131.02666666666667,80.13955596358227
12125,Union,Florida,17,48.809999999999995,25.712184877775307
12127,Volusia,Florida,119,136.72833333333335,93.74706363484482
12129,Wakulla,Florida,17,196.85,125.05956732441781
12131,Walton,Florida,1,311.06333333333333,207.7191043239255
12133,Washington,Florida,17,276.52166666666665,208.08845841100597
13001,Appling,Georgia,119,160.07999999999998,106.21681229653916
13003,Atkinson,Georgia,119,150.965,98.4659106922288
13005,Bacon,Georgia,119,140.24166666666667,95.62161743142792
13007,Baker,Georgia,17,243.54666666666665,169.81737305597505
13009,Baldwin,Georgia,21,124.42833333333333,77.24745173236909
13011,Banks,Georgia,20,87.96000000000001,60.39412664894539
13013,Barrow,Georgia,20,60.269999999999996,36.71206986044968
13015,Bartow,Georgia,20,68.355,40.805527598287355
13017,Ben Hill,Georgia,119,203.12833333333336,133.80041234705809
13019,Berrien,Georgia,17,170.66,122.72593126024869
13021,Bibb,Georgia,20,108.43333333333334,75.64824596687971
13023,Bleckley,Georgia,20,154.31166666666667,111.96191306073283
13025,Brantley,Georgia,119,100.515,62.85927801848903
13027,Brooks,Georgia,17,153.48333333333332,109.63541285424333
13029,Bryan,Georgia,119,147.685,112.89558471860971
13031,Bulloch,Georgia,21,104.36333333333333,73.92906830167561
13033,Burke,Georgia,21,38.151666666666664,25.255106826226225
13035,Butts,Georgia,20,71.115,39.90251141650549
13037,Calhoun,Georgia,20,240.64833333333334,157.9189941304122
13039,Camden,Georgia,119,43.525,32.25972175295073
13043,Candler,Georgia,21,113.05,74.00826603994076
13045,Carroll,Georgia,20,71.73833333333333,43.10221084200272
13047,Catoosa,Georgia,20,125.18333333333334,92.19042578542783
13049,Charlton,Georgia,119,70.01166666666667,37.224690928882865
13051,Chatham,Georgia,83,147.46833333333333,86.3051960401042
13053,Chattahoochee,Georgia,20,160.64333333333335,105.61330732505968
13055,Chattooga,Georgia,20,122.44666666666667,75.95728767167452
13057,Cherokee,Georgia,20,54.151666666666664,27.85319609658723
13059,Clarke,Georgia,20,87.405,55.045072387764776
13061,Clay,Georgia,20,230.425,154.48707758824568
13063,Clayton,Georgia,20,35.876666666666665,16.874395679249
13065,Clinch,Georgia,119,139.82833333333335,79.3742249259854
13067,Cobb,Georgia,20,37.556666666666665,16.964807842148947
13069,Coffee,Georgia,119,157.84666666666666,106.66289229327815
13071,Colquitt,Georgia,17,170.69500000000002,136.14519180690016
13073,Columbia,Georgia,21,24.446666666666665,11.296883184307323
13075,Cook,Georgia,17,149.61666666666667,122.55404568168244
13077,Coweta,Georgia,20,59.56666666666667,37.21740618764433
13079,Crawford,Georgia,20,122.46833333333333,78.44074248378432
13081,Crisp,Georgia,20,172.31166666666667,131.28494005822745
13083,Dade,Georgia,1,144.44166666666666,120.77329675499107
13085,Dawson,Georgia,20,71.96499999999999,43.76201540352232
13087,Decatur,Georgia,17,221.24333333333334,158.519455407347
13089,DeKalb,Georgia,20,11.261666666666667,4.288214716729588
13091,Dodge,Georgia,20,180.51166666666668,127.92391704417756
13093,Dooly,Georgia,20,153.97166666666666,116.4777703011521
13095,Dougherty,Georgia,20,221.85166666666666,153.6045969863038
13097,Douglas,Georgia,20,42.461666666666666,24.218065081983482
13099,Early,Georgia,20,240.75166666666667,173.3629243348574
13101,Echols,Georgia,17,113.68666666666667,85.32445650843106
13103,Effingham,Georgia,21,146.765,90.83958200770509
13105,Elbert,Georgia,21,110.86999999999999,68.62307149247903
13107,Emanuel,Georgia,21,101.41000000000001,63.676326810780296
13109,Evans,Georgia,21,129.465,89.93095031374082
13111,Fannin,Georgia,20,133.22833333333332,76.64801837595688
13113,Fayette,Georgia,20,61.90833333333333,27.542930152427033
13115,Floyd,Georgia,20,100.25666666666666,58.766020340491465
13117,Forsyth,Georgia,20,51.18,29.13676595569522
13119,Franklin,Georgia,20,100.13666666666667,76.51946551414379
13121,Fulton,Georgia,20,15.823333333333332,5.027509440922695
13123,Gilmer,Georgia,20,99.75666666666666,61.62023321634969
13125,Glascock,Georgia,21,71.48666666666666,39.332567574362535
13127,Glynn,Georgia,119,79.37833333333333,60.08121549166608
13129,Gordon,Georgia,20,90.815,59.08834057624569
13131,Grady,Georgia,17,197.55,140.7782667609171
13133,Greene,Georgia,21,92.88833333333334,68.83905522861146
13135,Gwinnett,Georgia,20,32.14666666666667,19.00315631816181
13137,Habersham,Georgia,20,90.56333333333333,69.5496482072745
13139,Hall,Georgia,20,60.47833333333333,42.64659320651431
13141,Hancock,Georgia,21,96.43166666666666,61.020920655423616
13143,Haralson,Georgia,20,77.80166666666668,49.589132248387
13145,Harris,Georgia,20,126.20666666666666,82.63429424931587
13147,Hart,Georgia,20,120.05333333333333,86.83497707196533
13149,Heard,Georgia,20,92.47833333333332,56.739853318540575
13151,Henry,Georgia,20,49.885,23.89925739549669
13153,Houston,Georgia,20,130.43333333333334,92.99249343374905
13155,Irwin,Georgia,119,198.13500000000002,129.31976895022842
13157,Jackson,Georgia,20,66.98333333333333,47.49585133610757
13159,Jasper,Georgia,20,82.00833333333334,45.61362249342458
13161,Jeff Davis,Georgia,119,175.54166666666666,117.61525087414891
13163,Jefferson,Georgia,21,59.56333333333334,36.78551224056395
13165,Jenkins,Georgia,21,66.34,46.9476610376827
13167,Johnson,Georgia,21,116.32,66.73082730335015
13169,Jones,Georgia,20,122.94833333333332,72.74509257434782
13171,Lamar,Georgia,20,80.51666666666667,49.96631888460192
13173,Lanier,Georgia,17,151.67999999999998,106.55513238185763
13175,Laurens,Georgia,21,140.765,85.2843065321641
13177,Lee,Georgia,20,218.55333333333334,146.239083533601
13179,Liberty,Georgia,119,144.17999999999998,102.54433357018318
13181,Lincoln,Georgia,21,69.51666666666667,34.057307030407124
13183,Long,Georgia,119,145.36499999999998,98.84650438502739
13185,Lowndes,Georgia,17,129.88333333333333,101.26152004792397
13187,Lumpkin,Georgia,20,84.53833333333334,53.98745176032775
13189,McDuffie,Georgia,21,48.47,27.75797777223466
13191,McIntosh,Georgia,119,108.86166666666666,79.80645627984248
13193,Macon,Georgia,20,161.30499999999998,102.8456882331617
13195,Madison,Georgia,20,104.04666666666667,65.55281681369706
13197,Marion,Georgia,20,169.02,98.19606965341093
13199,Meriwether,Georgia,20,94.85,57.42236377659366
13201,Miller,Georgia,17,248.735,177.26380333025358
13205,Mitchell,Georgia,17,212.35333333333335,154.15328573660815
13207,Monroe,Georgia,20,83.58833333333334,57.4488105828179
13209,Montgomery,Georgia,21,155.88500000000002,94.86543900386047
13211,Morgan,Georgia,20,77.98666666666666,49.91069575512629
13213,Murray,Georgia,20,121.99,73.34294236321372
13215,Muscogee,Georgia,20,130.41833333333335,96.30759194358258
13217,Newton,Georgia,20,48.776666666666664,28.848661196664764
13219,Oconee,Georgia,20,81.21666666666667,49.58254933019261
13221,Oglethorpe,Georgia,21,108.69833333333332,73.59575349094047
13223,Paulding,Georgia,20,59.13333333333333,29.431588340114843
13225,Peach,Georgia,20,124.61333333333333,88.09197861006199
13227,Pickens,Georgia,20,80.44166666666666,46.214675392320714
13229,Pierce,Georgia,119,114.62166666666667,75.10167069695534
13231,Pike,Georgia,20,84.12833333333333,47.66461792774983
13233,Polk,Georgia,20,88.55833333333334,51.137737348271024
13235,Pulaski,Georgia,20,159.14166666666668,115.83925760654131
13237,Putnam,Georgia,20,103.78500000000001,65.57457465449087
13239,Quitman,Georgia,20,203.64833333333334,140.6545357785178
13241,Rabun,Georgia,20,126.19166666666666,91.41667691191437
13243,Randolph,Georgia,20,200.82999999999998,142.8711200904279
13245,Richmond,Georgia,21,9.553333333333335,4.663044067195644
13247,Rockdale,Georgia,20,38.33166666666667,20.315519714861555
13249,Schley,Georgia,20,169.68166666666667,107.22422532715777
13251,Screven,Georgia,21,90.81166666666667,55.55951028060278
13253,Seminole,Georgia,17,250.88833333333332,176.32846524473493
13255,Spalding,Georgia,20,67.64166666666667,37.058841951490955
13257,Stephens,Georgia,20,108.75500000000001,79.21659704105176
13259,Stewart,Georgia,20,184.14333333333335,121.83923556992407
13261,Sumter,Georgia,20,189.85,119.82638575882909
13263,Talbot,Georgia,20,141.6,77.0032400850017
13265,Taliaferro,Georgia,21,75.52,52.239745451059974
13267,Tattnall,Georgia,21,155.82166666666666,99.03352310804266
13269,Taylor,Georgia,20,144.685,85.54800005676366
13271,Telfair,Georgia,21,188.19500000000002,113.17504523636535
13273,Terrell,Georgia,20,209.1616666666667,139.81947197187193
13275,Thomas,Georgia,17,174.63833333333332,128.05632055165233
13277,Tift,Georgia,17,171.56166666666667,143.49963613864358
13279,Toombs,Georgia,21,150.54833333333332,91.37393768453965
13281,Towns,Georgia,20,144.09166666666667,84.97053300618678
13283,Treutlen,Georgia,21,133.63,82.4610412485909
13285,Troup,Georgia,20,89.63166666666666,66.25726595731948
13287,Turner,Georgia,20,188.595,149.8321430278089
13289,Twiggs,Georgia,20,137.9116666666667,91.77994148604978
13291,Union,Georgia,20,135.65833333333333,77.04369240893654
13293,Upson,Georgia,20,105.26833333333335,61.24631930312086
13295,Walker,Georgia,20,155.79833333333332,91.01553035885433
13297,Walton,Georgia,20,54.06666666666667,30.82768694747851
13299,Ware,Georgia,119,108.735,74.36436507491071
13301,Warren,Georgia,21,58.30166666666666,39.11299086057489
13303,Washington,Georgia,21,83.62833333333333,57.358559621552835
13305,Wayne,Georgia,119,126.43833333333333,88.62133577857544
13307,Webster,Georgia,20,192.65333333333334,121.10568141649108
13309,Wheeler,Georgia,21,169.39833333333334,101.60868927876331
13311,White,Georgia,20,98.22333333333333,64.76214708928435
13313,Whitfield,Georgia,20,113.44666666666667,78.26839544773223
13315,Wilcox,Georgia,20,200.17166666666665,136.33059713988462
13317,Wilkes,Georgia,21,72.445,48.353532186597846
13319,Wilkinson,Georgia,21,136.48833333333334,84.3009027746103
13321,Worth,Georgia,17,206.34166666666667,159.60372684698626
15001,Hawaii,Hawaii,NA,NA,NA
15003,Honolulu,Hawaii,NA,NA,NA
15005,Kalawao,Hawaii,NA,NA,NA
15007,Kauai,Hawaii,NA,NA,NA
15009,Maui,Hawaii,NA,NA,NA
16001,Ada,Idaho,92,347.345,301.76992715859257
16003,Adams,Idaho,92,492.35833333333335,363.7447843577325
16005,Bannock,Idaho,92,173.94500000000002,148.4012492603668
16007,Bear Lake,Idaho,92,201.075,109.38013141595796
16009,Benewah,Idaho,96,415.6716666666667,265.7776333947453
16011,Bingham,Idaho,92,202.58333333333334,171.60315944548879
16013,Blaine,Idaho,92,304.7116666666667,229.73246491037256
16015,Boise,Idaho,92,420.025,303.07399110796246
16017,Bonner,Idaho,96,410.365,265.8243816882432
16019,Bonneville,Idaho,92,226.17833333333334,188.5458908443192
16021,Boundary,Idaho,96,444.405,286.11490367777407
16023,Butte,Idaho,92,279.9116666666667,215.79253669700265
16025,Camas,Idaho,92,311.10833333333335,232.9615938964156
16027,Canyon,Idaho,92,363.14666666666665,314.06877483279624
16029,Caribou,Idaho,92,194.43666666666667,130.08482602254855
16031,Cassia,Idaho,92,201.25166666666667,154.4073403704614
16033,Clark,Idaho,92,270.73833333333334,237.72075196965207
16035,Clearwater,Idaho,96,434.955,298.7669533723838
16037,Custer,Idaho,92,347.79833333333335,268.5117959335373
16039,Elmore,Idaho,92,299.0883333333333,255.79882736617893
16041,Franklin,Idaho,92,143.38,91.89318388550265
16043,Fremont,Idaho,92,317.15166666666664,224.44807325400896
16045,Gem,Idaho,92,384.5683333333333,321.2140418705496
16047,Gooding,Idaho,92,255.7133333333333,207.9815085598184
16049,Idaho,Idaho,96,472.795,315.29072937611755
16051,Jefferson,Idaho,92,242.24166666666667,201.7542135899313
16053,Jerome,Idaho,92,231.585,190.14800465745577
16055,Kootenai,Idaho,96,350.59833333333336,254.43568611221937
16057,Latah,Idaho,96,366.22999999999996,259.8877527933247
16059,Lemhi,Idaho,92,429.13666666666666,318.26580092411206
16061,Lewis,Idaho,96,456.31666666666666,301.2604826037647
16063,Lincoln,Idaho,92,258.79333333333335,199.15817710842776
16065,Madison,Idaho,92,249.53333333333333,210.7959901631211
16067,Minidoka,Idaho,92,196.225,159.9178496503807
16069,Nez Perce,Idaho,96,386.93666666666667,266.7340435294694
16071,Oneida,Idaho,92,126.07,100.52399717839575
16073,Owyhee,Idaho,92,402.3833333333333,308.4685016995903
16075,Payette,Idaho,92,399.6316666666667,341.98078352403456
16077,Power,Idaho,92,209.44666666666666,147.70388530387095
16079,Shoshone,Idaho,96,407.27166666666665,289.785514445909
16081,Teton,Idaho,92,314.415,205.3058909490821
16083,Twin Falls,Idaho,92,234.37,184.96085656556727
16085,Valley,Idaho,92,477.1316666666667,349.8971199037599
16087,Washington,Idaho,92,422.245,355.5156186245891
17001,Adams,Illinois,45,146.05,87.71008021285706
17003,Alexander,Illinois,47,170.62166666666664,113.82551945192289
17005,Bond,Illinois,47,66.86166666666666,47.04167274047252
17007,Boone,Illinois,27,86.63166666666666,60.06787827867107
17009,Brown,Illinois,47,172.34,96.7333267847546
17011,Bureau,Illinois,27,133.04666666666668,88.497253189098
17013,Calhoun,Illinois,47,98.61666666666666,40.7280054300983
17015,Carroll,Illinois,97,144.28333333333333,74.88991175210137
17017,Cass,Illinois,47,152.87666666666667,93.91458787696394
17019,Champaign,Illinois,28,137.06,111.66723601486616
17021,Christian,Illinois,47,121.76333333333334,81.69562860011226
17023,Clark,Illinois,28,118.22,91.01209603547792
17025,Clay,Illinois,47,131.25,94.40852588791843
17027,Clinton,Illinois,47,69.50500000000001,40.67542302323369
17029,Coles,Illinois,47,154.14666666666665,121.58065964358512
17031,Cook,Illinois,121,8.975,4.332103703254747
17033,Crawford,Illinois,28,153.76333333333332,99.38844538782048
17035,Cumberland,Illinois,28,148.86333333333332,117.24983444748415
17037,DeKalb,Illinois,27,67.47666666666666,46.1468670155223
17039,De Witt,Illinois,47,180.69833333333332,128.28735246304697
17041,Douglas,Illinois,28,176.02666666666667,111.61911928724165
17043,DuPage,Illinois,27,25.945,12.28959056991587
17045,Edgar,Illinois,28,130.20166666666668,82.17155777660791
17047,Edwards,Illinois,31,171.685,124.80026578931916
17049,Effingham,Illinois,47,122.65166666666667,95.3349303557185
17051,Fayette,Illinois,47,96.20333333333333,69.7564353354991
17053,Ford,Illinois,25,137.035,93.40826267074598
17055,Franklin,Illinois,47,125.69166666666666,83.18924055763298
17057,Fulton,Illinois,22,192.15833333333333,108.3712066338397
17059,Gallatin,Illinois,47,190.10333333333335,123.38639053231022
17061,Greene,Illinois,47,87.765,52.05391458253489
17063,Grundy,Illinois,27,83.07166666666667,44.32189375920251
17065,Hamilton,Illinois,47,134.69666666666666,98.08168299402189
17067,Hancock,Illinois,22,140.26833333333335,87.39296356631661
17069,Hardin,Illinois,47,217.23166666666665,131.96335776856623
17071,Henderson,Illinois,22,120.075,65.85504077670674
17073,Henry,Illinois,22,107.4,76.24113108001268
17075,Iroquois,Illinois,25,110.23166666666665,72.15245526461803
17077,Jackson,Illinois,47,129.07166666666666,79.7266632804089
17079,Jasper,Illinois,47,159.01833333333335,114.78294929941438
17081,Jefferson,Illinois,47,95.95833333333333,74.90467866192422
17083,Jersey,Illinois,47,59.99666666666667,31.57418833541741
17085,Jo Daviess,Illinois,97,139.21,63.94914830776716
17087,Johnson,Illinois,47,162.00166666666667,108.75794644080541
17089,Kane,Illinois,27,55.39666666666667,26.18354114660584
17091,Kankakee,Illinois,25,64.94666666666667,46.11940025653353
17093,Kendall,Illinois,27,56.14,31.307576656140725
17095,Knox,Illinois,22,130.85166666666666,80.78550045515692
17097,Lake,Illinois,27,55.27333333333333,31.6393835679542
17099,LaSalle,Illinois,27,97.91666666666667,65.22297249335911
17101,Lawrence,Illinois,28,169.19333333333333,111.23136930266759
17103,Lee,Illinois,27,117.74499999999999,80.82024171554717
17105,Livingston,Illinois,27,116.95666666666666,76.8956172983209
17107,Logan,Illinois,47,149.57166666666666,114.90679234480832
17109,McDonough,Illinois,22,165.34833333333333,94.32757741053365
17111,McHenry,Illinois,27,72.61,38.590813888838184
17113,McLean,Illinois,27,147.505,111.22991767841914
17115,Macon,Illinois,47,151.77,109.42165112368109
17117,Macoupin,Illinois,47,91.98166666666665,43.83782323997106
17119,Madison,Illinois,47,30.865000000000002,17.296019165037038
17121,Marion,Illinois,47,94.82666666666667,65.99949737671737
17123,Marshall,Illinois,27,152.84333333333333,95.49980220096845
17125,Mason,Illinois,47,192.12666666666667,116.34511082950046
17127,Massac,Illinois,86,172.18666666666667,128.16898721609658
17129,Menard,Illinois,47,152.33166666666665,97.80385490023254
17131,Mercer,Illinois,22,115.66000000000001,54.358826306250634
17133,Monroe,Illinois,47,40.36666666666667,18.345113930251777
17135,Montgomery,Illinois,47,87.065,55.89344157579767
17137,Morgan,Illinois,47,113.4,75.61507269557701
17139,Moultrie,Illinois,47,182.81333333333333,111.56811139846485
17141,Ogle,Illinois,27,105.82,73.87081158175255
17143,Peoria,Illinois,22,171.71166666666667,117.70534320206217
17145,Perry,Illinois,47,102.29333333333334,63.12780332310658
17147,Piatt,Illinois,28,167.15333333333334,128.42023849204654
17149,Pike,Illinois,48,142.19833333333332,75.37370241923134
17151,Pope,Illinois,47,201.88166666666666,124.54546247216167
17153,Pulaski,Illinois,47,191.06166666666667,115.43638540440394
17155,Putnam,Illinois,27,133.88333333333333,86.17392659500813
17157,Randolph,Illinois,47,97.04166666666667,45.18882112960926
17159,Richland,Illinois,47,153.51666666666668,116.18958218805953
17161,Rock Island,Illinois,22,80.975,55.41628720394159
17163,St. Clair,Illinois,47,30.029999999999998,14.32954437920809
17165,Saline,Illinois,47,162.95166666666668,110.12265798125559
17167,Sangamon,Illinois,47,115.61999999999999,85.26602223382258
17169,Schuyler,Illinois,47,173.585,105.64115138619033
17171,Scott,Illinois,47,113.83500000000001,71.71375564293733
17173,Shelby,Illinois,47,144.49166666666667,93.98564562030778
17175,Stark,Illinois,22,169.00666666666666,99.09108557227718
17177,Stephenson,Illinois,97,97.14833333333333,53.01936988896839
17179,Tazewell,Illinois,27,181.79666666666665,123.89838695348203
17181,Union,Illinois,47,159.02833333333334,96.62014249796799
17183,Vermilion,Illinois,28,109.39833333333333,82.40346052981019
17185,Wabash,Illinois,31,157.98333333333332,111.36961591145308
17187,Warren,Illinois,22,130.62166666666667,71.33895363632782
17189,Washington,Illinois,47,72.26333333333334,49.02181765424406
17191,Wayne,Illinois,47,146.29666666666665,99.29016784781194
17193,White,Illinois,47,164.09833333333333,116.58797001316327
17195,Whiteside,Illinois,22,129.24333333333334,89.2909129887633
17197,Will,Illinois,27,46.65,23.73797144663516
17199,Williamson,Illinois,47,138.74833333333333,91.04993142054651
17201,Winnebago,Illinois,97,92.32,56.32302614246256
17203,Woodford,Illinois,27,173.66,107.05158895009313
18001,Adams,Indiana,117,121.22,77.94921420106212
18003,Allen,Indiana,28,150.43333333333334,107.01048273554576
18005,Bartholomew,Indiana,28,62.626666666666665,41.38664809222768
18007,Benton,Indiana,28,117.61833333333334,80.71068130332606
18009,Blackford,Indiana,28,104.455,65.0039404821553
18011,Boone,Indiana,28,33.845,19.18547584474257
18013,Brown,Indiana,28,78.195,37.27651690314181
18015,Carroll,Indiana,28,101.04166666666667,59.83441631971323
18017,Cass,Indiana,28,113.47333333333333,67.65321431880479
18019,Clark,Indiana,31,27.361666666666668,8.56755851035244
18021,Clay,Indiana,28,71.05333333333333,54.58649894016335
18023,Clinton,Indiana,28,63.559999999999995,40.19412225727784
18025,Crawford,Indiana,31,81.07833333333333,36.90270807665531
18027,Daviess,Indiana,31,136.94166666666666,79.2670543898019
18029,Dearborn,Indiana,71,55.47833333333333,22.316580224017223
18031,Decatur,Indiana,28,68.03333333333333,48.185719274586205
18033,DeKalb,Indiana,41,156.7133333333333,91.8491140107904
18035,Delaware,Indiana,28,83.01333333333334,50.663276856041705
18037,Dubois,Indiana,31,98.69833333333332,63.815033326640645
18039,Elkhart,Indiana,128,129.85333333333332,92.91712414585021
18041,Fayette,Indiana,71,87.355,48.74914272173048
18043,Floyd,Indiana,31,17.783333333333335,7.822700603662932
18045,Fountain,Indiana,28,85.375,63.519125678291466
18047,Franklin,Indiana,71,65.81,35.203648732776436
18049,Fulton,Indiana,28,129.395,88.71742246294582
18051,Gibson,Indiana,31,135.09166666666667,97.84517285135377
18053,Grant,Indiana,28,91.18,58.98117705711016
18055,Greene,Indiana,28,114.06666666666666,66.27195883346343
18057,Hamilton,Indiana,28,39.80833333333333,16.869724040886815
18059,Hancock,Indiana,28,38.00666666666667,18.723444111677697
18061,Harrison,Indiana,31,46.858333333333334,19.093559979700906
18063,Hendricks,Indiana,28,26.055,12.350199391289255
18065,Henry,Indiana,28,64.40166666666667,42.438669310592495
18067,Howard,Indiana,28,77.05,48.053552592690274
18069,Huntington,Indiana,28,123.83333333333333,83.93875909783274
18071,Jackson,Indiana,31,70.38666666666667,48.00252882467193
18073,Jasper,Indiana,25,87.73166666666665,54.304802941835774
18075,Jay,Indiana,117,97.13333333333334,63.20161544527647
18077,Jefferson,Indiana,31,71.42166666666667,39.032385875063746
18079,Jennings,Indiana,31,76.36666666666666,52.46918747014173
18081,Johnson,Indiana,28,37.065000000000005,15.553028814311752
18083,Knox,Indiana,31,152.51666666666668,97.46307102651073
18085,Kosciusko,Indiana,25,151.30166666666668,98.56410096699308
18087,LaGrange,Indiana,128,128.63,92.9920250172416
18089,Lake,Indiana,25,43.068333333333335,21.36102516988769
18091,LaPorte,Indiana,25,66.71333333333334,43.29556857572318
18093,Lawrence,Indiana,31,96.31833333333334,57.83478363380813
18095,Madison,Indiana,28,58.34166666666667,34.11741270255344
18097,Marion,Indiana,28,9.4783333333333335,2.4232775551797006
18099,Marshall,Indiana,25,121.59333333333333,75.3183182588185
18101,Martin,Indiana,31,114.6,66.68070543979769
18103,Miami,Indiana,28,107.30333333333333,66.11718644460309
18105,Monroe,Indiana,28,68.29666666666667,46.529396616250324
18107,Montgomery,Indiana,28,60.056666666666665,42.243288213319964
18109,Morgan,Indiana,28,39.14833333333333,21.61663591564976
18111,Newton,Indiana,25,95.90166666666667,55.943567144403474
18113,Noble,Indiana,128,155.33666666666667,108.36534242193342
18115,Ohio,Indiana,71,77.08999999999999,25.256814078190125
18117,Orange,Indiana,31,66.23666666666666,45.94087249974172
18119,Owen,Indiana,28,84.365,45.87916181521153
18121,Parke,Indiana,28,91.19666666666667,55.599094203364395
18123,Perry,Indiana,31,88.17,54.7037558401749
18125,Pike,Indiana,31,133.44166666666666,81.46700240488889
18127,Porter,Indiana,25,60.71333333333334,32.102284402954396
18129,Posey,Indiana,31,166.70666666666665,113.84797476804056
18131,Pulaski,Indiana,25,132.785,69.84504464091103
18133,Putnam,Indiana,28,59.91,35.98092674112904
18135,Randolph,Indiana,117,76.58833333333334,50.32428018266929
18137,Ripley,Indiana,71,75.78999999999999,38.34546171483072
18139,Rush,Indiana,28,68.01333333333334,38.84286848142953
18141,St. Joseph,Indiana,25,111.33999999999999,71.3924983867212
18143,Scott,Indiana,31,40.985,30.969270775676222
18145,Shelby,Indiana,28,47.041666666666664,26.52391989847012
18147,Spencer,Indiana,31,106.28500000000001,70.42294084711381
18149,Starke,Indiana,25,108.71166666666666,61.30954493894892
18151,Steuben,Indiana,41,129.97166666666666,79.09214723882263
18153,Sullivan,Indiana,28,122.555,79.72327840955558
18155,Switzerland,Indiana,71,83.3,35.71260190798094
18157,Tippecanoe,Indiana,28,77.7,58.102620810511745
18159,Tipton,Indiana,28,70.93666666666667,37.360915838157915
18161,Union,Indiana,117,75.92666666666668,39.484501820319906
18163,Vanderburgh,Indiana,31,136.14666666666668,99.5151738744698
18165,Vermillion,Indiana,28,121.95666666666666,66.9511140578887
18167,Vigo,Indiana,28,91.38833333333334,67.90174019305658
18169,Wabash,Indiana,28,129.03333333333333,77.19004263061284
18171,Warren,Indiana,28,102.23833333333333,71.11205971149674
18173,Warrick,Indiana,31,129.17333333333332,88.97678987249677
18175,Washington,Indiana,31,62.876666666666665,28.87213253969349
18177,Wayne,Indiana,117,63.72166666666667,39.90684025390755
18179,Wells,Indiana,28,134.20666666666665,86.17683177547312
18181,White,Indiana,28,110.595,75.32342206111798
18183,Whitley,Indiana,28,155.89,102.68785733423528
19001,Adair,Iowa,54,121.80666666666666,78.05015286915025
19003,Adams,Iowa,54,120.06666666666666,68.18127353541938
19005,Allamakee,Iowa,44,137.7133333333333,74.46526732374313
19007,Appanoose,Iowa,22,175.7133333333333,93.4215354263732
19009,Audubon,Iowa,54,95.94333333333334,61.72033234028784
19011,Benton,Iowa,22,73.45166666666667,36.56459900916649
19013,Black Hawk,Iowa,22,100.57,71.0618565559999
19015,Boone,Iowa,22,168.04166666666666,123.18126174430442
19017,Bremer,Iowa,22,127.41000000000001,85.77189158758961
19019,Buchanan,Iowa,22,85.92,59.63395719865221
19021,Buena Vista,Iowa,54,180.79500000000002,106.33128894397669
19023,Butler,Iowa,22,142.05499999999998,94.79299685456148
19025,Calhoun,Iowa,54,188.89,105.31483315881341
19027,Carroll,Iowa,54,134.79666666666668,78.84790021206928
19029,Cass,Iowa,54,91.205,52.42889857418329
19031,Cedar,Iowa,22,42.913333333333334,22.058494576181435
19033,Cerro Gordo,Iowa,44,120.55166666666668,72.68486801670029
19035,Cherokee,Iowa,54,172.50166666666667,105.24766556567496
19037,Chickasaw,Iowa,44,109.39833333333333,68.2832081746258
19039,Clarke,Iowa,46,164.02,141.1601920217981
19041,Clay,Iowa,54,221.14833333333334,135.96388463064557
19043,Clayton,Iowa,22,152.17000000000002,83.60513006269898
19045,Clinton,Iowa,22,104.68833333333333,63.633034901000535
19047,Crawford,Iowa,54,105.22,62.173998989808
19049,Dallas,Iowa,54,146.93833333333333,110.62990873821468
19051,Davis,Iowa,22,140.20499999999998,76.85481947321226
19053,Decatur,Iowa,46,144.875,119.4884705032126
19055,Delaware,Iowa,22,100.99333333333334,57.22874621158939
19057,Des Moines,Iowa,22,97.34833333333333,60.92412167241119
19059,Dickinson,Iowa,44,200.94833333333332,140.25386606887704
19061,Dubuque,Iowa,22,122,70.16654837179736
19063,Emmet,Iowa,44,181.61,122.3627049402011
19065,Fayette,Iowa,22,128.02833333333334,81.60218214836911
19067,Floyd,Iowa,44,122.655,67.01142438422288
19069,Franklin,Iowa,44,154.32833333333335,95.8296569788867
19071,Fremont,Iowa,54,71.08833333333334,39.40241966908376
19073,Greene,Iowa,54,165.4633333333333,98.28597339978822
19075,Grundy,Iowa,22,131.91,79.0060351313848
19077,Guthrie,Iowa,54,131.33833333333334,85.09132872965584
19079,Hamilton,Iowa,44,187.105,129.45906031991643
19081,Hancock,Iowa,44,144.2866666666667,89.23509251074493
19083,Hardin,Iowa,22,149.76833333333335,100.89518094387057
19085,Harrison,Iowa,54,55.015,29.537887888872877
19087,Henry,Iowa,22,61.71,47.300571115109435
19089,Howard,Iowa,44,79.51666666666667,47.1826386853367
19091,Humboldt,Iowa,44,207.04833333333332,124.48157972171636
19093,Ida,Iowa,54,143.315,82.30377711743232
19095,Iowa,Iowa,22,40.43666666666666,25.417464397810697
19097,Jackson,Iowa,22,122.32,60.361991863812825
19099,Jasper,Iowa,22,93.53333333333333,78.5670694788838
19101,Jefferson,Iowa,22,90.02666666666667,49.833508790265284
19103,Johnson,Iowa,22,7.025,1.5823314125717198
19105,Jones,Iowa,22,66.345,37.440871297716576
19107,Keokuk,Iowa,22,78.99333333333334,39.9380185985647
19109,Kossuth,Iowa,44,173.60166666666666,106.7926564120699
19111,Lee,Iowa,22,132.32833333333332,76.53969204359241
19113,Linn,Iowa,22,40.33166666666667,24.442746685836436
19115,Louisa,Iowa,22,68.18166666666667,33.65638027340117
19117,Lucas,Iowa,22,169.07333333333332,101.60022980865813
19119,Lyon,Iowa,54,206.06166666666667,147.75211855508834
19121,Madison,Iowa,54,147.76333333333332,103.50197743678493
19123,Mahaska,Iowa,22,110.81166666666667,61.534419544920496
19125,Marion,Iowa,22,145.78833333333333,80.04590251465208
19127,Marshall,Iowa,22,113.75166666666668,75.87191423557219
19129,Mills,Iowa,54,40.861666666666665,20.39945290182774
19131,Mitchell,Iowa,44,86.43333333333334,50.49116688253483
19133,Monona,Iowa,54,91.775,55.799461763754955
19135,Monroe,Iowa,22,147.48,79.16296279239442
19137,Montgomery,Iowa,54,79.55833333333334,45.31418097095552
19139,Muscatine,Iowa,22,55.77166666666667,27.920003235437537
19141,O'Brien,Iowa,54,203.12,130.29280455306002
19143,Osceola,Iowa,54,214.20166666666668,148.0907064233985
19145,Page,Iowa,54,104.79333333333334,54.109134850509705
19147,Palo Alto,Iowa,44,213.20833333333334,128.17196532803817
19149,Plymouth,Iowa,54,141.35166666666666,103.80478389550004
19151,Pocahontas,Iowa,54,221.19,121.80008109173059
19153,Polk,Iowa,22,129.43666666666667,107.97264305628875
19155,Pottawattamie,Iowa,54,20.41,9.645255229646398
19157,Poweshiek,Iowa,22,76.85833333333333,55.607868613392554
19159,Ringgold,Iowa,46,168.25,115.69477871257165
19161,Sac,Iowa,54,159.36333333333332,89.8779356763523
19163,Scott,Iowa,22,72.44833333333332,51.41235163232935
19165,Shelby,Iowa,54,71.97166666666666,44.029347511309254
19167,Sioux,Iowa,54,174.46,126.52504338044837
19169,Story,Iowa,22,152.59666666666666,108.73276541557588
19171,Tama,Iowa,22,105.51833333333335,58.17242491032823
19173,Taylor,Iowa,54,142.88833333333332,75.99283293088888
19175,Union,Iowa,54,150.28,87.38816128040565
19177,Van Buren,Iowa,22,117.06333333333333,66.65829200829283
19179,Wapello,Iowa,22,121.22333333333333,63.464536183445745
19181,Warren,Iowa,22,152.175,107.29955419414117
19183,Washington,Iowa,22,45.11833333333333,21.871325482022208
19185,Wayne,Iowa,46,184.40333333333334,132.40498881097258
19187,Webster,Iowa,44,210.32666666666668,137.01509031666444
19189,Winnebago,Iowa,44,120.63166666666666,76.11931301981609
19191,Winneshiek,Iowa,44,101.53333333333333,60.783290842030475
19193,Woodbury,Iowa,54,118.03,86.96166931854309
19195,Worth,Iowa,44,107.115,59.758704183762575
19197,Wright,Iowa,44,168,110.16460201763547
20001,Allen,Kansas,29,124.71000000000001,90.04060764205298
20003,Anderson,Kansas,29,94.75166666666668,65.82947134389208
20005,Atchison,Kansas,46,73.63000000000001,45.847569003755495
20007,Barber,Kansas,74,254.13166666666666,133.37503198949221
20009,Barton,Kansas,46,276.54833333333335,230.33327268221265
20011,Bourbon,Kansas,29,105.35666666666665,84.02946892364925
20013,Brown,Kansas,46,119.08833333333334,72.07838787205043
20015,Butler,Kansas,74,187.26666666666668,157.6003618281956
20017,Chase,Kansas,29,147.995,115.5364457847695
20019,Chautauqua,Kansas,74,202.06166666666667,133.34090508615378
20021,Cherokee,Kansas,29,172.84666666666666,134.43056163255974
20023,Cheyenne,Kansas,12,210.25166666666667,164.63467835384367
20025,Clark,Kansas,74,332.93833333333333,182.67069573817577
20027,Clay,Kansas,46,191.91666666666666,137.59308283949088
20029,Cloud,Kansas,54,221.00833333333333,147.46112261498598
20031,Coffey,Kansas,29,104.77833333333334,82.67807367760507
20033,Comanche,Kansas,74,261.935,159.85549322787847
20035,Cowley,Kansas,74,159.38500000000002,120.35005684790849
20037,Crawford,Kansas,29,138.86666666666667,112.04954143373651
20039,Decatur,Kansas,12,295.6716666666667,231.18420333547297
20041,Dickinson,Kansas,46,170.43333333333334,139.03544797626517
20043,Doniphan,Kansas,46,84.11,55.347309360705864
20045,Douglas,Kansas,46,54.315000000000005,37.70707802560398
20047,Edwards,Kansas,74,321.37666666666667,196.98919944558295
20049,Elk,Kansas,29,223.6,143.31366809561513
20051,Ellis,Kansas,46,280.4183333333333,255.72443662222338
20053,Ellsworth,Kansas,46,233.68833333333333,200.05225583746866
20055,Finney,Kansas,12,343.8066666666667,246.1728506159755
20057,Ford,Kansas,74,312.245,209.34276396196026
20059,Franklin,Kansas,29,64.99166666666666,46.926102228870256
20061,Geary,Kansas,46,142.5366666666667,121.4440624962234
20063,Gove,Kansas,12,285.93333333333334,242.91383981716965
20065,Graham,Kansas,12,311.18666666666667,266.7095446464613
20067,Grant,Kansas,12,363.39833333333337,240.20854725152762
20069,Gray,Kansas,74,358.35,223.92663439599318
20071,Greeley,Kansas,12,294.69,186.62046807874628
20073,Greenwood,Kansas,29,181.83666666666667,120.15126893489881
20075,Hamilton,Kansas,12,289.2683333333333,205.5058592386125
20077,Harper,Kansas,74,203.13666666666668,123.75033394963806
20079,Harvey,Kansas,74,199.74666666666664,177.40823627105135
20081,Haskell,Kansas,74,346.7866666666667,234.21626465468304
20083,Hodgeman,Kansas,74,342.6116666666667,222.43852007358947
20085,Jackson,Kansas,46,103.08500000000001,66.71946762605182
20087,Jefferson,Kansas,46,80.5,44.90047393451516
20089,Jewell,Kansas,54,228.565,155.04695832063786
20091,Johnson,Kansas,29,24.21333333333333,11.462996392321855
20093,Kearny,Kansas,12,321.5433333333333,229.69161385065723
20095,Kingman,Kansas,74,225.45499999999998,150.89012233112135
20097,Kiowa,Kansas,74,291.9916666666667,175.62608574419178
20099,Labette,Kansas,29,192.67666666666668,129.12772048747436
20101,Lane,Kansas,12,332.7883333333333,248.57211025169113
20103,Leavenworth,Kansas,46,46.044999999999995,23.06569386529907
20105,Lincoln,Kansas,46,236.39166666666668,193.71983334691214
20107,Linn,Kansas,29,88.13666666666667,57.41447756257698
20109,Logan,Kansas,12,257.9116666666667,213.49327279781173
20111,Lyon,Kansas,29,116.39666666666668,95.3823565849075
20113,McPherson,Kansas,29,212.91833333333335,170.1143874839266
20115,Marion,Kansas,29,184.54,144.80670737080172
20117,Marshall,Kansas,54,162.88833333333332,105.2900220375468
20119,Meade,Kansas,74,310.60833333333335,204.08763901727815
20121,Miami,Kansas,29,55.086666666666666,34.043738826290884
20123,Mitchell,Kansas,46,256.915,194.21001487136897
20125,Montgomery,Kansas,29,207.025,144.73484558374295
20127,Morris,Kansas,46,154.22833333333335,111.13733523704285
20129,Morton,Kansas,106,290.3183333333333,238.46707671031282
20131,Nemaha,Kansas,46,142.05833333333334,90.31176581790054
20133,Neosho,Kansas,29,162.64,107.78532506173985
20135,Ness,Kansas,46,352.5683333333333,289.52646037918043
20137,Norton,Kansas,54,312.10166666666663,227.38200565600275
20139,Osage,Kansas,46,102.18,66.68864062438746
20141,Osborne,Kansas,54,293.9433333333333,191.34328813544806
20143,Ottawa,Kansas,46,209.34333333333333,166.59666300070913
20145,Pawnee,Kansas,46,308.55333333333334,254.4795302871688
20147,Phillips,Kansas,54,289.48833333333334,205.04363345040423
20149,Pottawatomie,Kansas,46,128.19166666666666,94.80482796504542
20151,Pratt,Kansas,74,256.8566666666667,164.44078607498594
20153,Rawlins,Kansas,12,250.79166666666666,201.14216803363607
20155,Reno,Kansas,74,222.81833333333333,179.28618302197262
20157,Republic,Kansas,54,192.975,132.8943152828196
20159,Rice,Kansas,29,249.69166666666666,200.08722857914057
20161,Riley,Kansas,46,143.48333333333332,110.47754978626732
20163,Rooks,Kansas,46,315.7433333333333,254.199990249242
20165,Rush,Kansas,46,306.9116666666667,256.22085871281394
20167,Russell,Kansas,46,256.74,228.80565992875566
20169,Saline,Kansas,46,191.87666666666667,163.85402723232164
20171,Scott,Kansas,12,301.255,227.71429291287694
20173,Sedgwick,Kansas,74,167.90166666666667,152.25973546862332
20175,Seward,Kansas,74,306.21,219.24310519047975
20177,Shawnee,Kansas,46,73.97666666666667,60.75429835776488
20179,Sheridan,Kansas,12,269.03166666666664,234.4317740784444
20181,Sherman,Kansas,12,192.435,167.97045100876727
20183,Smith,Kansas,54,266.7583333333333,180.5350543580785
20185,Stafford,Kansas,74,277.6566666666667,187.37241238954607
20187,Stanton,Kansas,12,339.26666666666665,224.18895989920765
20189,Stevens,Kansas,106,328.7083333333333,250.49875781005755
20191,Sumner,Kansas,74,144.24833333333333,126.08048791221847
20193,Thomas,Kansas,12,230.05333333333334,203.23595640533196
20195,Trego,Kansas,12,302.31333333333333,269.56431142118805
20197,Wabaunsee,Kansas,46,125.28833333333334,86.26415129244661
20199,Wallace,Kansas,12,245.68833333333333,174.76847941390938
20201,Washington,Kansas,54,170.67666666666668,116.474972645243
20203,Wichita,Kansas,12,324.7916666666667,205.90354545333759
20205,Wilson,Kansas,29,183.06166666666667,123.08743645512843
20207,Woodson,Kansas,29,137.42333333333332,101.75565475332208
20209,Wyandotte,Kansas,46,13.7,7.507776837044814
21001,Adair,Kentucky,31,121.42666666666668,82.9694432067718
21003,Allen,Kentucky,86,84.03999999999999,53.310207542093764
21005,Anderson,Kentucky,30,38.42166666666667,22.852549456677085
21007,Ballard,Kentucky,86,179.96166666666667,135.79787276006317
21009,Barren,Kentucky,86,108.37333333333332,76.13590547455763
21011,Bath,Kentucky,30,64.66333333333334,42.2445282864301
21013,Bell,Kentucky,30,154.875,103.30374169014716
21015,Boone,Kentucky,71,27.925,14.218336774525518
21017,Bourbon,Kentucky,30,30.948333333333334,18.365951428633664
21019,Boyd,Kentucky,30,138.23,103.57092135727525
21021,Boyle,Kentucky,30,51.60666666666667,31.61027968810299
21023,Bracken,Kentucky,71,63.535,38.1493785194477
21025,Breathitt,Kentucky,30,112.72666666666667,71.15418703057388
21027,Breckinridge,Kentucky,31,84.815,48.9516721308972
21029,Bullitt,Kentucky,31,36.88166666666667,16.457773661630895
21031,Butler,Kentucky,86,102.305,74.58321528951993
21033,Caldwell,Kentucky,86,123.63333333333334,90.44472347275493
21035,Calloway,Kentucky,86,143.925,89.99217753254631
21037,Campbell,Kentucky,71,16.865,8.18424692947814
21039,Carlisle,Kentucky,86,197.45833333333334,128.91849239494758
21041,Carroll,Kentucky,31,59.343333333333334,43.759727811489334
21043,Carter,Kentucky,30,113.41000000000001,82.21760645015013
21045,Casey,Kentucky,30,83.43666666666667,55.541380908721614
21047,Christian,Kentucky,86,78.56666666666666,59.43604804949001
21049,Clark,Kentucky,30,33.13333333333333,17.883990840062303
21051,Clay,Kentucky,30,118.47833333333332,72.65797657486394
21053,Clinton,Kentucky,30,138.88333333333333,97.35679176443615
21055,Crittenden,Kentucky,86,146.04166666666666,109.02424196147399
21057,Cumberland,Kentucky,86,154.83166666666665,90.03672693485342
21059,Daviess,Kentucky,31,134.625,81.20152924051018
21061,Edmonson,Kentucky,86,103.89666666666668,78.62726768735465
21063,Elliott,Kentucky,30,117.265,76.24061797160927
21065,Estill,Kentucky,30,62.57833333333333,35.98010931049091
21067,Fayette,Kentucky,30,4.596666666666667,1.1017599545114731
21069,Fleming,Kentucky,30,85.765,49.712025941624084
21071,Floyd,Kentucky,30,148.4116666666667,101.8612743001343
21073,Franklin,Kentucky,30,40.068333333333335,22.60416515214722
21075,Fulton,Kentucky,85,162.29,111.45792321877205
21077,Gallatin,Kentucky,71,54.60166666666667,31.603016266960978
21079,Garrard,Kentucky,30,47.78666666666666,26.740288511799626
21081,Grant,Kentucky,71,47.861666666666665,31.565556482707954
21083,Graves,Kentucky,86,164.515,110.82626137764366
21085,Grayson,Kentucky,31,88,61.80652368003979
21087,Green,Kentucky,31,105.41499999999999,68.92737156502301
21089,Greenup,Kentucky,30,141.55166666666668,98.79529777822131
21091,Hancock,Kentucky,31,108.70333333333333,63.314021843954
21093,Hardin,Kentucky,31,61.111666666666665,36.175893682979385
21095,Harlan,Kentucky,30,194.21,106.64738271747639
21097,Harrison,Kentucky,30,52.32333333333334,28.279806022427124
21099,Hart,Kentucky,31,85.19333333333334,67.42654871907455
21101,Henderson,Kentucky,31,154.64333333333335,103.31970427976849
21103,Henry,Kentucky,31,50.58166666666667,33.14413407337863
21105,Hickman,Kentucky,85,186.11166666666668,121.24892190761665
21107,Hopkins,Kentucky,86,126.24333333333334,89.9193367477579
21109,Jackson,Kentucky,30,105.11833333333334,51.95866280907057
21111,Jefferson,Kentucky,31,12.206666666666667,4.696908115499457
21113,Jessamine,Kentucky,30,19.686666666666667,11.015237389822651
21115,Johnson,Kentucky,30,132.46166666666667,93.09384486660278
21117,Kenton,Kentucky,71,22.9,9.199557734645564
21119,Knott,Kentucky,30,161.65666666666667,98.37875073474468
21121,Knox,Kentucky,30,121.32333333333332,84.45122758029451
21123,Larue,Kentucky,31,68.28999999999999,48.87484721020363
21125,Laurel,Kentucky,30,93.24666666666667,68.96587014884113
21127,Lawrence,Kentucky,30,167.125,99.52259835578421
21129,Lee,Kentucky,30,96.63000000000001,53.45890718148408
21131,Leslie,Kentucky,30,150.075,88.59334875364286
21133,Letcher,Kentucky,30,180.88,111.36125827212854
21135,Lewis,Kentucky,30,127.83999999999999,72.58912445340428
21137,Lincoln,Kentucky,30,62.68833333333334,39.72876140532746
21139,Livingston,Kentucky,86,149.8,109.85355805519623
21141,Logan,Kentucky,86,68.11999999999999,49.67901641078255
21143,Lyon,Kentucky,86,119.92166666666667,95.34859613994541
21145,McCracken,Kentucky,86,152.86666666666667,120.16076737606956
21147,McCreary,Kentucky,30,129.59166666666667,91.29018564225473
21149,McLean,Kentucky,86,140.08166666666665,97.66138321002249
21151,Madison,Kentucky,30,47.89333333333333,25.536075246085105
21153,Magoffin,Kentucky,30,111.455,81.68080818203588
21155,Marion,Kentucky,30,79.01666666666667,53.21130384194632
21157,Marshall,Kentucky,86,142.53,100.07966175370481
21159,Martin,Kentucky,30,171.43666666666667,109.243036373163
21161,Mason,Kentucky,71,86.45166666666667,52.77807493444061
21163,Meade,Kentucky,31,58.44166666666667,30.32701376287556
21165,Menifee,Kentucky,30,86.565,49.91986593812952
21167,Mercer,Kentucky,30,47.013333333333335,25.383890899816475
21169,Metcalfe,Kentucky,86,126.51666666666667,87.07413841131013
21171,Monroe,Kentucky,86,129.2,71.52775070061139
21173,Montgomery,Kentucky,30,53.85,31.98025032744447
21175,Morgan,Kentucky,30,109.07333333333332,67.86733190120637
21177,Muhlenberg,Kentucky,86,116.15666666666667,78.06222557980556
21179,Nelson,Kentucky,31,53.735,33.52318833976725
21181,Nicholas,Kentucky,30,52.705000000000005,33.05120615501881
21183,Ohio,Kentucky,86,123.53666666666666,91.39668572265037
21185,Oldham,Kentucky,31,30.386666666666667,17.75075597603777
21187,Owen,Kentucky,30,65.66,38.6374972673608
21189,Owsley,Kentucky,30,108.08166666666666,60.19810569879177
21191,Pendleton,Kentucky,71,54.394999999999996,30.331269175399125
21193,Perry,Kentucky,30,134.57666666666668,89.2503552798776
21195,Pike,Kentucky,30,185.5883333333333,120.18236767940937
21197,Powell,Kentucky,30,60.480000000000004,36.33660451218583
21199,Pulaski,Kentucky,30,91.18333333333334,65.30587919763667
21201,Robertson,Kentucky,30,78.45833333333333,41.75055643830348
21203,Rockcastle,Kentucky,30,68.11999999999999,45.87327716161894
21205,Rowan,Kentucky,30,84.06666666666666,58.77298733295472
21207,Russell,Kentucky,30,109.80333333333333,75.60568231969691
21209,Scott,Kentucky,30,26.8,14.04071372559741
21211,Shelby,Kentucky,31,39.975,28.050076646672483
21213,Simpson,Kentucky,86,57.84666666666667,42.70172667810362
21215,Spencer,Kentucky,31,41.84,25.11625730987213
21217,Taylor,Kentucky,30,99.525,65.73113873152721
21219,Todd,Kentucky,86,86.2,50.65951958136183
21221,Trigg,Kentucky,86,97.40333333333334,75.19673377805228
21223,Trimble,Kentucky,31,58.66166666666666,33.99232896471219
21225,Union,Kentucky,86,180.19333333333333,121.52310500565099
21227,Warren,Kentucky,86,76.8,60.461215174575095
21229,Washington,Kentucky,30,62.43833333333334,42.65343621316314
21231,Wayne,Kentucky,30,123.30833333333334,84.66719109152187
21233,Webster,Kentucky,86,157.345,105.82235978244674
21235,Whitley,Kentucky,30,122.23666666666666,86.58957780339831
21237,Wolfe,Kentucky,30,81.74166666666666,57.98443653987894
21239,Woodford,Kentucky,30,21.076666666666664,12.062211867433051
22001,Acadia,Louisiana,32,181.925,137.38461334982503
22003,Allen,Louisiana,34,196.67666666666668,137.89472703133444
22005,Ascension,Louisiana,32,72.00166666666668,54.852465421924
22007,Assumption,Louisiana,32,109.00500000000001,58.90552840551291
22009,Avoyelles,Louisiana,34,174.55,139.92448593842335
22011,Beauregard,Louisiana,34,186.355,124.6943613669343
22013,Bienville,Louisiana,34,83.21000000000001,40.32635256528739
22015,Bossier,Louisiana,34,19.766666666666666,8.065725235524377
22017,Caddo,Louisiana,34,4.8,2.4021129267298997
22019,Calcasieu,Louisiana,90,164.50833333333333,132.79302258470426
22021,Caldwell,Louisiana,34,154.215,100.78504673738338
22023,Cameron,Louisiana,90,210.855,132.07674942992506
22025,Catahoula,Louisiana,49,178.51333333333332,105.82972466183121
22027,Claiborne,Louisiana,34,81.22333333333333,48.56825325707267
22029,Concordia,Louisiana,49,153.27,95.11443060682865
22031,De Soto,Louisiana,34,50.57833333333333,24.920732415797502
22033,East Baton Rouge,Louisiana,32,92.84166666666667,69.96273502532284
22035,East Carroll,Louisiana,49,118.46000000000001,65.9452215952896
22037,East Feliciana,Louisiana,32,150.79833333333332,84.62373178821404
22039,Evangeline,Louisiana,34,190.13166666666666,148.66609196398025
22041,Franklin,Louisiana,49,137.43166666666667,89.71485005655279
22043,Grant,Louisiana,34,149.5883333333333,97.23339210596932
22045,Iberia,Louisiana,32,153.44666666666666,103.37902621294344
22047,Iberville,Louisiana,32,104.26666666666667,72.01229922098362
22049,Jackson,Louisiana,34,113.51833333333335,66.64425843331404
22051,Jefferson,Louisiana,32,23.591666666666665,4.234962525079375
22053,Jefferson Davis,Louisiana,90,198.72666666666666,162.74280851913673
22055,Lafayette,Louisiana,32,162.905,118.31793527288053
22057,Lafourche,Louisiana,32,62.585,37.849348595888266
22059,LaSalle,Louisiana,34,199.43166666666667,106.77107929388207
22061,Lincoln,Louisiana,34,80.29666666666667,65.17814258507255
22063,Livingston,Louisiana,32,95.05833333333334,58.087380845515604
22065,Madison,Louisiana,49,81.26666666666667,59.851897657612554
22067,Morehouse,Louisiana,34,146.20499999999998,110.96316284818285
22069,Natchitoches,Louisiana,34,78.53999999999999,63.35329690402967
22071,Orleans,Louisiana,33,5.33,2.000975128607294
22073,Ouachita,Louisiana,34,117.55166666666668,94.9522372828798
22075,Plaquemines,Louisiana,33,53.11666666666667,18.95145051160715
22077,Pointe Coupee,Louisiana,32,133.92833333333334,97.35825825054172
22079,Rapides,Louisiana,34,129.455,112.63440353960534
22081,Red River,Louisiana,34,68.34666666666666,39.728930438452544
22083,Richland,Louisiana,49,120.34166666666667,90.3679958629819
22085,Sabine,Louisiana,34,98.21666666666667,63.48057777705201
22087,St. Bernard,Louisiana,33,21.348333333333336,8.516085789247983
22089,St. Charles,Louisiana,32,32.065000000000005,17.612169010017116
22091,St. Helena,Louisiana,32,108.85666666666665,67.86490024466627
22093,St. James,Louisiana,32,64.05666666666667,39.36423274004134
22095,St. John the Baptist,Louisiana,32,42.25,26.818507423169883
22097,St. Landry,Louisiana,32,171.89166666666668,127.03912469801406
22099,St. Martin,Louisiana,32,156.90666666666667,106.56847784459039
22101,St. Mary,Louisiana,32,130.31666666666666,76.79194811054569
22103,St. Tammany,Louisiana,32,67.11666666666666,30.527496274849316
22105,Tangipahoa,Louisiana,32,81.30166666666668,47.069020960514685
22107,Tensas,Louisiana,49,137.12166666666664,70.4721929652226
22109,Terrebonne,Louisiana,32,73.87666666666668,45.92949320626854
22111,Union,Louisiana,34,112.91166666666666,82.05635435160974
22113,Vermilion,Louisiana,32,186.62666666666667,124.45438534198519
22115,Vernon,Louisiana,34,143.72,100.47775926697764
22117,Washington,Louisiana,32,111.15333333333334,61.113140330037574
22119,Webster,Louisiana,34,58.99333333333333,28.831563108423993
22121,West Baton Rouge,Louisiana,32,106.42,78.05284868312717
22123,West Carroll,Louisiana,49,144.38166666666666,80.60771108930658
22125,West Feliciana,Louisiana,32,153.76333333333332,103.42800294074677
22127,Winn,Louisiana,34,125.945,73.87882732810552
23001,Androscoggin,Maine,37,168.11,129.5396321554254
23003,Aroostook,Maine,37,466.80333333333334,334.3586342123571
23005,Cumberland,Maine,37,135.88666666666666,103.76441702484071
23007,Franklin,Maine,37,240.23,168.17088250392075
23009,Hancock,Maine,37,313.67333333333335,195.99667404112319
23011,Kennebec,Maine,37,213.04166666666666,155.95306816361986
23013,Knox,Maine,37,244.71666666666667,155.94436061834128
23015,Lincoln,Maine,37,201.59666666666666,138.97220231626162
23017,Oxford,Maine,37,207.88666666666668,135.1797734369987
23019,Penobscot,Maine,37,297.065,211.99356259861767
23021,Piscataquis,Maine,37,305.56666666666666,219.1977061979708
23023,Sagadahoc,Maine,37,181.255,126.18906547865137
23025,Somerset,Maine,37,248.92333333333332,184.04516405101913
23027,Waldo,Maine,37,257.05833333333334,178.0112490904919
23029,Washington,Maine,37,423.12166666666667,249.92046383793067
23031,York,Maine,37,116.75333333333333,77.1124936933651
24001,Allegany,Maryland,99,83.39666666666668,60.508848541711934
24003,Anne Arundel,Maryland,40,39.49166666666667,15.683210064155107
24005,Baltimore,Maryland,101,7.7733333333333325,2.623846719382171
24009,Calvert,Maryland,14,71.81333333333333,36.435903130521055
24011,Caroline,Maryland,40,101.90166666666667,50.39093154036018
24013,Carroll,Maryland,101,45.190000000000005,21.193380761455387
24015,Cecil,Maryland,40,61.72,41.35117297368607
24017,Charles,Maryland,14,49.915,22.685174104265236
24019,Dorchester,Maryland,40,130.84166666666667,59.17033799593586
24021,Frederick,Maryland,124,53.01166666666666,33.71858716848962
24023,Garrett,Maryland,99,72.96333333333334,36.03074549336834
24025,Harford,Maryland,40,42.9,21.64231678373394
24027,Howard,Maryland,101,32.27,13.787649343675039
24029,Kent,Maryland,78,106.475,66.98728297844458
24031,Montgomery,Maryland,124,15.795,6.114651610470164
24033,Prince George's,Maryland,16,20.401666666666664,7.06166887421089
24035,Queen Anne's,Maryland,40,82.41000000000001,30.523130235919655
24037,St. Mary's,Maryland,14,94.96333333333334,48.28395522411322
24039,Somerset,Maryland,94,177.49333333333334,93.08237129494334
24041,Talbot,Maryland,40,100.02166666666668,45.24798621101666
24043,Washington,Maryland,124,74.67333333333333,54.6099784044399
24045,Wicomico,Maryland,40,158.97833333333335,83.60655336971186
24047,Worcester,Maryland,94,186.495,115.51865534588444
24510,Baltimore,Maryland,39,8.385,1.666450354142221
25001,Barnstable,Massachusetts,35,98.99833333333332,58.660169991196355
25003,Berkshire,Massachusetts,58,69.125,31.406927945538563
25005,Bristol,Massachusetts,82,43.968333333333334,15.521551805707036
25007,Dukes,Massachusetts,82,149.48166666666665,49.93261938679865
25009,Essex,Massachusetts,37,36.50666666666667,19.3507545303791
25011,Franklin,Massachusetts,38,99.97833333333332,45.74756880082151
25013,Hampden,Massachusetts,38,67.46666666666667,43.090459208610234
25015,Hampshire,Massachusetts,38,88.18833333333333,41.64629796377632
25017,Middlesex,Massachusetts,37,27.761666666666667,11.931934857334529
25019,Nantucket,Massachusetts,35,237.315,89.58622249090595
25021,Norfolk,Massachusetts,35,24.375,9.987756613940274
25023,Plymouth,Massachusetts,35,48.745,24.311829127008576
25025,Suffolk,Massachusetts,35,2.04,0.20781645852899433
25027,Worcester,Massachusetts,38,11.01,2.794605098954591
26001,Alcona,Michigan,102,224.175,138.3248316633654
26003,Alger,Michigan,98,361.365,239.45628498803507
26005,Allegan,Michigan,128,47.18666666666666,27.04839779381689
26007,Alpena,Michigan,102,253.74833333333333,164.80928484941558
26009,Antrim,Michigan,128,179.17666666666668,140.6780696514001
26011,Arenac,Michigan,102,138.61833333333334,100.4577985256019
26013,Baraga,Michigan,98,374.7433333333333,257.938331662697
26015,Barry,Michigan,128,50.406666666666666,29.203226166197222
26017,Bay,Michigan,102,100.57666666666667,75.19828653164613
26019,Benzie,Michigan,128,164.90833333333333,117.42192783768158
26021,Berrien,Michigan,128,103.03999999999999,77.74946989186849
26023,Branch,Michigan,41,112.04333333333334,71.13312329452667
26025,Calhoun,Michigan,41,86.12833333333333,70.50398136378216
26027,Cass,Michigan,128,114.07666666666667,76.88111776199975
26029,Charlevoix,Michigan,128,215.49166666666667,159.53319978603935
26031,Cheboygan,Michigan,128,251.4633333333333,184.48515097551493
26033,Chippewa,Michigan,128,307.6433333333333,242.7527373572996
26035,Clare,Michigan,128,139.67666666666668,79.45526872406995
26037,Clinton,Michigan,128,76.88666666666667,56.65442845884857
26039,Crawford,Michigan,128,170.43333333333334,126.73004278279407
26041,Delta,Michigan,98,282.24666666666667,196.16937469859738
26043,Dickinson,Michigan,98,273.77000000000004,192.58084681598842
26045,Eaton,Michigan,128,74.35,52.164480575195135
26047,Emmet,Michigan,128,231.05666666666667,174.1668448781934
26049,Genesee,Michigan,102,50.39666666666667,33.188729207271955
26051,Gladwin,Michigan,102,160.00666666666666,108.5247002001544
26053,Gogebic,Michigan,43,340.2066666666667,186.50101397470246
26055,Grand Traverse,Michigan,128,152.25,120.45698264901382
26057,Gratiot,Michigan,128,102.74166666666666,58.291908302983074
26059,Hillsdale,Michigan,41,89.61333333333333,51.59912742580313
26061,Houghton,Michigan,98,416.67333333333335,283.154057245358
26063,Huron,Michigan,102,132.605,80.3801692550102
26065,Ingham,Michigan,41,70.37666666666668,47.8355052839628
26067,Ionia,Michigan,128,46.16833333333333,29.41573507738481
26069,Iosco,Michigan,102,198.175,117.34574569290791
26071,Iron,Michigan,98,322.77000000000004,212.52767549574904
26073,Isabella,Michigan,128,99.79833333333333,61.92545662436906
26075,Jackson,Michigan,41,49.61666666666667,34.87100972162869
26077,Kalamazoo,Michigan,128,61.71333333333334,49.0932286040755
26079,Kalkaska,Michigan,128,146.39,123.49128762004496
26081,Kent,Michigan,128,7.87,2.2356235733449963
26083,Keweenaw,Michigan,98,457.48833333333334,296.7264460699011
26085,Lake,Michigan,128,100.18833333333333,68.4913348569904
26087,Lapeer,Michigan,102,57.75,26.579225693994772
26089,Leelanau,Michigan,128,188.94666666666666,133.83421148672966
26091,Lenawee,Michigan,41,61.358333333333334,29.696639444943994
26093,Livingston,Michigan,41,34.465,21.338664422822237
26095,Luce,Michigan,128,341.76,232.57080788647227
26097,Mackinac,Michigan,128,283.0933333333333,212.69721934830574
26099,Macomb,Michigan,102,32.07833333333333,14.35016722878913
26101,Manistee,Michigan,128,149.13166666666666,95.84876262630704
26103,Marquette,Michigan,98,368.33,239.15243117500853
26105,Mason,Michigan,128,105.13000000000001,77.26523826550176
26107,Mecosta,Michigan,128,66.7,49.15789987730006
26109,Menominee,Michigan,98,234.67333333333332,160.15414152962109
26111,Midland,Michigan,102,119.985,86.31799370492222
26113,Missaukee,Michigan,128,116.33999999999999,95.56179635116439
26115,Monroe,Michigan,109,45.669999999999995,25.48406089496945
26117,Montcalm,Michigan,128,64.115,33.04703465767174
26119,Montmorency,Michigan,128,236.535,159.6572698705744
26121,Muskegon,Michigan,128,47.385,33.425503090545334
26123,Newaygo,Michigan,128,61.02333333333333,34.99956913200482
26125,Oakland,Michigan,102,24.715,7.854447853214822
26127,Oceana,Michigan,128,83.08,55.86427384419534
26129,Ogemaw,Michigan,102,150.73333333333332,120.41633193358119
26131,Ontonagon,Michigan,97,398.0866666666667,251.77688545702637
26133,Osceola,Michigan,128,109.14166666666667,70.48237408598025
26135,Oscoda,Michigan,102,196.27666666666667,147.6149344347121
26137,Otsego,Michigan,128,196.94833333333332,149.24918741529885
26139,Ottawa,Michigan,128,32.14666666666667,18.058150065908155
26141,Presque Isle,Michigan,102,274.39166666666665,188.1712653459235
26143,Roscommon,Michigan,128,169.57999999999998,108.91853420430121
26145,Saginaw,Michigan,102,91.90666666666667,63.74729431830197
26147,St. Clair,Michigan,42,69.95333333333333,45.89241353133742
26149,St. Joseph,Michigan,128,99.39833333333333,75.17505024571473
26151,Sanilac,Michigan,102,117.88833333333334,52.49433369106199
26153,Schoolcraft,Michigan,98,370.92833333333334,222.79114684527224
26155,Shiawassee,Michigan,102,81.45666666666666,50.776486411399446
26157,Tuscola,Michigan,102,98.73833333333333,53.36083601206907
26159,Van Buren,Michigan,128,94.05666666666666,51.920477910882816
26161,Washtenaw,Michigan,41,7.331666666666666,1.6443227207406421
26163,Wayne,Michigan,110,16.781666666666666,7.777823621466148
26165,Wexford,Michigan,128,113.93666666666667,92.97321377611009
27001,Aitkin,Minnesota,43,169.67166666666665,111.35998825907875
27003,Anoka,Minnesota,43,31.938333333333333,15.480567479890396
27005,Becker,Minnesota,43,248.73999999999998,178.28523661598896
27007,Beltrami,Minnesota,43,286.01666666666665,196.60503303247106
27009,Benton,Minnesota,43,96.46499999999999,62.37290542737827
27011,Big Stone,Minnesota,43,240.58666666666667,159.22977178268374
27013,Blue Earth,Minnesota,44,104.775,76.20758979210495
27015,Brown,Minnesota,43,137.71166666666667,82.01565079122082
27017,Carlton,Minnesota,43,154.64,120.31563476469869
27019,Carver,Minnesota,43,47.33833333333334,23.81316206807209
27021,Cass,Minnesota,43,212.01166666666668,139.66185038457698
27023,Chippewa,Minnesota,43,172.23,116.65553179447052
27025,Chisago,Minnesota,43,56.41833333333333,36.365787187456284
27027,Clay,Minnesota,43,264.9766666666667,210.42851381383412
27029,Clearwater,Minnesota,43,307.75,206.3158788570108
27031,Cook,Minnesota,43,328.315,238.51312777553713
27033,Cottonwood,Minnesota,44,183.79333333333335,132.07961271988515
27035,Crow Wing,Minnesota,43,173.76166666666668,110.30876308475915
27037,Dakota,Minnesota,43,33.32333333333334,14.948358156818013
27039,Dodge,Minnesota,44,23.663333333333334,16.854583754629427
27041,Douglas,Minnesota,43,159.765,122.94724321566358
27043,Faribault,Minnesota,44,113.86333333333333,77.78193434818111
27045,Fillmore,Minnesota,44,55.31666666666667,29.620342460463654
27047,Freeborn,Minnesota,44,75.83166666666666,51.06460566416492
27049,Goodhue,Minnesota,44,56.59166666666667,30.883802051529283
27051,Grant,Minnesota,43,193.245,147.17319510017785
27053,Hennepin,Minnesota,43,16.076666666666668,6.3267715917227845
27055,Houston,Minnesota,44,98.50166666666668,55.3126709100673
27057,Hubbard,Minnesota,43,258.3233333333333,165.62992602249832
27059,Isanti,Minnesota,43,66.59333333333333,39.418995283292965
27061,Itasca,Minnesota,43,248.93833333333333,162.44128967002376
27063,Jackson,Minnesota,44,184.24333333333334,133.98501680575086
27065,Kanabec,Minnesota,43,91.69333333333334,63.141622962462435
27067,Kandiyohi,Minnesota,43,133.25666666666666,88.04189854908692
27069,Kittson,Minnesota,43,436.34833333333336,308.8390714844589
27071,Koochiching,Minnesota,43,358.82666666666665,244.789174658304
27073,Lac qui Parle,Minnesota,43,215.68166666666667,141.68300845447467
27075,Lake,Minnesota,43,249.8,172.66045265165005
27077,Lake of the Woods,Minnesota,43,419.8233333333334,271.89089628174287
27079,Le Sueur,Minnesota,43,86.53666666666666,46.34902735582715
27081,Lincoln,Minnesota,43,253.73,154.0502495481286
27083,Lyon,Minnesota,43,203.01166666666668,131.4412693603748
27085,McLeod,Minnesota,43,86.70333333333333,51.13342392149913
27087,Mahnomen,Minnesota,43,294.0466666666667,203.51136769535236
27089,Marshall,Minnesota,43,409.9066666666667,278.4314392525768
27091,Martin,Minnesota,44,141.19,104.73204643889039
27093,Meeker,Minnesota,43,97.56,62.01980722871005
27095,Mille Lacs,Minnesota,43,91.60333333333332,59.636279520250284
27097,Morrison,Minnesota,43,125.41333333333334,87.83574806901629
27099,Mower,Minnesota,44,46.45,32.86706938769567
27101,Murray,Minnesota,44,228.23999999999998,162.72908310120147
27103,Nicollet,Minnesota,43,109.205,63.55723513057948
27105,Nobles,Minnesota,44,212.60333333333335,161.58469392974692
27107,Norman,Minnesota,43,304.95166666666665,224.22855523314095
27109,Olmsted,Minnesota,44,2.268333333333333,0.48019164262120434
27111,Otter Tail,Minnesota,43,228.73833333333332,158.3555960665658
27113,Pennington,Minnesota,43,349.50333333333333,256.83652106943833
27115,Pine,Minnesota,43,97.07833333333333,74.90038156918591
27117,Pipestone,Minnesota,54,257.92,188.9084190241298
27119,Polk,Minnesota,43,351.22833333333335,250.8297776993812
27121,Pope,Minnesota,43,166.175,116.50507721230846
27123,Ramsey,Minnesota,43,17.953333333333333,6.3298014619124325
27125,Red Lake,Minnesota,43,343.02333333333337,243.50466679322898
27127,Redwood,Minnesota,43,167.95166666666668,102.94586829250238
27129,Renville,Minnesota,43,134.46166666666667,85.56445897730403
27131,Rice,Minnesota,43,62.41833333333333,41.47319898172603
27133,Rock,Minnesota,54,231.175,165.87316626829838
27135,Roseau,Minnesota,43,443.74833333333333,289.49360340264366
27137,St. Louis,Minnesota,43,215.88500000000002,152.11138262925095
27139,Scott,Minnesota,43,42.468333333333334,21.20733132995544
27141,Sherburne,Minnesota,43,64.865,38.007564026576155
27143,Sibley,Minnesota,43,99.12666666666668,53.13084168703203
27145,Stearns,Minnesota,43,90.48333333333333,68.01215473718328
27147,Steele,Minnesota,44,48.45166666666667,37.256683803547325
27149,Stevens,Minnesota,43,203.345,137.3043977810586
27151,Swift,Minnesota,43,189.29166666666666,119.09786109255937
27153,Todd,Minnesota,43,165.665,110.18940242037941
27155,Traverse,Minnesota,43,245.57000000000002,169.7069567962617
27157,Wabasha,Minnesota,44,53.99333333333333,22.65485504028261
27159,Wadena,Minnesota,43,206.93166666666667,138.48493680293552
27161,Waseca,Minnesota,44,70.43,53.93187303668948
27163,Washington,Minnesota,43,32.24,15.202728022287921
27165,Watonwan,Minnesota,44,145.86666666666667,105.2109280126535
27167,Wilkin,Minnesota,43,241.94833333333332,184.19083938011497
27169,Winona,Minnesota,44,58.75666666666667,37.18131658677758
27171,Wright,Minnesota,43,61.14833333333333,32.601445761359116
27173,Yellow Medicine,Minnesota,43,193.91666666666666,128.28751477170042
28001,Adams,Mississippi,49,138.22166666666666,87.77037401523454
28003,Alcorn,Mississippi,85,116.135,86.39679535811112
28005,Amite,Mississippi,49,128.21833333333333,87.18426643890669
28007,Attala,Mississippi,49,94.86833333333334,61.25432371569519
28009,Benton,Mississippi,85,79.38833333333334,51.95070953362043
28011,Bolivar,Mississippi,85,149.88833333333332,103.48647843970494
28013,Calhoun,Mississippi,85,150.32833333333335,93.14889282029944
28015,Carroll,Mississippi,49,115.78833333333334,79.68275669082551
28017,Chickasaw,Mississippi,85,157.50333333333336,104.13386682717841
28019,Choctaw,Mississippi,49,137.68166666666667,88.66253195724302
28021,Claiborne,Mississippi,49,91.9,53.01537622790201
28023,Clarke,Mississippi,49,131.2,86.3315220660491
28025,Clay,Mississippi,1,174.935,109.23005609170919
28027,Coahoma,Mississippi,85,99.69166666666666,70.59433880181473
28029,Copiah,Mississippi,49,50.830000000000005,32.345072435565356
28031,Covington,Mississippi,49,83.02833333333334,60.47507946647497
28033,DeSoto,Mississippi,85,29.288333333333334,15.408994077935688
28035,Forrest,Mississippi,49,121.40666666666667,87.62057313240949
28037,Franklin,Mississippi,49,94.11333333333333,71.76841164145412
28039,George,Mississippi,33,156.47166666666666,108.70703553292931
28041,Greene,Mississippi,33,186.15833333333333,121.4590621718248
28043,Grenada,Mississippi,85,110.70333333333333,95.72955244651217
28045,Hancock,Mississippi,33,68.38000000000001,49.71383195988347
28047,Harrison,Mississippi,33,87.31333333333333,68.94265820832237
28049,Hinds,Mississippi,49,12.453333333333335,5.052997313655525
28051,Holmes,Mississippi,49,73.81166666666667,53.25694832165351
28053,Humphreys,Mississippi,49,92.86833333333334,61.06876963974544
28055,Issaquena,Mississippi,49,148.76333333333332,62.50855244590215
28057,Itawamba,Mississippi,1,136.91,106.72916875055398
28059,Jackson,Mississippi,33,113.19833333333332,90.5971705895307
28061,Jasper,Mississippi,49,112.72833333333332,65.43394355040289
28063,Jefferson,Mississippi,49,109.08,66.88568281051572
28065,Jefferson Davis,Mississippi,49,95.52666666666667,56.1557162011397
28067,Jones,Mississippi,49,114.83166666666666,74.70426315434058
28069,Kemper,Mississippi,49,148.5883333333333,92.53283263115944
28071,Lafayette,Mississippi,85,97.41000000000001,61.06847765471137
28073,Lamar,Mississippi,49,129.05,84.72268817525246
28075,Lauderdale,Mississippi,49,111.71666666666667,86.67454641694688
28077,Lawrence,Mississippi,49,85.02833333333334,53.68216854785788
28079,Leake,Mississippi,49,64.18666666666667,47.76380515713731
28081,Lee,Mississippi,85,121.205,96.05422355168322
28083,Leflore,Mississippi,49,127.98666666666666,81.87506690445424
28085,Lincoln,Mississippi,49,68.24166666666666,56.34549878402777
28087,Lowndes,Mississippi,1,141.44333333333333,91.50053389315379
28089,Madison,Mississippi,49,21.691666666666666,13.17551810235853
28091,Marion,Mississippi,49,122.38666666666667,77.52027179445994
28093,Marshall,Mississippi,85,47.245,35.481620622526904
28095,Monroe,Mississippi,1,158.26833333333335,101.82876420224068
28097,Montgomery,Mississippi,49,114.13000000000001,85.59134976689215
28099,Neshoba,Mississippi,49,108.38000000000001,68.17191735186341
28101,Newton,Mississippi,49,91.225,61.34350883986835
28103,Noxubee,Mississippi,49,165.47333333333333,109.62104671376756
28105,Oktibbeha,Mississippi,49,145.11166666666668,110.09268505796953
28107,Panola,Mississippi,85,68.475,55.19754295416274
28109,Pearl River,Mississippi,33,73.72166666666666,54.29161651047723
28111,Perry,Mississippi,33,153.75666666666666,110.94227887500193
28113,Pike,Mississippi,49,97.18,78.17542563878663
28115,Pontotoc,Mississippi,85,114.89,84.14977197118279
28117,Prentiss,Mississippi,85,144.87166666666664,90.84027512280994
28119,Quitman,Mississippi,85,97.00333333333333,61.72410027636239
28121,Rankin,Mississippi,49,18.978333333333335,9.084020846025076
28123,Scott,Mississippi,49,71.42333333333333,38.03442809052286
28125,Sharkey,Mississippi,49,106.025,57.243314221613645
28127,Simpson,Mississippi,49,56.751666666666665,34.11773990241872
28129,Smith,Mississippi,49,84.98166666666665,46.42321359542676
28131,Stone,Mississippi,33,113.795,81.25498848065732
28133,Sunflower,Mississippi,49,145.50333333333336,90.52548499187446
28135,Tallahatchie,Mississippi,85,114.00666666666666,80.34957424332916
28137,Tate,Mississippi,85,51.269999999999996,34.596806561352054
28139,Tippah,Mississippi,85,109.93666666666667,67.78079613618596
28141,Tishomingo,Mississippi,85,147.54,105.93581400889788
28143,Tunica,Mississippi,85,54.91833333333333,33.92385568587955
28145,Union,Mississippi,85,92.195,73.55471258100893
28147,Walthall,Mississippi,49,120.135,81.44649051413153
28149,Warren,Mississippi,49,58.13166666666667,39.01500601696912
28151,Washington,Mississippi,49,152.51833333333335,86.69625237302367
28153,Wayne,Mississippi,49,155.83333333333334,100.2871018915992
28155,Webster,Mississippi,49,148.68833333333333,102.81938788732569
28157,Wilkinson,Mississippi,32,176.32166666666666,106.15605214212155
28159,Winston,Mississippi,49,117.47833333333332,84.10065461963629
28161,Yalobusha,Mississippi,85,118.04333333333334,75.60377901099379
28163,Yazoo,Mississippi,49,52.733333333333334,36.612386700905176
29001,Adair,Missouri,45,113.57833333333333,87.92282646752503
29003,Andrew,Missouri,46,78.43666666666667,59.176510969054306
29005,Atchison,Missouri,54,90.13333333333334,64.19621030613706
29007,Audrain,Missouri,45,62.83833333333334,32.656959835028196
29009,Barry,Missouri,46,238.07000000000002,166.67298941526585
29011,Barton,Missouri,46,132.99333333333334,110.68639894643117
29013,Bates,Missouri,46,77.53500000000001,56.66092568360138
29015,Benton,Missouri,45,122.98666666666666,68.81854402277024
29017,Bollinger,Missouri,47,144.21166666666667,89.52262674138089
29019,Boone,Missouri,45,4.6866666666666665,1.3845032291760249
29021,Buchanan,Missouri,46,66.33666666666666,47.88571188986346
29023,Butler,Missouri,47,178.92333333333332,129.2859248533862
29025,Caldwell,Missouri,46,80.825,50.553738050591335
29027,Callaway,Missouri,45,41.495,20.321361899050356
29029,Camden,Missouri,45,112.86,63.84072914041861
29031,Cape Girardeau,Missouri,47,124.25833333333334,94.05643735686914
29033,Carroll,Missouri,46,106.81833333333334,61.94822169017409
29035,Carter,Missouri,47,204.235,121.03365377731198
29037,Cass,Missouri,46,42.135,24.389995793584212
29039,Cedar,Missouri,46,160.245,98.25256563586159
29041,Chariton,Missouri,45,93.41499999999999,49.74133061368487
29043,Christian,Missouri,45,208.585,141.43102075590608
29045,Clark,Missouri,22,121.645,86.79265208212243
29047,Clay,Missouri,46,23.971666666666668,12.420473079318402
29049,Clinton,Missouri,46,67.57833333333333,37.523886248749925
29051,Cole,Missouri,45,40.931666666666665,27.250225454661233
29053,Cooper,Missouri,45,43.88,23.895587421623727
29055,Crawford,Missouri,47,105.94,70.36451355255407
29057,Dade,Missouri,46,182.48999999999998,122.26388427157944
29059,Dallas,Missouri,45,156.54666666666665,97.92831015633263
29061,Daviess,Missouri,46,91.885,67.01907236996335
29063,DeKalb,Missouri,46,78.395,52.594054812883485
29065,Dent,Missouri,45,153.775,99.78269332638205
29067,Douglas,Missouri,45,231.565,138.78526229823686
29069,Dunklin,Missouri,85,136.96166666666667,81.86139543969182
29071,Franklin,Missouri,47,59.99166666666667,43.10907209041478
29073,Gasconade,Missouri,47,99.66499999999999,68.77202342615531
29075,Gentry,Missouri,46,134.085,77.7541710082017
29077,Greene,Missouri,46,197.72333333333333,147.70020990358222
29079,Grundy,Missouri,46,117.23333333333333,87.10656179031965
29081,Harrison,Missouri,46,111.26166666666667,90.42334503694511
29083,Henry,Missouri,46,91.145,65.64813370882739
29085,Hickory,Missouri,45,152.54166666666666,89.20718898879252
29087,Holt,Missouri,46,97.7,76.3838608302196
29089,Howard,Missouri,45,45.61833333333333,24.518264182258957
29091,Howell,Missouri,85,235.48,153.79971184861193
29093,Iron,Missouri,47,142.53833333333333,76.68061867085294
29095,Jackson,Missouri,46,18.703333333333333,8.706059270758121
29097,Jasper,Missouri,46,164.715,135.2144081976759
29099,Jefferson,Missouri,47,42.75833333333333,23.321138454795864
29101,Johnson,Missouri,46,76.50500000000001,48.782895192500725
29103,Knox,Missouri,45,144.0883333333333,84.64294093318235
29105,Laclede,Missouri,45,132.23666666666665,89.35536130477969
29107,Lafayette,Missouri,46,61.080000000000005,39.40141301205865
29109,Lawrence,Missouri,46,206.59333333333333,147.72097259155518
29111,Lewis,Missouri,22,153.38333333333333,108.81595262613175
29113,Lincoln,Missouri,48,73.69666666666667,43.75013993174467
29115,Linn,Missouri,45,115.63833333333334,71.25149839090747
29117,Livingston,Missouri,46,108.29666666666667,73.57732218017802
29119,McDonald,Missouri,46,217.48333333333332,170.82779505527256
29121,Macon,Missouri,45,83.37833333333333,60.0999967560429
29123,Madison,Missouri,47,107.28999999999999,74.91731134708417
29125,Maries,Missouri,45,96.97333333333333,58.36568983067625
29127,Marion,Missouri,45,125.79166666666667,72.50260565872271
29129,Mercer,Missouri,46,143.30166666666668,106.11712592146924
29131,Miller,Missouri,45,81,48.7370699476792
29133,Mississippi,Missouri,85,169.50333333333336,124.18572198329332
29135,Moniteau,Missouri,45,63.19166666666667,26.251135575851094
29137,Monroe,Missouri,45,90.89,44.98366755894561
29139,Montgomery,Missouri,45,63.68666666666666,46.340475077161315
29141,Morgan,Missouri,45,92.45666666666666,47.49540320030774
29143,New Madrid,Missouri,85,142.88,103.92515861891611
29145,Newton,Missouri,46,182.97666666666666,149.64440227461307
29147,Nodaway,Missouri,46,113.36,89.01158918293216
29149,Oregon,Missouri,85,200.275,130.03733836113716
29151,Osage,Missouri,45,71.78666666666666,41.082164568065615
29153,Ozark,Missouri,2,249.57666666666668,129.45577652768947
29155,Pemiscot,Missouri,85,97.24499999999999,73.6026264277177
29157,Perry,Missouri,47,100.22666666666667,66.1006808655141
29159,Pettis,Missouri,45,82.04333333333334,52.03662573921198
29161,Phelps,Missouri,45,118.48,75.59040288984373
29163,Pike,Missouri,48,110.23666666666666,69.65766102229952
29165,Platte,Missouri,46,25.666666666666668,13.499917195596149
29167,Polk,Missouri,46,162.97333333333333,120.45963704988455
29169,Pulaski,Missouri,45,132.26666666666668,77.53258785394706
29171,Putnam,Missouri,45,172.27166666666665,112.30521174515853
29173,Ralls,Missouri,45,113.96666666666667,63.93509516748236
29175,Randolph,Missouri,45,51.49333333333333,33.538031010440655
29177,Ray,Missouri,46,64.37166666666667,32.58006224780889
29179,Reynolds,Missouri,47,164.86833333333334,97.8814700241738
29181,Ripley,Missouri,85,181.335,111.17993293842086
29183,St. Charles,Missouri,48,45.37166666666667,24.150140429872703
29185,St. Clair,Missouri,46,123.06,83.3971547434928
29186,Ste. Genevieve,Missouri,47,74.66333333333334,47.275857645195245
29187,St. Francois,Missouri,47,78.69,56.12847871933974
29189,St. Louis,Missouri,48,13.758333333333333,6.855270139095324
29195,Saline,Missouri,45,73.74666666666667,48.37410594194412
29197,Schuyler,Missouri,45,141.42833333333334,105.79967695473304
29199,Scotland,Missouri,22,161.49666666666664,89.5897257790793
29201,Scott,Missouri,47,165.19500000000002,116.76631045658975
29203,Shannon,Missouri,45,228.36166666666668,138.03396752487444
29205,Shelby,Missouri,45,112.67833333333333,58.51188830063189
29207,Stoddard,Missouri,85,187.16,118.02664797361194
29209,Stone,Missouri,45,246.42000000000002,164.5040186354638
29211,Sullivan,Missouri,45,159.50166666666667,97.35603467694382
29213,Taney,Missouri,2,238.29500000000002,140.50920506543852
29215,Texas,Missouri,45,175.925,112.81525541842603
29217,Vernon,Missouri,46,107.09166666666667,87.12029771042705
29219,Warren,Missouri,48,76.25333333333333,46.30840480890427
29221,Washington,Missouri,47,100.22166666666666,54.94793158027074
29223,Wayne,Missouri,47,164.82666666666668,105.7350111924039
29225,Webster,Missouri,45,178.92333333333332,119.89345169532592
29227,Worth,Missouri,46,164.77,96.86330865369315
29229,Wright,Missouri,45,202.93666666666667,120.65845811805087
29510,St. Louis,Missouri,47,4.885000000000001,0.8503074696609686
30001,Beaverhead,Montana,92,364.6616666666667,310.9428646719336
30003,Big Horn,Montana,12,528.5833333333334,424.53140605189134
30005,Blaine,Montana,92,772.2483333333333,549.1430944819767
30007,Broadwater,Montana,92,532.325,381.2069155488387
30009,Carbon,Montana,92,608.8033333333333,343.9034380888388
30011,Carter,Montana,12,673.3816666666667,410.9865436709078
30013,Cascade,Montana,92,561.2833333333333,465.26422476493815
30015,Chouteau,Montana,92,643.485,502.1782913073818
30017,Custer,Montana,12,597.69,462.66278725517634
30019,Daniels,Montana,43,836.6066666666667,632.5544517610285
30021,Dawson,Montana,43,649.4599999999999,571.5206098750386
30023,Deer Lodge,Montana,92,427.6616666666667,375.0620819256684
30025,Fallon,Montana,12,666.9983333333333,457.9470904453687
30027,Fergus,Montana,92,663.8766666666667,453.1762628070922
30029,Flathead,Montana,96,613.3483333333334,373.5889766613173
30031,Gallatin,Montana,92,451.2183333333333,341.42206597855613
30033,Garfield,Montana,12,723.6133333333333,533.3093523293375
30035,Glacier,Montana,92,697.9150000000001,543.2503476359899
30037,Golden Valley,Montana,92,644.4333333333333,405.48218170565053
30039,Granite,Montana,92,521.6166666666667,399.1747855137279
30041,Hill,Montana,92,686.635,544.5415891298393
30043,Jefferson,Montana,92,482.31,380.1557861395157
30045,Judith Basin,Montana,92,635.2800000000001,444.8162417351918
30047,Lake,Montana,96,562.9033333333333,380.9533586702778
30049,Lewis and Clark,Montana,92,482.595,406.24578962654846
30051,Liberty,Montana,92,681.575,538.4494871448197
30053,Lincoln,Montana,96,714.9599999999999,323.4717641648155
30055,McCone,Montana,43,726.0166666666667,618.3575709676838
30057,Madison,Montana,92,583.9433333333333,321.3522333022136
30059,Meagher,Montana,92,543.6166666666667,400.9199707497958
30061,Mineral,Montana,96,471.6316666666667,347.9834763351513
30063,Missoula,Montana,92,517.2366666666667,435.7393392830993
30065,Musselshell,Montana,12,639.37,496.4979926896605
30067,Park,Montana,92,497.57166666666666,339.94217257146454
30069,Petroleum,Montana,12,682.675,531.6174004171259
30071,Phillips,Montana,92,789.16,560.0204539626671
30073,Pondera,Montana,92,643.5333333333333,514.5040415132062
30075,Powder River,Montana,12,513.11,395.1228968645989
30077,Powell,Montana,92,462.88666666666666,395.289765788187
30079,Prairie,Montana,12,640.0533333333333,488.7266037486395
30081,Ravalli,Montana,92,547.7283333333332,402.6282556456568
30083,Richland,Montana,43,700.1,556.1130530829478
30085,Roosevelt,Montana,43,772.895,608.9297469140066
30087,Rosebud,Montana,12,571.5783333333333,434.9418416763517
30089,Sanders,Montana,96,508.275,331.90502565688575
30091,Sheridan,Montana,43,775.5316666666666,591.4203719697923
30093,Silver Bow,Montana,92,412.935,362.2498689026401
30095,Stillwater,Montana,92,563.39,359.51332915445397
30097,Sweet Grass,Montana,92,519.6916666666667,362.7353188502749
30099,Teton,Montana,92,607.7766666666666,483.3491839112098
30101,Toole,Montana,92,641.5166666666667,539.5953184883523
30103,Treasure,Montana,12,586.2366666666666,465.5005093148718
30105,Valley,Montana,43,830.5333333333333,669.7856292311615
30107,Wheatland,Montana,92,589.8083333333333,405.2687862322686
30109,Wibaux,Montana,43,612.6883333333334,543.5692396143361
30111,Yellowstone,Montana,12,564.6816666666667,458.03365268637236
31001,Adams,Nebraska,54,174.78333333333333,135.43766927495767
31003,Antelope,Nebraska,54,180.355,123.75517741345438
31005,Arthur,Nebraska,12,265.175,208.1256246460575
31007,Banner,Nebraska,12,207.62833333333336,138.39102746813978
31009,Blaine,Nebraska,54,292.4166666666667,213.3906961389076
31011,Boone,Nebraska,54,156.29833333333332,109.42768786464055
31013,Box Butte,Nebraska,12,288,193.66747372862756
31015,Boyd,Nebraska,54,265.2583333333333,181.55301307702263
31017,Brown,Nebraska,54,305.7583333333333,218.1150212594321
31019,Buffalo,Nebraska,54,198.94166666666666,165.34585563608496
31021,Burt,Nebraska,54,76.65333333333334,45.05880216841945
31023,Butler,Nebraska,54,90.64333333333335,60.50909818396994
31025,Cass,Nebraska,54,47.345,21.593629295437523
31027,Cedar,Nebraska,54,169.66,112.37887529644023
31029,Chase,Nebraska,12,251.66833333333335,177.59006645995265
31031,Cherry,Nebraska,54,374.9616666666667,266.85648996416154
31033,Cheyenne,Nebraska,12,200.03,138.39465350585985
31035,Clay,Nebraska,54,157.39,117.73134764319151
31037,Colfax,Nebraska,54,90.24666666666667,59.76755562735168
31039,Cuming,Nebraska,54,88.97166666666666,59.982144976888186
31041,Custer,Nebraska,54,251.19833333333332,192.06951123831377
31043,Dakota,Nebraska,54,114.58500000000001,85.70476880540504
31045,Dawes,Nebraska,12,343.93333333333334,229.4632011315381
31047,Dawson,Nebraska,54,238.93833333333333,204.31604231520902
31049,Deuel,Nebraska,12,206.02166666666665,161.1582618447514
31051,Dixon,Nebraska,54,140.21666666666667,92.60984951399165
31053,Dodge,Nebraska,54,50.875,32.27449040269047
31055,Douglas,Nebraska,54,14.28,4.841509972488324
31057,Dundy,Nebraska,12,241.79666666666665,173.25314490276645
31059,Fillmore,Nebraska,54,134.475,97.16944717604525
31061,Franklin,Nebraska,54,226.15,172.5246247387719
31063,Frontier,Nebraska,54,285.68666666666667,235.05496545649626
31065,Furnas,Nebraska,54,273.8016666666666,218.41120659880195
31067,Gage,Nebraska,54,113.36999999999999,77.56693230391923
31069,Garden,Nebraska,12,237.52833333333334,175.95752246809047
31071,Garfield,Nebraska,54,230.27666666666667,166.12389682905354
31073,Gosper,Nebraska,54,246.52833333333334,206.0844358246731
31075,Grant,Nebraska,12,300.7816666666667,223.46811208204136
31077,Greeley,Nebraska,54,188.855,132.35537085142047
31079,Hall,Nebraska,54,161.52833333333334,127.19864029919346
31081,Hamilton,Nebraska,54,140.87333333333333,109.69492959136917
31083,Harlan,Nebraska,54,253.52,195.3003568075952
31085,Hayes,Nebraska,12,304.2066666666667,206.83158918616792
31087,Hitchcock,Nebraska,12,280.60833333333335,205.47266998722233
31089,Holt,Nebraska,54,231.63166666666666,164.94177504480282
31091,Hooker,Nebraska,12,348.24,252.30211986306514
31093,Howard,Nebraska,54,173.75333333333336,130.65826149891137
31095,Jefferson,Nebraska,54,143.43333333333334,96.96315755117014
31097,Johnson,Nebraska,54,91.68,60.444186442856584
31099,Kearney,Nebraska,54,202.35,165.76277366055675
31101,Keith,Nebraska,12,224.25333333333336,191.18058046883434
31103,Keya Paha,Nebraska,54,319.4566666666667,221.89004958806976
31105,Kimball,Nebraska,12,177.65166666666667,119.93559871208913
31107,Knox,Nebraska,54,203.92999999999998,132.51189220859487
31109,Lancaster,Nebraska,54,69.07166666666667,47.98572381564388
31111,Lincoln,Nebraska,12,274.01500000000004,233.1217414268896
31113,Logan,Nebraska,12,311.90166666666664,257.4001804607614
31115,Loup,Nebraska,54,257.6333333333333,182.27189109986628
31117,McPherson,Nebraska,12,308.99666666666667,236.86776056963924
31119,Madison,Nebraska,54,141.72666666666666,92.58306428506194
31121,Merrick,Nebraska,54,146.65333333333334,107.46203339361207
31123,Morrill,Nebraska,12,254.04,161.61728149957628
31125,Nance,Nebraska,54,145.14166666666668,100.1131334901555
31127,Nemaha,Nebraska,54,81.86333333333333,59.38288852048454
31129,Nuckolls,Nebraska,54,194.96833333333333,134.68331967967623
31131,Otoe,Nebraska,54,71.36166666666666,40.48955466264671
31133,Pawnee,Nebraska,54,109.405,78.2226102989404
31135,Perkins,Nebraska,12,245.12166666666664,183.17843958482453
31137,Phelps,Nebraska,54,227.2,187.2037138757126
31139,Pierce,Nebraska,54,161.49833333333333,108.36001921148132
31141,Platte,Nebraska,54,109.63000000000001,74.49964099009944
31143,Polk,Nebraska,54,114.39166666666667,82.3017774790352
31145,Red Willow,Nebraska,12,309.62166666666667,227.03177783325555
31147,Richardson,Nebraska,54,118.54333333333334,81.42491581649533
31149,Rock,Nebraska,54,287.05333333333334,201.64619143043421
31151,Saline,Nebraska,54,103.945,71.61526692034336
31153,Sarpy,Nebraska,54,20.223333333333336,7.867360332424724
31155,Saunders,Nebraska,54,52.736666666666665,30.582122540444864
31157,Scotts Bluff,Nebraska,12,231.47833333333335,158.58293811398087
31159,Seward,Nebraska,54,89.32666666666667,64.23495931588316
31161,Sheridan,Nebraska,12,361.72166666666664,240.50514872985016
31163,Sherman,Nebraska,54,208.10666666666665,155.43342728096994
31165,Sioux,Nebraska,12,272.16833333333335,191.4322396694104
31167,Stanton,Nebraska,54,128.045,83.07871803566748
31169,Thayer,Nebraska,54,165.975,114.06839218082631
31171,Thomas,Nebraska,54,331.73499999999996,242.066662424763
31173,Thurston,Nebraska,54,109.96666666666667,68.68590916321803
31175,Valley,Nebraska,54,222.35833333333332,155.55479705838732
31177,Washington,Nebraska,54,34.45333333333333,19.600582674319302
31179,Wayne,Nebraska,54,132.505,87.03338389840019
31181,Webster,Nebraska,54,214.72833333333335,150.4078158920627
31183,Wheeler,Nebraska,54,202.75,139.72232964392649
31185,York,Nebraska,54,117.60166666666667,89.03025170181166
32001,Churchill,Nevada,4,230.20499999999998,156.14483345644248
32003,Clark,Nevada,6,252.04500000000002,187.383185965442
32005,Douglas,Nevada,4,165.79833333333332,95.54964114980613
32007,Elko,Nevada,92,310.2033333333333,193.43372004766022
32009,Esmeralda,Nevada,4,434.93833333333333,213.72092858794014
32011,Eureka,Nevada,92,364.9066666666667,237.06920716251685
32013,Humboldt,Nevada,4,334.44666666666666,260.2349442988158
32015,Lander,Nevada,92,337.37333333333333,268.6922137537157
32017,Lincoln,Nevada,92,441.86333333333334,258.6942626677892
32019,Lyon,Nevada,4,232.11666666666667,126.92216536641298
32021,Mineral,Nevada,4,324.9483333333334,151.74932948760608
32023,Nye,Nevada,6,329.4,175.4918463844305
32027,Pershing,Nevada,4,266.57,208.63894230035015
32029,Storey,Nevada,4,194.04333333333335,114.01829827195763
32031,Washoe,Nevada,4,158.37166666666664,111.87883175510173
32033,White Pine,Nevada,92,273.6433333333333,190.90042015294526
32510,Carson City,Nevada,4,181.24666666666664,100.69182817886865
33001,Belknap,New Hampshire,55,113.91666666666667,44.40620322710067
33003,Carroll,New Hampshire,55,147.84166666666667,56.167816128601416
33005,Cheshire,New Hampshire,38,81.07833333333333,49.77800884632305
33007,Coos,New Hampshire,55,153.04333333333335,73.6617108754854
33009,Grafton,New Hampshire,55,74.60666666666665,18.679140379316134
33011,Hillsborough,New Hampshire,37,76.98333333333333,43.68100558598654
33013,Merrimack,New Hampshire,55,84.16000000000001,47.6093695320695
33015,Rockingham,New Hampshire,37,72.675,40.64708046976168
33017,Strafford,New Hampshire,37,111.86833333333334,62.15054390242834
33019,Sullivan,New Hampshire,55,46.01,23.48981660123017
34001,Atlantic,New Jersey,79,67.555,47.12912547601625
34003,Bergen,New Jersey,64,16.308333333333334,7.857044790913637
34005,Burlington,New Jersey,79,30.43,17.175639058017413
34007,Camden,New Jersey,79,21.283333333333335,9.128466098620997
34009,Cape May,New Jersey,79,99.86333333333333,61.7457746060089
34011,Cumberland,New Jersey,79,62.25666666666667,35.89602304302825
34013,Essex,New Jersey,56,6.885000000000001,2.432551406321616
34015,Gloucester,New Jersey,79,25.876666666666665,13.883690411345963
34017,Hudson,New Jersey,56,16.131666666666668,6.737622958656578
34019,Hunterdon,New Jersey,56,67.68666666666667,38.7394915107569
34021,Mercer,New Jersey,120,40.781666666666666,22.628178298082215
34023,Middlesex,New Jersey,56,45.05333333333333,20.424154421559088
34025,Monmouth,New Jersey,56,60.14833333333333,30.999044726066945
34027,Morris,New Jersey,56,34.015,18.23506996217803
34029,Ocean,New Jersey,120,91.015,44.02446445429492
34031,Passaic,New Jersey,56,23.709999999999997,12.801692227301658
34033,Salem,New Jersey,79,53.095,25.099374222053907
34035,Somerset,New Jersey,56,43.875,23.810521971193356
34037,Sussex,New Jersey,56,54.46,34.36721048148783
34039,Union,New Jersey,56,14.565,7.714877427868823
34041,Warren,New Jersey,56,78.26166666666667,43.33451777340345
35001,Bernalillo,New Mexico,106,345.93666666666667,288.8265526070216
35003,Catron,New Mexico,3,384.97166666666664,183.26607346269145
35005,Chaves,New Mexico,106,221.69333333333333,151.54825786651998
35006,Cibola,New Mexico,106,452.7,353.47113656466314
35007,Colfax,New Mexico,12,267.5083333333333,210.65298267471636
35009,Curry,New Mexico,106,108.42333333333333,94.57853587262281
35011,De Baca,New Mexico,106,186.08666666666667,147.2800514243647
35013,DoÃ±a Ana,New Mexico,3,295.15333333333336,246.31464071358982
35015,Eddy,New Mexico,106,225.09166666666667,156.35421077632864
35017,Grant,New Mexico,3,224.52833333333334,161.7306686978251
35019,Guadalupe,New Mexico,106,249.60666666666665,188.00295369750313
35021,Harding,New Mexico,106,350.2316666666667,195.8118405797428
35023,Hidalgo,New Mexico,3,192.93166666666667,126.98685608525679
35025,Lea,New Mexico,106,127.9,94.6090484943839
35027,Lincoln,New Mexico,106,323.7366666666667,215.33116166943816
35028,Los Alamos,New Mexico,106,397.4866666666667,293.92064381474114
35029,Luna,New Mexico,3,231.19833333333332,187.15275239697164
35031,McKinley,New Mexico,3,419.03,262.0505427148155
35033,Mora,New Mexico,106,357.54,252.2402725825586
35035,Otero,New Mexico,3,386.21666666666664,290.41605498530436
35037,Quay,New Mexico,106,218.25333333333336,148.71833293549298
35039,Rio Arriba,New Mexico,106,420.1066666666667,303.4408158501542
35041,Roosevelt,New Mexico,106,119.87166666666667,92.13489768547915
35043,Sandoval,New Mexico,106,382.7433333333333,295.73299055221014
35045,San Juan,New Mexico,12,511.89500000000004,277.85947394933186
35047,San Miguel,New Mexico,106,310.22,237.44786824188898
35049,Santa Fe,New Mexico,106,350.93833333333333,272.69515176814195
35051,Sierra,New Mexico,3,364.8616666666667,221.23736749201674
35053,Socorro,New Mexico,3,439.85833333333335,265.5638032805856
35055,Taos,New Mexico,12,338.0883333333333,232.3985825604823
35057,Torrance,New Mexico,106,330.79833333333335,255.83390499668636
35059,Union,New Mexico,106,288.475,213.22100014515686
35061,Valencia,New Mexico,106,382.665,287.1880448211266
36001,Albany,New York,58,10.99,2.6742214808137668
36003,Allegany,New York,60,102.91833333333334,55.52949928808153
36005,Bronx,New York,114,7.455,1.520863441740283
36007,Broome,New York,69,90.73166666666665,64.37073299815417
36009,Cattaraugus,New York,60,78.77333333333333,42.62641098860073
36011,Cayuga,New York,69,38.891666666666666,22.486650578943784
36013,Chautauqua,New York,60,80.36333333333333,50.07274405732065
36015,Chemung,New York,69,120.50333333333333,72.26576971635906
36017,Chenango,New York,69,100.69333333333334,48.24830744947541
36019,Clinton,New York,55,178.82666666666668,94.01155388923944
36021,Columbia,New York,58,54.35166666666667,26.572385895905555
36023,Cortland,New York,69,43.40833333333333,30.750675858287764
36025,Delaware,New York,58,142.16,68.21900204064445
36027,Dutchess,New York,70,73.99499999999999,40.96202940872429
36029,Erie,New York,60,15.111666666666668,4.831346058275034
36031,Essex,New York,58,151.56166666666667,104.85238093436158
36033,Franklin,New York,69,254.98,146.09657674468792
36035,Fulton,New York,58,68.62333333333332,39.69799150714849
36037,Genesee,New York,67,46.973333333333336,28.9909934569136
36039,Greene,New York,58,59.23166666666667,26.58968530723344
36041,Hamilton,New York,58,139.69333333333333,73.12710782896119
36043,Herkimer,New York,69,90.11999999999999,57.745963769365474
36045,Jefferson,New York,69,90.08999999999999,68.75445484060921
36047,Kings,New York,59,2.6666666666666665,0.5943249476572645
36049,Lewis,New York,69,124.45333333333333,62.188116556471215
36051,Livingston,New York,67,47.065000000000005,25.55242255511768
36053,Madison,New York,69,51.96,21.439897611914148
36055,Monroe,New York,67,8.879999999999999,2.515995269779659
36057,Montgomery,New York,58,56.305,34.73423200467342
36059,Nassau,New York,61,2.185,0.3166814938440715
36061,New York,New York,66,4.22,1.0243629135258179
36063,Niagara,New York,60,43.626666666666665,21.573751372019107
36065,Oneida,New York,69,58.64666666666667,40.12787257702077
36067,Onondaga,New York,69,7.411666666666666,2.4114369960028963
36069,Ontario,New York,67,41.92833333333333,23.647672074084177
36071,Orange,New York,70,70.81666666666666,32.082928449475816
36073,Orleans,New York,67,49.038333333333334,31.49720376211607
36075,Oswego,New York,69,50.2,25.8312745517573
36077,Otsego,New York,58,113.555,65.62848165738012
36079,Putnam,New York,70,44.88166666666667,22.97029304012279
36081,Queens,New York,122,3.665,1.5390795960355539
36083,Rensselaer,New York,58,21.933333333333334,7.969290056065417
36085,Richmond,New York,59,26.76833333333333,11.05349036701961
36087,Rockland,New York,70,25.993333333333332,11.40765532558652
36089,St. Lawrence,New York,69,161.1,121.83641579046706
36091,Saratoga,New York,58,41.945,24.55468568432828
36093,Schenectady,New York,58,27.44,13.83522005256522
36095,Schoharie,New York,58,69.27833333333334,33.56839994773255
36097,Schuyler,New York,67,109.31666666666666,63.585298543790074
36099,Seneca,New York,69,69.65333333333334,37.84128616559872
36101,Steuben,New York,67,108.70833333333333,61.3593018181866
36103,Suffolk,New York,68,16.555,5.899361189456794
36105,Sullivan,New York,70,107.725,62.559929021911024
36107,Tioga,New York,69,111.23,64.02734298198197
36109,Tompkins,New York,69,77.45833333333333,43.739528245761505
36111,Ulster,New York,58,84.145,58.41101692980952
36113,Warren,New York,58,74.53,51.25544585989738
36115,Washington,New York,58,84.11166666666666,46.76110516253596
36117,Wayne,New York,67,53.725,24.883741238915576
36119,Westchester,New York,70,8.99,3.2641901376033036
36121,Wyoming,New York,60,53.72166666666667,27.94848875703013
36123,Yates,New York,67,84.70666666666666,43.659307295350445
37001,Alamance,North Carolina,51,37.14833333333333,26.95459535052458
37003,Alexander,North Carolina,53,81.49,55.23738007213518
37005,Alleghany,North Carolina,53,91.71666666666667,55.48597457712673
37007,Anson,North Carolina,53,128.555,78.13294765192788
37009,Ashe,North Carolina,53,114.83999999999999,72.81424475656212
37011,Avery,North Carolina,53,156.05666666666667,94.89231255680275
37013,Beaufort,North Carolina,94,165.40333333333334,99.60430039050068
37015,Bertie,North Carolina,94,121.04333333333334,65.20438356369088
37017,Bladen,North Carolina,51,155.20833333333334,97.99565793840641
37019,Brunswick,North Carolina,83,203.495,132.24432446349633
37021,Buncombe,North Carolina,53,169.935,134.2602940282239
37023,Burke,North Carolina,53,102.97,82.43125123481333
37025,Cabarrus,North Carolina,53,69.65833333333333,53.14829755826255
37027,Caldwell,North Carolina,53,103.90833333333333,72.29254091210646
37029,Camden,North Carolina,94,67.41333333333334,34.43100160921956
37031,Carteret,North Carolina,51,206.97166666666666,147.84871109965476
37033,Caswell,North Carolina,51,61.36666666666667,35.99783854772632
37035,Catawba,North Carolina,53,77.69333333333334,62.81565140702544
37037,Chatham,North Carolina,50,30.326666666666664,13.670405997602783
37039,Cherokee,North Carolina,20,158.22833333333335,91.95907633291647
37041,Chowan,North Carolina,94,99.85666666666665,54.48814079037374
37043,Clay,North Carolina,20,152.75166666666667,90.76681658345395
37045,Cleveland,North Carolina,53,136.37,90.79874774809856
37047,Columbus,North Carolina,84,186,130.6732832714477
37049,Craven,North Carolina,51,172.06833333333333,124.7440888014212
37051,Cumberland,North Carolina,50,107.20166666666667,59.356154312580635
37053,Currituck,North Carolina,94,62.34,35.31075506058386
37055,Dare,North Carolina,94,138.78166666666667,73.67669060961657
37057,Davidson,North Carolina,53,34.915,16.877691243856074
37059,Davie,North Carolina,53,33.62833333333334,19.514034665114064
37061,Duplin,North Carolina,51,125.36833333333334,93.28147395524017
37063,Durham,North Carolina,51,6.235,2.4589133955312
37065,Edgecombe,North Carolina,51,109.69166666666666,72.02240067825093
37067,Forsyth,North Carolina,53,3.4949999999999997,1.0664424546765567
37069,Franklin,North Carolina,51,73.525,32.697211024189265
37071,Gaston,North Carolina,53,110.47666666666667,76.62249421129361
37073,Gates,North Carolina,94,73.19,35.45438344925297
37075,Graham,North Carolina,20,208.77666666666667,110.57347648282231
37077,Granville,North Carolina,51,41.83833333333334,21.62015203772804
37079,Greene,North Carolina,51,120.18666666666667,80.52517067364609
37081,Guilford,North Carolina,53,32.45,22.060800933109686
37083,Halifax,North Carolina,95,118.20666666666666,82.53721901635339
37085,Harnett,North Carolina,51,82.32666666666667,45.284625009307625
37087,Haywood,North Carolina,53,200.42000000000002,156.67438913754455
37089,Henderson,North Carolina,84,168.60333333333335,127.24014037330322
37091,Hertford,North Carolina,94,84.00833333333334,52.81218244306877
37093,Hoke,North Carolina,50,122.29833333333333,63.625381795005104
37095,Hyde,North Carolina,94,186.8,98.96954824781449
37097,Iredell,North Carolina,53,66.19166666666666,44.876993597064285
37099,Jackson,North Carolina,20,186.3383333333333,124.07484918750079
37101,Johnston,North Carolina,51,64.68166666666667,41.86953053689886
37103,Jones,North Carolina,51,172.165,111.70371977795385
37105,Lee,North Carolina,50,56.151666666666664,32.134341927304874
37107,Lenoir,North Carolina,51,126.05833333333334,89.53589815187571
37109,Lincoln,North Carolina,53,109.67,66.88934059307465
37111,McDowell,North Carolina,53,130.58333333333334,104.01194938966316
37113,Macon,North Carolina,20,161.15666666666667,108.47977674582248
37115,Madison,North Carolina,53,205.57666666666668,135.18127528221365
37117,Martin,North Carolina,94,141.05833333333334,83.87691743899514
37119,Mecklenburg,North Carolina,53,93.05166666666668,68.63811582825434
37121,Mitchell,North Carolina,53,174.44,105.14099190685216
37123,Montgomery,North Carolina,53,89.98833333333333,55.97346174397965
37125,Moore,North Carolina,50,95.78999999999999,51.175937083347634
37127,Nash,North Carolina,51,91.11666666666666,56.714345575686146
37129,New Hanover,North Carolina,51,176.855,137.82202008608874
37131,Northampton,North Carolina,95,111.78,75.96143245476974
37133,Onslow,North Carolina,51,183.65,123.22183807175138
37135,Orange,North Carolina,50,14.476666666666667,5.218222595621828
37137,Pamlico,North Carolina,51,196.43333333333334,136.322274798991
37139,Pasquotank,North Carolina,94,63.66,39.2664702721943
37141,Pender,North Carolina,51,188.32333333333332,124.85631450679757
37143,Perquimans,North Carolina,94,84.205,47.48453038530195
37145,Person,North Carolina,51,49.86333333333334,25.286069098888
37147,Pitt,North Carolina,51,128.195,92.03224366175762
37149,Polk,North Carolina,84,144.60833333333332,112.04950374337135
37151,Randolph,North Carolina,53,46.598333333333336,32.57709334448967
37153,Richmond,North Carolina,50,118.78999999999999,77.00436640974091
37155,Robeson,North Carolina,51,153.97333333333333,92.29591885496261
37157,Rockingham,North Carolina,53,59.19833333333334,33.27342050883916
37159,Rowan,North Carolina,53,51.306666666666665,36.691529000679516
37161,Rutherford,North Carolina,53,152.7,106.41701399914243
37163,Sampson,North Carolina,51,110.45333333333333,73.59391200182282
37165,Scotland,North Carolina,50,123.24666666666667,81.12265094118528
37167,Stanly,North Carolina,53,93.99166666666666,53.86126069896933
37169,Stokes,North Carolina,53,40.235,17.343972337884477
37171,Surry,North Carolina,53,49.72666666666667,32.60014506984453
37173,Swain,North Carolina,20,201.11666666666667,124.83509553472425
37175,Transylvania,North Carolina,84,204.66666666666666,132.14903767629278
37177,Tyrrell,North Carolina,94,128.10666666666665,66.78636145661669
37179,Union,North Carolina,53,113.78999999999999,78.30262204741287
37181,Vance,North Carolina,51,50.7,37.34962825516152
37183,Wake,North Carolina,51,32.035,20.52857459600317
37185,Warren,North Carolina,51,76.79166666666667,52.76071821196032
37187,Washington,North Carolina,94,122.95666666666666,71.64181462754183
37189,Watauga,North Carolina,53,114.575,81.06351732576135
37191,Wayne,North Carolina,51,103.27666666666667,69.03459979601737
37193,Wilkes,North Carolina,53,73.49,50.251064735089194
37195,Wilson,North Carolina,51,88.155,59.41303437959041
37197,Yadkin,North Carolina,53,38.55,24.602894144048587
37199,Yancey,North Carolina,53,186.42666666666668,115.56575270763207
38001,Adams,North Dakota,43,618.5066666666667,460.3210367942642
38003,Barnes,North Dakota,43,325.775,267.08750651854496
38005,Benson,North Dakota,43,479.09166666666664,351.4095003289781
38007,Billings,North Dakota,43,597.8166666666667,503.1761973284984
38009,Bottineau,North Dakota,43,572.0516666666666,438.7598223708233
38011,Bowman,North Dakota,12,605.3866666666667,450.0709642158437
38013,Burke,North Dakota,43,679.67,511.15344346017616
38015,Burleigh,North Dakota,43,450.06,383.77733785279764
38017,Cass,North Dakota,43,268.40833333333336,217.69236776545085
38019,Cavalier,North Dakota,43,482.9616666666667,357.8266644774463
38021,Dickey,North Dakota,43,374.8333333333333,257.89617768392
38023,Divide,North Dakota,43,714.9133333333334,547.2534499191721
38025,Dunn,North Dakota,43,591.9483333333334,478.56032190030936
38027,Eddy,North Dakota,43,437.56166666666667,335.8200002675295
38029,Emmons,North Dakota,43,477.0516666666666,349.2828498163152
38031,Foster,North Dakota,43,415,326.1380441392593
38033,Golden Valley,North Dakota,43,612.6,531.8076693438281
38035,Grand Forks,North Dakota,43,345.77166666666665,274.14961172154955
38037,Grant,North Dakota,43,539.9616666666667,420.62558169202254
38039,Griggs,North Dakota,43,374.955,292.1495722018346
38041,Hettinger,North Dakota,43,612.7116666666666,461.38863268016377
38043,Kidder,North Dakota,43,419.34833333333336,342.8931109451755
38045,LaMoure,North Dakota,43,383.9216666666667,274.18326538631595
38047,Logan,North Dakota,43,439.3016666666666,322.45276995992083
38049,McHenry,North Dakota,43,565.9050000000001,417.97019170342725
38051,McIntosh,North Dakota,43,453.7966666666667,313.46431416112966
38053,McKenzie,North Dakota,43,646.5,515.7371205376671
38055,McLean,North Dakota,43,515.8,420.4598911972363
38057,Mercer,North Dakota,43,533.6866666666667,436.4345593121304
38059,Morton,North Dakota,43,468.2433333333333,393.9904896241508
38061,Mountrail,North Dakota,43,629.4683333333334,486.2724583918861
38063,Nelson,North Dakota,43,421.74,312.16094278442574
38065,Oliver,North Dakota,43,499.6716666666667,414.4705184448331
38067,Pembina,North Dakota,43,424.77833333333336,334.0493281443323
38069,Pierce,North Dakota,43,507.545,395.1734117133313
38071,Ramsey,North Dakota,43,440.885,344.0331401615633
38073,Ransom,North Dakota,43,333.705,237.13262561488216
38075,Renville,North Dakota,43,628.5533333333333,468.5674676513381
38077,Richland,North Dakota,43,251.09833333333333,192.67533229847092
38079,Rolette,North Dakota,43,557.3066666666667,409.49714767984295
38081,Sargent,North Dakota,43,323.5383333333333,226.22091684269665
38083,Sheridan,North Dakota,43,519.9783333333334,383.875937508628
38085,Sioux,North Dakota,43,546.0166666666667,371.6657002432964
38087,Slope,North Dakota,43,623.55,501.1698611533893
38089,Stark,North Dakota,43,545.075,477.3671876802512
38091,Steele,North Dakota,43,368.22333333333336,275.9693886230075
38093,Stutsman,North Dakota,43,361.3366666666667,296.6800585435438
38095,Towner,North Dakota,43,514.595,377.44185007407674
38097,Traill,North Dakota,43,321.8066666666667,258.00868338945867
38099,Walsh,North Dakota,43,403.3016666666666,312.7021215486352
38101,Ward,North Dakota,43,568.75,445.5690893878142
38103,Wells,North Dakota,43,468.35333333333335,363.5978336909168
38105,Williams,North Dakota,43,700.2366666666666,539.0797511530951
39001,Adams,Ohio,71,95.99499999999999,56.523090355350256
39003,Allen,Ohio,117,87.47,68.40565054746465
39005,Ashland,Ohio,72,84.32,56.60758695169633
39007,Ashtabula,Ohio,72,71.99,48.26475384718218
39009,Athens,Ohio,73,92.86333333333333,66.32426912133806
39011,Auglaize,Ohio,117,78.77333333333333,53.6703981484215
39013,Belmont,Ohio,80,99.61999999999999,56.35890311530039
39015,Brown,Ohio,71,67.25666666666667,35.27442589002855
39017,Butler,Ohio,71,38.18833333333334,18.731250483006487
39019,Carroll,Ohio,80,110.34833333333333,61.59742868783901
39021,Champaign,Ohio,117,51.151666666666664,33.934082892137866
39023,Clark,Ohio,117,31.795,22.538982953211526
39025,Clermont,Ohio,71,35.483333333333334,15.746736233352602
39027,Clinton,Ohio,117,59.068333333333335,31.273824908499723
39029,Columbiana,Ohio,80,87.00166666666668,46.57910657409319
39031,Coshocton,Ohio,73,94.695,64.1791187453033
39033,Crawford,Ohio,73,89.66000000000001,55.86918854851091
39035,Cuyahoga,Ohio,72,14.996666666666666,4.827112384222813
39037,Darke,Ohio,117,44.02333333333333,32.114562231920694
39039,Defiance,Ohio,41,119.92666666666668,77.65547437136692
39041,Delaware,Ohio,73,29.834999999999997,15.100002864419832
39043,Erie,Ohio,72,73.30333333333333,52.58099035437176
39045,Fairfield,Ohio,73,39.538333333333334,22.599013267864713
39047,Fayette,Ohio,73,62.19166666666667,38.35162320441401
39049,Franklin,Ohio,73,4.885000000000001,1.2669359791329085
39051,Fulton,Ohio,41,91.20666666666666,52.15236272225701
39053,Gallia,Ohio,73,135.85,89.53288434247311
39055,Geauga,Ohio,103,48.788333333333334,20.702129563850104
39057,Greene,Ohio,117,23.908333333333335,11.33905817226521
39059,Guernsey,Ohio,73,103.19666666666667,77.95523263623001
39061,Hamilton,Ohio,71,9.431666666666667,2.878424659403592
39063,Hancock,Ohio,41,109.26333333333334,85.96626488111617
39065,Hardin,Ohio,73,93.29166666666667,59.081746763452365
39067,Harrison,Ohio,80,91.72,58.173104006528085
39069,Henry,Ohio,41,103.53333333333333,66.17188401771095
39071,Highland,Ohio,117,86.95333333333333,50.399001915658786
39073,Hocking,Ohio,73,65.34666666666666,44.215040225562106
39075,Holmes,Ohio,72,114.77833333333334,65.9264871814985
39077,Huron,Ohio,72,91.03,56.27352762770005
39079,Jackson,Ohio,73,105.15,69.67141307779515
39081,Jefferson,Ohio,80,67.14333333333333,38.803090142387084
39083,Knox,Ohio,73,73.14666666666668,40.730449734966776
39085,Lake,Ohio,72,36.02166666666667,19.95378270560636
39087,Lawrence,Ohio,30,162.525,111.49855578787322
39089,Licking,Ohio,73,42.730000000000004,26.3747600915841
39091,Logan,Ohio,73,72.61833333333334,48.331597263341116
39093,Lorain,Ohio,72,46.695,26.521305442186936
39095,Lucas,Ohio,41,62.34166666666667,43.83359115784288
39097,Madison,Ohio,73,36.40833333333333,19.887653975774956
39099,Mahoning,Ohio,80,88.815,56.84132712482338
39101,Marion,Ohio,73,67.805,41.00310109280409
39103,Medina,Ohio,72,49.04333333333333,27.279753841720943
39105,Meigs,Ohio,73,123.17,83.78143986786604
39107,Mercer,Ohio,117,86.52,55.809560361517875
39109,Miami,Ohio,117,28.46833333333333,18.76708820329672
39111,Monroe,Ohio,99,137.355,59.29590606928687
39113,Montgomery,Ohio,117,6.255,1.7262300837984157
39115,Morgan,Ohio,73,118.33166666666666,66.35477277934208
39117,Morrow,Ohio,73,53.85333333333333,38.00563389083785
39119,Muskingum,Ohio,73,72.30833333333334,53.93074211040657
39121,Noble,Ohio,73,125.28833333333334,82.42550067390326
39123,Ottawa,Ohio,109,101.44,49.4072730801968
39125,Paulding,Ohio,41,136.17333333333332,90.96916218778165
39127,Perry,Ohio,73,73.95166666666667,44.303152559978194
39129,Pickaway,Ohio,73,43.36,22.404475031370698
39131,Pike,Ohio,73,98.86166666666666,62.93510830824328
39133,Portage,Ohio,103,52.94166666666667,28.615971550102945
39135,Preble,Ohio,117,37.49,22.501937686333296
39137,Putnam,Ohio,117,116.7,85.74661111442224
39139,Richland,Ohio,73,81.52333333333333,58.55774866812586
39141,Ross,Ohio,73,76.57666666666667,45.135821216331536
39143,Sandusky,Ohio,109,100.16833333333334,62.32862264185537
39145,Scioto,Ohio,73,131.54166666666666,83.96367439900541
39147,Seneca,Ohio,73,120.78833333333334,78.88977976969093
39149,Shelby,Ohio,117,51.190000000000005,38.03893419182741
39151,Stark,Ohio,103,78.91666666666667,47.58114651555198
39153,Summit,Ohio,103,53.943333333333335,27.366341928839187
39155,Trumbull,Ohio,103,87.21666666666667,48.289443478506236
39157,Tuscarawas,Ohio,103,109.94833333333332,71.07989567602118
39159,Union,Ohio,73,39.156666666666666,24.031140564540987
39161,Van Wert,Ohio,117,114.36,77.51161094154207
39163,Vinton,Ohio,73,103.46833333333333,58.73604362064272
39165,Warren,Ohio,117,40.235,23.990395186371806
39167,Washington,Ohio,73,154.79500000000002,89.25485328179039
39169,Wayne,Ohio,103,77.17333333333333,47.76002427957734
39171,Williams,Ohio,41,119.52166666666668,67.56445258242566
39173,Wood,Ohio,41,75.59333333333333,57.57446304207587
39175,Wyandot,Ohio,73,92.08500000000001,62.021722337140176
40001,Adair,Oklahoma,74,211.79833333333332,163.13229343227152
40003,Alfalfa,Oklahoma,74,165.06833333333333,93.38062487915894
40005,Atoka,Oklahoma,87,141.98833333333332,113.16782342253285
40007,Beaver,Oklahoma,74,323.5383333333333,198.38203955346296
40009,Beckham,Oklahoma,74,131.16833333333335,113.58632036366076
40011,Blaine,Oklahoma,74,84.19666666666667,59.185270995560565
40013,Bryan,Oklahoma,87,106.875,84.80491453656244
40015,Caddo,Oklahoma,74,108.815,51.82611168699356
40017,Canadian,Oklahoma,74,24.533333333333335,15.060664986749087
40019,Carter,Oklahoma,74,107.81666666666666,90.79714822435899
40021,Cherokee,Oklahoma,74,187.52166666666665,143.47223765040926
40023,Choctaw,Oklahoma,87,155.08333333333334,112.50003105018583
40025,Cimarron,Oklahoma,106,258.0466666666667,219.70924278264414
40027,Cleveland,Oklahoma,74,25.626666666666665,14.819612816526037
40029,Coal,Oklahoma,74,143.51833333333335,94.44300573644655
40031,Comanche,Oklahoma,74,93.47333333333333,78.33068135998575
40033,Cotton,Oklahoma,74,132.37333333333333,93.45215762101483
40035,Craig,Oklahoma,74,183.93666666666667,154.92100696996673
40037,Creek,Oklahoma,74,94.15,79.17612154820657
40039,Custer,Oklahoma,74,101.08,74.93207115695006
40041,Delaware,Oklahoma,74,211.69166666666666,165.98552717263226
40043,Dewey,Oklahoma,74,155.86499999999998,96.88658689628205
40045,Ellis,Oklahoma,74,196.45499999999998,139.03749122463506
40047,Garfield,Oklahoma,74,109.54166666666667,67.03601993163976
40049,Garvin,Oklahoma,74,67.40666666666667,52.65897718625615
40051,Grady,Oklahoma,74,48.52333333333333,32.222199890385866
40053,Grant,Oklahoma,74,136.06,89.88150310458057
40055,Greer,Oklahoma,74,175.17166666666665,117.69871862884135
40057,Harmon,Oklahoma,74,195.45499999999998,146.05598294757547
40059,Harper,Oklahoma,74,225.45499999999998,154.50578090240458
40061,Haskell,Oklahoma,74,167.31666666666666,134.81182921596587
40063,Hughes,Oklahoma,74,102.975,71.71187333069821
40065,Jackson,Oklahoma,74,156.77166666666665,118.19574887956749
40067,Jefferson,Oklahoma,74,149.82000000000002,95.5090432227019
40069,Johnston,Oklahoma,74,147.92000000000002,96.9296517946341
40071,Kay,Oklahoma,74,119.98333333333333,89.80187941870376
40073,Kingfisher,Oklahoma,74,70.26833333333335,37.85005358758318
40075,Kiowa,Oklahoma,74,148.62333333333333,93.60809556488732
40077,Latimer,Oklahoma,74,188.55666666666667,133.27633634020415
40079,Le Flore,Oklahoma,2,209.64166666666668,133.14430563451262
40081,Lincoln,Oklahoma,74,54.37833333333333,36.73638812749458
40083,Logan,Oklahoma,74,36.57666666666667,23.849988458495794
40085,Love,Oklahoma,87,103.65,79.02195707959478
40087,McClain,Oklahoma,74,42.7,25.87640109072014
40089,McCurtain,Oklahoma,34,203.77833333333334,121.28074660674925
40091,McIntosh,Oklahoma,74,129.48833333333334,108.1507043443229
40093,Major,Oklahoma,74,134.65833333333333,77.00667881635178
40095,Marshall,Oklahoma,87,127.425,83.42560881532667
40097,Mayes,Oklahoma,74,167.77833333333334,138.17562277908434
40099,Murray,Oklahoma,74,92.43666666666667,72.32902741803933
40101,Muskogee,Oklahoma,74,146.94833333333332,120.86867091747273
40103,Noble,Oklahoma,74,76.79166666666667,60.18317527561364
40105,Nowata,Oklahoma,74,178.5883333333333,137.19126730846472
40107,Okfuskee,Oklahoma,74,86.08999999999999,65.36646695305105
40109,Oklahoma,Oklahoma,74,8.088333333333333,3.22756818735237
40111,Okmulgee,Oklahoma,74,116.75666666666666,86.52185961865689
40113,Osage,Oklahoma,74,158.49166666666667,96.03936144326536
40115,Ottawa,Oklahoma,29,196.11166666666668,152.48429633005654
40117,Pawnee,Oklahoma,74,119.72,76.60685468174029
40119,Payne,Oklahoma,74,78.25166666666668,50.43368065927742
40121,Pittsburg,Oklahoma,74,144.69833333333332,106.67089447011664
40123,Pontotoc,Oklahoma,74,101.02,67.50120180427628
40125,Pottawatomie,Oklahoma,74,47.593333333333334,32.65275192896297
40127,Pushmataha,Oklahoma,87,191.59,130.5961108485314
40129,Roger Mills,Oklahoma,74,162.845,121.87273865597729
40131,Rogers,Oklahoma,74,143.125,118.45855202522037
40133,Seminole,Oklahoma,74,81.54833333333333,52.96285438466294
40135,Sequoyah,Oklahoma,74,175.85166666666666,155.82301447632386
40137,Stephens,Oklahoma,74,101.93,71.1057953369245
40139,Texas,Oklahoma,106,270.295,217.0677768306728
40141,Tillman,Oklahoma,74,155.69166666666666,112.71701821014119
40143,Tulsa,Oklahoma,74,111.525,98.82254598473713
40145,Wagoner,Oklahoma,74,140.86,111.2791010873535
40147,Washington,Oklahoma,74,159.535,122.62815688238935
40149,Washita,Oklahoma,74,126.34333333333333,88.30147206931164
40151,Woods,Oklahoma,74,214.32166666666666,111.64773540066638
40153,Woodward,Oklahoma,74,162.06666666666666,123.94080885967934
41001,Baker,Oregon,75,384.18333333333334,244.98571954906572
41003,Benton,Oregon,75,109.885,70.22283292415433
41005,Clackamas,Oregon,75,31.316666666666666,10.836036384499547
41007,Clatsop,Oregon,75,135.61499999999998,69.38170426006387
41009,Columbia,Oregon,75,64.16833333333334,29.416346608523128
41011,Coos,Oregon,75,318.43833333333333,169.7751840031845
41013,Crook,Oregon,75,226.57333333333332,123.23039541833059
41015,Curry,Oregon,75,464.32,238.86423601060136
41017,Deschutes,Oregon,75,230.33333333333334,118.51806374492
41019,Douglas,Oregon,75,217.61333333333332,159.97403398588452
41021,Gilliam,Oregon,75,194.25666666666666,120.58480406594673
41023,Grant,Oregon,75,401.65833333333336,193.94701888765928
41025,Harney,Oregon,75,409.37333333333333,227.74343682182055
41027,Hood River,Oregon,75,89.89166666666667,55.230494732354664
41029,Jackson,Oregon,75,328.01166666666666,217.9696597422786
41031,Jefferson,Oregon,75,189.01333333333332,96.24419185492889
41033,Josephine,Oregon,75,305.025,216.69832360754478
41035,Klamath,Oregon,75,417.80333333333334,227.13491981181159
41037,Lake,Oregon,75,469.0433333333333,235.85332563101738
41039,Lane,Oregon,75,141.3383333333333,103.12941106107036
41041,Lincoln,Oregon,75,190.6616666666667,84.1195114681179
41043,Linn,Oregon,75,104.38166666666666,66.56349665755026
41045,Malheur,Oregon,92,407.44166666666666,346.5903855587286
41047,Marion,Oregon,75,63.019999999999996,39.56060276148016
41049,Morrow,Oregon,75,206.09666666666666,149.1542577739188
41051,Multnomah,Oregon,75,17.191666666666666,4.706044869396821
41053,Polk,Oregon,75,83.805,47.43021431479995
41055,Sherman,Oregon,75,159.825,95.07823340988159
41057,Tillamook,Oregon,75,111.12833333333333,56.888166149958124
41059,Umatilla,Oregon,75,251.00166666666667,180.73538261354383
41061,Union,Oregon,75,303.87,226.5527049648009
41063,Wallowa,Oregon,75,396.23333333333335,260.62335980051506
41065,Wasco,Oregon,75,118.10333333333332,71.74554714253527
41067,Washington,Oregon,75,24.40666666666667,9.060115229995692
41069,Wheeler,Oregon,75,311.54,134.49285511438555
41071,Yamhill,Oregon,75,60.763333333333335,28.37803971189496
42001,Adams,Pennsylvania,76,69.16166666666666,38.21310825128296
42003,Allegheny,Pennsylvania,80,3.7583333333333333,0.6196076581410273
42005,Armstrong,Pennsylvania,80,61.25833333333333,32.7022768567911
42007,Beaver,Pennsylvania,80,48.265,24.43685390389367
42009,Bedford,Pennsylvania,80,136.02333333333334,82.78181081795647
42011,Berks,Pennsylvania,76,75.81833333333334,40.95415830139475
42013,Blair,Pennsylvania,80,146.065,83.38947304693049
42015,Bradford,Pennsylvania,104,111.55333333333333,60.301845960998605
42017,Bucks,Pennsylvania,120,29.19,12.557771301053021
42019,Butler,Pennsylvania,80,59.644999999999996,26.175212645438304
42021,Cambria,Pennsylvania,80,104.08166666666666,61.14933228580506
42023,Cameron,Pennsylvania,60,208.70833333333334,95.45080216927592
42025,Carbon,Pennsylvania,104,95.13833333333334,45.570020779738975
42027,Centre,Pennsylvania,104,97.94333333333334,66.4752791460127
42029,Chester,Pennsylvania,118,50.12,24.332719339808172
42031,Clarion,Pennsylvania,80,121.885,58.1937354263972
42033,Clearfield,Pennsylvania,104,137.99333333333334,100.47394855770676
42035,Clinton,Pennsylvania,104,72.07333333333332,47.24024990868525
42037,Columbia,Pennsylvania,104,24.561666666666667,10.965623102265369
42039,Crawford,Pennsylvania,80,119.28,84.84263447254936
42041,Cumberland,Pennsylvania,76,44.141666666666666,22.319352835860325
42043,Dauphin,Pennsylvania,76,22.798333333333336,6.921706629802184
42045,Delaware,Pennsylvania,118,22.403333333333332,8.934861203337663
42047,Elk,Pennsylvania,60,160.37166666666664,97.8824655625975
42049,Erie,Pennsylvania,60,114.885,86.0638773292431
42051,Fayette,Pennsylvania,99,46.025,24.108542013404957
42053,Forest,Pennsylvania,80,187.18833333333333,81.80235514266569
42055,Franklin,Pennsylvania,76,93.81833333333334,58.03401444583269
42057,Fulton,Pennsylvania,76,125.67166666666667,78.2532110967345
42059,Greene,Pennsylvania,99,34.38333333333333,17.508956728841582
42061,Huntingdon,Pennsylvania,104,149.75833333333333,83.45082737656189
42063,Indiana,Pennsylvania,80,88.71499999999999,45.298267072758584
42065,Jefferson,Pennsylvania,80,134.44,68.55491361320843
42067,Juniata,Pennsylvania,76,79.19166666666666,40.365707432712455
42069,Lackawanna,Pennsylvania,104,95.115,58.92184117335853
42071,Lancaster,Pennsylvania,76,41.711666666666666,24.15630498162454
42073,Lawrence,Pennsylvania,80,71.29333333333334,42.39874418564626
42075,Lebanon,Pennsylvania,76,27.598333333333336,13.372605057536887
42077,Lehigh,Pennsylvania,118,69.06333333333333,43.74305564424022
42079,Luzerne,Pennsylvania,104,66.16166666666666,37.27227064552118
42081,Lycoming,Pennsylvania,104,52.50666666666667,29.07039994799555
42083,McKean,Pennsylvania,60,116.08500000000001,67.34111220044063
42085,Mercer,Pennsylvania,80,95.24666666666667,60.01799097909722
42087,Mifflin,Pennsylvania,104,92.22333333333333,59.866159401504774
42089,Monroe,Pennsylvania,104,92.78833333333334,66.31744286010161
42091,Montgomery,Pennsylvania,118,30.595000000000002,12.452063098056831
42093,Montour,Pennsylvania,104,11.803333333333335,3.816338405840409
42095,Northampton,Pennsylvania,118,85.06,48.27195974019126
42097,Northumberland,Pennsylvania,104,33.434999999999995,8.360929723761561
42099,Perry,Pennsylvania,76,60.70666666666667,27.141145916824374
42101,Philadelphia,Pennsylvania,77,2.81,0.6879106102962987
42103,Pike,Pennsylvania,56,104.80833333333334,56.80897740269763
42105,Potter,Pennsylvania,60,161.1,80.95392139144224
42107,Schuylkill,Pennsylvania,104,56.891666666666666,26.194232285116723
42109,Snyder,Pennsylvania,104,44.934999999999995,24.45889759505326
42111,Somerset,Pennsylvania,80,89.49166666666666,57.66872997606947
42113,Sullivan,Pennsylvania,104,78.355,35.33528614938048
42115,Susquehanna,Pennsylvania,69,128.24666666666667,86.19054670245976
42117,Tioga,Pennsylvania,104,127.24,67.56848369107541
42119,Union,Pennsylvania,104,40.44666666666667,20.130678080007318
42121,Venango,Pennsylvania,80,122.30333333333333,67.2184265925921
42123,Warren,Pennsylvania,60,134.59,72.24212328371883
42125,Washington,Pennsylvania,80,50.20666666666667,18.882714706010308
42127,Wayne,Pennsylvania,104,131.38666666666666,76.93436760619443
42129,Westmoreland,Pennsylvania,80,47.535,20.585076375803034
42131,Wyoming,Pennsylvania,104,116.04166666666667,51.73615716166899
42133,York,Pennsylvania,76,55.90333333333333,22.631858066420005
44001,Bristol,Rhode Island,82,22.028333333333332,9.754170208470562
44003,Kent,Rhode Island,82,17.56833333333333,9.295390200240675
44005,Newport,Rhode Island,82,44.85666666666667,20.080636573528512
44007,Providence,Rhode Island,82,8.413333333333334,3.366126499628404
44009,Washington,Rhode Island,82,44.43,26.041254120725796
45001,Abbeville,South Carolina,21,108.51333333333334,58.95393961396923
45003,Aiken,South Carolina,21,26.561666666666667,13.106797453954176
45005,Allendale,South Carolina,21,84.065,51.75735065527616
45007,Anderson,South Carolina,20,141.265,111.09494479481603
45009,Bamberg,South Carolina,84,77.56333333333333,49.691887444587564
45011,Barnwell,South Carolina,21,69.02666666666667,38.31215787306224
45013,Beaufort,South Carolina,83,146.51333333333332,58.63804750592001
45015,Berkeley,South Carolina,83,30.57,19.591454515826328
45017,Calhoun,South Carolina,84,48.748333333333335,22.443547769022196
45019,Charleston,South Carolina,83,12.254999999999999,3.324329996676039
45021,Cherokee,South Carolina,84,136.65833333333333,85.43114275416416
45023,Chester,South Carolina,84,76.045,50.76769447775658
45025,Chesterfield,South Carolina,84,112.9,67.02346087557186
45027,Clarendon,South Carolina,84,73.46666666666667,47.875933549630524
45029,Colleton,South Carolina,83,74.65666666666667,41.527479991141284
45031,Darlington,South Carolina,84,93.30833333333334,60.760487693246915
45033,Dillon,South Carolina,84,123.46499999999999,95.8812239377512
45035,Dorchester,South Carolina,83,40.12166666666667,21.19791592484925
45037,Edgefield,South Carolina,21,43.693333333333335,17.301225201058546
45039,Fairfield,South Carolina,84,45.36833333333333,26.971725917122537
45041,Florence,South Carolina,84,107.475,69.14115013443258
45043,Georgetown,South Carolina,83,98.975,61.45459530426717
45045,Greenville,South Carolina,84,123.96666666666667,98.20820756108509
45047,Greenwood,South Carolina,21,90.32833333333333,51.726832617683506
45049,Hampton,South Carolina,21,116.25166666666668,68.27889872142057
45051,Horry,South Carolina,83,151.94166666666666,90.10872390872414
45053,Jasper,South Carolina,83,114.225,66.76535973065168
45055,Kershaw,South Carolina,84,41.275,26.13258680992009
45057,Lancaster,South Carolina,84,95.70333333333333,57.9508676886987
45059,Laurens,South Carolina,84,95.99666666666667,71.15081514658849
45061,Lee,South Carolina,84,62.108333333333334,42.217766843325286
45063,Lexington,South Carolina,84,30.334999999999997,14.729697515352248
45065,McCormick,South Carolina,21,75.38166666666666,33.53094396314316
45067,Marion,South Carolina,84,127.58999999999999,93.72865264226057
45069,Marlboro,South Carolina,84,129.06666666666666,86.55004543276036
45071,Newberry,South Carolina,84,61.07,40.05336944583866
45073,Oconee,South Carolina,20,134.01166666666666,98.34317647913392
45075,Orangeburg,South Carolina,84,55.11333333333334,36.42527266188969
45077,Pickens,South Carolina,84,156.56,113.74081991984862
45079,Richland,South Carolina,84,15.42,6.191976132840049
45081,Saluda,South Carolina,21,75.38833333333334,40.12110579374379
45083,Spartanburg,South Carolina,84,118.33166666666666,90.30153472790892
45085,Sumter,South Carolina,84,47.541666666666664,33.04695458228675
45087,Union,South Carolina,84,101.78833333333334,64.33288857438687
45089,Williamsburg,South Carolina,83,112.925,61.11970716922785
45091,York,South Carolina,84,95.96833333333333,70.48933488978516
46003,Aurora,South Dakota,54,292.185,212.8503096880017
46005,Beadle,South Dakota,54,327.44,243.40024274027743
46007,Bennett,South Dakota,12,429.48833333333334,286.90076447726904
46009,Bon Homme,South Dakota,54,225.19500000000002,152.6090915271542
46011,Brookings,South Dakota,54,248.52,215.08446930737193
46013,Brown,South Dakota,43,352.21500000000003,256.3392080174176
46015,Brule,South Dakota,54,326.025,238.34050633430024
46017,Buffalo,South Dakota,54,365.02166666666665,259.33357541847784
46019,Butte,South Dakota,12,483.61333333333334,344.7452842677927
46021,Campbell,South Dakota,43,486.2083333333333,338.0773368048458
46023,Charles Mix,South Dakota,54,285.52833333333336,186.10803468659543
46025,Clark,South Dakota,43,325.47166666666664,219.33800485095156
46027,Clay,South Dakota,54,156.23833333333332,118.1222312636348
46029,Codington,South Dakota,43,275.28333333333336,190.65348454262127
46031,Corson,South Dakota,43,531.7683333333333,376.62063801372864
46033,Custer,South Dakota,12,417.46666666666664,284.4629660114998
46035,Davison,South Dakota,54,264.71666666666664,199.33953063605193
46037,Day,South Dakota,43,296.31166666666667,210.6016802344235
46039,Deuel,South Dakota,43,253.27666666666667,168.715709054473
46041,Dewey,South Dakota,54,568.4283333333333,371.4135918383638
46043,Douglas,South Dakota,54,308.2583333333333,190.9083302615753
46045,Edmunds,South Dakota,43,393.7366666666667,289.84233686497805
46047,Fall River,South Dakota,12,386.615,260.89963637759894
46049,Faulk,South Dakota,43,430.82666666666665,286.5809503999224
46051,Grant,South Dakota,43,246.2866666666667,167.92990614940118
46053,Gregory,South Dakota,54,316.10499999999996,215.1725468228351
46055,Haakon,South Dakota,54,492.635,346.71343569749223
46057,Hamlin,South Dakota,43,292.93666666666667,193.27526416269157
46059,Hand,South Dakota,54,377.59833333333336,272.62469443109154
46061,Hanson,South Dakota,54,253.00166666666667,189.4390848476434
46063,Harding,South Dakota,12,556.6433333333333,410.5240839941742
46065,Hughes,South Dakota,54,415.90833333333336,307.84838558493186
46067,Hutchinson,South Dakota,54,258.785,169.87541529872416
46069,Hyde,South Dakota,54,406.195,286.09867907656616
46071,Jackson,South Dakota,54,493.675,333.75059828566776
46073,Jerauld,South Dakota,54,328.5816666666667,235.174884700316
46075,Jones,South Dakota,54,395.45166666666665,301.4276063007381
46077,Kingsbury,South Dakota,54,296.81166666666667,227.5826648309487
46079,Lake,South Dakota,54,251.23166666666665,198.08346081406899
46081,Lawrence,South Dakota,12,461.87,329.68492709474344
46083,Lincoln,South Dakota,54,192.02333333333334,156.0442782170749
46085,Lyman,South Dakota,54,388.0433333333333,266.29656051689847
46087,McCook,South Dakota,54,235.94166666666666,180.3590462805858
46089,McPherson,South Dakota,43,428.97666666666663,296.8179937764076
46091,Marshall,South Dakota,43,339.6933333333333,220.20584508422132
46093,Meade,South Dakota,12,480.06666666666666,323.5528148651889
46095,Mellette,South Dakota,54,441.31,293.0356614218067
46097,Miner,South Dakota,54,277.375,206.56485431453314
46099,Minnehaha,South Dakota,54,200.23166666666665,163.72429221274106
46101,Moody,South Dakota,54,238.03333333333333,194.09181795466006
46102,Oglala Lakota,South Dakota,12,441.11333333333334,267.163985530575
46103,Pennington,South Dakota,12,440.65333333333336,310.05326415596267
46105,Perkins,South Dakota,43,646.725,444.57743949522825
46107,Potter,South Dakota,54,493.565,331.006165580568
46109,Roberts,South Dakota,43,275.78,186.44455886665125
46111,Sanborn,South Dakota,54,303.51166666666666,219.67467316086854
46115,Spink,South Dakota,43,369.57666666666665,253.39643419209668
46117,Stanley,South Dakota,54,414.3816666666667,312.54957371202556
46119,Sully,South Dakota,54,457.31333333333333,317.64297606310646
46121,Todd,South Dakota,54,411.1333333333333,281.5895333203123
46123,Tripp,South Dakota,54,367.3,245.04155347888133
46125,Turner,South Dakota,54,203.87833333333336,153.03479059360814
46127,Union,South Dakota,54,140.97166666666666,103.46837321248978
46129,Walworth,South Dakota,43,470.65166666666664,346.3599095721368
46135,Yankton,South Dakota,54,183.35333333333335,135.0509303240779
46137,Ziebach,South Dakota,54,604.8050000000001,377.95323663734956
47001,Anderson,Tennessee,30,190.05,136.08620542203175
47003,Bedford,Tennessee,86,71.36999999999999,47.458156420852816
47005,Benton,Tennessee,86,116.01333333333334,72.10950918341214
47007,Bledsoe,Tennessee,86,167.09,96.58854312282271
47009,Blount,Tennessee,86,207.64666666666665,160.4435796195065
47011,Bradley,Tennessee,20,153.96833333333333,99.73495559967624
47013,Campbell,Tennessee,30,164.93166666666667,116.0391146189284
47015,Cannon,Tennessee,86,74.35166666666667,47.56770226766419
47017,Carroll,Tennessee,86,136.79666666666665,93.24929767703125
47019,Carter,Tennessee,53,184.86833333333334,110.48177903665109
47021,Cheatham,Tennessee,86,33.068333333333335,17.14313938312971
47023,Chester,Tennessee,85,120.73,82.0329480554019
47025,Claiborne,Tennessee,30,183.13,116.8734698763794
47027,Clay,Tennessee,86,142.77,74.51813801418866
47029,Cocke,Tennessee,30,244.63333333333333,161.79457226174716
47031,Coffee,Tennessee,86,87.37666666666668,60.8343676855059
47033,Crockett,Tennessee,85,101.64666666666668,68.00810988749537
47035,Cumberland,Tennessee,86,128.63,100.46808099392803
47037,Davidson,Tennessee,86,9.25,3.1748158520261165
47039,Decatur,Tennessee,86,112.98,82.77703444214819
47041,DeKalb,Tennessee,86,86.75333333333333,55.22066581646808
47043,Dickson,Tennessee,86,55.66166666666666,30.399555207476602
47045,Dyer,Tennessee,85,110.91833333333334,73.88178206242173
47047,Fayette,Tennessee,85,56.873333333333335,31.38955796720295
47049,Fentress,Tennessee,86,150.94333333333333,105.00602342772532
47051,Franklin,Tennessee,86,110.18,75.15151608431937
47053,Gibson,Tennessee,85,125.425,85.1135334584087
47055,Giles,Tennessee,86,88.13166666666666,66.91806422225062
47057,Grainger,Tennessee,30,219.09833333333333,134.38788551210834
47059,Greene,Tennessee,53,236.67000000000002,144.74535631035295
47061,Grundy,Tennessee,86,127.84666666666666,81.93229398793376
47063,Hamblen,Tennessee,30,213.965,142.15197821099363
47065,Hamilton,Tennessee,20,144.25166666666667,102.86669737549343
47067,Hancock,Tennessee,30,210.48999999999998,126.04097007883108
47069,Hardeman,Tennessee,85,94.925,57.434877283145205
47071,Hardin,Tennessee,85,153.75,102.00245797124418
47073,Hawkins,Tennessee,53,227.82166666666666,148.81769517682596
47075,Haywood,Tennessee,85,76.6,52.880158645318915
47077,Henderson,Tennessee,85,125.72166666666666,98.15470939807744
47079,Henry,Tennessee,85,177.76833333333335,127.10616914400374
47081,Hickman,Tennessee,85,199.88833333333332,155.68860064438087
47083,Houston,Tennessee,85,217.41666666666666,153.2698247266502
47085,Humphreys,Tennessee,85,194.47166666666666,142.0868204673746
47087,Jackson,Tennessee,31,207.54166666666666,132.95173024741666
47089,Jefferson,Tennessee,30,233.83333333333334,147.88862084896465
47091,Johnson,Tennessee,53,158.31,92.58321814288267
47093,Knox,Tennessee,30,197.09666666666666,145.2395604221951
47095,Lake,Tennessee,85,140.88833333333332,89.7634787885879
47097,Lauderdale,Tennessee,85,77.97333333333333,51.32204344670852
47099,Lawrence,Tennessee,86,97.17166666666667,69.79169952815825
47101,Lewis,Tennessee,86,97.22666666666667,58.320195687064576
47103,Lincoln,Tennessee,86,104.475,72.83248716069718
47105,Loudon,Tennessee,86,194.97166666666666,143.23320654845497
47107,McMinn,Tennessee,20,191.1,113.88075526553406
47109,McNairy,Tennessee,85,120.225,84.37661061145207
47111,Macon,Tennessee,86,82.86833333333334,50.98793256931997
47113,Madison,Tennessee,85,96.88833333333334,76.62358327611031
47115,Marion,Tennessee,86,137.47666666666666,97.8820588040836
47117,Marshall,Tennessee,86,68.885,44.66213211220401
47119,Maury,Tennessee,86,52.12833333333333,37.28476545152764
47121,Meigs,Tennessee,86,197.91,119.69392058778585
47123,Monroe,Tennessee,20,199.36666666666667,119.18304372708354
47125,Montgomery,Tennessee,86,64.86833333333333,41.698382353553775
47127,Moore,Tennessee,86,97.00833333333334,63.9294176970126
47129,Morgan,Tennessee,86,173.38666666666668,123.27671515752697
47131,Obion,Tennessee,85,147.6,101.88644980780256
47133,Overton,Tennessee,86,115.84833333333333,83.44928704058043
47135,Perry,Tennessee,86,116.82,68.16893341644368
47137,Pickett,Tennessee,86,139.59333333333333,96.8843484357582
47139,Polk,Tennessee,20,166.36666666666667,93.0660263868934
47141,Putnam,Tennessee,86,92.13833333333334,72.40228144678044
47143,Rhea,Tennessee,86,180.98999999999998,111.07395524008655
47145,Roane,Tennessee,86,162.685,128.65427185028335
47147,Robertson,Tennessee,86,44.84166666666667,23.67855858034383
47149,Rutherford,Tennessee,86,45.37833333333333,26.34154829875419
47151,Scott,Tennessee,30,159.745,109.09807743138578
47153,Sequatchie,Tennessee,86,147.67000000000002,95.96378151842175
47155,Sevier,Tennessee,30,233.915,158.3111974023646
47157,Shelby,Tennessee,85,16.578333333333333,8.171915628698516
47159,Smith,Tennessee,86,72.65,46.955443752884364
47161,Stewart,Tennessee,86,110.095,60.66399860308965
47163,Sullivan,Tennessee,53,189.11499999999998,123.69649234638315
47165,Sumner,Tennessee,86,44.11833333333333,22.920852880877547
47167,Tipton,Tennessee,85,44.75333333333333,28.055419197102555
47169,Trousdale,Tennessee,86,68.38833333333334,39.82927265865795
47171,Unicoi,Tennessee,53,209.125,120.28639965937867
47173,Union,Tennessee,30,208.57666666666668,129.25997826015484
47175,Van Buren,Tennessee,86,140.80666666666667,81.0225790968371
47177,Warren,Tennessee,86,94.37333333333332,64.24905497899623
47179,Washington,Tennessee,53,216.155,123.26976170188915
47181,Wayne,Tennessee,86,142.14833333333334,82.5490022987594
47183,Weakley,Tennessee,85,174.32166666666666,106.33420839519951
47185,White,Tennessee,86,108.43333333333334,74.62719665347822
47187,Williamson,Tennessee,86,27.516666666666666,16.114903592379882
47189,Wilson,Tennessee,86,32.14833333333333,22.215405682356753
48001,Anderson,Texas,87,138.39333333333335,98.43782209308459
48003,Andrews,Texas,106,120.735,95.33578724573351
48005,Angelina,Texas,34,139.17166666666665,98.25798561674013
48007,Aransas,Texas,125,186.81,133.35696215157853
48009,Archer,Texas,87,166.38,119.60102742533964
48011,Armstrong,Texas,106,166.42666666666668,107.59908874006571
48013,Atascosa,Texas,125,45.445,24.792054655608684
48015,Austin,Texas,90,81.275,50.25089240340056
48017,Bailey,Texas,106,73.08500000000001,64.97656099069955
48019,Bandera,Texas,91,63.72,30.273191377817295
48021,Bastrop,Texas,105,40.248333333333335,23.824503669235906
48023,Baylor,Texas,106,172.56333333333333,151.6272180265021
48025,Bee,Texas,125,117.50666666666666,87.80088068985307
48027,Bell,Texas,107,24.56,13.361656895909684
48029,Bexar,Texas,91,8.451666666666666,3.3329283202560656
48031,Blanco,Texas,105,62.455000000000005,39.823281830206035
48033,Borden,Texas,106,109.66666666666667,63.568235719449575
48035,Bosque,Texas,107,99.11,55.46198860063714
48037,Bowie,Texas,34,101.50666666666666,70.73879293924944
48039,Brazoria,Texas,89,43.86666666666667,24.590782018094085
48041,Brazos,Texas,107,104.76333333333334,69.07241557231856
48043,Brewster,Texas,106,369.77333333333337,253.76069602774245
48045,Briscoe,Texas,106,125.95166666666667,70.06119458375882
48047,Brooks,Texas,125,184.54166666666666,154.07318511085677
48049,Brown,Texas,107,142.7866666666667,105.82890041639818
48051,Burleson,Texas,107,86.265,59.74691278787863
48053,Burnet,Texas,105,92.55333333333333,40.77010793580503
48055,Caldwell,Texas,105,40.25333333333333,28.571443694226023
48057,Calhoun,Texas,90,174.915,107.47010305153576
48059,Callahan,Texas,87,185.46,155.48577291903862
48061,Cameron,Texas,125,297.2183333333333,240.4867253063287
48063,Camp,Texas,34,118.41833333333334,79.3511999051919
48065,Carson,Texas,106,170.63,127.87131833954894
48067,Cass,Texas,34,95.71666666666667,51.80321285876488
48069,Castro,Texas,106,91.47833333333332,67.90117035239565
48071,Chambers,Texas,90,54.919999999999995,38.1713775547911
48073,Cherokee,Texas,34,134.33833333333334,93.71201209142914
48075,Childress,Texas,106,179.75833333333333,111.9808118750934
48077,Clay,Texas,87,129.55166666666668,107.15557334526301
48079,Cochran,Texas,106,64.545,48.89475489357144
48081,Coke,Texas,106,177.575,144.99896752089163
48083,Coleman,Texas,107,176.87833333333336,131.42639584046384
48085,Collin,Texas,87,37.64833333333333,22.432385658974663
48087,Collingsworth,Texas,74,205.96833333333333,159.5994827195455
48089,Colorado,Texas,90,93.99333333333334,68.64463072697697
48091,Comal,Texas,91,55.305,27.547408892022897
48093,Comanche,Texas,107,145.25166666666667,93.53828791870903
48095,Concho,Texas,91,173.63,144.5853750596001
48097,Cooke,Texas,87,77.485,57.47604457638149
48099,Coryell,Texas,107,62.95333333333333,29.66325081814224
48101,Cottle,Texas,106,145.375,96.37420602497575
48103,Crane,Texas,106,186.19666666666666,153.60233038681986
48105,Crockett,Texas,91,196.39333333333335,177.91866861592362
48107,Crosby,Texas,106,43.315000000000005,31.507987624913756
48109,Culberson,Texas,106,308.65166666666664,244.0705379298458
48111,Dallam,Texas,106,220.48,177.71871864312322
48113,Dallas,Texas,87,10.213333333333333,2.9796503517454416
48115,Dawson,Texas,106,69.37833333333333,59.32453427155498
48117,Deaf Smith,Texas,106,117.96833333333333,90.6032877536248
48119,Delta,Texas,87,96.66166666666666,76.27183304247936
48121,Denton,Texas,87,34.79666666666667,23.311532031449378
48123,DeWitt,Texas,125,115.355,81.86820121160245
48125,Dickens,Texas,106,82.39833333333333,60.13631635940707
48127,Dimmit,Texas,125,136.605,94.59634560403431
48129,Donley,Texas,106,195.54833333333332,110.57414906074382
48131,Duval,Texas,125,195.22833333333335,115.27023475444012
48133,Eastland,Texas,87,141.01666666666668,120.98527817040372
48135,Ector,Texas,106,149.21,122.58596111724786
48137,Edwards,Texas,91,148.90833333333333,102.81172581588513
48139,Ellis,Texas,87,38.42833333333333,26.536158287505238
48141,El Paso,Texas,3,344.6066666666667,270.0791470051942
48143,Erath,Texas,87,126.07666666666667,90.82089898840071
48145,Falls,Texas,107,53.11,27.569355506055775
48147,Fannin,Texas,87,86.45666666666666,63.935156929249466
48149,Fayette,Texas,105,77.45333333333333,57.65983193172617
48151,Fisher,Texas,106,137.95499999999998,102.93442322718656
48153,Floyd,Texas,106,72.82166666666667,43.16734619237908
48155,Foard,Texas,106,182.11833333333334,128.95831222399008
48157,Fort Bend,Texas,89,34.806666666666665,18.190704267738898
48159,Franklin,Texas,87,120.97833333333332,96.01716574350834
48161,Freestone,Texas,87,105.42,85.24125551473463
48163,Frio,Texas,125,64.43333333333334,48.360119280860665
48165,Gaines,Texas,106,88.96000000000001,72.7806116589686
48167,Galveston,Texas,88,29.23166666666667,16.83643289552655
48169,Garza,Texas,106,48.8,40.47655074361334
48171,Gillespie,Texas,91,77.605,56.15057048747534
48173,Glasscock,Texas,106,161.065,122.82619085718731
48175,Goliad,Texas,125,135.48,89.88776034805575
48177,Gonzales,Texas,105,88.29333333333334,56.8639887222132
48179,Gray,Texas,106,193.04166666666666,144.6093306982883
48181,Grayson,Texas,87,77.22333333333333,58.771952638441604
48183,Gregg,Texas,34,74.84833333333333,60.04171105173851
48185,Grimes,Texas,90,103.55166666666668,61.95350660529546
48187,Guadalupe,Texas,91,51.458333333333336,28.928119035726752
48189,Hale,Texas,106,51.348333333333336,39.136752427257655
48191,Hall,Texas,106,199.79833333333332,105.23438967961918
48193,Hamilton,Texas,107,102.705,63.93047235014386
48195,Hansford,Texas,106,256.035,184.58553479213475
48197,Hardeman,Texas,74,214.34333333333333,149.6601042114054
48199,Hardin,Texas,90,124.54333333333334,79.24810864495232
48201,Harris,Texas,90,18.028333333333332,7.26301893230141
48203,Harrison,Texas,34,51.20666666666667,39.0024965467713
48205,Hartley,Texas,106,229.69166666666666,169.4808167640487
48207,Haskell,Texas,106,186.24333333333334,126.42440342714316
48209,Hays,Texas,105,33.225,21.628030728738246
48211,Hemphill,Texas,74,227.98999999999998,163.1102033246315
48213,Henderson,Texas,87,84.955,67.96597632131147
48215,Hidalgo,Texas,125,259.82166666666666,220.14222630551242
48217,Hill,Texas,87,76.28500000000001,59.655811576221964
48219,Hockley,Texas,106,32.77166666666667,24.99803335325277
48221,Hood,Texas,87,85.20666666666666,59.76721058039535
48223,Hopkins,Texas,87,93.68666666666667,75.56356087712821
48225,Houston,Texas,90,139.5883333333333,109.45823224414117
48227,Howard,Texas,106,121.03166666666667,96.69888572830124
48229,Hudspeth,Texas,106,448.06333333333333,262.2575268652255
48231,Hunt,Texas,87,61.9,46.45922438312006
48233,Hutchinson,Texas,106,204.85,146.46746290186556
48235,Irion,Texas,91,220.59,181.19902167411522
48237,Jack,Texas,87,123.77,81.57317931488643
48239,Jackson,Texas,90,130.01833333333335,89.04640351117163
48241,Jasper,Texas,90,184.86333333333332,109.34132317702031
48243,Jeff Davis,Texas,106,335.4,239.91575190065512
48245,Jefferson,Texas,90,109.68333333333334,82.23469073172431
48247,Jim Hogg,Texas,125,237.715,144.79177865928384
48249,Jim Wells,Texas,125,145.62,118.51039737417793
48251,Johnson,Texas,87,62.026666666666664,38.110494623899754
48253,Jones,Texas,106,184.05499999999998,135.7120158200029
48255,Karnes,Texas,125,76.115,58.912102203901966
48257,Kaufman,Texas,87,44.99666666666667,29.604751757774434
48259,Kendall,Texas,91,38.669999999999995,23.54006186177823
48261,Kenedy,Texas,125,203.36499999999998,166.478129907979
48263,Kent,Texas,106,127.14333333333335,77.16730607667331
48265,Kerr,Texas,91,72.56,50.43204725327761
48267,Kimble,Texas,91,113.015,96.20904471568358
48269,King,Texas,106,137.01833333333335,92.32116506819928
48271,Kinney,Texas,125,133.46,108.14736583570668
48273,Kleberg,Texas,125,173.53,139.76972740697164
48275,Knox,Texas,106,162.40666666666667,126.7629244399084
48277,Lamar,Texas,87,127.515,96.10447240136095
48279,Lamb,Texas,106,46.14,38.79245160871807
48281,Lampasas,Texas,107,59.263333333333335,44.233253589037076
48283,La Salle,Texas,125,98.44333333333334,81.36062437600035
48285,Lavaca,Texas,105,117.36666666666666,72.90795780517607
48287,Lee,Texas,105,70.46833333333333,45.55184151914592
48289,Leon,Texas,107,153.99666666666664,79.25536033627064
48291,Liberty,Texas,90,63.291666666666664,41.7008662474047
48293,Limestone,Texas,107,97.13333333333334,61.21851502250166
48295,Lipscomb,Texas,74,249.53833333333333,172.03080953431862
48297,Live Oak,Texas,125,99.74666666666667,79.74762726035796
48299,Llano,Texas,105,98.07833333333333,53.900417315505486
48301,Loving,Texas,106,229.21,160.00173963225384
48303,Lubbock,Texas,106,7.88,2.7551342823327176
48305,Lynn,Texas,106,43.32,27.569297899106438
48307,McCulloch,Texas,107,153.06166666666667,116.80549278627495
48309,McLennan,Texas,107,45.723333333333336,33.81069374262566
48311,McMullen,Texas,125,104.92833333333333,66.57605277633806
48313,Madison,Texas,90,115.10833333333333,90.8398390472689
48315,Marion,Texas,34,69.435,44.017165775440134
48317,Martin,Texas,106,119.66333333333334,98.10675873058601
48319,Mason,Texas,91,120.83333333333333,93.96833620500178
48321,Matagorda,Texas,89,117.57166666666667,65.7031987256483
48323,Maverick,Texas,125,156.68666666666667,121.66320660711163
48325,Medina,Texas,125,54.875,20.56752823684493
48327,Menard,Texas,91,142.18166666666667,119.67479565241281
48329,Midland,Texas,106,131.42,110.45479532809237
48331,Milam,Texas,107,57.28333333333333,31.344568434540783
48333,Mills,Texas,107,111.81166666666667,76.87744827734085
48335,Mitchell,Texas,106,128.265,102.33151681602669
48337,Montague,Texas,87,112.22666666666667,77.76695846504582
48339,Montgomery,Texas,90,54.166666666666664,35.73104355310861
48341,Moore,Texas,106,185.93833333333333,159.6849855704047
48343,Morris,Texas,34,112.26166666666667,69.23553021365193
48345,Motley,Texas,106,103.18,67.26374706986006
48347,Nacogdoches,Texas,34,111.98,78.59082174967463
48349,Navarro,Texas,87,71.45833333333333,54.579228082697284
48351,Newton,Texas,90,186.82999999999998,118.80007511715776
48353,Nolan,Texas,106,133.13333333333333,116.7932157746695
48355,Nueces,Texas,125,157.93666666666667,136.3286876672201
48357,Ochiltree,Texas,106,258.08,202.3068425617166
48359,Oldham,Texas,106,155.53166666666667,120.96077718598967
48361,Orange,Texas,90,122.65833333333333,95.86437710019638
48363,Palo Pinto,Texas,87,108.31333333333333,76.99981061621914
48365,Panola,Texas,34,56.623333333333335,40.10224443907361
48367,Parker,Texas,87,70.13333333333334,51.629754303136686
48369,Parmer,Texas,106,107.81,83.94429244465809
48371,Pecos,Texas,106,254.06666666666666,193.50497488473349
48373,Polk,Texas,90,92.30166666666668,75.74273103375994
48375,Potter,Texas,106,132.525,112.62539285367218
48377,Presidio,Texas,106,444.12166666666667,293.82748141272845
48379,Rains,Texas,87,92.07666666666667,60.793691306329215
48381,Randall,Texas,106,123.47333333333333,105.54613916158631
48383,Reagan,Texas,106,203.495,166.22599760280258
48385,Real,Texas,91,131.79166666666666,76.24124377067125
48387,Red River,Texas,87,158.79,115.13271962086479
48389,Reeves,Texas,106,227.51000000000002,179.45652526199004
48391,Refugio,Texas,125,156.7133333333333,113.1922903249845
48393,Roberts,Texas,106,221.75666666666666,161.9137886470907
48395,Robertson,Texas,107,79.95,49.328223489062886
48397,Rockwall,Texas,87,36.83166666666667,24.90008863007947
48399,Runnels,Texas,106,200.59666666666666,166.19760712873764
48401,Rusk,Texas,34,87.52166666666668,63.74560706266752
48403,Sabine,Texas,34,128.77666666666667,79.12219976241423
48405,San Augustine,Texas,34,117.18333333333334,75.48155437189808
48407,San Jacinto,Texas,90,91.43333333333334,59.73433467545234
48409,San Patricio,Texas,125,165.00166666666667,125.3563976524777
48411,San Saba,Texas,107,109.26,82.81657669809407
48413,Schleicher,Texas,91,186.46833333333333,152.5345077209748
48415,Scurry,Texas,106,99.57166666666667,83.93536868546008
48417,Shackelford,Texas,87,200.79,143.62503542371496
48419,Shelby,Texas,34,86.39666666666668,51.70720082779486
48421,Sherman,Texas,106,219.03,189.45460034157722
48423,Smith,Texas,34,106.38666666666667,90.48529124108902
48425,Somervell,Texas,87,92.90666666666667,66.53243642939253
48427,Starr,Texas,125,281.3816666666667,208.41756297966634
48429,Stephens,Texas,87,162.91,119.9190880824525
48431,Sterling,Texas,106,162.98833333333332,132.35478370260344
48433,Stonewall,Texas,106,146.99666666666664,101.0207595518996
48435,Sutton,Texas,91,160.55833333333334,142.4735965494564
48437,Swisher,Texas,106,81.56333333333333,65.35518787228081
48439,Tarrant,Texas,87,36.931666666666665,23.98332396741501
48441,Taylor,Texas,106,176.61,147.79643873337255
48443,Terrell,Texas,125,341.31666666666666,229.5813406149346
48445,Terry,Texas,106,43.57666666666667,35.54059955717872
48447,Throckmorton,Texas,87,203.18833333333333,135.26961409469723
48449,Titus,Texas,87,131.15166666666667,111.35798120141472
48451,Tom Green,Texas,106,212.17999999999998,170.01009731168605
48453,Travis,Texas,105,9.171666666666665,2.79410477195019
48455,Trinity,Texas,90,136.87166666666664,89.18438362336424
48457,Tyler,Texas,90,139.88666666666668,93.69163805280951
48459,Upshur,Texas,34,91.565,69.2442330789522
48461,Upton,Texas,106,212.82166666666666,167.12500336157007
48463,Uvalde,Texas,125,84.35833333333333,69.03301099365319
48465,Val Verde,Texas,125,168.59,136.8010592325459
48467,Van Zandt,Texas,87,75.445,60.44544216969682
48469,Victoria,Texas,105,145.46,109.72699604887774
48471,Walker,Texas,90,89.27333333333333,70.36690263723945
48473,Waller,Texas,90,69.875,38.641793396266394
48475,Ward,Texas,106,190.42166666666665,151.7159195336777
48477,Washington,Texas,90,95.37833333333333,68.05660690792064
48479,Webb,Texas,125,160.44833333333332,139.46023388024142
48481,Wharton,Texas,90,86.03833333333334,55.76119181793597
48483,Wheeler,Texas,74,190.04833333333332,155.90989219854453
48485,Wichita,Texas,74,148.70166666666668,123.23603764772331
48487,Wilbarger,Texas,74,193.28833333333333,137.52471186315296
48489,Willacy,Texas,125,254.32333333333332,210.01201676402974
48491,Williamson,Texas,105,27.970000000000002,19.75173418633025
48493,Wilson,Texas,125,64.52166666666668,31.282642689404693
48495,Winkler,Texas,106,182.13666666666668,139.58873160391482
48497,Wise,Texas,87,74.53500000000001,51.79460457087273
48499,Wood,Texas,87,122.71666666666667,83.60226905875565
48501,Yoakum,Texas,106,95.58500000000001,66.76861408764599
48503,Young,Texas,87,143.93666666666667,106.27741561042764
48505,Zapata,Texas,125,218.65166666666667,176.72029311189758
48507,Zavala,Texas,125,125.795,84.40515252267947
49001,Beaver,Utah,92,263.005,177.6730163047825
49003,Box Elder,Utah,92,90.70833333333333,58.54452965927318
49005,Cache,Utah,92,106.62166666666667,67.49999703369333
49007,Carbon,Utah,92,155.04833333333332,98.06724667937044
49009,Daggett,Utah,92,232.00666666666666,115.23283549742037
49011,Davis,Utah,92,40.245,18.54137246775127
49013,Duchesne,Utah,92,185.96666666666667,93.96034738830407
49015,Emery,Utah,92,201.02,117.41972560785186
49017,Garfield,Utah,92,362.6933333333333,207.9719560151694
49019,Grand,Utah,92,290.89833333333337,195.34050282002138
49021,Iron,Utah,92,263.07166666666666,221.55368663549254
49023,Juab,Utah,92,102.8,70.51749089339401
49025,Kane,Utah,92,370.9916666666667,254.78938025634804
49027,Millard,Utah,92,213.47666666666666,113.07530535353062
49029,Morgan,Utah,92,58.33833333333334,22.54660624532998
49031,Piute,Utah,92,235.765,173.3077537216422
49033,Rich,Utah,92,166.72666666666666,75.29653567446243
49035,Salt Lake,Utah,92,27.178333333333335,10.16341723439997
49037,San Juan,Utah,92,426.68333333333334,255.7850905602386
49039,Sanpete,Utah,92,146.6616666666667,96.40479002423172
49041,Sevier,Utah,92,189.625,138.40171305791947
49043,Summit,Utah,92,36.42333333333333,19.36814078120937
49045,Tooele,Utah,92,51.48833333333334,30.85075229323533
49047,Uintah,Utah,92,198.42166666666665,120.20560524941622
49049,Utah,Utah,92,59.03333333333333,34.176172530775574
49051,Wasatch,Utah,92,51.388333333333335,28.482013303080738
49053,Washington,Utah,92,305.7316666666667,267.2188697710907
49055,Wayne,Utah,92,246.65333333333334,167.41438001100744
49057,Weber,Utah,92,53.263333333333335,32.74620438500981
50001,Addison,Vermont,55,118.11166666666666,50.0180347021265
50003,Bennington,Vermont,58,97.41833333333334,39.00713608336151
50005,Caledonia,Vermont,55,82.44,53.338191457141455
50007,Chittenden,Vermont,55,119.55,68.33474924824095
50009,Essex,Vermont,55,192.70166666666668,71.24965775674055
50011,Franklin,Vermont,55,166.91666666666666,85.42691362196595
50013,Grand Isle,Vermont,55,157.71666666666667,90.25101547242572
50015,Lamoille,Vermont,55,126.72666666666667,63.109882908346066
50017,Orange,Vermont,55,53.64666666666667,20.49672979846718
50019,Orleans,Vermont,55,118.055,79.72878002940683
50021,Rutland,Vermont,55,98.23166666666665,38.424431586188966
50023,Washington,Vermont,55,74.03666666666666,39.79028865509729
50025,Windham,Vermont,55,90.93833333333333,55.010968458291934
50027,Windsor,Vermont,55,44.275,15.14107837379233
51001,Accomack,Virginia,94,124.605,73.97989099148043
51003,Albemarle,Virginia,93,6.58,1.7258674149452309
51005,Alleghany,Virginia,93,158.67333333333332,79.44333603349071
51007,Amelia,Virginia,95,58.905,32.82170697981735
51009,Amherst,Virginia,93,76.645,48.326983900817886
51011,Appomattox,Virginia,93,95.825,49.88608551052908
51013,Arlington,Virginia,14,9.533333333333333,3.2154844441598014
51015,Augusta,Virginia,93,42.126666666666665,29.539660013661898
51017,Bath,Virginia,93,129.22166666666666,68.4366452568763
51019,Bedford,Virginia,93,109.69833333333332,72.87301450138597
51021,Bland,Virginia,53,124.92333333333333,86.42559422516253
51023,Botetourt,Virginia,93,115.03333333333333,84.19070460962782
51025,Brunswick,Virginia,95,89.56833333333334,59.0408395714213
51027,Buchanan,Virginia,30,242.10166666666666,144.01409874545288
51029,Buckingham,Virginia,93,60.318333333333335,31.208670221075895
51031,Campbell,Virginia,93,97.305,64.53387700520315
51033,Caroline,Virginia,95,49.27166666666667,32.38615197150431
51035,Carroll,Virginia,53,80.67833333333333,51.34196750994226
51036,Charles City,Virginia,95,49.943333333333335,21.039937200899825
51037,Charlotte,Virginia,95,136.255,75.04473685909235
51041,Chesterfield,Virginia,95,25.901666666666664,10.873366213064307
51043,Clarke,Virginia,124,93.39333333333335,48.80926465059591
51045,Craig,Virginia,93,162.16,99.10024883654842
51047,Culpeper,Virginia,93,74.77333333333333,42.22203240738044
51049,Cumberland,Virginia,95,78.42666666666668,45.57431595167488
51051,Dickenson,Virginia,30,224.36833333333334,131.6965516867844
51053,Dinwiddie,Virginia,95,66.17333333333333,28.838615335257714
51057,Essex,Virginia,95,69.92666666666668,38.54013194380773
51059,Fairfax,Virginia,14,28.701666666666664,11.883419145202234
51061,Fauquier,Virginia,14,65.34333333333333,41.477545203608514
51063,Floyd,Virginia,53,117.33,58.53245728720301
51065,Fluvanna,Virginia,93,34.44166666666667,14.70096531104481
51067,Franklin,Virginia,53,111.96000000000001,67.07931021843667
51069,Frederick,Virginia,124,106.39333333333335,59.86076694940879
51071,Giles,Virginia,53,141.34833333333333,88.24642387383892
51073,Gloucester,Virginia,94,75.49833333333332,37.788950744267304
51075,Goochland,Virginia,95,36.41,24.873954425063673
51077,Grayson,Virginia,53,107.12833333333333,61.538161298140416
51079,Greene,Virginia,93,34.336666666666666,15.772858800645166
51081,Greensville,Virginia,95,80.02666666666667,56.69984426513624
51083,Halifax,Virginia,51,93.43833333333333,51.236000369382964
51085,Hanover,Virginia,95,22.706666666666667,10.17418964636647
51087,Henrico,Virginia,95,13.288333333333332,5.818527813907285
51089,Henry,Virginia,53,80.51,44.89318615620954
51091,Highland,Virginia,93,113.31666666666666,62.99813855962601
51093,Isle of Wight,Virginia,94,51.62,19.52549355365177
51095,James City,Virginia,95,59.394999999999996,40.42042909041622
51097,King and Queen,Virginia,95,71.09333333333333,31.4653639113546
51099,King George,Virginia,95,84.09333333333333,53.833082527837576
51101,King William,Virginia,95,44.98833333333334,23.154497184560352
51103,Lancaster,Virginia,95,109.93333333333334,55.59418714798395
51105,Lee,Virginia,30,208.5,119.33802814730228
51107,Loudoun,Virginia,124,45.275,22.92850913582696
51109,Louisa,Virginia,93,51.401666666666664,29.06749453339119
51111,Lunenburg,Virginia,95,111.74166666666666,58.483135744363295
51113,Madison,Virginia,93,50.60166666666667,27.871440801385987
51115,Mathews,Virginia,94,96.08,40.44871871328337
51117,Mecklenburg,Virginia,51,93.35166666666667,58.444162730199636
51119,Middlesex,Virginia,95,78.15,50.91990358685713
51121,Montgomery,Virginia,53,137.89166666666668,75.88374460407661
51125,Nelson,Virginia,93,48.30833333333333,25.28605671331827
51127,New Kent,Virginia,95,31.561666666666667,21.532211472996053
51131,Northampton,Virginia,94,73.79166666666667,42.07180417621346
51133,Northumberland,Virginia,95,111.53333333333333,60.828560684489
51135,Nottoway,Virginia,95,86.76666666666667,44.81751326053148
51137,Orange,Virginia,93,65.24,34.037454092007884
51139,Page,Virginia,93,89.01333333333334,39.58298492180272
51141,Patrick,Virginia,53,73.65666666666667,38.38159812307038
51143,Pittsylvania,Virginia,51,105.13666666666667,58.92639558178916
51145,Powhatan,Virginia,95,46.775,24.399146000812724
51147,Prince Edward,Virginia,95,93.64,57.824911904275694
51149,Prince George,Virginia,95,39.58833333333334,23.301181883637277
51153,Prince William,Virginia,14,49.47666666666667,24.222546248982304
51155,Pulaski,Virginia,53,110.74,72.56148171202642
51157,Rappahannock,Virginia,93,93.24499999999999,50.24133757590108
51159,Richmond,Virginia,95,81.51166666666667,48.10088370183978
51161,Roanoke,Virginia,93,139.31166666666667,96.93305269212406
51163,Rockbridge,Virginia,93,77.50833333333334,53.19398792362422
51165,Rockingham,Virginia,93,74.23166666666665,34.32159613734495
51167,Russell,Virginia,53,202.71166666666667,117.65966678693799
51169,Scott,Virginia,53,227.9116666666667,137.10659890083315
51171,Shenandoah,Virginia,93,107.05833333333334,57.99055817446883
51173,Smyth,Virginia,53,136.895,89.59821713602294
51175,Southampton,Virginia,94,74.46000000000001,43.579806712542876
51177,Spotsylvania,Virginia,95,70.41333333333334,48.85564053829248
51179,Stafford,Virginia,14,67.98333333333333,39.889866567711984
51181,Surry,Virginia,94,71.09833333333333,35.97302267506373
51183,Sussex,Virginia,95,60.355000000000004,40.961874591971494
51185,Tazewell,Virginia,53,170.00333333333336,103.06060912956015
51187,Warren,Virginia,14,87.26666666666667,60.67663617784405
51191,Washington,Virginia,53,159.485,104.95808897147545
51193,Westmoreland,Virginia,95,119.455,53.178390519108596
51195,Wise,Virginia,30,210.38,127.90193289190145
51197,Wythe,Virginia,53,109.72166666666666,72.9550753555639
51199,York,Virginia,94,51.343333333333334,24.201456360128155
51510,Alexandria,Virginia,14,15.85,6.003940213195217
51520,Bristol,Virginia,53,176.09333333333333,112.9780412092356
51530,Buena Vista,Virginia,93,81.82833333333333,50.76359644954255
51540,Charlottesville,Virginia,93,2.825,0.6235831018220125
51550,Chesapeake,Virginia,94,16.365,7.327551776628992
51570,Colonial Heights,Virginia,95,30.40666666666667,19.128071201761152
51580,Covington,Virginia,93,120.00166666666668,82.9315101552934
51590,Danville,Virginia,51,75.96499999999999,48.17882295649636
51595,Emporia,Virginia,95,78.25833333333334,58.89755830439251
51600,Fairfax,Virginia,14,29.105,13.978928028114963
51610,Falls Church,Virginia,14,16.238333333333333,6.779103295070765
51620,Franklin,Virginia,94,67.60833333333333,37.40348033441266
51630,Fredericksburg,Virginia,95,67.92666666666666,52.5276955057241
51640,Galax,Virginia,53,83.77666666666667,54.35910553769791
51650,Hampton,Virginia,94,31.505,13.134497654063543
51660,Harrisonburg,Virginia,93,71.05166666666668,34.569864327012446
51670,Hopewell,Virginia,95,36.35666666666667,18.6245592487654
51678,Lexington,Virginia,93,79.4,54.12442534601791
51680,Lynchburg,Virginia,93,90.66166666666666,58.019639098824356
51683,Manassas,Virginia,14,48.875,25.050538664906707
51685,Manassas Park,Virginia,14,44.190000000000005,23.21122912101936
51690,Martinsville,Virginia,53,74.86999999999999,45.38508254576199
51700,Newport News,Virginia,94,41.57333333333334,19.203134427373204
51710,Norfolk,Virginia,94,10.353333333333333,3.293342262846822
51720,Norton,Virginia,30,213.89333333333335,127.98952256626539
51730,Petersburg,Virginia,95,33.65833333333333,22.886495413176156
51735,Poquoson,Virginia,94,44.87,19.237651605543462
51740,Portsmouth,Virginia,94,9.885,3.4657559127798536
51750,Radford,Virginia,53,124.17333333333333,73.21669528694785
51760,Richmond,Virginia,95,8.811666666666667,1.9982597612206308
51770,Roanoke,Virginia,93,135.87,95.25535009296486
51775,Salem,Virginia,93,134.88500000000002,99.39103488527498
51790,Staunton,Virginia,93,48.92833333333333,32.48681684431215
51800,Suffolk,Virginia,94,33.4,14.894895341189363
51810,Virginia Beach,Virginia,94,22.505,11.38409550361258
51820,Waynesboro,Virginia,93,35.611666666666665,21.76314902067517
51830,Williamsburg,Virginia,95,60.50833333333333,43.546424381229244
51840,Winchester,Virginia,124,104.72666666666667,59.04505079336163
53001,Adams,Washington,96,227.46,162.9433027247918
53003,Asotin,Washington,96,387.0066666666667,261.7274469802142
53005,Benton,Washington,96,247.645,173.43545153755994
53007,Chelan,Washington,96,197.02833333333334,91.86565662045692
53009,Clallam,Washington,126,165.54500000000002,79.61060656140717
53011,Clark,Washington,75,30.283333333333335,13.814197194065184
53013,Columbia,Washington,75,327.585,233.35962404286101
53015,Cowlitz,Washington,75,62.26,45.0574649144028
53017,Douglas,Washington,96,210.49333333333334,99.74902865519735
53019,Ferry,Washington,96,414.2033333333333,186.95670557107624
53021,Franklin,Washington,96,258.1766666666667,176.54714001986216
53023,Garfield,Washington,96,346.73499999999996,237.01519680550675
53025,Grant,Washington,96,200.68666666666667,137.42837711380986
53027,Grays Harbor,Washington,126,85.63166666666666,57.792435627864386
53029,Island,Washington,96,100.07333333333332,40.35933356299233
53031,Jefferson,Washington,126,131.26833333333335,63.528329257272844
53033,King,Washington,96,21.433333333333334,7.809407512849083
53035,Kitsap,Washington,126,68.46333333333334,34.968886802185764
53037,Kittitas,Washington,96,126.37166666666667,88.7595419791792
53039,Klickitat,Washington,75,152.57333333333332,77.12853158852501
53041,Lewis,Washington,126,80.01833333333335,36.481388189466585
53043,Lincoln,Washington,96,309.47666666666663,185.41467767471156
53045,Mason,Washington,126,71.825,25.815560561341353
53047,Okanogan,Washington,96,318.76666666666665,136.95139026712843
53049,Pacific,Washington,126,149.22,75.63980865327665
53051,Pend Oreille,Washington,96,394.7683333333333,239.15286808704698
53053,Pierce,Washington,126,17.178333333333335,8.290951433454238
53055,San Juan,Washington,96,165.905,70.98866551149717
53057,Skagit,Washington,96,80.015,56.40393746618497
53059,Skamania,Washington,75,75.24333333333334,38.5642522592437
53061,Snohomish,Washington,96,39.85,19.914707570073084
53063,Spokane,Washington,96,319.90833333333336,229.79520786293398
53065,Stevens,Washington,96,399.75333333333333,212.39389481744
53067,Thurston,Washington,126,31.78666666666667,15.334925646944162
53069,Wahkiakum,Washington,75,113.90666666666667,62.13911570737377
53071,Walla Walla,Washington,75,285.12333333333333,210.6610174839223
53073,Whatcom,Washington,96,111.88000000000001,81.43620950753792
53075,Whitman,Washington,96,345.0083333333333,246.02993586606686
53077,Yakima,Washington,96,188.19,118.25984314973715
54001,Barbour,West Virginia,99,65.19666666666667,37.644268608462944
54003,Berkeley,West Virginia,124,97.28,57.083057277256124
54005,Boone,West Virginia,99,227.23,146.82669623606722
54007,Braxton,West Virginia,99,116.50666666666666,78.10330547874429
54009,Brooke,West Virginia,80,67.56,34.11479826367647
54011,Cabell,West Virginia,30,151.74833333333333,120.71399576056587
54013,Calhoun,West Virginia,99,161.55,82.63875266978935
54015,Clay,West Virginia,99,161.71166666666667,102.07524924630056
54017,Doddridge,West Virginia,99,79.75833333333334,48.04127173690354
54019,Fayette,West Virginia,99,183.48333333333332,128.53452850898722
54021,Gilmer,West Virginia,99,120.64,68.6136953899896
54023,Grant,West Virginia,99,151.8,59.16233396850371
54025,Greenbrier,West Virginia,93,154.24833333333333,109.07948463890828
54027,Hampshire,West Virginia,99,156.36833333333334,75.23227601851683
54029,Hancock,West Virginia,80,70.075,31.997990054575947
54031,Hardy,West Virginia,14,157.23333333333332,98.83158206190579
54033,Harrison,West Virginia,99,54.623333333333335,32.44569869473071
54035,Jackson,West Virginia,73,168.61666666666667,105.80781137626889
54037,Jefferson,West Virginia,124,81.645,45.83680621347707
54039,Kanawha,West Virginia,99,180.35,127.61756697698887
54041,Lewis,West Virginia,99,75.2,50.75089445601883
54043,Lincoln,West Virginia,30,207.4,133.11323395457913
54045,Logan,West Virginia,30,240.725,138.5753343256973
54047,McDowell,West Virginia,53,204.87833333333336,119.02725867755291
54049,Marion,West Virginia,99,42.00666666666667,16.61110933112497
54051,Marshall,West Virginia,99,97.65,43.981773463312
54053,Mason,West Virginia,73,153.48833333333332,95.45430904610252
54055,Mercer,West Virginia,53,146.38,99.81131799366835
54057,Mineral,West Virginia,99,111.69833333333332,57.3210152580173
54059,Mingo,West Virginia,30,201.81,130.31874480157916
54061,Monongalia,West Virginia,99,7.97,1.1864975422358954
54063,Monroe,West Virginia,53,182.15166666666667,100.91606915182311
54065,Morgan,West Virginia,124,121.78999999999999,72.49070083499706
54067,Nicholas,West Virginia,99,157.60666666666665,104.62119883097283
54069,Ohio,West Virginia,80,84.25666666666666,45.12664794365843
54071,Pendleton,West Virginia,93,135.71666666666667,63.34958911497516
54073,Pleasants,West Virginia,99,120.86833333333334,68.43938088768378
54075,Pocahontas,West Virginia,93,188.93333333333334,84.43084194663555
54077,Preston,West Virginia,99,56.315000000000005,18.425374010243697
54079,Putnam,West Virginia,73,177.56,120.04081861430855
54081,Raleigh,West Virginia,53,176.9116666666667,127.00820843732632
54083,Randolph,West Virginia,99,105.28833333333334,54.27865985161043
54085,Ritchie,West Virginia,99,108.54166666666667,65.22335516505558
54087,Roane,West Virginia,99,201.80499999999998,98.0450794363525
54089,Summers,West Virginia,53,193.765,113.26280117137016
54091,Taylor,West Virginia,99,45.64833333333333,22.537890637238284
54093,Tucker,West Virginia,99,114.99666666666667,42.04674817599264
54095,Tyler,West Virginia,99,127.065,52.700772226482115
54097,Upshur,West Virginia,99,90.23,50.464548014855
54099,Wayne,West Virginia,30,159.79166666666666,110.48944897380024
54101,Webster,West Virginia,99,204.57833333333335,86.40708919524327
54103,Wetzel,West Virginia,99,94.37833333333333,43.20163058528312
54105,Wirt,West Virginia,99,162.11,87.23401374327148
54107,Wood,West Virginia,99,135.55833333333334,88.06874225521356
54109,Wyoming,West Virginia,53,220.475,128.58530527506986
55001,Adams,Wisconsin,98,171.68833333333333,108.05213804161954
55003,Ashland,Wisconsin,43,304.2883333333333,157.19885803416628
55005,Barron,Wisconsin,43,134.51000000000002,76.07072561693111
55007,Bayfield,Wisconsin,43,270.40666666666664,151.84912295764073
55009,Brown,Wisconsin,98,145.76833333333335,100.28432743759728
55011,Buffalo,Wisconsin,44,95.15,43.592962523975736
55013,Burnett,Wisconsin,43,130.10166666666666,71.97445329754018
55015,Calumet,Wisconsin,98,117.455,77.43284098041029
55017,Chippewa,Wisconsin,43,122.29166666666667,93.05206549304015
55019,Clark,Wisconsin,43,185.95833333333334,131.86597273592125
55021,Columbia,Wisconsin,98,118.13833333333334,73.52325297290737
55023,Crawford,Wisconsin,44,167.82666666666668,94.1289154418154
55025,Dane,Wisconsin,98,91.13166666666666,69.44553350391818
55027,Dodge,Wisconsin,98,72.64666666666668,44.067322383924285
55029,Door,Wisconsin,98,197.64166666666668,133.56698502496926
55031,Douglas,Wisconsin,43,193.48833333333332,128.56348619906586
55033,Dunn,Wisconsin,43,89.86833333333334,65.60564350972118
55035,Eau Claire,Wisconsin,43,110.76166666666667,87.91043517465896
55037,Florence,Wisconsin,98,293.93666666666667,194.32158759798423
55039,Fond du Lac,Wisconsin,98,72.26333333333334,54.97042520085354
55041,Forest,Wisconsin,98,274.04,178.30103155026055
55043,Grant,Wisconsin,22,169.12333333333333,93.65434421128995
55045,Green,Wisconsin,98,141.80833333333334,82.8252129255294
55047,Green Lake,Wisconsin,98,117.61166666666666,74.41285922528859
55049,Iowa,Wisconsin,98,141.98333333333332,106.27216080797193
55051,Iron,Wisconsin,43,341.65,174.76545360571265
55053,Jackson,Wisconsin,44,154.085,80.1819656503781
55055,Jefferson,Wisconsin,98,59.1,38.63895943153589
55057,Juneau,Wisconsin,44,148.13500000000002,118.53550063116387
55059,Kenosha,Wisconsin,98,53.891666666666666,33.07070181788115
55061,Kewaunee,Wisconsin,98,166.64166666666668,104.60955351406594
55063,La Crosse,Wisconsin,44,86.35333333333332,63.576088106236604
55065,Lafayette,Wisconsin,22,170.66333333333333,99.93349646945845
55067,Langlade,Wisconsin,98,234.64166666666668,157.29363807435266
55069,Lincoln,Wisconsin,98,241.32999999999998,175.5781359883292
55071,Manitowoc,Wisconsin,98,100.775,74.57799135909403
55073,Marathon,Wisconsin,98,209.05333333333334,153.56584035489593
55075,Marinette,Wisconsin,98,224.82000000000002,150.40712504705652
55077,Marquette,Wisconsin,98,141.81,87.41688096925519
55078,Menominee,Wisconsin,98,192.56666666666666,132.5654413729527
55079,Milwaukee,Wisconsin,98,9.518333333333334,3.2326778480421283
55081,Monroe,Wisconsin,44,125.14833333333333,90.78269211061105
55083,Oconto,Wisconsin,98,181.62333333333333,127.94922568105316
55085,Oneida,Wisconsin,98,301.97,197.9968498119214
55087,Outagamie,Wisconsin,98,121.71333333333334,89.31029618767566
55089,Ozaukee,Wisconsin,98,42.005,19.19545914137232
55091,Pepin,Wisconsin,44,85.78999999999999,45.899774269886684
55093,Pierce,Wisconsin,43,60.18333333333333,36.21777138571705
55095,Polk,Wisconsin,43,76.03833333333334,47.20457739469899
55097,Portage,Wisconsin,98,171.03833333333333,125.34057527307426
55099,Price,Wisconsin,43,255.40666666666667,147.07758188898524
55101,Racine,Wisconsin,98,41.25333333333333,21.97361516188587
55103,Richland,Wisconsin,98,176.63666666666668,121.2072133459315
55105,Rock,Wisconsin,98,91.53500000000001,58.19019604040575
55107,Rusk,Wisconsin,43,180.95166666666668,107.36801363586214
55109,St. Croix,Wisconsin,43,54.88,31.977524459793315
55111,Sauk,Wisconsin,98,144.93166666666667,97.07275746957306
55113,Sawyer,Wisconsin,43,204.665,113.1848642353599
55115,Shawano,Wisconsin,98,185.30333333333334,124.7124885181976
55117,Sheboygan,Wisconsin,98,77.11999999999999,48.589993610143765
55119,Taylor,Wisconsin,43,202.975,138.4475354585817
55121,Trempealeau,Wisconsin,44,122.17333333333333,57.66890650932217
55123,Vernon,Wisconsin,44,143.32666666666668,86.29048228497271
55125,Vilas,Wisconsin,97,283.8333333333333,201.21623034103644
55127,Walworth,Wisconsin,98,50.016666666666666,37.324625700095716
55129,Washburn,Wisconsin,43,157.12,90.82105084591117
55131,Washington,Wisconsin,98,35.67666666666666,22.94599512096546
55133,Waukesha,Wisconsin,98,23.946666666666665,10.915387744014929
55135,Waupaca,Wisconsin,98,146.015,106.18963338222706
55137,Waushara,Wisconsin,97,129.545,71.57598046429351
55139,Winnebago,Wisconsin,98,97.36333333333333,77.45793706817861
55141,Wood,Wisconsin,97,165.82999999999998,100.42526177008973
56001,Albany,Wyoming,12,158.47333333333333,115.55324109179277
56003,Big Horn,Wyoming,92,503.84166666666664,323.24077459074056
56005,Campbell,Wyoming,12,362.39500000000004,313.6777525898763
56007,Carbon,Wyoming,12,341.1716666666667,176.9221069671619
56009,Converse,Wyoming,12,252.17000000000002,213.3591239710566
56011,Crook,Wyoming,12,428.8933333333333,324.338175172484
56013,Fremont,Wyoming,92,353.31166666666667,227.03094317919215
56015,Goshen,Wyoming,12,226.53833333333333,162.59933213989407
56017,Hot Springs,Wyoming,92,412.27166666666665,271.9263425624623
56019,Johnson,Wyoming,12,404.03,328.15716810905803
56021,Laramie,Wyoming,12,125.53833333333334,97.51168391746904
56023,Lincoln,Wyoming,92,261.7416666666667,139.07254651104063
56025,Natrona,Wyoming,12,290.49666666666667,227.76911834293938
56027,Niobrara,Wyoming,12,292.20166666666665,212.88323310538985
56029,Park,Wyoming,92,504.52666666666664,302.8655491894278
56031,Platte,Wyoming,12,189.2133333333333,163.33778001910866
56033,Sheridan,Wyoming,12,435.15166666666664,364.8214915885919
56035,Sublette,Wyoming,92,275.50333333333333,171.33060923652843
56037,Sweetwater,Wyoming,92,191.64166666666668,143.24309282410218
56039,Teton,Wyoming,92,330.02000000000004,195.71138074008695
56041,Uinta,Wyoming,92,144.29333333333335,66.0061222597418
56043,Washakie,Wyoming,92,450.22333333333336,300.7381412590819
56045,Weston,Wyoming,12,387.08,289.0743107427314
72001,Adjuntas,Puerto Rico,81,91.27666666666667,46.394204585174116
72003,Aguada,Puerto Rico,81,120.385,72.29415267103815
72005,Aguadilla,Puerto Rico,81,110.12333333333332,69.07695252714545
72007,Aguas Buenas,Puerto Rico,81,26.02,10.8153001775342
72009,Aibonito,Puerto Rico,81,57.348333333333336,22.08286731192225
72011,AÃ±asco,Puerto Rico,81,126.57,70.27283758603267
72013,Arecibo,Puerto Rico,81,62.22666666666667,40.50742855538595
72015,Arroyo,Puerto Rico,81,69.85666666666665,28.60200228137029
72017,Barceloneta,Puerto Rico,81,46.568333333333335,31.898743806304747
72019,Barranquitas,Puerto Rico,81,52.375,20.583049039464846
72021,BayamÃ³n,Puerto Rico,81,17.726666666666667,6.387253913541356
72023,Cabo Rojo,Puerto Rico,81,151.02333333333334,74.5471085354005
72025,Caguas,Puerto Rico,81,19.64333333333333,11.995358020985849
72027,Camuy,Puerto Rico,81,83.31166666666667,51.802128086214864
72029,CanÃ³vanas,Puerto Rico,81,20.783333333333335,12.056741847793287
72031,Carolina,Puerto Rico,81,14.903333333333334,6.751057077854643
72033,CataÃ±o,Puerto Rico,81,16.063333333333333,5.120983905215572
72035,Cayey,Puerto Rico,81,36.68,19.909290112810115
72037,Ceiba,Puerto Rico,81,53.74,28.985326756810096
72039,Ciales,Puerto Rico,81,59.123333333333335,28.084710700550215
72041,Cidra,Puerto Rico,81,35.3,16.433080037229942
72043,Coamo,Puerto Rico,81,73.57166666666667,29.022263506122762
72045,ComerÃ­o,Puerto Rico,81,39.29,15.36924966415083
72047,Corozal,Puerto Rico,81,42.309999999999995,17.24128552840829
72049,Culebra,Puerto Rico,81,120.805,51.020011332977056
72051,Dorado,Puerto Rico,81,28.146666666666665,14.038180054864192
72053,Fajardo,Puerto Rico,81,47.695,27.81955229596005
72054,Florida,Puerto Rico,81,59.169999999999995,32.099590850832655
72055,GuÃ¡nica,Puerto Rico,81,123.23166666666665,61.93282090037936
72057,Guayama,Puerto Rico,81,64.01166666666667,28.98739397223867
72059,Guayanilla,Puerto Rico,81,105.5,53.497329372266265
72061,Guaynabo,Puerto Rico,81,9.476666666666667,3.3699789214437788
72063,Gurabo,Puerto Rico,81,23.521666666666665,11.772353846643732
72065,Hatillo,Puerto Rico,81,73.08999999999999,47.49461280056581
72067,Hormigueros,Puerto Rico,81,141.61,70.91255883968606
72069,Humacao,Puerto Rico,81,45.083333333333336,24.485061822914176
72071,Isabela,Puerto Rico,81,93.78166666666667,62.07182859848241
72073,Jayuya,Puerto Rico,81,91.30333333333333,36.295279004849284
72075,Juana DÃ­az,Puerto Rico,81,77.81333333333333,37.47662084583132
72077,Juncos,Puerto Rico,81,30.128333333333334,16.015665119072928
72079,Lajas,Puerto Rico,81,141.02666666666667,68.64671628235281
72081,Lares,Puerto Rico,81,89.59333333333333,52.71358091710031
72083,Las MarÃ­as,Puerto Rico,81,122.00166666666668,61.2247000743074
72085,Las Piedras,Puerto Rico,81,37.34166666666667,20.004763275226704
72087,LoÃ­za,Puerto Rico,81,33.92666666666666,13.54295614681219
72089,Luquillo,Puerto Rico,81,41.34,23.17020120848344
72091,ManatÃ­,Puerto Rico,81,43.60666666666667,26.838774490014462
72093,Maricao,Puerto Rico,81,122.66666666666667,59.77166607434435
72095,Maunabo,Puerto Rico,81,62.32833333333333,29.0324415946397
72097,MayagÃ¼ez,Puerto Rico,81,138.54333333333335,70.74798981289749
72099,Moca,Puerto Rico,81,119.04333333333334,66.18342664941632
72101,Morovis,Puerto Rico,81,54.58833333333334,22.709203960182556
72103,Naguabo,Puerto Rico,81,62.59666666666667,24.678851788997918
72105,Naranjito,Puerto Rico,81,41.583333333333336,13.692212990869079
72107,Orocovis,Puerto Rico,81,74.02833333333334,24.966689797966186
72109,Patillas,Puerto Rico,81,64.90166666666667,27.39431947911145
72111,PeÃ±uelas,Puerto Rico,81,101.86,48.561821082547276
72113,Ponce,Puerto Rico,81,87.595,44.099682990983894
72115,Quebradillas,Puerto Rico,81,83.54833333333333,56.03895962454306
72117,RincÃ³n,Puerto Rico,81,134.13,76.13784548589702
72119,RÃ­o Grande,Puerto Rico,81,29.361666666666668,16.338453790815063
72121,Sabana Grande,Puerto Rico,81,127.65833333333333,61.79266032091598
72123,Salinas,Puerto Rico,81,67.01833333333333,30.66948923031062
72125,San GermÃ¡n,Puerto Rico,81,137.23999999999998,66.78218290488226
72127,San Juan,Puerto Rico,81,5.614999999999999,1.226670120837612
72129,San Lorenzo,Puerto Rico,81,31.133333333333333,17.049250681193925
72131,San SebastiÃ¡n,Puerto Rico,81,105.42666666666668,59.68048644624041
72133,Santa Isabel,Puerto Rico,81,71.42333333333333,35.22263973121112
72135,Toa Alta,Puerto Rico,81,27.404999999999998,10.388017498617343
72137,Toa Baja,Puerto Rico,81,20.78666666666667,8.608141514611427
72139,Trujillo Alto,Puerto Rico,81,15.173333333333334,5.457968142914242
72141,Utuado,Puerto Rico,81,80.84166666666667,42.45124260935343
72143,Vega Alta,Puerto Rico,81,34.505,16.940539438540693
72145,Vega Baja,Puerto Rico,81,37.86333333333334,21.466549881482013
72147,Vieques,Puerto Rico,81,106.55333333333333,44.92040302285119
72149,Villalba,Puerto Rico,81,88.78500000000001,33.02686119038444
72151,Yabucoa,Puerto Rico,81,58.90833333333333,25.910464098504747
72153,Yauco,Puerto Rico,81,113.77833333333334,57.06203483554195
