fips,county,state,pop2020,pw_lat,pw_lon,land_area_sqmi
01001,Autauga,Alabama,58805,32.500194,-86.487813,594.4560818852563
01003,Baldwin,Alabama,231767,30.537396,-87.761478,1589.836068398013
01005,Barbour,Alabama,25223,31.843981,-85.301306,885.0079813686867
01007,Bibb,Alabama,22293,33.032236,-87.136826,622.4695436922295
01009,Blount,Alabama,59134,33.954604,-86.592667,644.8906400578032
01011,Bullock,Alabama,10357,32.115838,-85.702354,622.8150085986302
01013,Butler,Alabama,19051,31.776019,-86.6524,776.8385261042763
01015,Calhoun,Alabama,116441,33.727215,-85.817974,605.8893166115732
01017,Chambers,Alabama,34772,32.85644,-85.25964,596.5608857563443
01019,Cherokee,Alabama,24971,34.180501,-85.629887,553.5241047882648
01021,Chilton,Alabama,45014,32.879146,-86.688861,692.8367076557738
01023,Choctaw,Alabama,12665,32.016121,-88.262482,913.4791282883534
01025,Clarke,Alabama,23087,31.683493,-87.815868,1238.4203902773902
01027,Clay,Alabama,14236,33.274342,-85.817245,603.9623965686854
01029,Cleburne,Alabama,15056,33.625217,-85.495748,560.1054489010762
01031,Coffee,Alabama,53465,31.353217,-85.899556,678.9861008280845
01033,Colbert,Alabama,57227,34.724339,-87.681892,592.9534054887997
01035,Conecuh,Alabama,11597,31.41643,-86.997537,850.2793412437712
01037,Coosa,Alabama,10387,32.976884,-86.156212,650.9091514709695
01039,Covington,Alabama,37570,31.284146,-86.409203,1030.5706530830369
01041,Crenshaw,Alabama,13194,31.747324,-86.296787,608.8648657927623
01043,Cullman,Alabama,87866,34.162652,-86.83269,734.7392699034438
01045,Dale,Alabama,49326,31.383858,-85.63771,561.1130639514789
01047,Dallas,Alabama,38462,32.411818,-87.035342,978.7379325073427
01049,DeKalb,Alabama,71608,34.452725,-85.817465,777.0770275852734
01051,Elmore,Alabama,87977,32.558527,-86.225332,618.5146942624382
01053,Escambia,Alabama,36757,31.085439,-87.280078,945.4078771813358
01055,Etowah,Alabama,103436,34.012182,-86.025892,535.1054557543896
01057,Fayette,Alabama,16321,33.726912,-87.76749,627.6836745787223
01059,Franklin,Alabama,32113,34.463509,-87.793592,633.9201719346889
01061,Geneva,Alabama,26659,31.094511,-85.781426,574.4846573832341
01063,Greene,Alabama,7730,32.833838,-87.924522,647.0230695383385
01065,Hale,Alabama,14785,32.783251,-87.627964,643.9900818695264
01067,Henry,Alabama,17146,31.469275,-85.271132,561.763058441222
01069,Houston,Alabama,107202,31.204793,-85.39632,579.8259197413845
01071,Jackson,Alabama,52579,34.727289,-85.943552,1078.0144677961475
01073,Jefferson,Alabama,674721,33.517206,-86.811606,1111.531101198762
01075,Lamar,Alabama,13972,33.761275,-88.108771,604.8462836379585
01077,Lauderdale,Alabama,93564,34.865524,-87.608858,668.0148222765393
01079,Lawrence,Alabama,33073,34.540863,-87.27158,690.6843861920278
01081,Lee,Alabama,174241,32.592265,-85.359778,607.542101033043
01083,Limestone,Alabama,103570,34.803982,-86.922366,559.9629791350665
01085,Lowndes,Alabama,10311,32.164241,-86.615186,716.0850688229608
01087,Macon,Alabama,19532,32.429073,-85.711764,608.6651857255051
01089,Madison,Alabama,388153,34.742996,-86.61533,801.6012737602877
01091,Marengo,Alabama,19323,32.342372,-87.803475,976.898359583589
01093,Marion,Alabama,29341,34.110448,-87.876476,742.3431997917551
01095,Marshall,Alabama,97612,34.311249,-86.291329,565.8450042073746
01097,Mobile,Alabama,414809,30.684049,-88.175178,1229.374038323288
01099,Monroe,Alabama,19772,31.4988,-87.364576,1025.6686745948034
01101,Montgomery,Alabama,228954,32.346473,-86.233787,785.354706512533
01103,Morgan,Alabama,123421,34.513887,-86.931981,579.6688912212805
01105,Perry,Alabama,8511,32.584881,-87.369738,719.6697902987671
01107,Pickens,Alabama,19123,33.284667,-88.074381,881.4075362685738
01109,Pike,Alabama,33009,31.786041,-85.946994,672.0669343149997
01111,Randolph,Alabama,21967,33.264692,-85.427378,580.5502937231631
01113,Russell,Alabama,59183,32.414904,-85.054594,641.1815126054768
01115,St. Clair,Alabama,91103,33.660943,-86.374875,631.5703565141077
01117,Shelby,Alabama,223024,33.290336,-86.73899,785.4395760141155
01119,Sumter,Alabama,12345,32.571003,-88.230925,903.8261233562189
01121,Talladega,Alabama,82149,33.376936,-86.165876,736.8167315640688
01123,Tallapoosa,Alabama,41311,32.851728,-85.864016,716.5276144839137
01125,Tuscaloosa,Alabama,227036,33.214817,-87.518474,1320.8480779473541
01127,Walker,Alabama,65342,33.834217,-87.250515,791.0297700169751
01129,Washington,Alabama,15388,31.413666,-88.195263,1080.2030087311869
01131,Wilcox,Alabama,10600,32.007448,-87.376912,887.8575736009847
01133,Winston,Alabama,23540,34.164369,-87.415624,612.9979762725629
02013,Aleutians East,Alaska,3420,54.672887,-163.763729,6985.233817540576
02016,Aleutians West,Alaska,5232,54.024627,-168.148047,4393.02596837018
02020,Anchorage,Alaska,291247,61.191547,-149.792287,1706.8858316110186
02050,Bethel,Alaska,18666,60.667568,-162.178288,40627.13800025901
02060,Bristol Bay,Alaska,844,58.733456,-156.833611,481.97743077669963
02063,Chugach,Alaska,7102,60.881369,-146.199156,9529.838482154268
02066,Copper River,Alaska,2617,62.060769,-145.032939,24692.134819105406
02068,Denali,Alaska,1619,63.86431,-149.027498,12641.04860388722
02070,Dillingham,Alaska,4857,59.128804,-158.75132,18333.993525939393
02090,Fairbanks North Star,Alaska,95655,64.831239,-147.623249,7334.821622405055
02100,Haines,Alaska,2080,59.234185,-135.497336,2343.3925937984327
02105,Hoonah-Angoon,Alaska,2365,58.123876,-135.423534,6555.257701163733
02110,Juneau,Alaska,32255,58.360173,-134.533023,2704.030496881316
02122,Kenai Peninsula,Alaska,58799,60.283998,-151.068103,16017.4222537261
02130,Ketchikan Gateway,Alaska,13948,55.369105,-131.678418,4856.9295516958955
02150,Kodiak Island,Alaska,13101,57.774607,-152.454785,6689.394442818504
02158,Kusilvak,Alaska,8368,62.076819,-164.34049,17077.062427132147
02164,Lake and Peninsula,Alaska,1476,58.617154,-156.27339,23831.833237257604
02170,Matanuska-Susitna,Alaska,107081,61.607247,-149.432649,24706.983463333352
02180,Nome,Alaska,10046,64.431631,-165.269108,22969.462323130127
02185,North Slope,Alaska,11031,70.480816,-155.295377,88823.62303972122
02188,Northwest Arctic,Alaska,7793,66.897051,-161.582978,35663.280638381
02195,Petersburg,Alaska,3398,56.79507,-132.943575,2900.6557350566372
02198,Prince of Wales-Hyder,Alaska,5753,55.59077,-132.668824,5267.724661485029
02220,Sitka,Alaska,8458,57.062777,-135.335988,2870.0578718100755
02230,Skagway,Alaska,1240,59.465893,-135.310551,433.93292681949805
02240,Southeast Fairbanks,Alaska,6808,63.861551,-144.698751,24831.058088139256
02275,Wrangell,Alaska,2127,56.426145,-132.355422,2555.995138525945
02282,Yakutat,Alaska,662,59.545059,-139.714907,7623.279652430529
02290,Yukon-Koyukuk,Alaska,5343,64.966051,-152.827744,145575.55154336212
04001,Apache,Arizona,66021,35.543654,-109.419015,11198.31080151175
04003,Cochise,Arizona,125447,31.603486,-110.072835,6209.749784913106
04005,Coconino,Arizona,145101,35.476113,-111.601825,18616.353995540157
04007,Gila,Arizona,53272,33.844439,-111.015003,4757.577882857539
04009,Graham,Arizona,38533,32.867145,-109.808107,4621.876798886155
04011,Greenlee,Arizona,9563,32.985155,-109.259546,1842.1428849725492
04012,La Paz,Arizona,16557,33.954185,-114.183775,4496.579214025813
04013,Maricopa,Arizona,4420568,33.490147,-112.044016,9201.996606077084
04015,Mohave,Arizona,213267,35.034511,-114.262415,13332.11710458393
04017,Navajo,Arizona,106717,34.862151,-110.205157,9949.493810996684
04019,Pima,Arizona,1043433,32.216427,-110.95803,9188.682680863736
04021,Pinal,Arizona,425264,33.069323,-111.602135,5366.67053965742
04023,Santa Cruz,Arizona,47669,31.439234,-110.945948,1236.2424470744
04025,Yavapai,Arizona,236209,34.628734,-112.273841,8122.93287863781
04027,Yuma,Arizona,203881,32.641391,-114.605444,5513.837973178958
05001,Arkansas,Arkansas,17149,34.403488,-91.460834,992.1405635333207
05003,Ashley,Arkansas,19062,33.17959,-91.877908,925.4916421218629
05005,Baxter,Arkansas,41627,36.331791,-92.383935,553.92557033785
05007,Benton,Arkansas,284333,36.335056,-94.230342,847.7208947495902
05009,Boone,Arkansas,37373,36.266608,-93.098769,589.7229149828028
05011,Bradley,Arkansas,10545,33.574422,-92.101277,649.1670789948145
05013,Calhoun,Arkansas,4739,33.585989,-92.500683,628.6005231892744
05015,Carroll,Arkansas,28260,36.375744,-93.574712,629.9378088650762
05017,Chicot,Arkansas,10208,33.325951,-91.318357,636.9777029594163
05019,Clark,Arkansas,21446,34.099325,-93.123962,865.9712229335292
05021,Clay,Arkansas,14552,36.370287,-90.366417,639.2237607608168
05023,Cleburne,Arkansas,24711,35.507218,-92.037753,553.9591701059971
05025,Cleveland,Arkansas,7550,33.912967,-92.136375,597.9137772952943
05027,Columbia,Arkansas,22801,33.258766,-93.247178,766.0648596568268
05029,Conway,Arkansas,20715,35.21299,-92.705923,551.9170028158933
05031,Craighead,Arkansas,111231,35.835762,-90.669235,707.1604027556714
05033,Crawford,Arkansas,60133,35.494096,-94.285922,595.2686273142775
05035,Crittenden,Arkansas,48163,35.176704,-90.213521,612.8648308736831
05037,Cross,Arkansas,16833,35.251667,-90.777424,616.3175733652306
05039,Dallas,Arkansas,6482,33.864882,-92.525216,667.3228700652221
05041,Desha,Arkansas,11395,33.768029,-91.415165,741.214041326236
05043,Drew,Arkansas,17350,33.627329,-91.784085,828.6622188392981
05045,Faulkner,Arkansas,123498,35.105697,-92.406071,647.2463473973246
05047,Franklin,Arkansas,17097,35.442155,-93.891039,608.962948482416
05049,Fulton,Arkansas,12075,36.375654,-91.766807,618.0358580873949
05051,Garland,Arkansas,100180,34.505767,-93.080729,677.6090284831463
05053,Grant,Arkansas,17958,34.311672,-92.412583,631.8846004277603
05055,Greene,Arkansas,45736,36.071536,-90.522562,577.3402152799845
05057,Hempstead,Arkansas,20065,33.698177,-93.620782,727.1996885730878
05059,Hot Spring,Arkansas,33040,34.353569,-92.895511,614.943872078239
05061,Howard,Arkansas,12785,33.981466,-93.908938,587.3264727072435
05063,Independence,Arkansas,37938,35.750729,-91.607338,763.7115137181074
05065,Izard,Arkansas,13577,36.1215,-91.911716,580.1773016633656
05067,Jackson,Arkansas,16755,35.623062,-91.246504,633.6108226381009
05069,Jefferson,Arkansas,67260,34.234814,-92.045118,872.3667955371425
05071,Johnson,Arkansas,25749,35.476548,-93.473125,660.9954722919558
05073,Lafayette,Arkansas,6308,33.278875,-93.557713,529.4724661882715
05075,Lawrence,Arkansas,16216,36.070844,-91.064441,587.5279315471453
05077,Lee,Arkansas,8600,34.787429,-90.769631,599.807168612832
05079,Lincoln,Arkansas,12941,33.973433,-91.745899,559.4615729722404
05081,Little River,Arkansas,12026,33.700349,-94.198663,531.2545921301546
05083,Logan,Arkansas,21131,35.227664,-93.768311,709.1160098028404
05085,Lonoke,Arkansas,74015,34.916983,-91.973917,771.4484577305647
05087,Madison,Arkansas,16521,36.062896,-93.757685,834.2277057789273
05089,Marion,Arkansas,16826,36.284395,-92.660219,596.6534518183561
05091,Miller,Arkansas,42600,33.402394,-93.987198,624.0404049576892
05093,Mississippi,Arkansas,40685,35.843368,-90.001606,902.0929184883402
05095,Monroe,Arkansas,6799,34.777063,-91.221516,607.4687736693896
05097,Montgomery,Arkansas,8484,34.514568,-93.622447,780.4529361333632
05099,Nevada,Arkansas,8310,33.725543,-93.359433,617.789634949328
05101,Newton,Arkansas,7225,35.982591,-93.165658,821.0718338008123
05103,Ouachita,Arkansas,22650,33.573847,-92.838686,732.7209135334602
05105,Perry,Arkansas,10019,34.998711,-92.777667,551.3772505310845
05107,Phillips,Arkansas,16568,34.530919,-90.703802,690.3599877916042
05109,Pike,Arkansas,10171,34.186355,-93.626194,600.3353204582859
05111,Poinsett,Arkansas,22965,35.604751,-90.558401,758.2951645287669
05113,Polk,Arkansas,19221,34.522847,-94.25793,856.8382122804418
05115,Pope,Arkansas,63381,35.309054,-93.096833,811.1275750219564
05117,Prairie,Arkansas,8282,34.863817,-91.540516,647.5202996202172
05119,Pulaski,Arkansas,399125,34.775246,-92.315081,758.3081850518612
05121,Randolph,Arkansas,18571,36.302137,-90.989599,651.9126410198077
05123,St. Francis,Arkansas,23090,35.016355,-90.774948,634.7839878693497
05125,Saline,Arkansas,123416,34.596991,-92.546119,723.5323319688908
05127,Scott,Arkansas,9836,34.904224,-94.097007,892.8499212299473
05129,Searcy,Arkansas,7828,35.923072,-92.660663,665.833733113161
05131,Sebastian,Arkansas,127799,35.318718,-94.354788,531.1818323366743
05133,Sevier,Arkansas,15839,34.015316,-94.30378,563.5743590344127
05135,Sharp,Arkansas,17271,36.178093,-91.51953,604.6243405341347
05137,Stone,Arkansas,12359,35.855714999999996,-92.133812,606.4403492570474
05139,Union,Arkansas,39054,33.207421,-92.65198,1039.0670376475205
05141,Van Buren,Arkansas,15796,35.568095,-92.42013,709.5625126248167
05143,Washington,Arkansas,245871,36.09592,-94.172336,941.470828219362
05145,White,Arkansas,76822,35.239408,-91.773595,1034.0786545155222
05147,Woodruff,Arkansas,6269,35.233161,-91.251021,585.9651988904304
05149,Yell,Arkansas,20263,35.127752,-93.28293,930.2105993065737
06001,Alameda,California,1682353,37.706599,-122.098766,737.4618229424999
06003,Alpine,California,1204,38.728485,-119.847822,738.3403034232463
06005,Amador,California,40474,38.395906,-120.778038,594.5841106583305
06007,Butte,California,211632,39.658926,-121.72651,1636.4896366261698
06009,Calaveras,California,45292,38.157342,-120.645222,1020.0191069603019
06011,Colusa,California,21839,39.153446,-122.083801,1150.7128992186763
06013,Contra Costa,California,1165927,37.93501,-122.024961,716.9293560965422
06015,Del Norte,California,27743,41.790833,-124.164236,1006.2277988604358
06017,El Dorado,California,191185,38.741021,-120.761446,1707.8503198225108
06019,Fresno,California,1008654,36.743848,-119.765291,5958.382294272386
06021,Glenn,California,28917,39.665777,-122.179287,1313.9675382525213
06023,Humboldt,California,136463,40.757636,-124.088127,3568.188283690615
06025,Imperial,California,179702,32.841599,-115.540049,4175.538574962802
06027,Inyo,California,19016,37.171422,-118.268567,10197.260346882442
06029,Kern,California,909235,35.369809,-118.941786,8134.64454630257
06031,Kings,California,152486,36.252657,-119.726922,1390.9723790199178
06033,Lake,California,68163,38.976233,-122.732922,1256.5512125073037
06035,Lassen,California,32730,40.393749,-120.584467,4541.368881805407
06037,Los Angeles,California,10014009,34.067886,-118.24599,4059.288372563224
06039,Madera,California,156255,37.037074,-120.009796,2136.9177451552086
06041,Marin,California,262321,37.986474,-122.546657,520.4231640275755
06043,Mariposa,California,17131,37.532076000000004,-119.971401,1448.8394639773078
06045,Mendocino,California,91601,39.285646,-123.394154,3506.8240008252396
06047,Merced,California,281202,37.274812,-120.628944,1938.0039281338632
06049,Modoc,California,8700,41.521665,-120.631201,3948.233463511923
06051,Mono,California,13195,37.773016,-118.970627,3048.903853462092
06053,Monterey,California,439035,36.614681,-121.646692,3281.722799878027
06055,Napa,California,138019,38.325108,-122.319983,748.2787108238887
06057,Nevada,California,102241,39.220021,-120.915206,957.7601114933304
06059,Orange,California,3186989,33.732683,-117.858773,792.8517111995545
06061,Placer,California,404739,38.839708,-121.198379,1407.0863340758735
06063,Plumas,California,19790,39.981152,-120.821957,2553.062211548145
06065,Riverside,California,2418185,33.799274,-117.076969,7209.270419778105
06067,Sacramento,California,1585055,38.568337,-121.381235,965.273113551089
06069,San Benito,California,64209,36.843074,-121.402614,1388.6515814931677
06071,San Bernardino,California,2181654,34.190969,-117.359766,20068.094327660834
06073,San Diego,California,3298634,32.884418,-117.112348,4210.256828167447
06075,San Francisco,California,873965,37.760569,-122.436499,46.91414934719527
06077,San Joaquin,California,779233,37.924541,-121.302289,1392.3702927732745
06079,San Luis Obispo,California,282424,35.341822,-120.665804,3300.855621688549
06081,San Mateo,California,764442,37.563575,-122.339869,448.62060853244617
06083,Santa Barbara,California,448229,34.645128,-120.1029,2733.935419108932
06085,Santa Clara,California,1936259,37.315518,-121.91109,1291.0841972938633
06087,Santa Cruz,California,270861,36.986338,-121.938739,445.10767425878265
06089,Shasta,California,182155,40.578348,-122.300147,3775.56578937345
06091,Sierra,California,3236,39.607184,-120.421856,953.168307015896
06093,Siskiyou,California,44076,41.572743,-122.493725,6278.767523376778
06095,Solano,California,453491,38.236295,-122.067272,821.8291330302671
06097,Sonoma,California,488863,38.412281,-122.720368,1575.6307024127614
06099,Stanislaus,California,552878,37.618447,-120.955882,1496.017407199603
06101,Sutter,California,99633,39.137197,-121.643973,602.6960112183681
06103,Tehama,California,65829,40.114795,-122.219057,2949.136835998834
06105,Trinity,California,16112,40.629982,-123.096608,3179.267521811133
06107,Tulare,California,473117,36.254134,-119.23454,4823.898922841001
06109,Tuolumne,California,55620,37.972006,-120.325224,2220.911059703668
06111,Ventura,California,843843,34.242809,-119.025486,1840.7892077157067
06113,Yolo,California,216403,38.598163,-121.718874,1014.7327931169538
06115,Yuba,California,81575,39.131905,-121.510607,632.005938050426
08001,Adams,Colorado,519572,39.876949,-104.920943,1166.7391349530174
08003,Alamosa,Colorado,16376,37.481888,-105.877629,722.6454132254685
08005,Arapahoe,Colorado,655070,39.646582,-104.838574,797.8564480745821
08007,Archuleta,Colorado,13359,37.240274,-107.089808,1350.0881144971743
08009,Baca,Colorado,3506,37.368105,-102.53204,2554.9926431901654
08011,Bent,Colorado,5650,38.072919,-103.166006,1512.8467705591129
08013,Boulder,Colorado,330758,40.062992,-105.180215,726.3836855992363
08014,Broomfield,Colorado,74112,39.939871,-105.058131,32.96798339356083
08015,Chaffee,Colorado,19476,38.676811,-106.085131,1013.4083943728994
08017,Cheyenne,Colorado,1748,38.817655,-102.470052,1778.2761018157726
08019,Clear Creek,Colorado,9397,39.713458,-105.532527,395.0728762225862
08021,Conejos,Colorado,7461,37.199613,-105.987323,1287.4282635220284
08023,Costilla,Colorado,3499,37.292230000000004,-105.444296,1227.5933961720002
08025,Crowley,Colorado,5922,38.193783,-103.856387,787.4275036729803
08027,Custer,Colorado,4704,38.133198,-105.382527,738.6257750040405
08029,Delta,Colorado,31196,38.798198,-107.913769,1142.1253161660268
08031,Denver,Colorado,715522,39.72486,-104.950033,153.07465909563578
08033,Dolores,Colorado,2326,37.746934,-108.758724,1067.1703461990026
08035,Douglas,Colorado,357978,39.482023,-104.87357,840.1661268630303
08037,Eagle,Colorado,55731,39.600516,-106.733421,1684.4688248395087
08039,Elbert,Colorado,26062,39.388552,-104.52311,1850.8362928353367
08041,El Paso,Colorado,730395,38.877314,-104.75212,2126.4139795607016
08043,Fremont,Colorado,48939,38.426941,-105.214303,1533.8347132412125
08045,Garfield,Colorado,61685,39.507103,-107.549019,2947.4294640680805
08047,Gilpin,Colorado,5808,39.856062,-105.483217,150.02259836629136
08049,Grand,Colorado,15717,40.051143,-105.978501,1846.4473873588556
08051,Gunnison,Colorado,16918,38.660002,-106.944384,3239.1400252412745
08053,Hinsdale,Colorado,788,38.002552,-107.29875,1117.2307937737985
08055,Huerfano,Colorado,6820,37.612538,-104.887584,1591.0328986027662
08057,Jackson,Colorado,1379,40.690192,-106.295485,1613.7256440918566
08059,Jefferson,Colorado,582910,39.72369,-105.130309,764.3801032739104
08061,Kiowa,Colorado,1446,38.470085,-102.700966,1767.8087278941216
08063,Kit Carson,Colorado,7087,39.310418,-102.462031,2160.8214838484337
08065,Lake,Colorado,7436,39.244814,-106.30747,376.9190523426766
08067,La Plata,Colorado,55638,37.266021,-107.803947,1689.6816090016723
08069,Larimer,Colorado,359066,40.504402,-105.089155,2595.7717400486445
08071,Las Animas,Colorado,14555,37.192053,-104.501324,4772.937991209543
08073,Lincoln,Colorado,5675,39.180049,-103.614219,2577.7298054854778
08075,Logan,Colorado,21528,40.64034,-103.185977,1838.598392252851
08077,Mesa,Colorado,155703,39.092942,-108.546673,3328.721100190688
08079,Mineral,Colorado,865,37.779142,-106.942063,875.7604203827793
08081,Moffat,Colorado,13292,40.51606,-107.613977,4743.243327476125
08083,Montezuma,Colorado,25849,37.371913,-108.554458,2029.349091490617
08085,Montrose,Colorado,42679,38.481301,-107.922349,2240.946023107419
08087,Morgan,Colorado,29111,40.254229,-103.789071,1280.4852173626389
08089,Otero,Colorado,18690,38.023236,-103.655776,1261.9456778123974
08091,Ouray,Colorado,4874,38.146044,-107.751894,540.6714484878465
08093,Park,Colorado,17390,39.305737,-105.625362,2193.510303026063
08095,Phillips,Colorado,4530,40.599356,-102.385877,687.9278592518326
08097,Pitkin,Colorado,17358,39.231757,-106.908716,970.7013303624781
08099,Prowers,Colorado,11999,38.083029,-102.548624,1638.4080002591209
08101,Pueblo,Colorado,168162,38.265773,-104.646976,2386.591201378141
08103,Rio Blanco,Colorado,6529,40.05108,-108.268744,3220.9703904779703
08105,Rio Grande,Colorado,11539,37.61185,-106.242067,911.9563417609667
08107,Routt,Colorado,24829,40.455504,-106.89741,2362.0196468778386
08109,Saguache,Colorado,6368,37.925349,-106.006105,3168.5657811765013
08111,San Juan,Colorado,705,37.801877,-107.673598,387.51555195363426
08113,San Miguel,Colorado,8072,37.971818,-107.958108,1286.7250556605838
08115,Sedgwick,Colorado,2404,40.962161,-102.325673,548.0407456387899
08117,Summit,Colorado,31055,39.572383,-106.055673,608.3283629437202
08119,Teller,Colorado,24710,38.944782,-105.139899,557.1408503493092
08121,Washington,Colorado,4817,40.098312,-103.157119,2518.083681472963
08123,Weld,Colorado,328981,40.322426,-104.807009,3984.95030426993
08125,Yuma,Colorado,9988,40.065848,-102.480825,2364.398510308219
09001,Fairfield,Connecticut,957419,41.206021,-73.367214,624.9696756329897
09003,Hartford,Connecticut,899498,41.761165,-72.717868,734.9338391364275
09005,Litchfield,Connecticut,185186,41.726958,-73.190432,920.5150930210256
09007,Middlesex,Connecticut,164245,41.479018,-72.571631,369.304302713575
09009,New Haven,Connecticut,864835,41.396593,-72.942327,604.3051772928795
09011,New London,Connecticut,268555,41.443271,-72.097543,665.0653380798725
09013,Tolland,Connecticut,149788,41.842288,-72.372969,410.35225717696443
09015,Windham,Connecticut,116418,41.80508,-71.993508,512.9280809709973
10001,Kent,Delaware,181851,39.127081,-75.55913,586.0610286739889
10003,New Castle,Delaware,570719,39.678852,-75.63529,426.33668461126643
10005,Sussex,Delaware,237378,38.661794,-75.331473,936.1562354817142
11001,District of Columbia,District of Columbia,689545,38.910168,-77.013993,61.12619721640344
12001,Alachua,Florida,278468,29.664721,-82.391582,875.6431905009788
12003,Baker,Florida,28259,30.286374,-82.184536,585.2300885659279
12005,Bay,Florida,175216,30.21282,-85.670601,758.6421055037199
12007,Bradford,Florida,28303,29.949896,-82.128265,293.96603562014036
12009,Brevard,Florida,606612,28.225111,-80.690892,1014.9717328239009
12011,Broward,Florida,1944375,26.135399,-80.226976,1202.8407447013337
12013,Calhoun,Florida,13648,30.464333,-85.125841,567.336425725908
12015,Charlotte,Florida,186847,26.953831,-82.117344,681.1189121636547
12017,Citrus,Florida,153843,28.865585,-82.455213,581.919055991342
12019,Clay,Florida,218245,30.087758,-81.800487,604.5977157014826
12021,Collier,Florida,375752,26.203653,-81.69257,1996.8502249224612
12023,Columbia,Florida,69698,30.122022,-82.664496,797.3770682676995
12027,DeSoto,Florida,33976,27.1868,-81.87051,636.6947340928141
12029,Dixie,Florida,16759,29.634593,-83.058664,705.0339567002877
12031,Duval,Florida,995567,30.298646,-81.620436,762.6541918758076
12033,Escambia,Florida,321905,30.485666,-87.277106,656.9940187872137
12035,Flagler,Florida,115378,29.521471,-81.222102,486.2011779660255
12037,Franklin,Florida,12451,29.785968,-84.813247,544.982797237629
12039,Gadsden,Florida,43826,30.593632,-84.571737,516.375066293258
12041,Gilchrist,Florida,17864,29.705263,-82.808104,349.6948760123845
12043,Glades,Florida,12126,26.897019,-81.189563,806.8219838275629
12045,Gulf,Florida,14192,29.955584,-85.259724,553.4576218575768
12047,Hamilton,Florida,14004,30.501436000000002,-82.999025,514.2952370541964
12049,Hardee,Florida,25327,27.548142,-81.816969,637.5693415828075
12051,Hendry,Florida,39619,26.726562,-81.216144,1155.9498649590325
12053,Hernando,Florida,194515,28.504446,-82.497025,472.9658021480261
12055,Highlands,Florida,101235,27.462632,-81.444816,1017.6597119590639
12057,Hillsborough,Florida,1459762,27.967264,-82.39857,1022.3528180598482
12059,Holmes,Florida,19653,30.847037,-85.754664,478.8566037085012
12061,Indian River,Florida,159788,27.671332,-80.440738,502.8103434034684
12063,Jackson,Florida,47319,30.797248,-85.218988,918.1863514423625
12065,Jefferson,Florida,14510,30.502892,-83.89133,598.0794294071103
12067,Lafayette,Florida,8226,30.063591,-83.176369,543.3446958951483
12069,Lake,Florida,383956,28.716853,-81.750668,951.73468074338
12071,Lee,Florida,760822,26.576019,-81.851845,781.0086298040959
12073,Leon,Florida,292198,30.466102,-84.269682,668.4299620201732
12075,Levy,Florida,42915,29.380119,-82.662921,1118.2248203448316
12077,Liberty,Florida,7974,30.399108,-84.907135,835.5633316015494
12079,Madison,Florida,17968,30.472359,-83.425943,696.5288666904344
12081,Manatee,Florida,399710,27.478313,-82.520478,742.7617326011585
12083,Marion,Florida,375908,29.135817,-82.126125,1588.4221576600212
12085,Martin,Florida,158431,27.145869,-80.245706,543.8223390145216
12086,Miami-Dade,Florida,2701767,25.769326,-80.30118,1899.9090798914904
12087,Monroe,Florida,82874,24.747427,-81.244796,983.0421657804445
12089,Nassau,Florida,90352,30.608318,-81.63434,648.6808010867665
12091,Okaloosa,Florida,211668,30.551645,-86.565567,929.864822815731
12093,Okeechobee,Florida,39644,27.271934,-80.824315,769.1642198311096
12095,Orange,Florida,1429908,28.526077,-81.388371,902.9072519564579
12097,Osceola,Florida,388656,28.269056,-81.39037,1327.5423171730315
12099,Palm Beach,Florida,1492191,26.616523,-80.143701,1964.2986322435281
12101,Pasco,Florida,561891,28.258217,-82.51024,746.6062247675724
12103,Pinellas,Florida,959107,27.900189,-82.727015,273.7797919852227
12105,Polk,Florida,725046,28.042479,-81.786864,1797.8919613650273
12107,Putnam,Florida,73321,29.60923,-81.721195,728.3635541477447
12109,St. Johns,Florida,273425,29.991793,-81.434924,600.6403643297034
12111,St. Lucie,Florida,329226,27.333592,-80.357144,571.6604131437499
12113,Santa Rosa,Florida,188000,30.547226,-87.035767,1012.4009403270968
12115,Sarasota,Florida,434006,27.201139,-82.416033,556.0062713955857
12117,Seminole,Florida,470856,28.699171,-81.310073,309.37940946763655
12119,Sumter,Florida,129752,28.83348,-82.024754,557.1371012973492
12121,Suwannee,Florida,43474,30.213664,-82.985113,688.5862082200833
12123,Taylor,Florida,21796,30.056859,-83.590349,1043.336916708857
12125,Union,Florida,16147,30.011442,-82.35769,243.55499493007326
12127,Volusia,Florida,553543,29.072351,-81.126278,1101.3108855546059
12129,Wakulla,Florida,33764,30.187394,-84.332906,606.4181252167988
12131,Walton,Florida,75305,30.543793,-86.19019,1038.2911568655811
12133,Washington,Florida,25318,30.649403,-85.62387,584.676807261482
13001,Appling,Georgia,18444,31.770708,-82.338755,508.2541019850474
13003,Atkinson,Georgia,8286,31.317495,-82.878111,342.7184744875142
13005,Bacon,Georgia,11140,31.547,-82.46609,284.0824697840022
13007,Baker,Georgia,2876,31.31096,-84.433608,341.95731539478
13009,Baldwin,Georgia,43799,33.085482,-83.243621,258.6981806646209
13011,Banks,Georgia,18035,34.349158,-83.507471,232.61648757144295
13013,Barrow,Georgia,83505,33.992491,-83.728597,161.03661611017975
13015,Bartow,Georgia,108901,34.208535,-84.829148,458.9090105900139
13017,Ben Hill,Georgia,17194,31.727139,-83.24814,250.11779803112688
13019,Berrien,Georgia,18160,31.233472,-83.251763,453.3764311373615
13021,Bibb,Georgia,157346,32.834626,-83.690072,249.3826556601451
13023,Bleckley,Georgia,12583,32.401506,-83.332183,215.8782593793452
13025,Brantley,Georgia,18021,31.217234,-81.970017,443.23456681814656
13027,Brooks,Georgia,16301,30.841118,-83.54227,493.1842235368409
13029,Bryan,Georgia,44738,31.958731,-81.353407,437.56348943238976
13031,Bulloch,Georgia,81099,32.415313,-81.762378,675.9626464076703
13033,Burke,Georgia,24596,33.103215,-82.002339,827.0398685343772
13035,Butts,Georgia,25434,33.294854,-83.972919,183.68995253804468
13037,Calhoun,Georgia,5573,31.526143,-84.662951,280.3841064737552
13039,Camden,Georgia,54768,30.812543,-81.631375,630.3590733472518
13043,Candler,Georgia,10981,32.399154,-82.060428,243.05935558908803
13045,Carroll,Georgia,119148,33.623974,-85.043815,499.13467517810346
13047,Catoosa,Georgia,67872,34.928524,-85.172189,162.16249077683992
13049,Charlton,Georgia,12518,30.786554,-82.024244,780.0868429469355
13051,Chatham,Georgia,295291,32.043151,-81.136643,433.1240956932424
13053,Chattahoochee,Georgia,9565,32.342797,-84.896374,248.7369835840675
13055,Chattooga,Georgia,24965,34.496004,-85.344042,313.3266885924044
13057,Cherokee,Georgia,266620,34.170504,-84.494745,421.0819855848682
13059,Clarke,Georgia,128671,33.950374,-83.381417,119.22252685553835
13061,Clay,Georgia,2848,31.634951,-85.014589,195.4039449239016
13063,Clayton,Georgia,297595,33.551579,-84.361187,141.65281129418005
13065,Clinch,Georgia,6749,31.021262,-82.744401,814.9957008875999
13067,Cobb,Georgia,766149,33.941801,-84.557976,339.7771787454268
13069,Coffee,Georgia,43092,31.515718,-82.838428,592.2787688009888
13071,Colquitt,Georgia,45898,31.179661,-83.767871,547.0345062703782
13073,Columbia,Georgia,156010,33.514668,-82.175338,290.19390092875756
13075,Cook,Georgia,17229,31.148353,-83.423804,228.45062597603973
13077,Coweta,Georgia,146158,33.377998,-84.73346,441.0705317871131
13079,Crawford,Georgia,12130,32.706715,-83.930196,324.9142498959194
13081,Crisp,Georgia,20128,31.949314,-83.778048,272.6799969749668
13083,Dade,Georgia,16251,34.881193,-85.497925,173.97171757672663
13085,Dawson,Georgia,26798,34.400246,-84.102212,210.82809449654192
13087,Decatur,Georgia,29367,30.889772,-84.569999,597.2393595274073
13089,DeKalb,Georgia,764382,33.790223,-84.247613,267.7401970775843
13091,Dodge,Georgia,19925,32.212397,-83.173704,495.9628953663421
13093,Dooly,Georgia,11208,32.170176,-83.78074,392.63062331201206
13095,Dougherty,Georgia,85790,31.574147,-84.171202,328.6437407621922
13097,Douglas,Georgia,144237,33.724594,-84.735518,200.11767505758937
13099,Early,Georgia,10854,31.335623,-84.919905,512.5995057174221
13101,Echols,Georgia,3697,30.712259,-83.050326,420.40713113543984
13103,Effingham,Georgia,64769,32.287329,-81.299809,478.829068446959
13105,Elbert,Georgia,19637,34.128394,-82.880506,351.10282378863894
13107,Emanuel,Georgia,22768,32.586625,-82.306411,680.5743332157614
13109,Evans,Georgia,10774,32.168708,-81.906627,182.89462533478581
13111,Fannin,Georgia,25319,34.902937,-84.312915,387.10506705762447
13113,Fayette,Georgia,119194,33.428121,-84.513188,194.558817105921
13115,Floyd,Georgia,98584,34.256222,-85.183346,509.8110639588998
13117,Forsyth,Georgia,251283,34.190488,-84.150182,224.6178825122097
13119,Franklin,Georgia,23424,34.378121,-83.186359,261.34993839797977
13121,Fulton,Georgia,1066710,33.832534,-84.396191,526.7496220281877
13123,Gilmer,Georgia,31353,34.675112,-84.486082,426.2130118427455
13125,Glascock,Georgia,2884,33.236629,-82.60966,143.74554213687105
13127,Glynn,Georgia,84499,31.202596,-81.486211,419.6356063580539
13129,Gordon,Georgia,57544,34.498248,-84.907765,356.4427946350688
13131,Grady,Georgia,26236,30.881836,-84.212447,454.46209210589774
13133,Greene,Georgia,18915,33.535248,-83.179388,387.5170268638801
13135,Gwinnett,Georgia,957062,33.954137,-84.053177,430.76059951487576
13137,Habersham,Georgia,46031,34.565656,-83.541387,276.86767411453485
13139,Hall,Georgia,203136,34.26936,-83.847644,392.988349278561
13141,Hancock,Georgia,8735,33.254841,-83.01325,471.0668026966348
13143,Haralson,Georgia,29919,33.760719,-85.184723,282.1652304805369
13145,Harris,Georgia,34668,32.69754,-84.894283,463.8084353985702
13147,Hart,Georgia,25828,34.355547,-82.964995,232.42215308857152
13149,Heard,Georgia,11412,33.307964,-85.116748,295.97331124427444
13151,Henry,Georgia,240712,33.470292,-84.174632,318.70764804399045
13153,Houston,Georgia,163633,32.565757,-83.663692,376.0457946658296
13155,Irwin,Georgia,9666,31.604345,-83.27986,354.3627221516473
13157,Jackson,Georgia,75907,34.129495,-83.599045,339.65832955117315
13159,Jasper,Georgia,14588,33.358288,-83.726512,368.40618391873625
13161,Jeff Davis,Georgia,14779,31.847814,-82.600257,330.91885197882243
13163,Jefferson,Georgia,15709,33.06898,-82.408116,526.5550647643707
13165,Jenkins,Georgia,8674,32.789871,-81.947165,347.3784082352409
13167,Johnson,Georgia,9189,32.699439,-82.684511,303.01885439929686
13169,Jones,Georgia,28347,32.961196,-83.550237,393.94163550812596
13171,Lamar,Georgia,18500,33.084155,-84.154394,183.50061228659465
13173,Lanier,Georgia,9877,31.037307,-83.097639,196.5378821758375
13175,Laurens,Georgia,49570,32.517494,-82.925405,807.3357684255933
13177,Lee,Georgia,33163,31.680634,-84.177116,355.88236580746315
13179,Liberty,Georgia,65256,31.828772,-81.5777,516.4711366184612
13181,Lincoln,Georgia,7690,33.780601,-82.445454,210.38118781170778
13183,Long,Georgia,16168,31.775868,-81.731661,400.39047360723214
13185,Lowndes,Georgia,118251,30.860299,-83.281437,497.2385907980095
13187,Lumpkin,Georgia,33488,34.524477,-83.988151,282.94361822379176
13189,McDuffie,Georgia,21632,33.459579,-82.468712,257.37184330162813
13191,McIntosh,Georgia,10975,31.480147,-81.405656,431.3539192270655
13193,Macon,Georgia,12082,32.324124,-84.039478,400.6620497574408
13195,Madison,Georgia,30120,34.101336,-83.240303,282.32351692147347
13197,Marion,Georgia,7498,32.382601,-84.524649,365.7213086588263
13199,Meriwether,Georgia,20613,33.016626,-84.675396,500.9065875595854
13201,Miller,Georgia,6000,31.160435,-84.738302,282.42282394107207
13205,Mitchell,Georgia,21755,31.218188,-84.171176,512.1579824549851
13207,Monroe,Georgia,27957,33.037037,-83.909101,396.09156661340813
13209,Montgomery,Georgia,8610,32.173336,-82.52948,241.14514487095465
13211,Morgan,Georgia,20097,33.600047000000004,-83.485701,347.41128444794293
13213,Murray,Georgia,39973,34.781729,-84.79164,344.49391584272564
13215,Muscogee,Georgia,206922,32.495642,-84.928926,216.4997101087078
13217,Newton,Georgia,112483,33.570575,-83.898026,273.80373649668996
13219,Oconee,Georgia,41799,33.876988,-83.464103,184.34180688188565
13221,Oglethorpe,Georgia,14825,33.918851,-83.147433,439.0619905201032
13223,Paulding,Georgia,168661,33.913898,-84.814237,312.3504188596449
13225,Peach,Georgia,27981,32.589118,-83.822766,150.2843829657581
13227,Pickens,Georgia,33216,34.455831,-84.436004,232.05938231121843
13229,Pierce,Georgia,19716,31.313022,-82.242367,340.4560930590527
13231,Pike,Georgia,18889,33.10478,-84.366582,216.08612712897744
13233,Polk,Georgia,42853,34.010871,-85.174625,310.336209999049
13235,Pulaski,Georgia,9855,32.273393,-83.478958,249.26135935041032
13237,Putnam,Georgia,22047,33.319719,-83.335457,344.6817873615644
13239,Quitman,Georgia,2235,31.859563,-85.078114,151.2374031709358
13241,Rabun,Georgia,16883,34.879707,-83.407047,370.13446945901234
13243,Randolph,Georgia,6425,31.758591,-84.758082,428.236030396294
13245,Richmond,Georgia,206607,33.427932,-82.051886,324.339949576062
13247,Rockdale,Georgia,93570,33.642136,-84.019225,129.81793070856995
13249,Schley,Georgia,4547,32.241832,-84.306635,166.9085662327616
13251,Screven,Georgia,14067,32.722235,-81.629825,645.8209636336902
13253,Seminole,Georgia,9147,30.967903,-84.866698,237.54299397150515
13255,Spalding,Georgia,67306,33.258944,-84.271569,195.97047416561307
13257,Stephens,Georgia,26784,34.558402,-83.289701,178.86352652020477
13259,Stewart,Georgia,5314,32.068608,-84.758019,458.74845888771284
13261,Sumter,Georgia,29616,32.061409,-84.222402,482.8772306603369
13263,Talbot,Georgia,5733,32.700716,-84.58298,391.3773866707056
13265,Taliaferro,Georgia,1559,33.568965,-82.886099,194.60674010584552
13267,Tattnall,Georgia,22842,32.036453,-82.058473,480.83985682853194
13269,Taylor,Georgia,7816,32.559079,-84.209743,376.68632000013315
13271,Telfair,Georgia,12477,32.019316,-82.894969,437.30744887473634
13273,Terrell,Georgia,9185,31.77202,-84.429026,335.7914222239422
13275,Thomas,Georgia,45798,30.86927,-83.947978,544.6328504573714
13277,Tift,Georgia,41344,31.455071,-83.513873,260.890117368145
13279,Toombs,Georgia,27030,32.185481,-82.368674,364.0128166457104
13281,Towns,Georgia,12493,34.940026,-83.782885,166.47879128680634
13283,Treutlen,Georgia,6406,32.387282,-82.589236,199.43106804455562
13285,Troup,Georgia,69426,33.038124,-85.029721,414.0089341954547
13287,Turner,Georgia,9006,31.70277,-83.638274,285.4174330553201
13289,Twiggs,Georgia,8022,32.702269,-83.416707,359.25960023036555
13291,Union,Georgia,24632,34.87746,-84.004818,322.08538478580124
13293,Upson,Georgia,27700,32.90722,-84.325253,323.46668803819335
13295,Walker,Georgia,67654,34.838709,-85.293092,446.3901585247046
13297,Walton,Georgia,96673,33.795968,-83.785302,326.8205574889686
13299,Ware,Georgia,36251,31.226953,-82.383829,899.2398899468308
13301,Warren,Georgia,5215,33.406673,-82.661562,284.3579108168184
13303,Washington,Georgia,19988,32.964333,-82.775581,678.5258790242092
13305,Wayne,Georgia,30144,31.61057,-81.916558,641.8126259274603
13307,Webster,Georgia,2348,32.05245,-84.561824,209.65736750042456
13309,Wheeler,Georgia,7471,32.147523,-82.756158,295.4895352782141
13311,White,Georgia,28003,34.599638,-83.743731,240.7442067369182
13313,Whitfield,Georgia,102864,34.793647,-84.966305,290.4448325826484
13315,Wilcox,Georgia,8766,31.975538,-83.409194,377.81076068337626
13317,Wilkes,Georgia,9565,33.757224,-82.752748,469.5007738857921
13319,Wilkinson,Georgia,8877,32.843967,-83.239243,449.2143695594031
13321,Worth,Georgia,20784,31.545333,-83.85916,570.7121535781877
15001,Hawaii,Hawaii,200629,19.672735,-155.428067,4028.449139482729
15003,Honolulu,Hawaii,1016508,21.371521,-157.917219,600.6253928324019
15005,Kalawao,Hawaii,82,21.189607,-156.982059,11.991407559009991
15007,Kauai,Hawaii,73298,22.019834,-159.438951,619.8842032521918
15009,Maui,Hawaii,164754,20.862853,-156.491993,1161.5299851704726
16001,Ada,Idaho,494967,43.612091,-116.313143,1052.0145689008589
16003,Adams,Idaho,4379,44.843883,-116.383254,1362.8050724912403
16005,Bannock,Idaho,87018,42.871117,-112.425092,1112.4902106210827
16007,Bear Lake,Idaho,6372,42.307481,-111.34121,975.7277051746775
16009,Benewah,Idaho,9530,47.273057,-116.644633,776.9313327079328
16011,Bingham,Idaho,47992,43.223106,-112.346259,2093.732378949029
16013,Blaine,Idaho,24272,43.548124,-114.299016,2637.7378411980435
16015,Boise,Idaho,7610,43.90651,-115.985316,1899.5556099290357
16017,Bonner,Idaho,47110,48.23649,-116.630197,1733.2204069461925
16019,Bonneville,Idaho,123964,43.494825,-111.994434,1865.9808739430855
16021,Boundary,Idaho,12056,48.710599,-116.302645,1268.6787840118695
16023,Butte,Idaho,2574,43.697316,-113.30219,2236.486718079953
16025,Camas,Idaho,1077,43.352907,-114.754454,1074.2342319092731
16027,Canyon,Idaho,231105,43.612485,-116.625046,587.049589582865
16029,Caribou,Idaho,7027,42.646162,-111.652123,1764.19372674263
16031,Cassia,Idaho,24655,42.487358,-113.747762,2565.60941509496
16033,Clark,Idaho,790,44.194725,-112.262134,1763.144957835347
16035,Clearwater,Idaho,8734,46.489093,-116.190755,2457.313544964498
16037,Custer,Idaho,4275,44.280306,-114.096283,4922.176559721735
16039,Elmore,Idaho,28666,43.117658,-115.685056,3075.0787408054935
16041,Franklin,Idaho,14194,42.098212,-111.871828,663.018935635191
16043,Fremont,Idaho,13388,44.012878,-111.616883,1863.9595646637931
16045,Gem,Idaho,19123,43.883064,-116.507732,559.7694516057064
16047,Gooding,Idaho,15598,42.853491,-114.750399,729.3219612502392
16049,Idaho,Idaho,16541,45.972026,-116.105519,8477.498388592989
16051,Jefferson,Idaho,30891,43.68709,-111.959043,1093.6804902938338
16053,Jerome,Idaho,24237,42.699506,-114.464966,597.5431798410843
16055,Kootenai,Idaho,171362,47.738595,-116.837402,1237.7807912021651
16057,Latah,Idaho,39517,46.742589,-116.934836,1075.867113536672
16059,Lemhi,Idaho,7974,45.130443,-113.86099,4563.694528311947
16061,Lewis,Idaho,3533,46.237559,-116.264039,478.8214877171772
16063,Lincoln,Idaho,5127,42.971703,-114.333319,1201.363625565061
16065,Madison,Idaho,52913,43.819187,-111.793855,469.2671226201112
16067,Minidoka,Idaho,21613,42.611171,-113.712634,756.9961311521233
16069,Nez Perce,Idaho,42090,46.393945,-116.952097,848.3204330231463
16071,Oneida,Idaho,4564,42.18223,-112.295487,1198.9511592777158
16073,Owyhee,Idaho,11913,43.393385,-116.704658,7668.204338976676
16075,Payette,Idaho,25386,44.019562,-116.893339,406.8934656228982
16077,Power,Idaho,7878,42.774583,-112.827325,1403.8259044362949
16079,Shoshone,Idaho,13169,47.514916,-116.091781,2637.4246853202735
16081,Teton,Idaho,11630,43.692414,-111.122065,449.0908535483586
16083,Twin Falls,Idaho,90046,42.56026,-114.499626,1921.7138908023792
16085,Valley,Idaho,11746,44.766234,-116.074739,3665.1184842697985
16087,Washington,Idaho,10500,44.29827,-116.92098,1452.8523719747889
17001,Adams,Illinois,65737,39.943853,-91.327397,855.1491709357693
17003,Alexander,Illinois,5240,37.152943,-89.294878,235.3940408629907
17005,Bond,Illinois,16725,38.884765,-89.432041,380.3357591475584
17007,Boone,Illinois,53448,42.294302,-88.852137,280.7405235539865
17009,Brown,Illinois,6244,39.966021,-90.747509,305.7267417339611
17011,Bureau,Illinois,33244,41.382406,-89.420549,869.0713850419954
17013,Calhoun,Illinois,4437,39.122999,-90.638209,253.8294216339086
17015,Carroll,Illinois,15702,42.067256,-89.969163,445.40644667283823
17017,Cass,Illinois,13042,39.98041,-90.320947,375.75392730277827
17019,Champaign,Illinois,205865,40.126856,-88.23646,996.1041913817899
17021,Christian,Illinois,34032,39.525376,-89.254079,709.4896231010111
17023,Clark,Illinois,15455,39.351511,-87.796198,501.3748514853221
17025,Clay,Illinois,13288,38.715726,-88.49181,468.3508137803768
17027,Clinton,Illinois,36899,38.588708,-89.485747,473.9412363557144
17029,Coles,Illinois,46863,39.487996,-88.264625,508.2718422209282
17031,Cook,Illinois,5275541,41.869515,-87.757998,944.9273460178164
17033,Crawford,Illinois,18679,39.004797,-87.750005,443.6434497763004
17035,Cumberland,Illinois,10450,39.275024,-88.280686,345.9436634247715
17037,DeKalb,Illinois,100420,41.927566,-88.726804,631.3365662516497
17039,De Witt,Illinois,15516,40.170876,-88.911355,397.5610231662415
17041,Douglas,Illinois,19740,39.766979,-88.280371,416.64678530126537
17043,DuPage,Illinois,932877,41.848928,-88.071268,327.7988241420923
17045,Edgar,Illinois,16866,39.636396,-87.713766,623.3235854507456
17047,Edwards,Illinois,6245,38.401606,-88.041233,222.3996580432178
17049,Effingham,Illinois,34668,39.095854,-88.573292,478.76895813239855
17051,Fayette,Illinois,21488,38.995881,-89.033955,716.444740744389
17053,Ford,Illinois,13534,40.521655,-88.219432,485.5968728752195
17055,Franklin,Illinois,37804,37.963987,-88.953694,408.9243324750244
17057,Fulton,Illinois,33609,40.524812,-90.116575,865.6834274038424
17059,Gallatin,Illinois,4946,37.772903,-88.239193,322.94111496905674
17061,Greene,Illinois,11985,39.368918,-90.371192,543.1440370589191
17063,Grundy,Illinois,52533,41.34999,-88.344624,418.12621023962924
17065,Hamilton,Illinois,7993,38.091614,-88.558979,434.647393033785
17067,Hancock,Illinois,17620,40.425023,-91.202357,793.7483137712165
17069,Hardin,Illinois,3649,37.478271,-88.295955,177.38888152656423
17071,Henderson,Illinois,6387,40.824767,-90.944727,378.7927798633794
17073,Henry,Illinois,49284,41.350891,-90.1358,823.0613827026411
17075,Iroquois,Illinois,27077,40.762253,-87.838453,1117.3949705892667
17077,Jackson,Illinois,52974,37.750199,-89.277101,583.5700898256248
17079,Jasper,Illinois,9287,39.003923,-88.162638,494.6137073192973
17081,Jefferson,Illinois,37113,38.311195,-88.911598,571.2344741227403
17083,Jersey,Illinois,21512,39.075249,-90.319327,369.55518185757234
17085,Jo Daviess,Illinois,22035,42.411305,-90.308466,600.9237420784916
17087,Johnson,Illinois,13308,37.470122,-88.876484,343.73647336937006
17089,Kane,Illinois,516522,41.928443,-88.33542,519.3652757734089
17091,Kankakee,Illinois,107502,41.150459,-87.851699,676.490114080099
17093,Kendall,Illinois,131869,41.66076,-88.375603,320.23806317782675
17095,Knox,Illinois,49967,40.937986,-90.327754,716.3851022466663
17097,Lake,Illinois,714342,42.311645,-87.970527,443.6154488755549
17099,LaSalle,Illinois,109658,41.354304,-88.895139,1135.1634706925354
17101,Lawrence,Illinois,15280,38.718154,-87.745966,372.178591198243
17103,Lee,Illinois,34145,41.812143,-89.401894,724.7867520133134
17105,Livingston,Illinois,35815,40.90184,-88.576241,1043.6279099366213
17107,Logan,Illinois,27987,40.141565,-89.361411,618.0523581631423
17109,McDonough,Illinois,27238,40.469965,-90.667814,589.3230162357772
17111,McHenry,Illinois,310229,42.270305,-88.351365,603.3949302570351
17113,McLean,Illinois,170954,40.493799,-88.953797,1183.2476292719352
17115,Macon,Illinois,103998,39.850646,-88.946554,580.575681098397
17117,Macoupin,Illinois,44967,39.191697,-89.877091,862.9736929564515
17119,Madison,Illinois,265859,38.801004,-90.012645,715.5152082918249
17121,Marion,Illinois,37729,38.590624,-89.016141,572.5376152402491
17123,Marshall,Illinois,11742,41.043266,-89.316199,386.8223584238771
17125,Mason,Illinois,13086,40.286175,-89.899393,539.351838182763
17127,Massac,Illinois,14169,37.18088,-88.717761,237.15102267399985
17129,Menard,Illinois,12297,39.996935,-89.799159,314.39115332463825
17131,Mercer,Illinois,15699,41.214503,-90.686612,561.2397931046872
17133,Monroe,Illinois,34962,38.362245,-90.171982,385.30062827199623
17135,Montgomery,Illinois,28288,39.198374,-89.507428,703.7640234572351
17137,Morgan,Illinois,32915,39.717059,-90.22838,568.9585227478129
17139,Moultrie,Illinois,14526,39.631716,-88.612657,335.95805542134326
17141,Ogle,Illinois,51788,42.028664,-89.25403,758.6535599964589
17143,Peoria,Illinois,181830,40.746692,-89.639949,618.6950927739973
17145,Perry,Illinois,20945,38.057689,-89.3224,441.9276206638648
17147,Piatt,Illinois,16673,40.008986,-88.581901,439.188150944832
17149,Pike,Illinois,14739,39.621897,-90.861323,831.3515863978233
17151,Pope,Illinois,3763,37.400771,-88.555783,368.8673447230613
17153,Pulaski,Illinois,5193,37.198544,-89.130564,199.26756150243486
17155,Putnam,Illinois,5637,41.230538,-89.2681,160.096995580416
17157,Randolph,Illinois,30163,38.061445,-89.809741,575.3671579596556
17159,Richland,Illinois,15813,38.725443,-88.08785,360.03411614117414
17161,Rock Island,Illinois,144672,41.489119,-90.502512,427.4960880032766
17163,St. Clair,Illinois,257400,38.548186,-89.990225,657.7352299119242
17165,Saline,Illinois,23768,37.753419,-88.538134,379.99027107502826
17167,Sangamon,Illinois,196343,39.771106,-89.654882,868.2564396019563
17169,Schuyler,Illinois,6902,40.130099,-90.568789,437.30037046386286
17171,Scott,Illinois,4949,39.645952,-90.461992,250.78958219619008
17173,Shelby,Illinois,20990,39.399379,-88.800594,758.5103176400297
17175,Stark,Illinois,5400,41.098391,-89.791981,288.1055322682543
17177,Stephenson,Illinois,44630,42.324957,-89.643639,564.2466293020937
17179,Tazewell,Illinois,131343,40.605153,-89.530221,646.4687469163711
17181,Union,Illinois,17244,37.469028,-89.234288,413.41165346121994
17183,Vermilion,Illinois,74188,40.151056,-87.655499,898.3187714325068
17185,Wabash,Illinois,11361,38.431889,-87.788862,223.32303100804583
17187,Warren,Illinois,16835,40.890671,-90.636753,542.3840733384679
17189,Washington,Illinois,13761,38.360726,-89.395405,562.597243737926
17191,Wayne,Illinois,16179,38.408213,-88.421765,713.829678546285
17193,White,Illinois,13877,38.088921,-88.196465,494.98266499763974
17195,Whiteside,Illinois,55691,41.781958,-89.82525,684.099248239406
17197,Will,Illinois,696355,41.565502,-88.058558,835.8756801397054
17199,Williamson,Illinois,67153,37.754392,-88.976636,420.2100035895532
17201,Winnebago,Illinois,285350,42.308321,-89.060442,513.0496749654963
17203,Woodford,Illinois,38467,40.76916,-89.29163,527.5567778571772
18001,Adams,Indiana,35809,40.749532,-84.934318,338.9264578515768
18003,Allen,Indiana,385410,41.100842,-85.125233,657.3004302324771
18005,Bartholomew,Indiana,82208,39.215015,-85.905294,406.9396484603939
18007,Benton,Indiana,8719,40.576258,-87.291866,406.4174866038285
18009,Blackford,Indiana,12112,40.468109,-85.345621,165.08160958314207
18011,Boone,Indiana,70812,40.004643,-86.383249,422.8822513783664
18013,Brown,Indiana,15475,39.236665,-86.208688,311.9874747224226
18015,Carroll,Indiana,20306,40.579184,-86.601213,372.22464816643503
18017,Cass,Indiana,37870,40.747129,-86.338974,412.1441279512283
18019,Clark,Indiana,121093,38.373412,-85.732548,372.8294270045896
18021,Clay,Indiana,26466,39.469332,-87.123964,357.6003366285724
18023,Clinton,Indiana,33190,40.297795,-86.513556,405.0671854242605
18025,Crawford,Indiana,10526,38.315739,-86.422116,305.6132902478846
18027,Daviess,Indiana,33381,38.697526,-87.096158,429.4987342625291
18029,Dearborn,Indiana,50679,39.14676,-84.920533,305.0868283715789
18031,Decatur,Indiana,26472,39.320693,-85.493081,372.56778449071726
18033,DeKalb,Indiana,43265,41.377157,-85.034535,362.83253864049595
18035,Delaware,Indiana,111903,40.20524,-85.402908,392.10074983703305
18037,Dubois,Indiana,43637,38.35868,-86.915674,427.26696339930305
18039,Elkhart,Indiana,207047,41.637245,-85.905688,463.1605165940318
18041,Fayette,Indiana,23398,39.64037,-85.147252,215.02090100328687
18043,Floyd,Indiana,80484,38.32223,-85.857888,148.48180557863643
18045,Fountain,Indiana,16479,40.14941,-87.274375,395.6675847442404
18047,Franklin,Indiana,22785,39.398519,-85.070967,384.4258115146328
18049,Fulton,Indiana,20480,41.059339,-86.217151,368.3929444757181
18051,Gibson,Indiana,33011,38.305848,-87.549447,487.38334555520413
18053,Grant,Indiana,66674,40.525256,-85.644184,414.088569310073
18055,Greene,Indiana,30803,39.052523,-86.994152,542.4673173499627
18057,Hamilton,Indiana,347467,40.001506,-86.057612,394.3804270977908
18059,Hancock,Indiana,79840,39.815247,-85.829626,305.9570640268306
18061,Harrison,Indiana,39654,38.234174,-86.098168,484.10377683162415
18063,Hendricks,Indiana,174788,39.773147,-86.41108,406.8935254687328
18065,Henry,Indiana,48914,39.928844,-85.403738,391.87744881191753
18067,Howard,Indiana,83658,40.470296,-86.133562,293.07416241381895
18069,Huntington,Indiana,36662,40.869855,-85.486182,382.6515269214885
18071,Jackson,Indiana,46428,38.928711,-85.936294,509.97781182864196
18073,Jasper,Indiana,32918,41.082454,-87.150606,559.6796925063876
18075,Jay,Indiana,20478,40.430767,-85.028696,383.90528518681117
18077,Jefferson,Indiana,33147,38.758699,-85.433151,360.65195758755823
18079,Jennings,Indiana,27613,39.005508,-85.649705,376.5972207494034
18081,Johnson,Indiana,161765,39.555913,-86.115187,320.41488252237576
18083,Knox,Indiana,36282,38.699306,-87.454832,515.8266058603643
18085,Kosciusko,Indiana,80240,41.267835,-85.830509,531.445982970169
18087,LaGrange,Indiana,40446,41.632874,-85.467264,379.62965745043516
18089,Lake,Indiana,498700,41.518998,-87.407505,498.827620872746
18091,LaPorte,Indiana,112417,41.632279,-86.791226,598.2866241806802
18093,Lawrence,Indiana,45011,38.847818,-86.495942,449.1458854612271
18095,Madison,Indiana,130129,40.113496,-85.7088,451.92107310484914
18097,Marion,Indiana,977203,39.788896,-86.136268,396.61233657169186
18099,Marshall,Indiana,46095,41.347653,-86.272256,443.61979368314553
18101,Martin,Indiana,9812,38.679659,-86.850513,335.7605066380015
18103,Miami,Indiana,35962,40.729384,-86.076111,373.8422386039448
18105,Monroe,Indiana,139718,39.162275,-86.538570000000007,394.5218671293437
18107,Montgomery,Indiana,37936,40.034526,-86.90058,504.64720357345584
18109,Morgan,Indiana,71780,39.512934,-86.399124,403.8330724228692
18111,Newton,Indiana,13830,40.999168,-87.38049,401.75467330620296
18113,Noble,Indiana,47457,41.415849,-85.388959,410.845801141535
18115,Ohio,Indiana,5940,38.954376,-84.909987,86.14974838629665
18117,Orange,Indiana,19867,38.562253,-86.495955,398.378569776523
18119,Owen,Indiana,21321,39.314578,-86.798175,385.29484755047775
18121,Parke,Indiana,16156,39.757908,-87.225163,444.7210666924645
18123,Perry,Indiana,19170,38.008616,-86.705505,381.7401188764531
18125,Pike,Indiana,12250,38.427019,-87.233088,334.3033281338114
18127,Porter,Indiana,173215,41.513979,-87.104333,418.1130043874989
18129,Posey,Indiana,25222,38.012717,-87.819868,409.38494771699936
18131,Pulaski,Indiana,12514,41.051366,-86.684796,433.6748904997869
18133,Putnam,Indiana,36726,39.646449,-86.834304,480.5372975245049
18135,Randolph,Indiana,24502,40.169491,-84.996903,452.37920957096594
18137,Ripley,Indiana,28995,39.160663,-85.219308,446.42332508622985
18139,Rush,Indiana,16752,39.62209,-85.475672,408.1367493227604
18141,St. Joseph,Indiana,272912,41.67642,-86.227079,457.7767127278434
18143,Scott,Indiana,24384,38.697942,-85.764092,190.40251308335158
18145,Shelby,Indiana,45055,39.535011,-85.790065,411.13570826392714
18147,Spencer,Indiana,19810,38.019216,-87.009078,396.881608464218
18149,Starke,Indiana,23371,41.281734,-86.632742,309.1442041407673
18151,Steuben,Indiana,34435,41.650003,-85.010961,308.78022524975995
18153,Sullivan,Indiana,20817,39.103793,-87.393185,447.17226945107484
18155,Switzerland,Indiana,9737,38.816976,-85.023673,220.66751688678602
18157,Tippecanoe,Indiana,186251,40.418699,-86.886959,498.9070972993772
18159,Tipton,Indiana,15359,40.307543,-86.051278,260.5408092008577
18161,Union,Indiana,7087,39.618364,-84.919464,161.19011063722607
18163,Vanderburgh,Indiana,180136,37.998233,-87.549603,233.40121086501824
18165,Vermillion,Indiana,15439,39.759924,-87.439022,256.86424599068914
18167,Vigo,Indiana,106153,39.460456,-87.386916,403.6209795573154
18169,Wabash,Indiana,30976,40.855768,-85.80421,412.53900273696627
18171,Warren,Indiana,8440,40.312721,-87.325412,364.69045334729356
18173,Warrick,Indiana,63898,38.011051,-87.355616,384.8431099554353
18175,Washington,Indiana,28182,38.573362,-86.084553,513.6873168888795
18177,Wayne,Indiana,66553,39.843304,-84.948672,401.75445824730065
18179,Wells,Indiana,28180,40.770773,-85.192988,368.08712415285953
18181,White,Indiana,24688,40.753581,-86.809953,505.1389594989299
18183,Whitley,Indiana,34191,41.16305,-85.478007,335.5683296939923
19001,Adair,Iowa,7496,41.347726,-94.478337,569.2706446440019
19003,Adams,Iowa,3704,41.007205,-94.708824,423.43293074036546
19005,Allamakee,Iowa,14061,43.252971,-91.42476,639.0437217103673
19007,Appanoose,Iowa,12317,40.741265,-92.864741,497.2987702248564
19009,Audubon,Iowa,5674,41.675888,-94.925428,442.96132811204296
19011,Benton,Iowa,25575,42.063318,-92.013283,716.1022399442598
19013,Black Hawk,Iowa,131144,42.490207,-92.37179,565.7567300569577
19015,Boone,Iowa,26715,42.026222,-93.892211,570.4855328467125
19017,Bremer,Iowa,24988,42.740346,-92.380697,435.479056311189
19019,Buchanan,Iowa,20565,42.48513,-91.901131,571.0785726348373
19021,Buena Vista,Iowa,20823,42.676707,-95.184296,574.8991129538429
19023,Butler,Iowa,14334,42.701602,-92.758281,580.138118471903
19025,Calhoun,Iowa,9927,42.39777,-94.623179,569.8460824208186
19027,Carroll,Iowa,20760,42.039462,-94.867701,569.4532744399356
19029,Cass,Iowa,13127,41.366511,-94.977692,564.2583652633062
19031,Cedar,Iowa,18505,41.756011,-91.140408,579.4616296520373
19033,Cerro Gordo,Iowa,43127,43.135216,-93.246108,568.2998865195563
19035,Cherokee,Iowa,11658,42.751225,-95.591928,576.9065638683569
19037,Chickasaw,Iowa,12012,43.038731,-92.342847,504.3237878030259
19039,Clarke,Iowa,9748,41.034767,-93.783479,431.1114787318464
19041,Clay,Iowa,16384,43.127358,-95.159344,567.2379187099821
19043,Clayton,Iowa,17043,42.860684,-91.321147,778.4962321699617
19045,Clinton,Iowa,46460,41.852141,-90.341168,694.9586710650962
19047,Crawford,Iowa,16525,42.026692,-95.357436,714.1984200074186
19049,Dallas,Iowa,99678,41.630722,-93.900543,588.2960736835198
19051,Davis,Iowa,9110,40.762546,-92.418316,502.18837722772406
19053,Decatur,Iowa,7645,40.7123,-93.817156,531.8825220398406
19055,Delaware,Iowa,17488,42.48163,-91.383936,577.6835014119042
19057,Des Moines,Iowa,38910,40.83528,-91.143256,416.12902732592084
19059,Dickinson,Iowa,17703,43.38895,-95.134559,380.53246005055985
19061,Dubuque,Iowa,99266,42.493173,-90.762214,608.299308370184
19063,Emmet,Iowa,9388,43.395995,-94.75827,395.88958769389876
19065,Fayette,Iowa,19509,42.821543,-91.855739,730.8167661819884
19067,Floyd,Iowa,15627,43.075228,-92.751434,500.57060802491486
19069,Franklin,Iowa,10019,42.754609,-93.239282,581.9719446511282
19071,Fremont,Iowa,6605,40.753741,-95.616798,511.1676806114759
19073,Greene,Iowa,8771,42.029106,-94.379863,569.5578386265256
19075,Grundy,Iowa,12329,42.38048,-92.747282,501.85546874962296
19077,Guthrie,Iowa,10623,41.665841,-94.427696,590.6037557060446
19079,Hamilton,Iowa,15039,42.406603,-93.767427,576.7306537943914
19081,Hancock,Iowa,10795,43.092315,-93.702667,571.0045730673259
19083,Hardin,Iowa,16878,42.436346,-93.217038,569.3068745400534
19085,Harrison,Iowa,14582,41.662599,-95.804583,696.8743458826149
19087,Henry,Iowa,20482,40.977985,-91.536884,434.28778288870217
19089,Howard,Iowa,9469,43.361965,-92.229351,473.2465127031027
19091,Humboldt,Iowa,9597,42.746569,-94.216619,434.37187748325226
19093,Ida,Iowa,7005,42.393275,-95.505465,431.5133087618692
19095,Iowa,Iowa,16662,41.701018,-92.039155,586.4550818343332
19097,Jackson,Iowa,19485,42.141479,-90.567662,636.0434330333663
19099,Jasper,Iowa,37813,41.678059,-93.07144,730.4261709525763
19101,Jefferson,Iowa,15663,41.012603,-91.965861,435.524158834845
19103,Johnson,Iowa,152854,41.683586,-91.561276,612.9973295514473
19105,Jones,Iowa,20646,42.138136,-91.200472,575.6183818928806
19107,Keokuk,Iowa,10033,41.324433,-92.175248,579.1751731246364
19109,Kossuth,Iowa,14828,43.143301,-94.221432,972.7310331165961
19111,Lee,Iowa,33555,40.560697,-91.397062,517.5500821121531
19113,Linn,Iowa,230299,42.008474,-91.648394,717.0585300486186
19115,Louisa,Iowa,10837,41.225335,-91.262686,401.7766710905866
19117,Lucas,Iowa,8634,41.022123,-93.312466,430.6808435502818
19119,Lyon,Iowa,11934,43.385476,-96.227291,587.609362036801
19121,Madison,Iowa,16548,41.348667,-93.98679,561.0060696379028
19123,Mahaska,Iowa,22190,41.311761,-92.642105,570.8513947579474
19125,Marion,Iowa,33414,41.357267,-93.041728,554.49022659799
19127,Marshall,Iowa,40105,42.030436,-92.938199,572.5030413363559
19129,Mills,Iowa,14484,41.050907,-95.693715,437.4307726069059
19131,Mitchell,Iowa,10565,43.334549,-92.806056,469.25629013794975
19133,Monona,Iowa,8751,42.062617,-95.988925,694.0723279999922
19135,Monroe,Iowa,7577,41.03376,-92.825189,433.7070636204581
19137,Montgomery,Iowa,10330,41.009252,-95.169693,424.0968391935977
19139,Muscatine,Iowa,43235,41.465515,-91.077753,437.440031336669
19141,O'Brien,Iowa,14182,43.129233,-95.69531,573.0350464813524
19143,Osceola,Iowa,6192,43.387203,-95.680981,398.6866962875749
19145,Page,Iowa,15211,40.746972,-95.18734,534.9436303010673
19147,Palo Alto,Iowa,8996,43.101085,-94.688525,563.8638059230318
19149,Plymouth,Iowa,25698,42.748026,-96.20304,862.8283845673717
19151,Pocahontas,Iowa,7078,42.744041,-94.706993,577.2409553648491
19153,Polk,Iowa,492401,41.630968,-93.640165,572.3995103591421
19155,Pottawattamie,Iowa,93667,41.278446,-95.79385,951.2676585221853
19157,Poweshiek,Iowa,18662,41.712451,-92.624939,584.923597969722
19159,Ringgold,Iowa,4663,40.737978,-94.237097,535.4975729985108
19161,Sac,Iowa,9814,42.37525,-95.089609,575.0220231706006
19163,Scott,Iowa,174669,41.5647,-90.562678,458.0961304104211
19165,Shelby,Iowa,11746,41.662625,-95.32328,590.7789773598613
19167,Sioux,Iowa,35872,43.080798,-96.167993,767.9114291377964
19169,Story,Iowa,98537,42.025132,-93.604948,572.5441546525092
19171,Tama,Iowa,17135,42.062414,-92.544134,721.011224642263
19173,Taylor,Iowa,5896,40.753586,-94.679839,531.901622127524
19175,Union,Iowa,12138,41.054759,-94.318334,423.64511163721136
19177,Van Buren,Iowa,7203,40.744224,-91.942474,484.79207651652115
19179,Wapello,Iowa,35437,41.01642,-92.418899,431.8424125892995
19181,Warren,Iowa,52403,41.40685,-93.595647,569.658369589967
19183,Washington,Iowa,22565,41.365129,-91.69418,568.828300914478
19185,Wayne,Iowa,6497,40.733313,-93.304108,525.4686489661144
19187,Webster,Iowa,36999,42.481229,-94.179496,715.7063334935542
19189,Winnebago,Iowa,10679,43.341507,-93.663913,400.4890802375151
19191,Winneshiek,Iowa,20070,43.281109,-91.813207,689.835837508922
19193,Woodbury,Iowa,105941,42.483312,-96.345995,872.8962632187528
19195,Worth,Iowa,7443,43.369396,-93.250437,400.1234310685697
19197,Wright,Iowa,12943,42.732976,-93.756305,580.4120309262732
20001,Allen,Kansas,12526,37.896944,-95.369306,500.29736816050485
20003,Anderson,Kansas,7836,38.251802,-95.263224,579.6412744921829
20005,Atchison,Kansas,16348,39.555375,-95.179193,431.1743944646912
20007,Barber,Kansas,4228,37.211912,-98.557723,1134.075005077919
20009,Barton,Kansas,25493,38.396456,-98.75829,895.257168960517
20011,Bourbon,Kansas,14360,37.845974,-94.749672,635.4610805529915
20013,Brown,Kansas,9508,39.805025,-95.551801,570.8713751585524
20015,Butler,Kansas,67380,37.725409,-96.99849,1429.7065244056275
20017,Chase,Kansas,2572,38.358225,-96.558338,773.0532670283186
20019,Chautauqua,Kansas,3379,37.115752,-96.228059,638.8809769478054
20021,Cherokee,Kansas,19362,37.114832,-94.751725,587.566801223655
20023,Cheyenne,Kansas,2616,39.769323,-101.738091,1019.8895936244279
20025,Clark,Kansas,1991,37.295814,-99.886429,974.6377986268053
20027,Clay,Kansas,8117,39.354338,-97.122448,645.2984288024396
20029,Cloud,Kansas,9032,39.53486,-97.635801,715.3417592330183
20031,Coffey,Kansas,8360,38.249077,-95.741609,626.884699096167
20033,Comanche,Kansas,1689,37.233664,-99.373213,788.2974756204576
20035,Cowley,Kansas,34549,37.17461,-96.99836,1125.7380525194767
20037,Crawford,Kansas,38972,37.438265,-94.729385,589.7707607622956
20039,Decatur,Kansas,2764,39.804239,-100.484373,893.5173578847048
20041,Dickinson,Kansas,18402,38.886002,-97.152074,847.0677342221467
20043,Doniphan,Kansas,7510,39.787452,-95.071424,393.478907129037
20045,Douglas,Kansas,118785,38.942493,-95.254186,455.7658386315913
20047,Edwards,Kansas,2907,37.913198,-99.352782,621.8944553378665
20049,Elk,Kansas,2483,37.423675,-96.239085,644.2642487652192
20051,Ellis,Kansas,28934,38.882206,-99.330542,899.9123532655909
20053,Ellsworth,Kansas,6376,38.725437,-98.268058,715.5751243969996
20055,Finney,Kansas,38470,37.977246,-100.863047,1301.9974257719662
20057,Ford,Kansas,34287,37.753005,-99.995523,1098.270772370457
20059,Franklin,Kansas,25996,38.603542,-95.260357,571.7718155856708
20061,Geary,Kansas,36739,39.040483,-96.838824,384.6591820840444
20063,Gove,Kansas,2718,39.047079,-100.377754,1071.6659011998322
20065,Graham,Kansas,2415,39.358244,-99.855627,898.526848449509
20067,Grant,Kansas,7352,37.580299,-101.351338,574.8080295241201
20069,Gray,Kansas,5653,37.724149,-100.412286,868.8673763834383
20071,Greeley,Kansas,1284,38.483553,-101.758084,778.4043097402482
20073,Greenwood,Kansas,6016,37.861919,-96.224613,1143.3039497621478
20075,Hamilton,Kansas,2518,37.98058,-101.760582,996.51358167818
20077,Harper,Kansas,5485,37.215327,-98.049879,801.2740857717683
20079,Harvey,Kansas,34024,38.046143,-97.385867,539.7558280682609
20081,Haskell,Kansas,3780,37.495004,-100.890211,577.5210330984879
20083,Hodgeman,Kansas,1723,38.085859,-99.860131,859.9920367974199
20085,Jackson,Kansas,13232,39.402317,-95.752833999999993,656.2193634935259
20087,Jefferson,Kansas,18368,39.210953,-95.397523,532.6257667646204
20089,Jewell,Kansas,2932,39.777617,-98.198892,909.9708060049743
20091,Johnson,Kansas,609863,38.924919,-94.740299,473.62367543841737
20093,Kearny,Kansas,3983,37.951539,-101.24168,870.5432477834812
20095,Kingman,Kansas,7470,37.610273,-98.098011,863.4190706767376
20097,Kiowa,Kansas,2460,37.595999,-99.252339,722.6395363645125
20099,Labette,Kansas,20184,37.259841,-95.262384,645.3932002799812
20101,Lane,Kansas,1574,38.504038,-100.483419,717.4087837800923
20103,Leavenworth,Kansas,81881,39.23513,-94.959527,463.40689919229015
20105,Lincoln,Kansas,2939,39.035019,-98.186201,719.3958535199608
20107,Linn,Kansas,9591,38.239619,-94.800976,594.0809905880225
20109,Logan,Kansas,2762,39.095504,-100.926327,1072.9932358647006
20111,Lyon,Kansas,32179,38.416221,-96.17907,847.4781075346327
20113,McPherson,Kansas,30223,38.382645,-97.646719,898.2849847909148
20115,Marion,Kansas,11823,38.324754,-97.127529,944.2988238274191
20117,Marshall,Kansas,10038,39.800328,-96.573926,900.1780857596293
20119,Meade,Kansas,4055,37.292243,-100.396872,978.0826356766557
20121,Miami,Kansas,34191,38.595195,-94.83105,575.8787251729893
20123,Mitchell,Kansas,5796,39.45426,-98.175033,701.7919981879762
20125,Montgomery,Kansas,31486,37.143443,-95.693873,643.5937209765801
20127,Morris,Kansas,5386,38.694354,-96.58085,695.342672827946
20129,Morton,Kansas,2701,37.043232,-101.840026,729.7306210413453
20131,Nemaha,Kansas,10273,39.829395,-95.96626,717.4272062584874
20133,Neosho,Kansas,15904,37.623786,-95.396134,571.4812652170824
20135,Ness,Kansas,2687,38.488254,-99.897744,1074.739387124059
20137,Norton,Kansas,5459,39.82351,-99.876765,878.0436903241228
20139,Osage,Kansas,15766,38.699173,-95.713137,705.5064565528064
20141,Osborne,Kansas,3500,39.425897,-98.705316,892.5156529000436
20143,Ottawa,Kansas,5735,39.096393,-97.682422,720.7304040480711
20145,Pawnee,Kansas,6253,38.179763,-99.146958,754.2627857855301
20147,Phillips,Kansas,4981,39.759487,-99.348621,885.8711077248922
20149,Pottawatomie,Kansas,25348,39.251723,-96.332282,840.7399488023133
20151,Pratt,Kansas,9157,37.6448,-98.730599,735.0384901960033
20153,Rawlins,Kansas,2561,39.807173,-101.050348,1069.416379675967
20155,Reno,Kansas,61898,38.051646,-97.931942,1255.3076871074902
20157,Republic,Kansas,4674,39.817924,-97.659071,717.3772172259123
20159,Rice,Kansas,9427,38.320405,-98.199874,726.2334891568287
20161,Riley,Kansas,71959,39.190165,-96.632706,609.685297744475
20163,Rooks,Kansas,4919,39.321747,-99.314061,890.5269429982055
20165,Rush,Kansas,2956,38.527826,-99.281206,717.7629703481535
20167,Russell,Kansas,6691,38.904218,-98.830652,886.2599983132742
20169,Saline,Kansas,54303,38.814764,-97.605554,720.2462944897458
20171,Scott,Kansas,5151,38.481574,-100.913143,717.5850849755445
20173,Sedgwick,Kansas,523824,37.680269,-97.34439,996.9357399868527
20175,Seward,Kansas,21964,37.051086,-100.918735,639.652861186301
20177,Shawnee,Kansas,178909,39.034789,-95.706417,544.0257148516408
20179,Sheridan,Kansas,2447,39.368138,-100.463405,895.9571262278884
20181,Sherman,Kansas,5927,39.350878,-101.726045,1056.0640179927314
20183,Smith,Kansas,3570,39.770601,-98.805608,895.4642567837889
20185,Stafford,Kansas,4072,38.005058,-98.733831,792.0460129062137
20187,Stanton,Kansas,2084,37.565287,-101.757372,680.3519213839171
20189,Stevens,Kansas,5250,37.187133,-101.322543,727.2596807403877
20191,Sumner,Kansas,22382,37.303365,-97.406786,1181.667850977123
20193,Thomas,Kansas,7930,39.384656,-101.050191,1074.6864505876053
20195,Trego,Kansas,2808,39.003748,-99.881416,889.4741034158648
20197,Wabaunsee,Kansas,6877,38.989695,-96.178582,794.3360265078592
20199,Wallace,Kansas,1512,38.885844,-101.761616,913.6521808202433
20201,Washington,Kansas,5530,39.779332,-97.048861,894.7586759384776
20203,Wichita,Kansas,2152,38.494575,-101.349645,718.5663091712031
20205,Wilson,Kansas,8624,37.511463,-95.739717,570.421824060034
20207,Woodson,Kansas,3115,37.876071,-95.735035,497.8186320708631
20209,Wyandotte,Kansas,169245,39.106038,-94.712818,151.63752276839602
21001,Adair,Kentucky,18903,37.107461,-85.27965,405.28795554972646
21003,Allen,Kentucky,20588,36.750241,-86.210149,344.34087730232864
21005,Anderson,Kentucky,23852,38.02799,-84.925693,202.1677910328322
21007,Ballard,Kentucky,7728,37.043623,-88.976992,246.92733628031985
21009,Barren,Kentucky,44485,36.995285,-85.932182,487.5850403035248
21011,Bath,Kentucky,12750,38.138475,-83.7406,278.79719378325643
21013,Bell,Kentucky,24097,36.680825,-83.70439,359.07481945930635
21015,Boone,Kentucky,135968,38.984893,-84.678985,246.28798044945466
21017,Bourbon,Kentucky,20252,38.203999,-84.246703,289.7464216544222
21019,Boyd,Kentucky,48261,38.432179,-82.666251,159.86720688072967
21021,Boyle,Kentucky,30614,37.637853,-84.796823,180.34991481099888
21023,Bracken,Kentucky,8400,38.701217,-84.072685,202.7165719305175
21025,Breathitt,Kentucky,13718,37.518699,-83.377385,492.416460166684
21027,Breckinridge,Kentucky,20432,37.769799,-86.408122,569.8089173853389
21029,Bullitt,Kentucky,82217,38.023787,-85.651771,297.05210422761365
21031,Butler,Kentucky,12371,37.217537,-86.677714,426.0915244124422
21033,Caldwell,Kentucky,12649,37.125484,-87.878812,344.79001102441356
21035,Calloway,Kentucky,37103,36.621007,-88.30609,385.0306146772234
21037,Campbell,Kentucky,93076,39.032376,-84.439251,151.33991715506372
21039,Carlisle,Kentucky,4826,36.855639,-88.946346,189.43997932098617
21041,Carroll,Kentucky,10810,38.669245,-85.140741,128.67771157451375
21043,Carter,Kentucky,26627,38.314087,-83.034886,409.49712429374824
21045,Casey,Kentucky,15941,37.301616,-84.925995,444.2388482625119
21047,Christian,Kentucky,72748,36.80904,-87.477832,717.5099950555372
21049,Clark,Kentucky,36972,37.986421,-84.182808,252.48730427569416
21051,Clay,Kentucky,20345,37.168974,-83.750091,469.29654090188086
21053,Clinton,Kentucky,9253,36.715915,-85.13447,197.25023255029538
21055,Crittenden,Kentucky,8990,37.33223,-88.095012,359.96320577703347
21057,Cumberland,Kentucky,5888,36.782421,-85.389733,305.19563697919835
21059,Daviess,Kentucky,103312,37.747426,-87.095079,458.39122095429235
21061,Edmonson,Kentucky,12126,37.192292,-86.253259,302.8849429737344
21063,Elliott,Kentucky,7354,38.122978,-83.108689,234.31864326203413
21065,Estill,Kentucky,14163,37.707053,-83.991846,253.0938066738847
21067,Fayette,Kentucky,322570,38.020293,-84.49441,283.63740557866885
21069,Fleming,Kentucky,15082,38.388852,-83.709683,348.54506262578946
21071,Floyd,Kentucky,35942,37.558551,-82.7396,393.2939105268711
21073,Franklin,Kentucky,51541,38.195361,-84.867165,207.84350589161585
21075,Fulton,Kentucky,6515,36.538105,-89.037115,205.92834034284428
21077,Gallatin,Kentucky,8690,38.764935,-84.841609,98.36379982454824
21079,Garrard,Kentucky,16953,37.650333,-84.575237,230.10892470853855
21081,Grant,Kentucky,24941,38.689224,-84.602905,257.9771317946321
21083,Graves,Kentucky,36649,36.742207,-88.650736,551.7535005208963
21085,Grayson,Kentucky,26420,37.471252,-86.30457,499.9284722585078
21087,Green,Kentucky,11107,37.265986,-85.538884,286.05202979097845
21089,Greenup,Kentucky,35962,38.55436,-82.809161,344.462123804885
21091,Hancock,Kentucky,9095,37.868547,-86.805118,187.67324379724664
21093,Hardin,Kentucky,110702,37.743564,-85.915853,623.3958189869837
21095,Harlan,Kentucky,26831,36.866097,-83.2338,465.830763215357
21097,Harrison,Kentucky,18692,38.414072,-84.314294,306.4123448813825
21099,Hart,Kentucky,19288,37.280435,-85.88777,412.56410401050067
21101,Henderson,Kentucky,44793,37.817983,-87.564508,436.3262741001541
21103,Henry,Kentucky,15678,38.4314,-85.180752,286.29486990193175
21105,Hickman,Kentucky,4521,36.664413,-88.956556,242.2744593217457
21107,Hopkins,Kentucky,45423,37.308856,-87.52201,542.0841850891741
21109,Jackson,Kentucky,12955,37.400575,-83.992381,345.1951677106348
21111,Jefferson,Kentucky,782969,38.201451,-85.686227,380.80164854501976
21113,Jessamine,Kentucky,52991,37.886869,-84.585371,172.16761778879365
21115,Johnson,Kentucky,22680,37.830575,-82.817074,261.9645195977367
21117,Kenton,Kentucky,169064,39.011065,-84.549073,160.29060882445518
21119,Knott,Kentucky,14251,37.328988,-82.942351,351.5180546523822
21121,Knox,Kentucky,30193,36.902733,-83.921054,386.30685412683226
21123,Larue,Kentucky,14867,37.542807,-85.723159,261.55335632023423
21125,Laurel,Kentucky,62613,37.091997,-84.087505,433.98871587869957
21127,Lawrence,Kentucky,16293,38.081027,-82.677508,415.5956611708152
21129,Lee,Kentucky,7395,37.590698,-83.702693,208.85892020562213
21131,Leslie,Kentucky,10513,37.115702,-83.376004,400.88723418888594
21133,Letcher,Kentucky,21548,37.146816,-82.807202,337.9303544370326
21135,Lewis,Kentucky,13080,38.564104,-83.350474,482.8403872479554
21137,Lincoln,Kentucky,24275,37.473364,-84.670402,332.843405215478
21139,Livingston,Kentucky,8888,37.133064,-88.351386,313.26887558568757
21141,Logan,Kentucky,27432,36.859958,-86.862831,552.2125744430541
21143,Lyon,Kentucky,8680,37.065485,-88.079475,213.84214462667939
21145,McCracken,Kentucky,67875,37.0493,-88.649871,248.72399433524814
21147,McCreary,Kentucky,16888,36.713019,-84.447417,426.80377246982806
21149,McLean,Kentucky,9152,37.51554,-87.221398,252.52664229412235
21151,Madison,Kentucky,92701,37.70685,-84.286707,437.35658886866474
21153,Magoffin,Kentucky,11637,37.733397,-83.057067,308.4441962940131
21155,Marion,Kentucky,19581,37.570127,-85.28442,343.0463034056168
21157,Marshall,Kentucky,31659,36.897003,-88.34,302.2070000931394
21159,Martin,Kentucky,11287,37.835468,-82.516965,229.61834446413735
21161,Mason,Kentucky,17120,38.616511,-83.789096,240.12637996241614
21163,Meade,Kentucky,30003,37.934417,-86.134606,305.44298907997694
21165,Menifee,Kentucky,6113,37.945275,-83.595979,203.58518518449878
21167,Mercer,Kentucky,22641,37.785035,-84.84891,249.06410284640265
21169,Metcalfe,Kentucky,10286,36.990976,-85.64095,289.64075476006724
21171,Monroe,Kentucky,11338,36.707799,-85.723364,329.43042699914173
21173,Montgomery,Kentucky,28114,38.037988,-83.918227,197.3504739371178
21175,Morgan,Kentucky,13726,37.914473,-83.268972,381.1269369109189
21177,Muhlenberg,Kentucky,30928,37.238076,-87.146244,467.3579289134266
21179,Nelson,Kentucky,46738,37.820783,-85.4595,417.5227773535995
21181,Nicholas,Kentucky,7537,38.324558,-84.022987,195.16149940935443
21183,Ohio,Kentucky,23772,37.464465,-86.864757,587.2857061108284
21185,Oldham,Kentucky,67607,38.372614,-85.459227,187.24405032114223
21187,Owen,Kentucky,11278,38.530989,-84.831041,351.10790566525037
21189,Owsley,Kentucky,4051,37.45244,-83.68482,197.40972671878407
21191,Pendleton,Kentucky,14644,38.715312,-84.359242,277.15822139430594
21193,Perry,Kentucky,28473,37.258818,-83.200329,339.7026251213177
21195,Pike,Kentucky,58669,37.463914,-82.427235,786.7302074216858
21197,Powell,Kentucky,13129,37.850736,-83.880539,178.98107261967314
21199,Pulaski,Kentucky,65034,37.092197,-84.614379,658.4105913134867
21201,Robertson,Kentucky,2193,38.520923,-84.051005,99.92129886650329
21203,Rockcastle,Kentucky,16037,37.380897,-84.351176,316.5474802121775
21205,Rowan,Kentucky,24662,38.194754,-83.444323,279.83950165701725
21207,Russell,Kentucky,17991,37.030799,-85.058512,253.69247003994934
21209,Scott,Kentucky,57155,38.230636,-84.568282,281.7678942935379
21211,Shelby,Kentucky,48065,38.212966,-85.232221,379.7714160162689
21213,Simpson,Kentucky,19594,36.732484,-86.571947,234.2054157152096
21215,Spencer,Kentucky,19490,38.06313,-85.350311,186.72590392702614
21217,Taylor,Kentucky,26023,37.350286,-85.342524,266.36868692034267
21219,Todd,Kentucky,12243,36.812095,-87.173233,374.50626057121167
21221,Trigg,Kentucky,14061,36.845549,-87.834907,441.5038588729274
21223,Trimble,Kentucky,8474,38.61932,-85.33207,151.64797918705503
21225,Union,Kentucky,13668,37.652277,-87.929907,342.78690144257075
21227,Warren,Kentucky,134554,36.966984,-86.435814,541.7195648824813
21229,Washington,Kentucky,12027,37.738166,-85.192752,296.9720957522079
21231,Wayne,Kentucky,19555,36.838184,-84.845965,458.1838609289986
21233,Webster,Kentucky,13017,37.502386,-87.68192,332.09885546540215
21235,Whitley,Kentucky,36712,36.814087,-84.141533,437.8311219351505
21237,Wolfe,Kentucky,6562,37.739826,-83.509721,222.1705701189493
21239,Woodford,Kentucky,26871,38.048373,-84.726705,190.12118476482118
22001,Acadia,Louisiana,57576,30.281563,-92.350979,655.2438624901641
22003,Allen,Louisiana,22750,30.669442,-92.779523,762.0841240078125
22005,Ascension,Louisiana,126500,30.254386,-90.934071,289.96923773522656
22007,Assumption,Louisiana,21039,29.921462,-91.065832,344.020868111244
22009,Avoyelles,Louisiana,39693,31.057263,-92.067528,831.9422887234799
22011,Beauregard,Louisiana,36549,30.723548,-93.282544,1157.4774329755514
22013,Bienville,Louisiana,12981,32.384335,-93.079008,811.3436462841523
22015,Bossier,Louisiana,128746,32.560816,-93.659046,839.5202204229424
22017,Caddo,Louisiana,237848,32.468933,-93.799166,879.4683563238443
22019,Calcasieu,Louisiana,216785,30.225067,-93.257749,1064.082159048985
22021,Caldwell,Louisiana,9645,32.073032,-92.104629,529.7701679410412
22023,Cameron,Louisiana,5617,29.957136,-93.210852,1284.6390275513659
22025,Catahoula,Louisiana,8906,31.694978,-91.820047,708.0248862609644
22027,Claiborne,Louisiana,14170,32.826371,-93.033201,754.7943986507336
22029,Concordia,Louisiana,18687,31.592181,-91.54632,697.0535266279659
22031,De Soto,Louisiana,26812,32.121308,-93.778274,876.4486779825411
22033,East Baton Rouge,Louisiana,456781,30.460289,-91.100064,455.50204900361496
22035,East Carroll,Louisiana,7459,32.761788,-91.184557,420.88706113789846
22037,East Feliciana,Louisiana,19539,30.820502,-91.090607,453.2927890545413
22039,Evangeline,Louisiana,32350,30.690294,-92.361575,662.4305989574601
22041,Franklin,Louisiana,19774,32.147658,-91.695666,624.2984435940133
22043,Grant,Louisiana,22169,31.530198,-92.538082,643.1876855218459
22045,Iberia,Louisiana,69929,29.994242,-91.80964,573.7144082873801
22047,Iberville,Louisiana,30241,30.271035,-91.232013,618.7194573646132
22049,Jackson,Louisiana,15031,32.283184,-92.643112,569.3776968729019
22051,Jefferson,Louisiana,440781,29.945816,-90.152287,300.94936922316606
22053,Jefferson Davis,Louisiana,32250,30.241059,-92.746247,651.5204203003079
22055,Lafayette,Louisiana,241753,30.198103,-92.042199,268.8265661574794
22057,Lafourche,Louisiana,97557,29.690273,-90.63396,1067.7930498298697
22059,LaSalle,Louisiana,14791,31.726006,-92.16954,624.8535388064001
22061,Lincoln,Louisiana,48396,32.54964,-92.645045,471.63629450020915
22063,Livingston,Louisiana,142282,30.48237,-90.843081,648.127026729864
22065,Madison,Louisiana,10017,32.397655,-91.197847,624.1746032571555
22067,Morehouse,Louisiana,25629,32.785896,-91.8883,794.949872183004
22069,Natchitoches,Louisiana,37515,31.757091,-93.097411,1253.3231610086427
22071,Orleans,Louisiana,383997,29.975765,-90.05295,169.49939357057514
22073,Ouachita,Louisiana,160368,32.516411,-92.131922,610.3495042685737
22075,Plaquemines,Louisiana,23515,29.725872,-89.903288,780.1875159959711
22077,Pointe Coupee,Louisiana,20758,30.664814,-91.4947,556.875232527612
22079,Rapides,Louisiana,130023,31.286365,-92.455373,1320.8307311495728
22081,Red River,Louisiana,7620,32.054844,-93.305191,388.97981195751515
22083,Richland,Louisiana,20043,32.440206,-91.718715,555.6131282780291
22085,Sabine,Louisiana,22155,31.578134,-93.564477,866.6247035396623
22087,St. Bernard,Louisiana,43764,29.930597,-89.937239,377.5165141588237
22089,St. Charles,Louisiana,52549,29.938265,-90.376212,277.74177426629194
22091,St. Helena,Louisiana,10920,30.786666,-90.693517,408.52654840952147
22093,St. James,Louisiana,20192,30.020844,-90.736618000000007,237.86129079951647
22095,St. John the Baptist,Louisiana,42477,30.072182,-90.511201,214.47384984327206
22097,St. Landry,Louisiana,82540,30.510054,-92.112737,924.0289550981762
22099,St. Martin,Louisiana,51767,30.231079,-91.83735,737.4701164168665
22101,St. Mary,Louisiana,49406,29.738031,-91.339006,555.8427389846203
22103,St. Tammany,Louisiana,264570,30.386943,-89.961836,845.2682792431816
22105,Tangipahoa,Louisiana,133157,30.561076,-90.449002,791.171370667026
22107,Tensas,Louisiana,4147,31.960595,-91.298951,603.0127435604328
22109,Terrebonne,Louisiana,109580,29.596256,-90.725647,1229.888155355277
22111,Union,Louisiana,21107,32.788831,-92.398543,876.8996437593685
22113,Vermilion,Louisiana,57359,29.998731,-92.161801,1173.61572520887
22115,Vernon,Louisiana,48750,31.09456,-93.24714,1326.7187149364945
22117,Washington,Louisiana,45463,30.839568,-90.004103,669.6370787586358
22119,Webster,Louisiana,36967,32.699031,-93.338052,593.2903641785445
22121,West Baton Rouge,Louisiana,27199,30.436753,-91.266575,192.3463212346562
22123,West Carroll,Louisiana,9751,32.827035,-91.427421,359.6858871294201
22125,West Feliciana,Louisiana,15310,30.888343,-91.442588,403.316238003888
22127,Winn,Louisiana,13755,31.930579,-92.67791,950.0034604405964
23001,Androscoggin,Maine,111139,44.117226,-70.202081,467.95329573926114
23003,Aroostook,Maine,67105,46.701279,-68.088411,6671.086624795355
23005,Cumberland,Maine,303069,43.746359,-70.305033,836.222880575309
23007,Franklin,Maine,29456,44.707406,-70.225872,1697.0053596114772
23009,Hancock,Maine,55478,44.471045,-68.468176,1587.1280582828622
23011,Kennebec,Maine,123642,44.395615,-69.748924,867.4769101546185
23013,Knox,Maine,40607,44.132937,-69.161632,365.1457708815505
23015,Lincoln,Maine,35237,44.034295,-69.553445,455.8665688237465
23017,Oxford,Maine,57777,44.279251,-70.614092,2076.957173367101
23019,Penobscot,Maine,152199,44.944506,-68.797457,3397.1969577883506
23021,Piscataquis,Maine,16800,45.242664,-69.256031,3960.8616994770687
23023,Sagadahoc,Maine,36699,43.956844,-69.871506,253.97268097883276
23025,Somerset,Maine,50477,44.820189,-69.685098,3924.269748867689
23027,Waldo,Maine,39607,44.490051,-69.086158,729.9710410639685
23029,Washington,Maine,31095,44.861852,-67.46595,2562.7302887502447
23031,York,Maine,211972,43.422532,-70.64015,991.1858718918984
24001,Allegany,Maryland,68106,39.628458,-78.820665,422.19880461150075
24003,Anne Arundel,Maryland,588261,39.071038,-76.604417,414.81035563518475
24005,Baltimore,Maryland,854535,39.368834,-76.620325,598.3582109958027
24009,Calvert,Maryland,92783,38.551108,-76.54407,213.1896049515069
24011,Caroline,Maryland,33293,38.873476,-75.830203,319.44171898148215
24013,Carroll,Maryland,172891,39.526206,-76.993056,447.6297997368027
24015,Cecil,Maryland,103725,39.614177,-75.936285,346.2998650599983
24017,Charles,Maryland,166617,38.58147,-76.951519,457.82366275032825
24019,Dorchester,Maryland,32531,38.571271,-76.011658,540.7645465986328
24021,Frederick,Maryland,271717,39.427679,-77.400605,660.5907638703408
24023,Garrett,Maryland,28806,39.51324,-79.305826,649.0772797408712
24025,Harford,Maryland,260924,39.520613,-76.309261,437.1263480433507
24027,Howard,Maryland,332317,39.217658,-76.854298,250.9495779113828
24029,Kent,Maryland,19198,39.244676,-76.05767,277.02718565762063
24031,Montgomery,Maryland,1062061,39.087069,-77.124126,493.1271051279073
24033,Prince George's,Maryland,967201,38.909313,-76.888689,482.6497883034683
24035,Queen Anne's,Maryland,49874,39.021381,-76.149985,371.6902059446134
24037,St. Mary's,Maryland,113777,38.307223,-76.577954,358.61552275620295
24039,Somerset,Maryland,24620,38.13306,-75.742151,319.74868834436467
24041,Talbot,Maryland,37526,38.7685,-76.098027,268.5578494798573
24043,Washington,Maryland,154705,39.618688,-77.73148,457.78405059936745
24045,Wicomico,Maryland,103588,38.372255,-75.593756,374.4292123410559
24047,Worcester,Maryland,52460,38.30361,-75.234513,468.40231787782227
24510,Baltimore,Maryland,585708,39.314378,-76.618104,80.94605770217224
25001,Barnstable,Massachusetts,228996,41.692343,-70.328659,394.2133715046283
25003,Berkshire,Massachusetts,129026,42.456888,-73.218336,926.8738364980371
25005,Bristol,Massachusetts,579200,41.794278,-71.109451,553.1121164104495
25007,Dukes,Massachusetts,20600,41.419712,-70.60331,103.20240157395935
25009,Essex,Massachusetts,809829,42.625306,-70.991432,492.520849062894
25011,Franklin,Massachusetts,71029,42.578152,-72.559152,699.2078098767797
25013,Hampden,Massachusetts,465825,42.125554,-72.574333,617.004805091557
25015,Hampshire,Massachusetts,162308,42.312741,-72.572165,527.2355775409333
25017,Middlesex,Massachusetts,1632002,42.447845,-71.254598,817.8634901146322
25019,Nantucket,Massachusetts,14255,41.267216,-70.089225,46.1922271141237
25021,Norfolk,Massachusetts,725981,42.202442,-71.146359,396.1031612612307
25023,Plymouth,Massachusetts,530819,42.023677,-70.855576,658.5054400114601
25025,Suffolk,Massachusetts,797936,42.336102,-71.077148,58.253321865635904
25027,Worcester,Massachusetts,862111,42.303377,-71.802715,1510.6702709920935
26001,Alcona,Michigan,10167,44.668106,-83.46556,674.6553141512298
26003,Alger,Michigan,8842,46.384467,-86.711752,915.0341968172202
26005,Allegan,Michigan,120502,42.608445,-85.871027,825.2530854282571
26007,Alpena,Michigan,28907,45.050588,-83.502895,571.8965103666055
26009,Antrim,Michigan,23431,44.978317,-85.198554,475.67889220927736
26011,Arenac,Michigan,15002,44.044452,-83.884489,363.1783699578451
26013,Baraga,Michigan,8158,46.766517,-88.450012,898.426934477317
26015,Barry,Michigan,62423,42.618511,-85.349392,553.1041800805797
26017,Bay,Michigan,103856,43.629992,-83.929196,442.40934333864567
26019,Benzie,Michigan,17970,44.651834,-86.011382,319.69816919352576
26021,Berrien,Michigan,154316,41.985704,-86.406377,567.7808134802596
26023,Branch,Michigan,44862,41.929177,-85.030705,506.41070163059555
26025,Calhoun,Michigan,134310,42.289631,-85.106049,706.2619970869288
26027,Cass,Michigan,51589,41.892277,-86.040504,490.1084615403891
26029,Charlevoix,Michigan,26054,45.244536,-85.11101,416.3296305634392
26031,Cheboygan,Michigan,25579,45.511041,-84.52108,715.2789597169232
26033,Chippewa,Michigan,36785,46.365585,-84.396326,1558.507379788705
26035,Clare,Michigan,30856,43.944384,-84.825684999999993,564.3669734839053
26037,Clinton,Michigan,79128,42.886259,-84.55428,566.3487748598197
26039,Crawford,Michigan,12988,44.657052,-84.668957,556.4150721139797
26041,Delta,Michigan,36903,45.801912,-87.065752,1171.101069649312
26043,Dickinson,Michigan,25947,45.832994,-88.014029,760.9475601028918
26045,Eaton,Michigan,109175,42.645094,-84.739621,575.2084997023403
26047,Emmet,Michigan,34112,45.432042,-84.910442,467.5468328694374
26049,Genesee,Michigan,406211,43.002399,-83.693809,636.9427495171011
26051,Gladwin,Michigan,25386,43.968003,-84.439806,501.78624719632404
26053,Gogebic,Michigan,14380,46.446365,-89.992958,1102.1355379890142
26055,Grand Traverse,Michigan,95238,44.713441,-85.613028,464.33614670146113
26057,Gratiot,Michigan,41761,43.34413,-84.631259,568.3805614072877
26059,Hillsdale,Michigan,45746,41.916883,-84.605231,598.1522308996238
26061,Houghton,Michigan,37361,47.127331,-88.54177,1009.1005383032434
26063,Huron,Michigan,31407,43.832366,-83.063027,836.0174039563449
26065,Ingham,Michigan,284900,42.688382,-84.486253,556.0842736841754
26067,Ionia,Michigan,66804,42.957003,-85.086727,571.3195621581444
26069,Iosco,Michigan,25237,44.357042,-83.532361,549.1043621045812
26071,Iron,Michigan,11631,46.099565,-88.53764,1165.9973512388055
26073,Isabella,Michigan,64394,43.608534,-84.80345,572.6997503475026
26075,Jackson,Michigan,160366,42.241802,-84.406618,701.8969890174516
26077,Kalamazoo,Michigan,261670,42.262549,-85.586372,561.9550817165721
26079,Kalkaska,Michigan,17939,44.720582,-85.164963,559.7435464674778
26081,Kent,Michigan,657974,42.961776,-85.625638,848.9305705731599
26083,Keweenaw,Michigan,2046,47.336126,-88.289269,540.1118393551236
26085,Lake,Michigan,12096,43.95721,-85.799431,567.5937967916
26087,Lapeer,Michigan,88619,43.058194,-83.249396,646.9828423266391
26089,Leelanau,Michigan,22301,44.906992,-85.730072,347.1992355980353
26091,Lenawee,Michigan,99423,41.926112,-84.052777,749.6274390232626
26093,Livingston,Michigan,193866,42.575026,-83.856466,565.2843861897112
26095,Luce,Michigan,5339,46.335663,-85.56135,899.0750000006757
26097,Mackinac,Michigan,10834,45.997314,-84.881331,1021.8791313292941
26099,Macomb,Michigan,881217,42.589118,-82.957895,479.3477878166785
26101,Manistee,Michigan,25032,44.306321,-86.185294,542.3254143819216
26103,Marquette,Michigan,66017,46.486717,-87.492759,1809.0511573815681
26105,Mason,Michigan,29052,43.97455,-86.346719,494.96876107280667
26107,Mecosta,Michigan,39714,43.650863,-85.382191,555.154509184214
26109,Menominee,Michigan,23502,45.342064,-87.579801,1044.0409519872276
26111,Midland,Michigan,83494,43.643318,-84.296349,517.4496353189822
26113,Missaukee,Michigan,15052,44.307677,-85.179858,564.7877935624963
26115,Monroe,Michigan,154809,41.901664,-83.486421000000007,549.3531794630517
26117,Montcalm,Michigan,66614,43.283564,-85.172737,705.3289043863604
26119,Montmorency,Michigan,9153,44.997449,-84.12591,546.6747219932219
26121,Muskegon,Michigan,175824,43.243847,-86.214941,503.9135693175055
26123,Newaygo,Michigan,49978,43.466224,-85.811272,838.8866151976273
26125,Oakland,Michigan,1274395,42.586862000000004,-83.314039,867.2923127820845
26127,Oceana,Michigan,26659,43.632662,-86.305778,538.1053235800376
26129,Ogemaw,Michigan,20770,44.286618,-84.127345,563.5032150784662
26131,Ontonagon,Michigan,5816,46.718929,-89.288199,1310.977517576326
26133,Osceola,Michigan,22891,43.965434,-85.357843,566.2861541090241
26135,Oscoda,Michigan,8219,44.701471,-84.14837,565.673663652456
26137,Otsego,Michigan,25091,45.006949,-84.666769,515.0063843343281
26139,Ottawa,Michigan,296200,42.911054,-86.015862,563.5195244197473
26141,Presque Isle,Michigan,12982,45.356976,-83.868249,658.7171765047215
26143,Roscommon,Michigan,23459,44.364342,-84.650133,519.8966874793878
26145,Saginaw,Michigan,190124,43.399088,-83.996446,800.7965858962959
26147,St. Clair,Michigan,160383,42.912215,-82.563457,721.518955930651
26149,St. Joseph,Michigan,60939,41.887521,-85.526887,500.6394469509746
26151,Sanilac,Michigan,40611,43.365189,-82.782963,962.5714111869031
26153,Schoolcraft,Michigan,8047,46.006087,-86.226826,1171.8762952158881
26155,Shiawassee,Michigan,68094,42.942704,-84.147876,530.967018609209
26157,Tuscola,Michigan,53323,43.429916,-83.433939,804.8510682159078
26159,Van Buren,Michigan,75587,42.260186,-86.001338,607.793232687852
26161,Washtenaw,Michigan,372258,42.257602,-83.726939,706.0031321919853
26163,Wayne,Michigan,1793561,42.329477,-83.226321,611.8564420745546
26165,Wexford,Michigan,33673,44.309686,-85.486553,564.9248625315118
27001,Aitkin,Minnesota,15697,46.570797,-93.52998,1821.3688251256103
27003,Anoka,Minnesota,363887,45.195033,-93.269315,421.9639857728922
27005,Becker,Minnesota,35183,46.846984,-95.781108,1315.0366782957935
27007,Beltrami,Minnesota,46228,47.585267,-94.86333,2504.704339743089
27009,Benton,Minnesota,41379,45.634664,-94.10435,408.29660835778895
27011,Big Stone,Minnesota,5166,45.395362,-96.446286,499.1651220360236
27013,Blue Earth,Minnesota,69112,44.133623,-93.994417,747.8490833689581
27015,Brown,Minnesota,25912,44.285144,-94.59176,611.1093475251514
27017,Carlton,Minnesota,36207,46.644206,-92.532283,861.1908137292569
27019,Carver,Minnesota,106922,44.836919,-93.679267,354.0216854509035
27021,Cass,Minnesota,30066,46.817725,-94.417932,2021.4733981925501
27023,Chippewa,Minnesota,12598,44.961846,-95.618298,581.2297524408326
27025,Chisago,Minnesota,56621,45.452093,-92.924032,414.8994703300009
27027,Clay,Minnesota,65318,46.855003,-96.673903,1045.1758765023828
27029,Clearwater,Minnesota,8524,47.559971,-95.388788,998.825977235857
27031,Cook,Minnesota,5600,47.790102,-90.339448,1452.5667791579167
27033,Cottonwood,Minnesota,11517,43.938574,-95.120928,639.9729445090001
27035,Crow Wing,Minnesota,66123,46.430863,-94.162322,998.3567187109597
27037,Dakota,Minnesota,439882,44.763244,-93.154642,562.5437998632357
27039,Dodge,Minnesota,20867,44.030082,-92.805954,439.281669520869
27041,Douglas,Minnesota,39006,45.907933,-95.389465,636.9370135834331
27043,Faribault,Minnesota,13921,43.682751,-93.954993,712.4794213823631
27045,Fillmore,Minnesota,21228,43.696271,-92.081754,861.3333680516395
27047,Freeborn,Minnesota,30895,43.662772,-93.361666,707.2451178163903
27049,Goodhue,Minnesota,47582,44.446353,-92.66657,756.7035772994341
27051,Grant,Minnesota,6074,45.948536,-95.931474,547.7999595913203
27053,Hennepin,Minnesota,1281565,44.976697,-93.361233,554.0370017374327
27055,Houston,Minnesota,18843,43.720423,-91.438661,552.1132643346382
27057,Hubbard,Minnesota,21344,47.058441,-94.933356,926.0064773038669
27059,Isanti,Minnesota,41135,45.542718,-93.259775,435.75833133844003
27061,Itasca,Minnesota,45014,47.315009,-93.521135,2667.740003640403
27063,Jackson,Minnesota,9989,43.66536,-95.109576,702.9722974288095
27065,Kanabec,Minnesota,16032,45.885216,-93.297994,521.6096779687533
27067,Kandiyohi,Minnesota,43732,45.154628,-95.017492,797.3750744361525
27069,Kittson,Minnesota,4207,48.729252,-96.77663,1098.9994641326753
27071,Koochiching,Minnesota,12062,48.510977,-93.489801,3104.606748947585
27073,Lac qui Parle,Minnesota,6719,44.982404,-96.130868,765.0208950187034
27075,Lake,Minnesota,10905,47.186485,-91.560751,2109.1075804205143
27077,Lake of the Woods,Minnesota,3763,48.769541,-94.744612,1297.8423680871647
27079,Le Sueur,Minnesota,28674,44.39681,-93.716142,448.67396398974205
27081,Lincoln,Minnesota,5640,44.373948,-96.252306,536.7843607590925
27083,Lyon,Minnesota,25269,44.428528,-95.796682,714.4106576612817
27085,McLeod,Minnesota,36771,44.85967,-94.264775,491.5099146922339
27087,Mahnomen,Minnesota,5411,47.300158,-95.837513,557.8666861138602
27089,Marshall,Minnesota,9040,48.306927,-96.530084,1775.0629569492503
27091,Martin,Minnesota,20025,43.665559,-94.50935,712.3307118193682
27093,Meeker,Minnesota,23400,45.136287,-94.481246,607.9676581990178
27095,Mille Lacs,Minnesota,26459,45.790781,-93.623033,572.3055535571551
27097,Morrison,Minnesota,34010,45.984633,-94.329081,1125.0942484056422
27099,Mower,Minnesota,40029,43.665401,-92.901937,711.2727328311944
27101,Murray,Minnesota,8179,43.982392,-95.740801,704.6673055962408
27103,Nicollet,Minnesota,34454,44.265352,-94.058378,448.59208214666285
27105,Nobles,Minnesota,22290,43.635008,-95.663888,715.1167126400438
27107,Norman,Minnesota,6441,47.308519,-96.484363,872.7888669728295
27109,Olmsted,Minnesota,162847,44.024514,-92.476238,653.5123506802508
27111,Otter Tail,Minnesota,60081,46.408729,-95.789225,1971.6339975784676
27113,Pennington,Minnesota,13992,48.102851,-96.147968,616.578830935251
27115,Pine,Minnesota,28876,46.030418,-92.894181,1411.3364605368788
27117,Pipestone,Minnesota,9424,43.980739,-96.268335,465.05286813845646
27119,Polk,Minnesota,31192,47.783873,-96.562798,1970.999326711195
27121,Pope,Minnesota,11308,45.630228,-95.439435,669.5358300312815
27123,Ramsey,Minnesota,552352,44.99291,-93.10565,152.24930974683124
27125,Red Lake,Minnesota,3935,47.875652,-96.132058,432.40713796172605
27127,Redwood,Minnesota,15425,44.440045,-95.189914,878.5728846454049
27129,Renville,Minnesota,14723,44.721227,-94.942285,982.904548932466
27131,Rice,Minnesota,67097,44.372673,-93.26165,495.8397079282345
27133,Rock,Minnesota,9704,43.648084,-96.237081,482.45869630652476
27135,Roseau,Minnesota,15331,48.82443,-95.646717,1671.7183161122698
27137,St. Louis,Minnesota,200231,47.078425,-92.307366,6248.100055563576
27139,Scott,Minnesota,150928,44.714553,-93.466447,356.2715687524913
27141,Sherburne,Minnesota,97183,45.402446,-93.718866,432.9094649782003
27143,Sibley,Minnesota,14836,44.58252,-94.165538,588.8343460387546
27145,Stearns,Minnesota,158292,45.559158,-94.355044,1342.8285757651606
27147,Steele,Minnesota,37406,44.06586,-93.214616,429.6451013437278
27149,Stevens,Minnesota,9671,45.577955,-95.921798,563.5796497922919
27151,Swift,Minnesota,9838,45.272889,-95.637582,741.9855186130566
27153,Todd,Minnesota,25262,46.065805,-94.889142,945.0976985373111
27155,Traverse,Minnesota,3360,45.751962,-96.547312,573.8717364227591
27157,Wabasha,Minnesota,21387,44.298281,-92.21876,522.9223677787463
27159,Wadena,Minnesota,14065,46.52738,-95.044753,536.347164929649
27161,Waseca,Minnesota,18968,44.062525,-93.551329,423.36299451197095
27163,Washington,Minnesota,267568,44.985726,-92.921431,384.718082740542
27165,Watonwan,Minnesota,11253,43.992768,-94.58359,434.9474357239424
27167,Wilkin,Minnesota,6506,46.316429,-96.525623,751.03814125231645
27169,Winona,Minnesota,49671,44.023673,-91.718459,626.1770591680439
27171,Wright,Minnesota,141337,45.199091,-93.818147,661.1591761322796
27173,Yellow Medicine,Minnesota,9528,44.737396,-95.830115,759.1011543292375
28001,Adams,Mississippi,29538,31.545814,-91.35434,462.3435387122299
28003,Alcorn,Mississippi,34740,34.909527,-88.529805,400.0444654550943
28005,Amite,Mississippi,12720,31.187109,-90.807611,730.1002119272277
28007,Attala,Mississippi,17889,33.065276,-89.589172,734.9567697436264
28009,Benton,Mississippi,7646,34.813848,-89.203932,406.6163137714173
28011,Bolivar,Mississippi,30985,33.771865,-90.768825,876.5066037310883
28013,Calhoun,Mississippi,13266,33.930069,-89.309537,586.5734619144641
28015,Carroll,Mississippi,9998,33.46177,-89.919301,628.3878758810209
28017,Chickasaw,Mississippi,17106,33.93085,-88.93891,501.78161165380794
28019,Choctaw,Mississippi,8246,33.339222,-89.234179,418.1970298697626
28021,Claiborne,Mississippi,9135,31.931505,-90.950731,487.4153746597702
28023,Clarke,Mississippi,15615,32.067249,-88.731696,691.5757748401402
28025,Clay,Mississippi,18636,33.624883,-88.693,410.07222847829985
28027,Coahoma,Mississippi,21390,34.220105,-90.57036,553.1015696438853
28029,Copiah,Mississippi,28368,31.893381,-90.378623,777.284947458697
28031,Covington,Mississippi,18340,31.634654,-89.546964,413.81848351419654
28033,DeSoto,Mississippi,185314,34.927389,-89.949653,476.34589334079993
28035,Forrest,Mississippi,78158,31.309279,-89.287954,466.0418626400567
28037,Franklin,Mississippi,7675,31.471678,-90.866734,563.9635241414294
28039,George,Mississippi,24350,30.868417,-88.590917,478.6959836661181
28041,Greene,Mississippi,13530,31.195402,-88.629422,712.738367744862
28043,Grenada,Mississippi,21629,33.76756,-89.803438,422.1220552244157
28045,Hancock,Mississippi,46053,30.379142,-89.404092,473.9640356881793
28047,Harrison,Mississippi,208621,30.434161,-89.063779,573.6413816973082
28049,Hinds,Mississippi,227742,32.304046,-90.257,869.8452356987848
28051,Holmes,Mississippi,17000,33.089593,-90.028731,756.6740644226355
28053,Humphreys,Mississippi,7785,33.164116,-90.518897,418.6797730125487
28055,Issaquena,Mississippi,1338,32.889296,-91.018573,412.9803734890505
28057,Itawamba,Mississippi,23863,34.289689,-88.404342,532.7951088547661
28059,Jackson,Mississippi,143252,30.443696,-88.66863,722.8254020826374
28061,Jasper,Mississippi,16367,31.961091,-89.144805,676.3105136417016
28063,Jefferson,Mississippi,7260,31.714009,-91.057536,519.9331027044753
28065,Jefferson Davis,Mississippi,11321,31.575445,-89.816038,408.4463835627416
28067,Jones,Mississippi,67246,31.667175,-89.167194,694.8445103093543
28069,Kemper,Mississippi,8988,32.763776,-88.672958,766.1823397328261
28071,Lafayette,Mississippi,55813,34.359415,-89.52675,631.6973049733422
28073,Lamar,Mississippi,64222,31.273921,-89.439932,496.5697680365027
28075,Lauderdale,Mississippi,72984,32.401267,-88.692876,703.6743686054991
28077,Lawrence,Mississippi,12016,31.553787,-90.110558,430.60197870946985
28079,Leake,Mississippi,21275,32.733654,-89.510973,582.8973446522888
28081,Lee,Mississippi,83343,34.278226,-88.703819,449.965105438264
28083,Leflore,Mississippi,28339,33.513518,-90.203416,594.0744256930199
28085,Lincoln,Mississippi,34907,31.54927,-90.457896,586.2072297312593
28087,Lowndes,Mississippi,58879,33.520258,-88.389424,505.44835242506196
28089,Madison,Mississippi,109145,32.509875,-90.104845,714.3580863774699
28091,Marion,Mississippi,24441,31.245825,-89.830527,542.397925911714
28093,Marshall,Mississippi,33752,34.816553999999996,-89.544076,706.1851720238207
28095,Monroe,Mississippi,34180,33.926461,-88.499061,765.0915493971129
28097,Montgomery,Mississippi,9822,33.496327,-89.682458,406.98056640885505
28099,Neshoba,Mississippi,29087,32.755039,-89.120008,570.1343242846007
28101,Newton,Mississippi,21291,32.415269,-89.129364,577.7701330837384
28103,Noxubee,Mississippi,10285,33.13285,-88.549668,695.1583731401763
28105,Oktibbeha,Mississippi,51788,33.448413,-88.825442,458.23929207149916
28107,Panola,Mississippi,33208,34.345346,-89.934868,685.1750500893227
28109,Pearl River,Mississippi,56145,30.640759,-89.631685,811.3192647050415
28111,Perry,Mississippi,11511,31.262146,-88.992608,647.2818479463986
28113,Pike,Mississippi,40324,31.219047,-90.435044,409.18479776341525
28115,Pontotoc,Mississippi,31184,34.253564,-89.015136,497.81344980769046
28117,Prentiss,Mississippi,25008,34.632609,-88.552077,414.98515219052496
28119,Quitman,Mississippi,6176,34.267733,-90.26323,405.0117199186679
28121,Rankin,Mississippi,157031,32.281333,-90.030487,775.4962871238819
28123,Scott,Mississippi,27990,32.40164,-89.529579,609.2314006800596
28125,Sharkey,Mississippi,3800,32.921684,-90.862626,431.7200066219609
28127,Simpson,Mississippi,25949,31.915898,-89.855744,589.1652039282915
28129,Smith,Mississippi,14209,31.970107,-89.504515,636.2678155306281
28131,Stone,Mississippi,18333,30.806397,-89.135849,445.48471691632597
28133,Sunflower,Mississippi,25971,33.593307,-90.584134,697.7588059274914
28135,Tallahatchie,Mississippi,12715,33.984159,-90.182077,645.589658710827
28137,Tate,Mississippi,28064,34.644191,-89.948269,404.7634508252627
28139,Tippah,Mississippi,21815,34.765765,-88.924324,457.822439964792
28141,Tishomingo,Mississippi,18850,34.730586,-88.228294,424.2973694578081
28143,Tunica,Mississippi,9782,34.720692,-90.341396,454.13013035028956
28145,Union,Mississippi,27777,34.483103,-89.010519,415.6072430772665
28147,Walthall,Mississippi,13884,31.150842,-90.122962,403.9282153306874
28149,Warren,Mississippi,44722,32.324815,-90.843777,588.5303357628155
28151,Washington,Mississippi,44922,33.369011,-91.01078,723.9715046413862
28153,Wayne,Mississippi,19779,31.650518,-88.662531,810.7163094273819
28155,Webster,Mississippi,9926,33.582804,-89.220716,421.15781913763306
28157,Wilkinson,Mississippi,8587,31.123212,-91.245215,678.106409917071
28159,Winston,Mississippi,17714,33.084971,-89.042025,607.2511251798759
28161,Yalobusha,Mississippi,12481,34.081548,-89.694995,467.15066811638764
28163,Yazoo,Mississippi,26743,32.829241,-90.38218,922.3391095027074
29001,Adair,Missouri,25314,40.195278,-92.581512,567.3238627338718
29003,Andrew,Missouri,18135,39.919858,-94.8166,432.63149883726686
29005,Atchison,Missouri,5305,40.420914,-95.436109,547.2853807811497
29007,Audrain,Missouri,24962,39.203899,-91.826614,692.249571369654
29009,Barry,Missouri,34534,36.737459,-93.865725,778.1219798727185
29011,Barton,Missouri,11637,37.495949,-94.305362,592.0301417908826
29013,Bates,Missouri,16042,38.280773,-94.362779,836.6962881540024
29015,Benton,Missouri,19394,38.301006,-93.310017,704.0332521063195
29017,Bollinger,Missouri,10567,37.340708,-89.999696,617.904217328627
29019,Boone,Missouri,183610,38.956712,-92.321624,685.553246806218
29021,Buchanan,Missouri,84793,39.750709,-94.819825,408.24947146185934
29023,Butler,Missouri,42130,36.756985,-90.417972,694.756424962893
29025,Caldwell,Missouri,8815,39.663863,-93.998899,426.39211729817555
29027,Callaway,Missouri,44283,38.797548,-91.997518,834.5667853278292
29029,Camden,Missouri,42745,38.073064,-92.746042,656.0354869737221
29031,Cape Girardeau,Missouri,81710,37.355235,-89.607695,578.5166399856562
29033,Carroll,Missouri,8495,39.408302,-93.496539,694.6216791705658
29035,Carter,Missouri,5202,36.947475,-90.885719,507.3584835877876
29037,Cass,Missouri,107824,38.751052,-94.424307,696.614515732275
29039,Cedar,Missouri,14188,37.765491,-93.895266,474.46970827985774
29041,Chariton,Missouri,7408,39.486142,-92.931479,751.1779642880291
29043,Christian,Missouri,88842,37.027878,-93.264355,562.6306832736773
29045,Clark,Missouri,6634,40.412112,-91.708614,504.60645821265956
29047,Clay,Missouri,253335,39.252956,-94.497328,397.66253405696136
29049,Clinton,Missouri,21184,39.602433,-94.367454,418.9400541302099
29051,Cole,Missouri,77279,38.55255,-92.220619,391.54777818651843
29053,Cooper,Missouri,17103,38.91006,-92.772757,564.7497968629671
29055,Crawford,Missouri,23056,38.061879,-91.321648,742.476725115159
29057,Dade,Missouri,7569,37.415382,-93.824927,490.01034912086914
29059,Dallas,Missouri,17071,37.643751,-93.066641,540.9513497727988
29061,Daviess,Missouri,8430,39.938229,-93.980672,563.2819870358401
29063,DeKalb,Missouri,11029,39.825582,-94.354573,421.3580918717036
29065,Dent,Missouri,14421,37.631372,-91.545105,752.760665376182
29067,Douglas,Missouri,11578,36.940662,-92.603414,813.6230803005501
29069,Dunklin,Missouri,28283,36.324914,-90.058119,541.9093653677044
29071,Franklin,Missouri,104682,38.436356,-90.998977,922.649314787781
29073,Gasconade,Missouri,14794,38.446364,-91.490137,519.0048235395182
29075,Gentry,Missouri,6162,40.203737,-94.432825,491.4218525119021
29077,Greene,Missouri,298915,37.192242,-93.309507,675.3289585564931
29079,Grundy,Missouri,9808,40.093264,-93.59577,435.2928315180567
29081,Harrison,Missouri,8157,40.315594,-94.001268,722.5167871523549
29083,Henry,Missouri,21946,38.394287,-93.73769,696.9355338083001
29085,Hickory,Missouri,8279,37.91105,-93.329051,398.8081810151631
29087,Holt,Missouri,4223,40.084331,-95.185877,462.69308664895766
29089,Howard,Missouri,10151,39.140559,-92.70446,463.8011643227196
29091,Howell,Missouri,39750,36.792561,-91.873718,927.1766394325263
29093,Iron,Missouri,9537,37.578019,-90.713802,550.2628651063576
29095,Jackson,Missouri,717204,39.00998,-94.444287,604.519669783349
29097,Jasper,Missouri,122761,37.129578,-94.444125,638.5061454973244
29099,Jefferson,Missouri,226739,38.340859,-90.475056,656.4457089341619
29101,Johnson,Missouri,54013,38.758577,-93.770288,829.260982591924
29103,Knox,Missouri,3744,40.155205,-92.154081,504.0087326887381
29105,Laclede,Missouri,36039,37.669688,-92.653795,764.6314117635081
29107,Lafayette,Missouri,32984,39.055172,-93.842193,628.2800248067548
29109,Lawrence,Missouri,38001,37.034976,-93.799734,611.7376967417816
29111,Lewis,Missouri,10032,40.08916,-91.641748,505.0172299825732
29113,Lincoln,Missouri,59574,38.996776,-90.929751,626.562361709066
29115,Linn,Missouri,11874,39.797177,-93.066695,615.5883680871416
29117,Livingston,Missouri,14557,39.79808,-93.553067,532.3026556287937
29119,McDonald,Missouri,23303,36.615343,-94.399016,539.444735906529
29121,Macon,Missouri,15209,39.796483,-92.50812,801.2075495589824
29123,Madison,Missouri,12626,37.539522,-90.299752,494.38607924729047
29125,Maries,Missouri,8432,38.170013,-91.878849,526.9806458686793
29127,Marion,Missouri,28525,39.741435,-91.457393,436.9222007741186
29129,Mercer,Missouri,3538,40.415018,-93.579508,453.8351788031954
29131,Miller,Missouri,24722,38.246362,-92.50897,592.5715620370165
29133,Mississippi,Missouri,12577,36.856032,-89.368458,411.5962551658201
29135,Moniteau,Missouri,15473,38.627456,-92.611037,415.03031919324144
29137,Monroe,Missouri,8666,39.524752,-91.966322,647.6294931716888
29139,Montgomery,Missouri,11322,38.948967,-91.467436,535.0469809685729
29141,Morgan,Missouri,21006,38.383773,-92.85098,597.634662114337
29143,New Madrid,Missouri,16434,36.612845,-89.651942,674.8837541960762
29145,Newton,Missouri,58648,36.921726,-94.414367,624.7544147992247
29147,Nodaway,Missouri,21241,40.352259,-94.868321,876.9641081479714
29149,Oregon,Missouri,8635,36.614979,-91.47387,789.8443973937781
29151,Osage,Missouri,13274,38.455126,-91.884527,606.5797576190417
29153,Ozark,Missouri,8553,36.623314,-92.421851,745.0050849847338
29155,Pemiscot,Missouri,15661,36.179974,-89.744692,492.60497917884265
29157,Perry,Missouri,18956,37.713861,-89.85786,474.3551228117414
29159,Pettis,Missouri,42980,38.701441,-93.247496,682.2359126583018
29161,Phelps,Missouri,44638,37.943357,-91.747022,671.7864839927779
29163,Pike,Missouri,17587,39.362999,-91.160041,670.4388017441516
29165,Platte,Missouri,106718,39.260346,-94.683735,419.80233569489246
29167,Polk,Missouri,31519,37.602027,-93.404435,635.5265345214268
29169,Pulaski,Missouri,53955,37.822042,-92.175732,547.1123888672987
29171,Putnam,Missouri,4681,40.483035,-92.984514,517.316939343015
29173,Ralls,Missouri,10355,39.579823,-91.469172,469.7871084049108
29175,Randolph,Missouri,24716,39.413737,-92.451801,482.71182179288076
29177,Ray,Missouri,23158,39.336637,-94.062098,568.9678104352379
29179,Reynolds,Missouri,6096,37.329,-90.970144,808.4772211560462
29181,Ripley,Missouri,10679,36.626945,-90.790679,629.5157038385014
29183,St. Charles,Missouri,405262,38.778572,-90.671284,560.5014464718913
29185,St. Clair,Missouri,9284,38.057169,-93.763876,674.9811947978402
29186,Ste. Genevieve,Missouri,18479,37.94083,-90.165655,499.1530065363891
29187,St. Francois,Missouri,66922,37.834497,-90.488054,451.88625093726785
29189,St. Louis,Missouri,1004125,38.644521,-90.389519,507.87503267727357
29195,Saline,Missouri,23333,39.111399,-93.202654,755.5100185382705
29197,Schuyler,Missouri,4032,40.461863,-92.520354,307.3050416436082
29199,Scotland,Missouri,4716,40.44806,-92.151796,436.50716411976117
29201,Scott,Missouri,38059,37.015235,-89.577539,420.00532156883145
29203,Shannon,Missouri,7031,37.068998,-91.432915,1003.8198298910338
29205,Shelby,Missouri,6103,39.761716,-92.07725,500.86338890567345
29207,Stoddard,Missouri,28672,36.847864,-89.970872,823.1424436925312
29209,Stone,Missouri,31076,36.723445,-93.437769,463.8257169450867
29211,Sullivan,Missouri,5999,40.21493,-93.101593,647.9820917015716
29213,Taney,Missouri,56066,36.657085,-93.195143,632.2233927166561
29215,Texas,Missouri,24487,37.330114,-91.966146,1177.2667265256289
29217,Vernon,Missouri,19707,37.836794,-94.33739,826.3913848623807
29219,Warren,Missouri,35532,38.790363,-91.098557,428.5896084673532
29221,Washington,Missouri,23514,37.953782,-90.785794,759.8660230915115
29223,Wayne,Missouri,10974,37.109113,-90.523545,759.1854844461043
29225,Webster,Missouri,39085,37.26294,-92.906843,592.5631728093146
29227,Worth,Missouri,1973,40.481643,-94.437082,266.62863058471726
29229,Wright,Missouri,18188,37.193283,-92.433272,681.7746337067161
29510,St. Louis,Missouri,301578,38.620558,-90.253332,61.736378009858896
30001,Beaverhead,Montana,9371,45.225028,-112.693549,5542.686495190127
30003,Big Horn,Montana,13124,45.568552,-107.499673,4997.814548268332
30005,Blaine,Montana,7044,48.432419,-108.871588,4227.516831341747
30007,Broadwater,Montana,6774,46.281619,-111.543362,1192.3590857720194
30009,Carbon,Montana,10473,45.322269,-109.084845,2047.7810050641508
30011,Carter,Montana,1415,45.687353,-104.525341,3340.4772062833913
30013,Cascade,Montana,84414,47.491558,-111.306586,2698.2072091442924
30015,Chouteau,Montana,5895,47.962552,-110.386252,3972.5196348488257
30017,Custer,Montana,11867,46.401678,-105.814642,3783.308385149305
30019,Daniels,Montana,1661,48.783637,-105.431739,1426.2698538025336
30021,Dawson,Montana,8940,47.137216,-104.748806,2371.9259637836717
30023,Deer Lodge,Montana,9421,46.135851,-112.955566,736.682478438096
30025,Fallon,Montana,3049,46.360506,-104.316077,1620.594465200074
30027,Fergus,Montana,11446,47.092022,-109.4146,4339.329200627103
30029,Flathead,Montana,104357,48.24738,-114.28093,5087.222345588297
30031,Gallatin,Montana,118960,45.682956,-111.128767,2605.3521203230544
30033,Garfield,Montana,1173,47.309975,-106.946674,4676.559403201276
30035,Glacier,Montana,13778,48.601084,-112.803122,2995.150871561337
30037,Golden Valley,Montana,823,46.297881,-109.120778,1174.422602272101
30039,Granite,Montana,3309,46.445392,-113.319927,1727.1619721837258
30041,Hill,Montana,16309,48.511678,-109.767061,2899.401352850226
30043,Jefferson,Montana,12085,46.268426,-112.045462,1656.997191774753
30045,Judith Basin,Montana,2023,47.094038,-110.171269,1869.6867913420654
30047,Lake,Montana,31134,47.608393,-114.123168,1490.4673141530368
30049,Lewis and Clark,Montana,70973,46.646621,-112.019644,3458.380636349717
30051,Liberty,Montana,1959,48.538044,-110.985198,1429.987789789506
30053,Lincoln,Montana,19677,48.553306,-115.42649,3612.5587557234
30055,McCone,Montana,1729,47.569721,-105.638886,2642.2252706789454
30057,Madison,Montana,8623,45.419014,-111.922649,3588.156178060601
30059,Meagher,Montana,1927,46.529828,-110.881517,2391.868094328819
30061,Mineral,Montana,4535,47.182752,-114.894335,1219.6194259748938
30063,Missoula,Montana,117922,46.875546,-114.021512,2593.008813851273
30065,Musselshell,Montana,4730,46.420108,-108.483111,1868.9575165655876
30067,Park,Montana,17191,45.604896,-110.596931,2802.4793801080423
30069,Petroleum,Montana,496,47.012154,-108.317862,1655.6245352802025
30071,Phillips,Montana,4217,48.367246,-107.86655,5140.421344636984
30073,Pondera,Montana,5898,48.211424,-112.157767,1624.5666760995286
30075,Powder River,Montana,1694,45.438494,-105.544609,3298.1961534950833
30077,Powell,Montana,6946,46.450646,-112.757979,2326.0419921387206
30079,Prairie,Montana,1088,46.809714,-105.276222,1736.6026448669681
30081,Ravalli,Montana,44174,46.358548,-114.111357,2390.966463934848
30083,Richland,Montana,11491,47.72072,-104.204227,2084.555714427585
30085,Roosevelt,Montana,10794,48.134392,-105.212553,2354.60219043245
30087,Rosebud,Montana,8329,45.902894,-106.612238,5008.135031554257
30089,Sanders,Montana,12400,47.635009,-115.175789,2760.400364154568
30091,Sheridan,Montana,3539,48.734101,-104.49367,1676.940803793883
30093,Silver Bow,Montana,35133,45.98746,-112.525517,717.9833234832881
30095,Stillwater,Montana,8963,45.615383,-109.238178,1796.7460835177349
30097,Sweet Grass,Montana,3678,45.829391,-109.91651,1855.5360823644862
30099,Teton,Montana,6226,47.762524,-112.039341,2271.615666220182
30101,Toole,Montana,4971,48.578065,-111.850473,1914.864154337759
30103,Treasure,Montana,762,46.247085,-107.247111,977.8006556176816
30105,Valley,Montana,7578,48.236249,-106.541586,4926.114212161384
30107,Wheatland,Montana,2069,46.454552,-109.845461,1422.4808144003412
30109,Wibaux,Montana,937,46.969955,-104.191241,889.5714583029495
30111,Yellowstone,Montana,164731,45.789945,-108.546051,2633.46799495539
31001,Adams,Nebraska,31205,40.585501,-98.41518,563.273950319409
31003,Antelope,Nebraska,6295,42.147054,-98.057377,857.156681696118
31005,Arthur,Nebraska,434,41.569368,-101.678874,715.1517575885706
31007,Banner,Nebraska,674,41.558824,-103.721644,746.0387793054387
31009,Blaine,Nebraska,431,41.906138,-100.013369,710.6909162606156
31011,Boone,Nebraska,5379,41.677314,-98.014023,686.5431868720046
31013,Box Butte,Nebraska,10842,42.136678,-102.905215,1075.3640479067683
31015,Boyd,Nebraska,1810,42.893569,-98.74483,539.9346173060231
31017,Brown,Nebraska,2903,42.543087,-99.849627,1221.3555154119995
31019,Buffalo,Nebraska,50084,40.737756,-99.072828,968.2203131812834
31021,Burt,Nebraska,6722,41.845218,-96.347791,491.5857856969081
31023,Butler,Nebraska,8369,41.247435,-97.141745,584.8934603796309
31025,Cass,Nebraska,26598,40.949471,-96.063719,557.3464960810187
31027,Cedar,Nebraska,8380,42.576739,-97.250958,740.2438183393823
31029,Chase,Nebraska,3893,40.501955,-101.625629,894.4185620218929
31031,Cherry,Nebraska,5455,42.788407,-100.749694,5960.221749048879
31033,Cheyenne,Nebraska,9468,41.164852,-102.982567,1196.0081820607277
31035,Clay,Nebraska,6104,40.547589,-98.027882,572.2894561859591
31037,Colfax,Nebraska,10582,41.515594,-97.076357,411.6469438155066
31039,Cuming,Nebraska,9013,41.896856,-96.758441,570.5220573387111
31041,Custer,Nebraska,10545,41.400577,-99.673936,2575.593747030754
31043,Dakota,Nebraska,21582,42.446864,-96.438647,264.2761568507741
31045,Dawes,Nebraska,8199,42.786274,-103.066332,1396.3910490693333
31047,Dawson,Nebraska,24111,40.827351,-99.856676,1013.0586240413281
31049,Deuel,Nebraska,1838,41.090929,-102.33652,439.8508007050272
31051,Dixon,Nebraska,5606,42.436803,-96.826061,476.11029534803544
31053,Dodge,Nebraska,37167,41.471288,-96.528637,529.06698749285
31055,Douglas,Nebraska,584526,41.26173,-96.069741,326.4073401479824
31057,Dundy,Nebraska,1654,40.089487,-101.59927,919.6784320372807
31059,Fillmore,Nebraska,5551,40.541248,-97.580053,575.3704950406124
31061,Franklin,Nebraska,2889,40.185987,-98.95454,575.8157179339329
31063,Frontier,Nebraska,2519,40.609996,-100.398828,974.6312553535237
31065,Furnas,Nebraska,4636,40.250813,-99.934116,719.13160249990494
31067,Gage,Nebraska,21704,40.280866,-96.713556,851.4609582512717
31069,Garden,Nebraska,1874,41.429505,-102.323863,1705.3652786846192
31071,Garfield,Nebraska,1813,41.803658,-99.104124,569.3301595890338
31073,Gosper,Nebraska,1893,40.59443,-99.826842,458.1550824185058
31075,Grant,Nebraska,611,41.969597,-101.734576,776.9849580506376
31077,Greeley,Nebraska,2188,41.555312,-98.49942,569.8111888243379
31079,Hall,Nebraska,62895,40.91634,-98.377793,546.3899299522267
31081,Hamilton,Nebraska,9429,40.879505,-98.023002,542.109638101775
31083,Harlan,Nebraska,3073,40.145347,-99.406335,553.4663327083769
31085,Hayes,Nebraska,856,40.500842,-101.049757,713.0617796542704
31087,Hitchcock,Nebraska,2616,40.21095,-101.004675,709.9425135970992
31089,Holt,Nebraska,10127,42.460461,-98.743792,2412.396768493273
31091,Hooker,Nebraska,711,42.010663,-101.050551,721.1601125844551
31093,Howard,Nebraska,6475,41.18917,-98.489627,569.3379225590345
31095,Jefferson,Nebraska,7240,40.164225,-97.141688,570.1780264157275
31097,Johnson,Nebraska,5290,40.401098,-96.227732,376.07504499316025
31099,Kearney,Nebraska,6688,40.507252,-98.99218,516.2431274636238
31101,Keith,Nebraska,8335,41.141819,-101.6998,1061.743576884606
31103,Keya Paha,Nebraska,769,42.868932,-99.717406,773.075967904733
31105,Kimball,Nebraska,3434,41.231296,-103.66158,951.9414728123984
31107,Knox,Nebraska,8391,42.62421,-97.782589,1108.4430820031835
31109,Lancaster,Nebraska,322608,40.799269,-96.671536,837.5609762934395
31111,Lincoln,Nebraska,34676,41.119294,-100.789525,2564.1402828679397
31113,Logan,Nebraska,716,41.499176,-100.507661,570.6983515843244
31115,Loup,Nebraska,607,41.832646,-99.416371,563.5213804128236
31117,McPherson,Nebraska,399,41.560427,-101.004858,859.2551511751922
31119,Madison,Nebraska,35585,42.00636,-97.461443,572.6221692963679
31121,Merrick,Nebraska,7668,41.130786,-98.037243,487.25946660813054
31123,Morrill,Nebraska,4555,41.708586,-103.162925,1424.0173322648961
31125,Nance,Nebraska,3380,41.404591,-97.896242,441.6025867392882
31127,Nemaha,Nebraska,7074,40.401975,-95.839188,407.37662536991337
31129,Nuckolls,Nebraska,4095,40.114628,-98.0618,575.1552214654762
31131,Otoe,Nebraska,15912,40.670824,-96.03688,615.6637097457564
31133,Pawnee,Nebraska,2544,40.133204,-96.177346,431.07463261674974
31135,Perkins,Nebraska,2858,40.844891,-101.675458,883.3124720406536
31137,Phelps,Nebraska,8968,40.466361,-99.40454,539.789595404745
31139,Pierce,Nebraska,7317,42.259529,-97.591612,573.2486818250297
31141,Platte,Nebraska,34296,41.46697,-97.385528,674.0497036490257
31143,Polk,Nebraska,5214,41.173605,-97.55672,438.67094393726774
31145,Red Willow,Nebraska,10702,40.206742,-100.592097,717.0057255591031
31147,Richardson,Nebraska,7871,40.099879,-95.669705,551.8408738949771
31149,Rock,Nebraska,1262,42.536738,-99.499863,1008.2927342087297
31151,Saline,Nebraska,14292,40.579217,-97.016896,574.0614442434642
31153,Sarpy,Nebraska,190604,41.152889,-96.0437,238.1014606279409
31155,Saunders,Nebraska,22278,41.195383,-96.560061,748.9284566638416
31157,Scotts Bluff,Nebraska,36084,41.865094,-103.680393,739.6080590501244
31159,Seward,Nebraska,17609,40.875087,-97.102308,571.4295313888526
31161,Sheridan,Nebraska,5127,42.704794,-102.404074,2440.8846687717037
31163,Sherman,Nebraska,2959,41.228647,-98.968633,565.853085711656
31165,Sioux,Nebraska,1135,42.408762,-103.833171,2066.7218456844575
31167,Stanton,Nebraska,5842,41.985101,-97.255038,427.608414387663
31169,Thayer,Nebraska,5034,40.178256,-97.628078,573.80697936872
31171,Thomas,Nebraska,669,41.967138,-100.565595,712.5765928709225
31173,Thurston,Nebraska,6773,42.161934,-96.522459,393.58376629767616
31175,Valley,Nebraska,4059,41.573672,-98.948914,568.1117833394223
31177,Washington,Nebraska,20865,41.504682,-96.156611,389.9574230091736
31179,Wayne,Nebraska,9697,42.223628,-97.056303,442.91593330905295
31181,Webster,Nebraska,3395,40.195862,-98.486606,574.9130419753163
31183,Wheeler,Nebraska,774,41.885209,-98.545473,575.1832972700404
31185,York,Nebraska,14125,40.863485,-97.605023,572.5099884724954
32001,Churchill,Nevada,25516,39.474469,-118.796052,4950.157014813478
32003,Clark,Nevada,2265461,36.141141,-115.152976,7891.661157085389
32005,Douglas,Nevada,49488,38.957468,-119.756218,710.4849844272065
32007,Elko,Nevada,53702,40.856303,-115.534273,17173.445367670047
32009,Esmeralda,Nevada,729,37.704407,-117.670635,3581.889098710959
32011,Eureka,Nevada,1855,39.946993,-116.209128,4175.68805788842
32013,Humboldt,Nevada,17285,41.017558,-117.744296,9640.791532822906
32015,Lander,Nevada,5734,40.49846,-116.949528,5519.246634688219
32017,Lincoln,Nevada,4499,37.710093,-114.626444,10633.385591874398
32019,Lyon,Nevada,59235,39.355756,-119.327152,2003.0747793664582
32021,Mineral,Nevada,4554,38.601613,-118.643399,3751.2826535717186
32023,Nye,Nevada,51591,36.414296,-116.12566700000001,18181.913279903052
32027,Pershing,Nevada,6650,40.334654,-118.294224,6036.588318546374
32029,Storey,Nevada,4104,39.389828,-119.622432,263.77831209425904
32031,Washoe,Nevada,486492,39.534488,-119.793527,6315.876230412502
32033,White Pine,Nevada,9080,39.278317,-114.875458,8886.664921021587
32510,Carson City,Nevada,58639,39.166096,-119.75408,144.53401177969116
33001,Belknap,New Hampshire,63705,43.518179,-71.439516,401.84725597060753
33003,Carroll,New Hampshire,50107,43.810093,-71.170079,931.863518863799
33005,Cheshire,New Hampshire,76458,42.897949,-72.260597,706.7087462420822
33007,Coos,New Hampshire,31268,44.544534,-71.3636,1794.573614471149
33009,Grafton,New Hampshire,91118,43.83744,-71.957176,1708.5985363847867
33011,Hillsborough,New Hampshire,422937,42.879412,-71.531546,876.525682583153
33013,Merrimack,New Hampshire,153808,43.244048,-71.586768,932.8991591393831
33015,Rockingham,New Hampshire,314176,42.937487,-71.105861,695.3912703483415
33017,Strafford,New Hampshire,130889,43.246137,-70.954351,367.4701927492633
33019,Sullivan,New Hampshire,43063,43.370229,-72.256473,537.8755646102175
34001,Atlantic,New Jersey,274534,39.428157,-74.584723,555.5142409514768
34003,Bergen,New Jersey,955732,40.916918,-74.056816,232.7882296726065
34005,Burlington,New Jersey,461860,39.983738,-74.836626999999993,799.2845442058806
34007,Camden,New Jersey,523485,39.863128,-75.026364,221.36221196783796
34009,Cape May,New Jersey,95263,39.096879,-74.806953,251.52159289256352
34011,Cumberland,New Jersey,154152,39.431713,-75.0896,483.3606162771149
34013,Essex,New Jersey,863728,40.767919,-74.216055,126.08452978573713
34015,Gloucester,New Jersey,302294,39.748752,-75.130305,322.0071099090876
34017,Hudson,New Jersey,724854,40.741644,-74.061448,46.19357962998525
34019,Hunterdon,New Jersey,128947,40.572604,-74.895969,427.8345061591808
34021,Mercer,New Jersey,387340,40.255387,-74.69945,224.4780220245876
34023,Middlesex,New Jersey,863162,40.484409,-74.388583,309.24730577238057
34025,Monmouth,New Jersey,643615,40.29118,-74.14859,468.1818133906414
34027,Morris,New Jersey,509285,40.859148,-74.50031,460.9723258536504
34029,Ocean,New Jersey,637229,39.978586,-74.215904,628.2857499295625
34031,Passaic,New Jersey,524118,40.923998,-74.189868,186.01332536619253
34033,Salem,New Jersey,64837,39.627242,-75.378171,331.8622084330727
34035,Somerset,New Jersey,345361,40.559937,-74.578391,301.8659379096532
34037,Sussex,New Jersey,144221,41.090477,-74.655456,518.6628949427881
34039,Union,New Jersey,575345,40.659355,-74.293688,102.76632775738882
34041,Warren,New Jersey,109632,40.794655,-75.014893,356.54060241998565
35001,Bernalillo,New Mexico,676444,35.109462,-106.617779,1161.245251044801
35003,Catron,New Mexico,3579,33.958709,-108.531494,6924.186865861713
35005,Chaves,New Mexico,65157,33.365668,-104.514733,6067.176436960554
35006,Cibola,New Mexico,27172,35.107009,-107.818849,4539.984226800177
35007,Colfax,New Mexico,12387,36.698075,-104.656615,3757.976044917056
35009,Curry,New Mexico,48430,34.421082,-103.213229,1405.5260199630802
35011,De Baca,New Mexico,1698,34.460693,-104.247994,2323.1067829110616
35013,DoÃ±a Ana,New Mexico,219561,32.24837,-106.728836,3808.188859986697
35015,Eddy,New Mexico,62314,32.538156,-104.288595,4176.346587166379
35017,Grant,New Mexico,28185,32.781053,-108.24321,3961.206899517388
35019,Guadalupe,New Mexico,4452,34.932588,-104.764455,3029.771488796526
35021,Harding,New Mexico,657,35.853043,-103.978557,2125.478144376501
35023,Hidalgo,New Mexico,4178,32.286524,-108.771223,3438.5338463966928
35025,Lea,New Mexico,74455,32.75172,-103.190527,4391.551638049798
35027,Lincoln,New Mexico,20269,33.419573,-105.631108,4831.114862917267
35028,Los Alamos,New Mexico,19419,35.869176,-106.272314,109.12279747878843
35029,Luna,New Mexico,25427,32.223031,-107.741875,2965.178451340458
35031,McKinley,New Mexico,72902,35.513228,-108.634281,5451.063401986043
35033,Mora,New Mexico,4189,36.00418,-105.23707,1926.2492428971036
35035,Otero,New Mexico,67839,32.778517,-106.000317,6612.561612879374
35037,Quay,New Mexico,8746,35.178327,-103.662364,2873.95472213191
35039,Rio Arriba,New Mexico,40363,36.203984,-106.205155,5860.873715748448
35041,Roosevelt,New Mexico,19191,34.168551,-103.347539,2446.0509341874936
35043,Sandoval,New Mexico,148834,35.319674,-106.649224,3710.1939935160553
35045,San Juan,New Mexico,121661,36.723982,-108.220154,5517.231204586496
35047,San Miguel,New Mexico,27201,35.576344,-105.307874,4721.5144393076
35049,Santa Fe,New Mexico,154823,35.632632,-106.004765,1910.3799233271384
35051,Sierra,New Mexico,11576,33.106952,-107.281723,4181.208038441536
35053,Socorro,New Mexico,16595,34.154884,-106.960356,6646.386367001507
35055,Taos,New Mexico,34489,36.435099,-105.60791,2202.372896993724
35057,Torrance,New Mexico,15045,34.870562,-106.1027,3345.2128025406264
35059,Union,New Mexico,4079,36.468186,-103.265891,3825.050138936738
35061,Valencia,New Mexico,76205,34.755709,-106.722815,1066.743969338145
36001,Albany,New York,314848,42.680589,-73.811637,522.8878911725969
36003,Allegany,New York,46456,42.228676,-78.020786,1029.4352609981675
36005,Bronx,New York,1472654,40.849395,-73.882271,42.17527701314428
36007,Broome,New York,198683,42.120758,-75.936264,705.6383046484333
36009,Cattaraugus,New York,77042,42.223696,-78.608393,1308.1627143068238
36011,Cayuga,New York,76248,42.938915,-76.560652,691.5869544281421
36013,Chautauqua,New York,127657,42.245031,-79.314802,1060.411875790426
36015,Chemung,New York,84148,42.120553,-76.813813,407.3333139741711
36017,Chenango,New York,47220,42.480979,-75.568857,893.5924810094978
36019,Clinton,New York,79843,44.72994,-73.542837,1037.7511061238038
36021,Columbia,New York,61570,42.274439,-73.680411,634.663422064899
36023,Cortland,New York,46809,42.595471,-76.146202,498.77370016188996
36025,Delaware,New York,44308,42.248721,-74.996335,1442.5960654313583
36027,Dutchess,New York,295911,41.678068,-73.84154,795.6015720859815
36029,Erie,New York,954236,42.891147,-78.792727,1042.7308517644121
36031,Essex,New York,37381,44.168428,-73.676357,1794.1214359474416
36033,Franklin,New York,47555,44.717734,-74.351416,1629.2959564976536
36035,Fulton,New York,53324,43.058597,-74.329857,495.45968263151605
36037,Genesee,New York,58388,42.998899,-78.171041,492.9387729891934
36039,Greene,New York,47931,42.298257,-73.978824,647.161465154371
36041,Hamilton,New York,5107,43.612735,-74.385492,1717.3782747597247
36043,Herkimer,New York,60139,43.071299,-74.994925,1410.5857489824539
36045,Jefferson,New York,116721,44.019862,-75.89504,1267.912947291484
36047,Kings,New York,2736074,40.651666,-73.954985,69.37656713798582
36049,Lewis,New York,26582,43.788692,-75.449227,1276.460361047758
36051,Livingston,New York,61834,42.769037,-77.762787,631.7614990904341
36053,Madison,New York,68016,42.98686,-75.719961,654.8501243891811
36055,Monroe,New York,759443,43.160725,-77.618985,656.9479838268447
36057,Montgomery,New York,49532,42.93271,-74.344144,403.11050153817115
36059,Nassau,New York,1395774,40.716432,-73.603664,284.54168733616314
36061,New York,New York,1694251,40.776422,-73.967437,22.65784996209886
36063,Niagara,New York,212666,43.134406,-78.851139,522.3528072489878
36065,Oneida,New York,232125,43.146277,-75.355941,1212.443221988382
36067,Onondaga,New York,476516,43.067977,-76.167376,778.3926845903552
36069,Ontario,New York,112458,42.902312,-77.266946,644.0752038819205
36071,Orange,New York,401310,41.41957,-74.239375,812.0763037016413
36073,Orleans,New York,40343,43.249285,-78.224364,391.26312359789176
36075,Oswego,New York,117525,43.392222,-76.31179,951.5989511627527
36077,Otsego,New York,58524,42.564145,-75.060236,1001.7370898277985
36079,Putnam,New York,97668,41.410932,-73.718558,230.25192883993589
36081,Queens,New York,2405464,40.721204,-73.834008,108.72407016571208
36083,Rensselaer,New York,161130,42.699563,-73.631993,652.4585022129696
36085,Richmond,New York,495747,40.589259,-74.136701,57.5225343409009
36087,Rockland,New York,338329,41.127445,-74.02214,173.68458189562887
36089,St. Lawrence,New York,108505,44.652827,-75.147873,2679.3950050218573
36091,Saratoga,New York,235509,43.007918,-73.784353,809.9698592824815
36093,Schenectady,New York,158061,42.809147,-73.945253,204.6687820508952
36095,Schoharie,New York,29714,42.64398,-74.435708,621.818897848145
36097,Schuyler,New York,17898,42.389251,-76.869139,328.34336177705467
36099,Seneca,New York,33814,42.82851,-76.827711,323.6975362022029
36101,Steuben,New York,93584,42.264824,-77.31968,1390.5077046859494
36103,Suffolk,New York,1525920,40.823365,-73.103278,910.9085439006128
36105,Sullivan,New York,78624,41.698542,-74.698587,968.1450410210571
36107,Tioga,New York,48455,42.121424,-76.298893,518.7668664625646
36109,Tompkins,New York,105740,42.459082,-76.478989,474.64188899307345
36111,Ulster,New York,181851,41.841749,-74.098362,1124.2359579789731
36113,Warren,New York,65737,43.392942,-73.711242,867.2215410286188
36115,Washington,New York,61302,43.289043,-73.460751,831.1892621005121
36117,Wayne,New York,91283,43.143635,-77.130245,603.8301731817603
36119,Westchester,New York,1004457,41.038581,-73.80547,430.72330011584495
36121,Wyoming,New York,40531,42.722711,-78.209554,592.7515389250185
36123,Yates,New York,24774,42.634707,-77.078135,338.13947663257807
37001,Alamance,North Carolina,171415,36.071544,-79.413154,423.45215978616983
37003,Alexander,North Carolina,36444,35.889332,-81.193451,259.9850483483494
37005,Alleghany,North Carolina,10888,36.497597,-81.10603,234.83516300775605
37007,Anson,North Carolina,22055,34.974145,-80.110797,531.4611822677441
37009,Ashe,North Carolina,26577,36.41363,-81.487979,426.26406188405247
37011,Avery,North Carolina,17806,36.07601,-81.939525,247.33786789469085
37013,Beaufort,North Carolina,44652,35.521622,-76.961773,832.7360329078886
37015,Bertie,North Carolina,17934,36.081687,-76.962721,699.1764097326301
37017,Bladen,North Carolina,29606,34.60917,-78.643311,875.0316390448604
37019,Brunswick,North Carolina,136693,34.041766,-78.216619,850.0826194912532
37021,Buncombe,North Carolina,269452,35.585308,-82.551811,656.496827701653
37023,Burke,North Carolina,87570,35.73127,-81.641243,506.2366402137653
37025,Cabarrus,North Carolina,225804,35.395655,-80.621106,361.23231391977316
37027,Caldwell,North Carolina,80652,35.873003,-81.502542,471.8879778950028
37029,Camden,North Carolina,10355,36.369324,-76.197747,240.32501214841486
37031,Carteret,North Carolina,67686,34.744126,-76.818665,507.6041565302785
37033,Caswell,North Carolina,22736,36.399939,-79.361345,425.3667338264345
37035,Catawba,North Carolina,160610,35.695474,-81.245331,401.3737510941701
37037,Chatham,North Carolina,76285,35.756012,-79.208387,681.6789448504456
37039,Cherokee,North Carolina,28774,35.101433,-84.022596,455.5409379852327
37041,Chowan,North Carolina,13708,36.117035,-76.626616,172.65713972717813
37043,Clay,North Carolina,11089,35.036306,-83.805739,214.98342052234364
37045,Cleveland,North Carolina,99519,35.291366,-81.515786,464.24946831126573
37047,Columbus,North Carolina,50623,34.280555,-78.706901,938.1210452738334
37049,Craven,North Carolina,100720,35.069158,-77.04141,706.572564149725
37051,Cumberland,North Carolina,334728,35.054571,-78.937283,652.5558265979839
37053,Currituck,North Carolina,28100,36.403222,-76.016801,261.90928266462197
37055,Dare,North Carolina,36915,35.920369,-75.676005,383.22890486165204
37057,Davidson,North Carolina,168930,35.857903,-80.200515,553.1796086121801
37059,Davie,North Carolina,42712,35.931411,-80.52037,263.69910246421944
37061,Duplin,North Carolina,48715,34.92845,-77.940295,814.7202633297031
37063,Durham,North Carolina,324833,35.986154,-78.901717,286.60507480090325
37065,Edgecombe,North Carolina,48900,35.902358,-77.656133,505.4363543004837
37067,Forsyth,North Carolina,382590,36.104617,-80.258522,407.85070631077144
37069,Franklin,North Carolina,68573,36.044193,-78.354026,491.8021314777387
37071,Gaston,North Carolina,227943,35.273689,-81.150823,355.7505331559225
37073,Gates,North Carolina,10478,36.464578,-76.706981,340.6122621157516
37075,Graham,North Carolina,8030,35.332126,-83.787137,291.9662164008931
37077,Granville,North Carolina,60992,36.216579,-78.649713,531.9909402981776
37079,Greene,North Carolina,20451,35.466704,-77.665166,266.73442025955865
37081,Guilford,North Carolina,541299,36.066734,-79.847354,645.9221938281408
37083,Halifax,North Carolina,48622,36.36143,-77.67408,723.7380444962738
37085,Harnett,North Carolina,133568,35.354081,-78.867419,594.9333910262623
37087,Haywood,North Carolina,62089,35.518934,-82.943122,553.5600103585032
37089,Henderson,North Carolina,116281,35.341636,-82.471646,372.9493202190801
37091,Hertford,North Carolina,21552,36.352235,-77.011325,353.1635228240488
37093,Hoke,North Carolina,52082,34.992582,-79.170107,390.1529968799741
37095,Hyde,North Carolina,4589,35.430458,-76.205134,612.3452562876823
37097,Iredell,North Carolina,186693,35.694772,-80.866837,574.4152230876458
37099,Jackson,North Carolina,43109,35.332904,-83.199035,491.1098182609032
37101,Johnston,North Carolina,215999,35.570579,-78.419098,792.0170042788344
37103,Jones,North Carolina,9172,35.030718,-77.354076,471.367784773344
37105,Lee,North Carolina,63285,35.453843,-79.173582,255.06196358561664
37107,Lenoir,North Carolina,55122,35.260621,-77.633969,399.0867795914322
37109,Lincoln,North Carolina,86810,35.485544,-81.162521,295.8468782314217
37111,McDowell,North Carolina,44578,35.667381,-82.019915,439.9544089026725
37113,Macon,North Carolina,37014,35.156852,-83.377321,515.5793946868737
37115,Madison,North Carolina,21193,35.839031,-82.636142,449.6153169598914
37117,Martin,North Carolina,22031,35.830325,-77.097262,456.4123419856163
37119,Mecklenburg,North Carolina,1115482,35.225341,-80.819873,523.6058813412855
37121,Mitchell,North Carolina,14903,35.960065,-82.113979,221.2505234242176
37123,Montgomery,North Carolina,25751,35.340612,-79.892912,491.53724763624496
37125,Moore,North Carolina,99727,35.23777,-79.439212,697.6800391566277
37127,Nash,North Carolina,94970,35.945971,-77.925858,540.4437285235259
37129,New Hanover,North Carolina,225702,34.210212,-77.878389,192.2547381887402
37131,Northampton,North Carolina,17471,36.44074,-77.450044,536.701051496333
37133,Onslow,North Carolina,204576,34.734255,-77.405266,762.085179225012
37135,Orange,North Carolina,148696,35.980115,-79.082329,397.5507316132042
37137,Pamlico,North Carolina,12276,35.102112,-76.782234,336.51535604926005
37139,Pasquotank,North Carolina,40568,36.294076,-76.247331,226.8775894110186
37141,Pender,North Carolina,60203,34.453784,-77.806662,871.2956446738283
37143,Perquimans,North Carolina,13005,36.180608,-76.422879,247.17255555277436
37145,Person,North Carolina,39097,36.37201,-78.97044,392.3395961072578
37147,Pitt,North Carolina,170243,35.576487,-77.383372,652.365994838486
37149,Polk,North Carolina,19328,35.258428,-82.17688,237.6869297674112
37151,Randolph,North Carolina,144171,35.766153,-79.829145,782.3348335757419
37153,Richmond,North Carolina,42946,34.942668,-79.735374,473.68924909852194
37155,Robeson,North Carolina,116530,34.677173,-79.091794,947.294666924166
37157,Rockingham,North Carolina,91096,36.40032,-79.773426,565.6421901488961
37159,Rowan,North Carolina,146875,35.620923,-80.522841,511.6080482701521
37161,Rutherford,North Carolina,64444,35.350767,-81.897864,565.4373795561556
37163,Sampson,North Carolina,59036,35.036714,-78.397561,945.9296459859038
37165,Scotland,North Carolina,34174,34.785743,-79.473966,319.14045582240146
37167,Stanly,North Carolina,62504,35.320568,-80.251909,395.0790503822043
37169,Stokes,North Carolina,44520,36.349476,-80.275236,449.3447508529296
37171,Surry,North Carolina,71359,36.431129,-80.657197,532.6446656930792
37173,Swain,North Carolina,14117,35.437811,-83.411997,527.7284751704902
37175,Transylvania,North Carolina,32986,35.210116,-82.743077,378.35833848673536
37177,Tyrrell,North Carolina,3245,35.895302,-76.242529,390.7765696268004
37179,Union,North Carolina,238267,35.01249,-80.631967,632.736944495085
37181,Vance,North Carolina,42578,36.332774,-78.402975,252.39555288923702
37183,Wake,North Carolina,1129410,35.795346,-78.679962,834.6135971257413
37185,Warren,North Carolina,18642,36.4113,-78.134476,429.3909523005494
37187,Washington,North Carolina,11003,35.863224,-76.651708,346.509776448356
37189,Watauga,North Carolina,54086,36.218213,-81.686035,312.4395995779301
37191,Wayne,North Carolina,117333,35.372889,-77.986675,553.921901595139
37193,Wilkes,North Carolina,65969,36.191877,-81.133714,753.6792649600234
37195,Wilson,North Carolina,78784,35.727699,-77.93379,367.5742847329133
37197,Yadkin,North Carolina,37214,36.164018,-80.673979,334.9421214138315
37199,Yancey,North Carolina,18470,35.910934,-82.294631,312.5921778845541
38001,Adams,North Dakota,2200,46.035876,-102.621818,987.5465798953031
38003,Barnes,North Dakota,10853,46.926891,-98.030382,1491.5593515987223
38005,Benson,North Dakota,5964,48.022233,-99.148961,1388.5550455287612
38007,Billings,North Dakota,945,47.00341,-103.306329,1148.4883890065425
38009,Bottineau,North Dakota,6379,48.818996,-100.635057,1668.857775567163
38011,Bowman,North Dakota,2993,46.17101,-103.389737,1161.8086760251576
38013,Burke,North Dakota,2201,48.760535,-102.539257,1103.619120861524
38015,Burleigh,North Dakota,98458,46.823125,-100.761269,1632.6944284697895
38017,Cass,North Dakota,184525,46.853248,-96.866085,1764.9345324600738
38019,Cavalier,North Dakota,3704,48.756287,-98.408736,1489.1251917754944
38021,Dickey,North Dakota,4999,46.090319,-98.316828,1131.4933820294643
38023,Divide,North Dakota,2195,48.873168,-103.340573,1261.1296516724165
38025,Dunn,North Dakota,4095,47.337232,-102.63818499999999,2008.4916262414813
38027,Eddy,North Dakota,2347,47.705809,-99.056923,630.2387198989883
38029,Emmons,North Dakota,3301,46.26697,-100.221494,1508.40068798617
38031,Foster,North Dakota,3397,47.460553,-99.032312,634.0796576089301
38033,Golden Valley,North Dakota,1736,46.891037,-103.959283,1000.8850735612065
38035,Grand Forks,North Dakota,73170,47.904107,-97.114067,1436.2253670732102
38037,Grant,North Dakota,2301,46.39358,-101.709905,1659.2330364018544
38039,Griggs,North Dakota,2306,47.45152,-98.184378,708.6851931532613
38041,Hettinger,North Dakota,2489,46.452752,-102.563748,1132.2391012829785
38043,Kidder,North Dakota,2394,46.913782,-99.803211,1351.0617803569762
38045,LaMoure,North Dakota,4093,46.405038,-98.531088,1146.0051000002468
38047,Logan,North Dakota,1876,46.497157,-99.553732,992.5987795364822
38049,McHenry,North Dakota,5345,48.179669,-100.700743,1873.9421761283686
38051,McIntosh,North Dakota,2530,46.146072,-99.492968,974.5630870869134
38053,McKenzie,North Dakota,14704,47.815379,-103.249949,2760.1334223885688
38055,McLean,North Dakota,9771,47.524037,-101.227016,2110.2592331977926
38057,Mercer,North Dakota,8350,47.300979,-101.712049,1042.7808508356434
38059,Morton,North Dakota,33291,46.82084,-100.987436,1925.887664017114
38061,Mountrail,North Dakota,9809,48.134813,-102.385064,1825.163037910626
38063,Nelson,North Dakota,3015,47.914125,-98.211495,981.81502269522
38065,Oliver,North Dakota,1877,47.120347,-101.30705,722.4038738926876
38067,Pembina,North Dakota,6844,48.786353,-97.583136,1118.5353016929487
38069,Pierce,North Dakota,3990,48.327982,-99.985438,1018.284648032612
38071,Ramsey,North Dakota,11605,48.129972,-98.834617,1185.3670162215533
38073,Ransom,North Dakota,5703,46.473332,-97.654107,862.4722501139205
38075,Renville,North Dakota,2282,48.71223,-101.513019,877.2435156082628
38077,Richland,North Dakota,16529,46.265439,-96.76508,1435.6741579790496
38079,Rolette,North Dakota,12187,48.837585,-99.815657,903.0417270911719
38081,Sargent,North Dakota,3862,46.166223,-97.587859,858.4833310296549
38083,Sheridan,North Dakota,1265,47.581765,-100.333635,972.2258234614059
38085,Sioux,North Dakota,3898,46.166774,-100.727458,1094.0515518428385
38087,Slope,North Dakota,706,46.418394,-103.416249,1215.264358877694
38089,Stark,North Dakota,33646,46.883324,-102.784958,1334.9130521684133
38091,Steele,North Dakota,1798,47.459852,-97.75048,712.1428495669812
38093,Stutsman,North Dakota,21593,46.917429,-98.73948,2221.9034356879733
38095,Towner,North Dakota,2162,48.575593,-99.232995,1025.1126998416994
38097,Traill,North Dakota,7997,47.489414,-97.221419,861.870916465327
38099,Walsh,North Dakota,10563,48.392384,-97.55615,1281.6068074536452
38101,Ward,North Dakota,69919,48.251003,-101.324255,2013.028221199054
38103,Wells,North Dakota,3982,47.673531,-99.776162,1270.5328002451718
38105,Williams,North Dakota,40950,48.198161,-103.581969,2077.600036549975
39001,Adams,Ohio,27477,38.851155,-83.519185,583.8718950721361
39003,Allen,Ohio,102206,40.757218,-84.123687,402.54524141425503
39005,Ashland,Ohio,52447,40.854406,-82.284305,422.98682097038665
39007,Ashtabula,Ohio,97574,41.792138,-80.769023,702.0669426934165
39009,Athens,Ohio,62431,39.342729,-82.09958,503.64400360123665
39011,Auglaize,Ohio,46422,40.543994,-84.27252,401.3880268353819
39013,Belmont,Ohio,66497,40.042452,-80.892944,532.1266011526208
39015,Brown,Ohio,43676,38.952078,-83.892764,489.5434751629034
39017,Butler,Ohio,390357,39.41063,-84.498421,466.52365519932835
39019,Carroll,Ohio,26721,40.608768,-81.114233,394.61220152087884
39021,Champaign,Ohio,38714,40.121157,-83.756495,428.9894357854794
39023,Clark,Ohio,136001,39.927551,-83.83172,396.8773045834562
39025,Clermont,Ohio,208601,39.104936,-84.213831,452.5601540309774
39027,Clinton,Ohio,42018,39.411451,-83.84298,408.73141151215555
39029,Columbiana,Ohio,101877,40.780285,-80.730613,531.9169094563913
39031,Coshocton,Ohio,36612,40.291486,-81.863132,563.9878949096798
39033,Crawford,Ohio,42025,40.796314,-82.873456,401.78549352491046
39035,Cuyahoga,Ohio,1264817,41.448408,-81.677451,457.21058773509196
39037,Darke,Ohio,51881,40.116114,-84.606299,598.1021812490097
39039,Defiance,Ohio,38286,41.29476,-84.448702,411.4393683452084
39041,Delaware,Ohio,214124,40.213434,-83.012316,443.1465420897241
39043,Erie,Ohio,75622,41.40534,-82.62729,251.28808332637482
39045,Fairfield,Ohio,158921,39.799356,-82.672891,504.36522776160547
39047,Fayette,Ohio,28951,39.548507,-83.443856,406.3608944521371
39049,Franklin,Ohio,1323807,40.001224,-82.992171,532.4176835699836
39051,Fulton,Ohio,42713,41.57813,-84.095238,405.4471265507084
39053,Gallia,Ohio,29220,38.83179,-82.275222,466.529504647031
39055,Geauga,Ohio,95397,41.487507,-81.223418,400.30066508683706
39057,Greene,Ohio,167966,39.725798,-83.997172,413.55849853689097
39059,Guernsey,Ohio,38438,40.017747,-81.541964,522.2538326633477
39061,Hamilton,Ohio,830639,39.181054,-84.509096,405.41674571625737
39063,Hancock,Ohio,74920,41.038819,-83.642078,531.324825271109
39065,Hardin,Ohio,30696,40.687272,-83.673001,470.2852145525873
39067,Harrison,Ohio,14483,40.308308,-81.052878,402.3310520139801
39069,Henry,Ohio,27662,41.360177,-84.078123,416.0101789038715
39071,Highland,Ohio,43317,39.21912,-83.582063,553.0836124185914
39073,Hocking,Ohio,28050,39.524899,-82.449693,421.34935553816115
39075,Holmes,Ohio,44223,40.568212,-81.869548,422.6117829552507
39077,Huron,Ohio,58565,41.176384,-82.613754,492.24304933199096
39079,Jackson,Ohio,32653,39.035842,-82.610925,420.3103951701153
39081,Jefferson,Ohio,65249,40.365484,-80.692361,408.1243060223933
39083,Knox,Ohio,62721,40.400283,-82.454323,525.4990989128518
39085,Lake,Ohio,232603,41.685007,-81.319872,229.27036873539933
39087,Lawrence,Ohio,58240,38.50139,-82.538753,453.39288372254344
39089,Licking,Ohio,178519,40.051058,-82.52159,682.4273919157104
39091,Logan,Ohio,46150,40.382633,-83.776776,458.5055261122415
39093,Lorain,Ohio,312964,41.391668,-82.110224,490.5362882148521
39095,Lucas,Ohio,431279,41.651951,-83.620346,339.6632288014635
39097,Madison,Ohio,43824,39.923532,-83.378429,465.81350522107226
39099,Mahoning,Ohio,228614,41.048246,-80.697024,411.48767551678066
39101,Marion,Ohio,65359,40.582108,-83.127065,403.8061244227102
39103,Medina,Ohio,182470,41.14417,-81.837739,421.45797881674446
39105,Meigs,Ohio,22210,39.061474,-82.011139,430.101539346449
39107,Mercer,Ohio,42528,40.515597,-84.606448,462.4469924690118
39109,Miami,Ohio,108774,40.039896,-84.229494,406.5205673859252
39111,Monroe,Ohio,13385,39.743928,-81.066658,455.723228397369
39113,Montgomery,Ohio,537309,39.744183,-84.206384,461.35137469800975
39115,Morgan,Ohio,13802,39.615975,-81.865949,416.42595880488426
39117,Morrow,Ohio,34950,40.51851,-82.793839,406.13354205707145
39119,Muskingum,Ohio,86410,39.963489,-81.996844,664.5458407143035
39121,Noble,Ohio,14115,39.77294,-81.487122,398.0120318004086
39123,Ottawa,Ohio,40364,41.532537,-83.080376,254.7040735256503
39125,Paulding,Ohio,18806,41.132652,-84.588497,416.43482177993474
39127,Perry,Ohio,35408,39.758487,-82.237977,407.933949936164
39129,Pickaway,Ohio,58539,39.671077,-82.992679,501.1931657091662
39131,Pike,Ohio,27088,39.084195,-83.036586,440.28197179638795
39133,Portage,Ohio,161791,41.18075,-81.276935,487.4048294376147
39135,Preble,Ohio,40999,39.743238,-84.625367,424.22632473011623
39137,Putnam,Ohio,34451,41.008256,-84.115516,482.5441503667753
39139,Richland,Ohio,124936,40.761551,-82.54039,495.2268278945883
39141,Ross,Ohio,77093,39.341679,-83.023023,689.165748332335
39143,Sandusky,Ohio,58896,41.340365,-83.100451,408.245511984223
39145,Scioto,Ohio,74008,38.780894,-82.944686,610.1445890421481
39147,Seneca,Ohio,55069,41.127755,-83.202108,551.0263632059686
39149,Shelby,Ohio,48230,40.319534,-84.194302,407.6938553976605
39151,Stark,Ohio,374853,40.837592,-81.38898,575.2651937850017
39153,Summit,Ohio,540428,41.11615,-81.511871,412.7932166453073
39155,Trumbull,Ohio,201977,41.240483,-80.759943,618.1008892739666
39157,Tuscarawas,Ohio,93263,40.481355,-81.467009,567.406399406212
39159,Union,Ohio,62784,40.241874,-83.334873,431.75881761094263
39161,Van Wert,Ohio,28931,40.856227,-84.565846,409.1496987605862
39163,Vinton,Ohio,12800,39.241186,-82.504249,412.3602590592588
39165,Warren,Ohio,242337,39.423255,-84.24395,401.4270517249595
39167,Washington,Ohio,59771,39.409803,-81.517688,631.9740309541421
39169,Wayne,Ohio,116894,40.836466,-81.864476,554.7890546107566
39171,Williams,Ohio,37102,41.532546,-84.57175,420.65979793243145
39173,Wood,Ohio,132248,41.453257,-83.602769,617.1619050405602
39175,Wyandot,Ohio,21900,40.865997,-83.299297,406.8791821596432
40001,Adair,Oklahoma,19495,35.887468,-94.635683,573.8782244834321
40003,Alfalfa,Oklahoma,5699,36.658546,-98.317631,866.5648515274459
40005,Atoka,Oklahoma,14143,34.329959,-96.097526,975.4461587084274
40007,Beaver,Oklahoma,5049,36.829383,-100.638158,1814.8373171489193
40009,Beckham,Oklahoma,22410,35.361158,-99.511022,901.6754613595505
40011,Blaine,Oklahoma,8735,35.885203,-98.428177,928.4879493134044
40013,Bryan,Oklahoma,46067,33.980731,-96.386125,904.2531125750999
40015,Caddo,Oklahoma,26945,35.175959,-98.339383,1277.7535264437952
40017,Canadian,Oklahoma,154405,35.493359,-97.766177,896.572743725839
40019,Carter,Oklahoma,48003,34.189514,-97.19745,822.204774909179
40021,Cherokee,Oklahoma,47078,35.902314,-94.995607,749.126579194991
40023,Choctaw,Oklahoma,14204,34.019064,-95.528308,770.3770169045293
40025,Cimarron,Oklahoma,2296,36.734437,-102.496037,1834.8083524599656
40027,Cleveland,Oklahoma,295528,35.269308,-97.450434,538.8852808285673
40029,Coal,Oklahoma,5266,34.548037,-96.278199,516.7708850987736
40031,Comanche,Oklahoma,121125,34.633044,-98.419449,1069.3219008638616
40033,Cotton,Oklahoma,5527,34.31257,-98.331491,632.6373251188401
40035,Craig,Oklahoma,14107,36.679216,-95.154588,761.2554476167074
40037,Creek,Oklahoma,71754,35.9754,-96.226043,949.9425937519072
40039,Custer,Oklahoma,28513,35.547694,-98.828737,988.7786465552539
40041,Delaware,Oklahoma,40397,36.468532,-94.793251,737.7983491978271
40043,Dewey,Oklahoma,4484,36.057055,-99.074156,999.6277674031485
40045,Ellis,Oklahoma,3749,36.262513,-99.786963,1231.476687744331
40047,Garfield,Oklahoma,62846,36.398481,-97.885455,1058.5073006377625
40049,Garvin,Oklahoma,25656,34.737491,-97.28949,802.1414557767989
40051,Grady,Oklahoma,54795,35.112409,-97.850428,1100.540441863264
40053,Grant,Oklahoma,4169,36.761056,-97.779663,1000.7398937441454
40055,Greer,Oklahoma,5491,34.912036,-99.464241,639.2848749409897
40057,Harmon,Oklahoma,2488,34.694548,-99.897391,537.2580536672812
40059,Harper,Oklahoma,3272,36.768589,-99.761804,1038.583760525449
40061,Haskell,Oklahoma,11561,35.239002,-95.124795,576.7251271280933
40063,Hughes,Oklahoma,13367,35.079245,-96.326231,804.470805852464
40065,Jackson,Oklahoma,24785,34.657239,-99.331416,802.6525291654717
40067,Jefferson,Oklahoma,5337,34.132097,-97.871654,758.9556023096956
40069,Johnston,Oklahoma,10272,34.262325,-96.650068,643.0487458878721
40071,Kay,Oklahoma,43700,36.744254,-97.125201,919.5971119728423
40073,Kingfisher,Oklahoma,15184,35.913869,-97.91096,898.0777012138485
40075,Kiowa,Oklahoma,8509,34.936853,-99.017988,1015.0779750104722
40077,Latimer,Oklahoma,9444,34.88202,-95.255214,722.1048956861814
40079,Le Flore,Oklahoma,48129,35.065249,-94.639064,1589.410756793011
40081,Lincoln,Oklahoma,33458,35.656322,-96.882274,952.3730829019134
40083,Logan,Oklahoma,49555,35.822271,-97.442909,743.7362625575914
40085,Love,Oklahoma,10146,33.922696,-97.170128,513.913816770379
40087,McClain,Oklahoma,41662,35.106328,-97.527577,570.7171632536954
40089,McCurtain,Oklahoma,30814,33.999674,-94.814678,1850.7669701232721
40091,McIntosh,Oklahoma,18941,35.385902,-95.581367,618.2864186971113
40093,Major,Oklahoma,7782,36.298864,-98.432369,954.9999671620114
40095,Marshall,Oklahoma,15312,34.01809,-96.749333,371.4897293486031
40097,Mayes,Oklahoma,39046,36.292233,-95.243222,655.3944303628483
40099,Murray,Oklahoma,13904,34.507083,-97.027691,416.37480721870963
40101,Muskogee,Oklahoma,66339,35.71185,-95.366561,810.6235248315484
40103,Noble,Oklahoma,10924,36.324096,-97.233088,731.7111687435507
40105,Nowata,Oklahoma,9320,36.774995,-95.635237,565.8174268606971
40107,Okfuskee,Oklahoma,11310,35.451094,-96.337952,618.4583017255628
40109,Oklahoma,Oklahoma,796292,35.52553,-97.512375,708.8971489525487
40111,Okmulgee,Oklahoma,36706,35.617922,-95.969216,697.4433241703183
40113,Osage,Oklahoma,45818,36.415208,-96.228583,2246.609865710928
40115,Ottawa,Oklahoma,30285,36.857439,-94.834841,470.8170393878758
40117,Pawnee,Oklahoma,15553,36.270375,-96.539216,568.3531728645657
40119,Payne,Oklahoma,81646,36.0913,-97.007049,684.9011557817538
40121,Pittsburg,Oklahoma,43773,34.956346,-95.721263,1305.5223249654223
40123,Pontotoc,Oklahoma,38065,34.774213,-96.67319,720.4111554782389
40125,Pottawatomie,Oklahoma,72454,35.321377,-96.952883,787.793438557523
40127,Pushmataha,Oklahoma,10812,34.327826,-95.482036,1395.5374656140796
40129,Roger Mills,Oklahoma,3442,35.628485,-99.659405,1141.1345100730985
40131,Rogers,Oklahoma,95240,36.31533,-95.650597,675.7469253401322
40133,Seminole,Oklahoma,23556,35.186227,-96.631163,632.8326109574302
40135,Sequoyah,Oklahoma,39281,35.466206,-94.729702,673.561768590513
40137,Stephens,Oklahoma,42848,34.518536,-97.946619,870.2087053210449
40139,Texas,Oklahoma,21384,36.712185,-101.448408,2041.273297582822
40141,Tillman,Oklahoma,6968,34.382478,-98.971119,871.1340948974473
40143,Tulsa,Oklahoma,669279,36.1027,-95.91151,570.2174976394003
40145,Wagoner,Oklahoma,80981,36.015963,-95.627565,561.9161471748996
40147,Washington,Oklahoma,52455,36.728457,-95.937432,415.52373342748666
40149,Washita,Oklahoma,10924,35.314336,-99.05353,1003.0893836806069
40151,Woods,Oklahoma,8624,36.767497,-98.708062,1286.4814981718198
40153,Woodward,Oklahoma,20470,36.423748,-99.383574,1242.7860879253226
41001,Baker,Oregon,16668,44.780021,-117.762087,3067.96651201615
41003,Benton,Oregon,95184,44.573123,-123.275062,675.2084367676886
41005,Clackamas,Oregon,421401,45.363411,-122.575016,1870.6811789186168
41007,Clatsop,Oregon,41072,46.098894,-123.841041,828.129944581097
41009,Columbia,Oregon,52589,45.889969,-122.929381,658.6842369712655
41011,Coos,Oregon,64929,43.305461,-124.232445,1596.0645240182205
41013,Crook,Oregon,24738,44.283564,-120.843605,2978.929064272809
41015,Curry,Oregon,23446,42.251867,-124.327962,1628.3819399464348
41017,Deschutes,Oregon,198253,44.090954,-121.306213,3017.6173885987455
41019,Douglas,Oregon,111201,43.239963,-123.388771,5035.6986434196415
41021,Gilliam,Oregon,1995,45.449592,-120.197022,1204.721338662825
41023,Grant,Oregon,7233,44.451525,-119.003559,4527.791405575217
41025,Harney,Oregon,7495,43.521602,-118.986891,10134.437607514732
41027,Hood River,Oregon,23977,45.658959,-121.565661,522.087395219741
41029,Jackson,Oregon,223259,42.347769,-122.858631,2783.251969832402
41031,Jefferson,Oregon,24502,44.591478,-121.190361,1781.7004754512175
41033,Josephine,Oregon,88090,42.404433,-123.38517,1638.6487434492508
41035,Klamath,Oregon,69413,42.285893,-121.726802,5949.97843020986
41037,Lake,Oregon,8160,42.478434,-120.476422,8138.609219715685
41039,Lane,Oregon,382971,44.039563,-123.119235,4554.0922695587205
41041,Lincoln,Oregon,50395,44.713731,-124.002001,980.9826350901666
41043,Linn,Oregon,128610,44.556336,-122.959471,2289.276469690048
41045,Malheur,Oregon,31571,43.975358,-117.06114,9887.709989139681
41047,Marion,Oregon,345920,44.960149,-122.955907,1181.097167276185
41049,Morrow,Oregon,12186,45.739056,-119.617276,2030.5290478727334
41051,Multnomah,Oregon,815428,45.517904,-122.591156,431.1260741656455
41053,Polk,Oregon,87433,44.920857,-123.20811,740.9237199162278
41055,Sherman,Oregon,1870,45.518367,-120.72146,823.6144489481846
41057,Tillamook,Oregon,27390,45.469525,-123.858484,1102.3693317263917
41059,Umatilla,Oregon,80075,45.801243,-118.967455,3215.4498956367797
41061,Union,Oregon,26196,45.341591,-118.018208,2036.9404298153324
41063,Wallowa,Oregon,7391,45.443336,-117.305634,3145.8968099278263
41065,Wasco,Oregon,26670,45.541482,-121.204066,2381.135990234334
41067,Washington,Oregon,600372,45.486067,-122.87092,724.2718928929755
41069,Wheeler,Oregon,1451,44.837096,-120.088844,1716.0214025075197
41071,Yamhill,Oregon,107722,45.239528,-123.136974,715.9414870827342
42001,Adams,Pennsylvania,103852,39.851137,-77.157037,518.68993290475
42003,Allegheny,Pennsylvania,1250578,40.447811,-79.971635,729.9538645372392
42005,Armstrong,Pennsylvania,65558,40.769635,-79.51099,653.3210096474149
42007,Beaver,Pennsylvania,168215,40.684267,-80.302021,434.6949758777078
42009,Bedford,Pennsylvania,47577,40.054295,-78.476925,1012.2413673937677
42011,Berks,Pennsylvania,428849,40.362681,-75.909878,856.4025079636369
42013,Blair,Pennsylvania,122822,40.487156,-78.376585,525.2757944128168
42015,Bradford,Pennsylvania,59967,41.833895,-76.527899,1147.3754811947767
42017,Bucks,Pennsylvania,646538,40.239408,-75.026366,604.3671907049797
42019,Butler,Pennsylvania,193763,40.821598,-79.966512,789.4862204599078
42021,Cambria,Pennsylvania,133472,40.408084,-78.800185,687.5102569486313
42023,Cameron,Pennsylvania,4547,41.502354,-78.23879,396.2334525929542
42025,Carbon,Pennsylvania,64749,40.871955,-75.708895,381.3236382000225
42027,Centre,Pennsylvania,158172,40.839811,-77.836167,1108.7076797429777
42029,Chester,Pennsylvania,534413,39.993381,-75.678116,750.5462243222422
42031,Clarion,Pennsylvania,37241,41.182373,-79.429465,600.835290707184
42033,Clearfield,Pennsylvania,80562,40.991528,-78.499291,1145.3253810497224
42035,Clinton,Pennsylvania,37450,41.140123,-77.448809,887.9841483133296
42037,Columbia,Pennsylvania,64727,41.038653,-76.389553,483.2114839322564
42039,Crawford,Pennsylvania,83938,41.666386,-80.098406,1012.3552432061166
42041,Cumberland,Pennsylvania,259469,40.205907,-77.092609,545.4795694023476
42043,Dauphin,Pennsylvania,286401,40.304616,-76.796486,524.8701172608859
42045,Delaware,Pennsylvania,576830,39.922639,-75.348866,183.81118398261683
42047,Elk,Pennsylvania,30990,41.419129,-78.619743,826.9013644236383
42049,Erie,Pennsylvania,270876,42.068563,-80.07268,798.9128343913518
42051,Fayette,Pennsylvania,128804,39.949204,-79.71596,790.7583042919838
42053,Forest,Pennsylvania,6973,41.487078,-79.223165,427.25894791849066
42055,Franklin,Pennsylvania,155932,39.883461,-77.654852,772.2991156897627
42057,Fulton,Pennsylvania,14556,39.918305,-78.08615,437.55135038052356
42059,Greene,Pennsylvania,35954,39.876907,-80.113513,575.9323914425229
42061,Huntingdon,Pennsylvania,44092,40.428603,-78.002926,874.6516396169866
42063,Indiana,Pennsylvania,83246,40.617473,-79.1305,827.4037671161356
42065,Jefferson,Pennsylvania,44492,41.085869,-78.964273,652.4353453499059
42067,Juniata,Pennsylvania,23509,40.573028,-77.327685,391.3907878905282
42069,Lackawanna,Pennsylvania,215896,41.441461,-75.636396,458.88607766620214
42071,Lancaster,Pennsylvania,552984,40.07391,-76.29248,943.9238823378229
42073,Lawrence,Pennsylvania,86070,40.986789,-80.336455,357.3650498341477
42075,Lebanon,Pennsylvania,143257,40.340342,-76.443132,361.83521784584565
42077,Lehigh,Pennsylvania,374557,40.597849,-75.509406,345.33077528297997
42079,Luzerne,Pennsylvania,325594,41.195284,-75.928422,889.87625584119
42081,Lycoming,Pennsylvania,114188,41.24927,-76.981292,1228.9194555414388
42083,McKean,Pennsylvania,40432,41.865244,-78.58325,979.6940276301115
42085,Mercer,Pennsylvania,110652,41.263855,-80.336703,672.5203584042708
42087,Mifflin,Pennsylvania,46143,40.60427,-77.615882,411.04522831187825
42089,Monroe,Pennsylvania,168327,41.038639,-75.305852,608.3559279351286
42091,Montgomery,Pennsylvania,856553,40.169483,-75.314499,482.970936882023
42093,Montour,Pennsylvania,18136,40.996765,-76.630209,130.24096739965344
42095,Northampton,Pennsylvania,312951,40.699145,-75.320858,369.78766361981485
42097,Northumberland,Pennsylvania,91647,40.874558,-76.684501,457.66399444976605
42099,Perry,Pennsylvania,45842,40.410783,-77.154446,551.4494651483169
42101,Philadelphia,Pennsylvania,1603797,40.003523,-75.139476,134.35646042405963
42103,Pike,Pennsylvania,58535,41.302389,-74.983463,544.8954111221769
42105,Potter,Pennsylvania,16396,41.823262,-77.935838,1081.2492756964818
42107,Schuylkill,Pennsylvania,143049,40.712667,-76.195872,778.5788286881364
42109,Snyder,Pennsylvania,39736,40.787382,-76.980927,328.784211677327
42111,Somerset,Pennsylvania,74129,40.029001,-79.012353,1075.046542588182
42113,Sullivan,Pennsylvania,5840,41.469615,-76.492908,449.93944508880395
42115,Susquehanna,Pennsylvania,38434,41.823092,-75.76923,823.4957854690692
42117,Tioga,Pennsylvania,41045,41.814804,-77.211057,1133.8916216105717
42119,Union,Pennsylvania,42681,40.970242,-76.959238,315.9524326928281
42121,Venango,Pennsylvania,50454,41.404235,-79.765355,674.2647818564697
42123,Warren,Pennsylvania,38587,41.853111,-79.233295,884.282097727468
42125,Washington,Pennsylvania,209349,40.20836,-80.146146,857.0095914455762
42127,Wayne,Pennsylvania,51155,41.539728,-75.307606,725.769366562845
42129,Westmoreland,Pennsylvania,354663,40.340199,-79.594629,1027.7123411195892
42131,Wyoming,Pennsylvania,26069,41.538722,-75.938649,397.25040629626676
42133,York,Pennsylvania,456438,39.941929,-76.75372,904.3655308518
44001,Bristol,Rhode Island,50793,41.712608,-71.284716,24.13168298289987
44003,Kent,Rhode Island,170363,41.698511,-71.488956,168.56786767256628
44005,Newport,Rhode Island,85643,41.548629,-71.266556,102.4305011191731
44007,Providence,Rhode Island,660741,41.857227,-71.449675,409.48159526492964
44009,Washington,Rhode Island,129839,41.467323,-71.590046,329.27856607032845
45001,Abbeville,South Carolina,24295,34.241575,-82.422103,491.1930279093058
45003,Aiken,South Carolina,168808,33.535704,-81.774519,1070.6883480634976
45005,Allendale,South Carolina,8039,32.997052,-81.291327,408.0948051147617
45007,Anderson,South Carolina,203718,34.564685,-82.61662,713.8553794364717
45009,Bamberg,South Carolina,13311,33.267569,-81.072226,393.36671086107805
45011,Barnwell,South Carolina,20589,33.294536,-81.356749,548.3789441025658
45013,Beaufort,South Carolina,187117,32.317957,-80.786927,576.0443633851277
45015,Berkeley,South Carolina,229861,33.059268,-80.035006,1103.620014301919
45017,Calhoun,South Carolina,14119,33.677921,-80.822118,381.1519520836719
45019,Charleston,South Carolina,408235,32.825793,-79.978136,917.978948173627
45021,Cherokee,South Carolina,56216,35.080959,-81.648305,392.96350746567714
45023,Chester,South Carolina,32294,34.704401,-81.118573,580.6612718388117
45025,Chesterfield,South Carolina,43273,34.681114,-80.149834,798.9859123330107
45027,Clarendon,South Carolina,31144,33.686186,-80.207955,607.2062593368431
45029,Colleton,South Carolina,38604,32.90881,-80.646921,1056.5035520568472
45031,Darlington,South Carolina,62905,34.326094,-79.985464,560.5883569094841
45033,Dillon,South Carolina,28292,34.39479,-79.361598,405.06654101975784
45035,Dorchester,South Carolina,161540,32.995941,-80.212663,568.5943955935767
45037,Edgefield,South Carolina,25657,33.713128,-81.923002,500.70281673995794
45039,Fairfield,South Carolina,20948,34.361268,-81.069334,686.3047954301227
45041,Florence,South Carolina,137059,34.106046,-79.764677,800.5054355249531
45043,Georgetown,South Carolina,63404,33.457552,-79.250947,813.6235331983821
45045,Greenville,South Carolina,525534,34.844659,-82.331257,785.9362281010626
45047,Greenwood,South Carolina,69351,34.205171,-82.147907,455.6040533328935
45049,Hampton,South Carolina,18561,32.801597,-81.116415,559.9746506172185
45051,Horry,South Carolina,351029,33.780221,-78.937681,1133.3117262843343
45053,Jasper,South Carolina,28791,32.407305,-81.002142,655.1603872034764
45055,Kershaw,South Carolina,65403,34.257249,-80.650865,726.6120356822797
45057,Lancaster,South Carolina,96016,34.804751,-80.771843,549.068291282619
45059,Laurens,South Carolina,67539,34.509505,-82.032019,712.8698780011002
45061,Lee,South Carolina,16531,34.183585,-80.266874,410.18424057552915
45063,Lexington,South Carolina,293991,33.962205,-81.218934,698.9982023508209
45065,McCormick,South Carolina,9526,33.879301,-82.297749,358.86555054494056
45067,Marion,South Carolina,29183,34.166085,-79.340476,489.3715423272735
45069,Marlboro,South Carolina,26667,34.637958,-79.671661,479.8737323160916
45071,Newberry,South Carolina,37719,34.264651,-81.573551,630.2932494929485
45073,Oconee,South Carolina,78607,34.707527,-83.002043,626.5563396736984
45075,Orangeburg,South Carolina,84223,33.47176,-80.798783,1106.3752207727316
45077,Pickens,South Carolina,131404,34.805302,-82.689713,496.93846123486645
45079,Richland,South Carolina,416147,34.067968,-80.988835,757.2790583196925
45081,Saluda,South Carolina,18862,33.99882,-81.702809,452.71478562888075
45083,Spartanburg,South Carolina,327997,34.963891,-82.007751,808.3774303504429
45085,Sumter,South Carolina,105556,33.929496,-80.389604,665.0782887184761
45087,Union,South Carolina,27244,34.733128,-81.627678,513.5853836023981
45089,Williamsburg,South Carolina,31026,33.651948,-79.733224,934.1654935242155
45091,York,South Carolina,282090,34.998556,-81.051363,681.0351001958848
46003,Aurora,South Dakota,2747,43.693726,-98.529708,708.4599562119225
46005,Beadle,South Dakota,19149,44.367306,-98.2277,1258.6976652182393
46007,Bennett,South Dakota,3381,43.210572,-101.785879,1184.6418487998387
46009,Bon Homme,South Dakota,7003,42.966147,-97.859901,563.5494087268223
46011,Brookings,South Dakota,34375,44.31091,-96.785884,792.2172646576358
46013,Brown,South Dakota,38301,45.475353,-98.451669,1713.0303370388833
46015,Brule,South Dakota,5247,43.762674,-99.191362,817.2217076317004
46017,Buffalo,South Dakota,1948,44.059088,-99.371007,471.4051779951994
46019,Butte,South Dakota,10243,44.669688,-103.766262,2250.0097712803786
46021,Campbell,South Dakota,1377,45.801272,-100.100553,733.6767924390201
46023,Charles Mix,South Dakota,9373,43.175337,-98.527816,1097.4881147234303
46025,Clark,South Dakota,3837,44.825614,-97.709207,957.511849349764
46027,Clay,South Dakota,14967,42.808955,-96.936772,412.0306316773014
46029,Codington,South Dakota,28325,44.91407,-97.129856,687.5850298787666
46031,Corson,South Dakota,3902,45.758065,-100.912373,2469.6941983258757
46033,Custer,South Dakota,8318,43.740721,-103.514861,1556.9430417192148
46035,Davison,South Dakota,19956,43.706382,-98.040431,435.63326435502444
46037,Day,South Dakota,5449,45.369062,-97.519215,1028.488766305572
46039,Deuel,South Dakota,4295,44.738673,-96.660949,622.7386545801556
46041,Dewey,South Dakota,5239,45.116562,-101.110107,2302.376387357238
46043,Douglas,South Dakota,2835,43.377636,-98.369735,431.800739038914
46045,Edmunds,South Dakota,3986,45.453421,-99.148719,1125.9804289217375
46047,Fall River,South Dakota,6973,43.387361,-103.513072,1739.8891082167943
46049,Faulk,South Dakota,2125,45.061037,-99.099318,981.7132152780424
46051,Grant,South Dakota,7556,45.206943,-96.658721,681.4460793026575
46053,Gregory,South Dakota,3994,43.183504,-99.27955,1014.9496219115848
46055,Haakon,South Dakota,1872,44.133291,-101.572693,1810.5410846847478
46057,Hamlin,South Dakota,6164,44.646162,-97.148245,507.01859901588506
46059,Hand,South Dakota,3145,44.525472,-98.991594,1436.6330392149948
46061,Hanson,South Dakota,3461,43.656069,-97.771709,434.58225489691534
46063,Harding,South Dakota,1311,45.605864,-103.520304,2671.569519290187
46065,Hughes,South Dakota,17765,44.38283,-100.305301,741.5270311800775
46067,Hutchinson,South Dakota,7427,43.336978,-97.745451,813.0132562654892
46069,Hyde,South Dakota,1262,44.519687,-99.455271,860.6293617309309
46071,Jackson,South Dakota,2806,43.649678,-101.665063,1863.8825029200618
46073,Jerauld,South Dakota,1663,44.09101,-98.537954,526.1326334814719
46075,Jones,South Dakota,917,43.89534,-100.695148,969.671910578771
46077,Kingsbury,South Dakota,5187,44.377105,-97.408777,832.2368618904587
46079,Lake,South Dakota,11059,44.001466,-97.095038,562.8905759725669
46081,Lawrence,South Dakota,25768,44.453405,-103.805876,800.052844258038
46083,Lincoln,South Dakota,65161,43.441142,-96.744487,577.2930459514736
46085,Lyman,South Dakota,3718,43.953669,-99.716961,1642.2849686364004
46087,McCook,South Dakota,5682,43.661486,-97.348311,574.2052927802823
46089,McPherson,South Dakota,2411,45.766155,-99.243067,1136.6679374447012
46091,Marshall,South Dakota,4306,45.757886,-97.628902,838.0814315784639
46093,Meade,South Dakota,29852,44.281372,-103.280064,3470.9337426263323
46095,Mellette,South Dakota,1918,43.54937,-100.809211,1307.325391543979
46097,Miner,South Dakota,2298,44.01131,-97.551535,570.1702360324736
46099,Minnehaha,South Dakota,197214,43.558266,-96.731507,806.8382383423375
46101,Moody,South Dakota,6336,44.018445,-96.663373000000007,519.3791105859556
46102,Oglala Lakota,South Dakota,13672,43.183372,-102.47964,2093.601197265728
46103,Pennington,South Dakota,109222,44.064853,-103.210935,2776.765053180109
46105,Perkins,South Dakota,2835,45.70961,-102.331006,2870.4599508759907
46107,Potter,South Dakota,2472,45.070399,-99.951949,861.1377497790908
46109,Roberts,South Dakota,10280,45.611156,-96.959096,1101.0554017562652
46111,Sanborn,South Dakota,2330,44.005619,-98.14513,569.2416804183707
46115,Spink,South Dakota,6361,44.904738,-98.412881,1503.4986801541727
46117,Stanley,South Dakota,2980,44.372239,-100.448102,1444.4316340896253
46119,Sully,South Dakota,1446,44.703108,-100.135851,1006.7270223877592
46121,Todd,South Dakota,9319,43.24927,-100.780183,1388.5954576833947
46123,Tripp,South Dakota,5624,43.350237,-99.846955,1612.4581409757902
46125,Turner,South Dakota,8673,43.304408,-97.112768,617.0640072938405
46127,Union,South Dakota,16811,42.681007,-96.592222,460.75675729646497
46129,Walworth,South Dakota,5315,45.518483,-100.311806,707.4552944569309
46135,Yankton,South Dakota,23310,42.90126,-97.396931,521.1891019067266
46137,Ziebach,South Dakota,2413,44.929817,-101.530161,1961.2477414037241
47001,Anderson,Tennessee,77123,36.081238,-84.178765,337.2033283195266
47003,Bedford,Tennessee,50237,35.512233,-86.465018,473.6391426908906
47005,Benton,Tennessee,15864,36.070898,-88.090044,394.30620050221006
47007,Bledsoe,Tennessee,14913,35.621511,-85.200314,406.5553289354676
47009,Blount,Tennessee,135280,35.753197,-83.973461,558.8196758169673
47011,Bradley,Tennessee,108620,35.167425,-84.859688,328.7618158216178
47013,Campbell,Tennessee,39272,36.381486,-84.125957,480.18958048421314
47015,Cannon,Tennessee,14506,35.799353,-86.063976,265.63534262711346
47017,Carroll,Tennessee,28440,36.018877,-88.464218,597.6575626055674
47019,Carter,Tennessee,56356,36.31899,-82.203404,341.2583179773748
47021,Cheatham,Tennessee,41072,36.272282,-87.063519,302.5033609131125
47023,Chester,Tennessee,17341,35.438266,-88.62251,285.7362437853045
47025,Claiborne,Tennessee,32043,36.4887,-83.639849,434.60408820177946
47027,Clay,Tennessee,7581,36.552828,-85.562901,236.5365573048905
47029,Cocke,Tennessee,35999,35.947274,-83.174047,436.1350380871054
47031,Coffee,Tennessee,57889,35.454229,-86.124582,428.96351404485796
47033,Crockett,Tennessee,13911,35.787543,-89.120017,265.5281958031846
47035,Cumberland,Tennessee,61145,35.955637,-85.017779,681.3063192015967
47037,Davidson,Tennessee,715884,36.137771,-86.744752,503.6951439904487
47039,Decatur,Tennessee,11435,35.606176,-88.123327,333.8786663387424
47041,DeKalb,Tennessee,20080,35.967047,-85.836916,304.41489362667386
47043,Dickson,Tennessee,54315,36.104233,-87.343938,489.8982408842024
47045,Dyer,Tennessee,36801,36.059417,-89.358361,512.3506404822839
47047,Fayette,Tennessee,41990,35.201116,-89.479763,704.7752975977947
47049,Fentress,Tennessee,18489,36.363232000000004,-84.936669,498.6067762295635
47051,Franklin,Tennessee,42774,35.208173,-86.116159,554.4974069398335
47053,Gibson,Tennessee,50429,35.932264,-88.870969,602.745120710226
47055,Giles,Tennessee,30346,35.192203,-87.030448,610.9313370554431
47057,Grainger,Tennessee,23527,36.266188,-83.48663,280.5865232331125
47059,Greene,Tennessee,70152,36.17748,-82.832594,622.1687739717075
47061,Grundy,Tennessee,13529,35.343196,-85.722272,360.444046208382
47063,Hamblen,Tennessee,64499,36.215549,-83.297502,161.18804692118837
47065,Hamilton,Tennessee,366207,35.093764,-85.201806,542.1636981955103
47067,Hancock,Tennessee,6662,36.517225,-83.231102,222.32380441314072
47069,Hardeman,Tennessee,25462,35.222929,-89.018519,667.7674833032341
47071,Hardin,Tennessee,26831,35.198544,-88.225953,577.48408659683
47073,Hawkins,Tennessee,56721,36.463,-82.874023,487.05555331680654
47075,Haywood,Tennessee,17864,35.586198,-89.267733,533.1072844191551
47077,Henderson,Tennessee,27842,35.647965,-88.402891,520.0088563340934
47079,Henry,Tennessee,32199,36.319829,-88.291369,561.9023332118695
47081,Hickman,Tennessee,24925,35.85471,-87.405499,612.4833955318815
47083,Houston,Tennessee,8283,36.304161,-87.704274,200.29365810486289
47085,Humphreys,Tennessee,18990,36.071211,-87.77509,530.7625628443523
47087,Jackson,Tennessee,11617,36.327984,-85.629403,308.80973696825197
47089,Jefferson,Tennessee,54683,36.064823,-83.453077,275.07364773191955
47091,Johnson,Tennessee,17948,36.450066,-81.844689,298.44005577307456
47093,Knox,Tennessee,478971,35.971886,-83.991621,508.3322872860602
47095,Lake,Tennessee,7005,36.356402,-89.467221,165.7850240092415
47097,Lauderdale,Tennessee,25143,35.765131,-89.537383,471.89530379735993
47099,Lawrence,Tennessee,44159,35.237607,-87.353601,617.1299060519625
47101,Lewis,Tennessee,12582,35.533225,-87.521716,282.09192782742156
47103,Lincoln,Tennessee,35319,35.105199,-86.57174,570.3420831534243
47105,Loudon,Tennessee,54886,35.760641,-84.284282,229.2718525259948
47107,McMinn,Tennessee,53276,35.426045,-84.598722,430.11676644337956
47109,McNairy,Tennessee,25866,35.176963,-88.537496,562.8417155166014
47111,Macon,Tennessee,25216,36.535265,-86.025628,307.143627775187
47113,Madison,Tennessee,98823,35.653504,-88.824487,557.1739609260214
47115,Marion,Tennessee,28837,35.10952,-85.608797,498.2543329127484
47117,Marshall,Tennessee,34318,35.496732,-86.770825,375.46207847263054
47119,Maury,Tennessee,100974,35.635591,-87.029196,613.1387406253383
47121,Meigs,Tennessee,12758,35.502098,-84.816211,195.13513056243337
47123,Monroe,Tennessee,46250,35.518372,-84.354235,635.7739626843306
47125,Montgomery,Tennessee,220069,36.557126,-87.345978,539.1691890817214
47127,Moore,Tennessee,6461,35.296438,-86.340442,129.22254303321878
47129,Morgan,Tennessee,21035,36.098366,-84.593205,522.1798798141973
47131,Obion,Tennessee,30787,36.397163,-89.07991,544.8477383164512
47133,Overton,Tennessee,22511,36.344912,-85.324939,433.4852039147006
47135,Perry,Tennessee,8366,35.653842,-87.859297,414.7648361211975
47137,Pickett,Tennessee,5001,36.565622,-85.141318,162.9787937520686
47139,Polk,Tennessee,17544,35.125195,-84.568406,434.60534071718195
47141,Putnam,Tennessee,79854,36.163157,-85.503795,401.1063170479188
47143,Rhea,Tennessee,32870,35.556758,-84.954393,315.4729818431483
47145,Roane,Tennessee,53404,35.881148,-84.52216,360.7684442227034
47147,Robertson,Tennessee,72803,36.48456,-86.830273,476.33571839061455
47149,Rutherford,Tennessee,341486,35.888267,-86.450266,619.2664845862942
47151,Scott,Tennessee,21850,36.45447,-84.508258,532.300579943589
47153,Sequatchie,Tennessee,15826,35.355415,-85.391417,265.8509687135205
47155,Sevier,Tennessee,98380,35.864247,-83.58249,592.4891705390879
47157,Shelby,Tennessee,929744,35.131029,-89.886356,760.5543760585064
47159,Smith,Tennessee,19904,36.241313,-85.968175,314.2950887909675
47161,Stewart,Tennessee,13657,36.493716,-87.800108,459.77605974415076
47163,Sullivan,Tennessee,158163,36.529913,-82.397127,413.4804753987848
47165,Sumner,Tennessee,196281,36.396228,-86.536038,529.4594016495312
47167,Tipton,Tennessee,60970,35.47587,-89.750299,455.6109487313438
47169,Trousdale,Tennessee,11615,36.386235,-86.153351,114.34167780793403
47171,Unicoi,Tennessee,17928,36.151274,-82.394706,186.06376304947594
47173,Union,Tennessee,19802,36.245311,-83.815954,223.58322911374293
47175,Van Buren,Tennessee,6168,35.711516,-85.454611,273.4153073003876
47177,Warren,Tennessee,40953,35.695188,-85.794787,432.6734785666642
47179,Washington,Tennessee,133001,36.325615,-82.433815,326.54823114226576
47181,Wayne,Tennessee,16232,35.258132,-87.790328,734.109137280943
47183,Weakley,Tennessee,32902,36.292493,-88.773817,580.3531650189699
47185,White,Tennessee,27351,35.941573,-85.488902,376.67821919074373
47187,Williamson,Tennessee,247726,35.912269,-86.846241,582.8625970024241
47189,Wilson,Tennessee,147737,36.200347,-86.409498,570.8707326845605
48001,Anderson,Texas,57922,31.775312,-95.683934,1062.6167801210486
48003,Andrews,Texas,18610,32.321401,-102.539607,1500.721275125854
48005,Angelina,Texas,86395,31.313526,-94.716132,797.8649801600827
48007,Aransas,Texas,23830,28.030687,-97.072506,252.06941200977175
48009,Archer,Texas,8560,33.712813,-98.607348,903.2891486903391
48011,Armstrong,Texas,1848,35.092208,-101.392108,909.1229322284419
48013,Atascosa,Texas,48981,29.041628,-98.578427,1219.5409715606766
48015,Austin,Texas,30167,29.850973,-96.219899,646.4955844913126
48017,Bailey,Texas,6904,34.218733,-102.744103,826.971822276049
48019,Bandera,Texas,20851,29.703518,-99.031596,790.9935490012732
48021,Bastrop,Texas,97216,30.142585,-97.366668,888.2280343750305
48023,Baylor,Texas,3465,33.591163,-99.264553,867.480658048272
48025,Bee,Texas,31047,28.395559,-97.733787,880.23936411044
48027,Bell,Texas,370647,31.08149,-97.591674,1053.830625500439
48029,Bexar,Texas,2009324,29.484685,-98.532945,1240.324900564891
48031,Blanco,Texas,11374,30.177148,-98.392080000000007,709.2518023181195
48033,Borden,Texas,631,32.757641,-101.436493,897.4427577584516
48035,Bosque,Texas,18235,31.862115,-97.570902,982.9806241851821
48037,Bowie,Texas,92893,33.436613,-94.20082,884.9392061494831
48039,Brazoria,Texas,372031,29.355331,-95.385044,1363.3264385912569
48041,Brazos,Texas,233849,30.624157,-96.328757,586.1381881015662
48043,Brewster,Texas,9546,30.222448,-103.620129,6183.762460592918
48045,Briscoe,Texas,1435,34.443465,-101.234309,900.0006849452294
48047,Brooks,Texas,7076,27.208714,-98.144842,943.3545291449234
48049,Brown,Texas,38095,31.731619,-98.989268,944.452307543605
48051,Burleson,Texas,17642,30.475618,-96.644593,659.0824499962666
48053,Burnet,Texas,49130,30.672177,-98.241706,994.8022039375309
48055,Caldwell,Texas,45883,29.865312,-97.674628,544.5407349765787
48057,Calhoun,Texas,20106,28.589157,-96.625881,506.93698898872555
48059,Callahan,Texas,13708,32.351779,-99.452875,899.3721758823056
48061,Cameron,Texas,421017,26.047418,-97.561196,891.714665825242
48063,Camp,Texas,12464,32.990171,-94.985027,195.8473716699804
48065,Carson,Texas,5807,35.382121,-101.328264,920.2348141281622
48067,Cass,Texas,28454,33.080612,-94.297274,936.9477340959685
48069,Castro,Texas,7371,34.525081,-102.272214,894.444412333615
48071,Chambers,Texas,46571,29.805419,-94.768972,597.0961183292845
48073,Cherokee,Texas,50412,31.913488,-95.216202,1052.9553071963717
48075,Childress,Texas,6664,34.428092,-100.223958,696.5107751015892
48077,Clay,Texas,10218,33.825391,-98.244798,1088.7586113281425
48079,Cochran,Texas,2547,33.689389,-102.741038,775.0822570378518
48081,Coke,Texas,3285,31.904116,-100.416634,911.6463465154673
48083,Coleman,Texas,7684,31.808131,-99.425034,1262.9143783984398
48085,Collin,Texas,1064465,33.112899,-96.690642,841.2570785894458
48087,Collingsworth,Texas,2652,34.861822,-100.221748,918.4404819526372
48089,Colorado,Texas,20557,29.664806,-96.538931,960.2911690586874
48091,Comal,Texas,161501,29.764473,-98.22166,559.52807404973
48093,Comanche,Texas,13594,31.972232,-98.559029,937.752925051073
48095,Concho,Texas,3303,31.291192,-99.857069,983.755097238651
48097,Cooke,Texas,41668,33.607384,-97.13379,874.8263655156317
48099,Coryell,Texas,83093,31.236375,-97.83252,1052.247526727063
48101,Cottle,Texas,1380,34.02779,-100.30428,900.5634902316212
48103,Crane,Texas,4675,31.402296,-102.352663,785.0691202593977
48105,Crockett,Texas,3098,30.704747,-101.216615,2807.3237220382453
48107,Crosby,Texas,5133,33.660414,-101.357576,900.1985067027972
48109,Culberson,Texas,2188,31.064217,-104.819502,3812.1563245323164
48111,Dallam,Texas,7115,36.104995,-102.568672,1503.1324155383866
48113,Dallas,Texas,2613539,32.809819,-96.787649,873.0546944479988
48115,Dawson,Texas,12456,32.734655,-101.949301,900.3058940683709
48117,Deaf Smith,Texas,18583,34.835619,-102.402802,1496.8217634018406
48119,Delta,Texas,5230,33.374802,-95.70459,256.83210877751867
48121,Denton,Texas,906422,33.116408,-97.014655,878.6218701984698
48123,DeWitt,Texas,19824,29.099569,-97.31152,908.976360126997
48125,Dickens,Texas,1770,33.5467,-100.855931,901.7240916986295
48127,Dimmit,Texas,8615,28.520685,-99.826991,1328.8848275832434
48129,Donley,Texas,3258,34.943929,-100.862317,927.0363202555397
48131,Duval,Texas,9831,27.742533,-98.391035,1793.4772171598888
48133,Eastland,Texas,17725,32.357306,-98.845399,926.5080336604326
48135,Ector,Texas,165171,31.866684,-102.389586,897.8582608242167
48137,Edwards,Texas,1422,29.985934,-100.202797,2117.8719696902394
48139,Ellis,Texas,192455,32.429032,-96.828008,935.747825884807
48141,El Paso,Texas,865657,31.783025,-106.365548,1013.2341758124905
48143,Erath,Texas,42545,32.21206,-98.225168,1083.178606561248
48145,Falls,Texas,16968,31.260935,-96.951052,765.4950581993213
48147,Fannin,Texas,35662,33.556926,-96.181312,890.8346115920973
48149,Fayette,Texas,24435,29.856137,-96.901177,949.9336662977963
48151,Fisher,Texas,3672,32.770889,-100.413975,898.9508847590811
48153,Floyd,Texas,5402,34.039808,-101.374427,992.1425017661568
48155,Foard,Texas,1095,33.99161,-99.705226,704.3965275191939
48157,Fort Bend,Texas,822779,29.620209,-95.681282,861.7514151445275
48159,Franklin,Texas,10359,33.122067,-95.223923,284.39124185786324
48161,Freestone,Texas,19435,31.700054,-96.20929,877.7306186166237
48163,Frio,Texas,18385,28.839468,-99.108503,1133.5007649899985
48165,Gaines,Texas,21598,32.751995,-102.658045,1502.3630618134382
48167,Galveston,Texas,350682,29.428137,-95.019324,379.28603656794394
48169,Garza,Texas,5816,33.197542,-101.380565,893.4161184238023
48171,Gillespie,Texas,26725,30.273641,-98.908076,1058.2022729826356
48173,Glasscock,Texas,1116,31.8426,-101.525278,900.2176361342447
48175,Goliad,Texas,7012,28.710579,-97.362276,852.011097456351
48177,Gonzales,Texas,19653,29.477178,-97.504312,1066.6863107722916
48179,Gray,Texas,21227,35.530415,-100.939889,925.9740111316573
48181,Grayson,Texas,135543,33.644861,-96.626605,932.8292592045915
48183,Gregg,Texas,124239,32.49989,-94.790846,273.3804635110854
48185,Grimes,Texas,29268,30.439295,-96.007289,787.4662949707518
48187,Guadalupe,Texas,172706,29.601993,-98.107377,711.2527072566368
48189,Hale,Texas,32522,34.143518,-101.742413,1004.6800651142759
48191,Hall,Texas,2825,34.664744,-100.592641,883.4919381154997
48193,Hamilton,Texas,8222,31.763001,-98.095686,835.9145486579088
48195,Hansford,Texas,5285,36.213672,-101.271246,919.8098774283562
48197,Hardeman,Texas,3549,34.285182,-99.701429,695.1141513155441
48199,Hardin,Texas,56231,30.29938,-94.25717,890.5880127766301
48201,Harris,Texas,4731145,29.816889,-95.425716,1706.983918161694
48203,Harrison,Texas,68839,32.534326,-94.427274,900.0585805778081
48205,Hartley,Texas,5382,35.994603,-102.50231,1461.950923010222
48207,Haskell,Texas,5416,33.177505,-99.764733,903.1330298269207
48209,Hays,Texas,241067,30.009405,-97.925385,676.8499778943001
48211,Hemphill,Texas,3382,35.893039,-100.360755,906.2860211354407
48213,Henderson,Texas,82150,32.241331,-95.889359,873.780995465651
48215,Hidalgo,Texas,870781,26.235916,-98.184508,1570.9565716886632
48217,Hill,Texas,35874,31.998194,-97.17713,958.854844318185
48219,Hockley,Texas,21537,33.583536,-102.333262,908.3917999144792
48221,Hood,Texas,61598,32.434349,-97.76226,420.69006563895
48223,Hopkins,Texas,36787,33.124495,-95.589265,767.4305543433557
48225,Houston,Texas,22066,31.297879,-95.466359,1231.0013681877483
48227,Howard,Texas,34860,32.241408,-101.463071,900.791449193178
48229,Hudspeth,Texas,3202,31.368286,-105.546009,4570.524973954417
48231,Hunt,Texas,99956,33.082058,-96.104497,840.4157407502539
48233,Hutchinson,Texas,20617,35.679194,-101.44712,887.4203491999815
48235,Irion,Texas,1513,31.270407,-100.834684,1051.543821566038
48237,Jack,Texas,8472,33.200241,-98.168766,910.971623726875
48239,Jackson,Texas,14988,28.959201,-96.594369,829.4426853565749
48241,Jasper,Texas,32980,30.731569,-93.993279,938.6550264896777
48243,Jeff Davis,Texas,1996,30.608875,-103.99692,2264.5556619949116
48245,Jefferson,Texas,256526,30.01146,-94.067627,876.7615844383163
48247,Jim Hogg,Texas,4838,27.303139,-98.685247,1136.173064902603
48249,Jim Wells,Texas,38891,27.755632,-98.062817,865.175931251669
48251,Johnson,Texas,179927,32.441328,-97.322751,724.7887740303179
48253,Jones,Texas,19663,32.706551,-99.80506,928.6053382692943
48255,Karnes,Texas,14710,28.85811,-97.870329,747.7523431565097
48257,Kaufman,Texas,145310,32.671244,-96.358092,780.7845106285064
48259,Kendall,Texas,44279,29.831401,-98.717572,662.4538554348808
48261,Kenedy,Texas,350,27.104123,-97.788911,1458.5618476063198
48263,Kent,Texas,753,33.25047,-100.625144,902.5068578403628
48265,Kerr,Texas,52598,30.040273,-99.159357,1103.3323249503258
48267,Kimble,Texas,4286,30.486259,-99.727741,1250.980275349604
48269,King,Texas,265,33.644368,-100.29575,910.87312713570725
48271,Kinney,Texas,3129,29.303419,-100.41821,1360.5333682400574
48273,Kleberg,Texas,31040,27.491433,-97.856967,881.3061477722383
48275,Knox,Texas,3353,33.459835,-99.703999,850.6211300715199
48277,Lamar,Texas,50088,33.675491,-95.534041,907.3310556626456
48279,Lamb,Texas,13045,34.028312,-102.324682,1016.1813403073886
48281,Lampasas,Texas,21627,31.095229,-98.1132,712.5283833831963
48283,La Salle,Texas,6664,28.353424,-99.246365,1486.7040246760052
48285,Lavaca,Texas,20337,29.407088,-97.04381,969.7091806340378
48287,Lee,Texas,17478,30.274826,-96.971427,629.0394734669264
48289,Leon,Texas,15719,31.291285,-96.04831,1073.1562879645808
48291,Liberty,Texas,91628,30.159245,-94.925523,1158.3533717457876
48293,Limestone,Texas,22146,31.59043,-96.519096,905.4300948122885
48295,Lipscomb,Texas,3059,36.386639,-100.363063,932.2137946030957
48297,Live Oak,Texas,11335,28.336604,-98.108137,1039.6946992162061
48299,Llano,Texas,21243,30.680229,-98.508665,934.0639544480381
48301,Loving,Texas,64,31.777896,-103.608978,668.8177626421614
48303,Lubbock,Texas,310639,33.552551,-101.894337,895.6016979552852
48305,Lynn,Texas,5596,33.199122,-101.817174,891.8669696132312
48307,McCulloch,Texas,7630,31.148033,-99.338842,1065.6008501907756
48309,McLennan,Texas,260579,31.53998,-97.174773,1036.6551435635743
48311,McMullen,Texas,600,28.438706,-98.523036,1139.7992738275543
48313,Madison,Texas,13455,30.955832,-95.899678,466.0652503922113
48315,Marion,Texas,9725,32.789481,-94.423174,380.90148529678004
48317,Martin,Texas,5237,32.173602,-101.8275,914.9557798549122
48319,Mason,Texas,3953,30.754424,-99.220235,928.8359636523583
48321,Matagorda,Texas,36255,28.918149,-95.998903,1092.9183161385247
48323,Maverick,Texas,57887,28.706412,-100.478172,1279.4725721733141
48325,Medina,Texas,50748,29.313933,-98.953359,1325.3606673893187
48327,Menard,Texas,1962,30.901087,-99.776701,902.0265270638637
48329,Midland,Texas,169983,32.003156,-102.10655,900.3575533788841
48331,Milam,Texas,24754,30.744263,-97.008624,1016.35579902334
48333,Mills,Texas,4456,31.483977,-98.578378,748.2245924287274
48335,Mitchell,Texas,8990,32.392285,-100.864009,911.0894821829896
48337,Montague,Texas,19965,33.632783,-97.760712,930.905667748413
48339,Montgomery,Texas,620443,30.228848,-95.462136,1042.1812870793449
48341,Moore,Texas,21358,35.902872,-101.956502,899.6980264129476
48343,Morris,Texas,11973,33.073156,-94.72288,251.98919658360904
48345,Motley,Texas,1063,34.013578,-100.842931,989.5658941847421
48347,Nacogdoches,Texas,64653,31.625667,-94.644584,946.3236277173489
48349,Navarro,Texas,52624,32.081317,-96.485996,1009.7020503310342
48351,Newton,Texas,12217,30.685761,-93.754831,933.6770839461499
48353,Nolan,Texas,14738,32.451081,-100.411741,911.9971373150436
48355,Nueces,Texas,353178,27.728576,-97.428318,839.0653550143132
48357,Ochiltree,Texas,10015,36.381051,-100.810093,917.6845460499045
48359,Oldham,Texas,1758,35.291939,-102.40757,1500.5231487336828
48361,Orange,Texas,84808,30.120218,-93.865826,333.7857191939001
48363,Palo Pinto,Texas,28409,32.779308,-98.163963,952.5490423969553
48365,Panola,Texas,22491,32.163354,-94.335132,811.3554235582958
48367,Parker,Texas,148222,32.789424,-97.727364,903.7199877338434
48369,Parmer,Texas,9869,34.540661,-102.815696,880.8195451522749
48371,Pecos,Texas,15193,30.89706,-102.79926,4763.8345860977715
48373,Polk,Texas,50123,30.736484,-94.936813,1057.0447136145347
48375,Potter,Texas,118525,35.221526,-101.839818,908.3897821445984
48377,Presidio,Texas,6131,29.838522,-104.249357,3855.2522335710646
48379,Rains,Texas,12164,32.885663,-95.795059,229.45342092709453
48381,Randall,Texas,140753,35.119788,-101.891409,912.7104749527209
48383,Reagan,Texas,3385,31.214335,-101.466333,1175.3139357076045
48385,Real,Texas,2758,29.723692,-99.823692,699.158761389063
48387,Red River,Texas,11587,33.591924,-95.078313,1043.8956204320182
48389,Reeves,Texas,14748,31.387128,-103.526322,2635.3535341133284
48391,Refugio,Texas,6741,28.290523,-97.247591,770.4844471274426
48393,Roberts,Texas,827,35.716278,-100.695549,924.057694612351
48395,Robertson,Texas,16757,30.966033,-96.543247,855.1546338952112
48397,Rockwall,Texas,107819,32.916866,-96.427986,127.20686544001163
48399,Runnels,Texas,9900,31.79918,-99.99361,1051.070200858953
48401,Rusk,Texas,52214,32.194387,-94.798485,924.1985342550472
48403,Sabine,Texas,9894,31.339019,-93.84941,491.7101395496368
48405,San Augustine,Texas,7918,31.441095,-94.152849,530.6589469246637
48407,San Jacinto,Texas,27402,30.549124,-95.13469,569.24287154353
48409,San Patricio,Texas,68755,27.942669,-97.39104,693.4359791327382
48411,San Saba,Texas,5730,31.188156,-98.760354,1135.3129968615956
48413,Schleicher,Texas,2451,30.869698,-100.592817,1310.6415642966022
48415,Scurry,Texas,16932,32.704112,-100.909103,905.4444941061911
48417,Shackelford,Texas,3105,32.690986,-99.306244,914.2857624933267
48419,Shelby,Texas,24022,31.823503,-94.181492,795.5891604459914
48421,Sherman,Texas,2782,36.33275,-102.008261,922.8596833210945
48423,Smith,Texas,233479,32.326145,-95.300981,921.4730784999628
48425,Somervell,Texas,9205,32.234974,-97.752235,186.37710232577092
48427,Starr,Texas,65920,26.387766,-98.843415,1223.1790650961716
48429,Stephens,Texas,9101,32.75621,-98.902179,896.7211942142854
48431,Sterling,Texas,1372,31.83476,-100.993285,923.4493242519171
48433,Stonewall,Texas,1245,33.144536,-100.232471,916.3125849253416
48435,Sutton,Texas,3372,30.563302,-100.627673,1453.9351591849586
48437,Swisher,Texas,6971,34.532201,-101.771575,890.1595710414285
48439,Tarrant,Texas,2110640,32.764453,-97.247663,865.2845475804135
48441,Taylor,Texas,143208,32.417775,-99.767126,915.5363516321316
48443,Terrell,Texas,760,30.160108,-102.352197,2357.957462206265
48445,Terry,Texas,11831,33.182705,-102.271846,888.8508329870288
48447,Throckmorton,Texas,1440,33.141356,-99.139569,912.5522371606563
48449,Titus,Texas,31247,33.175862,-94.966537,406.0637428949433
48451,Tom Green,Texas,120003,31.451021,-100.461171,1522.0013535120052
48453,Travis,Texas,1290188,30.314282,-97.748216,994.0685808785431
48455,Trinity,Texas,13602,30.998905,-95.244685,693.7949711282652
48457,Tyler,Texas,19798,30.738682,-94.367741,924.389835905463
48459,Upshur,Texas,40892,32.697929,-94.92227,582.9798322896548
48461,Upton,Texas,3308,31.180959,-102.124982,1241.3225313995747
48463,Uvalde,Texas,24564,29.243318,-99.757846,1551.921693184916
48465,Val Verde,Texas,47586,29.380944,-100.898072,3144.7495587151557
48467,Van Zandt,Texas,59541,32.577505,-95.837646,842.5715649327827
48469,Victoria,Texas,91319,28.825017,-96.991571,882.1063213297917
48471,Walker,Texas,76400,30.725832,-95.538696,784.2222584566229
48473,Waller,Texas,56794,29.996824,-95.953615,513.2963965614499
48475,Ward,Texas,11644,31.56929,-102.912603,835.6027012803546
48477,Washington,Texas,35805,30.181502,-96.397834,604.1940814160727
48479,Webb,Texas,267114,27.522979,-99.475549,3361.4777003744625
48481,Wharton,Texas,41570,29.276712,-96.175435,1086.14208271404
48483,Wheeler,Texas,4990,35.352532,-100.263458,914.5328593805784
48485,Wichita,Texas,129350,33.920901,-98.552501,627.5936015783486
48487,Wilbarger,Texas,12887,34.144872,-99.296953,970.9458087048902
48489,Willacy,Texas,20164,26.452376,-97.777449,590.6020217212504
48491,Williamson,Texas,609017,30.560987,-97.716991,1115.8357136241834
48493,Wilson,Texas,49753,29.231356,-98.142982,803.7344426264567
48495,Winkler,Texas,7791,31.842332,-103.0992,841.2687906123246
48497,Wise,Texas,68632,33.161791,-97.629879,904.3949885159898
48499,Wood,Texas,44843,32.776047,-95.400092,645.2431764252385
48501,Yoakum,Texas,7694,33.022609,-102.833127,799.7150531320393
48503,Young,Texas,17867,33.164283,-98.624184,914.4983128899383
48505,Zapata,Texas,13889,26.903441,-99.266007,998.4123216689208
48507,Zavala,Texas,9670,28.74941,-99.810168,1297.4070672471157
49001,Beaver,Utah,7072,38.29808,-112.762542,2582.9006025823032
49003,Box Elder,Utah,57666,41.592632,-112.09841,5745.597097355015
49005,Cache,Utah,133154,41.745425,-111.839724,1164.7263894196024
49007,Carbon,Utah,20412,39.602446,-110.777569,1479.1835156339773
49009,Daggett,Utah,935,40.967095,-109.647096,696.9861510290872
49011,Davis,Utah,362679,41.019939,-111.960883,299.06673702837963
49013,Duchesne,Utah,19596,40.289458,-110.162356,3235.3441193982935
49015,Emery,Utah,9825,39.217578,-110.929942,4462.276405971609
49017,Garfield,Utah,5083,37.765439,-112.100464,5175.148311009042
49019,Grand,Utah,9669,38.569056,-109.528693,3672.7433822080366
49021,Iron,Utah,57289,37.708874,-113.076161,3296.3372885908734
49023,Juab,Utah,11786,39.748396,-111.878638,3391.678707359008
49025,Kane,Utah,7667,37.112169,-112.452998,3989.949550000058
49027,Millard,Utah,12975,39.209257,-112.485634,6785.499711039214
49029,Morgan,Utah,12295,41.083677,-111.724978,609.1685922836148
49031,Piute,Utah,1438,38.277169,-112.21441,758.4381636408363
49033,Rich,Utah,2510,41.776494,-111.285765,1028.846810806402
49035,Salt Lake,Utah,1185238,40.638514,-111.927686,742.0702170713827
49037,San Juan,Utah,14518,37.52052,-109.545503,7819.7944310254
49039,Sanpete,Utah,28437,39.384535,-111.605199,1589.930641419045
49041,Sevier,Utah,21522,38.771786,-112.044688,1910.433501951482
49043,Summit,Utah,42357,40.726848,-111.470958,1870.5785811503206
49045,Tooele,Utah,72698,40.568237,-112.363002,6941.945728855103
49047,Uintah,Utah,35620,40.426449,-109.59027,4482.383277427479
49049,Utah,Utah,659399,40.278299,-111.74994,2004.0802125535627
49051,Wasatch,Utah,34788,40.511436,-111.412185,1177.0142122389898
49053,Washington,Utah,180279,37.13018,-113.524041,2427.4385726813243
49055,Wayne,Utah,2486,38.361712,-111.473883,2461.019597113131
49057,Weber,Utah,262223,41.227609,-111.992699,576.273645518782
50001,Addison,Vermont,37363,44.060543,-73.165381,766.3312848181376
50003,Bennington,Vermont,37347,42.980347,-73.148622,674.2364126142649
50005,Caledonia,Vermont,30233,44.466488,-72.076449,649.2130819087042
50007,Chittenden,Vermont,168323,44.480291,-73.149824,536.8493514049376
50009,Essex,Vermont,5920,44.663681,-71.741708,662.3699187561135
50011,Franklin,Vermont,49946,44.836315,-72.997625,630.9598965687916
50013,Grand Isle,Vermont,7293,44.796249,-73.298725,81.7656564454267
50015,Lamoille,Vermont,25945,44.583725,-72.655635,461.2546113194319
50017,Orange,Vermont,29277,43.996141,-72.392814,687.008304451251
50019,Orleans,Vermont,27393,44.862555,-72.225524,694.5493521976053
50021,Rutland,Vermont,60572,43.602602,-73.041302,930.5502313676645
50023,Washington,Vermont,59807,44.243309000000004,-72.587175,687.0599386651239
50025,Windham,Vermont,45905,42.952898,-72.627862,785.9585451919314
50027,Windsor,Vermont,57753,43.547294,-72.490571,969.144208542332
51001,Accomack,Virginia,33413,37.789059,-75.629449,449.31709319700315
51003,Albemarle,Virginia,112395,38.052435,-78.519241,720.472090120908
51005,Alleghany,Virginia,15223,37.802458,-79.929858,446.57216244903924
51007,Amelia,Virginia,13265,37.34151,-77.973985,355.3604518284835
51009,Amherst,Virginia,31307,37.518911,-79.1035,473.96149281936283
51011,Appomattox,Virginia,16119,37.36019,-78.83702,334.22354861698574
51013,Arlington,Virginia,238643,38.874744,-77.099874,25.997412783489576
51015,Augusta,Virginia,77487,38.127146,-79.03105,967.0734978779498
51017,Bath,Virginia,4209,38.018911,-79.758923,529.2016738254447
51019,Bedford,Virginia,79462,37.320204,-79.485385,760.1041670419097
51021,Bland,Virginia,6270,37.150078,-81.087264,357.65077894508175
51023,Botetourt,Virginia,33596,37.446422,-79.853138,541.2762199900601
51025,Brunswick,Virginia,15849,36.758266,-77.863297,566.2335847557231
51027,Buchanan,Virginia,20355,37.264124,-82.059132,502.85439148212924
51029,Buckingham,Virginia,16824,37.580161,-78.485095,579.6225218964422
51031,Campbell,Virginia,55696,37.261518,-79.169047,503.20732321817496
51033,Caroline,Virginia,30887,38.0087,-77.438652,527.3629839173277
51035,Carroll,Virginia,29155,36.713036,-80.762136,474.7444188073898
51036,Charles City,Virginia,6773,37.383394,-77.101446,182.90105123301126
51037,Charlotte,Virginia,11529,37.02206,-78.630278,475.2956630368469
51041,Chesterfield,Virginia,364548,37.418312,-77.556155,423.50563956836083
51043,Clarke,Virginia,14783,39.129417,-77.987382,175.95823248779317
51045,Craig,Virginia,4892,37.47542,-80.173756,328.09820041992396
51047,Culpeper,Virginia,52552,38.498243,-77.999051,379.1867465368403
51049,Cumberland,Virginia,9675,37.481359,-78.258673,297.4740737323308
51051,Dickenson,Virginia,14124,37.143369,-82.378751,330.4505606398325
51053,Dinwiddie,Virginia,27947,37.135652,-77.56051,503.885651042622
51057,Essex,Virginia,10599,37.908781,-76.901329,257.33494699325087
51059,Fairfax,Virginia,1150309,38.844726,-77.25911,391.0209082002311
51061,Fauquier,Virginia,72972,38.695515,-77.774094,647.9937238013035
51063,Floyd,Virginia,15476,36.943205,-80.342366,380.92284060717174
51065,Fluvanna,Virginia,27249,37.888642,-78.301835,287.1173053377454
51067,Franklin,Virginia,54477,37.02094,-79.857581,690.6100294800195
51069,Frederick,Virginia,91419,39.166263,-78.188362,413.13464871466147
51071,Giles,Virginia,16787,37.318524,-80.717789,357.22445922734374
51073,Gloucester,Virginia,38711,37.37631,-76.529483,217.80976979079645
51075,Goochland,Virginia,24727,37.70005,-77.83757,282.02886885067596
51077,Grayson,Virginia,15333,36.645604,-81.114627,441.78532773264357
51079,Greene,Virginia,20552,38.250643,-78.419667,155.94701745561295
51081,Greensville,Virginia,11391,36.723794,-77.536797000000007,295.22705106163596
51083,Halifax,Virginia,34022,36.748512,-78.926925,817.7308327488809
51085,Hanover,Virginia,109979,37.686944,-77.418063,467.6047551430651
51087,Henrico,Virginia,334389,37.604639,-77.498572,233.6992956311294
51089,Henry,Virginia,50948,36.6901,-79.902329,382.35103133349907
51091,Highland,Virginia,2232,38.386566,-79.570507,415.1628726975121
51093,Isle of Wight,Virginia,38606,36.92455,-76.644703,315.6850735503956
51095,James City,Virginia,78254,37.297936,-76.75988,142.2982142570531
51097,King and Queen,Virginia,6608,37.69798,-76.891199,315.1492409747009
51099,King George,Virginia,26723,38.290179,-77.163647,179.6278659364193
51101,King William,Virginia,17810,37.705655,-77.062634,273.9104655580832
51103,Lancaster,Virginia,10919,37.703954,-76.435886,133.30620154854688
51105,Lee,Virginia,22173,36.714437,-83.102612,435.3776149188577
51107,Loudoun,Virginia,420959,39.034341,-77.51754,515.7382274623648
51109,Louisa,Virginia,37596,37.982264,-77.971413,495.04653517502055
51111,Lunenburg,Virginia,11936,36.970037,-78.216617,431.6999385761659
51113,Madison,Virginia,13837,38.376095,-78.234462,320.6384240891361
51115,Mathews,Virginia,8533,37.445239,-76.342339,85.91084149803298
51117,Mecklenburg,Virginia,30319,36.690417,-78.318472,625.3095760350808
51119,Middlesex,Virginia,10625,37.601288,-76.503852,130.33038518466404
51121,Montgomery,Virginia,99721,37.189478,-80.413551,386.846981316837
51125,Nelson,Virginia,14775,37.812328,-78.87302,470.7452274751949
51127,New Kent,Virginia,22945,37.497961,-77.041127,210.03428428866417
51131,Northampton,Virginia,12282,37.388365,-75.919193,211.71179700898318
51133,Northumberland,Virginia,11839,37.888285,-76.408327,191.43155294253455
51135,Nottoway,Virginia,15642,37.1463,-78.078841,314.389699263909
51137,Orange,Virginia,36254,38.271901,-77.954737,341.07804031579127
51139,Page,Virginia,23709,38.60454,-78.500572,310.0206058474917
51141,Patrick,Virginia,17608,36.654401,-80.284499,482.95440051267263
51143,Pittsylvania,Virginia,60501,36.76981,-79.411183,969.0027789355373
51145,Powhatan,Virginia,30333,37.54288,-77.875784,260.2024620877507
51147,Prince Edward,Virginia,21849,37.257792,-78.422205,349.9463173211247
51149,Prince George,Virginia,43010,37.219071,-77.300134,265.34185170448524
51153,Prince William,Virginia,482204,38.691881,-77.411563,335.2563560610323
51155,Pulaski,Virginia,33800,37.082088,-80.703764,319.8389011137198
51157,Rappahannock,Virginia,7348,38.695715,-78.123809,266.3722351991801
51159,Richmond,Virginia,8923,37.947361,-76.716497,191.4778774795225
51161,Roanoke,Virginia,96929,37.270592,-79.990218,250.54751274514538
51163,Rockbridge,Virginia,22650,37.787711,-79.427154,596.5528003910412
51165,Rockingham,Virginia,83757,38.452246,-78.83815,849.7894548249491
51167,Russell,Virginia,25781,36.935321,-82.086825,473.52394138983135
51169,Scott,Virginia,21576,36.683147,-82.596616,535.8272698788568
51171,Shenandoah,Virginia,44186,38.870724,-78.526715,508.07930002427696
51173,Smyth,Virginia,29800,36.828217,-81.574516,451.4396921304786
51175,Southampton,Virginia,17996,36.717292,-77.067406,599.1957121378446
51177,Spotsylvania,Virginia,140032,38.238583,-77.569152,401.412053586609
51179,Stafford,Virginia,156927,38.415146,-77.45027,269.20500071330446
51181,Surry,Virginia,6561,37.116405,-76.868309,278.949447377965
51183,Sussex,Virginia,10829,36.973226,-77.212078,490.22580377791775
51185,Tazewell,Virginia,40429,37.146681,-81.564501,518.7911912846581
51187,Warren,Virginia,40727,38.927717,-78.178302,214.57181206905233
51191,Washington,Virginia,53935,36.702853,-81.972673,561.19318787143
51193,Westmoreland,Virginia,18477,38.160791,-76.854228,229.3260736243303
51195,Wise,Virginia,36130,36.951164,-82.612989,403.4399683016306
51197,Wythe,Virginia,28290,36.919638,-81.06853,461.95212147132213
51199,York,Virginia,70045,37.174598,-76.495318,104.70715249731398
51510,Alexandria,Virginia,159467,38.819775,-77.091035,14.935333815103885
51520,Bristol,Virginia,17219,36.610521,-82.169169,12.871190362337224
51530,Buena Vista,Virginia,6641,37.733971,-79.352679,6.438157741195191
51540,Charlottesville,Virginia,46553,38.033197,-78.490351,10.245070584513224
51550,Chesapeake,Virginia,249422,36.755679,-76.282736,338.4564008674156
51570,Colonial Heights,Virginia,18170,37.264114,-77.401819,7.519478535366713
51580,Covington,Virginia,5737,37.781159,-79.989386,5.4686899701636085
51590,Danville,Virginia,42590,36.591483,-79.409217,42.7973095984599
51595,Emporia,Virginia,5766,36.692193,-77.541334,6.903920111046379
51600,Fairfax,Virginia,24146,38.851844,-77.302407,6.240464169544007
51610,Falls Church,Virginia,14658,38.883587,-77.174338,2.046442599305987
51620,Franklin,Virginia,8180,36.679019,-76.937037,8.27734186007518
51630,Fredericksburg,Virginia,27982,38.299101,-77.483494,10.45043368944269
51640,Galax,Virginia,6720,36.666194,-80.918852,8.23636097696217
51650,Hampton,Virginia,137148,37.043069,-76.367924,51.460705354357785
51660,Harrisonburg,Virginia,51814,38.4408,-78.868276,17.33922477350678
51670,Hopewell,Virginia,23033,37.289394,-77.305511,10.354361433728744
51678,Lexington,Virginia,7320,37.784392,-79.443722,2.499239272569479
51680,Lynchburg,Virginia,79009,37.39283,-79.190579,48.976453023176234
51683,Manassas,Virginia,42772,38.75274,-77.475101,9.842997696232668
51685,Manassas Park,Virginia,17219,38.772165,-77.448688,3.0338162440444565
51690,Martinsville,Virginia,13485,36.682806,-79.863773,10.955512842103357
51700,Newport News,Virginia,186247,37.090511,-76.496261,68.98852288553557
51710,Norfolk,Virginia,238005,36.896214,-76.260623,53.27492835478693
51720,Norton,Virginia,3687,36.937981,-82.623258,7.477298032846954
51730,Petersburg,Virginia,33458,37.209954,-77.395423,22.720463376953496
51735,Poquoson,Virginia,12460,37.131572,-76.381528,15.356707564190325
51740,Portsmouth,Virginia,97915,36.833211,-76.35284,33.30061812523147
51750,Radford,Virginia,16070,37.128256,-80.559565,9.676386892756817
51760,Richmond,Virginia,226610,37.535453,-77.466456,59.92501139319902
51770,Roanoke,Virginia,100011,37.27853,-79.96024,42.52121296417844
51775,Salem,Virginia,25346,37.286907,-80.056262,14.515112194858688
51790,Staunton,Virginia,25750,38.157632,-79.07724,19.920484885932545
51800,Suffolk,Virginia,94324,36.781867,-76.551079,399.1597559882235
51810,Virginia Beach,Virginia,459470,36.821388,-76.100566,244.72260144854488
51820,Waynesboro,Virginia,22196,38.072102,-78.898326,14.96979574937122
51830,Williamsburg,Virginia,15425,37.275238,-76.710426,8.938176167920709
51840,Winchester,Virginia,28120,39.174971,-78.170677,9.192899345008962
53001,Adams,Washington,20613,46.864934,-119.031492,1924.9890903939324
53003,Asotin,Washington,22285,46.388404,-117.06785,636.0754702460778
53005,Benton,Washington,206873,46.229857,-119.276673,1700.1274384228739
53007,Chelan,Washington,79074,47.530181,-120.344656,2921.177480231753
53009,Clallam,Washington,77155,48.094969,-123.436581,1738.7773795610206
53011,Clark,Washington,503311,45.680599,-122.56244,628.4941578361146
53013,Columbia,Washington,3952,46.323102,-117.976206,868.5849831951546
53015,Cowlitz,Washington,110730,46.135463,-122.894833,1141.1587395279587
53017,Douglas,Washington,42938,47.504279,-120.178914,1819.2438593859029
53019,Ferry,Washington,7178,48.617553,-118.520753,2203.24122839313
53021,Franklin,Washington,96749,46.303471,-119.125303,1241.5958488705187
53023,Garfield,Washington,2286,46.472066,-117.577877,710.8352698190572
53025,Grant,Washington,99123,47.14473,-119.466088,2679.550299557167
53027,Grays Harbor,Washington,75636,46.991256,-123.767517,1901.4737260705033
53029,Island,Washington,86857,48.2063,-122.576951,208.47350994209776
53031,Jefferson,Washington,32977,48.010517,-122.820477,1803.7279047586053
53033,King,Washington,2269675,47.550488,-122.230405,2115.5839962524
53035,Kitsap,Washington,275611,47.612218,-122.63287,395.1017331118173
53037,Kittitas,Washington,44337,47.051833,-120.630456,2297.2796002526825
53039,Klickitat,Washington,22735,45.79839,-121.146148,1871.6363678596194
53041,Lewis,Washington,82149,46.61892,-122.839231,2402.7814405680806
53043,Lincoln,Washington,10876,47.638472,-118.324539,2310.5979447913373
53045,Mason,Washington,65726,47.288559,-123.034441,959.5483888148043
53047,Okanogan,Washington,42104,48.446072,-119.591995,5266.202723610187
53049,Pacific,Washington,23365,46.524578,-123.904809,933.6093998516465
53051,Pend Oreille,Washington,13401,48.281535,-117.224181,1400.244742822391
53053,Pierce,Washington,921130,47.177735,-122.407463,1667.9618390217245
53055,San Juan,Washington,17788,48.575232,-122.979166,173.91284665009525
53057,Skagit,Washington,129523,48.4668,-122.33534,1730.2543520170832
53059,Skamania,Washington,12036,45.688621,-121.93421,1658.2692176915052
53061,Snohomish,Washington,827957,47.927544,-122.188806,2086.521379049883
53063,Spokane,Washington,539339,47.680212,-117.368939,1764.2237342162935
53065,Stevens,Washington,46445,48.277695,-117.812987,2477.0993354096904
53067,Thurston,Washington,294793,47.00087,-122.836576,722.4962870582444
53069,Wahkiakum,Washington,4422,46.236473,-123.426151,262.92639273930877
53071,Walla Walla,Washington,62584,46.077907,-118.391181,1270.0329956340997
53073,Whatcom,Washington,226847,48.82321,-122.487638,2107.918358744898
53075,Whitman,Washington,47973,46.793601,-117.21808,2159.2621485046125
53077,Yakima,Washington,256728,46.519342,-120.42159,4294.5117489361755
54001,Barbour,West Virginia,15465,39.110076,-80.004391,341.0588537412243
54003,Berkeley,West Virginia,122076,39.458843,-77.98117,321.14723839407895
54005,Boone,West Virginia,21809,38.05644,-81.757507,501.53410240945084
54007,Braxton,West Virginia,12447,38.691905,-80.723592,510.73459252289774
54009,Brooke,West Virginia,22559,40.309452,-80.585926,89.19569711847056
54011,Cabell,West Virginia,94350,38.413593,-82.335182,281.0226989806529
54013,Calhoun,West Virginia,6229,38.852608,-81.104396,279.24977810033266
54015,Clay,West Virginia,8051,38.471941,-81.09932,341.9387963908452
54017,Doddridge,West Virginia,7808,39.285261,-80.721305,319.7228600404656
54019,Fayette,West Virginia,40488,38.032534,-81.129034,661.612829566233
54021,Gilmer,West Virginia,7408,38.923122,-80.826516,338.50256903302926
54023,Grant,West Virginia,10976,39.058737,-79.16103,477.372006931723
54025,Greenbrier,West Virginia,32977,37.854476,-80.490891,1019.8129882534481
54027,Hampshire,West Virginia,23093,39.329412,-78.610531,640.4019982161232
54029,Hancock,West Virginia,29095,40.477168,-80.568865,82.61001746452034
54031,Hardy,West Virginia,14299,39.039184,-78.88137,582.3154724829992
54033,Harrison,West Virginia,65921,39.287852,-80.338827,416.0082244547447
54035,Jackson,West Virginia,27791,38.83984,-81.713096,464.3593166919983
54037,Jefferson,West Virginia,57701,39.313836,-77.847631,209.29554885099455
54039,Kanawha,West Virginia,180745,38.363316,-81.658246,901.6476535098843
54041,Lewis,West Virginia,17033,39.034218,-80.4678,386.92980563528533
54043,Lincoln,West Virginia,20463,38.201811,-82.066388,437.0930351491073
54045,Logan,West Virginia,32567,37.856159,-81.972493,453.7166462127118
54047,McDowell,West Virginia,19111,37.396396,-81.656256,533.4574949071871
54049,Marion,West Virginia,56205,39.484338,-80.178811,308.753442887427
54051,Marshall,West Virginia,30591,39.928298,-80.704828,305.4313141229054
54053,Mason,West Virginia,25453,38.827547,-82.058308,430.7678076560745
54055,Mercer,West Virginia,59664,37.352588,-81.138228,418.9617928400451
54057,Mineral,West Virginia,26938,39.46477,-78.909653,327.88170367314933
54059,Mingo,West Virginia,23568,37.704029,-82.153272,423.13964367967696
54061,Monongalia,West Virginia,105822,39.636527,-79.956836,360.0915839725612
54063,Monroe,West Virginia,12376,37.524766,-80.641965,472.75381932158757
54065,Morgan,West Virginia,17063,39.580983,-78.223029,229.07267593595247
54067,Nicholas,West Virginia,24604,38.278413,-80.77232,646.8463444027162
54069,Ohio,West Virginia,42425,40.078539,-80.672291,105.83020630160345
54071,Pendleton,West Virginia,6143,38.672348,-79.337977,696.0496424827217
54073,Pleasants,West Virginia,7653,39.383391,-81.192758,130.11935178343347
54075,Pocahontas,West Virginia,7869,38.286975,-80.021443,940.2385797052946
54077,Preston,West Virginia,34216,39.50551,-79.669791,648.8139051727153
54079,Putnam,West Virginia,57440,38.474402,-81.929372,345.67868962147475
54081,Raleigh,West Virginia,74591,37.77054,-81.200033,605.3587632106929
54083,Randolph,West Virginia,27932,38.870878,-79.872452,1039.700081866399
54085,Ritchie,West Virginia,8444,39.217711,-81.041532,451.99004793886877
54087,Roane,West Virginia,14028,38.728527,-81.345745,483.56297434894407
54089,Summers,West Virginia,11959,37.665228,-80.849424,360.5924604032256
54091,Taylor,West Virginia,16705,39.33862,-80.066874,172.77108387960902
54093,Tucker,West Virginia,6762,39.110662,-79.602086,419.0444117521451
54095,Tyler,West Virginia,8313,39.51456,-80.930534,256.3017789297882
54097,Upshur,West Virginia,23816,38.954081,-80.228505,354.6374983165463
54099,Wayne,West Virginia,38982,38.267338,-82.494193,506.0053696539943
54101,Webster,West Virginia,8378,38.469754,-80.476189,553.4695246149219
54103,Wetzel,West Virginia,14442,39.630012,-80.768843,358.06694070112934
54105,Wirt,West Virginia,5194,39.05422,-81.394474,232.51113612255156
54107,Wood,West Virginia,84296,39.266981,-81.530587,366.49966667221497
54109,Wyoming,West Virginia,21382,37.628585,-81.567271,499.4698431260366
55001,Adams,Wisconsin,20654,43.946194,-89.78312,645.6462280824911
55003,Ashland,Wisconsin,16027,46.475919,-90.785419,1044.969579802434
55005,Barron,Wisconsin,46711,45.437002,-91.815142,863.0469774627653
55007,Bayfield,Wisconsin,16220,46.594106,-91.104441,1477.876246698291
55009,Brown,Wisconsin,268740,44.497155,-88.034145,530.0917678730193
55011,Buffalo,Wisconsin,13317,44.380158,-91.74144,675.7910629944938
55013,Burnett,Wisconsin,16526,45.836891,-92.403811,821.5608553507993
55015,Calumet,Wisconsin,52442,44.152617,-88.262936,318.2499420817805
55017,Chippewa,Wisconsin,66297,44.984928,-91.328087,1008.3554039944995
55019,Clark,Wisconsin,34659,44.78814,-90.550998,1209.6975101557514
55021,Columbia,Wisconsin,58490,43.460151,-89.366154,765.5464692461464
55023,Crawford,Wisconsin,16113,43.165384,-91.005118,570.6477644795057
55025,Dane,Wisconsin,561504,43.07564,-89.395501,1196.4916344731791
55027,Dodge,Wisconsin,89396,43.435904,-88.713062,875.6988973204205
55029,Door,Wisconsin,30066,44.915074,-87.335769,481.9626079287291
55031,Douglas,Wisconsin,44295,46.628582,-92.01483,1304.2714126591106
55033,Dunn,Wisconsin,45440,44.914658,-91.892915,850.1594395350332
55035,Eau Claire,Wisconsin,105710,44.790208,-91.454792,637.9223211955209
55037,Florence,Wisconsin,4558,45.853651,-88.244316,488.12288022434205
55039,Fond du Lac,Wisconsin,104154,43.765547,-88.487004,719.5659496676222
55041,Forest,Wisconsin,9179,45.563411,-88.812092,1014.2656986946555
55043,Grant,Wisconsin,51938,42.827213,-90.612643,1146.8787345128005
55045,Green,Wisconsin,37093,42.673838,-89.575106,584.044061499572
55047,Green Lake,Wisconsin,19018,43.845067,-89.014675,349.5439892193173
55049,Iowa,Wisconsin,23709,42.981998,-90.12223,762.6984449747146
55051,Iron,Wisconsin,6137,46.343183,-90.189954,758.2085981081975
55053,Jackson,Wisconsin,21145,44.320677,-90.903038,987.9148653697874
55055,Jefferson,Wisconsin,84900,43.040342,-88.785594,556.4922929318004
55057,Juneau,Wisconsin,26718,43.843115,-90.09764,767.0805647057584
55059,Kenosha,Wisconsin,169151,42.572393,-87.924047,271.83694368388433
55061,Kewaunee,Wisconsin,20563,44.527818,-87.591703,342.4540006865128
55063,La Crosse,Wisconsin,120784,43.861018,-91.208863,451.80709651983693
55065,Lafayette,Wisconsin,16611,42.663323,-90.140565,633.5880155835928
55067,Langlade,Wisconsin,19491,45.185054,-89.104985,870.6982604642151
55069,Lincoln,Wisconsin,28415,45.288548,-89.686454,878.703854358621
55071,Manitowoc,Wisconsin,81359,44.10361,-87.724344,589.3061678958827
55073,Marathon,Wisconsin,138013,44.907455,-89.707823,1545.1946460866186
55075,Marinette,Wisconsin,41872,45.219097,-87.848007,1399.4655156930432
55077,Marquette,Wisconsin,15592,43.810948,-89.407897,455.7118105843351
55078,Menominee,Wisconsin,4255,44.912634,-88.635691,357.61460155892377
55079,Milwaukee,Wisconsin,939489,43.031416,-87.959526,241.48191745945894
55081,Monroe,Wisconsin,46274,43.942578,-90.644211,900.9036365807873
55083,Oconto,Wisconsin,38965,44.895367,-88.146318,997.4811699039036
55085,Oneida,Wisconsin,37845,45.71099,-89.493946,1113.9444281078186
55087,Outagamie,Wisconsin,190705,44.308666,-88.401368,637.5573407555141
55089,Ozaukee,Wisconsin,91503,43.31881,-87.950093,233.01821760100668
55091,Pepin,Wisconsin,7318,44.591768,-91.987424,232.0066600614626
55093,Pierce,Wisconsin,42212,44.77335,-92.547747,574.0182803387464
55095,Polk,Wisconsin,44977,45.404946,-92.481404,914.3199201790931
55097,Portage,Wisconsin,70377,44.498026,-89.526076,800.8735530449984
55099,Price,Wisconsin,14054,45.724359,-90.39805,1254.05512768937
55101,Racine,Wisconsin,197727,42.735037,-87.928046,332.6415305435514
55103,Richland,Wisconsin,17304,43.350268,-90.390394,586.1495155666951
55105,Rock,Wisconsin,163687,42.65481,-89.037935,718.1673834016173
55107,Rusk,Wisconsin,14188,45.44497,-91.130594,913.5533297872939
55109,St. Croix,Wisconsin,93536,45.017968,-92.580626,722.1577936124194
55111,Sauk,Wisconsin,65763,43.449264,-89.868041,831.5428185498505
55113,Sawyer,Wisconsin,18074,45.938054,-91.345247,1257.607407703505
55115,Shawano,Wisconsin,40881,44.786908,-88.681002,893.2248530669896
55117,Sheboygan,Wisconsin,118034,43.733622,-87.819076,511.527851376893
55119,Taylor,Wisconsin,19913,45.172334,-90.408593,975.0524248545682
55121,Trempealeau,Wisconsin,30760,44.287418,-91.363458,732.9698938270416
55123,Vernon,Wisconsin,30714,43.605271,-90.835696,791.5619886764654
55125,Vilas,Wisconsin,23047,45.988218,-89.496963,857.7101699513208
55127,Walworth,Wisconsin,106478,42.662934,-88.540338,555.3880457775538
55129,Washburn,Wisconsin,16623,45.848159,-91.835392,797.1140805739066
55131,Washington,Wisconsin,136761,43.345574,-88.216407,430.6437399050454
55133,Waukesha,Wisconsin,406978,43.03596,-88.236186,549.7206599145353
55135,Waupaca,Wisconsin,51812,44.432697,-88.937028,747.6949594953933
55137,Waushara,Wisconsin,24520,44.101477,-89.225784,626.1611421065559
55139,Winnebago,Wisconsin,171730,44.101514,-88.540906,434.696887469495
55141,Wood,Wisconsin,74207,44.478457,-89.962546,793.0383834850887
56001,Albany,Wyoming,37066,41.313442,-105.596073,4274.326761677682
56003,Big Horn,Wyoming,11521,44.635296,-108.250971,3136.9571627106816
56005,Campbell,Wyoming,47026,44.257046,-105.495519,4802.065243843919
56007,Carbon,Wyoming,14537,41.659869,-107.078124,7897.802711920558
56009,Converse,Wyoming,13751,42.788528,-105.520738,4254.9946798790515
56011,Crook,Wyoming,7181,44.434922,-104.619744,2854.4798736547095
56013,Fremont,Wyoming,39234,43.010698,-108.609469,9183.589972156282
56015,Goshen,Wyoming,12498,42.050142,-104.220172,2225.6129032963013
56017,Hot Springs,Wyoming,4621,43.661523,-108.232641,2004.4314056715882
56019,Johnson,Wyoming,8447,44.288278,-106.695709,4154.151927361551
56021,Laramie,Wyoming,100512,41.153937,-104.771336,2685.8636964939583
56023,Lincoln,Wyoming,19581,42.648291,-110.872872,4075.3367836889415
56025,Natrona,Wyoming,79955,42.842184,-106.335315,5340.5373899573615
56027,Niobrara,Wyoming,2467,42.810897,-104.450987,2626.0277592548487
56029,Park,Wyoming,29624,44.614008,-108.97254,6939.0386973629775
56031,Platte,Wyoming,8605,42.106509,-104.929825,2081.4588283959342
56033,Sheridan,Wyoming,30921,44.780986,-106.977846,2523.36103388521
56035,Sublette,Wyoming,8728,42.807278,-109.943507,4886.481517476928
56037,Sweetwater,Wyoming,42272,41.580564,-109.302521,10426.980052429662
56039,Teton,Wyoming,23331,43.491744,-110.785815,3996.8484870766456
56041,Uinta,Wyoming,20450,41.271502,-110.760395,2081.7206628025797
56043,Washakie,Wyoming,7685,44.012223,-107.905059,2238.679184901741
56045,Weston,Wyoming,6838,43.908449,-104.304384,2398.004877713512
72001,Adjuntas,Puerto Rico,18020,18.173646,-66.740925,66.68977565306275
72003,Aguada,Puerto Rico,38136,18.362557,-67.176449,30.8586887682662
72005,Aguadilla,Puerto Rico,55101,18.459888,-67.12633,36.53221790273007
72007,Aguas Buenas,Puerto Rico,24223,18.24874,-66.122947,30.084888690859668
72009,Aibonito,Puerto Rico,24637,18.137305,-66.268687,31.310748758611098
72011,AÃ±asco,Puerto Rico,25596,18.290392,-67.139988,39.284901968140694
72013,Arecibo,Puerto Rico,87754,18.439048,-66.69096,125.93864262952158
72015,Arroyo,Puerto Rico,15843,17.984834,-66.054877,15.008850754917173
72017,Barceloneta,Puerto Rico,22657,18.444507,-66.5587,18.695798182641077
72019,Barranquitas,Puerto Rico,28983,18.203009,-66.311406,34.252683113668816
72021,BayamÃ³n,Puerto Rico,185187,18.37294,-66.168187,44.43942292847051
72023,Cabo Rojo,Puerto Rico,47158,18.070386,-67.156738,70.3662597122888
72025,Caguas,Puerto Rico,127244,18.226891,-66.045972,58.60378640888819
72027,Camuy,Puerto Rico,32827,18.444506,-66.863259,46.35491396136178
72029,CanÃ³vanas,Puerto Rico,42337,18.359601,-65.895249,32.868981394667486
72031,Carolina,Puerto Rico,154815,18.392727,-65.971732,45.373094396174665
72033,CataÃ±o,Puerto Rico,23155,18.436657,-66.141417,4.832398246029014
72035,Cayey,Puerto Rico,41652,18.119389,-66.150454,51.9345546339207
72037,Ceiba,Puerto Rico,11307,18.262878,-65.656285,29.035519008618152
72039,Ciales,Puerto Rico,16984,18.314892,-66.493664,66.52933746479631
72041,Cidra,Puerto Rico,39970,18.171979,-66.151298,36.02253795674761
72043,Coamo,Puerto Rico,34668,18.078888,-66.361654,78.0128372867318
72045,ComerÃ­o,Puerto Rico,18883,18.226917,-66.223805,28.400590997307706
72047,Corozal,Puerto Rico,34571,18.31652,-66.322897,42.56720004787976
72049,Culebra,Puerto Rico,1792,18.311911,-65.301885,11.645300178617424
72051,Dorado,Puerto Rico,35879,18.440335,-66.284058,23.11557754602974
72053,Fajardo,Puerto Rico,32124,18.327234,-65.656969,29.90309094507774
72054,Florida,Puerto Rico,11692,18.368416,-66.563073,15.209142021891367
72055,GuÃ¡nica,Puerto Rico,13787,17.985564,-66.912035,37.05039093789508
72057,Guayama,Puerto Rico,36614,17.981079,-66.120144,65.0371101510578
72059,Guayanilla,Puerto Rico,17784,18.03273,-66.793032,42.27061219983747
72061,Guaynabo,Puerto Rico,89780,18.366345,-66.113295,27.58492702115146
72063,Gurabo,Puerto Rico,40622,18.253807,-65.979538,27.884627624796316
72065,Hatillo,Puerto Rico,38486,18.440804,-66.797657,41.776506456626166
72067,Hormigueros,Puerto Rico,15654,18.141179,-67.120847,11.345570231208514
72069,Humacao,Puerto Rico,50896,18.141972,-65.816921,44.7176191862904
72071,Isabela,Puerto Rico,42943,18.473708,-67.018163,55.31138982719114
72073,Jayuya,Puerto Rico,14779,18.21663,-66.593669,44.53323223943295
72075,Juana DÃ­az,Puerto Rico,46538,18.040776,-66.503885,60.278001044568505
72077,Juncos,Puerto Rico,37012,18.223898,-65.913785,26.49012547011268
72079,Lajas,Puerto Rico,23334,18.032554,-67.046992,59.95696636615062
72081,Lares,Puerto Rico,28105,18.293906,-66.870739,61.45022225603962
72083,Las MarÃ­as,Puerto Rico,8874,18.242125,-66.993323,46.35999043254295
72085,Las Piedras,Puerto Rico,35180,18.180422,-65.873796,33.879853602880054
72087,LoÃ­za,Puerto Rico,23693,18.418901,-65.869088,19.3743835372279
72089,Luquillo,Puerto Rico,17781,18.361491,-65.723304,25.811467914422202
72091,ManatÃ­,Puerto Rico,39492,18.427989,-66.482736,45.14036823126575
72093,Maricao,Puerto Rico,4755,18.176418,-66.955125,36.62246310466653
72095,Maunabo,Puerto Rico,10589,18.010392,-65.90469,21.164852374553952
72097,MayagÃ¼ez,Puerto Rico,73077,18.200407,-67.132661,77.67388360713363
72099,Moca,Puerto Rico,37460,18.380886,-67.083785,50.3413758914901
72101,Morovis,Puerto Rico,28727,18.328822,-66.412994,38.87129582228082
72103,Naguabo,Puerto Rico,23386,18.218695,-65.749375,51.6610132237248
72105,Naranjito,Puerto Rico,29241,18.292637,-66.251108,27.401350888827054
72107,Orocovis,Puerto Rico,21434,18.222018,-66.406737,63.62514073471944
72109,Patillas,Puerto Rico,15985,18.007498,-66.00459,46.600852928239895
72111,PeÃ±uelas,Puerto Rico,20399,18.058586,-66.722282,44.61740907374281
72113,Ponce,Puerto Rico,137491,18.02175,-66.616993,114.93821838433074
72115,Quebradillas,Puerto Rico,23638,18.45455,-66.92736,22.682615326755304
72117,RincÃ³n,Puerto Rico,15187,18.334123,-67.233645,14.287887599607553
72119,RÃ­o Grande,Puerto Rico,47060,18.367271,-65.827512,60.62134740842498
72121,Sabana Grande,Puerto Rico,22729,18.070416,-66.950547,36.31300183845246
72123,Salinas,Puerto Rico,25789,17.991105,-66.260357,69.40394834476673
72125,San GermÃ¡n,Puerto Rico,31879,18.096123,-67.041209,54.496398440995165
72127,San Juan,Puerto Rico,342259,18.401963,-66.056207,47.88821289222058
72129,San Lorenzo,Puerto Rico,37693,18.171583,-65.972121,53.10756503820398
72131,San SebastiÃ¡n,Puerto Rico,39345,18.335187,-66.982212,70.42306730898467
72133,Santa Isabel,Puerto Rico,20281,17.98922,-66.394622,34.04727715139974
72135,Toa Alta,Puerto Rico,66852,18.367369,-66.229556,27.01655954706294
72137,Toa Baja,Puerto Rico,75293,18.429333,-66.201719,23.244009795859643
72139,Trujillo Alto,Puerto Rico,67740,18.35072,-66.008142,20.758165179376057
72141,Utuado,Puerto Rico,28287,18.268678,-66.707197,113.5315617336946
72143,Vega Alta,Puerto Rico,35395,18.423353,-66.331592,27.72843231315066
72145,Vega Baja,Puerto Rico,54414,18.439692,-66.399082,45.84820622979617
72147,Vieques,Puerto Rico,8249,18.134221,-65.448953,50.78841423716034
72149,Villalba,Puerto Rico,22093,18.123806,-66.486557,35.636676725902035
72151,Yabucoa,Puerto Rico,30426,18.068957,-65.885852,55.21461177673129
72153,Yauco,Puerto Rico,34172,18.043328,-66.859541,67.71148072953895
