fips,state,mcr_benes,mcr_avg_age,dual_pct,imaging_p1k,em_p1k,tests_p1k,uninsured,mammography,flu_vax,prevent_hosp,chr_diabetes,pcp_ratio,median_income,pct_rural,long_commute,broadband,state_abb,medicaid_expansion
01001,Alabama,11972,71,0.0976,4328.5309,13024.4488,6921.6328,0.1004731422,0.39,0.42,6650,0.127,4.676175e-4,58233,0.4200216232,0.383,0.8056736926,AL,no
01003,Alabama,60256,73,0.0644,4480.839,13363.9989,6117.7573,0.1316898257,0.43,0.46,3471,0.103,7.01764e-4,59871,0.4227909911,0.404,0.8181638453,AL,no
01005,Alabama,6490,71,0.2232,4183.7081,12310.14,6485.787,0.1350403367,0.44,0.39,5314,0.175,3.215305e-4,35972,0.677896347,0.309,0.6052434457,AL,no
01007,Alabama,4935,70,0.2237,4024.0811,11309.2522,5280.1014,0.1059905065,0.33,0.4,6690,0.136,5.357143e-4,47918,0.6835260746,0.52,0.69206211,AL,no
01009,Alabama,13855,72,0.1298,4156.1265,11720.9047,6006.8072,0.1411599685,0.37,0.4,4440,0.146,2.074689e-4,52902,0.8995150204,0.579,0.7300810668,AL,no
01011,Alabama,2398,70,0.3094,3531.2085,10815.405,4209.8274,0.1187354312,0.32,0.29,5645,0.295,2.959164e-4,31906,0.5137438153,0.473,0.6009656348,AL,no
01013,Alabama,5186,71,0.281,3878.1186,10912.4744,5324.7444,0.1190183255,0.39,0.35,8070,0.195,2.54065e-4,39944,0.7123215735,0.306,0.6458653551,AL,no
01015,Alabama,28324,71,0.1623,4445.9161,14212.0677,7265.1214,0.1110382943,0.33,0.4,5879,0.17,6.387987e-4,47747,0.3369682556,0.309,0.7514628405,AL,no
01017,Alabama,9213,70,0.2517,3551.8308,11941.4647,4089.737,0.1161052908,0.36,0.43,5784,0.184,4.164807e-4,42015,0.4914803449,0.296,0.6942296252,AL,no
01019,Alabama,7784,70,0.2191,4457.0475,12603.5585,7035.0292,0.1348280716,0.35,0.5,5178,0.157,3.841426e-4,45982,0.8573627304,0.458,0.7072739126,AL,no
01021,Alabama,10240,71,0.1469,4613.3475,14168.4322,7862.2881,0.16340589689999999,0.38,0.42,3869,0.19,2.264852e-4,49692,0.8674472424,0.505,0.6870089207,AL,no
01023,Alabama,3975,71,0.2631,3907.1193,10138.6139,6251.768,0.1348946615,0.48,0.34,5039,0.179,3.893778e-4,39808,1,0.461,0.6130188679,AL,no
01025,Alabama,6640,71,0.2,4302.0921,10830.5439,4698.3264,0.1255693253,0.36,0.3,5206,0.248,5.434783e-4,43822,0.7598033523,0.4,0.5749174917,AL,no
01027,Alabama,3800,72,0.2016,3812.1099,12068.04,6019.3508,0.1593937053,0.36,0.44,6054,0.162,3.766478e-4,40562,1,0.39,0.7010388611,AL,no
01029,Alabama,3734,72,0.2114,3879.6883,12053.5801,6878.227,0.1359752011,0.27,0.41,4838,0.139,2.001735e-4,51276,1,0.545,0.6433098592,AL,no
01031,Alabama,11540,72,0.1418,4466.7415,13449.9118,6586.7928,0.125230762,0.4,0.38,4561,0.159,4.623476e-4,57299,0.4719508289,0.28,0.8003914877,AL,no
01033,Alabama,15012,72,0.1672,5160.5517,15123.9957,6962.105,0.1132785606,0.4,0.47,6521,0.167,6.391293e-4,46683,0.4389468656,0.286,0.7008683729,AL,no
01035,Alabama,3693,70,0.2992,3898.6667,12053.8667,5040.5333,0.1248126739,0.35,0.45,12212,0.24,4.072656e-4,41539,0.8094950106,0.37,0.5269053371,AL,no
01037,Alabama,3259,71,0.1839,4285.9351,11727.9753,6078.0526,0.1257364924,0.36,0.42,4737,0.256,NA,42024,1,0.401,0.6946924603,AL,no
01039,Alabama,10505,72,0.2249,4490.3368,13737.714,6509.295,0.1221067221,0.4,0.4,9451,0.167,4.866706e-4,44836,0.6965179399,0.28,0.7067061675,AL,no
01041,Alabama,3610,71,0.2391,4125.2512,11326.8587,5990.6229,0.1278860029,0.41,0.4,7005,0.198,1.446759e-4,43309,1,0.449,0.6512239531,AL,no
01043,Alabama,21261,72,0.1701,4532.7321,13616.7639,8626.4191,0.1382839657,0.44,0.44,6117,0.154,5.273124e-4,50897,0.7323955924,0.331,0.7410581942,AL,no
01045,Alabama,11404,71,0.1698,4435.1252,13323.0608,6464.1919,0.1101272828,0.41,0.42,4863,0.156,2.042651e-4,45120,0.5088853953,0.25,0.7697543337,AL,no
01047,Alabama,10118,69,0.3614,4237.6238,12489.5166,4957.484,0.1138312496,0.43,0.36,7664,0.172,7.569825e-4,34034,0.4563897764,0.289,0.6965430547,AL,no
01049,Alabama,16383,71,0.2283,3919.6296,12419.3827,6148.8889,0.1884867914,0.35,0.44,5915,0.158,3.922393e-4,44277,0.901306445,0.324,0.7199308756,AL,no
01051,Alabama,18847,71,0.0959,4258.9947,12630.7775,6592.373,0.098852454,0.44,0.41,5677,0.151,2.56451e-4,62310,0.5418836614,0.436,0.8152349535,AL,no
01053,Alabama,9232,72,0.1896,4536.7798,12280.8642,4234.8251,0.1494106055,0.34,0.37,7234,0.189,3.265484e-4,42712,0.6351157389,0.28,0.6095194438,AL,no
01055,Alabama,27413,70,0.2323,4407.6888,14869.6568,6195.2403,0.1245601949,0.28,0.38,6934,0.173,7.999922e-4,43047,0.3748348176,0.283,0.765446048,AL,no
01057,Alabama,4772,71,0.244,4382.3646,11990.5101,5418.7426,0.1231912397,0.38,0.47,4667,0.196,0.0010345037,44212,0.8023316513,0.441,0.703028521,AL,no
01059,Alabama,7032,72,0.2564,4469.0265,12803.0341,6740.3287,0.1640038873,0.34,0.4,8158,0.144,4.463859e-4,44874,0.7036651527,0.383,0.6194786387,AL,no
01061,Alabama,7279,72,0.2068,4066.7434,12727.2727,6267.5489,0.1419357944,0.37,0.45,5955,0.193,3.040207e-4,43089,0.8964165733,0.404,0.6713859193,AL,no
01063,Alabama,2404,68,0.4092,3590.7753,10933.2679,5356.2316,0.1168851935,0.29,0.32,6410,0.218,4.858496e-4,28699,1,0.421,0.5133852931,AL,no
01065,Alabama,4194,68,0.392,4085.0502,11286.318,5307.4485,0.1136188106,0.31,0.34,6585,0.178,2.037213e-4,40745,0.8916878173,0.525,0.6152212389,AL,no
01067,Alabama,5188,72,0.1866,4293.5401,13561.2403,7348.8372,0.1387537994,0.44,0.41,4344,0.163,2.905456e-4,48597,0.8775286094,0.369,0.7512820513,AL,no
01069,Alabama,25909,72,0.168,4465.6343,14345.2866,7311.0568,0.1272395097,0.42,0.44,4703,0.164,8.976146e-4,50138,0.3380405133,0.256,0.7492304953,AL,no
01071,Alabama,13999,72,0.1765,4164.2285,12189.0698,6323.2128,0.133098798,0.44,0.44,5480,0.16,5.412092e-4,44322,0.7701730325,0.405,0.7092534429,AL,no
01073,Alabama,139164,71,0.1428,4355.6145,13977.4695,6047.5697,0.1112586554,0.42,0.47,4558,0.127,0.0010875171,54127,0.0983376515,0.337,0.7944462947,AL,no
01075,Alabama,3987,71,0.2283,4168.4848,11547.0707,5884.0404,0.1192300505,0.38,0.43,5917,0.216,NA,42686,1,0.44,0.6294398907,AL,no
01077,Alabama,23665,72,0.153,4069.6627,13433.6935,6080.5501,0.1170476415,0.4,0.51,5141,0.146,4.979055e-4,48188,0.4929510619,0.313,0.7227262094,AL,no
01079,Alabama,8356,71,0.1918,4422.4028,12254.5085,5624.3332,0.1389576303,0.38,0.4,6273,0.22,1.517128e-4,47797,0.9128978712,0.499,0.6203360417,AL,no
01081,Alabama,27482,71,0.1478,3752.5111,12321.1757,4866.9521,0.1053490987,0.36,0.45,4517,0.103,5.123795e-4,54160,0.2740949896,0.29,0.8203263775,AL,no
01083,Alabama,20133,72,0.1168,4502.0061,13602.4073,5119.5812,0.1094920006,0.43,0.48,5178,0.128,3.639237e-4,64729,0.5760914208,0.428,0.8011386616,AL,no
01085,Alabama,3085,69,0.249,3800,10832.2581,5616.7742,0.1170534813,0.4,0.38,6720,0.17,1.002607e-4,33930,1,0.602,0.5255234063,AL,no
01087,Alabama,4815,70,0.2243,3422.6153,11490.2085,4709.4125,0.1160096416,0.35,0.34,5535,0.168,3.796301e-4,34281,0.5554726832,0.387,0.6020872358,AL,no
01089,Alabama,73077,73,0.09,4569.2324,14102.7777,5817.1235,0.0949232159,0.47,0.47,4610,0.131,8.894491e-4,68609,0.16441514769999999,0.271,0.8639305212,AL,no
01091,Alabama,5650,69,0.3042,3990.0442,10951.3274,5956.8584,0.1063166965,0.36,0.36,4088,0.184,4.720445e-4,38838,0.6931564179,0.298,0.5970656161,AL,no
01093,Alabama,7773,71,0.2515,4322.9077,11332.3986,5860.6557,0.1308403068,0.37,0.39,7801,0.188,3.359876e-4,44675,0.8885495191,0.283,0.6558306243,AL,no
01095,Alabama,21993,72,0.1884,4505.1975,12484.2267,5358.0403,0.1443346124,0.37,0.49,5907,0.117,5.722669e-4,48913,0.5326868704,0.327,0.7945704211,AL,no
01097,Alabama,90250,71,0.1579,4780.3673,14698.2559,7068.9921,0.1311926929,0.37,0.42,6275,0.147,6.622244e-4,49492,0.2002024252,0.366,0.7462032243,AL,no
01099,Alabama,5545,71,0.2242,3804.7772,10611.3918,5762.9766,0.1368007257,0.4,0.36,5179,0.226,4.272084e-4,40005,0.790445639,0.319,0.3978692138,AL,no
01101,Alabama,46103,71,0.1458,4193.7108,12884.3453,6044.4969,0.1217890452,0.43,0.4,5509,0.162,0.0010187675,52711,0.1049123006,0.207,0.7950450702,AL,no
01103,Alabama,27742,72,0.1511,4255.1403,12979.5096,6724.1574,0.1323646435,0.4,0.45,6064,0.121,5.20619e-4,54355,0.3859737217,0.335,0.7511215645,AL,no
01105,Alabama,2704,69,0.436,3880.0813,8780.4878,5322.1545,0.1171624714,0.39,0.24,7088,0.205,3.282276e-4,29572,1,0.375,0.5394136808,AL,no
01107,Alabama,5170,70,0.2837,4302.939,15110.0226,6556.1417,0.1222307105,0.44,0.46,5829,0.19,4.012439e-4,40249,1,0.536,0.6609925363,AL,no
01109,Alabama,6861,71,0.2222,4031.4685,11290.5983,6327.5058,0.1402607362,0.4,0.39,5134,0.144,4.49937e-4,41271,0.5167938235,0.235,0.6625290923,AL,no
01111,Alabama,6300,71,0.197,3637.6812,9535.9025,5712.4506,0.1312168715,0.31,0.33,4395,0.179,2.20022e-4,42922,0.8134246934,0.416,0.6982302919,AL,no
01113,Alabama,12212,70,0.164,3757.047,13529.8178,5771.2368,0.1197838549,0.37,0.42,4479,0.166,2.596009e-4,43670,0.354089939,0.369,0.7128363855,AL,no
01115,Alabama,20688,71,0.0923,4676.2849,13750.8266,7384.5807,0.1150725993,0.38,0.43,5437,0.143,1.691284e-4,65403,0.7279676528,0.554,0.7818703958,AL,no
01117,Alabama,41942,73,0.0629,4613.604,14450.9538,7275.5414,0.0813709926,0.4,0.46,4238,0.105,8.205575e-4,77801,0.2294487018,0.478,0.88329775210000006,AL,no
01119,Alabama,3287,68,0.3662,3402.6611,9406.8627,5381.6527,0.1337619901,0.52,0.31,6414,0.181,5.51572e-4,29209,1,0.404,0.6312956555,AL,no
01121,Alabama,20852,71,0.1788,4165.2836,12608.3526,7233.8457,0.1202877698,0.34,0.36,5776,0.17,3.257003e-4,47719,0.5581533825,0.336,0.7349259436,AL,no
01123,Alabama,12070,71,0.164,4542.9448,11864.0082,5991.82,0.1184462304,0.38,0.47,4173,0.143,4.938637e-4,47100,0.7422625913,0.392,0.7488429497,AL,no
01125,Alabama,39165,70,0.2052,4495.9752,14023.3885,6222.349,0.1014563787,0.44,0.46,5624,0.122,7.180091e-4,52307,0.2550807578,0.258,0.8040877162,AL,no
01127,Alabama,18110,71,0.1645,4659.9092,12750.5676,8259.1632,0.1297589458,0.46,0.42,6219,0.15,4.080928e-4,45991,0.7408799964,0.4,0.7197330029,AL,no
01129,Alabama,4443,71,0.2287,4414.8325,10555.5024,5077.512,0.1381649139,0.35,0.28,4036,0.125,1.22115e-4,48864,1,0.527,0.6176961603,AL,no
01131,Alabama,3282,67,0.4249,3564.9832,8929.9663,4597.3064,0.1127990431,0.34,0.23,5373,0.187,2.822998e-4,30998,1,0.442,0.53658536590000006,AL,no
01133,Alabama,6414,72,0.2336,4469.8119,13259.3204,7445.3976,0.1474554154,0.38,0.41,11361,0.218,4.226543e-4,40827,0.8489217448,0.47,0.6581526272,AL,no
02013,Alaska,169,72,0.2266,3046.875,9218.75,2156.25,0.2561051972,NA,NA,NA,0.145,NA,66923,1,0,0.6235955056,AK,yes
02016,Alaska,253,71,0.3403,2284.7222,6527.7778,2583.3333,0.1763219285,NA,NA,NA,0.075,3.494671e-4,84726,1,0.008,0.7716933446,AK,yes
02020,Alaska,43326,71,0.2294,3671.9114,9316.6176,3570.3267,0.1209020262,0.38,0.4,2758,0.084,0.0011456483,82512,0.0411717942,0.132,0.8996875205,AK,yes
02050,Alaska,1648,71,0.5985,2234.4569,5614.9813,991.0112,0.1794623981,0.04,0.07,5053,0.065,0.0010430391,48262,0.7393757715,0,0.7329026509,AK,yes
02060,Alaska,173,73,0.1905,2515.873,7547.619,2357.1429,0.1621253406,0.32,0.35,2521,0.176,0,87950,1,0.029,0.7834394904,AK,yes
02063,Alaska,NA,NA,NA,NA,NA,NA,NA,NA,NA,NA,NA,NA,NA,NA,NA,NA,AK,yes
02066,Alaska,12,NA,NA,NA,NA,NA,NA,NA,NA,NA,NA,NA,NA,NA,NA,NA,AK,yes
02068,Alaska,288,71,0.0833,2337.3016,4658.7302,2107.1429,0.1211072664,NA,NA,NA,0.079,NA,78434,1,0.296,0.898858075,AK,yes
02070,Alaska,578,71,0.4654,2771.8894,8131.3364,1071.4286,0.1874029718,0.31,0.19,3661,0.083,0.0026,57436,1,0.054,0.7589348283,AK,yes
02090,Alaska,12969,71,0.1729,2942.0825,8306.7916,2490.8125,0.1232868606,0.35,0.36,2002,0.071,8.184216e-4,74076,0.3087076378,0.173,0.8577981651,AK,yes
02100,Alaska,698,72,0.1993,2051.495,7152.8239,1596.3455,0.139306059,0.34,0.35,NA,0.072,0.002829426,62548,1,0,0.8381330685,AK,yes
02105,Alaska,556,72,0.2357,2479.8301,7794.0552,1600.8493,0.2126126126,NA,NA,NA,0.151,NA,53141,NA,0.08,0.6409608091,AK,yes
02110,Alaska,5705,71,0.1787,2770.0081,8602.6677,3607.3161,0.1088275304,0.38,0.46,2330,0.06,0.0012144614,85419,0.2154436451,0.08,0.9066740297,AK,yes
02122,Alaska,13541,71,0.1734,2734.0279,7479.938,2550.7147,0.1546228092,NA,NA,NA,0.097,7.517127e-4,68625,0.7933754513,0.146,0.7949607027,AK,yes
02130,Alaska,2808,72,0.2087,1507.7373,5811.376,1976.9971,0.1569506726,0.39,0.44,3163,0.108,0.0010777411,75706,0.2318765304,0.07,0.8475078747,AK,yes
02150,Alaska,1931,72,0.213,2399.3789,5909.3168,3767.0807,0.1979945615,0.31,0.41,2528,0.067,0.0011240165,79669,0.3131989406,0.031,0.8375968083,AK,yes
02158,Alaska,607,70,0.6874,2200,6537.8641,1384.466,0.1778549383,0.04,0.11,4665,0.046,NA,35369,NA,0,0.6531322506,AK,yes
02164,Alaska,172,71,0.4252,2385.8268,7078.7402,1496.063,0.2072829132,NA,NA,NA,0.118,0,51693,1,0,0.6532066508,AK,yes
02170,Alaska,17390,71,0.1961,3558.7476,9256.9954,4535.6561,0.1514219335,0.35,0.33,2398,0.089,4.925193e-4,75856,0.5029383673,0.417,0.8663548707,AK,yes
02180,Alaska,957,70,0.5007,1198.9175,3625.1691,522.3275,0.1837319519,0.32,0.04,6041,0.065,9.992006e-4,58464,0.6605562579,0.001,0.741209564,AK,yes
02185,Alaska,590,70,0.2876,1698.8764,4950.5618,982.0225,0.1532982687,NA,NA,NA,0.055,2.025932e-4,84784,0.5933191941,0.03,0.6983324912,AK,yes
02188,Alaska,637,71,0.5349,1484.1438,7012.685,1029.5983,0.1775501494,NA,NA,NA,0.146,7.821666e-4,61660,0.5746377775,0,0.7665738162,AK,yes
02195,Alaska,909,73,0.166,2583.6431,4514.2503,1298.6369,0.1607692308,NA,NA,NA,0.092,0.0018627755,71296,NA,0.034,0.8205560236,AK,yes
02198,Alaska,1148,71,0.3058,2337.9828,7417.382,3006.4378,0.2021857923,NA,NA,NA,0.12,9.342884e-4,50049,NA,0.128,0.657950232,AK,yes
02220,Alaska,1611,72,0.1754,2877.8409,8828.125,1218.0398,0.1547717842,0.33,0.39,4090,0.065,0.0019659998,80660,0.2087602747,0.011,0.8418381731,AK,yes
02230,Alaska,213,72,0.0757,2583.7838,5291.8919,4027.027,0.1414038657,0.39,0.33,2726,0.047,0,74898,NA,0.012,0.8426666667,AK,yes
02240,Alaska,1459,72,0.2159,2523.2745,6822.6324,3617.9775,0.2020167493,0.26,0.25,NA,0.104,8.673027e-4,69646,1,0.105,0.7156682028,AK,yes
02275,Alaska,599,73,0.1628,2151.341,6754.7893,1093.8697,0.1803781298,NA,NA,NA,0.187,0.0011985617,62496,NA,0,0.7380720545,AK,yes
02282,Alaska,117,73,0.2449,2459.1837,8306.1224,4051.0204,0.1844262295,NA,NA,NA,0.098,0,61587,1,0,0.7168949772,AK,yes
02290,Alaska,1003,72,0.4234,2782.6633,7771.3568,3326.6332,0.2190836299,0.33,0.27,1161,0.096,1.877229e-4,42063,1,0.092,0.4288793103,AK,yes
04001,Arizona,14348,72,0.3875,3043.5432,10769.186600000001,2147.4035,0.2118843503,0.24,0.36,4878,0.163,3.898744e-4,35386,0.7406107553,0.423,0.3785882015,AZ,yes
04003,Arizona,35734,73,0.0993,3554.0634,9991.5801,4344.5244,0.1118406843,0.36,0.33,3261,0.103,5.442928e-4,48650,0.3630106741,0.227,0.7988357953,AZ,yes
04005,Arizona,23151,72,0.1681,3231.3261,10350.0174,4637.3129,0.1308188804,0.31,0.39,2392,0.077,8.19018e-4,58301,0.3146606557,0.16,0.7819040192,AZ,yes
04007,Arizona,18298,73,0.1144,3613.2469,11255.1718,4832.7266,0.1451291719,0.35,0.39,3142,0.137,3.896899e-4,45980,0.4106199974,0.191,0.6617908407,AZ,yes
04009,Arizona,6460,72,0.1732,3066.2865,8890.948,3678.9024,0.1213757249,0.35,0.39,2483,0.12,5.253204e-4,50685,0.4643739925,0.173,0.7585549605,AZ,yes
04011,Arizona,1386,73,0.0846,3070.7351,8875.1734,4106.7961,0.0730694037,0.29,0.29,2940,0.115,5.272593e-4,68066,0.4656868555,0.121,0.8218390805,AZ,yes
04012,Arizona,6379,73,0.1685,2630.4969,10140.7767,2815.534,0.2114827919,0.27,0.3,3547,0.178,2.843871e-4,39407,0.5632778564,0.18,0.6176974107,AZ,yes
04013,Arizona,772966,73,0.0694,4879.5356,15132.914,7563.6871,0.1260448081,0.41,0.48,2935,0.087,6.905739e-4,68634,0.0236379969,0.383,0.8633048471,AZ,yes
04015,Arizona,73900,73,0.103,3995.1297,13201.8793,5043.9386,0.1284161139,0.39,0.39,3749,0.14,5.297065e-4,49712,0.2296364381,0.189,0.8005156004,AZ,yes
04017,Arizona,26595,72,0.2549,3355.8326,11004.6305,3622.3805,0.1437956785,0.31,0.39,3104,0.151,6.066368e-4,40676,0.5413824233,0.255,0.6250928837,AZ,yes
04019,Arizona,251922,74,0.0777,4010.4411,12612.8502,6792.8322,0.1234660101,0.47,0.48,2901,0.087,8.565327e-4,56150,0.0752349114,0.349,0.8537847848,AZ,yes
04021,Arizona,91695,72,0.0834,4616.729,14138.9354,6436.7058,0.1219695159,0.39,0.44,2675,0.134,1.632606e-4,62067,0.2190462251,0.533,0.8400636943,AZ,yes
04023,Arizona,10996,73,0.1182,3149.6452,8643.9371,5019.747,0.1742389762,0.34,0.35,2118,0.093,4.730064e-4,47779,0.2688317166,0.244,0.7374629408,AZ,yes
04025,Arizona,91360,74,0.0655,3732.2379,11896.1464,5440.1497,0.1506060781,0.42,0.43,2210,0.109,5.905351e-4,54242,0.3319717769,0.279,0.8216006342,AZ,yes
04027,Arizona,40928,74,0.1506,4200.5488,12858.5868,8216.4647,0.137439384,0.35,0.39,3210,0.12,4.525569e-4,47024,0.1042957635,0.211,0.7829215574,AZ,yes
05001,Arkansas,4431,72,0.1921,3952.317,9233.3781,4242.4446,0.0878041839,0.34,0.43,4981,0.185,5.065001e-4,52539,0.3470739787,0.151,0.6768121746,AR,yes
05003,Arkansas,5401,72,0.194,4153.0533,11422.3138,5733.8315,0.0959592746,0.34,0.43,6294,0.135,3.990821e-4,47744,0.516816913,0.239,0.6132525461,AR,yes
05005,Arkansas,16003,73,0.1148,3883.2482,11981.411,5133.6015,0.0879509632,0.49,0.49,5268,0.155,7.448521e-4,41950,0.6584202539,0.144,0.7458096013,AR,yes
05007,Arkansas,48217,73,0.1086,4251.4705,10898.8151,6681.3145,0.0986432893,0.44,0.53,3012,0.096,6.015964e-4,70775,0.2516004861,0.216,0.7006755854,AR,yes
05009,Arkansas,10842,72,0.1599,4028.4181,11124.2501,6702.084,0.0886217785,0.4,0.46,4058,0.11,7.470651e-4,50083,0.6219819527,0.23,0.8102966609,AR,yes
05011,Arkansas,2629,72,0.2127,4400.1125,9631.964,3982.5549,0.114655571,0.31,0.52,4926,0.184,5.506103e-4,39982,0.4959158846,0.317,0.6730029418,AR,yes
05013,Arkansas,1246,72,0.1616,3910.6439,9250.9855,6076.2155,0.0822368421,0.35,0.34,2316,0.098,1.895016e-4,48415,1,0.302,0.6340540541,AR,yes
05015,Arkansas,7956,72,0.1412,3501.6393,8986.633,6259.5208,0.1279536752,0.36,0.46,2799,0.088,5.314814e-4,43841,0.7283392844,0.24,0.6875841637,AR,yes
05017,Arkansas,2822,72,0.2553,3703.2218,8462.2057,5690.8302,0.0905349794,0.37,0.28,8130,0.091,0.0010538417,37014,0.5427966102,0.282,0.622173058,AR,yes
05019,Arkansas,4915,73,0.1564,3771.4182,9729.8578,4485.5997,0.0866989425,0.38,0.48,3367,0.145,4.532886e-4,44105,0.5437703849,0.258,0.6863604073,AR,yes
05021,Arkansas,4100,72,0.2149,4366.078,9878.5872,5673.2892,0.0966814737,0.33,0.33,3908,0.098,6.73537e-5,40686,0.5885717839,0.338,0.6675977654,AR,yes
05023,Arkansas,8681,73,0.1242,3938.1735,9877.4068,4905.3171,0.0944447509,0.4,0.46,3801,0.128,6.008412e-4,46214,0.7552175587,0.325,0.7532226653,AR,yes
05025,Arkansas,2069,72,0.1303,4766.8356,11044.1709,6408.3997,0.0772151899,0.4,0.46,5670,0.155,NA,53773,1,0.546,0.6055331054,AR,yes
05027,Arkansas,5384,71,0.209,3644.8598,10366.7516,5519.3996,0.0974092673,0.37,0.48,4816,0.188,5.948082e-4,42964,0.5748615184,0.181,0.6249708012,AR,yes
05029,Arkansas,5470,72,0.1856,3935.3542,8707.0832,5930.0959,0.0843925065,0.3,0.31,3886,0.17,6.70145e-4,46924,0.7051661731,0.388,0.6537489469,AR,yes
05031,Arkansas,20159,71,0.1666,4688.7211,13891.3971,6600.5582,0.0939982494,0.44,0.53,5659,0.138,0.0011514582,47766,0.3216822372,0.149,0.8158791541,AR,yes
05033,Arkansas,14877,71,0.1874,4051.9842,11822.9609,6136.9161,0.1002497188,0.38,0.47,4683,0.14,3.942845e-4,44600,0.519613224,0.261,0.7258953168,AR,yes
05035,Arkansas,9793,69,0.2686,4115.3628,14196.2493,8548.7782,0.0837379547,0.39,0.41,4326,0.166,3.102892e-4,41976,0.20887195,0.296,0.7625563594,AR,yes
05037,Arkansas,4167,71,0.1959,4040.4335,11462.6928,5654.4393,0.0900576909,0.27,0.44,7648,0.194,3.597985e-4,45273,0.567879127,0.302,0.7061476026,AR,yes
05039,Arkansas,2005,72,0.1841,3920.7048,8343.6123,4503.0837,0.0777453839,0.33,0.36,5325,0.171,1.39237e-4,41314,0.5263676688,0.362,0.5836982149,AR,yes
05041,Arkansas,2874,71,0.2246,3814.2689,8396.2264,4012.3821,0.1017950963,0.3,0.41,9375,0.095,4.343294e-4,37005,0.3141912669,0.17,0.5495772483,AR,yes
05043,Arkansas,4001,72,0.2128,4567.8724,12640.6068,5822.2482,0.081442577,0.29,0.45,7770,0.175,6.547359e-4,44162,0.4860878492,0.282,0.6949839318,AR,yes
05045,Arkansas,22115,72,0.1259,4427.8716,11571.1345,7662.0758,0.0801489116,0.37,0.5,4169,0.104,5.368332e-4,58482,0.387602992,0.382,0.8043297813,AR,yes
05047,Arkansas,4577,71,0.1881,3792.9189,10653.3553,6347.4681,0.0986726596,0.36,0.48,3937,0.144,2.807412e-4,45670,0.8260413793,0.439,0.622638703,AR,yes
05049,Arkansas,3857,72,0.2095,3613.7634,10129.8925,5034.4086,0.0922612391,0.39,0.4,6539,0.127,5.705436e-4,32926,0.92919559,0.261,0.5791272874,AR,yes
05051,Arkansas,30564,73,0.1229,4648.5978,13327.5913,8374.5076,0.103604695,0.39,0.56,4582,0.159,8.673377e-4,45786,0.3690327418,0.228,0.7857942252,AR,yes
05053,Arkansas,4243,72,0.1122,4786.1163,13221.3884,8190.9944,0.0673801831,0.37,0.56,5009,0.169,1.099626e-4,58566,0.7502940682,0.521,0.7399096605,AR,yes
05055,Arkansas,10212,71,0.1712,4292.4389,13148.2696,5733.4755,0.0717883463,0.41,0.5,6972,0.15,5.51572e-4,47098,0.4150629603,0.279,0.7653297786,AR,yes
05057,Arkansas,4905,71,0.2237,3746.6478,11058.2216,5640.0847,0.1090234152,0.38,0.41,5675,0.212,2.299802e-4,40867,0.5576982618,0.235,0.7294292068,AR,yes
05059,Arkansas,8311,72,0.1562,4346.0455,12194.1495,7321.3434,0.0815804207,0.34,0.56,4879,0.157,2.07709e-4,45860,0.65969079370000006,0.433,0.6481466783,AR,yes
05061,Arkansas,3209,71,0.2244,3639.1705,11710.1382,5259.447,0.1175816024,0.33,0.46,4836,0.096,5.246983e-4,41427,0.6751758648,0.278,0.6606378841,AR,yes
05063,Arkansas,9180,72,0.1889,4050.706,12454.1078,7155.1669,0.0918703472,0.34,0.51,4943,0.113,7.696799e-4,47903,0.6858405872,0.163,0.6001256808,AR,yes
05065,Arkansas,4351,71,0.2201,3219.3151,8896.1139,4783.3782,0.112078346,0.31,0.38,6524,0.162,2.942691e-4,40233,1,0.279,0.5372088229,AR,yes
05067,Arkansas,4002,71,0.2511,4268.0371,12993.9541,6729.5445,0.0855707604,0.34,0.53,7089,0.288,4.16394e-4,38636,0.6506084347,0.29,0.6553690728,AR,yes
05069,Arkansas,16154,71,0.1963,4738.6094,13682.8429,6350.617,0.0771368869,0.35,0.42,5715,0.146,6.166133e-4,40555,0.3091625234,0.21,0.603895377,AR,yes
05071,Arkansas,6174,71,0.2228,3675,10328.1646,6000.6329,0.1301654803,0.32,0.49,4388,0.129,5.235211e-4,40396,0.7136648395,0.194,0.6452179302,AR,yes
05073,Arkansas,1918,71,0.2483,3627.9264,9641.3043,5578.5953,0.1065887568,0.34,0.3,4294,0.189,2.993116e-4,37164,1,0.386,0.6095545977,AR,yes
05075,Arkansas,4472,72,0.2272,4398.7441,10383.0455,6045.9184,0.0829656477,0.33,0.29,6543,0.116,3.042473e-4,39604,0.635601493,0.416,0.6916292743,AR,yes
05077,Arkansas,2072,71,0.3023,3442.9658,11019.962,5362.1673,0.0865473335,0.35,0.35,7185,0.144,1.112966e-4,30421,0.6350729087,0.295,0.5867124142,AR,yes
05079,Arkansas,2531,71,0.2292,5246.9764,12955.4424,6949.7136,0.0994403228,0.34,0.45,7489,0.148,7.47217e-5,44272,1,0.429,0.5422740525,AR,yes
05081,Arkansas,3297,72,0.1837,4337.6623,13100.5291,6779.2208,0.0885735005,0.42,0.49,5488,0.208,2.43388e-4,43257,0.6852175233,0.488,0.66977438,AR,yes
05083,Arkansas,6009,71,0.1989,3766.8314,8971.2786,5393.7616,0.0949315229,0.34,0.33,4692,0.153,1.84018e-4,42249,0.7101954995,0.376,0.70761554,AR,yes
05085,Arkansas,14569,71,0.136,4327.466,12400.0457,8315.5789,0.0761663064,0.36,0.52,4482,0.141,1.900702e-4,62782,0.4481245245,0.477,0.8024168061,AR,yes
05087,Arkansas,4328,72,0.1901,3459.4039,8739.9794,6289.8253,0.1314078331,0.33,0.43,4153,0.121,2.427037e-4,48016,1,0.589,0.6467590381,AR,yes
05089,Arkansas,5767,71,0.1674,3348.5695,9252.2197,4287.4055,0.101380537,0.41,0.37,4589,0.14,1.196029e-4,38760,1,0.329,0.7752875258,AR,yes
05091,Arkansas,9395,71,0.2036,4117.2547,12301.0356,6741.6184,0.085838755,0.38,0.46,5572,0.125,7.111397e-4,50905,0.4001196447,0.215,0.7398027517,AR,yes
05093,Arkansas,8739,70,0.271,4637.839,13225.8782,6426.4117,0.0791119725,0.34,0.45,7728,0.184,4.3648e-4,39990,0.362672117,0.232,0.7259747392,AR,yes
05095,Arkansas,2075,72,0.2649,3694.3973,8480.4754,5377.7589,0.0868558193,0.32,0.27,4403,0.19,4.347826e-4,34289,0.6897778869,0.326,0.5700570057,AR,yes
05097,Arkansas,2821,72,0.1853,3729.1904,9217.2178,6631.699,0.1293934681,0.27,0.31,4099,0.098,2.241147e-4,39591,1,0.359,0.604954715,AR,yes
05099,Arkansas,2223,72,0.1923,3757.3253,10363.6364,6462.0586,0.0792231813,0.36,0.4,5053,0.153,3.603171e-4,36528,0.6917861509,0.516,0.6164262585,AR,yes
05101,Arkansas,2372,71,0.2315,3567.0412,9045.6929,5979.0262,0.0901567177,0.39,0.27,3735,0.127,NA,37648,1,0.441,0.5963896458,AR,yes
05103,Arkansas,6434,72,0.2008,3936.9369,10787.2711,6387.0968,0.0809580579,0.33,0.5,4486,0.186,5.083453e-4,46393,0.5635145482,0.244,0.6729136467,AR,yes
05105,Arkansas,2781,72,0.1653,4081.1298,10495.7933,6908.6538,0.0839032731,0.34,0.47,4390,0.123,1.931994e-4,50560,1,0.624,0.6777535442,AR,yes
05107,Arkansas,4412,70,0.3099,3350.4736,10004.0595,4700.0451,0.0823155665,0.3,0.26,7190,0.207,5.546619e-4,31521,0.4796617181,0.19,0.6538410154,AR,yes
05109,Arkansas,2912,72,0.191,4359.9785,11101.3948,7283.7983,0.131092437,0.27,0.33,5705,0.169,2.810831e-4,44426,1,0.437,0.6700934579,AR,yes
05111,Arkansas,5950,71,0.2535,4596.7065,13917.9851,7186.6322,0.0895244016,0.4,0.46,6855,0.21,1.668474e-4,40536,0.7113859171,0.351,0.7395549024,AR,yes
05113,Arkansas,5771,72,0.183,3393.2615,8539.8922,5378.7062,0.1221784777,0.28,0.36,4610,0.137,7.48167e-4,39722,0.7338592585,0.247,0.6928302802,AR,yes
05115,Arkansas,13680,71,0.1691,4220.2766,11497.145,7321.6597,0.1061466891,0.35,0.48,4864,0.146,6.25e-4,47519,0.5449363604,0.187,0.7488817042,AR,yes
05117,Arkansas,2298,73,0.1672,3927.4681,9561.4506,6061.7864,0.0964868877,0.37,0.33,5202,0.132,1.238543e-4,46205,1,0.421,0.5789194915,AR,yes
05119,Arkansas,83565,72,0.1495,4485.4985,13208.9371,7588.5094,0.0834271057,0.39,0.53,4072,0.121,0.0011943567,52684,0.1227674606,0.203,0.783803962,AR,yes
05121,Arkansas,4766,72,0.2229,4439.6024,14542.8135,6569.5719,0.0979293717,0.33,0.45,5743,0.17,6.128817e-4,42875,0.6742167066,0.309,0.6814411965,AR,yes
05123,Arkansas,5146,70,0.2756,3570.2048,11973.9292,6137.0577,0.0864690343,0.39,0.42,5218,0.154,4.717167e-4,34389,0.5155354236,0.279,0.5786109928,AR,yes
05125,Arkansas,28590,72,0.1082,4883.1871,13298.1926,8725.5187,0.0704318604,0.34,0.55,4637,0.108,4.612052e-4,66944,0.3616012248,0.407,0.8341917187,AR,yes
05127,Arkansas,2766,72,0.2334,3344.0785,7370.7078,5079.1871,0.1200247985,0.32,0.41,4796,0.166,1.938172e-4,38065,0.7035520342,0.381,0.5808823529,AR,yes
05129,Arkansas,2657,72,0.2198,3640.1062,7593.6255,5514.6082,0.1016516261,0.42,0.21,4848,0.176,2.513194e-4,34712,1,0.366,0.6035467388,AR,yes
05131,Arkansas,28356,71,0.1858,4324.8291,12670.5899,6235.3936,0.1322840618,0.42,0.49,4654,0.146,0.001268072,48945,0.2081212622,0.177,0.7581596002,AR,yes
05133,Arkansas,3132,72,0.2128,3952.0548,13083.6595,7423.1898,0.1700346021,0.37,0.51,4804,0.151,4.667717e-4,43493,0.6360065658,0.363,0.7556499575,AR,yes
05135,Arkansas,6096,71,0.2073,3808.7239,10048.7673,5925.7654,0.1063425449,0.33,0.38,4942,0.21,2.303351e-4,37591,0.8005676552,0.305,0.5827850141,AR,yes
05137,Arkansas,4462,72,0.2068,3634.188,11190.4274,5567.1795,0.1272338991,0.3,0.51,5178,0.144,4.816569e-4,36930,1,0.331,0.5061625235,AR,yes
05139,Arkansas,9980,72,0.1755,3947.2099,11814.3627,6461.7945,0.0911791663,0.33,0.46,4262,0.132,5.878444e-4,46602,0.5450419078,0.238,0.6267327992,AR,yes
05141,Arkansas,5517,73,0.1648,4026.8022,8467.9606,4804.9908,0.0974100957,0.4,0.36,3600,0.164,2.409203e-4,38096,1,0.399,0.6396594745,AR,yes
05143,Arkansas,38125,72,0.1393,4159.519,11852.6031,7205.3028,0.1243593683,0.42,0.51,3525,0.095,7.72279e-4,52158,0.2549479231,0.266,0.7916976811,AR,yes
05145,Arkansas,17830,72,0.1666,4032.4811,12934.3099,6436.63,0.0955329641,0.33,0.51,5912,0.173,5.20787e-4,46388,0.5431781618,0.323,0.7588022716,AR,yes
05147,Arkansas,1866,72,0.2685,3821.0332,10846.8635,6940.0369,0.0916887891,0.34,0.28,6396,0.271,4.622496e-4,36568,1,0.266,0.5344474761,AR,yes
05149,Arkansas,5003,71,0.2182,3887.8726,11364.8374,5553.8618,0.1196062722,0.3,0.38,8194,0.136,5.107964e-4,44469,0.7912553527,0.249,0.7053178729,AR,yes
06001,California,262928,72,0.3948,3506.8446,12634.6232,5114.9681,0.0497877745,0.37,0.46,3023,0.07,0.001100943,107589,0.0038860575,0.476,0.8888902364,CA,yes
06003,California,286,72,0.1632,3087.8661,8598.3264,2761.5063,0.0700483092,0.41,0.32,3018,0.068,0,58112,1,0.231,0.8257142857,CA,yes
06005,California,12415,73,0.1388,3390.2529,9568.0444,5423.9358,0.0601464224,0.42,0.47,2802,0.17,6.347917e-4,62640,0.6042372214,0.449,0.8463067014,CA,yes
06007,California,47839,72,0.2349,3661.5991,12416.4375,3635.6302,0.0766158571,0.4,0.4,4748,0.104,6.053897e-4,58394,0.1890181818,0.24,0.8537037037,CA,yes
06009,California,14208,73,0.1468,3345.0338,8503.4668,3084.7634,0.07387613,0.42,0.42,2536,0.108,4.166484e-4,68248,0.7540918864,0.596,0.8225121001,CA,yes
06011,California,4063,72,0.3346,3411.5385,9050.8876,4382.5444,0.1151766004,0.33,0.45,4095,0.155,2.77431e-4,59048,0.3172417013,0.331,0.8098796181,CA,yes
06013,California,215034,72,0.2619,3655.1798,13016.1731,5908.2099,0.0589354279,0.4,0.48,3222,0.085,0.0010345892,106555,0.0079273611,0.515,0.9166170596,CA,yes
06015,California,6793,71,0.2974,2948.3048,8133.0984,3075.5287,0.0732854542,0.29,0.38,2997,0.169,6.108955e-4,48979,0.3367354072,0.098,0.7972850679,CA,yes
06017,California,48975,72,0.149,3480.7936,10400.4505,3807.1451,0.0570737091,0.41,0.48,3131,0.08,7.866665e-4,86202,0.3469993041,0.399,0.8721362753,CA,yes
06019,California,154565,72,0.3336,3876.5864,12725.8848,6478.2795,0.0883178528,0.38,0.44,3839,0.097,6.697506e-4,56926,0.1080520178,0.25,0.8015108507,CA,yes
06021,California,6082,72,0.2963,3609.7886,10741.0017,3529.9943,0.1186785591,0.36,0.35,5079,0.112,1.426177e-4,55682,0.4087191523,0.321,0.7162121963,CA,yes
06023,California,31287,71,0.2492,2737.0949,7126.0762,3412.8884,0.081973417,0.28,0.4,2961,0.098,6.379562e-4,51134,0.2975865937,0.169,0.8352018142,CA,yes
06025,California,34433,72,0.5581,4545.6708,14984.2247,6670.8389,0.0817215685,0.32,0.32,3614,0.092,2.47488e-4,48102,0.1741783553,0.223,0.7751232461,CA,yes
06027,California,4731,73,0.1884,1619.8454,6865.4639,1853.3505,0.0775416851,0.33,0.39,2118,0.117,0.0011119142,59605,0.4643049714,0.164,0.8028930818,CA,yes
06029,California,129110,70,0.3737,4184.976,13695.9784,6362.4652,0.0904543933,0.34,0.4,4466,0.097,4.895379e-4,53245,0.1020603098,0.234,0.797211801,CA,yes
06031,California,19038,72,0.3279,3384.5554,11975.6731,4253.1383,0.0846133163,0.32,0.37,4114,0.129,3.699642e-4,57297,0.1085160346,0.268,0.8041977354,CA,yes
06033,California,18116,71,0.331,2620.7885,7267.58,2796.8684,0.0885026573,0.3,0.3,3652,0.105,4.349042e-4,46897,0.3310600789,0.414,0.7664458301,CA,yes
06035,California,5524,71,0.2366,2909.3199,7513.644,3166.0369,0.0484336576,0.32,0.33,3561,0.147,2.921888e-4,53613,0.705258633,0.182,0.7881465517,CA,yes
06037,California,1618523,73,0.4177,4634.82,19107.159,7700.0818,0.1019608703,0.33,0.39,4053,0.088,7.334607e-4,72721,0.0060521836,0.506,0.8425745335,CA,yes
06039,California,26436,71,0.3215,3377.2367,10761.3194,5804.4967,0.1065250547,0.36,0.37,3386,0.121,4.503019e-4,61105,0.3292480032,0.402,0.7985339008,CA,yes
06041,California,62662,75,0.1321,3405.4408,13049.2018,5699.0311,0.048162429,0.43,0.5,2101,0.082,0.001448014,112069,0.0651997354,0.457,0.9126925412,CA,yes
06043,California,5233,73,0.1887,3280.9149,8362.64,3991.4224,0.0833870968,0.38,0.3,2908,0.082,2.861885e-4,52760,1,0.386,0.749313097,CA,yes
06045,California,24513,72,0.2656,2070.4153,6788.5499,2640.2184,0.0999058901,0.34,0.3,2805,0.107,8.789352e-4,52309,0.4523058708,0.217,0.810654499,CA,yes
06047,California,40245,72,0.3653,3706.7123,11787.6971,5833.3039,0.0903127702,0.37,0.43,5004,0.131,4.512947e-4,59733,0.1427326002,0.308,0.8390285971,CA,yes
06049,California,2726,72,0.2535,2839.1521,5229.0108,2076.0599,0.094282043,0.34,0.18,3327,0.116,6.836049e-4,45311,0.6995663845,0.189,0.6969026549,CA,yes
06051,California,2197,72,0.1256,1656.0647,5614.5553,1756.3342,0.1021482551,0.4,0.43,2297,0.107,7.017544e-4,66226,0.4583157302,0.152,0.8407135362,CA,yes
06053,California,71035,73,0.2518,3031.1653,11124.2584,4502.4171,0.1193069722,0.37,0.45,3162,0.091,6.290261e-4,76509,0.0981600118,0.273,0.8424757186,CA,yes
06055,California,31458,73,0.251,3747.094,12251.6966,4049.318,0.0799611495,0.42,0.44,2795,0.098,9.467999e-4,90230,0.1340083819,0.33,0.8906683092,CA,yes
06057,California,31353,73,0.136,3231.7041,10918.3352,4932.1938,0.0680900093,0.42,0.47,2285,0.055,7.021345e-4,69550,0.4213478595,0.311,0.8573002081,CA,yes
06059,California,556559,74,0.2628,4448.767,16912.3052,7061.7479,0.0809917956,0.4,0.48,2832,0.086,9.877689e-4,95761,0.0014334443,0.421,0.9070238614,CA,yes
06061,California,93271,73,0.1392,4020.4138,12448.6049,6602.3742,0.0456118455,0.46,0.49,1991,0.07,0.0012285419,97688,0.1378719521,0.398,0.8964614469,CA,yes
06063,California,6730,72,0.183,2542.4495,5500,1708.7683,0.0650762494,0.38,0.24,3911,0.074,7.977026e-4,59376,0.7402409157,0.21,0.7792899408,CA,yes
06065,California,415937,72,0.2215,4137.4179,14031.3072,5163.2142,0.0913649452,0.34,0.39,3564,0.097,4.30071e-4,72905,0.0462231023,0.467,0.8663347556,CA,yes
06067,California,280440,70,0.3511,3546.2534,11864.2999,5587.0674,0.0613019076,0.37,0.44,3603,0.094,8.682814e-4,71891,0.0206211217,0.394,0.8792136642,CA,yes
06069,California,9945,73,0.2162,3612.5761,12130.8316,3790.9302,0.0795492831,0.39,0.49,3349,0.097,2.925069e-4,84209,0.2400441477,0.522,0.9016818307,CA,yes
06071,California,327492,70,0.3586,3696.386,13874.7021,4640.1617,0.0925466077,0.3,0.32,4170,0.104,5.885054e-4,67398,0.0473449914,0.424,0.8438261055,CA,yes
06073,California,582289,73,0.1958,4005.8428,13069.522,6286.8859,0.0915705318,0.35,0.42,2974,0.076,8.04878e-4,83576,0.0329704944,0.382,0.9015050396,CA,yes
06075,California,157000,73,0.517,3005.3041,11224.1691,3153.6516,0.048462485,0.33,0.4,2921,0.061,0.0015906171,121795,0,0.529,0.8755471169,CA,yes
06077,California,121914,71,0.3202,3431.4576,11894.4384,5676.6626,0.0778486538,0.35,0.44,3599,0.103,5.978795e-4,68458,0.0847285738,0.4,0.8287723075,CA,yes
06079,California,70184,73,0.1388,3774.4611,11333.1816,4969.3185,0.0735694312,0.44,0.5,2170,0.091,8.203936e-4,76599,0.1659638699,0.246,0.8804502694,CA,yes
06081,California,135942,75,0.1238,3526.3364,11293.1382,4601.6924,0.0494719631,0.43,0.49,1880,0.081,0.0010460727,135234,0.0189101275,0.427,0.9101133401,CA,yes
06083,California,82732,73,0.2062,4058.0818,12001.2065,5915.1203,0.1149992506,0.44,0.48,1991,0.08,7.502346e-4,74530,0.0501751613,0.198,0.8780235301,CA,yes
06085,California,289999,74,0.255,3717.3871,11966.5544,5639.4083,0.0510545704,0.39,0.51,2829,0.085,0.0010399624,132444,0.0108366327,0.441,0.9181071984,CA,yes
06087,California,55677,73,0.2129,3332.8291,11589.4885,6291.9369,0.0728261317,0.44,0.51,2490,0.062,0.0010136552,85770,0.1203931672,0.387,0.8734371412,CA,yes
06089,California,49990,71,0.2295,3814.069,9691.4801,4990.3557,0.0698752127,0.38,0.42,2890,0.124,7.498334e-4,61464,0.2928626646,0.156,0.8033604473,CA,yes
06091,California,924,72,0.2139,2562.1891,6628.1095,2177.8607,0.0705824284,0.35,0.21,2310,0.07,3.347841e-4,55862,0.9972222222,0.478,0.7482941622,CA,yes
06093,California,14407,72,0.2332,3011.3243,5691.491,2259.3583,0.0842438093,0.39,0.32,2659,0.101,7.089928e-4,45954,0.6582628062,0.222,0.8021829522,CA,yes
06095,California,87187,71,0.2829,3670.6729,10813.6635,5090.0958,0.0577066117,0.33,0.39,3339,0.094,8.441369e-4,85704,0.0371845243,0.438,0.9051479665,CA,yes
06097,California,114306,73,0.2114,3574.6822,11211.8416,4887.154,0.0816027938,0.41,0.47,2599,0.083,0.0010361202,87084,0.1235352713,0.309,0.8946001035,CA,yes
06099,California,93466,70,0.3802,3635.9286,12064.5747,5904.7056,0.071382149,0.36,0.44,4480,0.102,6.474905e-4,62761,0.0798070961,0.353,0.848462892,CA,yes
06101,California,18765,72,0.291,4124.5871,12658.3968,6215.6004,0.0904467405,0.38,0.52,3919,0.131,7.850672e-4,60910,0.1479780867,0.338,0.827123422,CA,yes
06103,California,15892,72,0.2562,3693.2998,8118.5908,3346.0208,0.081015863,0.39,0.35,3837,0.112,4.69366e-4,51672,0.5148826876,0.312,0.7569142999,CA,yes
06105,California,3696,72,0.2413,2882.5874,6533.1085,3293.9914,0.0896412102,0.38,0.39,2132,0.097,2.393299e-4,43881,1,0.273,0.678228658,CA,yes
06107,California,68232,72,0.3681,3641.6465,11696.2082,4645.8309,0.0897201886,0.34,0.43,3923,0.109,4.250195e-4,56776,0.1547993007,0.261,0.7766533081,CA,yes
06109,California,16933,73,0.1626,3022.328,9674.4593,3184.7134,0.0623170109,0.42,0.45,2220,0.08,7.884266e-4,64729,0.4896595322,0.268,0.8199715581,CA,yes
06111,California,164790,73,0.2115,4498.3258,15645.7676,7147.3218,0.0937062426,0.38,0.48,3067,0.087,7.814639e-4,91446,0.0312455212,0.345,0.8816927391,CA,yes
06113,California,34923,72,0.332,3331.2741,10074.8333,5611.232,0.0680608593,0.37,0.5,2454,0.078,0.0012159268,70951,0.0692958392,0.319,0.8827931517,CA,yes
06115,California,13931,70,0.3216,3906.4704,11356.6391,5871.7162,0.0778805441,0.32,0.42,5032,0.127,2.30648e-4,56607,0.2622271499,0.442,0.8310692874,CA,yes
08001,Colorado,67601,70,0.2443,3682.9739,11537.1226,4830.2461,0.1055792148,0.35,0.47,2997,0.074,4.610564e-4,75341,0.0362044642,0.474,0.8503875038,CO,yes
08003,Colorado,3228,71,0.3407,3152.027,8202.1396,2551.2387,0.1387385995,0.31,0.43,3275,0.075,7.792363e-4,38213,0.3686629977,0.134,0.7541382668,CO,yes
08005,Colorado,101971,72,0.1512,4114.7653,13161.0165,5717.8104,0.0891464056,0.45,0.53,2913,0.071,8.061854e-4,82364,0.0157534139,0.417,0.8984536254,CO,yes
08007,Colorado,4433,72,0.1136,2905.7283,5320.4583,2177.4141,0.1343715683,0.4,0.34,1967,0.058,7.991282e-4,57604,0.5937603443,0.177,0.8310003414,CO,yes
08009,Colorado,1016,74,0.2679,3926.2202,5897.8434,2138.479,0.1484732824,0.32,0.26,7826,0.137,8.368201e-4,38945,1,0.146,0.7123947052,CO,yes
08011,Colorado,1171,71,0.3259,3186.5966,7166.8857,3625.4928,0.1064908722,0.39,0.35,4243,0.123,NA,35764,0.3795968611,0.214,0.7300509338,CO,yes
08013,Colorado,57837,73,0.1146,4035.2609,12272.7237,4452.7504,0.0739468831,0.45,0.55,2452,0.055,0.0012052331,88341,0.0891308259,0.299,0.91066201,CO,yes
08014,Colorado,11901,73,0.0886,4198.6401,12502.6712,5027.6833,0.0511304174,0.5,0.58,1889,0.069,9.817085e-4,106892,0.0058329904,0.444,0.9285402257,CO,yes
08015,Colorado,5902,73,0.1159,2860.673,5729.4953,1700.5783,0.1101914123,0.38,0.46,2117,0.081,8.987866e-4,60331,0.3741366725,0.203,0.8124164743,CO,yes
08017,Colorado,421,73,0.2188,3346.875,6546.875,1818.75,0.1321403992,0.18,0.38,3076,0.096,0,52337,1,0.117,0.8217054264,CO,yes
08019,Colorado,2067,70,0.2021,3680.317,10237.7807,4747.6882,0.0665699974,0.34,0.51,1411,0.063,1.041124e-4,79900,1,0.56,0.841410694,CO,yes
08021,Colorado,2063,71,0.3757,2667.6083,5864.4068,2239.1714,0.1080074488,0.23,0.32,3536,0.102,4.878049e-4,40944,1,0.37,0.6729500471,CO,yes
08023,Colorado,1290,70,0.3968,2418.6047,5680.2326,2177.3256,0.1428042915,0.26,0.34,1621,0.179,NA,34731,1,0.271,0.6815578465,CO,yes
08025,Colorado,898,71,0.3618,3341.9483,8888.668,4246.5209,0.1176209498,0.35,0.39,3794,0.078,NA,38224,1,0.343,0.7671022291,CO,yes
08027,Colorado,1978,72,0.1066,2862.7451,6404.0921,2796.2489,0.1152638191,0.33,0.42,270,0.113,6.055713e-4,57381,1,0.458,0.8419150858,CO,yes
08029,Colorado,10117,73,0.1354,2700.3472,7369.6181,2868.75,0.1113124632,0.39,0.43,2520,0.11,6.78448e-4,51525,0.6317200827,0.361,0.7374400404,CO,yes
08031,Colorado,97733,72,0.2069,3894.6908,12448.2367,4998.4118,0.1029685126,0.42,0.5,2777,0.051,0.0013859192,75456,0,0.389,0.8660236616,CO,yes
08033,Colorado,602,72,0.1632,2979.3103,4905.7471,1862.069,0.1067013663,0.35,0.33,2769,0.078,4.821601e-4,50232,1,0.342,0.6469038208,CO,yes
08035,Colorado,54081,73,0.0559,4286.6753,13210.4767,6250.5718,0.0385622665,0.48,0.55,2268,0.056,7.147525e-4,123697,0.1028742578,0.423,0.9602846515,CO,yes
08037,Colorado,7082,72,0.0741,3517.9656,9365.2144,5045.4782,0.1254359715,0.46,0.54,2040,0.043,7.455494e-4,89268,0.1998390712,0.315,0.8972538661,CO,yes
08039,Colorado,5589,72,0.0735,3863.1421,11080.24,5883.0146,0.0709107386,0.38,0.41,2473,0.067,1.521954e-4,101733,1,0.684,0.9073275862,CO,yes
08041,Colorado,119506,72,0.1266,3780.4099,11437.4254,4753.7025,0.0856797816,0.35,0.45,2382,0.066,6.065649e-4,72675,0.089343252,0.275,0.9069190352,CO,yes
08043,Colorado,13475,72,0.2063,3243.136,8595.6004,4182.6001,0.084659863899999993,0.37,0.4,2635,0.084,4.997813e-4,52239,0.2642021186,0.25,0.8272058824,CO,yes
08045,Colorado,9676,72,0.1605,3379.1892,7496.4227,2993.7241,0.139133332,0.38,0.46,2256,0.048,8.365401e-4,73788,0.2410399191,0.422,0.8643129593,CO,yes
08047,Colorado,1218,70,0.1624,2902.214,8514.7601,4114.3911,0.0380820837,0.32,0.47,374,0.057,1.63372e-4,74806,1,0.592,0.8947180585,CO,yes
08049,Colorado,2968,72,0.0825,2931.7227,6167.542,2383.9286,0.1022236191,0.38,0.41,2203,0.065,6.441224e-4,71029,0.8259785758,0.321,0.8942895989,CO,yes
08051,Colorado,2727,72,0.1147,1562.2659,7261.7041,1859.0824,0.1087049743,0.42,0.46,2444,0.031,8.697669e-4,60408,0.5860741321,0.165,0.8496070133,CO,yes
08053,Colorado,267,72,0.0773,2454.1063,7241.5459,3082.1256,0.1093189964,0.35,0.16,NA,0.101,0.0012330456,61391,1,0.065,0.7374005305,CO,yes
08055,Colorado,2614,72,0.2536,3060.9841,7180.8732,2626.4726,0.0818574514,0.37,0.26,1517,0.094,8.709537e-4,39955,0.5614662494,0.299,0.6446511628,CO,yes
08057,Colorado,364,72,0.1393,2814.2857,6007.1429,1975,0.137254902,0.25,0.32,2007,0.104,0.0014295926,53577,1,0.366,0.7885304659,CO,yes
08059,Colorado,115303,72,0.1274,3961.552,12221.1859,5894.1582,0.0664764527,0.44,0.52,2063,0.062,8.410414e-4,89696,0.068963582,0.438,0.9018615144,CO,yes
08061,Colorado,365,73,0.232,2647.0588,5552.2876,2251.634,0.0936902486,0.27,0.36,1278,0.087,0,46901,1,0.149,0.8463949843,CO,yes
08063,Colorado,1644,73,0.1733,3618.2602,6161.7541,1710.9993,0.1438404518,0.23,0.37,4517,0.111,5.584252e-4,42951,0.4869407497,0.112,0.8089214381,CO,yes
08065,Colorado,1120,71,0.1298,2859.8972,7615.6812,3079.6915,0.1356737697,0.34,0.49,557,0.081,5.112474e-4,56850,0.3106703146,0.553,0.8089622642,CO,yes
08067,Colorado,12380,72,0.1129,3336.1956,8700.7752,2743.5897,0.1015930936,0.39,0.49,1895,0.054,0.0011898419,77829,0.599485721,0.277,0.7771863816,CO,yes
08069,Colorado,70598,73,0.1009,3575.9752,11171.779,3563.3865,0.0708763333,0.46,0.56,2257,0.054,8.558762e-4,75332,0.1166038114,0.284,0.8927098766,CO,yes
08071,Colorado,4548,71,0.3119,2796.1707,6104.5074,3130.4348,0.1253222288,0.36,0.27,4682,0.131,5.5161e-4,43452,0.4079447991,0.195,0.7032983508,CO,yes
08073,Colorado,1114,73,0.2215,3370.46,6509.6852,2934.6247,0.0950276243,0.28,0.49,4103,0.07,3.565062e-4,43077,1,0.17,0.7621870883,CO,yes
08075,Colorado,4544,72,0.21,3100.7463,8567.1642,5520.3528,0.0997209176,0.41,0.42,2872,0.099,7.432181e-4,58429,0.291558413,0.136,0.8371261766,CO,yes
08077,Colorado,38474,72,0.1289,3064.2708,8842.3303,3352.1225,0.1016388513,0.37,0.5,2721,0.086,0.0011226641,60249,0.1267626752,0.132,0.857422824,CO,yes
08079,Colorado,322,73,0.0885,2862.8319,4212.3894,1982.3009,0.1028037383,0.34,0.55,1507,0.094,0.0012886598,63015,1,0.135,0.8283378747,CO,yes
08081,Colorado,2562,71,0.1866,3256.8637,6024.6626,2385.2955,0.0962794918,0.33,0.38,3742,0.083,2.274795e-4,63232,0.2735773831,0.308,0.8004099888,CO,yes
08083,Colorado,7450,72,0.203,2875.635,6146.7181,2252.5909,0.130642989,0.3,0.39,1712,0.128,9.557306e-4,52641,0.6718229881,0.204,0.7039887377,CO,yes
08085,Colorado,12448,73,0.1485,2864.293,9008.2362,3012.0375,0.1177672956,0.38,0.48,2178,0.082,8.0542e-4,50707,0.449898246,0.145,0.7740956826,CO,yes
08087,Colorado,5468,73,0.2036,2793.0054,8447.5405,2559.5678,0.1293706294,0.38,0.41,2553,0.093,7.003292e-4,57535,0.3254732057,0.161,0.8307101025,CO,yes
08089,Colorado,4899,71,0.3246,2998.8831,8010.0521,4041.3254,0.1058216232,0.34,0.42,4554,0.126,5.425347e-4,43723,0.3440603261,0.137,0.717042217,CO,yes
08091,Colorado,1612,72,0.0699,2876.3052,8576.7068,4137.3494,0.0867709815,0.38,0.49,1011,0.069,0.0012414649,72836,1,0.456,0.8585298197,CO,yes
08093,Colorado,4138,70,0.1188,3136.6071,8653.125,4938.3929,0.0885342064,0.35,0.43,1872,0.056,2.155637e-4,77221,1,0.613,0.8392728322,CO,yes
08095,Colorado,1088,75,0.2015,3505.4466,5908.4967,1579.5207,0.1390586797,0.37,0.37,4598,0.095,0.0011665889,53432,1,0.22,0.7904085258,CO,yes
08097,Colorado,3336,73,0.0548,3663.482,9146.8507,3792.9936,0.1172699069,0.45,0.56,455,0.039,7.24234e-4,92820,0.4420340564,0.223,0.9287531807,CO,yes
08099,Colorado,2632,72,0.3096,3134.821,4925.1511,2421.6643,0.1394959741,0.26,0.32,4329,0.126,3.288392e-4,47051,0.3788542746,0.101,0.772299509,CO,yes
08101,Colorado,41008,70,0.2433,3720.3284,11789.7606,5799.411,0.0892470093,0.41,0.52,3479,0.1,6.804792e-4,51075,0.141535115,0.219,0.7623690021,CO,yes
08103,Colorado,1346,72,0.1574,3261.3522,5095.8628,1527.7497,0.0839889851,0.36,0.25,5300,0.065,0.0015782828,65960,1,0.159,0.8152976967,CO,yes
08105,Colorado,3384,72,0.3195,3053.7762,5215.5002,1953.7367,0.1410446908,0.3,0.28,4728,0.111,0.0010666667,48496,0.6253546987,0.144,0.6383993365,CO,yes
08107,Colorado,4611,72,0.0792,3398.2115,8118.6218,2597.8432,0.0906229751,0.45,0.56,1470,0.053,0.0011658182,87691,0.451784423,0.258,0.9191919192,CO,yes
08109,Colorado,1557,71,0.2467,2504.5501,5045.5005,1801.82,0.1737429075,0.22,0.32,3274,0.138,1.461347e-4,37004,1,0.327,0.6643356643,CO,yes
08111,Colorado,184,73,NA,2534.7222,6305.5556,3034.7222,0.103626943,0.27,0.64,NA,0.076,0.001312336,50524,1,0.088,0.76816609,CO,yes
08113,Colorado,1232,72,0.0821,3322.0153,7953.9978,4271.632,0.1235454676,0.43,0.39,862,0.035,8.545965e-4,77209,1,0.249,0.8454391892,CO,yes
08115,Colorado,779,73,0.2133,3091.8519,5251.8519,1813.3333,0.1218487395,0.22,0.16,5945,0.113,4.342162e-4,42808,1,0.253,0.7394002068,CO,yes
08117,Colorado,3974,72,0.0495,3527.3755,8448.958,4705.7577,0.1194018664,0.45,0.58,1149,0.04,6.450156e-4,86570,0.1951846824,0.153,0.8346959872,CO,yes
08119,Colorado,7223,71,0.1214,3380.7229,9743.0723,3792.4699,0.0761439589,0.33,0.4,2910,0.071,5.182793e-4,70599,0.6260385439,0.515,0.8927595628,CO,yes
08121,Colorado,1151,73,0.1983,2616.1188,6254.5069,2128.3139,0.0931306001,0.38,0.19,3640,0.134,4.07415e-4,53263,1,0.337,0.8183996167,CO,yes
08123,Colorado,50263,72,0.1554,3712.4557,11336.5008,4295.8822,0.0940860116,0.45,0.52,3042,0.075,5.663289e-4,78160,0.2046000198,0.416,0.8601809479,CO,yes
08125,Colorado,2045,73,0.196,3144.5714,6566.8571,1421.1429,0.1458123108,0.39,0.28,3914,0.083,4.99002e-4,52841,0.649108832,0.143,0.7557100298,CO,yes
09001,Connecticut,169339,75,0.2086,4567.9788,17198.5158,6202.3713,0.0826501972,0.48,0.55,3819,0.073,9.313187e-4,96966,0.0458406093,0.364,0.8853872406,CT,yes
09003,Connecticut,185412,73,0.3147,4294.9878,16419.8811,6695.4504,0.0526609566,0.48,0.56,4201,0.102,9.70094e-4,75336,0.0540864013,0.297,0.838776512,CT,yes
09005,Connecticut,46415,74,0.2443,4163.9032,15280.3983,5843.6726,0.0527913858,0.45,0.56,3560,0.082,5.79755e-4,81015,0.4144855655,0.412,0.8674588296,CT,yes
09007,Connecticut,39948,74,0.2281,4289.1393,15883.5383,4639.8224,0.040871505,0.46,0.59,4119,0.084,7.130475e-4,81721,0.2454006615,0.421,0.8636872676,CT,yes
09009,Connecticut,177455,73,0.3069,4502.4119,18035.6215,5520.0297,0.0615820428,0.43,0.56,4125,0.102,8.756792e-4,69687,0.0363998112,0.335,0.8324903501,CT,yes
09011,Connecticut,61281,73,0.2823,4213.2142,15856.6707,5481.2757,0.0548465548,0.45,0.54,4030,0.098,6.484647e-4,75226,0.2580832315,0.291,0.8641620373,CT,yes
09013,Connecticut,30025,73,0.2471,4268.3527,15233.517,5534.1468,0.0403640436,0.45,0.59,4285,0.079,5.102007e-4,90181,0.382078839,0.435,0.8818310795,CT,yes
09015,Connecticut,25392,71,0.3746,3891.9913,14067.8657,4989.9642,0.0535831969,0.46,0.55,5087,0.11,4.443419e-4,63309,0.4976103624,0.387,0.8362511957,CT,yes
10001,Delaware,41373,72,0.168,4620.3419,16160.9159,6085.2178,0.0698782609,0.49,0.54,6129,0.139,4.704565e-4,58804,0.2696937958,0.345,0.8524226397,DE,yes
10003,Delaware,110009,73,0.1449,4070.0644,14965.8708,5316.1929,0.0589327116,0.46,0.56,4896,0.106,8.921308e-4,76076,0.0460240789,0.345,0.8658255154,DE,yes
10005,Delaware,81751,73,0.0967,4301.0869,14399.1977,4637.026,0.0907653326,0.52,0.57,4212,0.129,6.193139e-4,64839,0.4130360902,0.374,0.8108662225,DE,yes
11001,District of Columbia,NA,NA,NA,NA,NA,NA,0.0355204491,0.34,0.41,5032,0.081,0.001175876,90395,0,0.507,0.826236172,DC,yes
12001,Florida,49358,73,0.1468,4289.6165,14384.3587,6552.3576,0.1155973603,0.46,0.51,4792,0.093,0.0015632177,49880,0.2119343727,0.258,0.8535129343,FL,no
12003,Florida,5380,71,0.1818,4505.2338,15802.1633,6046.0572,0.1148871767,0.38,0.43,6604,0.145,2.821372e-4,60454,0.5949105661,0.529,0.7764868285,FL,no
12005,Florida,39992,72,0.1269,4443.5638,16140.6773,6288.6449,0.1495874297,0.31,0.36,5119,0.12,5.612914e-4,58376,0.1199985786,0.319,0.8527484529,FL,no
12007,Florida,6235,73,0.1752,4827.92,15679.8876,7725.7964,0.1353870458,0.46,0.36,7334,0.126,2.52416e-4,47509,0.7552945302,0.518,0.7101481075,FL,no
12009,Florida,171208,73,0.1074,4665.601,16944.7728,6763.2926,0.1337737224,0.43,0.41,4541,0.131,7.288276e-4,57582,0.050743868,0.34,0.8723488284,FL,no
12011,Florida,355856,73,0.1941,4893.1377,19759.8657,7311.2051,0.1684594926,0.37,0.39,4806,0.091,7.267099e-4,61429,1.6933e-4,0.452,0.8452909209,FL,no
12013,Florida,3234,72,0.2769,4104.8951,13220.2797,5791.6084,0.1489006675,0.32,0.2,6215,0.167,4.113252e-4,41399,0.6751452991,0.413,0.677627194,FL,no
12015,Florida,77580,74,0.0749,5182.2344,16561.5588,9419.4902,0.1592189329,0.51,0.53,4427,0.128,6.000065e-4,54756,0.088843466,0.311,0.8467831086,FL,no
12017,Florida,64499,74,0.0956,4528.9374,15006.2427,8004.617,0.1528463008,0.45,0.47,4449,0.133,5.07e-4,49762,0.3451881956,0.344,0.8211240401,FL,no
12019,Florida,47391,73,0.0815,4865.709,16740.3958,6992.1071,0.1237798272,0.39,0.41,4164,0.12,5.229738e-4,75776,0.1496869515,0.575,0.90535832,FL,no
12021,Florida,113644,75,0.0511,5270.8396,16366.5931,7947.7368,0.2261607766,0.52,0.55,3172,0.091,7.662066e-4,76415,0.0848594178,0.334,0.851670525,FL,no
12023,Florida,17831,72,0.1906,4544.382,15633.2584,7873.2584,0.1319899436,0.43,0.42,6708,0.15,4.680652e-4,47087,0.6205742548,0.318,0.7855409223,FL,no
12027,Florida,7872,73,0.1774,4744.8902,14074.4386,7199.5963,0.2457502704,0.47,0.41,5695,0.143,2.934194e-4,41673,0.4624232689,0.306,0.5731444665,FL,no
12029,Florida,4629,72,0.2398,4135.9773,12823.4183,6764.8725,0.1585075174,0.34,0.33,5372,0.146,1.197605e-4,39793,0.7702472293,0.277,0.5837945879,FL,no
12031,Florida,181777,73,0.1463,4906.5072,17629.1135,7810.8319,0.141909553,0.42,0.45,5311,0.13,8.514167e-4,58339,0.02911498,0.363,0.8397358877,FL,no
12033,Florida,75536,73,0.1375,4560.9699,14751.5463,4566.0897,0.1287498474,0.38,0.39,4725,0.13,7.194153e-4,52822,0.0830222533,0.245,0.8304885766,FL,no
12035,Florida,42986,74,0.0692,4766.1066,15296.9282,6740.4907,0.1522771506,0.51,0.47,4083,0.126,5.532405e-4,62831,0.1032122555,0.399,0.7681916384,FL,no
12037,Florida,3373,73,0.1493,3286.1357,9883.1858,4732.1534,0.170669529,0.35,0.32,4055,0.116,2.556237e-4,47504,0.6804052299,0.219,0.7707020702,FL,no
12039,Florida,11102,70,0.2884,3807.6041,12514.5854,6010.1606,0.1538085797,0.39,0.34,5390,0.205,1.961041e-4,42975,0.6537972364,0.54,0.6040002332,FL,no
12041,Florida,4427,73,0.1569,4296.8275,12104.3025,7097.349,0.1610358684,0.39,0.37,7198,0.151,3.834356e-4,46171,0.8391876734,0.53,0.661355198,FL,no
12043,Florida,2996,74,0.1572,4949.26,14907.6815,6093.0233,0.2586104864,0.35,0.42,6337,0.21,NA,45412,0.7063800062,0.363,0.6021276596,FL,no
12045,Florida,4140,72,0.1481,3906.2241,13264.3154,5256.8465,0.126797919,0.32,0.36,5441,0.132,3.711952e-4,53228,0.7708504066,0.392,0.7503908286,FL,no
12047,Florida,3157,71,0.2281,4160.9125,13839.0875,6815.6597,0.1492372319,0.42,0.38,6469,0.149,6.98812e-5,39241,0.6348401919,0.286,0.6493951153,FL,no
12049,Florida,4762,72,0.2368,4787.412,14346.3908,5588.4683000000005,0.1903063166,0.39,0.38,6051,0.164,1.101119e-4,41430,0.4780931088,0.312,0.5949383187,FL,no
12051,Florida,6553,72,0.3079,4947.9653,14477.3182,5497.6651,0.2723967131,0.35,0.33,4831,0.129,2.406391e-4,45107,0.3789218191,0.351,0.6652829887,FL,no
12053,Florida,63835,73,0.1144,4823.078,17568.5821,7714.6225,0.1570556905,0.43,0.43,4897,0.152,5.186912e-4,50705,0.1937515193,0.401,0.8429022668,FL,no
12055,Florida,36627,75,0.13,4963.29,16309.8413,6147.9365,0.1937991463,0.41,0.42,5297,0.155,5.786159e-4,45723,0.2106573806,0.203,0.7425011979,FL,no
12057,Florida,261122,73,0.1633,4942.8342,18356.863,6845.6154,0.147277578,0.38,0.44,5255,0.106,8.288746e-4,61133,0.0351286094,0.451,0.8746177603,FL,no
12059,Florida,4664,72,0.2221,3680.0789,13124.2604,5395.2663,0.1744404332,0.33,0.37,4507,0.145,3.593983e-4,38874,0.787725197,0.452,0.7241962775,FL,no
12061,Florida,59271,75,0.082,4939.6689,16716.3166,7086.856,0.1824244689,0.49,0.52,3405,0.109,5.971553e-4,61173,0.0496783261,0.265,0.8213335153,FL,no
12063,Florida,11925,72,0.2147,4170.6605,14037.02,5405.53,0.1479280488,0.39,0.34,6960,0.161,3.93334e-4,40543,0.7536284324,0.379,0.7133360546,FL,no
12065,Florida,3956,73,0.1949,3805.8182,12184,5860.3636,0.1403200826,0.37,0.31,5378,0.143,2.099664e-4,47192,1,0.567,0.7329289428,FL,no
12067,Florida,1581,72,0.1989,4526.1364,13029.5455,7113.6364,0.1941780822,0.41,0.31,7457,0.142,1.145213e-4,45480,1,0.464,0.7765517241,FL,no
12069,Florida,115006,74,0.0853,4902.6515,16688.0871,7585.7576,0.153159253,0.53,0.53,4278,0.129,6.732212e-4,57660,0.1925386801,0.48,0.8564143035,FL,no
12071,Florida,219308,74,0.0751,5300.0216,16211.6531,6961.4915,0.1926164872,0.52,0.53,3678,0.108,6.546428e-4,62364,0.058202452,0.428,0.8521551646,FL,no
12073,Florida,50315,73,0.1726,4140.1598,14062.0915,6469.8015,0.1166366677,0.41,0.42,4973,0.082,8.478575e-4,55081,0.1230947377,0.22,0.8792781854,FL,no
12075,Florida,13378,73,0.1698,4143.2787,12680.6557,6709.8361,0.1809252008,0.38,0.39,5317,0.16,1.716949e-4,41405,0.9204921448,0.532,0.6718578234,FL,no
12077,Florida,1498,72,0.2688,4280.0752,11868.4211,5289.4737,0.1368482264,0.33,0.19,6413,0.128,NA,44236,1,0.431,0.6722244815,FL,no
12079,Florida,4871,72,0.2286,3826.8914,12548.5197,7097.8618,0.1525730948,0.42,0.35,5867,0.163,1.079389e-4,37919,0.800093633,0.372,0.5922100915,FL,no
12081,Florida,113900,74,0.0788,4839.1233,16647.2542,7004.085,0.1712362288,0.45,0.49,3852,0.11,5.521014e-4,64151,0.0579030025,0.383,0.8343721621,FL,no
12083,Florida,128195,74,0.1077,5191.4012,16062.1191,8351.0397,0.1760373608,0.48,0.46,4571,0.154,5.833706e-4,49079,0.3102825855,0.343,0.8069223694,FL,no
12085,Florida,50485,75,0.0626,5000.687,17641.326,6076.7434,0.1602719812,0.45,0.51,3948,0.102,6.401014e-4,70806,0.0847674244,0.364,0.8557525415,FL,no
12086,Florida,506391,73,0.399,4809.803,20590.1262,7100.8922,0.1954957287,0.28,0.28,6422,0.077,8.046116e-4,54991,0.0040437664,0.573,0.7686455989,FL,no
12087,Florida,18673,73,0.128,3818.5523,13404.2569,5574.5339,0.1962488805,0.37,0.41,3226,0.072,7.46398e-4,67528,0.0871391435,0.201,0.8360671074,FL,no
12089,Florida,25658,73,0.0707,4455.288,14784.363,7059.1972,0.1128901924,0.49,0.53,3917,0.108,4.54376e-4,72818,0.4814632949,0.525,0.8667913996,FL,no
12091,Florida,44447,73,0.0919,4442.8196,15241.9129,5640.8972,0.1324725265,0.42,0.38,4915,0.115,7.622944e-4,63520,0.1209919147,0.332,0.8366768426,FL,no
12093,Florida,9147,72,0.212,4572.8888,16646.1426,7579.7031,0.2227992987,0.38,0.41,9155,0.143,4.333486e-4,45225,0.3654865487,0.27,0.6150028769,FL,no
12095,Florida,207997,73,0.1576,4769.6112,18533.3435,6807.6285,0.1481560228,0.33,0.43,5189,0.088,8.858179e-4,63133,0.0204213774,0.448,0.8725116687,FL,no
12097,Florida,68359,71,0.1818,4576.3589,18083.7503,6107.2322,0.1513466762,0.36,0.4,6216,0.119,3.994674e-4,52270,0.0782105439,0.62,0.8239109568,FL,no
12099,Florida,354858,76,0.0861,5816.3475,21372.2443,10024.7723,0.1794947522,0.49,0.52,3900,0.111,7.920907e-4,66621,0.0104254568,0.375,0.8497369585,FL,no
12101,Florida,146347,73,0.1402,4822.9921,18066.6466,7648.1764,0.1477714302,0.42,0.46,4599,0.126,5.744677e-4,55745,0.0946638347,0.515,0.8252970156,FL,no
12103,Florida,265481,74,0.1446,4731.0886,18105.6332,6726.1738,0.151965358,0.41,0.48,4638,0.1,8.776967e-4,56708,0.0028400226,0.338,0.8288978422,FL,no
12105,Florida,172484,73,0.1285,4803.4334,16747.7152,7860.6514,0.1539416308,0.45,0.46,6344,0.133,4.802199e-4,51817,0.1351049253,0.4,0.7016571533,FL,no
12107,Florida,21463,72,0.1928,4695.2838,16179.8693,6142.303,0.1813611615,0.46,0.41,7029,0.178,4.179982e-4,41986,0.561629283,0.461,0.7224890302,FL,no
12109,Florida,66936,74,0.0611,4799.3826,15889.5346,7516.3701,0.108484678,0.52,0.52,3578,0.082,9.950405e-4,90839,0.2377354122,0.444,0.8728216913,FL,no
12111,Florida,90088,73,0.1215,5098.7155,17412.8604,6356.4264,0.1788574235,0.42,0.45,5553,0.123,3.705687e-4,57292,0.0335722437,0.409,0.8470386281,FL,no
12113,Florida,39657,72,0.0926,4435.4717,13976.204,4254.1868,0.119478008,0.41,0.39,4937,0.117,5.854507e-4,66139,0.2098935074,0.487,0.8895833989,FL,no
12115,Florida,160907,75,0.0641,4825.8407,16358.8618,6935.621,0.1662416982,0.52,0.54,3028,0.097,7.381924e-4,66258,0.043204866,0.333,0.8513251879,FL,no
12117,Florida,88305,74,0.1073,4960.0643,18609.4963,7563.731,0.1256833368,0.34,0.47,4926,0.101,7.588194e-4,69954,0.0315766066,0.429,0.9006149665,FL,no
12119,Florida,81081,75,0.0325,5540.641,16995.923,9433.4004,0.1210821652,0.54,0.5,4969,0.166,3.72804e-4,63464,0.3496467566,0.336,0.8602347501,FL,no
12121,Florida,11870,73,0.1944,4433.6254,14095.9104,7564.914,0.1805213816,0.4,0.35,5674,0.145,1.357743e-4,49453,0.8316767346,0.458,0.7813003761,FL,no
12123,Florida,5369,72,0.182,3946.2738,11772.9636,6167.7643,0.1418795311,0.37,0.33,5814,0.137,3.237294e-4,42987,0.6928223305,0.239,0.6871033086,FL,no
12125,Florida,2349,71,0.1838,4348.6464,13946.6776,7371.6161,0.1361998559,0.42,0.42,5918,0.141,2.677376e-4,50893,0.6744769874,0.397,0.6732323232,FL,no
12127,Florida,163619,73,0.1113,4817.1544,17073.8138,7421.9761,0.1555553342,0.45,0.45,4488,0.131,6.720995e-4,53554,0.0994332714,0.356,0.8016028084,FL,no
12129,Florida,7058,71,0.1863,3876.2557,12265.7534,6482.1918,0.1242960579,0.34,0.38,5205,0.094,3.388682e-4,58640,0.6167793086,0.594,0.7935714286,FL,no
12131,Florida,18277,72,0.1019,4227.2072,12533.0964,4318.1862,0.1692442529,0.38,0.41,5281,0.127,5.464098e-4,62600,0.6312519303,0.414,0.8194383662,FL,no
12133,Florida,6045,72,0.2023,3759.3567,12326.3158,5144.7368,0.157364082,0.28,0.28,6411,0.143,2.411576e-4,42518,0.8455173522,0.516,0.7497451003,FL,no
13001,Georgia,4118,72,0.2209,4465.587,13248.6987,5983.2273,0.1871834695,0.36,0.3,6168,0.165,3.782353e-4,43821,0.7144110551,0.264,0.6041165865,GA,no
13003,Georgia,1453,71,0.286,4175.4386,12615.7895,6229.8246,0.2487046632,0.35,0.36,6459,0.128,NA,38581,1,0.302,0.6204861111,GA,no
13005,Georgia,2344,71,0.2275,4650.3122,14115.9679,7580.7315,0.1942222222,0.28,0.35,9190,0.13,7.152436e-4,41807,0.6928622927,0.285,0.6639132679,GA,no
13007,Georgia,747,71,0.251,3729.0837,11023.9044,5247.012,0.1712590081,0.42,0.28,NA,0.184,NA,39515,1,0.482,0.5059649123,GA,no
13009,Georgia,9621,70,0.2017,4036.1167,13996.2439,6192.4299,0.1606328525,0.43,0.44,4912,0.122,4.908194e-4,44429,0.351399825,0.26,0.7481316781,GA,no
13011,Georgia,3932,71,0.1992,4040.5486,12239.7138,6822.898,0.2152996339,0.39,0.47,5233,0.085,2.106594e-4,53481,0.9382984507,0.447,0.6599406528,GA,no
13013,Georgia,14656,71,0.1589,4397.2513,14391.8521,7200.4254,0.1780666563,0.39,0.49,5786,0.139,2.351223e-4,68924,0.3006184497,0.553,0.8415890515,GA,no
13015,Georgia,20475,71,0.152,4751.3151,14855.2882,8023.8388,0.1725614399,0.38,0.51,6120,0.093,3.947072e-4,60254,0.3522769252,0.437,0.7983097244,GA,no
13017,Georgia,4030,70,0.2443,3647.7483,11362.739,3927.2054,0.1573668177,0.35,0.36,7260,0.213,4.765592e-4,35931,0.3400249518,0.185,0.5553313674,GA,no
13019,Georgia,4024,71,0.2595,4081.5385,12782.5641,4438.4615,0.2039461082,0.43,0.4,6529,0.118,2.077706e-4,42058,0.761433164,0.312,0.6287498303,GA,no
13021,Georgia,32878,72,0.1645,4847.6938,16168.7072,7250.8663,0.1602946478,0.48,0.44,5607,0.186,0.0013586335,43066,0.1441043543,0.212,0.7522196985,GA,no
13023,Georgia,2699,73,0.1473,4281.0811,13885.8108,5195.2703,0.1463102971,0.36,0.46,4394,0.058,3.894688e-4,48115,0.5158845594,0.402,0.6939655172,GA,no
13025,Georgia,3803,71,0.2074,4092.5014,14394.636,6313.6289,0.1893437882,0.36,0.38,6407,0.099,1.587554e-4,44680,0.9944598338,0.539,0.6614392496,GA,no
13027,Georgia,4200,73,0.2531,4071.5768,13809.1286,5492.7386,0.2003616042,0.43,0.39,6059,0.124,1.933862e-4,39554,0.7103983254,0.359,0.671507498,GA,no
13029,Georgia,6671,71,0.0973,3956.9075,12430.9252,6667.3004,0.1274839767,0.42,0.44,4313,0.09,7.347346e-4,79296,0.5234346575,0.636,0.8717811159,GA,no
13031,Georgia,11777,72,0.1589,4316.6515,14981.0737,7009.4631,0.1591797654,0.44,0.5,6542,0.115,5.304285e-4,48788,0.4828317929,0.273,0.7736255708,GA,no
13033,Georgia,5128,70,0.2002,3720.1448,9705.6695,4899.2762,0.140394488,0.44,0.32,6540,0.205,3.567765e-4,42632,0.749957111,0.451,0.7234224338,GA,no
13035,Georgia,5188,71,0.1612,4146.1777,14071.7975,7112.6033,0.16370287,0.38,0.45,4600,0.137,2.066714e-4,47410,0.7794123864,0.513,0.6953738374,GA,no
13037,Georgia,1260,71,0.3265,4155.7223,11771.1069,4547.8424,0.1806433874,0.43,0.29,4056,0.109,1.574307e-4,34960,1,0.386,0.6319124424,GA,no
13039,Georgia,10117,71,0.0994,4469.0612,13524.8933,5191.5007,0.1422001803,0.46,0.44,4739,0.118,2.794493e-4,58552,0.3144339081,0.336,0.8433136829,GA,no
13043,Georgia,2536,71,0.2716,4080.3662,13387.589,5042.7263,0.2203924317,0.34,0.33,6916,0.154,2.768549e-4,41665,0.6696672122,0.303,0.6336905059,GA,no
13045,Georgia,23011,71,0.1749,3906.9622,13458.1852,6598.9964,0.1520123776,0.37,0.45,4397,0.176,4.656242e-4,59193,0.4182507442,0.407,0.818413956,GA,no
13047,Georgia,14998,73,0.139,4489.295,13560.3133,8832.7676,0.1393843213,0.41,0.5,3668,0.165,5.043014e-4,60753,0.2810202996,0.325,0.8293647591,GA,no
13049,Georgia,2299,71,0.2232,4300.8929,14386.6071,6759.8214,0.1838909258,0.41,0.39,4765,0.135,3.084516e-4,42891,0.5102292334,0.553,0.6519727891,GA,no
13051,Georgia,55236,73,0.1095,4128.0503,14003.4197,6252.9764,0.1649459044,0.46,0.48,4131,0.11,8.955895e-4,57122,0.0450499381,0.267,0.8518071623,GA,no
13053,Georgia,679,69,0.1467,3443.3333,11290,5713.3333,0.1043753295,0.22,0.33,2209,0.108,7.487832e-4,46106,0.2951983669,0.149,0.7809338521,GA,no
13055,Georgia,6166,70,0.2554,4226.9231,13388.4615,7640,0.1755285744,0.36,0.44,6543,0.142,8.06777e-5,41561,0.5755910052,0.395,0.6965442765,GA,no
13057,Georgia,48144,73,0.0621,4400.8198,13907.8749,6719.6548,0.1406384893,0.4,0.51,3879,0.11,4.092088e-4,88635,0.1710272177,0.588,0.9228700773,GA,no
13059,Georgia,18536,72,0.1492,4034.188,13654.1927,5968.815,0.1820010546,0.47,0.53,4720,0.074,6.754104e-4,41036,0.0585962267,0.168,0.823683564,GA,no
13061,Georgia,831,72,0.2441,3355.8824,10891.1765,5547.0588,0.1678903573,0.29,0.35,7692,0.125,3.463803e-4,24732,1,0.398,0.6658615137,GA,no
13063,Georgia,39870,68,0.2324,3587.9303,13615.646,5953.1515,0.1854757634,0.37,0.43,4544,0.12,2.624173e-4,50737,0.0088773591,0.5,0.8016631487,GA,no
13065,Georgia,1529,70,0.3034,3769.8171,14298.7805,5586.8902,0.1792331682,0.35,0.33,7500,0.178,1.504212e-4,42928,0.604295381,0.152,0.469115866,GA,no
13067,Georgia,114479,73,0.0807,4055.3847,13260.4735,5327.9268,0.1422530994,0.41,0.52,4315,0.089,7.398942e-4,79622,0.0024619302,0.537,0.9156876173,GA,no
13069,Georgia,7712,70,0.2343,4882.1078,14668.9491,7006.2519,0.1953585242,0.36,0.37,8643,0.135,5.105238e-4,41675,0.6658324677,0.196,0.6624186175,GA,no
13071,Georgia,9294,71,0.2242,4010.989,14719.4139,5004.6398,0.238074809,0.44,0.36,7134,0.162,4.386735e-4,41899,0.5894984395,0.263,0.7202837794,GA,no
13073,Georgia,26765,72,0.0688,4083.1392,11641.3297,4628.9082,0.1016089072,0.41,0.47,3587,0.089,0.0010434828,88285,0.1622774137,0.35,0.8396695965,GA,no
13075,Georgia,3677,71,0.2528,4056.1865,13072.9229,4783.0245,0.186642984,0.45,0.41,6257,0.167,6.409509e-4,40670,0.5941203811,0.323,0.6438796847,GA,no
13077,Georgia,26932,72,0.0936,4098.8075,12821.0392,6604.0034,0.1385882128,0.42,0.47,4029,0.136,4.661877e-4,79232,0.3293275839,0.474,0.8554818872,GA,no
13079,Georgia,2932,71,0.1694,4490.2755,15465.154,7450.5673,0.1769472298,0.35,0.44,4840,0.174,8.1182e-5,50411,1,0.615,0.7235033259,GA,no
13081,Georgia,4715,72,0.1944,4381.161,13391.5663,5284.7755,0.1647954866,0.47,0.41,7168,0.175,7.521791e-4,40482,0.4702845685,0.2,0.6057076296,GA,no
13083,Georgia,4005,72,0.1632,3789.0144,11466.1191,7810.5749,0.1590309822,0.41,0.42,3962,0.238,3.697769e-4,45986,0.7212769795,0.469,0.7527037934,GA,no
13085,Georgia,6093,72,0.1047,4281.0243,14203.2173,7430.0722,0.1594840516,0.38,0.51,5037,0.139,7.176175e-4,69155,0.8030900134,0.541,0.8518969141,GA,no
13087,Georgia,6127,71,0.2331,3767.5656,12801.2775,4612.846,0.1838001801,0.35,0.35,6194,0.154,4.515522e-4,40473,0.5647582789,0.293,0.5542443475,GA,no
13089,Georgia,114063,72,0.1585,3685.8437,13280.1142,5299.5967,0.1708975241,0.37,0.47,4278,0.108,0.0010944303,63606,0.0026304645,0.512,0.8499837131,GA,no
13091,Georgia,4437,71,0.2513,4052.0204,16042.2666,6528.1003,0.1521408246,0.37,0.43,4740,0.148,3.863801e-4,41118,0.7222884933,0.363,0.6064499213,GA,no
13093,Georgia,2314,72,0.2072,4295.6927,14565.7742,5315.4831,0.1728174824,0.46,0.37,6255,0.215,7.29607e-5,37109,0.5366671136,0.269,0.5922310757,GA,no
13095,Georgia,18334,72,0.2067,4041.0176,12009.0039,5875.2322,0.1670096316,0.46,0.41,5359,0.167,7.891016e-4,36894,0.1395971025,0.143,0.734473553,GA,no
13097,Georgia,22635,70,0.1472,4052.5026,13961.4981,5414.6541,0.149341753,0.37,0.45,5334,0.111,3.646848e-4,62915,0.1575719583,0.539,0.8027120987,GA,no
13099,Georgia,2540,72,0.2576,4049.3716,12409.3357,5566.4273,0.1391196528,0.28,0.33,5276,0.12,6.831268e-4,40011,0.6595203488,0.375,0.4914089347,GA,no
13101,Georgia,599,71,0.2069,4296.5517,15258.6207,6700,0.251026393,0.32,0.41,3059,0.116,NA,40408,1,0.388,0.4740550929,GA,no
13103,Georgia,10642,71,0.112,3865.7455,13050.9383,5798.7214,0.1354427832,0.42,0.42,4165,0.073,2.251166e-4,71628,0.6705263158,0.552,0.8069620253,GA,no
13105,Georgia,5436,72,0.1932,3734.975,10160.2671,5973.7062,0.1800688677,0.35,0.33,6101,0.15,4.707113e-4,40962,0.7061886343,0.26,0.5999470829,GA,no
13107,Georgia,5232,71,0.2774,3945.4181,10879.319,5029.0436,0.1588211913,0.34,0.35,8374,0.199,4.422431e-4,38529,0.6688202496,0.403,0.693215691,GA,no
13109,Georgia,2300,72,0.2153,4071.0441,14219.591,5698.6006,0.1778277331,0.41,0.45,6264,0.077,4.663744e-4,41425,0.6128181818,0.375,0.6905472637,GA,no
13111,Georgia,8940,72,0.1125,3702.3997,11845.9874,6897.7183000000005,0.1923310345,0.4,0.48,3855,0.128,4.621784e-4,47980,1,0.351,0.8321483474,GA,no
13113,Georgia,26328,74,0.054,3987.1128,12967.1609,6995.8078,0.107960508,0.49,0.52,3321,0.084,0.0011017196,94563,0.1817823529,0.482,0.9007819288,GA,no
13115,Georgia,21983,72,0.1864,4743.281,14374.7231,8319.3334,0.1719197708,0.4,0.5,7180,0.144,0.0013070961,50520,0.3682216016,0.286,0.7778525183,GA,no
13117,Georgia,35118,74,0.0575,4454.269,15100.8228,7661.4596,0.106849419,0.4,0.53,3810,0.076,3.972749e-4,113332,0.0992188524,0.531,0.9382043699,GA,no
13119,Georgia,5816,71,0.2242,3887.8871,12820.0706,6577.8126,0.191538246,0.39,0.52,5751,0.148,2.60609e-4,47691,0.8892863612,0.395,0.679787234,GA,no
13121,Georgia,148287,73,0.1268,3972.2261,14078.1162,6331.1335,0.1367445124,0.38,0.5,4273,0.081,0.0011065465,79235,0.0107768898,0.416,0.8556369588,GA,no
13123,Georgia,9542,72,0.1251,3875.0695,12175.9036,6087.8591,0.2467260346,0.38,0.48,3144,0.148,5.516615e-4,57007,0.8764315001,0.409,0.7678229765,GA,no
13125,Georgia,632,73,0.1797,4037.2881,12044.0678,5464.4068,0.1459614596,0.41,0.4,3444,0.126,3.338898e-4,49350,1,0.501,0.6561371841,GA,no
13127,Georgia,20827,73,0.1048,4114.2255,12883.3929,5099.8443,0.1764335129,0.45,0.46,4870,0.102,5.045823e-4,58017,0.2056614674,0.196,0.7791846185,GA,no
13129,Georgia,11624,71,0.1936,4314.8365,13439.5641,7335.9598,0.2064360952,0.36,0.49,5760,0.127,4.160527e-4,53373,0.5155836625,0.291,0.7230679442,GA,no
13131,Georgia,5707,72,0.1826,3820.5534,13634.3874,5564.0316,0.2079838302,0.48,0.42,5740,0.221,5.25295e-4,42603,0.6236056135,0.373,0.7033712785,GA,no
13133,Georgia,6729,73,0.0705,4114.077,12977.5218,6987.075,0.1972937936,0.52,0.52,4073,0.117,5.650356e-4,60973,0.8274978117,0.383,0.71480650590000006,GA,no
13135,Georgia,119788,72,0.1275,3843.8851,13471.9937,6441.7329,0.1806141344,0.37,0.48,3977,0.104,6.499379e-4,72225,0.0048552068,0.56,0.8856407459,GA,no
13137,Georgia,10550,73,0.15310000000000001,4160.6174,12780.559,7580.7259,0.2002266059,0.44,0.47,4850,0.087,4.847096e-4,51296,0.5876257522,0.364,0.709558095,GA,no
13139,Georgia,38605,73,0.1144,4636.3588,13906.8193,8118.5985,0.208998206,0.45,0.5,5175,0.115,5.73837e-4,66698,0.2055664389,0.345,0.8582639234,GA,no
13141,Georgia,2433,70,0.2201,3466.7473,11297.4607,5452.237,0.137485538,0.42,0.35,3239,0.232,1.197892e-4,31715,0.6158659455,0.415,0.476798924,GA,no
13143,Georgia,6614,71,0.2219,4090.2201,12083.7243,6652.472,0.157120743,0.33,0.37,4457,0.078,4.063251e-4,49020,0.7735927728,0.406,0.768540723,GA,no
13145,Georgia,7917,72,0.0841,3992.1511,12990.4341,6445.1803,0.1187716014,0.41,0.44,3600,0.16,3.770848e-4,74052,0.966837372,0.404,0.8320171109,GA,no
13147,Georgia,7237,73,0.1668,3777.8704,12705.866,6424.2424,0.17784522,0.4,0.53,5029,0.107,3.448408e-4,50647,0.7446555348,0.277,0.7009032782,GA,no
13149,Georgia,2451,70,0.2274,3715.2918,13010.0604,5934.6076,0.1493137963,0.32,0.42,3529,0.089,1.683643e-4,48984,1,0.494,0.7145713016,GA,no
13151,Georgia,37859,70,0.1207,4154.3392,14243.2121,7231.4008,0.1369555766,0.44,0.45,3887,0.123,4.864912e-4,72927,0.1385333608,0.546,0.8837913245,GA,no
13153,Georgia,28062,72,0.098,4779.5375,17223.9819,6904.0347,0.1200387582,0.45,0.39,6304,0.145,5.531649e-4,65641,0.099621158,0.27,0.8359856983,GA,no
13155,Georgia,2088,72,0.2091,4218.8516,12187.4323,4235.1029,0.1486626275,0.38,0.41,6110,0.146,3.192169e-4,42317,0.6470958272,0.322,0.6200060078,GA,no
13157,Georgia,15189,72,0.1444,4195.4158,13532.4713,6705.9947,0.1546443264,0.46,0.52,5227,0.091,5.538042e-4,66645,0.6001487972,0.486,0.7933177933,GA,no
13159,Georgia,3252,72,0.1683,3508.8394,11908.5319,5263.6434,0.1953651071,0.42,0.5,3340,0.131,3.561254e-4,59207,0.8176258993,0.509,0.7331270547,GA,no
13161,Georgia,2949,71,0.2327,3828.6938,12277.6588,6157.7445,0.195610071,0.36,0.37,4151,0.202,1.996141e-4,40603,0.6951154765,0.37,0.6128054556,GA,no
13163,Georgia,4101,71,0.2273,3599.7409,9213.7306,4222.1503,0.1821942744,0.43,0.26,7213,0.227,2.592353e-4,35379,0.8066745422,0.511,0.603460452,GA,no
13165,Georgia,1913,71,0.2372,3818.3183,10370.8709,4408.4084,0.1748496994,0.4,0.28,4204,0.125,3.455027e-4,32808,0.6610311751,0.376,0.5733372059,GA,no
13167,Georgia,2036,71,0.2673,4214.7971,16793.5561,7122.9117,0.1585288523,0.37,0.41,5327,0.224,5.150391e-4,37771,0.6541082164,0.528,0.6000589449,GA,no
13169,Georgia,6276,72,0.1148,5124.9513,16002.3355,8246.3994,0.140238431,0.51,0.5,5469,0.24,2.096729e-4,56819,0.6771425582,0.433,0.7902065228,GA,no
13171,Georgia,4341,71,0.1746,3760.1603,12381.7974,7092.7304,0.15169235,0.42,0.47,6051,0.169,3.157895e-4,57402,0.608724136,0.357,0.7097320604,GA,no
13173,Georgia,1789,70,0.2676,4017.3348,14172.2644,5009.7508,0.1565014577,0.35,0.32,7582,0.228,NA,42667,0.7112522326,0.354,0.5683898761,GA,no
13175,Georgia,11534,71,0.1841,4151.954,15374.9256,7488.1968,0.1578655981,0.45,0.44,4156,0.174,8.663497e-4,42018,0.5664409299,0.255,0.6020884378,GA,no
13177,Georgia,5502,71,0.1046,4120.473,12013.6733,6458.2409,0.1172910321,0.46,0.44,3496,0.154,6.719527e-4,72425,0.3622870874,0.233,0.8399178564,GA,no
13179,Georgia,8629,69,0.1113,3705.3292,12345.9472,7083.296,0.130889072,0.33,0.32,4246,0.128,3.57741e-4,51410,0.2316044947,0.282,0.8704279327,GA,no
13181,Georgia,2333,72,0.1333,3983.2182,11113.5242,4797.6308,0.1679312089,0.45,0.47,3478,0.186,2.526848e-4,45299,1,0.519,0.5315107914,GA,no
13183,Georgia,2046,68,0.1849,3708.6157,12030.0097,5649.5644,0.1777551753,0.3,0.31,6737,0.109,NA,52051,0.8133987832,0.425,0.808428446,GA,no
13185,Georgia,20081,71,0.1937,4232.4922,14495.2459,6574.6937,0.1749011132,0.44,0.38,5258,0.17,5.759923e-4,46450,0.2720423315,0.155,0.6610144857,GA,no
13187,Georgia,7330,72,0.1307,4271.973,13190.0441,7135.0791,0.1886097701,0.42,0.49,5299,0.132,3.337885e-4,57078,0.8394180071,0.433,0.8134831461,GA,no
13189,Georgia,5275,72,0.1547,4162.9956,13118.9427,5403.0837,0.1457841727,0.4,0.51,4445,0.157,5.108913e-4,44473,0.6096,0.489,0.6476143751,GA,no
13191,Georgia,3506,72,0.1351,3684.1746,12053.206,5909.2769,0.178536962,0.43,0.43,4162,0.176,NA,46682,0.7431103049,0.496,0.7226084078,GA,no
13193,Georgia,2686,70,0.2707,3930.7851,12030.9917,6158.0579,0.1956130484,0.41,0.37,4741,0.159,7.60861e-5,34634,0.5318860244,0.415,0.5932708688,GA,no
13195,Georgia,7030,71,0.1766,3884.591,13156.3094,6107.7996,0.1867960207,0.43,0.49,4928,0.156,1.686341e-4,52326,0.9187766714,0.345,0.7365971705,GA,no
13197,Georgia,1773,71,0.2093,3622.191,12144.6629,5404.4944,0.165575019,0.36,0.4,2515,0.14,1.197461e-4,41190,1,0.629,0.5589788732,GA,no
13199,Georgia,5795,71,0.2502,3634.6705,13013.3715,5913.085,0.1741538836,0.34,0.42,6236,0.187,3.322575e-4,43571,0.8328483085,0.619,0.5995528506,GA,no
13201,Georgia,1478,73,0.2793,5314.2458,16026.5363,4889.6648,0.1680865761,0.32,0.35,5989,0.128,3.517411e-4,41769,1,0.381,0.4800685812,GA,no
13205,Georgia,4816,72,0.2306,4096.8931,12595.05,5399.684,0.177103177,0.44,0.38,5930,0.095,4.055516e-4,37383,0.5451102221,0.313,0.6845402155,GA,no
13207,Georgia,6674,72,0.1108,4467.2188,13759.4893,6812.9745,0.1428637843,0.45,0.46,4779,0.149,6.540698e-4,70488,0.8023009385,0.399,0.7756147541,GA,no
13209,Georgia,1873,71,0.2566,4450,14748.6842,6315.7895,0.1832740214,0.42,0.35,5386,0.137,NA,43657,0.9870656582,0.308,0.7565385857,GA,no
13211,Georgia,5061,73,0.1215,3838.7246,13207.4861,6179.2976,0.1493285228,0.42,0.46,3986,0.146,5.304196e-4,67089,0.7536937542,0.341,0.7650532988,GA,no
13213,Georgia,8281,70,0.2715,4130.2764,13684.594,6787.2295,0.2132688692,0.42,0.49,6180,0.162,1.753463e-4,50061,0.701271828,0.402,0.7749739312,GA,no
13215,Georgia,37878,72,0.1437,3934.0035,14318.5097,6192.3099,0.1446328455,0.37,0.4,4364,0.147,0.001066131,47035,0.029775917,0.155,0.7838480463,GA,no
13217,Georgia,20468,71,0.1671,3991.3721,14450.3201,6166.4347,0.1595791367,0.41,0.49,5268,0.175,2.647411e-4,58222,0.3124412253,0.486,0.8553406451,GA,no
13219,Georgia,7679,73,0.0599,4205.0199,13079.0258,6083.7475,0.1102851536,0.51,0.55,4602,0.098,0.0012986352,100878,0.5031699585,0.27,0.8951799151,GA,no
13221,Georgia,3642,72,0.1558,4148.592,13306.7705,6488.9155,0.2032284768,0.41,0.51,6083,0.107,NA,54346,0.9925498356,0.451,0.6566979296,GA,no
13223,Georgia,24661,71,0.1193,4162.3266,14108.0593,5045.5237,0.1369614049,0.4,0.46,6671,0.095,1.584941e-4,76580,0.2005283719,0.618,0.8556258091,GA,no
13225,Georgia,6155,72,0.1336,4712.4361,15833.3901,7499.8296,0.1631713555,0.46,0.41,6278,0.156,1.831703e-4,49815,0.3822350605,0.306,0.7415153907,GA,no
13227,Georgia,10023,73,0.1034,3960.2944,13522.3707,6459.8102,0.1597735304,0.42,0.52,4252,0.174,4.065041e-4,66183,0.7310319051,0.468,0.8565891473,GA,no
13229,Georgia,4439,71,0.1817,4356.7929,15265.0334,7681.5145,0.1723553771,0.34,0.43,6692,0.119,2.063025e-4,46701,0.7935280947,0.309,0.6413166856,GA,no
13231,Georgia,3916,72,0.1278,3918.1601,13001.1947,6856.6308,0.139476561,0.36,0.42,5659,0.143,2.146614e-4,74905,0.9896468745,0.512,0.7709588149,GA,no
13233,Georgia,9309,71,0.2017,4458.8118,13896.655,7574.1388,0.1884628552,0.4,0.47,7024,0.171,2.825524e-4,47896,0.5142133816,0.372,0.7453783748,GA,no
13235,Georgia,2246,73,0.1756,4099.2647,12181.0662,5079.9632,0.1560857258,0.43,0.38,4949,0.168,6.323968e-4,42274,0.6670274771,0.361,0.7059940331,GA,no
13237,Georgia,6462,73,0.0954,3995.3642,13077.1523,7012.9139,0.1897080471,0.48,0.49,3372,0.153,3.66821e-4,62282,0.809454237,0.365,0.757077319,GA,no
13239,Georgia,778,72,0.1569,4021.5385,11661.5385,6215.3846,0.1931524548,0.5,0.38,6305,0.115,NA,35522,0.7309988062,0.322,0.5451306413,GA,no
13241,Georgia,5648,73,0.1463,3695.6384,11803.0973,6927.3072,0.2200554762,0.36,0.46,4248,0.125,7.114484e-4,46639,0.7928237896,0.288,0.7370159111,GA,no
13243,Georgia,1708,72,0.2546,3535.4938,11308.642,5141.9753,0.1635129576,0.36,0.29,4760,0.242,2.926972e-4,33505,0.5062831973,0.203,0.7085781434,GA,no
13245,Georgia,40046,71,0.1496,3584.4729,11012.8667,3640.8503,0.1599598714,0.36,0.39,4392,0.136,0.0010220586,44810,0.0921620153,0.243,0.7582773109,GA,no
13247,Georgia,17148,71,0.1426,3730.2677,13588.5381,5672.615,0.1631922593,0.41,0.47,4677,0.157,7.174868e-4,60281,0.1493281699,0.506,0.8171257562,GA,no
13249,Georgia,864,71,0.181,3958.7302,10679.3651,5082.5397,0.1581395349,0.38,0.43,3473,0.201,NA,51129,1,0.281,0.7253218884,GA,no
13251,Georgia,3628,71,0.2107,4040.2085,11455.6962,5343.2614,0.1600370028,0.34,0.32,5020,0.144,1.434926e-4,42331,0.7892140067,0.438,0.711063162,GA,no
13253,Georgia,2339,72,0.213,3884.4765,13589.3502,4608.3032,0.174190461,0.35,0.33,8837,0.1,0.0010823812,38618,0.6855309887,0.297,0.626523937,GA,no
13255,Georgia,16374,72,0.167,4035.8603,13981.1261,7503.3029,0.1729716418,0.44,0.45,4789,0.136,4.538578e-4,49237,0.4161971501,0.454,0.6952662722,GA,no
13257,Georgia,7343,72,0.195,4281.3569,13011.6876,7027.9361,0.1669738481,0.4,0.49,5951,0.156,6.529672e-4,45416,0.585635148,0.277,0.6915016242,GA,no
13259,Georgia,1157,71,0.2271,3271.4681,10609.4183,5124.6537,0.180608365,0.34,0.44,2872,0.128,NA,34566,1,0.425,0.6161894273,GA,no
13261,Georgia,6529,72,0.2139,3618.3017,11155.812,5980.2143,0.1705504306,0.41,0.45,5458,0.24,6.726533e-4,40250,0.4178372284,0.192,0.6746307559,GA,no
13263,Georgia,1757,71,0.1934,3756.2893,12833.3333,6004.717,0.1587470701,0.36,0.42,3317,0.255,3.188776e-4,41045,0.938820102,0.635,0.5599857601,GA,no
13265,Georgia,512,72,0.2471,2155.1724,7810.3448,3942.5287,0.1878216123,0.31,0.36,4195,0.13,0,37046,1,0.537,0.4907251265,GA,no
13267,Georgia,4325,71,0.235,3866.5196,13377.2752,5457.2532,0.1968263297,0.31,0.36,5084,0.205,2.756882e-4,41457,0.6823667712,0.384,0.7279456377,GA,no
13269,Georgia,1929,71,0.2025,3801.6644,12436.8932,5898.7517,0.1640262442,0.37,0.4,4123,0.143,NA,28234,1,0.448,0.6141664267,GA,no
13271,Georgia,2527,70,0.2991,3602.1093,12833.1735,6427.6127,0.1648306814,0.31,0.39,5614,0.258,1.889645e-4,36264,0.4698787879,0.278,0.3476863753,GA,no
13273,Georgia,2334,71,0.2314,3515.5875,10382.494,5652.2782,0.1659541985,0.46,0.4,5990,0.131,NA,37122,0.5205582394,0.388,0.7208002354,GA,no
13275,Georgia,10935,72,0.1897,4049.6222,13469.4711,5743.108,0.17047846220000001,0.49,0.49,5610,0.118,9.449244e-4,47978,0.4602191413,0.207,0.7903381643,GA,no
13277,Georgia,8264,72,0.2111,4315.3953,12979.473,4449.6533,0.1973099666,0.47,0.5,5682,0.099,7.640926e-4,47764,0.4078219253,0.159,0.6467247755,GA,no
13279,Georgia,6091,72,0.2373,3960.3803,13290.412,6032.8843,0.1869561276,0.38,0.36,5999,0.186,9.670101e-4,41442,0.5105609227,0.221,0.7117647059,GA,no
13281,Georgia,5420,74,0.1073,3674.9321,11068.2745,6274.4565,0.1772228073,0.45,0.49,4542,0.117,8.437395e-4,49023,1,0.247,0.7680685994,GA,no
13283,Georgia,1465,71,0.2462,3838.3459,13436.0902,6872.1805,0.1742746615,0.36,0.41,4886,0.07,NA,37478,0.588671024,0.403,0.6393574297,GA,no
13285,Georgia,14053,71,0.1877,3847.1963,15388.2771,6258.8514,0.1427068724,0.39,0.42,5369,0.126,5.283148e-4,47296,0.4429926615,0.287,0.7314666239,GA,no
13287,Georgia,2057,71,0.2372,3897.511,11146.4129,4591.5081,0.1773705447,0.44,0.49,6228,0.195,1.263903e-4,35400,0.49731243,0.289,0.6285894604,GA,no
13289,Georgia,2498,70,0.2006,4568.5005,16021.575,7677.4542,0.176139108,0.48,0.4,5812,0.15,1.221299e-4,44079,1,0.526,0.5982260184,GA,no
13291,Georgia,9939,73,0.1038,3563.7101,10976.7656,6763.2307,0.1882961281,0.51,0.5,3465,0.12,6.666389e-4,57049,1,0.283,0.7533613877,GA,no
13293,Georgia,7048,71,0.2395,3521.3459,11962.3734,5523.1548,0.1455759599,0.28,0.43,6300,0.088,6.103376e-4,40926,0.469082606,0.28,0.6908607445,GA,no
13295,Georgia,15940,71,0.1991,4231.0742,13293.2722,8047.206,0.1475368436,0.38,0.47,4617,0.182,1.872929e-4,47548,0.4385362732,0.446,0.7753994225,GA,no
13297,Georgia,19489,72,0.127,3881.3662,14377.902,6622.8273,0.1536414227,0.41,0.49,4719,0.112,2.566763e-4,67007,0.4265829434,0.535,0.8215345753,GA,no
13299,Georgia,8534,72,0.2238,4118.7672,16036.8329,8051.115,0.1564545789,0.37,0.43,6805,0.135,6.726457e-4,37642,0.2944205772,0.185,0.6740215583,GA,no
13301,Georgia,1555,71,0.2733,3481.1881,12142.5743,5342.5743,0.1497487437,0.49,0.48,5889,0.217,5.713197e-4,37313,1,0.378,0.4652406417,GA,no
13303,Georgia,4803,71,0.1737,3644.3584,10670.9071,6131.0841,0.150016728,0.42,0.44,4454,0.186,6.376925e-4,41674,0.6560154812,0.259,0.631080901,GA,no
13305,Georgia,6460,72,0.1841,4304.3189,14437.8738,6853.8206,0.17457363,0.33,0.43,6178,0.153,4.025765e-4,47382,0.5793880195,0.326,0.7369230769,GA,no
13307,Georgia,616,72,0.1905,3606.0606,10393.9394,5454.5455,0.1577079108,0.36,0.48,4481,0.198,7.6599e-4,41547,1,0.281,0.6368421053,GA,no
13309,Georgia,1222,71,0.2656,3589.8438,13085.9375,6351.5625,0.1636103834,0.4,0.36,5056,0.118,1.269197e-4,35927,1,0.465,0.3990332975,GA,no
13311,Georgia,7966,73,0.1339,4559.7723,13339.3874,7693.955,0.1786622641,0.43,0.49,5545,0.147,2.002002e-4,54786,0.8379384026,0.417,0.7464728516,GA,no
13313,Georgia,18369,72,0.2104,4080.4762,13611.315,7192.5521,0.2213845646,0.43,0.49,5437,0.147,5.189214e-4,53115,0.2907728145,0.212,0.8018748772,GA,no
13315,Georgia,1844,71,0.2749,4175.3927,13928.0105,5010.4712,0.1705760931,0.43,0.37,7022,0.221,1.134816e-4,38261,1,0.352,0.5502912621,GA,no
13317,Georgia,2844,73,0.1941,3736.0197,9956.4145,4360.1974,0.19610495,0.39,0.43,5520,0.218,4.050223e-4,39716,0.673652412,0.321,0.4772555919,GA,no
13319,Georgia,2489,70,0.148,4078.2281,14206.409,6505.1838,0.1492139248,0.47,0.42,4560,0.073,3.320053e-4,43902,1,0.395,0.5893249608,GA,no
13321,Georgia,4682,72,0.163,4136.5639,11293.1963,5016.6422,0.1840449161,0.43,0.4,5796,0.23,3.448446e-4,43142,0.6916370681,0.439,0.6989502624,GA,no
15001,Hawaii,50286,72,0.1481,3232.749,8344.7194,6092.6356,0.0641628234,0.36,0.37,2346,0.112,7.712095e-4,64929,0.3799080393,0.359,0.7747397521,HI,yes
15003,Hawaii,199628,75,0.0862,3300.2483,11403.6115,6518.4862,0.042060736,0.44,0.48,2144,0.113,9.274753e-4,86946,0.0086287658,0.457,0.8656915871,HI,yes
15005,Hawaii,NA,NA,NA,NA,NA,NA,NA,NA,NA,NA,0.111,0,NA,1,0,0.6666666667,HI,yes
15007,Hawaii,17016,73,0.1226,2772.4719,9087.2191,5202.1067,0.0505068127,0.44,0.41,2219,0.102,7.208906e-4,73029,0.1286014518,0.352,0.8460587872,HI,yes
15009,Hawaii,34322,72,0.1414,3277.2461,10265.6388,5708.4884,0.055542066700000003,0.36,0.39,1621,0.103,8.61208e-4,77375,0.1456785977,0.279,0.8401769489,HI,yes
16001,Idaho,92829,72,0.1121,3195.2234,10122.5906,3446.839,0.0946421834,0.45,0.49,2404,0.076,9.511326e-4,72295,0.0547220063,0.204,0.8443061268,ID,yes
16003,Idaho,1506,73,0.1111,2161.9048,5448.6772,2197.8836,0.1561662198,0.35,0.36,1785,0.15,2.352941e-4,50042,1,0.286,0.7387592487,ID,yes
16005,Idaho,16840,70,0.1901,3155.0777,10175.6457,3641.1125,0.1247507323,0.35,0.45,2829,0.109,7.574193e-4,53306,0.1572930624,0.134,0.850264805,ID,yes
16007,Idaho,1575,72,0.1471,2785.7143,4388.5714,1798.5714,0.1051529116,0.32,0.24,3430,0.111,8.264463e-4,54550,1,0.22,0.8535478548,ID,yes
16009,Idaho,3037,71,0.1837,1833.8521,5117.5097,2664.9805,0.1487791028,0.34,0.28,3099,0.129,5.419467e-4,49303,0.7191168551,0.276,0.7182562902,ID,yes
16011,Idaho,8826,71,0.1619,3150.0799,6838.729,2344.1247,0.15,0.35,0.31,3289,0.105,3.244225e-4,59959,0.5603087245,0.267,0.8537594236,ID,yes
16013,Idaho,5653,74,0.0645,3158.5608,8027.5434,2467.7419,0.1832723699,0.42,0.54,1400,0.059,0.0010176541,75778,0.3276571856,0.224,0.8702939337,ID,yes
16015,Idaho,2522,71,0.1141,2787.1524,7976.0307,2999.0412,0.1384696385,0.42,0.37,2211,0.142,1.309929e-4,64443,1,0.62,0.7937597504,ID,yes
16017,Idaho,14514,72,0.1247,2021.7364,6987.0322,3263.3074,0.1494073985,0.32,0.35,1723,0.1,5.365886e-4,56729,0.7244660812,0.358,0.757427154,ID,yes
16019,Idaho,20969,72,0.1545,3745.186,11382.8329,4209.7748,0.1146988335,0.42,0.49,2140,0.099,3.850959e-4,65165,0.1295162807,0.124,0.8819151076,ID,yes
16021,Idaho,3827,72,0.1421,1507.0822,5100.5666,2501.8886,0.1758507135,0.23,0.26,1258,0.091,4.184801e-4,50709,0.7618483412,0.317,0.7399527187,ID,yes
16023,Idaho,737,71,0.2031,2381.1024,6204.7244,1581.1024,0.1366616238,0.31,0.29,3126,0.103,3.82995e-4,51742,1,0.263,0.8076525336,ID,yes
16025,Idaho,268,72,0.125,2398.8095,5273.8095,2220.2381,0.1493055556,0.39,0.32,NA,0.08,0,56014,1,0.614,0.7258883249,ID,yes
16027,Idaho,43444,71,0.1806,3300.9373,9935.2523,3399.4549,0.1688688795,0.4,0.44,2836,0.104,3.176748e-4,58670,0.1986788268,0.375,0.8195228481,ID,yes
16029,Idaho,1511,72,0.1146,2853.5503,5850.5917,1690.8284,0.1000345543,0.26,0.36,2582,0.14,4.249292e-4,61518,0.5988797932,0.188,0.8707643814,ID,yes
16031,Idaho,4367,73,0.1788,2843.9389,6564.5219,2743.69,0.1744546728,0.34,0.42,2487,0.118,7.961783e-4,53284,0.5151185082,0.149,0.854104526,ID,yes
16033,Idaho,145,74,0.1481,2901.2346,8296.2963,2691.358,0.271942446,0.36,0.43,NA,0.059,0,48726,1,0.419,0.6655172414,ID,yes
16035,Idaho,3018,72,0.1561,1965.4784,4977.4859,1688.1801,0.1414427157,0.41,0.44,3638,0.141,0.0011418132,49816,0.5861203059,0.368,0.7327707454,ID,yes
16037,Idaho,1464,72,0.1228,2469.4981,4495.7529,2450.9653,0.157701303,0.34,0.37,2414,0.089,NA,49055,1,0.199,0.7638105975,ID,yes
16039,Idaho,5144,71,0.1575,3026.7525,7723.3322,2621.0633,0.1407152622,0.28,0.23,3305,0.098,6.603324e-4,47796,0.2688438494,0.187,0.8285875919,ID,yes
16041,Idaho,2633,73,0.1212,2980.8009,6912.2326,2094.35,0.1337967731,0.39,0.38,3617,0.076,4.371266e-4,55421,0.6618958236,0.391,0.8651353195,ID,yes
16043,Idaho,2809,72,0.1251,3152.9791,7685.4536,3631.7767,0.1513575968,0.36,0.41,1720,0.092,2.27825e-4,56162,0.7204349796,0.303,0.8023924546,ID,yes
16045,Idaho,5374,72,0.1479,2864.9184,6768.4315,2793.1717,0.1607090103,0.32,0.36,1693,0.128,5.670863e-4,53733,0.4502063521,0.498,0.7812359719,ID,yes
16047,Idaho,3370,72,0.187,2142.7083,6284.8958,1804.6875,0.2089091205,0.35,0.28,2824,0.086,2.632272e-4,50205,0.5808329022,0.299,0.7361492046,ID,yes
16049,Idaho,5498,72,0.17,2254.2303,3801.4858,1198.1015,0.1664173194,0.35,0.24,3822,0.1,6.661418e-4,48866,0.8063564271,0.213,0.6936163571,ID,yes
16051,Idaho,4707,72,0.1311,3616.4195,8797.1714,3802.6906,0.1443115395,0.35,0.45,1588,0.097,2.377798e-4,63078,0.6661055853,0.254,0.8638380162,ID,yes
16053,Idaho,3949,71,0.2099,2680.397,7576.1787,2182.134,0.1920600858,0.34,0.39,2390,0.089,3.747658e-4,56320,0.5131849468,0.175,0.7547993019,ID,yes
16055,Idaho,43609,72,0.1201,3384.1676,9290.6008,4795.5724,0.1242750176,0.45,0.45,1870,0.091,8.111204e-4,62764,0.242443716,0.255,0.8420165639,ID,yes
16057,Idaho,7122,72,0.1293,3095.153,6785.6575,2678.7843,0.1044426393,0.49,0.48,2461,0.067,8.222455e-4,54999,0.3499087101,0.229,0.8550123201,ID,yes
16059,Idaho,2912,73,0.1544,2756.4985,3947.2477,1163.2263,0.1376599634,0.37,0.3,2103,0.118,8.792865e-4,46062,0.611391129,0.099,0.7674483529,ID,yes
16061,Idaho,1578,71,0.2552,1880.2867,4753.405,1786.3799,0.1532113384,0.36,0.36,2776,0.109,2.590003e-4,45342,1,0.381,0.662818955,ID,yes
16063,Idaho,965,71,0.2024,2148.398,6227.656,2123.1029,0.202170062,0.3,0.36,2266,0.102,1.865672e-4,50608,1,0.495,0.7041763341,ID,yes
16065,Idaho,3675,72,0.1247,3586.0122,9425.2824,3486.5334,0.1091575092,0.37,0.43,2007,0.07,6.360676e-4,46177,0.2846334186,0.155,0.7599854757,ID,yes
16067,Idaho,4237,72,0.1857,2694.5871,5999.6049,2053.7337,0.1929374745,0.32,0.35,2074,0.134,2.40096e-4,56173,0.4422243261,0.127,0.8126896552,ID,yes
16069,Idaho,11136,72,0.1745,3107.5642,8882.0264,4400.8328,0.1172915289,0.45,0.46,3348,0.105,6.929321e-4,67645,0.1916465045,0.126,0.7901611328,ID,yes
16071,Idaho,1142,72,0.1381,3553.5019,5573.93,2028.2101,0.137254902,0.33,0.21,3874,0.116,4.456328e-4,55833,1,0.272,0.8773993808,ID,yes
16073,Idaho,2559,71,0.2256,2769.6682,7154.5024,2790.5213,0.2372337009,0.32,0.34,2533,0.155,8.55213e-5,48395,0.7729481173,0.447,0.7350150428,ID,yes
16075,Idaho,6260,72,0.1612,2983.6957,7931.1594,2978.6232,0.1465303757,0.4,0.4,1851,0.109,4.246104e-4,53643,0.4266896521,0.197,0.8012618297,ID,yes
16077,Idaho,1539,72,0.157,2720.7587,6735.5111,2135.9326,0.1785437044,0.35,0.4,1367,0.112,2.574665e-4,50981,0.4258667008,0.257,0.8028864413,ID,yes
16079,Idaho,4136,71,0.2285,2846.0302,6741.2408,3581.8065,0.1514211886,0.35,0.44,2523,0.106,4.688965e-4,39239,0.5603603604,0.215,0.7241126967,ID,yes
16081,Idaho,1755,72,0.0806,3115.0097,5211.1761,1786.2248,0.1742848717,0.43,0.33,1619,0.051,3.436426e-4,73637,1,0.526,0.9036957108,ID,yes
16083,Idaho,18224,72,0.1662,2826.945,9229.4091,2460.7575,0.1462897033,0.36,0.5,2982,0.103,7.086349e-4,56141,0.2799041823,0.166,0.8296731523,ID,yes
16085,Idaho,3387,72,0.0779,2617.6962,6926.5442,1868.67,0.1414018918,0.37,0.46,2271,0.063,0.0015397156,64041,1,0.075,0.8495735332,ID,yes
16087,Idaho,3366,73,0.1551,1922.7445,5783.9006,2833.0632,0.1789218981,0.33,0.3,2094,0.106,4.920776e-4,45813,0.4556775838,0.266,0.7425030979,ID,yes
17001,Illinois,15849,74,0.14,4945.1909,12144.7076,6797.1,0.0555437038,0.52,0.42,5655,0.134,9.438127e-4,55942,0.3259913864,0.164,0.7817571555,IL,yes
17003,Illinois,1662,72,0.2551,4148.7923,9584.5411,4312.0773,0.0679091688,0.4,0.37,4429,0.053,1.650165e-4,37408,0.6185967468,0.497,0.5663881151,IL,yes
17005,Illinois,3796,73,0.129,4181.6993,10148.1481,3980.3922,0.062168435,0.44,0.46,3220,0.073,6.013229e-4,53447,0.6073840612,0.383,0.7774249881,IL,yes
17007,Illinois,10557,73,0.1254,3936.0653,12396.1298,4523.0507,0.0752563531,0.41,0.49,4571,0.093,5.41277e-4,72426,0.1936305732,0.375,0.8561197566,IL,yes
17009,Illinois,1136,73,0.1597,4421.5827,7969.7842,5693.5252,0.0369970294,0.5,0.31,5838,0.081,1.52532e-4,60254,0.4106962664,0.195,0.7498783455,IL,yes
17011,Illinois,8578,74,0.1114,3619.9561,8595.3064,2728.1783,0.0709549072,0.45,0.43,3503,0.141,5.152608e-4,57935,0.5739035965,0.203,0.7893853117,IL,yes
17013,Illinois,1260,74,0.1209,3644.6886,8125.7631,3300.3663,0.0602836879,0.36,0.43,5283,0.104,2.082466e-4,63373,1,0.633,0.7007211538,IL,yes
17015,Illinois,4427,74,0.1177,3373.7104,9700.8024,4153.611,0.0695783702,0.34,0.5,3285,0.1,2.794857e-4,56468,0.8187430948,0.344,0.803472649,IL,yes
17017,Illinois,2675,73,0.1806,4123.9103,7950.8095,5118.929,0.0909272782,0.39,0.43,5668,0.069,NA,51011,0.5213311831,0.267,0.762046401,IL,yes
17019,Illinois,32081,71,0.191,3929.0526,12330.6899,5306.387,0.0620226401,0.44,0.5,5462,0.094,9.619826e-4,53485,0.1271030082,0.131,0.8260996249,IL,yes
17021,Illinois,8106,73,0.1879,4782.952,9172.3021,6277.5866,0.0603347449,0.46,0.43,6155,0.107,3.980282e-4,51573,0.4345114943,0.41,0.7730379109,IL,yes
17023,Illinois,3892,73,0.137,3757.563,10884.8739,5154.6218,0.0578067213,0.36,0.39,6828,0.112,3.84714e-4,58323,0.5954086318,0.302,0.7552083333,IL,yes
17025,Illinois,3423,73,0.2104,4617.9734,8919.7485,3514.0533,0.0654089255,0.46,0.38,2590,0.145,1.509092e-4,49377,0.647339848,0.278,0.7784410112,IL,yes
17027,Illinois,8133,73,0.1483,4506.7127,10692.9421,3885.6924,0.0554405727,0.48,0.41,3428,0.069,3.985228e-4,67201,0.487580107,0.409,0.7697345503,IL,yes
17029,Illinois,10398,72,0.1977,4326.9018,11304.7604,3820.3384,0.0687298224,0.44,0.44,7576,0.127,6.878255e-4,50467,0.2428860468,0.181,0.7905476441,IL,yes
17031,Illinois,872862,73,0.2051,4304.3261,16347.1067,5805.8039,0.1017888421,0.41,0.48,5144,0.095,9.479793e-4,69375,4.529639e-4,0.533,0.8141481095,IL,yes
17033,Illinois,4692,73,0.1481,2377.0997,8014.2777,2175.8119,0.0607232367,0.44,0.41,2995,0.105,5.317169e-4,50352,0.6016551446,0.151,0.7755022176,IL,yes
17035,Illinois,2624,73,0.1473,4193.6881,10139.8515,3801.9802,0.0626299977,0.41,0.4,5689,0.109,NA,53991,1,0.327,0.7618050709,IL,yes
17037,Illinois,17159,73,0.1321,4329.6967,14883.1949,4531.5784,0.0652371307,0.39,0.54,4490,0.067,2.880654e-4,64676,0.2030524914,0.38,0.8821756225,IL,yes
17039,Illinois,3801,73,0.1455,3813.0081,9278.1344,4098.8447,0.059066043,0.4,0.42,4261,0.185,3.170778e-4,59521,0.4875309462,0.358,0.793397072,IL,yes
17041,Illinois,4189,73,0.1383,4084.707,11427.1978,5266.4835,0.1024929,0.47,0.41,5614,0.109,2.566867e-4,64283,0.6163663664,0.358,0.7370287666,IL,yes
17043,Illinois,171112,74,0.0893,4241.9136,15435.3512,6739.6774,0.0626331958,0.45,0.56,3760,0.073,0.0013439746,96354,4.755029e-4,0.416,0.9069024566,IL,yes
17045,Illinois,4546,73,0.1776,2579.918,8330.6011,3735.9973,0.0597745476,0.36,0.35,6707,0.111,3.456221e-4,51333,0.5180340224,0.258,0.7818880933,IL,yes
17047,Illinois,1567,73,0.1403,3557.0962,6515.4976,2743.8825,0.0583766493,0.43,0.36,4011,0.083,NA,54930,1,0.298,0.7839884602,IL,yes
17049,Illinois,7921,73,0.1245,4447.5025,9349.4733,4847.4346,0.0580460797,0.54,0.34,3455,0.129,7.892891e-4,58943,0.5969861574,0.162,0.8119910644,IL,yes
17051,Illinois,4759,73,0.1734,4301.8171,9471.2042,3412.3807,0.0779573286,0.43,0.42,5687,0.104,1.400822e-4,48913,0.6698735321,0.301,0.7209512731,IL,yes
17053,Illinois,3249,74,0.1496,2500.502,9298.1928,3153.1124,0.0643647964,0.45,0.33,5460,0.064,7.539204e-4,55369,0.4177970315,0.35,0.7939698492,IL,yes
17055,Illinois,10107,72,0.2211,4265.5595,9117.43,3918.3023,0.0671224772,0.41,0.37,7004,0.148,3.359086e-4,43695,0.4858067288,0.359,0.7281798583,IL,yes
17057,Illinois,8693,73,0.1339,3408.3237,7240.8899,3174.7219,0.0678615136,0.42,0.36,5183,0.076,3.443921e-4,50461,0.6002589765,0.383,0.7779053085,IL,yes
17059,Illinois,1472,73,0.2002,4248.5207,8379.6844,2778.1065,0.0606531882,0.41,0.31,6373,0.092,1.977066e-4,46515,1,0.406,0.660706498,IL,yes
17061,Illinois,3122,74,0.1624,3791.6042,6806.5967,4153.923,0.0722314534,0.42,0.35,4987,0.084,1.533272e-4,52116,0.7084833645,0.457,0.7326732673,IL,yes
17063,Illinois,9620,73,0.1046,4701.1478,14760.3798,5378.9146,0.0455647559,0.43,0.49,5206,0.096,3.138978e-4,83135,0.2437528714,0.446,0.8551534865,IL,yes
17065,Illinois,2013,73,0.1812,4063.5565,9088.5734,3352.265,0.0583884167,0.4,0.37,6051,0.086,3.675119e-4,51031,0.6809743408,0.384,0.7317647059,IL,yes
17067,Illinois,4942,74,0.111,3651.6347,7635.8512,3305.8061,0.0587500918,0.46,0.4,3978,0.087,2.24165e-4,53724,0.7097466499,0.356,0.7272236469,IL,yes
17069,Illinois,1128,72,0.2554,4443.7421,7742.0986,2400.7585,0.0767104354,0.37,0.2,9634,0.106,0.0010230179,44573,1,0.377,0.7263389582,IL,yes
17071,Illinois,1797,74,0.1061,3568.0869,8027.5689,3038.4294,0.0701859628,0.41,0.47,5299,0.131,NA,55535,0.996589824,0.358,0.8085320793,IL,yes
17073,Illinois,12210,74,0.0967,3776.3412,8557.5866,3693.4166,0.0606248867,0.45,0.46,3706,0.114,2.037075e-4,61680,0.5027532385,0.323,0.7624899275,IL,yes
17075,Illinois,7246,73,0.1536,3636.6579,11320.0486,4004.2484,0.0733653801,0.43,0.39,4124,0.085,3.98493e-4,51542,0.7174103237,0.336,0.793118133,IL,yes
17077,Illinois,10864,72,0.2052,4212.6152,9135.5422,3952.3388,0.0816999934,0.42,0.42,4848,0.084,0.0013236037,37308,0.3716662792,0.215,0.7762425156,IL,yes
17079,Illinois,2373,74,0.1165,4094.8478,9136.4169,3702.5761,0.0692517183,0.5,0.37,3906,0.094,2.080949e-4,59980,0.698597649,0.391,0.7531662625,IL,yes
17081,Illinois,8903,73,0.1981,4217.9085,11456.6331,4225.6732,0.0653663311,0.45,0.46,4979,0.085,5.817028e-4,50531,0.5877095835,0.186,0.80333667,IL,yes
17083,Illinois,5525,73,0.1374,3876.7334,8595.0693,3701.6949,0.0518128655,0.45,0.4,6384,0.147,4.119559e-4,63351,0.6056993692,0.453,0.7615013531,IL,yes
17085,Illinois,6882,73,0.0751,2877.7213,8046.807,4363.2075,0.0657439446,0.49,0.48,4802,0.107,4.680333e-4,62522,0.725901755,0.273,0.8015045135,IL,yes
17087,Illinois,3136,73,0.169,4153.0444,9886.4509,4376.3028,0.0639643861,0.39,0.43,5381,0.093,8.02826e-5,55022,1,0.457,0.6909133163,IL,yes
17089,Illinois,87423,73,0.1103,4645.4296,15805.392,6625.2146,0.0978394312,0.41,0.52,4696,0.101,4.099465e-4,84311,0.0355833555,0.429,0.8792230999,IL,yes
17091,Illinois,23177,72,0.1774,4351.3341,16125.6281,4595.442,0.066202171,0.45,0.49,5806,0.132,3.817349e-4,60763,0.2445680438,0.295,0.7776660971,IL,yes
17093,Illinois,17515,73,0.0984,4741.5652,13863.1463,6947.2949,0.0588281448,0.44,0.55,3890,0.085,3.674315e-4,105586,0.1041957189,0.517,0.9220795167,IL,yes
17095,Illinois,12923,73,0.1474,3784.3741,10739.2887,4668.4402,0.0655,0.48,0.51,4139,0.131,5.188378e-4,43404,0.2432018746,0.196,0.7299806576,IL,yes
17097,Illinois,122043,74,0.0985,4260.6898,15291.9353,6028.5148,0.0739627272,0.44,0.55,4568,0.085,0.001111536,92638,0.0126730371,0.466,0.8977864636,IL,yes
17099,Illinois,25846,73,0.12,4059.0404,11219.4873,3949.9773,0.0637559033,0.45,0.48,4146,0.132,3.929453e-4,59528,0.302148801,0.304,0.8211996895,IL,yes
17101,Illinois,3355,73,0.1701,3896.3107,9219.8058,2618.2524,0.0654379596,0.39,0.48,5863,0.182,2.537266e-4,47114,0.5801699044,0.28,0.7472248652,IL,yes
17103,Illinois,8218,73,0.1581,3532.763,11004.2777,2639.1211,0.0562961773,0.4,0.45,4615,0.077,7.012828e-4,57619,0.5321251145,0.247,0.8066434581,IL,yes
17105,Illinois,8396,73,0.1318,3826.7916,11463.1908,4256.7858,0.056168987,0.51,0.52,3339,0.115,4.474148e-4,54422,0.4080359435,0.267,0.7920598309,IL,yes
17107,Illinois,6341,73,0.1825,4834.1359,8833.0658,5672.8197,0.0577909667,0.51,0.41,4015,0.136,3.111495e-4,53806,0.3986470879,0.318,0.7704918033,IL,yes
17109,Illinois,6113,73,0.1691,3677.1654,8383.7854,4263.0505,0.0736963544,0.37,0.49,4738,0.117,5.007511e-4,49048,0.2950447688,0.177,0.7518408135,IL,yes
17111,Illinois,57693,73,0.0816,4298.2179,15362.425,5764.9067,0.0680186259,0.42,0.53,5028,0.089,4.990764e-4,89379,0.0987854644,0.489,0.9194774706,IL,yes
17113,Illinois,29122,73,0.0939,4161.8262,11753.6919,5743.5393,0.0533995764,0.55,0.58,4149,0.102,5.554655e-4,69230,0.1649682731,0.159,0.8234793834,IL,yes
17115,Illinois,25512,73,0.1642,4387.2826,11525.9177,5098.0278,0.0576329373,0.47,0.49,5477,0.179,8.499503e-4,52259,0.1526162791,0.136,0.7766441975,IL,yes
17117,Illinois,11810,73,0.1378,4221.7274,8365.857,4785.83,0.058999274,0.45,0.38,4893,0.134,2.427559e-4,54174,0.5851355595,0.436,0.7910993377,IL,yes
17119,Illinois,58613,72,0.127,4185.2239,12159.8134,5140.4104,0.0608595022,0.44,0.52,5086,0.118,4.575344e-4,66591,0.1334066146,0.384,0.8344866662,IL,yes
17121,Illinois,9784,72,0.2427,4195.9138,11239.9944,4236.0761,0.0676507179,0.41,0.48,6958,0.154,3.455609e-4,52291,0.4505667267,0.245,0.7821397216,IL,yes
17123,Illinois,3213,74,0.0904,3509.9338,10215.2318,4157.5213,0.0590389016,0.43,0.44,3829,0.123,8.67002e-5,63628,1,0.476,0.7624897625,IL,yes
17125,Illinois,3507,74,0.1275,3885.9878,7395.9965,3753.6989,0.0625059734,0.44,0.38,3892,0.094,2.211574e-4,51967,0.7748534024,0.439,0.7801572695,IL,yes
17127,Illinois,3862,71,0.2674,4257.329,11515.9609,4805.8632,0.0627717391,0.45,0.47,5426,0.162,2.130682e-4,54159,0.5050878216,0.29,0.6736516661,IL,yes
17129,Illinois,2993,73,0.1617,4816.568,10328.0736,6341.2229,0.0515212982,0.45,0.4,4586,0.116,4.06901e-4,77306,0.7569460842,0.455,0.8328835775,IL,yes
17131,Illinois,4008,74,0.0702,3877.0732,8799.5122,3252.1951,0.0534288302,0.45,0.46,3501,0.09,6.40985e-5,62241,0.7775952294,0.465,0.8172191529,IL,yes
17133,Illinois,7813,74,0.0738,3944.9986,12208.8914,6234.2548,0.0375790999,0.53,0.52,5375,0.101,3.786224e-4,90904,0.4135995388,0.529,0.8410864125,IL,yes
17135,Illinois,7127,73,0.1618,4127.6142,6891.3786,5070.2091,0.0602072789,0.45,0.31,4632,0.122,4.894934e-4,51665,0.4162237576,0.323,0.748567957,IL,yes
17137,Illinois,8178,73,0.1867,4507.8304,9052.6206,6102.7354,0.0545469348,0.46,0.44,4733,0.175,3.82623e-4,55937,0.3622809238,0.263,0.7523872002,IL,yes
17139,Illinois,3281,73,0.1384,4237.4567,11921.2803,5341.263,0.0856659619,0.46,0.47,6119,0.076,3.397432e-4,65472,0.6923750505,0.369,0.7583487162,IL,yes
17141,Illinois,11680,73,0.1265,3862.976,12032.115,3622.5723,0.0748401838,0.39,0.51,4208,0.096,6.087622e-4,63565,0.4709983737,0.377,0.8145188145,IL,yes
17143,Illinois,38311,73,0.1379,3835.595,12039.0456,5288.5537,0.0694888671,0.48,0.52,4056,0.125,0.001229093,57717,0.1464551138,0.144,0.7802137796,IL,yes
17145,Illinois,4851,73,0.1929,4256.5998,7652.5871,3195.3537,0.056052154,0.39,0.34,4986,0.098,5.195051e-4,56880,0.4364205817,0.355,0.7480137555,IL,yes
17147,Illinois,3981,73,0.0979,3040.8277,9374.7204,3932.8859,0.0546266172,0.51,0.49,3030,0.083,5.489144e-4,72265,0.6766094805,0.376,0.8218768679,IL,yes
17149,Illinois,3952,74,0.1779,5041.1061,8074.3647,7905.0822,0.0705047977,0.42,0.22,4586,0.155,5.765166e-4,54309,0.7230675593,0.401,0.7237280076,IL,yes
17151,Illinois,1237,72,0.1661,3301.353,7279.2128,3175.8918,0.0756048387,0.43,0.3,6882,0.128,NA,46478,1,0.661,0.606257379,IL,yes
17153,Illinois,1494,72,0.2335,3842.5926,9008.2305,4220.1646,0.0724499523,0.45,0.37,4781,0.084,NA,38506,1,0.454,0.5112171838,IL,yes
17155,Illinois,1529,73,0.0725,3783.4844,9292.0443,2757.3011,0.0563063063,0.47,0.46,3880,0.084,1.74216e-4,74367,1,0.314,0.8031496063,IL,yes
17157,Illinois,7326,73,0.1394,4098.7019,8611.5601,3104.0901,0.0595104424,0.42,0.31,5439,0.151,4.672024e-4,58444,0.4264249014,0.321,0.76537911300000006,IL,yes
17159,Illinois,3917,74,0.1603,3581.7918,8301.0519,3271.6721,0.0689488522,0.42,0.49,5121,0.113,5.075176e-4,49775,0.4346701164,0.222,0.7659640422,IL,yes
17161,Illinois,32750,73,0.1558,4232.9086,12158.3094,5230.7165,0.0697301893,0.51,0.54,4723,0.119,5.157621e-4,57772,0.1091998428,0.173,0.8121758663,IL,yes
17163,Illinois,52556,72,0.1461,4184.6384,13131.69,5362.0705,0.0619995742,0.42,0.45,5982,0.102,5.937355e-4,57726,0.0975464348,0.347,0.7680706979,IL,yes
17165,Illinois,6389,72,0.2244,3934.1914,7218.067,3207.8679,0.0646605188,0.36,0.23,6452,0.091,6.274575e-4,48547,0.4366395055,0.337,0.7161050943,IL,yes
17167,Illinois,44108,71,0.2118,4776.4168,12024.2458,7276.0404,0.0545960474,0.46,0.52,5102,0.106,0.0012234576,61768,0.1412655407,0.147,0.8024632366,IL,yes
17169,Illinois,1744,74,0.1365,3890.2765,6205.174,3467.4398,0.0711320755,0.42,0.4,4028,0.111,2.895613e-4,56015,0.5763520679,0.294,0.8072072072,IL,yes
17171,Illinois,1202,74,0.1396,4502.0134,8233.557,6507.3826,0.0530591521,0.53,0.38,3970,0.137,NA,61231,1,0.314,0.8009283136,IL,yes
17173,Illinois,5650,74,0.1143,4561.1976,10208.6228,4318.0838,0.0549194991,0.46,0.46,6085,0.094,2.759763e-4,61376,0.7773107365,0.365,0.7210795516,IL,yes
17175,Illinois,1393,73,0.1093,4071.3464,9226.6974,3867.664,0.0624404194,0.41,0.43,2311,0.072,1.842639e-4,54804,1,0.45,0.7680345572,IL,yes
17177,Illinois,12297,73,0.1377,3327.983,10813.5757,4046.7995,0.0618936295,0.37,0.51,4334,0.117,4.468974e-4,51786,0.4009347949,0.271,0.7864126855,IL,yes
17179,Illinois,30650,74,0.0989,3965.8224,11844.698,5336.432,0.0500925192,0.45,0.55,4153,0.099,4.760897e-4,66206,0.2041818692,0.241,0.8163784053,IL,yes
17181,Illinois,4704,71,0.2872,3957.08,9194.7909,5280.2641,0.0712929922,0.45,0.52,5381,0.121,7.125468e-4,51575,0.6586927224,0.435,0.6460775473,IL,yes
17183,Illinois,18346,71,0.1918,4035.1492,11554.7771,4760.2367,0.0665486726,0.4,0.34,6683,0.124,4.036143e-4,46295,0.3125635528,0.23,0.7655612982,IL,yes
17185,Illinois,2972,73,0.2031,3580.7546,7356.9309,3027.978,0.0647529309,0.43,0.34,4895,0.107,4.329379e-4,54249,0.3889679417,0.259,0.765860715,IL,yes
17187,Illinois,4069,73,0.1295,3783.1562,8378.5911,3391.5781,0.0727301165,0.47,0.4,4417,0.183,4.109911e-4,53621,0.4547918902,0.216,0.8207519674,IL,yes
17189,Illinois,3473,74,0.0928,4138.5567,9946.8041,3607.0103,0.0472157145,0.47,0.47,3628,0.081,1.429082e-4,64297,0.7364773036,0.351,0.7606312292,IL,yes
17191,Illinois,4050,74,0.1718,4197.0895,8586.5233,4035.4318,0.0736610649,0.4,0.43,1855,0.199,4.286064e-4,51829,0.6993436754,0.334,0.7008934903,IL,yes
17193,Illinois,3835,73,0.1721,3753.5034,8586.7769,3197.2691,0.0667740102,0.38,0.43,5915,0.088,2.927186e-4,51388,0.620320491,0.331,0.7463996027,IL,yes
17195,Illinois,14609,73,0.1313,3645.7355,10644.8619,3731.2439,0.0627734537,0.43,0.48,4101,0.149,5.932478e-4,50880,0.3734315703,0.189,0.7974787732,IL,yes
17197,Illinois,115194,73,0.1046,4696.8944,16475.6475,6799.043,0.0601801202,0.43,0.49,5660,0.1,5.517759e-4,90249,0.0392939371,0.498,0.891275741,IL,yes
17199,Illinois,16178,72,0.1883,4373.4724,10230.005,4210.8296,0.0621337127,0.43,0.42,6918,0.133,8.052971e-4,56958,0.3479813735,0.266,0.7619223797,IL,yes
17201,Illinois,62422,72,0.1561,4028.9422,12706.1903,4008.9223,0.0795766196,0.42,0.51,4700,0.111,7.46266e-4,59510,0.0791421972,0.23,0.8265187883,IL,yes
17203,Illinois,8503,74,0.0675,3774.5848,10086.0235,4500.4665,0.0513217279,0.48,0.47,3025,0.111,5.199802e-4,77117,0.5488568177,0.301,0.8289537209,IL,yes
18001,Indiana,6561,73,0.113,3311.1298,8963.1816,2654.8623,0.1199177399,0.37,0.48,4220,0.084,3.928612e-4,53532,0.5367435368,0.251,0.7111609647,IN,yes
18003,Indiana,72611,70,0.2061,3828.3036,14161.675,4473.3272,0.1034220653,0.43,0.52,5105,0.113,7.006775e-4,56838,0.1187969459,0.201,0.8417674835,IN,yes
18005,Indiana,16726,73,0.1483,3827.1741,12757.0797,3546.0936,0.0956372421,0.39,0.59,4765,0.116,7.129651e-4,71181,0.3370315389,0.199,0.8136525499,IN,yes
18007,Indiana,1988,72,0.1577,3828.2158,12156.8465,4714.5228,0.1027572484,0.42,0.55,3992,0.155,NA,55016,1,0.475,0.780011655,IN,yes
18009,Indiana,3270,73,0.1926,3667.7928,10261.8243,3967.9054,0.0856612833,0.37,0.53,4059,0.144,6.705784e-4,46811,0.5061099796,0.372,0.7306590258,IN,yes
18011,Indiana,12661,74,0.0983,4032.7327,13040.3904,5514.4144,0.0669273781,0.45,0.59,3542,0.095,0.0021194346,84137,0.3440501412,0.407,0.8670982931,IN,yes
18013,Indiana,4560,72,0.1252,3706.7995,10566.479,4170.6366,0.1071056289,0.37,0.5,3140,0.082,3.282132e-4,59617,1,0.551,0.7749232509,IN,yes
18015,Indiana,4688,73,0.1168,3498.9051,10704.0146,5158.3942,0.1025402149,0.36,0.53,4171,0.098,1.490535e-4,58965,0.8140411808,0.463,0.7725568608,IN,yes
18017,Indiana,8442,72,0.1904,4188.667,11618.1068,3978.5063,0.1232504015,0.43,0.53,4520,0.17,4.215518e-4,51777,0.4466714572,0.229,0.7604166667,IN,yes
18019,Indiana,25556,72,0.1659,4339.7523,14934.4978,6797.7665,0.0882229866,0.44,0.51,5973,0.109,4.260395e-4,59441,0.20514914,0.333,0.7681447964,IN,yes
18021,Indiana,6417,72,0.1675,3721.1817,11465.0488,5764.4421,0.0787753374,0.34,0.45,5223,0.188,4.203286e-4,54349,0.6088880625,0.44,0.7636346391,IN,yes
18023,Indiana,6858,73,0.1574,3927.3937,12713.046,4902.5166,0.1178652536,0.41,0.57,3561,0.165,1.550388e-4,55336,0.4978328919,0.313,0.7627358099,IN,yes
18025,Indiana,2832,71,0.2082,3669.3599,10602.2374,4761.3424,0.1140204713,0.37,0.42,5482,0.133,NA,44332,1,0.581,0.6362451108,IN,yes
18027,Indiana,5879,73,0.1588,3479.5122,10989.7561,2579.5122,0.1728872349,0.43,0.37,5558,0.075,4.826983e-4,56611,0.6028185035,0.316,0.6878952525,IN,yes
18029,Indiana,11625,72,0.143,3785.8583,13909.7535,3930.6869,0.0732639574,0.43,0.55,5407,0.106,4.64009e-4,71351,0.5305812536,0.481,0.826391097,IN,yes
18031,Indiana,5880,73,0.15,2510.607,8083.0878,2195.934,0.0776282514,0.4,0.36,5330,0.119,5.598268e-4,60891,0.537956488,0.252,0.7677967739,IN,yes
18033,Indiana,9496,70,0.1662,3611.1593,12233.5935,3030.3556,0.0813193537,0.42,0.51,4537,0.078,4.626845e-4,59714,0.422992208,0.227,0.7810844593,IN,yes
18035,Indiana,25074,72,0.192,4149.3389,12459.0595,5954.1767,0.0940868884,0.41,0.56,5365,0.127,0.0010978287,45912,0.2281190778,0.223,0.7831877634,IN,yes
18037,Indiana,9709,73,0.1108,3458.5612,10983.3094,2905.6115,0.0849905439,0.43,0.5,2590,0.104,8.457653e-4,63869,0.4924681897,0.172,0.809862073,IN,yes
18039,Indiana,37094,73,0.1587,3806.5628,11807.219,5915.7233,0.1496974022,0.4,0.53,3517,0.116,4.962055e-4,55782,0.205872676,0.212,0.805432388,IN,yes
18041,Indiana,6599,70,0.282,4350.4793,13490.7646,4871.8728,0.0965921664,0.37,0.49,4394,0.156,6.074543e-4,48499,0.3678378712,0.373,0.7073247078,IN,yes
18043,Indiana,17348,72,0.1589,4458.8541,14851.8148,6134.5865,0.0755530153,0.48,0.53,5029,0.138,6.556871e-4,64614,0.2032771058,0.33,0.7833087807,IN,yes
18045,Indiana,4223,73,0.1399,3929.866,11165.0906,4986.2096,0.094089543,0.42,0.43,5129,0.18,1.83475e-4,55337,0.659512761,0.431,0.7890737023,IN,yes
18047,Indiana,5392,72,0.1631,3626.8607,10977.175,2939.7949,0.0845929605,0.43,0.5,5171,0.126,7.91696e-4,67315,0.8885953134,0.46,0.7586048118,IN,yes
18049,Indiana,4957,72,0.1473,3775.4849,8467.6021,2602.9715,0.1135311053,0.36,0.5,3073,0.09,4.479395e-4,55011,0.6492129007,0.324,0.7620207719,IN,yes
18051,Indiana,7511,72,0.1501,3900.3517,11893.5522,3310.6682,0.0738938053,0.49,0.57,4695,0.088,3.288294e-4,61872,0.5361907889,0.298,0.7906296852,IN,yes
18053,Indiana,16623,71,0.2139,3791.1356,11764.0372,3331.8406,0.0862470382,0.42,0.51,5857,0.162,4.246542e-4,47509,0.2891337549,0.195,0.7192097679,IN,yes
18055,Indiana,7814,72,0.1781,4060.7015,10470.9095,3242.176,0.0933626236,0.38,0.47,6464,0.156,0.00031244140000000003,51918,0.7484396201,0.462,0.7193490337,IN,yes
18057,Indiana,53757,73,0.0846,4022.7233,12665.7287,5548.7354,0.0546549821,0.51,0.61,3033,0.084,0.0014541665,107710,0.0563537763,0.417,0.9424988939,IN,yes
18059,Indiana,16736,73,0.1117,4083.52,12136.1713,5055.1407,0.073133745,0.52,0.6,3490,0.116,8.382339e-4,77905,0.3044627296,0.444,0.8533402923,IN,yes
18061,Indiana,9352,72,0.1484,4345.5948,14000.5383,5639.8708,0.0827156744,0.46,0.54,4280,0.129,4.460967e-4,64270,0.8584747485,0.589,0.7062417552,IN,yes
18063,Indiana,30812,73,0.1039,4134.4465,12560.0718,4309.6727,0.0661857784,0.5,0.57,3594,0.119,4.670407e-4,85827,0.1784692811,0.423,0.8921460646,IN,yes
18065,Indiana,12007,71,0.2101,3964.627,10267.7284,3885.834,0.0809949693,0.4,0.39,5417,0.124,3.936111e-4,49293,0.428551211,0.384,0.7440450175,IN,yes
18067,Indiana,20613,72,0.1506,4171.673,12768.2507,5526.8297,0.0811803038,0.45,0.49,4462,0.148,5.949057e-4,54048,0.2153543117,0.199,0.7900060517,IN,yes
18069,Indiana,8856,72,0.1694,3544.2642,11840.5921,3630.5152,0.0859450504,0.44,0.55,4607,0.154,5.518764e-4,54565,0.5095625471,0.305,0.7880884548,IN,yes
18071,Indiana,9596,72,0.1575,3620.4655,11471.5873,4025.3722,0.1048663468,0.4,0.54,3051,0.128,5.667521e-4,59472,0.437323013,0.269,0.7386139796,IN,yes
18073,Indiana,7550,73,0.1132,3862.2481,14867.0268,4516.31,0.0963945731,0.34,0.47,4143,0.101,2.397363e-4,65352,0.6803871199,0.469,0.8006861885,IN,yes
18075,Indiana,4810,72,0.1778,3418.0077,10541.3793,3019.5402,0.1074065254,0.4,0.5,3833,0.185,3.852822e-4,49447,0.5565331953,0.232,0.6805725471,IN,yes
18077,Indiana,7770,72,0.1592,4252.1222,12323.2173,4690.365,0.0861265533,0.42,0.54,5051,0.122,5.588674e-4,53378,0.450968299,0.296,0.7609246358,IN,yes
18079,Indiana,6381,70,0.2451,3610.1493,11336.7164,3221.791,0.0936140289,0.38,0.49,3599,0.171,3.983919e-4,55022,0.6019631902,0.303,0.7574128984,IN,yes
18081,Indiana,30387,73,0.1173,4308.9873,13330.1754,4716.1055,0.0855681629,0.45,0.55,4496,0.1,8.00128e-4,74427,0.1389648703,0.434,0.8579148125,IN,yes
18083,Indiana,8510,72,0.1902,3962.9695,13616.8831,3418.7434,0.0916264487,0.41,0.52,5458,0.172,8.131183e-4,48760,0.3621488033,0.216,0.7939220641,IN,yes
18085,Indiana,17044,72,0.1357,3650.1702,12475.3261,4269.2853,0.1144227951,0.44,0.51,4896,0.123,3.781004e-4,64677,0.4659763696,0.202,0.7984643675,IN,yes
18087,Indiana,6113,72,0.1447,3179.3421,9334.6304,3610.5412,0.2546880528,0.38,0.49,3657,0.102,2.28833e-4,70746,0.9161549235,0.327,0.5880730223,IN,yes
18089,Indiana,101236,72,0.1688,4438.9438,17351.7287,4517.3822,0.0878167443,0.39,0.43,6828,0.136,5.202194e-4,57280,0.0396810516,0.409,0.7990156964,IN,yes
18091,Indiana,25268,72,0.1535,4139.6798,13764.9896,5624.8409,0.0912285299,0.39,0.51,5579,0.152,3.908842e-4,56427,0.3562758485,0.321,0.7930481656,IN,yes
18093,Indiana,11424,72,0.1665,3818.8002,11718.3055,3190.7854,0.0932334997,0.49,0.49,3278,0.138,4.160462e-4,56261,0.5844713227,0.336,0.7577871253,IN,yes
18095,Indiana,31097,72,0.194,4118.439,12616.9263,3972.6214,0.0901767464,0.43,0.55,5107,0.193,4.782438e-4,54145,0.2308866875,0.402,0.7916397075,IN,yes
18097,Indiana,155858,70,0.2366,3892.133,13304.4598,4796.8653,0.1197722579,0.43,0.52,4873,0.12,8.285586e-4,50707,0.0060018176,0.303,0.7920119885,IN,yes
18099,Indiana,10167,72,0.1483,3435.3486,10193.5128,3144.5278,0.1273286981,0.37,0.52,4076,0.128,4.540737e-4,53695,0.633461563,0.308,0.7036523347,IN,yes
18101,Indiana,2509,73,0.1374,3217.971,8989.5652,2495.0725,0.0925788037,0.37,0.29,2512,0.099,1.957522e-4,56735,0.7228565899,0.469,0.7129209458,IN,yes
18103,Indiana,7860,72,0.1767,3955.2172,11891.6256,5357.3668,0.1029326756,0.42,0.44,4542,0.1,1.968117e-4,53658,0.464867355,0.277,0.7627654103,IN,yes
18105,Indiana,23216,73,0.1569,3953.1937,11489.1555,4077.5881,0.0981711403,0.45,0.55,3129,0.073,5.921711e-4,53113,0.2124820618,0.184,0.8544333381,IN,yes
18107,Indiana,8696,71,0.1572,3667.7675,12368.1198,5301.1889,0.0953819878,0.51,0.58,3908,0.133,3.911751e-4,54366,0.527541706,0.3,0.8168638669,IN,yes
18109,Indiana,16581,72,0.1397,3727.6347,11971.3824,3786.7363,0.0853825019,0.45,0.55,3156,0.152,4.421245e-4,63414,0.491378059,0.532,0.8233848045,IN,yes
18111,Indiana,3473,72,0.1472,3515.528,12967.9885,4348.3039,0.1318405732,0.35,0.43,5499,0.171,7.13725e-5,61457,1,0.462,0.8142831509,IN,yes
18113,Indiana,9884,71,0.184,3454.9299,11261.4327,3040.1798,0.1111392983,0.41,0.51,5063,0.11,2.735e-4,60980,0.6804947829,0.326,0.7973298315,IN,yes
18115,Indiana,1622,72,0.1704,3435.9577,12757.9318,3910.6933,0.0749393873,0.36,0.53,3876,0.091,1.711157e-4,58294,1,0.462,0.7518590998,IN,yes
18117,Indiana,5053,72,0.2229,3543.8475,10100.8666,3829.4627,0.1005706134,0.35,0.41,1902,0.128,4.61799e-4,47931,0.8345766129,0.306,0.6977715877,IN,yes
18119,Indiana,5326,71,0.1748,3609.3636,9700.4389,4262.2531,0.1060770156,0.37,0.49,4203,0.172,9.59463e-5,53387,1,0.488,0.7315405652,IN,yes
18121,Indiana,3920,72,0.149,3935.6984,11695.7871,6035.9202,0.1160307871,0.35,0.5,4726,0.098,2.363089e-4,51554,0.7497548878,0.453,0.685322767,IN,yes
18123,Indiana,4580,73,0.1559,3595.0035,10144.6165,3595.7072,0.0783841247,0.38,0.41,2270,0.102,5.235054e-4,53908,0.5504188644,0.294,0.7391989494,IN,yes
18125,Indiana,3046,73,0.1768,3357.69,9229.228,2561.5793,0.0871915154,0.39,0.36,3371,0.144,8.05802e-5,52378,1,0.39,0.6695262234,IN,yes
18127,Indiana,36911,72,0.123,4244.1064,15060.662,4182.5694,0.0792658894,0.39,0.5,5243,0.112,6.309185e-4,74064,0.2075293745,0.409,0.8390966722,IN,yes
18129,Indiana,6084,73,0.1001,3948.9301,12354.9215,3243.6519,0.0635656668,0.53,0.63,5491,0.125,3.132341e-4,68435,0.66761868,0.337,0.7870999508,IN,yes
18131,Indiana,3272,73,0.146,3473.9768,8600.8085,2424.4568,0.096639935,0.34,0.31,4992,0.102,4.009945e-4,52432,0.8094314281,0.329,0.760434867,IN,yes
18133,Indiana,7985,72,0.166,3581.8094,10566.41,3943.6959,0.0785869321,0.41,0.48,5078,0.161,3.176368e-4,64098,0.6480257092,0.374,0.7866794654,IN,yes
18135,Indiana,6213,73,0.1637,3956.3563,10298.4014,4400.9135,0.1045235409,0.39,0.4,4155,0.132,2.011991e-4,50496,0.6186618777,0.335,0.7446475706,IN,yes
18137,Indiana,6771,73,0.1589,3902.2843,11316.2437,2829.1878,0.0918670165,0.45,0.51,4376,0.131,3.50594e-5,61219,0.8324311194,0.41,0.7467248908,IN,yes
18139,Indiana,3966,72,0.1761,3398.2262,9516.6297,3501.9956,0.1028099911,0.44,0.54,5416,0.082,3.600792e-4,54371,0.6116030359,0.428,0.6770661467,IN,yes
18141,Indiana,53433,72,0.1561,3855.7917,12074.5392,6326.1692,0.1032889747,0.4,0.53,4007,0.109,9.306757e-4,53881,0.0900157719,0.226,0.7831003612,IN,yes
18143,Indiana,5845,71,0.2358,3800.3772,13572.4615,5202.7664,0.0868433144,0.38,0.48,6723,0.118,4.606751e-4,50571,0.5271494148,0.399,0.6589009029,IN,yes
18145,Indiana,10071,72,0.1815,4211.6113,10676.2726,3414.5982,0.080448428,0.45,0.4,6170,0.168,3.363757e-4,59798,0.520478891,0.372,0.7741121023,IN,yes
18147,Indiana,4890,73,0.1609,3531.0854,11212.8556,3452.406,0.0850358918,0.44,0.53,3718,0.105,3.443696e-4,59183,1,0.402,0.7120708749,IN,yes
18149,Indiana,6178,71,0.1805,3538.7087,9823.8387,3522.641,0.100286533,0.27,0.36,5774,0.166,1.744059e-4,54001,0.8238239952,0.427,0.7389168324,IN,yes
18151,Indiana,8691,72,0.1318,3411.0828,10465.0834,2871.3599,0.1007093275,0.41,0.51,4204,0.096,2.602209e-4,59444,0.6724879333,0.272,0.7951055326,IN,yes
18153,Indiana,4714,72,0.1821,3898.4736,12430.9549,4252.3962,0.0976565138,0.29,0.49,6027,0.146,3.866602e-4,53375,0.7896158324,0.374,0.7023809524,IN,yes
18155,Indiana,2243,71,0.2124,3682.2504,11856.5769,3938.1933,0.1145737855,0.35,0.54,5505,0.213,NA,52482,1,0.537,0.7171763624,IN,yes
18157,Indiana,27337,72,0.15,3763.1016,12546.7384,5330.3103,0.095580533,0.45,0.57,3905,0.086,6.889478e-4,51228,0.1450109966,0.144,0.8378612143,IN,yes
18159,Indiana,3847,73,0.104,3937.3796,11504.3353,4249.5183,0.0859565181,0.4,0.59,4027,0.163,3.30513e-4,69960,0.6160266064,0.352,0.7707026349,IN,yes
18161,Indiana,1773,72,0.179,4248.2014,12420.8633,4452.3381,0.0917986123,0.36,0.54,6067,0.075,1.42106e-4,53866,1,0.353,0.6967764789,IN,yes
18163,Indiana,39805,72,0.1731,4178.2392,13928.3111,3404.3829,0.0957963455,0.49,0.58,5153,0.109,8.564766e-4,51603,0.0916734835,0.186,0.8093033714,IN,yes
18165,Indiana,4062,72,0.1743,4047.311,12293.1662,5898.9082,0.082111437,0.31,0.44,7412,0.153,3.876219e-4,50723,0.6036886257,0.336,0.8026710684,IN,yes
18167,Indiana,23431,72,0.232,4167.979,13921.2598,7242.928,0.0991143656,0.34,0.54,7068,0.111,8.846591e-4,48082,0.237584378,0.188,0.8100204791,IN,yes
18169,Indiana,8489,72,0.1757,3947.2601,11288.6545,4336.249,0.0908935442,0.45,0.43,4647,0.121,4.15601e-4,59874,0.4998479689,0.242,0.7471621832,IN,yes
18171,Indiana,2044,73,0.1148,3817.6881,10018.6191,3972.0714,0.0724327628,0.31,0.43,4913,0.162,NA,64109,0.7710390221,0.388,0.8197795651,IN,yes
18173,Indiana,14213,72,0.129,4143.8258,13754.8572,3460.5555,0.0686139859,0.51,0.6,5100,0.142,0.0015823038,79644,0.2930690747,0.292,0.8496369422,IN,yes
18175,Indiana,6599,71,0.1799,3846.2656,12815.17,5305.4345,0.1042604326,0.42,0.46,3150,0.124,2.5051e-4,51948,0.7684523388,0.515,0.6830895795,IN,yes
18177,Indiana,16700,71,0.2501,4458.3919,13045.3827,5090.5899,0.1070144588,0.38,0.48,5936,0.173,5.763164e-4,47885,0.3304990061,0.213,0.7368638343,IN,yes
18179,Indiana,6425,72,0.1301,3801.1404000000002,11733.072,3787.9544,0.0789635216,0.48,0.49,5430,0.123,5.672552e-4,61636,0.5056086264,0.337,0.7916972814,IN,yes
18181,Indiana,6162,73,0.1204,3508.3532,10274.9934,4068.1517,0.1155198656,0.46,0.53,2956,0.152,3.314963e-4,58295,0.6796656251,0.359,0.8117218342,IN,yes
18183,Indiana,7825,72,0.1161,3611.6071,11722.4702,3476.9345,0.0823389452,0.44,0.53,4622,0.133,5.869578e-4,67347,0.7116424366,0.346,0.8110900888,IN,yes
19001,Iowa,1995,74,0.1307,3079.646,6101.4295,2287.951,0.0524275429,0.46,0.39,2454,0.151,4.247487e-4,57977,1,0.337,0.7175,IA,yes
19003,Iowa,1110,72,0.195,3301.4925,6569.1542,1780.0995,0.0658273381,0.51,0.53,1445,0.099,2.743484e-4,53385,1,0.238,0.7546933667,IA,yes
19005,Iowa,3572,73,0.1079,2611.1935,6452.1868,2266.8643,0.0917682639,0.56,0.43,2119,0.091,5.78369e-4,56240,0.7396371249,0.293,0.7166134722,IA,yes
19007,Iowa,3526,73,0.1745,3439.4213,6582.7306,2550.6329,0.0610759494,0.43,0.39,3752,0.152,7.236472e-4,41672,0.5825250252,0.235,0.6958714739,IA,yes
19009,Iowa,1654,74,0.1249,3316.4469,5770.2984,1870.229,0.0689067446,0.45,0.37,1395,0.098,7.264802e-4,53197,1,0.177,0.7534918837,IA,yes
19011,Iowa,5723,73,0.0951,4057.4616,7988.0056,4193.8633,0.0462927391,0.53,0.33,4278,0.114,1.949926e-4,70023,0.8065654241,0.399,0.7976906656,IA,yes
19013,Iowa,28356,71,0.1604,4182.1185,11504.5771,4136.8986,0.055317429,0.55,0.6,3315,0.096,9.213945e-4,60010,0.1348081471,0.088,0.8137605141,IA,yes
19015,Iowa,6261,74,0.0975,3447.8513,7742.395,4066.6345,0.0454245283,0.49,0.61,4987,0.081,5.3139e-4,63975,0.5063483616,0.295,0.8071024283,IA,yes
19017,Iowa,5761,74,0.0619,4080.9738,8408.3091,2706.0069,0.0368019628,0.55,0.51,3637,0.09,5.611897e-4,67229,0.6448755973,0.275,0.8325754444,IA,yes
19019,Iowa,4574,73,0.1114,4040.0883,7796.6164,2595.0717,0.0528916013,0.46,0.38,3093,0.101,4.717204e-4,67906,0.6853707415,0.353,0.7870220451,IA,yes
19021,Iowa,3749,74,0.1343,2104.3956,6084.478,2481.7995,0.102426387,0.47,0.51,2822,0.095,5.0317e-4,57048,0.4390918065,0.146,0.8405103668,IA,yes
19023,Iowa,3972,74,0.0908,3926.4442,8866.1643,2561.8945,0.0529836767,0.55,0.47,4506,0.116,1.37561e-4,57080,1,0.348,0.7516789255,IA,yes
19025,Iowa,2709,74,0.1244,3641.1792,6720.4053,3038.2312,0.0569611103,0.47,0.43,3554,0.09,7.217239e-4,57007,1,0.26,0.7978774723,IA,yes
19027,Iowa,5203,74,0.1131,3314.7271,9554.9464,4134.0643,0.0463293837,0.53,0.63,3021,0.097,8.93123e-4,61379,0.520368947,0.131,0.7933761174,IA,yes
19029,Iowa,3817,73,0.1616,3414.6752,6752.272,2034.6685,0.0704540827,0.45,0.32,1514,0.126,5.413766e-4,53692,0.5363284609,0.168,0.7377132241,IA,yes
19031,Iowa,4336,74,0.0775,3660.152,9073.4709,4269.9964,0.0445085929,0.53,0.44,2846,0.083,2.14742e-4,71029,0.8342072544,0.423,0.8074685428,IA,yes
19033,Iowa,11713,73,0.1476,3735.8554,11158.846,2549.7306,0.0480739788,0.57,0.6,4178,0.101,0.0015710366,54589,0.2059296505,0.117,0.7900317031,IA,yes
19035,Iowa,3224,74,0.1095,1966.9754,6707.6118,2607.7326,0.0602094241,0.52,0.43,5164,0.11,7.066514e-4,59901,0.6138170974,0.174,0.7945102463,IA,yes
19037,Iowa,3012,74,0.1046,3843.5259,7353.0156,2903.4163,0.0662989286,0.51,0.55,3739,0.109,5.850886e-4,60111,0.7353485007,0.227,0.7608737676,IA,yes
19039,Iowa,2211,74,0.1331,3371.8033,6998.0328,2771.8033,0.0636243386,0.46,0.39,4359,0.091,4.244933e-4,57708,0.481046737,0.321,0.7684210526,IA,yes
19041,Iowa,4288,74,0.1403,3324.6073,9893.0835,2211.0774,0.0531545741,0.47,0.58,4199,0.098,8.677327e-4,57174,0.3428931421,0.177,0.81281198,IA,yes
19043,Iowa,4932,73,0.1236,3241.1728,6664.5649,2645.3342,0.0638682013,0.51,0.42,4264,0.085,2.848029e-4,53223,0.9659661316,0.276,0.7367509987,IA,yes
19045,Iowa,11524,73,0.141,4156.6299,11769.5962,5620.5114,0.0520355891,0.49,0.58,3506,0.126,5.374264e-4,56865,0.3223389527,0.256,0.7711229947,IA,yes
19047,Iowa,3505,73,0.1404,3472.707,6661.3442,1968.4367,0.1099019116,0.51,0.45,4472,0.082,1.748456e-4,58077,0.5180159102,0.177,0.7568743203,IA,yes
19049,Iowa,14446,73,0.0941,3886.8577,10463.6049,5846.3939,0.0371626696,0.54,0.59,2269,0.067,4.768241e-4,97535,0.3058592273,0.221,0.8873223059,IA,yes
19051,Iowa,1828,73,0.1282,3436.6744,5804.9728,2192.6962,0.1112472767,0.41,0.49,2598,0.121,3.327049e-4,57150,1,0.287,0.645465995,IA,yes
19053,Iowa,1924,73,0.1808,3140.6706,4789.3586,4040.8163,0.0774548033,0.42,0.4,3365,0.146,2.534854e-4,44873,1,0.301,0.7371875,IA,yes
19055,Iowa,4084,74,0.0883,4205.3872,6437.7104,2726.8986,0.0569431297,0.55,0.34,1112,0.1,5.858574e-4,70091,0.7147038955,0.262,0.7867380918,IA,yes
19057,Iowa,10142,73,0.1288,3749.8649,10340.7618,1938.5467,0.0490391855,0.46,0.58,4995,0.142,6.64316e-4,53547,0.2673527588,0.139,0.7807116216,IA,yes
19059,Iowa,5617,74,0.0798,3301.2099,8904.4789,2190.1932,0.0494227424,0.55,0.62,2679,0.122,7.578849e-4,66211,0.3504529909,0.155,0.8252997309,IA,yes
19061,Iowa,22039,69,0.2904,3987.9518,11137.8591,5927.3633,0.0448173044,0.56,0.58,8826,0.081,8.053359e-4,62481,0.2701675333,0.113,0.8254645381,IA,yes
19063,Iowa,2463,74,0.1176,3418.1994,7169.8935,1773.9593,0.0706389088,0.53,0.55,2603,0.094,7.565114e-4,55635,0.3989516599,0.217,0.7760158573,IA,yes
19065,Iowa,5221,73,0.1328,2908.2792,6587.1212,2076.2987,0.0618397147,0.51,0.38,1880,0.132,3.560529e-4,53142,0.7057950192,0.217,0.7637804878,IA,yes
19067,Iowa,4141,73,0.1388,3491.6827,7099.1683,1924.8241,0.0681668857,0.57,0.51,4120,0.097,3.806865e-4,55369,0.527326259,0.238,0.767057801,IA,yes
19069,Iowa,2546,74,0.1175,3290.7489,7765.5409,2146.8429,0.0740928057,0.51,0.46,2579,0.158,2.963256e-4,55847,0.6024344569,0.19,0.7213740458,IA,yes
19071,Iowa,1884,73,0.1325,3686.8251,6878.3297,3955.3636,0.0490305742,0.39,0.33,3633,0.098,1.430001e-4,60498,1,0.298,0.7718166384,IA,yes
19073,Iowa,2518,74,0.1118,3535.0318,8535.0318,5027.7939,0.0546919977,0.5,0.65,2916,0.161,4.453847e-4,55562,0.5816195373,0.273,0.7766305716,IA,yes
19075,Iowa,3061,75,0.0701,3983.0754,8136.8472,3065.2805,0.0389677154,0.54,0.39,1695,0.091,2.438231e-4,73683,1,0.304,0.814742968,IA,yes
19077,Iowa,2939,74,0.0941,3296.7942,7885.212,2852.637,0.0586953891,0.51,0.55,2786,0.09,3.731343e-4,64965,1,0.431,0.7556154537,IA,yes
19079,Iowa,3577,74,0.0928,3870.0225,9005.6349,5429.0008,0.0546517539,0.55,0.51,4627,0.087,3.344034e-4,63234,0.5048172016,0.258,0.7571497044,IA,yes
19081,Iowa,2828,74,0.1074,3770.6735,8016.624,2311.5942,0.051502666,0.56,0.59,2541,0.06,1.867065e-4,62030,0.700202804,0.235,0.7713987474,IA,yes
19083,Iowa,4464,75,0.1179,3628.3722,8060.9276,4404.0618,0.0562047858,0.58,0.62,3098,0.1,4.14987e-4,57103,0.7108474963,0.23,0.7270565193,IA,yes
19085,Iowa,3520,73,0.135,3608.0283,7668.2409,2339.2365,0.052594235,0.48,0.41,2538,0.153,3.537569e-4,63901,0.8111602358,0.474,0.7371656421,IA,yes
19087,Iowa,4687,74,0.1165,3582.9694,11521.8341,3069.5961,0.0553748136,0.45,0.55,3392,0.09,6.976628e-4,57747,0.5713080169,0.212,0.7681777089,IA,yes
19089,Iowa,2382,74,0.10780000000000001,3543.4146,5580.4878,2371.2195,0.0646102543,0.55,0.41,2606,0.112,5.442473e-4,58028,0.6299393686,0.242,0.7343832021,IA,yes
19091,Iowa,2386,74,0.1024,3526.1003,6329.0686,2542.477,0.0635900188,0.49,0.39,1429,0.089,2.094899e-4,56695,0.4658176261,0.191,0.7695256349,IA,yes
19093,Iowa,1774,74,0.0966,3285.4031,7104.5752,2416.8482,0.0498489426,0.44,0.44,4514,0.087,2.923549e-4,58249,1,0.222,0.7715044836,IA,yes
19095,Iowa,3885,74,0.0861,3396.2264,8320.7547,3121.8553,0.0434448289,0.45,0.48,3465,0.11,6.814943e-4,66861,0.8218281871,0.352,0.7778761062,IA,yes
19097,Iowa,5163,71,0.1758,3619.5844,10469.8838,5613.5963,0.0557518649,0.49,0.55,4578,0.107,3.602305e-4,57687,0.5326985087,0.406,0.7788566574,IA,yes
19099,Iowa,8794,73,0.1129,3438.6877,11480.9968,4468.806,0.042750604,0.51,0.6,2959,0.144,4.038011e-4,67317,0.5750773574,0.36,0.7997804309,IA,yes
19101,Iowa,4878,72,0.1373,3227.0078,5965.3497,1622.4093,0.0775593009,0.33,0.22,2492,0.089,7.072521e-4,51741,0.3872825506,0.139,0.7891619781,IA,yes
19103,Iowa,23173,72,0.1344,3571.9087,11289.6653,3271.8107,0.0567063329,0.52,0.64,3187,0.064,0.0019172286,67295,0.1853654437,0.196,0.8800182636,IA,yes
19105,Iowa,4976,73,0.1018,4026.658,7412.8739,3965.5397,0.0540034841,0.61,0.33,3424,0.089,3.856537e-4,63399,0.5795619731,0.431,0.7937269373,IA,yes
19107,Iowa,2638,74,0.1125,3428.1593,6923.8315,2156.9533,0.0632927289,0.43,0.41,2411,0.087,9.77995e-5,54937,1,0.374,0.7601274465,IA,yes
19109,Iowa,4095,74,0.1027,3602.1505,6195.2462,1893.605,0.0517699115,0.6,0.32,3692,0.134,5.366246e-4,59568,0.65643698130000006,0.166,0.7768582606,IA,yes
19111,Iowa,8950,72,0.163,3589.4865,10064.6254,2989.8388,0.048787062,0.43,0.51,3324,0.131,6.460138e-4,51089,0.4061680888,0.201,0.7531792314,IA,yes
19113,Iowa,45176,72,0.1259,4267.8048,11466.3462,6272.2458,0.0432851434,0.57,0.63,4258,0.096,6.197186e-4,64783,0.1274795716,0.158,0.8480363568,IA,yes
19115,Iowa,2513,73,0.1322,3644.4308,8414.9327,2601.5912,0.0932297447,0.44,0.53,3714,0.13,8.95335e-5,60544,1,0.355,0.7808535179,IA,yes
19117,Iowa,2266,74,0.114,3367.7463,5322.5371,2127.5304,0.0515232975,0.45,0.42,3689,0.15,8.097166e-4,53085,0.5624859519,0.236,0.7624966225,IA,yes
19119,Iowa,2461,74,0.0788,3804.3699,8264.7358,5014.2276,0.0652331983,0.6,0.38,2899,0.137,3.386673e-4,66139,1,0.238,0.8491644679,IA,yes
19121,Iowa,3565,74,0.0727,3585.0966,8005.9798,4234.5906,0.0467553705,0.56,0.4,2850,0.096,4.92338e-4,72578,0.6783595893,0.464,0.7946456206,IA,yes
19123,Iowa,4886,74,0.1236,3249.9224,6726.7929,2062.403,0.0527370591,0.48,0.59,3894,0.086,6.363636e-4,59242,0.439479916,0.219,0.8057578134,IA,yes
19125,Iowa,7636,74,0.1019,3501.0286,6130.9145,2051.4307,0.0414858796,0.55,0.58,3359,0.1,9.279492e-4,66381,0.4868954337,0.243,0.7860082305,IA,yes
19127,Iowa,9033,73,0.1682,3853.0713,10260.9311,5555.6736,0.0762973706,0.51,0.55,2055,0.121,4.752257e-4,55631,0.3392540838,0.159,0.7654841429,IA,yes
19129,Iowa,3500,72,0.1544,3992.5681,10613.9554,5295.2106,0.048839742,0.45,0.57,3952,0.065,5.974905e-4,72679,0.5957234876,0.395,0.846957148,IA,yes
19131,Iowa,2589,75,0.0945,3038.4276,4590.9894,1946.1131,0.0710574018,0.52,0.31,2466,0.087,2.83849e-4,61247,0.671956199,0.258,0.803673938,IA,yes
19133,Iowa,2460,74,0.1483,2783.3133,6876.9508,3003.0012,0.0618254702,0.49,0.11,5981,0.101,9.217652e-4,53104,0.711998269,0.274,0.753,IA,yes
19135,Iowa,1898,73,0.1383,3683.425,7282.7965,2150.0393,0.0585950146,0.42,0.43,2996,0.133,6.418485e-4,56397,0.5516938519,0.297,0.7279902854,IA,yes
19137,Iowa,2847,73,0.17,3638.6438,8041.3377,2572.2248,0.059632438,0.5,0.59,5593,0.118,6.997901e-4,52715,0.4788640596,0.201,0.7935880545,IA,yes
19139,Iowa,9184,73,0.1356,3975.9235,9272.5602,2893.5857,0.0561038373,0.49,0.58,3282,0.087,4.658855e-4,61767,0.2555152649,0.169,0.7924969988,IA,yes
19141,Iowa,3526,74,0.1311,3078.371,5871.321,1804.9281,0.0572849512,0.52,0.35,2992,0.082,7.225434e-4,60298,0.6627309349,0.204,0.7967255633,IA,yes
19143,Iowa,1516,75,0.1035,3015.1274,7843.949,1550.9554,0.0721123165,0.54,0.53,3204,0.106,3.311258e-4,60702,0.5837202105,0.199,0.8363083935,IA,yes
19145,Iowa,4190,73,0.1863,3742.7348,6593.1478,1704.1909,0.0601525262,0.5,0.5,3888,0.14,4.590465e-4,52179,0.3335425559,0.155,0.7888535032,IA,yes
19147,Iowa,2403,74,0.1482,3503.5971,6393.2854,2142.446,0.0491779213,0.54,0.35,2710,0.111,4.479785e-4,55074,0.6149028766,0.184,0.7722852512,IA,yes
19149,Iowa,5639,73,0.0959,2950.1992,8158.1175,3429.5319,0.0500489716,0.53,0.56,2944,0.104,4.781829e-4,69165,0.6293924598,0.234,0.8434146341,IA,yes
19151,Iowa,1934,74,0.1232,3064.4544,5918.3153,2043.395,0.0700487805,0.42,0.36,4413,0.085,2.967359e-4,56146,1,0.266,0.7872472784,IA,yes
19153,Iowa,83310,73,0.1271,3868.6997,11383.4192,6050.6179,0.0575224635,0.52,0.62,3217,0.089,9.749509e-4,67331,0.0490874048,0.176,0.8476714342,IA,yes
19155,Iowa,21274,72,0.1488,3829.5817,11014.6615,4640.621,0.0611643527,0.48,0.61,3996,0.112,4.597308e-4,60322,0.2641963116,0.251,0.7805375146,IA,yes
19157,Iowa,4501,75,0.0901,3326.3757,9231.4991000000009,3252.0557,0.0542360061,0.47,0.66,3033,0.083,9.091395e-4,57741,0.5199323253,0.268,0.7811252736,IA,yes
19159,Iowa,1356,74,0.1725,3091.2376,4732.6107,1977.4164,0.0691518098,0.61,0.34,2144,0.097,0.0012077295,50890,1,0.291,0.7488584475,IA,yes
19161,Iowa,2743,74,0.0929,3265.6922,5756.6638,2627.2571,0.0590226073,0.53,0.39,3283,0.101,6.173475e-4,59392,1,0.195,0.7885462555,IA,yes
19163,Iowa,35576,73,0.1282,4105.6264,11835.265,5267.6746,0.0522026725,0.52,0.57,4499,0.115,9.060323e-4,65724,0.1351074904,0.154,0.8131481178,IA,yes
19165,Iowa,3229,73,0.1238,3537.7726,7036.215,1882.7882,0.0611947002,0.5,0.53,2262,0.105,5.182242e-4,60498,0.5944768636,0.229,0.7644135189,IA,yes
19167,Iowa,6400,74,0.0895,2243.4001,5952.8178,1760.1573,0.0655438238,0.56,0.56,1936,0.088,8.593772e-4,71566,0.5082482791,0.099,0.8756531679,IA,yes
19169,Iowa,15079,74,0.0871,3920.7317,11483.5759,7318.7451,0.0564081622,0.64,0.67,3022,0.079,6.829417e-4,64151,0.1693506958,0.19,0.7810954484,IA,yes
19171,Iowa,4107,74,0.1008,3835.7337,8984.0405,4049.8248,0.0785639958,0.46,0.49,3341,0.1,2.366304e-4,56281,0.7239826645,0.314,0.7536574553,IA,yes
19173,Iowa,1605,74,0.1378,3018.8172,5530.914,1563.8441,0.0710989933,0.48,0.47,3158,0.12,3.230496e-4,51510,1,0.303,0.752293578,IA,yes
19175,Iowa,3110,73,0.1641,2052.5873,4745.8982,1590.6605,0.0606156109,0.57,0.58,2135,0.195,8.09127e-4,52914,0.3922929631,0.189,0.7641035549,IA,yes
19177,Iowa,1945,73,0.1213,3461.5385,5687.8698,1622.7811,0.0874002598,0.34,0.28,3489,0.093,0.0011396011,50425,1,0.254,0.6731167934,IA,yes
19179,Iowa,8105,72,0.1816,3541.4666,8090.79,3259.0572,0.0730164403,0.41,0.49,3567,0.149,5.396961e-4,50533,0.3046736842,0.181,0.7523651682,IA,yes
19181,Iowa,10341,73,0.0822,4025.1562,11584.6761,6847.583,0.0378073185,0.52,0.61,2979,0.101,5.288311e-4,79557,0.419556517,0.402,0.8442205837,IA,yes
19183,Iowa,5279,74,0.109,3860.0488,8446.7046,2391.3751,0.0667681723,0.46,0.48,3490,0.109,5.87146e-4,63230,0.6946185035,0.336,0.7982336957,IA,yes
19185,Iowa,1634,74,0.1204,3137.4408,4766.8246,1682.4645,0.0743229485,0.52,0.34,4421,0.203,4.686768e-4,49962,1,0.28,0.71253254,IA,yes
19187,Iowa,8508,73,0.1354,3677.381,7222.7891,5158.8435,0.0542166451,0.45,0.45,3876,0.104,6.064449e-4,53344,0.3391208271,0.149,0.7585260682,IA,yes
19189,Iowa,2746,74,0.1031,3749.0958,9428.1193,2421.7902,0.052218991,0.56,0.6,3063,0.107,4.753755e-4,50258,0.6612368857,0.202,0.7743063142,IA,yes
19191,Iowa,5088,74,0.0938,2583.7057,6109.3298,3089.8817,0.0438777691,0.53,0.62,1879,0.064,0.0010984073,65482,0.5898081307,0.2,0.8174881918,IA,yes
19193,Iowa,19847,72,0.1821,4159.4878,12163.2489,5912.8683,0.0814929721,0.5,0.51,4589,0.1,6.436575e-4,58419,0.1745683749,0.144,0.7844730367,IA,yes
19195,Iowa,1863,73,0.1151,3552.2088,9611.1111,2100.4016,0.0557633458,0.56,0.54,2683,0.156,2.683483e-4,60139,1,0.319,0.7812105927,IA,yes
19197,Iowa,3225,75,0.107,2401.0819,6138.7172,2955.9505,0.0718933994,0.54,0.3,2523,0.099,3.94011e-4,54251,0.5679945574,0.191,0.7152850647,IA,yes
20001,Kansas,3287,73,0.1346,3432.7166,6091.2532,4117.3255,0.0881706934,0.31,0.4,5456,0.168,6.428801e-4,46690,0.5715354125,0.145,0.7488830975,KS,no
20003,Kansas,1946,74,0.129,3862.8649,7356.4155,3327.2234,0.1057003257,0.45,0.28,3032,0.118,3.808073e-4,51352,0.5882498149,0.401,0.700096743,KS,no
20005,Kansas,3669,73,0.151,3756.3091,8141.9558,2790.2208,0.0728810802,0.4,0.3,4816,0.115,4.940406e-4,51860,0.3415268258,0.238,0.7292715676,KS,no
20007,Kansas,1281,73,0.1211,3772.3133,6434.4262,2255.9199,0.1410181393,0.35,0.24,4821,0.104,4.472272e-4,50660,1,0.248,0.7743109724,KS,no
20009,Kansas,6057,72,0.1502,4198.3487,7872.6165,3210.3401,0.1179128407,0.4,0.32,3755,0.138,5.744705e-4,50754,0.3175543832,0.104,0.7759789157,KS,no
20011,Kansas,3450,73,0.1276,4174.6704,8073.9171,5381.8267,0.1000612263,0.47,0.51,3250,0.142,4.777179e-4,47452,0.479667831,0.202,0.7437899219,KS,no
20013,Kansas,2497,72,0.174,2206.9614,6903.5748,2007.0555,0.0973614776,0.36,0.28,3037,0.133,0.0010418837,47558,0.6843950321,0.198,0.7512913223,KS,no
20015,Kansas,13412,73,0.084,4163.3597,11508.2167,6222.0329,0.0801641587,0.39,0.51,3823,0.101,6.590279e-4,66199,0.4047358834,0.346,0.8172496984,KS,no
20017,Kansas,715,74,0.113,3344.0135,6925.801,4025.2951,0.0952637244,0.5,0.4,2321,0.113,NA,51022,1,0.298,0.7078972407,KS,no
20019,Kansas,994,72,0.1901,3350.6173,6948.1481,3867.9012,0.1484407484,0.24,0.32,2924,0.098,NA,43664,1,0.337,0.6256868132,KS,no
20021,Kansas,4887,72,0.1408,3960.3252,10600,4923.252,0.1089615577,0.39,0.43,5521,0.152,2.498126e-4,47682,0.4906263019,0.233,0.723546475,KS,no
20023,Kansas,788,75,0.0959,3726.0274,5491.6286,1777.7778,0.1415241058,0.27,0.36,4868,0.127,NA,47323,1,0.135,0.7846027846,KS,no
20025,Kansas,501,75,0.1247,3793.765,5000,1875.2998,0.1163239075,0.38,0.28,4549,0.114,0.0029925187,59085,1,0.227,0.7491408935,KS,no
20027,Kansas,2222,74,0.1183,3618.5676,8232.8912,3000,0.091132199,0.46,0.41,5360,0.133,0.0012504689,52781,0.4953719977,0.248,0.6673306773,KS,no
20029,Kansas,2385,73,0.15310000000000001,3587.2861,7328.6064,2309.5355,0.093625498,0.45,0.35,6412,0.1,4.582426e-4,46299,0.4398405539,0.162,0.7375982651,KS,no
20031,Kansas,2177,73,0.1007,2650.3871,7572.3645,3234.6635,0.0745225897,0.43,0.38,3575,0.141,7.287744e-4,62715,0.7089873271,0.285,0.8248256625,KS,no
20033,Kansas,523,73,0.1575,2803.0635,4884.0263,1343.5449,0.1308777429,0.51,0.53,3071,0.105,0.0011441648,47854,1,0.129,0.7390146471,KS,no
20035,Kansas,7817,73,0.1295,3411.8068,7848.6583,3157.9606,0.1040170846,0.4,0.49,3922,0.128,5.111023e-4,51537,0.3099887087,0.212,0.756426402,KS,no
20037,Kansas,7822,73,0.1491,3828.2651,10055.1657,4964.1326,0.1123260752,0.41,0.47,3922,0.108,7.688562e-4,42723,0.349287065,0.187,0.7704789322,KS,no
20039,Kansas,870,74,0.1517,3640.1734,6080.9249,2096.8208,0.1162109375,0.36,0.45,4411,0.116,NA,46878,1,0.224,0.7933425798,KS,no
20041,Kansas,4693,73,0.1211,3634.1719,7078.8784,2580.7128,0.1047715054,0.45,0.29,4895,0.11,4.274189e-4,58066,0.6429077655,0.322,0.7631146505,KS,no
20043,Kansas,1792,73,0.1236,3675,10356.9444,2770.1389,0.0892180503,0.41,0.46,4779,0.107,3.905233e-4,52596,0.7019509125,0.291,0.7127380171,KS,no
20045,Kansas,19686,73,0.0836,3590.3332,11815.5795,4478.8832,0.0836099753,0.49,0.61,3075,0.07,8.975921e-4,62559,0.1101275874,0.284,0.877173172,KS,no
20047,Kansas,759,74,0.1265,4152.439,6076.2195,2243.9024,0.1551646369,0.38,0.16,1947,0.122,3.510004e-4,49047,1,0.301,0.7415902141,KS,no
20049,Kansas,823,74,0.1405,3387.7863,6635.1145,2900.7634,0.1458569807,0.37,0.39,3903,0.225,3.987241e-4,41930,1,0.37,0.695035461,KS,no
20051,Kansas,5744,73,0.1365,3730.8585,11677.0723,7212.6134,0.0811201292,0.51,0.48,4681,0.072,6.269592e-4,51237,0.2555883593,0.067,0.8130630631,KS,no
20053,Kansas,1540,73,0.0967,3860.0155,7572.3125,2449.3426,0.093827775,0.51,0.32,7668,0.124,4.841833e-4,56988,0.5410189318,0.266,0.7650753769,KS,no
20055,Kansas,5119,72,0.1876,3737.5923,9353.7796,2650.0382,0.1614447208,0.35,0.48,4580,0.084,6.828549e-4,57412,0.1858277137,0.079,0.7995047528,KS,no
20057,Kansas,4473,72,0.1893,3580.9577,7803.7642,3054.8021,0.171861664,0.28,0.44,3537,0.11,4.426346e-4,54604,0.1929803829,0.081,0.7825282087,KS,no
20059,Kansas,5790,73,0.1179,4467.0165,9319.5902,4596.7016,0.0779177402,0.44,0.35,4578,0.088,4.291678e-4,55984,0.5210064635,0.369,0.7032022139,KS,no
20061,Kansas,4398,71,0.1389,3590.5172,8542.4877,3455.3571,0.077765037,0.38,0.29,2580,0.11,3.988464e-4,58978,0.1167277807,0.108,0.832781457,KS,no
20063,Kansas,686,75,0.0622,4361.3445,11188.2353,2744.5378,0.1665817626,0.42,0.44,8686,0.139,0.0015313936,52986,1,0.181,0.769104355,KS,no
20065,Kansas,758,74,0.1505,4241.3793,7584.6395,2637.931,0.1087562744,0.43,0.42,7263,0.15,4.012841e-4,48912,1,0.182,0.7742474916,KS,no
20067,Kansas,1226,72,0.1431,3812.1827,7032.4873,2221.3198,0.1504637032,0.22,0.41,6119,0.098,5.452563e-4,65178,0.1979818623,0.155,0.7843982752,KS,no
20069,Kansas,1116,75,0.1076,3488.3966,7481.0127,2621.308,0.1573783359,0.3,0.35,2390,0.105,1.65755e-4,69077,1,0.19,0.8019525802,KS,no
20071,Kansas,308,75,0.0978,3083.3333,4800.7246,1434.7826,0.132642487,0.33,0.09,1463,0.138,8.149959e-4,58492,1,0.091,0.8131021195,KS,no
20073,Kansas,1897,73,0.1343,3546.133,6651.289,3972.863,0.1128673197,0.39,0.43,2443,0.114,4.954583e-4,44876,0.6126476304,0.358,0.6648609606,KS,no
20075,Kansas,433,74,0.125,3563.8889,5288.8889,1752.7778,0.2044323835,0.28,0.36,3607,0.207,NA,55857,1,0.224,0.7191011236,KS,no
20077,Kansas,1494,73,0.1301,3906.5888,7016.6806,2432.8607,0.1305694544,0.33,0.3,7139,0.143,5.448602e-4,47540,1,0.214,0.7298013245,KS,no
20079,Kansas,8307,74,0.105,4340.8876,10971.2937,6463.8338,0.0912300469,0.42,0.51,2801,0.101,7.892429e-4,62961,0.3091915581,0.294,0.8151241535,KS,no
20081,Kansas,663,74,0.1208,4208.1784,8782.5279,2724.9071,0.205037037,0.23,0.57,4063,0.09,0.00050037530000000005,62477,1,0.226,0.8106060606,KS,no
20083,Kansas,444,74,0.0765,4970.9763,7781.0026,2324.5383,0.1295487627,0.37,0.41,4607,0.154,0.001650165,58360,1,0.264,0.8044328553,KS,no
20085,Kansas,3076,73,0.1041,3681.4458,8457.8313,3933.9759,0.1010488856,0.46,0.31,5171,0.147,6.777108e-4,60615,0.7589511217,0.394,0.8058554437,KS,no
20087,Kansas,4466,72,0.0949,3475.9485,10497.29,5796.4092,0.0933507171,0.47,0.57,3609,0.11,5.270092e-4,68549,0.9881836244,0.457,0.8261386139,KS,no
20089,Kansas,963,74,0.1196,3721.3317,6350.185,2411.8372,0.1095334686,0.4,0.31,4023,0.121,NA,46017,1,0.191,0.718115942,KS,no
20091,Kansas,108232,73,0.0627,4060.0598,13360.2551,5382.7408,0.0720994794,0.51,0.61,3790,0.078,0.0012350328,91913,0.0383366503,0.24,0.9255966963,KS,no
20093,Kansas,682,73,0.1494,3770.4918,5770.4918,1564.663,0.1537761601,0.24,0.28,4796,0.109,0.001521684,67301,1,0.151,0.7360532889,KS,no
20095,Kansas,2017,74,0.1044,4080.05,8449.656,3406.5041,0.0935289958,0.41,0.39,5799,0.14,2.735978e-4,56907,0.6210231611,0.397,0.7519948931,KS,no
20097,Kansas,616,73,0.1727,3547.025,5245.6814,1623.8004,0.1371681416,0.45,0.13,3153,0.117,3.974563e-4,49588,1,0.104,0.7329949239,KS,no
20099,Kansas,5095,71,0.2089,3155.9078,6740.3458,2327.3775,0.1103392164,0.34,0.36,2938,0.137,6.010819e-4,44170,0.523395196,0.153,0.7476761252,KS,no
20101,Kansas,463,74,0.1002,3723.7164,6019.5599,1863.0807,0.1271043771,0.53,0.38,3679,0.127,6.410256e-4,60315,1,0.158,0.8507265522,KS,no
20103,Kansas,15081,73,0.0622,3756.2315,11709.8648,4267.5327,0.0683549872,0.42,0.48,4508,0.115,4.548136e-4,75840,0.2906319283,0.369,0.8240560672,KS,no
20105,Kansas,871,73,0.1182,3555.8442,7109.0909,2457.1429,0.1097883598,0.56,0.41,6261,0.072,3.307972e-4,47557,1,0.321,0.7315705128,KS,no
20107,Kansas,2624,72,0.109,3516.6313,8399.8585,5090.5874,0.1097349847,0.4,0.29,4612,0.146,2.051282e-4,62876,1,0.507,0.595730487,KS,no
20109,Kansas,708,74,0.1061,4580.4312,6857.3798,2228.8557,0.1034329024,0.45,0.4,6688,0.154,0.0010548523,53538,1,0.192,0.8057241977,KS,no
20111,Kansas,6483,72,0.1435,3731.2848,8925.7579,6612.2912,0.1199305607,0.55,0.55,4467,0.08,5.687601e-4,49840,0.2629860493,0.129,0.8173041492,KS,no
20113,Kansas,7130,74,0.1008,3628.5449,8854.3095,3674.6988,0.0830883008,0.45,0.52,3408,0.11,7.008445e-4,65834,0.4349554489,0.147,0.8097940652,KS,no
20115,Kansas,3239,74,0.109,3876.8227,8333.0775,3390.637,0.1013941698,0.44,0.42,3313,0.102,1.67364e-4,51771,0.7776461295,0.321,0.7410235246,KS,no
20117,Kansas,2674,74,0.1233,3728.1864,7053.9059,2257.6519,0.0833223119,0.51,0.37,5301,0.118,5.142975e-4,55858,0.7096965504,0.153,0.7877600979,KS,no
20119,Kansas,835,74,0.1056,4001.4663,6695.0147,2051.3196,0.1445562672,0.26,0.42,5772,0.154,NA,64640,1,0.165,0.8058022499,KS,no
20121,Kansas,7361,72,0.1116,3685.9778,11332.7028,5252.7784,0.0696266398,0.46,0.42,4270,0.105,4.750594e-4,74428,0.5095007167,0.507,0.7426567978,KS,no
20123,Kansas,1674,75,0.1134,4252.2337,8706.5292,4926.4605,0.0946005268,0.42,0.55,8716,0.114,9.756098e-4,51979,0.482975051,0.079,0.7708171206,KS,no
20125,Kansas,8038,72,0.1724,3375.6772,7928.2645,4297.7769,0.1186139494,0.36,0.38,4407,0.132,3.73599e-4,44240,0.4342420569,0.165,0.7484531526,KS,no
20127,Kansas,1529,73,0.0973,3501.9608,6537.2549,2938.8235,0.1164085189,0.51,0.5,4249,0.137,5.433798e-4,54775,1,0.338,0.7907894737,KS,no
20129,Kansas,598,73,0.1333,3967.6768,7028.2828,2587.8788,0.1338432122,0.25,0.46,6367,0.131,0.0011248594000000001,56175,1,0.182,0.7331406551,KS,no
20131,Kansas,2376,75,0.1055,3539.2771,6471.3253,2005.7831,0.0760748358,0.47,0.38,4766,0.085,9.847366e-4,63373,0.7524071527,0.147,0.7906164213,KS,no
20133,Kansas,3866,73,0.1334,3700.9804,7753.5014,3537.8151,0.0966230409,0.41,0.44,6018,0.158,6.269199e-4,49533,0.4513687016,0.134,0.7059536434,KS,no
20135,Kansas,819,75,0.0877,3875.5304,7029.703,3083.4512,0.1399038462,0.42,0.37,5863,0.109,7.042254e-4,54727,1,0.155,0.7675334909,KS,no
20137,Kansas,1225,73,0.1186,3834.1709,6631.1558000000005,2247.2362,0.1124161074,0.51,0.4,3657,0.09,3.683241e-4,49739,0.4898606948,0.119,0.7994535519,KS,no
20139,Kansas,4216,72,0.1227,3729.6838,11258.4155,6851.7511,0.093068995400000007,0.52,0.55,3879,0.148,NA,55655,0.8353482663,0.541,0.7755410928,KS,no
20141,Kansas,1042,74,0.1282,3827.8965,7915.6355,3561.3048,0.1328427576,0.41,0.44,4989,0.127,5.755396e-4,46351,1,0.141,0.7433252427,KS,no
20143,Kansas,1446,73,0.1086,3597.4441,8603.8339,4115.016,0.0896929825,0.53,0.42,2913,0.121,3.447087e-4,58729,1,0.355,0.704415372,KS,no
20145,Kansas,1579,73,0.1398,4323.3487,8766.5131,3888.6329,0.0825493885,0.28,0.39,3222,0.129,0.0010667479,65141,0.3167933458,0.105,0.7430555556,KS,no
20147,Kansas,1544,74,0.0938,4121.189,7574.6951,2936.7378,0.1118863693,0.46,0.39,5980,0.114,5.642279e-4,51546,0.5375753279,0.152,0.8203799655,KS,no
20149,Kansas,4632,73,0.0989,3951.4506,10371.2256,5754.8845,0.0749831228,0.48,0.39,3566,0.108,6.5906e-4,73685,0.5891501574,0.29,0.859048057,KS,no
20151,Kansas,2204,73,0.1265,3482.9396,6243.0446,2976.378,0.0975406419,0.51,0.36,3201,0.099,8.530604e-4,53980,0.322079536,0.116,0.7875136911,KS,no
20153,Kansas,754,74,0.0953,4426.6263,6673.2224,2222.3903,0.1333333333,0.42,0.33,8644,0.09,NA,50768,1,0.176,0.824829932,KS,no
20155,Kansas,15121,73,0.1397,3978.3823,8905.2423,7411.3673,0.1063690639,0.53,0.26,3230,0.114,5.935004e-4,53371,0.3129853823,0.173,0.7961141761,KS,no
20157,Kansas,1470,74,0.1102,3687.2557,8820.172,3365.9109,0.0960047704,0.42,0.44,5354,0.071,6.432247e-4,47082,1,0.24,0.7024346258,KS,no
20159,Kansas,2225,73,0.1389,3542.4178,7044.0085,4078.473,0.107925801,0.46,0.21,4350,0.126,5.246039e-4,56350,0.6378062085,0.247,0.7732958897,KS,no
20161,Kansas,8718,73,0.1092,4063.6189,11836.6622,6966.1192,0.0820833621,0.5,0.61,2455,0.053,6.783984e-4,51996,0.1384518034,0.121,0.8810872027,KS,no
20163,Kansas,1349,74,0.1231,3717.7281,12129.9484,3719.4492,0.107457276,0.54,0.47,5081,0.126,0.0011968881,49485,1,0.161,0.7601102941,KS,no
20165,Kansas,908,73,0.1271,3738.0026,8191.9585,3256.8093,0.1007785467,0.41,0.39,5370,0.077,3.233107e-4,53189,1,0.256,0.7923997185,KS,no
20167,Kansas,1938,73,0.1466,3569.7187,7285.4578,2544.5841,0.1128314302,0.42,0.29,5551,0.132,4.34342e-4,46112,0.4106169297,0.215,0.7290215589,KS,no
20169,Kansas,12403,72,0.1493,4295.6828,10828.8643,5104.5657,0.0962922224,0.57,0.52,3381,0.107,9.007187e-4,56741,0.1459015214,0.088,0.8044537547,KS,no
20171,Kansas,1095,74,0.1096,3745.435,5867.884,1721.8045,0.1171954964,0.42,0.33,6714,0.109,8.168266e-4,62914,0.2611426256,0.15,0.8225724453,KS,no
20173,Kansas,97573,73,0.1047,4567.2685,12602.6875,7153.7801,0.1152281176,0.42,0.54,2896,0.114,8.936794e-4,60014,0.0765864377,0.156,0.822870876,KS,no
20175,Kansas,2617,72,0.2191,3770.8228,9492.1757,2607.7739,0.1917930889,0.18,0.38,4692,0.066,3.673095e-4,55727,0.1142819798,0.106,0.8233847835,KS,no
20177,Kansas,41464,72,0.1282,4091.6588,13642.5884,7336.1427,0.0936763371,0.55,0.59,4152,0.117,7.662015e-4,59451,0.158244068,0.133,0.7286451631,KS,no
20179,Kansas,639,74,0.1007,4888.8889,8513.8889,2149.3056,0.1627786418,0.44,0.37,8017,0.075,3.947888e-4,54627,1,0.167,0.8253968254,KS,no
20181,Kansas,1405,73,0.1763,4116.9492,7171.1864,1733.8983,0.0811445654,0.33,0.37,6145,0.164,1.695203e-4,54000,0.2424292845,0.088,0.8447327044,KS,no
20183,Kansas,1255,75,0.1186,3663.5774,5932.3448,2257.646,0.1123986095,0.47,0.31,4648,0.071,0.0013877324,45915,1,0.164,0.8007054674,KS,no
20185,Kansas,1031,74,0.1194,3734.2342,6433.5586,3394.1441,0.1405959032,0.4,0.39,3440,0.107,2.39349e-4,51007,1,0.285,0.7267080745,KS,no
20187,Kansas,372,75,0.1329,3617.0886,7174.0506,1996.8354,0.1647869674,0.25,0.39,7507,0.076,5.032713e-4,63401,1,0.155,0.7053206003,KS,no
20189,Kansas,906,74,0.1199,4113.079,7126.703,2521.7984,0.1659454781,0.19,0.43,6484,0.144,3.597769e-4,61264,0.3123689727,0.166,0.7326350606,KS,no
20191,Kansas,5387,73,0.0921,3702.1401,8490.7652,5319.5544,0.101955911,0.36,0.46,2647,0.144,2.609149e-4,53618,0.6285430134,0.423,0.7878079864,KS,no
20193,Kansas,1658,73,0.1075,4696.7972,6771.5302,1740.2135,0.0993257688,0.5,0.29,5559,0.083,6.484243e-4,58652,0.3084810127,0.082,0.8186666667,KS,no
20195,Kansas,850,73,0.1142,3849.4624,7420.6989,2674.7312,0.0980295567,0.37,0.22,10537,0.116,7.160759e-4,52597,1,0.261,0.8593183466,KS,no
20197,Kansas,1724,73,0.0889,3667.1863,11232.2681,6659.392,0.0794871795,0.5,0.48,3842,0.103,4.348456e-4,66168,1,0.487,0.7671282799,KS,no
20199,Kansas,366,75,0.0982,3530.6748,5699.3865,2861.9632,0.107826087,0.41,0.3,1535,0.117,0,54714,1,0.164,0.8097484277,KS,no
20201,Kansas,1522,74,0.1041,3765.1976,6501.5198,2522.7964,0.1206349206,0.53,0.35,5097,0.099,5.535055e-4,46263,1,0.278,0.6951114923,KS,no
20203,Kansas,469,74,0.1373,3629.902,5541.6667,1742.6471,0.1781400966,0.43,0.45,5172,0.096,9.501188e-4,54009,1,0.164,0.800856531,KS,no
20205,Kansas,2447,72,0.1743,4103.6158,8375.6071,2910.9552,0.102205006,0.43,0.36,4474,0.19,6.924409e-4,46243,0.7268572643,0.161,0.6492456897,KS,no
20207,Kansas,879,72,0.1418,2822.3881,5565.6716,2726.8657,0.1364587694,0.45,0.37,3278,0.148,NA,43751,1,0.246,0.6645746165,KS,no
20209,Kansas,26021,70,0.1666,3748.6117,13394.4863,4469.0599,0.1649595573,0.39,0.48,5862,0.137,4.597034e-4,47292,0.0606266468,0.225,0.7627893827,KS,no
21001,Kentucky,4664,71,0.2931,3695.4198,9785.4962,6288.9313,0.0783170173,0.39,0.31,6026,0.139,3.642987e-4,37650,0.754556175,0.311,0.6908413358,KY,yes
21003,Kentucky,4832,70,0.2123,4062.7337,12048.6082,4845.4508,0.0707624155,0.33,0.42,6326,0.129,1.42032e-4,47307,0.786981359,0.421,0.6933596318,KY,yes
21005,Kentucky,5148,71,0.1404,3819.2308,12686.0577,5979.3269,0.0609973753,0.39,0.5,4400,0.155,2.647487e-4,61308,0.4169739975,0.432,0.7757073844,KY,yes
21007,Kentucky,2228,72,0.1572,3990.6615,11953.3074,5495.7198,0.0670957361,0.45,0.51,5791,0.166,NA,48053,1,0.314,0.7536704731,KY,yes
21009,Kentucky,10868,71,0.2125,3720.0211,13142.4547,5908.7868,0.0838807055,0.41,0.49,4877,0.152,7.696487e-4,44859,0.6327508121,0.26,0.7929832851,KY,yes
21011,Kentucky,3065,70,0.2955,3970.7846,10711.1853,5345.576,0.0799488642,0.32,0.4,4930,0.144,8.07559e-5,42248,1,0.379,0.7389683033,KY,yes
21013,Kentucky,7051,68,0.4552,3772.997,9643.9169,5307.4184,0.072745098,0.29,0.37,6362,0.17,4.89292e-4,30940,0.624795232,0.324,0.6319653614,KY,yes
21015,Kentucky,23318,72,0.1031,4190.3546,14099.3154,3563.2983,0.0443155514,0.46,0.55,4929,0.121,6.310204e-4,78806,0.132723401,0.322,0.8991424985,KY,yes
21017,Kentucky,4872,72,0.1689,3676.6409,11624.0347,4719.5946,0.0846669148,0.43,0.54,5669,0.112,6.936187e-4,47046,0.4474856142,0.366,0.74019245,KY,yes
21019,Kentucky,12400,70,0.2035,3936.6222,14728.5815,4391.6784,0.0570213001,0.4,0.5,6682,0.155,0.0010372566,50017,0.2531791207,0.254,0.8109829764,KY,yes
21021,Kentucky,7414,72,0.1836,3294.5205,9139.4521,3282.1918,0.0563763426,0.36,0.5,4978,0.167,6.976744e-4,53644,0.3481992122,0.239,0.7785539327,KY,yes
21023,Kentucky,2141,70,0.2036,3920.1597,9945.1098,5088.8224,0.0604815032,0.39,0.36,4606,0.095,2.427479e-4,53289,1,0.579,0.6769138035,KY,yes
21025,Kentucky,3633,66,0.5683,4125.2498,11797.4684,7638.9074,0.0673915173,0.27,0.24,10368,0.173,5.50055e-4,33407,0.8150309843,0.466,0.624300112,KY,yes
21027,Kentucky,5327,71,0.1994,3669.3657,10377.193,3654.8583,0.0829970824,0.4,0.35,7062,0.123,2.452423e-4,46069,1,0.44,0.7016320084,KY,yes
21029,Kentucky,17488,71,0.1045,4272.2808000000005,14801.5093,8346.6699,0.0509998973,0.44,0.53,5608,0.162,1.850276e-4,66335,0.304134878,0.495,0.8233748737,KY,yes
21031,Kentucky,3136,70,0.2416,4179.6284,13646.249100000001,6448.7268,0.0843148803,0.36,0.45,7406,0.125,7.82963e-5,46305,1,0.46,0.6903993546,KY,yes
21033,Kentucky,3476,72,0.1941,3567.2029000000002,9012.9735,4234.0426,0.0575163399,0.38,0.51,4770,0.158,4.718836e-4,44144,0.5463647566,0.393,0.7484020918,KY,yes
21035,Kentucky,8549,72,0.1596,4030.937,12778.9895,5051.4133,0.0727390313,0.36,0.5,5898,0.091,4.088412e-4,45574,0.4871877605,0.174,0.8185516138,KY,yes
21037,Kentucky,18594,72,0.1201,3920.7566,13778.1186,3738.6247,0.0442532429,0.47,0.56,5877,0.11,6.655788e-4,66520,0.1529622742,0.31,0.8176400152,KY,yes
21039,Kentucky,1312,72,0.2057,3472.8571,11514.2857,5581.4286,0.0783310902,0.42,0.5,5251,0.094,4.191993e-4,49659,1,0.4,0.8,KY,yes
21041,Kentucky,2437,70,0.2017,3641.4566,11352.9412,4938.3754,0.0730108499,0.33,0.39,8353,0.13,2.794077e-4,51672,0.5222458607,0.237,0.6422823702,KY,yes
21043,Kentucky,7185,70,0.2843,3601.0053,12005.0267,4369.7769,0.0718219043,0.31,0.45,6129,0.164,2.221893e-4,43492,0.7937950938,0.528,0.5963980845,KY,yes
21045,Kentucky,4163,70,0.3501,2869.2135,7866.9663,3161.3483,0.0837846709,0.29,0.34,11072,0.14,6.29406e-5,34751,1,0.441,0.6897852107,KY,yes
21047,Kentucky,12211,70,0.2026,4002.27,12600.4843,5679.0254,0.0661751706,0.37,0.42,5642,0.124,5.999637e-4,46390,0.2855520249,0.183,0.7623342794,KY,yes
21049,Kentucky,8663,71,0.1833,4057.9387,12150.6964,5121.727,0.0577014621,0.4,0.49,4445,0.112,4.689785e-4,55428,0.2746749782,0.378,0.7823419946,KY,yes
21051,Kentucky,5010,67,0.5585,3639.3019,8685.8436,4222.3659,0.0834811166,0.19,0.2,8107,0.123,3.481721e-4,30175,0.785687989,0.514,0.6859092102,KY,yes
21053,Kentucky,2590,70,0.4323,3725.5587,10417.5978,5267.4581,0.0850056089,0.27,0.35,8432,0.119,3.919263e-4,34005,1,0.168,0.5573400251,KY,yes
21055,Kentucky,2323,72,0.1904,3782.1782,8515.6131,2852.2468,0.0715117973,0.3,0.28,11457,0.116,4.48682e-4,44595,0.7082125604,0.326,0.6593776283,KY,yes
21057,Kentucky,1930,71,0.3886,3762.5123,8135.4269,3569.1855,0.0695228822,0.28,0.15,10808,0.128,4.505181e-4,34897,1,0.304,0.6437308869,KY,yes
21059,Kentucky,23522,72,0.1632,3833.5844,14280.5042,5564.4969,0.0584326921,0.48,0.53,3686,0.134,5.341035e-4,52620,0.270164294,0.187,0.8273476194,KY,yes
21061,Kentucky,3120,71,0.2253,3960.7595,13978.481,7393.6709,0.0778226224,0.39,0.47,6233,0.147,8.1473e-5,47482,1,0.494,0.7789150461,KY,yes
21063,Kentucky,1479,68,0.4465,3935.0105,12687.631,4029.3501,0.0616028708,0.3,0.36,6049,0.107,1.331913e-4,34262,1,0.539,0.65755053510000006,KY,yes
21065,Kentucky,3811,70,0.3641,3700.8593,9788.9366000000009,4387.218,0.0717329545,0.36,0.3,6298,0.154,2.817298e-4,35004,0.7612459106,0.512,0.6703036916,KY,yes
21067,Kentucky,53842,72,0.1308,4117.2818,13530.0745,5486.5153,0.0842620196,0.45,0.55,3921,0.106,0.0012477608,58981,0.0306690602,0.21,0.8669943907,KY,yes
21069,Kentucky,3705,71,0.2715,3648.4919,10095.1276,4864.2691,0.087263749400000007,0.34,0.38,6860,0.12,4.850333e-4,43943,0.8051993309,0.364,0.7397705872,KY,yes
21071,Kentucky,10646,66,0.4468,3836.2573,12228.7199,4693.9571,0.0747653806,0.3,0.34,10771,0.179,5.858558e-4,35828,0.8387113128,0.313,0.7190666667,KY,yes
21073,Kentucky,15063,66,0.4977,3815.1981,18578.8197,6065.3193,0.0681642717,0.34,0.47,5271,0.107,3.739053e-4,58917,0.2755402252,0.233,0.8077434048,KY,yes
21075,Kentucky,1847,71,0.2786,3843.3079,11815.0163,5446.1371,0.0596236681,0.36,0.34,9200,0.107,3.267974e-4,34376,0.6443563775,0.197,0.6542400655,KY,yes
21077,Kentucky,1697,69,0.2013,3784.5912,11973.2704,3605.3459,0.0786785193,0.33,0.42,3697,0.139,4.528986e-4,55273,1,0.433,0.699194847,KY,yes
21079,Kentucky,4281,71,0.2089,3660.8911,11442.0792,4221.2871,0.0786154709,0.32,0.46,5135,0.087,2.84738e-4,51757,0.7789143803,0.59,0.7703549061,KY,yes
21081,Kentucky,5342,70,0.1949,3854.7986,13505.7185,3944.3063,0.0668684385,0.39,0.5,4033,0.137,4.378807e-4,55210,0.6499067391,0.523,0.7022207636,KY,yes
21083,Kentucky,9164,72,0.2113,4350.7625,14177.9956,4906.3181,0.0729895396,0.4,0.46,8628,0.119,3.215693e-4,48038,0.6940815172,0.318,0.7351913942,KY,yes
21085,Kentucky,6724,71,0.2135,3733.0044,12660.3618,4103.8925,0.0719807923,0.35,0.44,8927,0.121,5.698872e-4,43771,0.73580362,0.341,0.6556671449,KY,yes
21087,Kentucky,3050,72,0.2891,3334.1677,10357.9474,4796.6208,0.0831509847,0.32,0.38,6639,0.131,1.810119e-4,38896,1,0.426,0.6927260367,KY,yes
21089,Kentucky,10026,71,0.1968,4155.3297,14455.6201,4481.3355,0.05801195,0.4,0.49,7265,0.15,6.237949e-4,52179,0.3928745597,0.312,0.7897694935,KY,yes
21091,Kentucky,2122,72,0.1281,3677.0186,12792.7019,5406.0559,0.0529444291,0.42,0.48,3844,0.13,NA,60626,0.8930531232,0.34,0.7810329206,KY,yes
21093,Kentucky,22105,71,0.1142,3922.3881,13919.8743,5301.1783,0.0526573998,0.36,0.46,6034,0.121,6.343108e-4,57711,0.3421259581,0.269,0.7810353936,KY,yes
21095,Kentucky,7668,67,0.422,3525.4478,8066.534,5294.0006,0.0718012541,0.22,0.24,12215,0.201,2.650612e-4,30050,0.5415670469,0.287,0.66840308960000006,KY,yes
21097,Kentucky,4592,71,0.2027,3623.9579,11245.283,5174.638,0.0731247154,0.33,0.53,5167,0.112,4.792843e-4,51475,0.6592910963,0.385,0.6660716738,KY,yes
21099,Kentucky,4493,70,0.2479,3357.8625,10586.509,5147.6128,0.0763067778,0.35,0.4,6563,0.108,3.702528e-4,42718,0.8718610913,0.347,0.6778669569,KY,yes
21101,Kentucky,10848,71,0.1644,4149.4389,13779.2873,3315.2195,0.059552945,0.4,0.52,6115,0.194,5.264197e-4,53199,0.3819891892,0.269,0.7562624041,KY,yes
21103,Kentucky,3834,71,0.1515,4011.509,13991.0486,7016.624,0.0707246816,0.46,0.46,3878,0.123,4.967093e-4,51806,1,0.452,0.7251819987,KY,yes
21105,Kentucky,1310,72,0.232,4055.2486,13325.9669,5244.4751,0.0722469764,0.31,0.5,5819,0.159,2.261932e-4,52331,1,0.231,0.6757508343,KY,yes
21107,Kentucky,11410,71,0.1957,4925.298,13268.2558,4102.7363,0.0588071736,0.4,0.49,4316,0.182,0.0010428686,48769,0.4712489344,0.27,0.726597805,KY,yes
21109,Kentucky,3344,69,0.4515,3476.7932,8690.5767,5080.1688,0.0734204992,0.27,0.32,5045,0.197,2.231811e-4,34940,1,0.563,0.6688548505,KY,yes
21111,Kentucky,158865,73,0.116,4118.704,14498.8053,7603.915,0.065155691,0.47,0.53,5121,0.124,9.331397e-4,59025,0.0137310146,0.258,0.8349105632,KY,yes
21113,Kentucky,10688,72,0.1432,4117.4009,13105.7269,5818.5022,0.0761469336,0.44,0.56,3349,0.08,7.974777e-4,62533,0.2589840695,0.377,0.8407629775,KY,yes
21115,Kentucky,6304,68,0.3836,3887.3289,13950.509,4998.596,0.0631163708,0.33,0.4,9983,0.184,7.147324e-4,31202,0.7301764001,0.319,0.7475259189,KY,yes
21117,Kentucky,31566,72,0.1266,4019.0024,14176.6914,3374.3008,0.0619019584,0.44,0.55,4595,0.118,8.55159e-4,68692,0.0697595793,0.3,0.8567363912,KY,yes
21119,Kentucky,4089,68,0.4526,3679.2231,10937.6104,6236.0212,0.0738434933,0.29,0.35,10634,0.21,3.305567e-4,32613,1,0.47,0.6526299311,KY,yes
21121,Kentucky,8153,68,0.4948,3839.8618,9517.5691,6872.9839,0.0756607842,0.31,0.26,5577,0.13,2.236136e-4,31634,0.629238152,0.339,0.5803862553,KY,yes
21123,Kentucky,3591,72,0.169,3779.0026,12962.7297,4629.9213,0.0719624544,0.4,0.47,5726,0.098,6.98959e-5,49785,0.7595293455,0.435,0.7159031528,KY,yes
21125,Kentucky,14805,69,0.3403,4004.6145,11329.7112,6061.3278,0.0668456699,0.36,0.38,5163,0.157,4.120721e-4,44033,0.5684208738,0.208,0.73893589690000006,KY,yes
21127,Kentucky,4201,68,0.3446,3578.0549,13816.4589,4631.4214,0.0686482661,0.42,0.45,7691,0.176,3.211098e-4,38055,0.7710592686,0.477,0.6156639004,KY,yes
21129,Kentucky,1874,68,0.4886,3354.8387,8267.6225,5823.178,0.0633690902,0.3,0.22,9795,0.151,2.843737e-4,30905,1,0.465,0.5970412117,KY,yes
21131,Kentucky,2983,68,0.4701,3452.0418,8856.6002,6506.1728,0.0712959525,0.24,0.23,7893,0.156,1.971803e-4,32202,1,0.479,0.6577526987,KY,yes
21133,Kentucky,6287,67,0.3873,4399.1613,10742.2798,6211.971,0.0707566226,0.34,0.26,11858,0.203,7.30627e-4,32435,1,0.394,0.694578747,KY,yes
21135,Kentucky,3360,70,0.3586,4093.0083,11080.1796,5163.5664,0.0801206523,0.32,0.39,4746,0.139,2.262955e-4,37410,1,0.535,0.6877372817,KY,yes
21137,Kentucky,6253,70,0.2716,3265.5781,9518.4938,3621.1263,0.0812348912,0.31,0.37,5507,0.175,2.840448e-4,43220,0.8165871797,0.395,0.6854697329,KY,yes
21139,Kentucky,2741,72,0.1523,3924.7929,10149.1396,4468.4512,0.0624739112,0.42,0.38,8605,0.162,3.246051e-4,50521,0.9537766572,0.284,0.7199896292,KY,yes
21141,Kentucky,6597,72,0.1709,4104.4032,13818.0559,6738.2996,0.0673493865,0.46,0.53,5772,0.111,2.964171e-4,48902,0.74980436,0.363,0.65953158,KY,yes
21143,Kentucky,2490,71,0.1499,3697.2344,9267.8311,4491.9942,0.0694389176,0.43,0.51,4067,0.095,3.745786e-4,52978,1,0.279,0.7224722472,KY,yes
21145,Kentucky,17346,72,0.1441,4128.9386,12523.01,4740.8789,0.0626817072,0.51,0.53,5493,0.145,9.640988e-4,48219,0.278242965,0.132,0.8015365836,KY,yes
21147,Kentucky,4038,68,0.4509,3779.0759,9817.8439,7112.5863,0.0730398258,0.26,0.27,5151,0.171,1.148897e-4,32701,1,0.454,0.5723727693,KY,yes
21149,Kentucky,2470,71,0.1927,4023.7906,13501.9826,5402.8549,0.0686022957,0.47,0.51,4369,0.157,NA,51184,1,0.448,0.7435022316,KY,yes
21151,Kentucky,18244,70,0.1989,3982.3326,11080.101,5360.6536,0.0609902722,0.41,0.47,3957,0.084,5.41313e-4,50316,0.3851729461,0.353,0.8073683264,KY,yes
21153,Kentucky,3375,66,0.5181,3202.0725,10309.4004,6067.3575,0.0826052423,0.32,0.38,8578,0.188,4.044653e-4,32045,1,0.475,0.6998007968,KY,yes
21155,Kentucky,4448,71,0.2315,4436.4303,10227.3839,6633.2518,0.0612593248,0.47,0.38,3528,0.119,4.638219e-4,48062,0.715136226,0.188,0.7161377448,KY,yes
21157,Kentucky,9167,72,0.1342,4083.4437,11051.2772,4214.7588,0.0656036446,0.43,0.5,4691,0.104,4.488474e-4,57945,0.8585919613,0.291,0.7933084369,KY,yes
21159,Kentucky,2865,66,0.4184,3414.5786,10331.0554,5293.0904,0.070227867,0.27,0.34,11028,0.178,2.649475e-4,34291,1,0.429,0.7269443776,KY,yes
21161,Kentucky,4284,71,0.2469,3816.2665,10116.1195,6529.1524,0.0589865111,0.36,0.44,4451,0.123,6.997085e-4,47861,0.5539736993,0.249,0.7447761194,KY,yes
21163,Kentucky,5859,70,0.1262,4074.5668,12509.2822,6123.1436,0.0587537335,0.38,0.46,5620,0.133,2.0895e-4,54946,0.8589958744,0.5,0.8576509125,KY,yes
21165,Kentucky,1825,69,0.3462,4118.2336,10894.5869,4497.151,0.0666534418,0.31,0.33,5234,0.202,4.650442e-4,37457,1,0.639,0.6782346284,KY,yes
21167,Kentucky,5672,71,0.1721,3303.4044,10115.9746,3870.5574,0.0706651507,0.34,0.45,6566,0.087,2.296317e-4,55267,0.5914396887,0.367,0.7695184666,KY,yes
21169,Kentucky,2705,69,0.3399,3442.9477,11339.1442,5026.149,0.0695966135,0.31,0.41,7161,0.117,1.994018e-4,38978,1,0.29,0.7501227295,KY,yes
21171,Kentucky,2834,71,0.3116,4314.7562,12651.6783,4965.1678,0.0830127084,0.32,0.41,14450,0.17,4.665049e-4,36512,1,0.357,0.7022934758,KY,yes
21173,Kentucky,6376,71,0.2371,4048.7622,11284.6962,5490.2476,0.0623929428,0.38,0.5,4333,0.127,4.609439e-4,52903,0.5911166459,0.342,0.7671023757,KY,yes
21175,Kentucky,3229,69,0.4013,3656.8387,11179.3612,4560.1966,0.0735712722,0.3,0.32,4292,0.102,2.248033e-4,37433,1,0.424,0.698663926,KY,yes
21177,Kentucky,8026,71,0.2124,5063.5659,10865.3747,4998.1912,0.07654626,0.42,0.36,5667,0.142,4.224345e-4,45049,0.6843391854,0.325,0.7355299093,KY,yes
21179,Kentucky,10721,72,0.1387,4024.983,13112.1686,5419.1027,0.0521415754,0.44,0.54,3599,0.108,5.016248e-4,64795,0.5694454037,0.387,0.8223827928,KY,yes
21181,Kentucky,1847,71,0.2794,3695.122,10402.439,5072.0621,0.079036635,0.37,0.47,6434,0.154,1.395479e-4,38084,1,0.503,0.6365905849,KY,yes
21183,Kentucky,6021,71,0.2286,3860.6039,13425.5618,3952.9494,0.0648385443,0.47,0.41,5786,0.141,2.906132e-4,47542,0.7348796242,0.37,0.709383907,KY,yes
21185,Kentucky,11228,73,0.0663,3901.5808,13405.5754,7378.5484,0.0377616688,0.51,0.53,3844,0.078,5.867309e-4,101152,0.2032793952,0.462,0.9085170484,KY,yes
21187,Kentucky,2519,70,0.223,3699.5215,12699.5215,4962.6794,0.071825712,0.32,0.4,4975,0.108,3.676471e-4,51494,1,0.531,0.6165206508,KY,yes
21189,Kentucky,1198,68,0.628,3773.8318,8611.215,6644.8598,0.0581725312,0.18,0.28,7361,0.135,NA,28727,1,0.361,0.6255868545,KY,yes
21191,Kentucky,3390,70,0.2033,3808.1897,13498.5632,4423.8506,0.0700305558,0.36,0.48,5339,0.113,2.064836e-4,58962,1,0.634,0.7142585189,KY,yes
21193,Kentucky,7208,68,0.4322,4191.14,12480.1735,6290.5824,0.0650479475,0.25,0.25,12008,0.156,0.0012264296,38000,0.7407355809,0.265,0.735346517,KY,yes
21195,Kentucky,17229,67,0.3362,3703.2797,12349.1961,4997.6849,0.0755352679,0.31,0.4,9734,0.177,8.903805e-4,36875,0.8779835138,0.344,0.7322776438,KY,yes
21197,Kentucky,3332,68,0.3548,3520.0286,8992.1316,5230.329,0.0683819213,0.33,0.35,5197,0.177,8.03729e-5,41760,0.6710536748,0.499,0.6473794549,KY,yes
21199,Kentucky,18008,70,0.2659,3581.25,10053.9352,4814.0046,0.0773484936,0.34,0.35,3956,0.145,7.737183e-4,43568,0.5394763966,0.221,0.7154262677,KY,yes
21201,Kentucky,596,70,0.2577,3539.5189,9738.8316,4646.0481,0.0726832223,0.19,0.45,3763,0.147,NA,47017,1,0.622,0.4970963995,KY,yes
21203,Kentucky,4308,70,0.3863,3930.5151,7961.1273,2937.8037,0.06608618,0.32,0.22,6618,0.122,4.179104e-4,40790,0.8371833959,0.302,0.6633557457,KY,yes
21205,Kentucky,5135,69,0.3157,3784.264,12552.7919,4446.7005,0.0715863897,0.36,0.5,5559,0.097,7.728918e-4,44068,0.6879098273,0.243,0.8170010437,KY,yes
21207,Kentucky,4919,71,0.3182,3493.4186,7182.7755,4198.1948,0.0780849245,0.39,0.32,3533,0.149,3.366814e-4,44056,1,0.25,0.6561687374,KY,yes
21209,Kentucky,9411,71,0.1255,3849.4354,12008.532,4849.1844,0.0518592009,0.44,0.51,4223,0.077,5.711124e-4,74719,0.3246348547,0.295,0.8547515936,KY,yes
21211,Kentucky,9686,72,0.1003,3915.1464,13212.9826,6942.7238,0.0789915545,0.44,0.53,4357,0.118,3.503854e-4,71737,0.4700765318,0.438,0.8192372474,KY,yes
21213,Kentucky,4389,72,0.1534,4402.0167,14876.37,7023.2354,0.0635769459,0.29,0.53,7864,0.092,3.777862e-4,52931,0.452184452,0.25,0.75071144,KY,yes
21215,Kentucky,3909,71,0.1112,3883.5868,12570.0052,7551.1274,0.0554629115,0.41,0.53,4928,0.144,4.256678e-4,79863,1,0.648,0.8525802159,KY,yes
21217,Kentucky,6513,72,0.2241,3958.9199,12049.4111,4862.9704,0.0666189478,0.41,0.42,5884,0.096,7.045286e-4,48485,0.5219076371,0.227,0.7679821447,KY,yes
21219,Kentucky,2617,72,0.2038,3625.4136,9673.726,5446.0622,0.0961062122,0.37,0.36,5220,0.11,2.436845e-4,47742,1,0.371,0.5620155039,KY,yes
21221,Kentucky,4154,71,0.1339,3795.1301,10636.0202,4485.3065,0.0717194971,0.43,0.42,4023,0.123,1.36584e-4,49955,0.793569984,0.464,0.700101833,KY,yes
21223,Kentucky,2078,71,0.1497,4278.534,12883.7696,5858.6387,0.0606407323,0.39,0.44,6015,0.106,2.348796e-4,58998,0.946986037,0.428,0.6658090337,KY,yes
21225,Kentucky,3394,71,0.1696,4583.2298,10863.9752,3854.0373,0.0721349622,0.47,0.34,5251,0.137,2.068252e-4,49870,0.6528286799,0.314,0.7352065501,KY,yes
21227,Kentucky,22750,71,0.1629,4053.6475,13954.004,6953.7432,0.078658463,0.42,0.52,5418,0.078,6.704047e-4,53238,0.3118496907,0.197,0.852334937,KY,yes
21229,Kentucky,2898,72,0.223,3845.8623,11641.8193,5869.2356,0.0806222041,0.49,0.47,4060,0.167,3.310162e-4,51286,1,0.36,0.7269155206,KY,yes
21231,Kentucky,5435,69,0.3959,3327.0019,7481.5642,4753.4451,0.0762668704,0.3,0.26,4207,0.171,5.374243e-4,34449,0.6773170615,0.312,0.6332158911,KY,yes
21233,Kentucky,3225,70,0.1753,4074.7487,11472.9899,4247.4874,0.0907356168,0.4,0.46,4607,0.087,2.288155e-4,49079,1,0.423,0.6848374722,KY,yes
21235,Kentucky,9058,69,0.3952,4094.1312,9906.7894,5976.5247,0.0638335021,0.33,0.31,4521,0.136,7.173997e-4,38191,0.6515699975,0.27,0.6555467512,KY,yes
21237,Kentucky,2048,67,0.5211,3539.7022,9586.8486,7161.2903,0.0679165193,0.25,0.36,5984,0.12,1.39334e-4,32773,1,0.426,0.608005521,KY,yes
21239,Kentucky,6360,73,0.0979,3900.6672,13082.2832,5831.3566,0.0663139996,0.45,0.55,3274,0.082,6.030227e-4,67815,0.3615622118,0.318,0.8334138098,KY,yes
22001,Louisiana,12853,71,0.2753,4177.3295,13056.6762,7713.0306,0.0975689314,0.48,0.49,5819,0.133,3.698344e-4,44728,0.5169896233,0.378,0.7665497392,LA,yes
22003,Louisiana,4818,71,0.2928,4377.9343,12215.9624,4725.0168,0.0919456302,0.35,0.33,6489,0.135,1.171646e-4,47111,0.6942244993,0.4,0.7082649842,LA,yes
22005,Louisiana,19883,70,0.2075,4269.7829,14019.4328,6342.437,0.065497646,0.45,0.5,4498,0.13,4.090734e-4,83072,0.1321643427,0.503,0.8683537832,LA,yes
22007,Louisiana,5290,71,0.2752,4356.7731,13299.396,6320.9664,0.0925874744,0.41,0.49,5143,0.201,1.345291e-4,51763,0.4499380897,0.513,0.7204162769,LA,yes
22009,Louisiana,9408,71,0.3448,4220.5909,11939.4384,5819.4164,0.0987340948,0.38,0.41,6992,0.118,2.7186e-4,38316,0.6378199796,0.395,0.6763173514,LA,yes
22011,Louisiana,7722,71,0.1931,4560.4702,13717.4736,5939.4302,0.096077392,0.33,0.42,7331,0.144,4.026521e-4,55343,0.6649464296,0.466,0.7693047337,LA,yes
22013,Louisiana,3560,72,0.3083,3926.3804,13822.5971,8225.9714,0.0782332564,0.36,0.39,7696,0.21,1.502855e-4,37198,0.7983696788,0.543,0.6495182381,LA,yes
22015,Louisiana,23165,72,0.1556,4552.067,15026.3886,6522.2397,0.0786693639,0.46,0.49,6455,0.099,4.403035e-4,54080,0.2434197591,0.226,0.6669096948,LA,yes
22017,Louisiana,53383,72,0.2342,4259.3832,15244.8289,6181.4968,0.0791599766,0.43,0.45,6243,0.135,0.0011608665,45613,0.1443508819,0.191,0.6963615121,LA,yes
22019,Louisiana,37899,71,0.193,4543.1118,13916.963,6034.7296,0.0884294403,0.43,0.43,4182,0.119,7.778959e-4,53050,0.205002905,0.211,0.7521727951,LA,yes
22021,Louisiana,2373,72,0.3045,4559.3985,11230.0752,4735.3383,0.1071195297,0.34,0.29,14316,0.124,3.012048e-4,44007,1,0.349,0.636834925,LA,yes
22023,Louisiana,1208,71,0.1438,4464.3799,12439.314,5981.5303,0.0974935177,0.35,0.33,3500,0.089,2.870264e-4,60317,1,0.483,0.74506218,LA,yes
22025,Louisiana,2423,71,0.2962,3866.7137,10736.2482,5897.0381,0.0946003102,0.34,0.3,6184,0.101,1.040799e-4,36794,1,0.302,0.5951248514,LA,yes
22027,Louisiana,3600,72,0.2537,3856.3906,11079.9426,4957.8746,0.1040158651,0.4,0.28,8081,0.254,3.763171e-4,36497,0.8235533585,0.373,0.4757478452,LA,yes
22029,Louisiana,4433,71,0.2882,3431.5353,13455.6771,5528.1026,0.09375,0.41,0.41,7952,0.187,2.55467e-4,36276,0.3345499952,0.206,0.6419994415,LA,yes
22031,Louisiana,6520,72,0.2237,4008.4584,12323.0559,4978.7176,0.1018265045,0.45,0.36,6961,0.163,1.822423e-4,47347,0.7726215486,0.449,0.6820996211,LA,yes
22033,Louisiana,81424,71,0.2134,4170.6974,14362.6951,6592.7076,0.0883578681,0.43,0.5,3729,0.123,9.18459e-4,56303,0.0687596411,0.3,0.8359254256,LA,yes
22035,Louisiana,1433,71,0.4188,4104.712,9311.5183,3667.5393,0.0739905718,0.36,0.18,16394,0.221,4.26318e-4,29943,0.3457919835,0.17,0.4020618557,LA,yes
22037,Louisiana,4531,71,0.2408,4086.9565,12580.825,6703.456,0.0815173527,0.39,0.44,4998,0.183,3.108003e-4,50041,1,0.546,0.6337117402,LA,yes
22039,Louisiana,7483,70,0.3326,4802.49,13770.2047,5670.8166,0.0996046847,0.43,0.5,8894,0.177,6.279341e-4,35146,0.6109345574,0.318,0.6630791982,LA,yes
22041,Louisiana,4799,72,0.3595,4553.9671,13741.6011,6214.7963,0.1012531953,0.35,0.26,7413,0.197,4.465172e-4,35484,0.7418500506,0.285,0.515963896,LA,yes
22043,Louisiana,4467,71,0.2335,4287.4525,12200.3802,5752.0913,0.0847677216,0.4,0.42,4278,0.161,8.89601e-5,49544,0.8559325833,0.459,0.6395764773,LA,yes
22045,Louisiana,15336,71,0.2574,4270.893,13425.4577,5399.0534,0.1024209818,0.42,0.46,4267,0.145,4.792715e-4,47731,0.2813626434,0.293,0.7650855484,LA,yes
22047,Louisiana,6675,70,0.3003,4002.0888,13214.0992,6345.1697,0.0833543506,0.39,0.48,4275,0.168,3.361755e-4,55198,0.5921466439,0.425,0.7396129506,LA,yes
22049,Louisiana,3795,73,0.2294,3788.1662,12111.1111,9622.8546,0.0940937553,0.41,0.39,7406,0.129,1.886555e-4,43232,0.6553398058,0.387,0.7173002847,LA,yes
22051,Louisiana,93542,71,0.2444,4240.2697,13923.0737,5263.9137,0.1202755126,0.41,0.43,4968,0.137,9.376778e-4,55909,0.0114252159,0.319,0.7799317801,LA,yes
22053,Louisiana,7053,72,0.2562,4077.425,12691.605,5788.8212,0.0998469192,0.39,0.45,7612,0.125,4.749541e-4,47988,0.5069949991,0.414,0.6949513901,LA,yes
22055,Louisiana,43785,72,0.1804,4296.4635,13982.5453,6368.4071,0.0835185527,0.47,0.49,4828,0.109,0.0011121088,60053,0.0831851538,0.267,0.8496225817,LA,yes
22057,Louisiana,19972,71,0.2169,4269.5622,13287.2613,5681.5324,0.1032851156,0.45,0.46,4830,0.138,4.586455e-4,54145,0.2421665732,0.4,0.7746578127,LA,yes
22059,Louisiana,3259,72,0.2562,4578.6848,10193.1973,4113.3787,0.1079379157,0.4,0.23,7463,0.143,6.033385e-4,51014,0.7319006044,0.355,0.7459493145,LA,yes
22061,Louisiana,7931,72,0.2104,4052.8284,12684.1982,10641.655,0.1061961564,0.46,0.44,5668,0.114,6.568353e-4,41608,0.406782925,0.213,0.82633243,LA,yes
22063,Louisiana,24016,70,0.2209,4424.8663,14570.8556,6253.877,0.0883709699,0.4,0.49,4460,0.091,1.719604e-4,63852,0.4111664818,0.617,0.8047097707,LA,yes
22065,Louisiana,2152,71,0.3857,4445.5677,10493.0016,3760.4977,0.0791241602,0.38,0.2,7594,0.226,3.583908e-4,32229,0.2244273547,0.184,0.507045929,LA,yes
22067,Louisiana,6782,71,0.3195,3760.82,12775.6264,6298.9749,0.0933746998,0.32,0.4,8335,0.127,3.149854e-4,34922,0.5003752815,0.39,0.5302096178,LA,yes
22069,Louisiana,8144,71,0.2711,4038.3413,13417.3786,5830.5897,0.0947062322,0.4,0.46,5830,0.124,5.690784e-4,49536,0.5005054845,0.232,0.5984719285,LA,yes
22071,Louisiana,68305,70,0.3195,3838.4611,13359.8313,3945.0778,0.0951989985,0.4,0.39,4729,0.112,0.0010255597,45092,0.0059186398,0.283,0.7339925497,LA,yes
22073,Louisiana,30625,72,0.2352,4572.857,15190.2942,7342.6952,0.0879604743,0.43,0.46,6448,0.142,8.674543e-4,43235,0.2419138694,0.222,0.7169000637,LA,yes
22075,Louisiana,3989,69,0.2989,3971.3293,12718.5056,5582.9713,0.1029257838,0.39,0.32,3083,0.162,1.708672e-4,60795,0.1953823453,0.382,0.8102926337,LA,yes
22077,Louisiana,5439,72,0.2435,4261.3811,12275.1918,4877.7494,0.0934898242,0.41,0.35,3652,0.167,2.734731e-4,48011,0.5781071836,0.513,0.7072544643,LA,yes
22079,Louisiana,29528,71,0.2465,4611.6377,13834.5683,6182.3195,0.093462351,0.43,0.46,4423,0.164,8.731484e-4,49687,0.3952725035,0.207,0.7827091239,LA,yes
22081,Louisiana,1857,71,0.3132,4006.9376,13405.3518,5458.8702,0.0857992565,0.37,0.34,11625,0.113,2.359325e-4,39806,1,0.368,0.6619217082,LA,yes
22083,Louisiana,4719,71,0.3426,4582.224,11796.0063,5746.2803,0.0951595508,0.39,0.26,8567,0.143,6.438193e-4,39586,0.6604583836,0.327,0.4775439067,LA,yes
22085,Louisiana,5815,72,0.2207,4169.6701,10685.8886,5294.1503,0.1154275983,0.35,0.39,7285,0.154,1.248336e-4,45486,0.8819791194,0.37,0.5858265997,LA,yes
22087,Louisiana,7225,68,0.3107,4219.7483,13332.0426,4360.6002,0.1024707349,0.33,0.38,5488,0.121,2.354402e-4,45806,0.0425383737,0.465,0.7763412196,LA,yes
22089,Louisiana,9891,69,0.2268,4128.6691,12845.195,4712.9071,0.0682303246,0.45,0.43,4773,0.13,3.593109e-4,71579,0.1148920045,0.468,0.8207890902,LA,yes
22091,Louisiana,3095,70,0.3662,4315.6587,14670.2568,4702.5684,0.1072177668,0.35,0.33,8670,0.113,1.948938e-4,43376,1,0.571,0.643505315,LA,yes
22093,Louisiana,4759,71,0.2219,4132.5783,11688.874100000001,5237.1752,0.0664183014,0.44,0.42,4740,0.105,2.376765e-4,57250,0.2770337526,0.438,0.7210778598,LA,yes
22095,Louisiana,8747,68,0.2949,3731.6534,12426.6136,4278.0725,0.0785966449,0.43,0.38,4359,0.123,2.778807e-4,54944,0.1344612839,0.547,0.7514079895,LA,yes
22097,Louisiana,19622,71,0.3063,4388.5915,14353.4006,6734.1817,0.099437285,0.46,0.47,6251,0.146,6.887052e-4,39599,0.4817231123,0.385,0.6262752173,LA,yes
22099,Louisiana,11604,71,0.2558,4133.4572,13225.5767,5408.2675,0.094273167,0.46,0.43,4030,0.116,1.678447e-4,47247,0.4957055215,0.413,0.7545698516,LA,yes
22101,Louisiana,11344,71,0.2747,3875.102,12370.6122,5922.2449,0.1042008573,0.39,0.43,4953,0.159,5.424519e-4,40918,0.1303934126,0.204,0.728646253,LA,yes
22103,Louisiana,58131,71,0.1567,4701.4844,14515.4609,4891.4041,0.0815741171,0.45,0.46,5506,0.122,8.097291e-4,71526,0.2321810559,0.459,0.8641057636,LA,yes
22105,Louisiana,25920,70,0.3078,4456.4764,16579.4614,5030.1536,0.0875086689,0.38,0.41,8371,0.117,3.961817e-4,47860,0.4092917248,0.445,0.7841250499,LA,yes
22107,Louisiana,1220,72,0.3388,3725.1114,10710.2526,4665.6761,0.100210021,0.34,0.27,6370,0.141,NA,31436,1,0.393,0.4715401786,LA,yes
22109,Louisiana,22158,71,0.2664,4388.6711,14092.8067,5086.8287,0.1189080073,0.41,0.47,5499,0.118,3.963214e-4,51719,0.2062846415,0.263,0.7557790453,LA,yes
22111,Louisiana,5581,72,0.2284,3980.0948,11533.6493,6522.5908,0.0923334875,0.4,0.43,6791,0.202,8.95656e-5,44617,0.8291008318,0.566,0.5474808758,LA,yes
22113,Louisiana,12164,72,0.2255,4037.037,12546.6721,5448.6812,0.1098646265,0.43,0.43,5179,0.114,3.342805e-4,50193,0.5462163141,0.415,0.7995110024,LA,yes
22115,Louisiana,8181,71,0.1943,4357.923,13301.701,6307.6097,0.0829110893,0.27,0.39,8884,0.128,3.683995e-4,51652,0.498968166,0.226,0.7494349005,LA,yes
22117,Louisiana,11161,70,0.3498,4834.062,15579.0938,4884.3402,0.0961790036,0.39,0.44,7839,0.189,1.932077e-4,35505,0.666744403,0.421,0.6734230398,LA,yes
22119,Louisiana,9918,72,0.2289,4072.603,12240.5321,5798.0787,0.0935373585,0.4,0.39,6251,0.128,6.443631e-4,38386,0.5304195889,0.376,0.4936861821,LA,yes
22121,Louisiana,4983,70,0.2498,4097.2685,14138.5743,7212.525,0.0678585941,0.43,0.5,3487,0.111,1.513604e-4,65344,0.3046073651,0.331,0.8285803173,LA,yes
22123,Louisiana,2755,73,0.2635,3980.0771,8502.5707,4921.5938,0.1057907772,0.37,0.26,12099,0.193,1.821162e-4,42614,1,0.304,0.4233594515,LA,yes
22125,Louisiana,2380,71,0.1962,3652.6316,12365.5502,5529.1866,0.0707833189,0.38,0.51,3309,0.093,7.115136e-4,65296,1,0.444,0.715171879,LA,yes
22127,Louisiana,3189,72,0.2821,3892.203,12713.2391,7322.8676,0.0840032154,0.35,0.41,9470,0.173,5.66011e-4,43166,0.6489257494,0.379,0.7370052891,LA,yes
23001,Maine,26646,70,0.3799,3040.6977,10496.4701,2492.6287,0.0975675078,0.42,0.49,3280,0.122,8.72965e-4,58958,0.4336688269,0.338,0.8166337936,ME,yes
23003,Maine,21503,72,0.4063,2875.1179,7599.108,1951.6254,0.1375512761,0.55,0.37,5412,0.15,0.0011026508,40675,0.8026575762,0.198,0.6920653205,ME,yes
23005,Maine,71844,73,0.2432,3429.9333,11849.3804,5296.8761,0.0841242818,0.45,0.55,2565,0.083,0.0016759948,75254,0.3609846844,0.314,0.872376579,ME,yes
23007,Maine,8670,71,0.3476,2810.705,6148.8251,2724.2167,0.1104862119,0.51,0.43,3020,0.096,0.0010703415,51136,0.8299856994,0.362,0.7753207292,ME,yes
23009,Maine,16948,73,0.2171,3041.2312,8386.8152,2299.1846,0.1214252342,0.45,0.52,3343,0.095,0.001423072,58926,0.9011356536,0.354,0.8221123368,ME,yes
23011,Maine,34139,70,0.3578,2838.5306,10605.035,2438.4697,0.091754534,0.46,0.48,3243,0.104,0.0012040989,55358,0.6283043119,0.315,0.8192879762,ME,yes
23013,Maine,13100,74,0.2185,2996.1603,10291.6528,2423.8731,0.1172401685,0.48,0.5,2440,0.081,0.001005758,55910,0.6793084357,0.189,0.8477673325,ME,yes
23015,Maine,12088,73,0.1893,2516.5942,7538.3248,2647.5701,0.1336164652,0.43,0.37,3661,0.096,0.0011356357,58619,1,0.367,0.8017736046,ME,yes
23017,Maine,17142,70,0.3418,2817.6249,6382.9876,2423.2215,0.1178951642,0.48,0.34,3009,0.107,6.074491e-4,50344,0.8311171822,0.419,0.7725653763,ME,yes
23019,Maine,39676,70,0.3493,3108.5397,8881.75,3252.5759,0.1170288275,0.42,0.43,4273,0.123,0.0012971885,50702,0.576502537,0.264,0.8163974516,ME,yes
23021,Maine,5832,71,0.3432,2852.2302,5723.8679,1661.8999,0.123752495,0.42,0.34,4521,0.131,5.952381e-4,43509,1,0.343,0.688683274,ME,yes
23023,Maine,10607,73,0.194,2680.3939,9778.4244,3300.8057,0.0856957369,0.38,0.41,2878,0.09,6.173879e-4,65841,0.6167511971,0.307,0.8342302879,ME,yes
23025,Maine,15178,70,0.4017,2913.4533,6675.9497,1952.8706,0.1168598552,0.47,0.43,3632,0.123,5.534472e-4,45333,0.8047598989,0.359,0.7596266592,ME,yes
23027,Maine,12023,71,0.2982,2668.2313,6327.638,2212.5422,0.1137492914,0.45,0.41,3588,0.113,7.30589e-4,51073,0.9134223689,0.41,0.8027384544,ME,yes
23029,Maine,10292,71,0.3545,2316.1949,5990.6213,2845.0846,0.1627001487,0.44,0.34,3314,0.115,5.7161e-4,39068,0.9237886535,0.263,0.743455877,ME,yes
23031,Maine,56187,73,0.204,3454.7978,11789.4676,3542.5036,0.0856521445,0.5,0.52,3535,0.098,7.467427e-4,66803,0.5684341884,0.419,0.8544787491,ME,yes
24001,Maryland,17620,72,0.228,5156.1604,14795.6107,4772.3968,0.0545628781,0.48,0.45,4377,0.14,6.058471e-4,48170,0.2725238723,0.208,0.7544800905,MD,yes
24003,Maryland,103812,73,0.109,4310.1051,14328.4138,6927.9078,0.0497002526,0.41,0.54,3924,0.101,6.787829e-4,100916,0.0530413499,0.484,0.9095627556,MD,yes
24005,Maryland,172445,73,0.1664,4238.4773,14986.0363,6753.4909,0.0623940496,0.45,0.55,4938,0.113,0.0010006868,76972,0.0653380189,0.472,0.862726023,MD,yes
24009,Maryland,17641,73,0.1163,4378.9466,14046.3839,7330.1062,0.0383879624,0.4,0.54,3898,0.118,5.108529e-4,111056,0.3870989553,0.63,0.901541926,MD,yes
24011,Maryland,7113,72,0.2171,4640.6723,13099.6639,4581.6807,0.0810020575,0.39,0.49,3964,0.145,3.302907e-4,60143,0.7599951612,0.488,0.8013140386,MD,yes
24013,Maryland,35888,73,0.1092,4336.4486,14311.9969,7431.2798,0.0422553627,0.43,0.56,4461,0.093,4.452915e-4,101810,0.3950602511,0.588,0.8668323513,MD,yes
24015,Maryland,20836,71,0.1673,4014.3343,14613.2167,5455.2357,0.0534639689,0.39,0.51,4326,0.113,4.181822e-4,75307,0.4210250425,0.456,0.8447568676,MD,yes
24017,Maryland,26558,72,0.1519,4804.7035,15043.5583,7666.0532,0.0474568509,0.36,0.45,4241,0.119,3.900856e-4,102510,0.2950372225,0.659,0.8748053786,MD,yes
24019,Maryland,8774,72,0.2331,4464.6191,13890.8132,4806.5214,0.0742396777,0.46,0.51,3345,0.189,4.687793e-4,48709,0.5622049175,0.418,0.771144656,MD,yes
24021,Maryland,47342,73,0.1272,4872.6553,15116.9695,6097.1571,0.0555013882,0.4,0.54,3689,0.095,6.297722e-4,102951,0.2520770401,0.488,0.8880314722,MD,yes
24023,Maryland,7706,72,0.2021,4113.7107,10572.9712,4497.3822,0.0705861409,0.42,0.41,3899,0.132,5.486404e-4,59253,0.8389872745,0.32,0.7690945674,MD,yes
24025,Maryland,52619,72,0.127,4180.9738,13807.937,6996.116,0.0470354626,0.45,0.55,3461,0.112,0.00055127660000000005,91492,0.1775710096,0.519,0.8856154542,MD,yes
24027,Maryland,53287,74,0.1495,4004.9327,13992.9493,7476.4094,0.0421885823,0.47,0.59,2919,0.077,0.0019183406,121329,0.0925161538,0.482,0.9385127442,MD,yes
24029,Maryland,6060,74,0.1505,4025.182,13595.7112,4526.8542,0.0805400015,0.42,0.56,2085,0.126,8.770572e-4,65615,0.7258503738,0.374,0.7460436137,MD,yes
24031,Maryland,182311,75,0.1693,4314.9759,15374.0829,7382.4744,0.077980244,0.4,0.55,2729,0.082,0.0013823348,110012,0.0238377735,0.539,0.9185847149,MD,yes
24033,Maryland,144199,72,0.1884,4371.5396,15203.6503,6966.5587,0.1108651904,0.37,0.41,4718,0.131,5.476692e-4,85357,0.0196671377,0.605,0.8715564506,MD,yes
24035,Maryland,11463,73,0.1044,4413.7072,13265.8077,5246.7518,0.0524742446,0.4,0.55,2657,0.097,3.582018e-4,101350,0.5448763547,0.564,0.867201378,MD,yes
24037,Maryland,18339,72,0.17,4461.3888,14649.29,7904.8175,0.055297325,0.38,0.47,4183,0.119,3.727899e-4,89123,0.5041797035,0.397,0.8354211876,MD,yes
24039,Maryland,5540,71,0.2877,4017.9825,14081.1404,3914.693,0.0747973471,0.41,0.49,4614,0.159,3.505355e-4,38731,0.4579146203,0.343,0.7371121997,MD,yes
24041,Maryland,12051,75,0.1112,4993.3865,12650.4571,4458.8601,0.0767367652,0.49,0.55,1861,0.11,0.0010008656,75714,0.5465565613,0.296,0.8611672412,MD,yes
24043,Maryland,33634,71,0.214,4372.8793,15256.7901,6685.2648,0.0624291443,0.39,0.53,4205,0.145,0.00056318990000000005,59785,0.2948992742,0.391,0.781904167,MD,yes
24045,Maryland,21505,72,0.2324,4228.4802,14983.4112,4736.3471,0.079117324,0.43,0.47,3907,0.13,6.201851e-4,54351,0.2580596153,0.258,0.8045669833,MD,yes
24047,Maryland,16356,73,0.1305,4314.236,13733.293,4298.4182,0.0703643725,0.45,0.52,3078,0.131,8.490439e-4,65821,0.3552687838,0.3,0.827380144,MD,yes
24510,Maryland,104137,69,0.3712,4134.1528,16269.227,5690.6572,0.0738628594,0.41,0.48,6147,0.131,0.0010439921,49780,0,0.432,0.7448058683,MD,yes
25001,Massachusetts,83438,74,0.1357,4171.9804,13743.2563,6596.281,0.0374677534,0.55,0.55,2994,0.101,9.3715e-4,82686,0.0748304676,0.27,0.877389396,MA,yes
25003,Massachusetts,37456,72,0.2669,3591.9392,12925.4648,2913.0818,0.0345655253,0.51,0.53,3715,0.107,0.0011792826,58805,0.3159374786,0.24,0.8238921424,MA,yes
25005,Massachusetts,130047,70,0.3139,4351.7684,16555.9634,6282.2745,0.0371474112,0.58,0.54,6086,0.099,5.283482e-4,69857,0.098343015,0.395,0.820969015,MA,yes
25007,Massachusetts,5465,74,0.1389,3388.9127,8202.2688,2450.3425,0.038514654,0.48,0.55,3011,0.079,5.186722e-4,76036,0.3902630783,0.029,0.7903917221,MA,yes
25009,Massachusetts,171746,72,0.2414,4214.2549,15416.8889,4701.4278,0.0381483896,0.55,0.55,5203,0.095,7.38644e-4,83253,0.042440446800000003,0.435,0.8582572518,MA,yes
25011,Massachusetts,20392,71,0.2697,3418.0119,13033.9075,3441.0288,0.0304138032,0.5,0.56,4440,0.106,6.764088e-4,60143,0.5443170991,0.366,0.8192286303,MA,yes
25013,Massachusetts,108471,70,0.3224,4004.1368,14439.1165,4788.9133,0.0380653722,0.5,0.53,5199,0.1,6.717601e-4,59918,0.0857084295,0.291,0.7892243469,MA,yes
25015,Massachusetts,37087,72,0.2166,3574.2907,14915.862,3573.2698,0.0283300995,0.53,0.6,3622,0.069,0.0013820458,74142,0.2744369939,0.353,0.8784968898,MA,yes
25017,Massachusetts,291134,73,0.2038,4299.1905,15071.4926,4527.7668,0.0276427321,0.54,0.58,4393,0.07,0.0012615237,106543,0.0302770635,0.49,0.8965938873,MA,yes
25019,Massachusetts,2227,74,0.0915,3770.7447,7995.7447,2670.2128,0.044472153,0.46,0.48,3365,0.062,6.179924e-4,96030,0.188950059,0.037,0.917317533,MA,yes
25021,Massachusetts,142436,74,0.1906,4386.0094,15398.4072,5700.8339,0.0238302542,0.55,0.58,4637,0.083,0.0012702229,106851,0.012403667,0.529,0.9014964191,MA,yes
25023,Massachusetts,122421,72,0.192,4516.3582,15266.5704,6657.1671,0.0276627258,0.57,0.57,5559,0.111,6.291833e-4,90584,0.1030774733,0.483,0.8822682172,MA,yes
25025,Massachusetts,112709,71,0.3992,4047.2402,14614.6317,4190.5723,0.0441179794,0.48,0.5,5131,0.079,0.001490241,75843,7.409736e-4,0.509,0.8486657802,MA,yes
25027,Massachusetts,170981,70,0.2734,4116.5471,14175.2173,5128.7335,0.0307639815,0.54,0.53,4659,0.092,0.0010074154,77795,0.1839028642,0.45,0.8564289194,MA,yes
26001,Michigan,4594,72,0.1703,3587.3573,7308.604,3426.2511,0.0875856816,0.49,0.3,2794,0.107,5.790388e-4,41491,0.9892158655,0.36,0.7155172414,MI,yes
26003,Michigan,2850,72,0.107,2745.8564,6197.5138,2642.2652,0.0755813953,0.51,0.32,2125,0.123,7.694844e-4,52285,0.6904489116,0.327,0.7439308281,MI,yes
26005,Michigan,26068,69,0.2005,3240.8227,9634.4702,2651.9136,0.0546424541,0.42,0.43,4143,0.089,2.216029e-4,66568,0.6446754273,0.347,0.7937166022,MI,yes
26007,Michigan,9409,71,0.2237,3861.3624,8429.2044,3611.5931,0.0627361351,0.47,0.46,3609,0.123,6.699577e-4,43676,0.518278262,0.133,0.7684284818,MI,yes
26009,Michigan,8150,72,0.1516,3247.7357,8537.8263,3120.9377,0.08330373,0.43,0.49,3405,0.097,6.419859e-4,58317,1,0.351,0.7983634711,MI,yes
26011,Michigan,5130,70,0.2217,3804.007,9629.3554,3723.4321,0.0816674137,0.48,0.42,5273,0.171,3.324247e-4,44017,1,0.377,0.7163293258,MI,yes
26013,Michigan,2308,72,0.1241,2532.2196,4981.7025,1359.5863,0.0798853663,0.43,0.29,1969,0.151,9.615385e-4,48371,1,0.2,0.7444480206,MI,yes
26015,Michigan,14816,72,0.1224,3542.4059,10082.6672,3022.8115,0.0586225717,0.45,0.46,4106,0.153,3.433785e-4,67703,0.7712808206,0.453,0.8005844583,MI,yes
26017,Michigan,28278,70,0.2295,3837.8508,13416.0555,4125.8769,0.0655278633,0.46,0.5,6355,0.099,3.849004e-4,50130,0.3031149382,0.254,0.8173616906,MI,yes
26019,Michigan,5979,72,0.1516,3209.9853,9816.0793,2510.279,0.0793137934,0.47,0.54,2737,0.157,6.196136e-4,56934,1,0.368,0.8351001178,MI,yes
26021,Michigan,38477,73,0.1223,3557.6766,11036.6512,3690.8645,0.0827168852,0.46,0.46,3440,0.115,8.044583e-4,50659,0.3285696977,0.207,0.7512762114,MI,yes
26023,Michigan,10230,72,0.1356,3424.0261,10114.6237,2686.7224,0.085440613,0.42,0.46,5881,0.1,4.3556e-4,52255,0.627033239,0.252,0.7761561562,MI,yes
26025,Michigan,32112,71,0.1578,3551.1708,11710.896,2397.3775,0.0625,0.47,0.51,4460,0.147,5.799817e-4,50205,0.3097703935,0.227,0.7940027042,MI,yes
26027,Michigan,13794,72,0.1486,3246.1181,10082.7166,4183.5728,0.0752143123,0.41,0.49,3140,0.155,2.129596e-4,55029,0.7118161131,0.381,0.7836719159,MI,yes
26029,Michigan,8144,72,0.1375,3269.1267,7157.6876,2574.9077,0.0751140395,0.53,0.46,3253,0.123,8.382868e-4,58831,0.7040348376,0.219,0.7949230635,MI,yes
26031,Michigan,8775,71,0.1896,3363.6574,6577.2339,2230.6627,0.0875626825,0.45,0.4,3694,0.14,5.902491e-4,47876,0.8272789844,0.382,0.7501563198,MI,yes
26033,Michigan,8779,71,0.1782,3300.4292,7902.5499,2532.9462,0.096215888,0.45,0.39,5411,0.103,6.3971e-4,49610,0.4893821391,0.173,0.7918422744,MI,yes
26035,Michigan,10068,69,0.2765,3734.5291,8959.417,2603.3632,0.0842269787,0.42,0.35,4342,0.17,3.251292e-4,42480,0.7064282481,0.362,0.7278465448,MI,yes
26037,Michigan,16842,72,0.1589,3981.982,12890.3584,3295.7638,0.0514619883,0.52,0.48,3606,0.126,3.151313e-4,72666,0.5292642806,0.313,0.8539424112,MI,yes
26039,Michigan,4303,70,0.2217,4026.1965,7786.398,2534.005,0.0740231691,0.44,0.31,4124,0.135,8.632472e-4,49114,0.7258775046,0.294,0.8247842371,MI,yes
26041,Michigan,11401,72,0.1309,3334.6953,6574.3956,2402.111,0.0599107475,0.54,0.41,1931,0.15,7.52991e-4,48880,0.4375354069,0.155,0.7617962301,MI,yes
26043,Michigan,7454,72,0.1085,3889.2777,7678.0805,3487.1282,0.0572200143,0.56,0.41,2364,0.099,8.667218e-4,53751,0.3276520942,0.136,0.767963672,MI,yes
26045,Michigan,25721,70,0.2004,3958.8334,12722.8757,2701.7523,0.0511084652,0.46,0.45,4239,0.101,3.824231e-4,65891,0.3797177034,0.275,0.8357464029,MI,yes
26047,Michigan,9955,72,0.1364,3529.8232,8367.9813,2878.1815,0.0833789169,0.54,0.53,3342,0.075,0.0013810496,59456,0.7488835872,0.205,0.8276291226,MI,yes
26049,Michigan,95886,70,0.2252,4710.02,15995.8045,6499.8698,0.0604043489,0.46,0.49,5884,0.132,8.601791e-4,50554,0.1675520797,0.314,0.7720158188,MI,yes
26051,Michigan,8678,71,0.2036,3672.0846,8644.2208,2960.7843,0.0849066899,0.49,0.43,4069,0.135,1.973399e-4,46458,0.8858010276,0.438,0.705711958,MI,yes
26053,Michigan,4706,72,0.1589,1540.3194,4460.4597,2035.0604,0.0787174906,0.46,0.38,2835,0.133,7.949126e-4,39030,0.6816825957,0.167,0.6817912218,MI,yes
26055,Michigan,24238,72,0.1559,3350.1548,11356.3467,2716.7183,0.0700891401,0.48,0.56,3754,0.071,0.0013286811,65041,0.4802381993,0.211,0.855114017,MI,yes
26057,Michigan,9210,71,0.2332,3837.0477,11665.7081,3025.8807,0.059070843,0.46,0.4,4184,0.102,4.433607e-4,51046,0.6015632357,0.313,0.7249085467,MI,yes
26059,Michigan,11576,71,0.2065,3793.7031,10097.0163,2371.2246,0.0755451494,0.38,0.43,4709,0.104,2.623008e-4,50015,0.6912697053,0.359,0.7381123322,MI,yes
26061,Michigan,7978,72,0.1326,2340.8142,5219.7286,1852.8184,0.0717118308,0.47,0.32,3345,0.085,6.626356e-4,45006,0.3781533253,0.112,0.7841774989,MI,yes
26063,Michigan,10060,73,0.1736,3690.2242,9408.2511,2982.6009,0.0767504101,0.46,0.43,3656,0.135,4.812937e-4,49126,0.8946192403,0.239,0.7226836138,MI,yes
26065,Michigan,51621,68,0.3455,3963.1159,14317.7575,2734.4006,0.0632122912,0.45,0.44,4127,0.094,0.001041898,54704,0.1320635825,0.181,0.8232807515,MI,yes
26067,Michigan,12686,69,0.2396,3676.6683,9442.1507,2821.6515,0.0672005781,0.45,0.31,4829,0.127,2.491824e-4,59582,0.6053829904,0.431,0.8075248215,MI,yes
26069,Michigan,9507,71,0.1967,3352.7397,7500.214,2520.3339,0.080186239,0.48,0.31,3693,0.156,4.784498e-4,43605,0.589060146,0.232,0.7885851401,MI,yes
26071,Michigan,4149,72,0.1357,1947.9554,5889.4052,2050.1859,0.075620323,0.45,0.36,3939,0.115,6.296663e-4,46814,0.7285266988,0.203,0.681722488,MI,yes
26073,Michigan,12011,69,0.255,3622.7418,10139.0365,3038.2572,0.0868738899,0.45,0.46,4880,0.086,4.676738e-4,46677,0.4658872723,0.184,0.7667246049,MI,yes
26075,Michigan,37267,71,0.2046,3739.2485,12500.7922,3128.4518,0.0664064733,0.46,0.52,4485,0.119,4.407422e-4,56001,0.4182329889,0.285,0.814901707,MI,yes
26077,Michigan,52846,71,0.1494,3194.5955,11019.317,2311.5005,0.0612062731,0.46,0.55,3492,0.102,9.740627e-4,56739,0.1754716755,0.19,0.8682874958,MI,yes
26079,Michigan,5096,70,0.236,3283.3764,6755.3833,1686.4772,0.0844970077,0.37,0.36,3526,0.169,2.805206e-4,47620,0.8444586953,0.428,0.7379986004,MI,yes
26081,Michigan,117460,69,0.2555,3814.7246,12095.5759,3288.8287,0.0681247978,0.45,0.52,3532,0.087,9.131428e-4,66560,0.1567533213,0.215,0.8626699097,MI,yes
26083,Michigan,830,73,0.0802,2218.2628,5409.7996,2278.3964,0.0623123123,0.46,0.27,2065,0.161,NA,47318,1,0.331,0.7215541166,MI,yes
26085,Michigan,4247,69,0.3114,3674.4692,8249.8639,3022.8634,0.087537092,0.4,0.35,3701,0.099,8.4168e-5,38044,1,0.39,0.6363636364,MI,yes
26087,Michigan,21400,71,0.1673,4253.08,14251.9286,5347.4957,0.0848358403,0.4,0.46,4835,0.088,3.408007e-4,66415,0.7734802251,0.544,0.813115727,MI,yes
26089,Michigan,8160,74,0.074,3325.4335,10554.6243,2737.2832,0.0897034322,0.53,0.58,4062,0.107,3.675795e-4,72888,0.9126128616,0.282,0.8471386366,MI,yes
26091,Michigan,24538,71,0.1791,3649.2564,11570.5967,2854.0584,0.0587556687,0.48,0.49,3356,0.129,2.137057e-4,55466,0.5182196773,0.401,0.8163776242,MI,yes
26093,Michigan,42714,72,0.0878,3914.3783,12315.5574,3539.1725,0.0473134969,0.46,0.55,3260,0.083,5.072585e-4,87827,0.3690507109,0.542,0.8724583333,MI,yes
26095,Michigan,1755,71,0.2139,3352.6912,4242.2096,1279.0368,0.0775531098,0.53,0.18,3965,0.077,0.0011141175,45464,0.5136480169,0.1,0.7292693859,MI,yes
26097,Michigan,3887,71,0.1484,3207.8522,5755.7737,2024.8268,0.1242203742,0.44,0.23,2286,0.153,7.416334e-4,44986,0.7722487177,0.315,0.7439741887,MI,yes
26099,Michigan,190299,72,0.1918,4630.2683,18478.9517,5862.7487,0.0642951803,0.42,0.51,5841,0.116,5.350045e-4,65051,0.0280530525,0.447,0.8604453785,MI,yes
26101,Michigan,8280,72,0.1927,3461.887,8702.8252,2355.8102,0.0782444994,0.46,0.43,2277,0.138,5.300065e-4,50047,0.6116120163,0.239,0.7775302355,MI,yes
26103,Michigan,16520,72,0.1158,2766.807,8349.3686,2212.748,0.0602610056,0.5,0.52,2794,0.089,0.0010824463,54913,0.4148963132,0.172,0.8039695691,MI,yes
26105,Michigan,9050,72,0.2119,4153.886,8398.7047,2424.6114,0.0711564626,0.53,0.32,3837,0.141,7.216495e-4,49869,0.6268942693,0.165,0.7621861152,MI,yes
26107,Michigan,10218,70,0.2085,3578.6925,8884.5036,2638.2567,0.0829511651,0.43,0.37,3886,0.078,5.741187e-4,47705,0.6672508061,0.288,0.7709387652,MI,yes
26109,Michigan,6937,72,0.127,3914.9786,8290.4422,5221.1127,0.06892347,0.53,0.35,2829,0.112,3.045729e-4,49189,0.6433476216,0.262,0.7389667827,MI,yes
26111,Michigan,19976,71,0.2047,3706.9389,12140.8969,2906.2918,0.0552257681,0.49,0.52,3642,0.1,9.854703e-4,69859,0.4278061438,0.263,0.8301119916,MI,yes
26113,Michigan,4115,71,0.2261,3625,9957.4689,3405.6017,0.0948246797,0.44,0.5,3085,0.169,1.323364e-4,51317,1,0.246,0.762510322,MI,yes
26115,Michigan,36448,71,0.1559,4027.6268,14424.0106,4075.4204,0.0477782387,0.43,0.49,5494,0.112,3.323606e-4,64341,0.3755599555,0.371,0.8143970365,MI,yes
26117,Michigan,15442,70,0.2217,3692.0782,10006.7948,3039.6089,0.0704349569,0.46,0.31,4361,0.14,4.22086e-4,52089,0.8461842064,0.462,0.7341195166,MI,yes
26119,Michigan,4120,70,0.2054,3776.1628,7025.1938,3486.9186,0.0807574041,0.46,0.33,3696,0.186,7.555316e-4,40126,1,0.372,0.7234950584,MI,yes
26121,Michigan,41927,69,0.2724,3994.5685,11389.3054,3419.2931,0.0600362157,0.47,0.52,3057,0.139,5.93359e-4,50730,0.2331463284,0.234,0.7891991083,MI,yes
26123,Michigan,13069,68,0.2822,3480.6698,7735.5331,2771.9773,0.0747328225,0.43,0.34,4130,0.126,3.886116e-4,51772,0.8384028064,0.428,0.7293460675,MI,yes
26125,Michigan,263229,73,0.1663,4503.9389,17318.3792,5689.5412,0.0566847787,0.44,0.51,5023,0.091,0.0014128007,81257,0.0478666159,0.427,0.8918437924,MI,yes
26127,Michigan,7269,71,0.2099,3704.3537,7589.9426,2414.1073,0.1086747913,0.49,0.34,2550,0.145,5.258216e-4,52319,0.8989085435,0.292,0.7365104372,MI,yes
26129,Michigan,7337,70,0.2297,3664.0813,7204.3327,2741.3747,0.0819308545,0.43,0.35,4978,0.135,2.863688e-4,41347,1,0.261,0.7361716028,MI,yes
26131,Michigan,2522,72,0.1117,1406.6757,4057.2207,1895.0954,0.0808080808,0.55,0.35,2564,0.12,1.725626e-4,45531,1,0.312,0.7006802721,MI,yes
26133,Michigan,6449,71,0.2249,3591.2281,8749.1228,2819.6491,0.0848511773,0.46,0.35,3013,0.14,2.570584e-4,47343,1,0.311,0.6999237556,MI,yes
26135,Michigan,3200,70,0.245,3402.3632,6116.9154,2534.8259,0.0951023147,0.36,0.29,3416,0.121,2.416626e-4,44594,1,0.269,0.6529164477,MI,yes
26137,Michigan,6940,71,0.1862,3743.0229,7506.2172,2336.0044,0.070253955,0.45,0.35,4237,0.106,7.703223e-4,52392,0.65659659,0.2,0.8282381335,MI,yes
26139,Michigan,56808,71,0.1715,3743.7783,11023.1038,3275.6853,0.0607571545,0.48,0.53,3139,0.089,6.747127e-4,69827,0.2031569251,0.235,0.863707241,MI,yes
26141,Michigan,5243,72,0.159,3347.1755,6360.6435,3212.8694,0.0829471733,0.48,0.41,3244,0.137,2.355158e-4,47339,0.8086124402,0.351,0.7203726065,MI,yes
26143,Michigan,10106,71,0.1992,3667.6161,7664.5486,2746.0561,0.0800554715,0.44,0.36,3128,0.144,4.186903e-4,42546,0.6605178126,0.289,0.7884908879,MI,yes
26145,Michigan,48035,71,0.2225,4182.4066,15182.2407,3971.397,0.0592640022,0.5,0.48,5473,0.125,8.542977e-4,48471,0.3111820512,0.247,0.7867051803,MI,yes
26147,Michigan,40363,71,0.2095,4215.0611,14787.8788,5087.6866,0.0594696351,0.37,0.47,5867,0.103,4.581485e-4,60208,0.3864573111,0.42,0.8254895914,MI,yes
26149,Michigan,13898,72,0.1166,3158.3984,9200.6477,2348.7414,0.0811657471,0.42,0.44,4127,0.183,2.784922e-4,54024,0.5442695163,0.304,0.7741200828,MI,yes
26151,Michigan,11366,71,0.2034,4014.0171,11941.3675,3991.9658,0.0802523108,0.41,0.42,4713,0.131,2.67107e-4,49917,0.9019807951,0.381,0.7060974913,MI,yes
26153,Michigan,2830,72,0.1259,2893.9808,3804.3776,1476.7442,0.0912664502,0.52,0.12,2791,0.07,8.676252e-4,50256,0.5896287566,0.211,0.7540369089,MI,yes
26155,Michigan,17217,70,0.2373,4071.1533,13578.4168,3277.4978,0.0603929266,0.48,0.5,3924,0.105,4.399343e-4,55633,0.5497537085,0.433,0.7957090566,MI,yes
26157,Michigan,14523,71,0.2144,4025.3249,12273.2423,4047.8174,0.0741484906,0.44,0.41,4496,0.108,3.046691e-4,52342,0.8416084983,0.425,0.737337558,MI,yes
26159,Michigan,18522,71,0.1631,3158.0224,8826.7547,2154.5197,0.0865279299,0.41,0.39,2995,0.158,4.373873e-4,58733,0.7085945081,0.333,0.7776342185,MI,yes
26161,Michigan,65296,72,0.159,3588.6113,11994.7705,2829.4273,0.0565737397,0.44,0.58,3289,0.075,0.0017414136,76728,0.1644648497,0.338,0.8892420971,MI,yes
26163,Michigan,348985,70,0.2737,4388.6949,17739.9997,4808.5911,0.0693087579,0.38,0.45,7064,0.122,7.241035e-4,50753,0.0069560097,0.359,0.7545926758,MI,yes
26165,Michigan,8948,70,0.2773,3483.3741,9635.6968,3332.5183,0.0702036241,0.42,0.48,3714,0.133,8.366701e-4,53146,0.6428898732,0.268,0.7444264445,MI,yes
27001,Minnesota,6079,71,0.1809,3100.1071,5550.3212,2255.8887,0.0719961704,0.52,0.29,7004,0.121,8.175072e-4,51936,1,0.357,0.7374039839,MN,yes
27003,Minnesota,63553,70,0.1906,4045.2079,12883.4189,7595.3581,0.0440094401,0.38,0.48,7337,0.086,5.05917e-4,83363,0.1350062265,0.436,0.8910981451,MN,yes
27005,Minnesota,9086,72,0.1549,4149.7528,10455.1448,4773.9581,0.0674478104,0.48,0.51,7267,0.082,7.273574e-4,61311,0.754707113,0.26,0.8036278182,MN,yes
27007,Minnesota,9799,71,0.2287,3684.8323,11502.8582,2580.9832,0.0853099622,0.49,0.46,7106,0.103,9.178816e-4,54638,0.6708968993,0.184,0.7974326502,MN,yes
27009,Minnesota,7880,68,0.2955,3999.4154,12408.0678,7309.2663,0.0446335231,0.45,0.45,7453,0.11,2.466395e-4,63395,0.4001196328,0.242,0.8312059324,MN,yes
27011,Minnesota,1574,74,0.1281,3639.3258,5446.0674,2274.1573,0.0592939879,0.6,0.47,5830,0.114,0.0014030868,52692,1,0.205,0.77154047,MN,yes
27013,Minnesota,12517,71,0.1725,3837.6917,12256.2454,5928.8532,0.0445631507,0.53,0.58,6805,0.081,8.898512e-4,60408,0.2689297486,0.155,0.8491817102,MN,yes
27015,Minnesota,6670,74,0.091,3535.852,9752.7628,3008.2241,0.0421069232,0.58,0.49,4046,0.111,0.0011150492,62904,0.3493994516,0.151,0.8115942029,MN,yes
27017,Minnesota,8522,69,0.2587,2557.9505,8531.4488,3178.7986,0.0495385595,0.38,0.53,7067,0.113,7.255072e-4,65749,0.5516588481,0.329,0.7672078161,MN,yes
27019,Minnesota,16465,72,0.1333,3934.7115,12407.2351,5566.5805,0.0297910474,0.4,0.54,6724,0.082,8.78794e-4,101891,0.1882757409,0.403,0.9053436361,MN,yes
27021,Minnesota,9715,72,0.1626,3741.5498,8748.6779,2915.1529,0.0952004832,0.49,0.41,6616,0.114,4.065178e-4,54267,1,0.288,0.774232756,MN,yes
27023,Minnesota,3074,73,0.1109,3866.6667,6336.3636,3048.4848,0.062749757,0.49,0.47,3775,0.155,9.225092e-4,54984,0.5034161241,0.201,0.7448646573,MN,yes
27025,Minnesota,11410,70,0.1602,3421.2042,10465.445,6538.2199,0.0390923825,0.38,0.49,5254,0.088,4.470512e-4,84811,0.555885464,0.545,0.8599446695,MN,yes
27027,Minnesota,10972,71,0.17,3780.1431,11214.0988,2879.6022,0.0449206559,0.53,0.53,6039,0.075,2.189039e-4,64874,0.2791911727,0.181,0.8070924315,MN,yes
27029,Minnesota,2185,71,0.2159,3308.554,7963.3401,2093.6864,0.080792022,0.45,0.28,5943,0.111,4.540295e-4,54896,1,0.357,0.7679882526,MN,yes
27031,Minnesota,1862,72,0.1185,2163.961,4152.5974,1909.0909,0.0816272966,0.36,0.32,1907,0.108,0.0014834044,58664,1,0.199,0.812337421,MN,yes
27033,Minnesota,3111,73,0.168,3821.0162,6941.6859,4829.6767,0.0665811567,0.47,0.39,4118,0.129,7.094085e-4,53725,0.622743219,0.201,0.759389187,MN,yes
27035,Minnesota,19101,72,0.1439,3942.0901,9576.8119,2848.6636,0.0564413971,0.52,0.49,6355,0.094,0.0010787653,60384,0.62736,0.227,0.8302013423,MN,yes
27037,Minnesota,77633,71,0.1669,3967.8694,12562.6836,7343.6809,0.0401049332,0.44,0.53,5508,0.079,6.534673e-4,89075,0.0493084968,0.353,0.8940045081,MN,yes
27039,Minnesota,3769,73,0.1199,3927.9465,9497.1693,8440.0412,0.0409882406,0.47,0.55,5734,0.099,4.802613e-4,86436,0.5176482302,0.353,0.8675863847,MN,yes
27041,Minnesota,11205,71,0.1661,4124.3992,10533.7435,3780.0423,0.0403943256,0.56,0.5,6201,0.098,0.0011063112,67592,0.528367908,0.152,0.7889335654,MN,yes
27043,Minnesota,3908,73,0.1254,3732.328,7895.3817,3604.6183,0.0582739357,0.4,0.52,6200,0.107,5.814799e-4,54193,0.7761973476,0.277,0.7609581229,MN,yes
27045,Minnesota,5313,74,0.1159,3404.4507,8475.4504,5279.7598,0.0732507289,0.48,0.54,4627,0.054,3.324152e-4,62716,0.9328093549,0.434,0.7682219127,MN,yes
27047,Minnesota,8219,73,0.1646,3596.4173,9679.3994,2789.2518,0.0698194325,0.44,0.47,5596,0.102,5.584023e-4,56716,0.4283154695,0.185,0.7731570451,MN,yes
27049,Minnesota,11584,72,0.166,3430.6442,9219.675,3921.3581,0.0489574871,0.48,0.53,5195,0.084,7.542616e-4,71497,0.4704328433,0.359,0.8305058606,MN,yes
27051,Minnesota,1680,73,0.119,3255.9524,7386.9048,2492.8571,0.0589266156,0.54,0.53,7308,0.111,3.321707e-4,55247,1,0.324,0.7706738132,MN,yes
27053,Minnesota,214262,72,0.1963,3843.7858,13049.0593,6002.7607,0.0555570617,0.39,0.53,5567,0.067,0.0011862528,82323,0.0222496041,0.296,0.8718067831,MN,yes
27055,Minnesota,4916,73,0.1068,2892.3711,8720.8247,2640,0.0487080282,0.54,0.56,3574,0.082,5.920982e-4,64920,0.5739212698,0.306,0.8280625227,MN,yes
27057,Minnesota,6435,72,0.1579,3045.8503,6698.491,2554.556,0.0693696547,0.48,0.33,6838,0.106,6.094131e-4,56064,0.8336596828,0.239,0.799378453,MN,yes
27059,Minnesota,8570,71,0.1642,3873.9282,11786.5989,6484.9158,0.0460591503,0.42,0.49,5502,0.104,7.256168e-4,77963,0.6226464988,0.569,0.8265449909,MN,yes
27061,Minnesota,13498,70,0.2249,3197.3956,8496.8995,3026.2505,0.0545819319,0.46,0.44,5464,0.132,9.089297e-4,58660,0.7939322651,0.261,0.7855531631,MN,yes
27063,Minnesota,2521,74,0.0795,3660.9724,7077.5296,3149.8029,0.0445642172,0.53,0.35,4013,0.13,NA,57915,0.6913111241,0.187,0.7954288301,MN,yes
27065,Minnesota,4200,70,0.2475,2940.3927,5088.359,2152.1739,0.0555555556,0.38,0.45,7311,0.133,9.25526e-4,63595,0.7740008621,0.408,0.760987731,MN,yes
27067,Minnesota,10279,71,0.2081,4565.4712,11036.2802,6886.1551,0.0775766098,0.49,0.54,6303,0.098,9.567145e-4,64129,0.4452520183,0.156,0.814731482,MN,yes
27069,Minnesota,1219,74,0.106,3583.7696,6501.3089,2623.0366,0.0516535433,0.41,0.28,8354,0.125,NA,62762,1,0.288,0.6607526882,MN,yes
27071,Minnesota,3965,69,0.2142,2678.3125,5804.2189,1899.8022,0.0678414097,0.46,0.29,5157,0.105,3.215434e-4,52545,0.4699872286,0.134,0.766161069,MN,yes
27073,Minnesota,1989,74,0.1024,3672.0575,5708.8949,1713.3872,0.0553227158,0.55,0.25,8808,0.139,0.0010513668,56825,1,0.22,0.7896440129,MN,yes
27075,Minnesota,3377,72,0.1722,3066.1578,7423.24,2130.6192,0.0475214551,0.4,0.52,3650,0.087,8.444361e-4,61082,0.669795693,0.329,0.7985362096,MN,yes
27077,Minnesota,1222,72,0.1688,2871.1434,5464.6098,1802.1779,0.0582800284,0.36,0.2,4965,0.126,5.32198e-4,56244,1,0.26,0.506122449,MN,yes
27079,Minnesota,6188,71,0.1686,3444.2596,10569.6062,5288.4082,0.0568468816,0.47,0.51,4895,0.102,1.403804e-4,75519,0.6215933292,0.407,0.8194533321,MN,yes
27081,Minnesota,1610,75,0.1027,2894.2014,4334.6897,1650.0509,0.0630780175,0.48,0.23,4728,0.131,5.288207e-4,55328,1,0.394,0.7256888169,MN,yes
27083,Minnesota,5172,73,0.1375,2968.9266,5009.1023,1576.5851,0.0514840073,0.52,0.52,3534,0.091,7.80366e-4,63849,0.4792899408,0.129,0.8356957477,MN,yes
27085,Minnesota,8358,71,0.1945,3460.4119,8979.8627,2478.7185,0.0490094209,0.38,0.51,6637,0.103,9.47788e-4,64380,0.4655534638,0.283,0.8301617507,MN,yes
27087,Minnesota,1253,70,0.3013,3807.9764,8174.2984,3084.195,0.0904825737,0.35,0.32,6155,0.139,1.811922e-4,46702,1,0.234,0.7019527235,MN,yes
27089,Minnesota,2329,73,0.1318,4058.4642,7958.1152,2717.2775,0.0650952446,0.44,0.46,6356,0.116,1.064963e-4,59793,1,0.385,0.7680684966,MN,yes
27091,Minnesota,5712,73,0.1512,3567.9495,10006.0132,3352.6759,0.0491879971,0.42,0.52,4905,0.13,8.086935e-4,54602,0.540403071,0.141,0.7889028428,MN,yes
27093,Minnesota,5677,70,0.2118,2969.3295,6892.2967,3049.9287,0.05401715,0.47,0.45,7846,0.107,6.049868e-4,63812,0.655193133,0.326,0.781735259,MN,yes
27095,Minnesota,6459,69,0.2462,2683.184,7661.0438,4500.7907,0.0720332903,0.39,0.33,6970,0.128,6.886262e-4,59262,0.7082423267,0.456,0.7746121573,MN,yes
27097,Minnesota,8488,71,0.1676,3250.0699,6262.3638,3111.7631,0.0655532359,0.48,0.37,8188,0.102,5.426754e-4,61847,0.7281763962,0.378,0.7604517239,MN,yes
27099,Minnesota,8960,72,0.2139,4031.9058,10310.9208,3484.5824,0.0646786281,0.5,0.56,6267,0.099,3.9989e-4,55276,0.3590123331,0.21,0.7931256023,MN,yes
27101,Minnesota,2466,74,0.0748,3793.2784,5851.617,3102.7267,0.0657830142,0.57,0.44,5724,0.071,1.208313e-4,61007,1,0.255,0.7473251029,MN,yes
27103,Minnesota,6645,73,0.1237,3772.7015,11996.311,6207.4347,0.0416145537,0.52,0.58,6611,0.083,8.766803e-4,71067,0.2557215755,0.145,0.8471090415,MN,yes
27105,Minnesota,4152,73,0.1211,3711.9871,7660.901,4009.2518,0.1090340941,0.57,0.55,3935,0.124,6.385696e-4,57300,0.4098606044,0.143,0.762230798,MN,yes
27107,Minnesota,1728,73,0.1511,3456.3297,6676.1531,3218.842,0.0608470869,0.45,0.26,5029,0.081,NA,53961,1,0.337,0.695193008,MN,yes
27109,Minnesota,29723,73,0.1251,4006.8371,10217.1225,9037.2176,0.0399231573,0.61,0.61,4381,0.079,0.0023547931,80631,0.1659295103,0.116,0.8714980357,MN,yes
27111,Minnesota,17499,72,0.1283,3608.7923,9317.1153,3138.9232,0.0542637412,0.48,0.48,7144,0.111,5.6111e-4,59901,0.7358951538,0.257,0.7487746587,MN,yes
27113,Minnesota,3072,72,0.1469,3724.4152,7934.2105,2455.4094,0.0431389741,0.45,0.47,5123,0.093,6.347863e-4,55870,0.3623115578,0.095,0.8018348624,MN,yes
27115,Minnesota,7721,69,0.24,2834.7245,6318.0301,3637.3122,0.0686871483,0.39,0.31,7294,0.119,2.035071e-4,55684,0.8930084034,0.409,0.7419144981,MN,yes
27117,Minnesota,2310,75,0.1313,3431.1759,5979.0337,2047.402,0.0857589096,0.49,0.55,5310,0.095,5.526694e-4,55405,0.5729470613,0.233,0.7842939844,MN,yes
27119,Minnesota,7118,72,0.1752,4015.2522,9540.4674,3324.2312,0.0527115661,0.47,0.52,5003,0.091,5.074693e-4,60582,0.4847468354,0.208,0.8146058487,MN,yes
27121,Minnesota,3279,73,0.1035,3394.0379,6553.9295,2220.5962,0.0518420737,0.53,0.21,6535,0.06,0.0012616022,59442,1,0.226,0.7633005421,MN,yes
27123,Minnesota,97081,70,0.2532,3859.5558,13245.3341,7054.1869,0.0615432137,0.39,0.53,6093,0.082,0.0010886752,68652,0.0018716578,0.304,0.8624302177,MN,yes
27125,Minnesota,967,72,0.1387,3950.2618,7986.911,3081.1518,0.0562480026,0.61,0.33,4149,0.135,2.500625e-4,58384,1,0.313,0.7735170761,MN,yes
27127,Minnesota,3708,73,0.1249,3505.6125,6419.7169,3322.5964,0.0726106045,0.45,0.47,4071,0.138,3.934684e-4,60097,0.691263466,0.195,0.7203322153,MN,yes
27129,Minnesota,3744,73,0.1397,3544.7977,7314.0655,3141.1368,0.0674463595,0.48,0.33,5448,0.123,2.737476e-4,59110,1,0.242,0.7071487264,MN,yes
27131,Minnesota,12629,71,0.1955,3442.1806,10836.7291,6711.4537,0.0601082923,0.51,0.58,4971,0.069,9.320085e-4,72438,0.2593464501,0.321,0.8429906542,MN,yes
27133,Minnesota,2282,73,0.1295,3175.6312,7028.5401,1895.719,0.0490103676,0.57,0.59,4044,0.082,9.560229e-4,63451,0.5230721586,0.293,0.8027593255,MN,yes
27135,Minnesota,3474,72,0.1199,3147.181,7770.9199,2194.0653,0.0548011639,0.49,0.5,9799,0.116,5.940594e-4,62924,0.8232132574,0.168,0.6341137124,MN,yes
27137,Minnesota,50382,69,0.2431,3091.8655,9860.2918,2884.7141,0.0515354201,0.43,0.49,5925,0.087,0.0012865825,60228,0.3711456055,0.2,0.7939678581,MN,yes
27139,Minnesota,20881,72,0.1397,3828.0452,12188.3571,6857.8919,0.0379844135,0.46,0.53,5591,0.081,5.360257e-4,108718,0.1723954806,0.407,0.9113765436,MN,yes
27141,Minnesota,15353,70,0.1696,4012.7594,11705.0017,7649.3705,0.0364486205,0.44,0.49,7109,0.082,3.852722e-4,95323,0.4419258975,0.514,0.8916040489,MN,yes
27143,Minnesota,3326,71,0.1923,3646.999,9228.8911,3061.0376,0.0644603606,0.43,0.34,7373,0.101,1.330849e-4,66757,1,0.392,0.7564251368,MN,yes
27145,Minnesota,30285,71,0.1446,3981.0862,9741.3597,6127.0034,0.0531885247,0.49,0.46,6095,0.08,9.983925e-4,66449,0.3693325898,0.222,0.823029977,MN,yes
27147,Minnesota,8315,71,0.1861,3724.043,11005.5041,6750.0625,0.0478782011,0.48,0.53,5015,0.103,6.792924e-4,68603,0.3057195976,0.191,0.84699156,MN,yes
27149,Minnesota,1921,73,0.1313,2017.66,4269.3157,1709.713,0.0499652053,0.54,0.54,6708,0.092,8.202604e-4,59045,0.4732675303,0.066,0.8082229581,MN,yes
27151,Minnesota,2434,72,0.1465,3298.2327,5819.5876,3089.838,0.0690611566,0.44,0.28,6139,0.135,4.280364e-4,60127,0.673821936,0.249,0.7431386348,MN,yes
27153,Minnesota,6099,71,0.1814,3532.3505,5971.335,2142.9156,0.0817350874,0.43,0.18,11392,0.111,8.542836e-4,51746,0.7838923479,0.333,0.7183012527,MN,yes
27155,Minnesota,1050,73,0.187,3336.9565,6639.1304,2532.6087,0.0745901639,0.59,0.2,3198,0.135,3.022975e-4,57602,1,0.213,0.7643034826,MN,yes
27157,Minnesota,5859,72,0.155,3215.1351,7653.6937,4937.2973,0.0551789749,0.51,0.46,4444,0.101,7.854008e-4,63435,0.6454142831,0.396,0.815631929,MN,yes
27159,Minnesota,3889,71,0.2172,2545.3575,5009.6051,2108.8581,0.0633195954,0.38,0.22,8415,0.107,5.808466e-4,50663,0.669869248,0.274,0.7589128133,MN,yes
27161,Minnesota,4281,72,0.1729,3776.8116,9510.628,3961.3527,0.0500311397,0.51,0.54,4343,0.097,3.210101e-4,63907,0.5016199833,0.252,0.8268013468,MN,yes
27163,Minnesota,50639,71,0.1425,3882.2454,12316.2333,7582.2277,0.0322285287,0.43,0.55,5034,0.083,0.0010725267,100857,0.1446820304,0.402,0.9084622635,MN,yes
27165,Minnesota,2527,74,0.1165,3591.9619,7354.9046,2764.9864,0.0924486718,0.47,0.48,3367,0.122,2.73224e-4,57290,0.5910266702,0.265,0.6932714617,MN,yes
27167,Minnesota,1534,72,0.161,3927.7567,9840.3042,5496.8314,0.0434869739,0.49,0.54,7302,0.13,NA,69890,0.5013686131,0.239,0.7838892832,MN,yes
27169,Minnesota,10779,72,0.1678,3063.383,9031.5006,2907.2165,0.0511126026,0.49,0.59,4799,0.097,3.935071e-4,64219,0.345348905,0.22,0.8354078798,MN,yes
27171,Minnesota,22871,71,0.1382,4091.7266,11794.8441,6619.7842,0.0401418154,0.44,0.51,6687,0.083,4.400472e-4,91374,0.3250761828,0.491,0.867542805,MN,yes
27173,Minnesota,2413,73,0.15310000000000001,2994.0358,4853.8767,1773.3598,0.0555771473,0.5,0.38,4030,0.117,7.146503e-4,61074,0.8082008048,0.217,0.7939809151,MN,yes
28001,Mississippi,7707,71,0.2961,3869.6752,13038.1249,6347.2087,0.1652477625,0.45,0.44,5557,0.153,8.976661e-4,34583,0.3722636777,0.161,0.7316009611,MS,no
28003,Mississippi,9128,70,0.2752,4549.404,14797.0861,7641.457,0.1581824974,0.34,0.44,6492,0.171,3.791469e-4,43496,0.6635183636,0.246,0.7068059253,MS,no
28005,Mississippi,3386,71,0.2616,3572.715,10355.6956,4747.4111,0.1659154325,0.39,0.25,6571,0.178,1.622586e-4,41575,1,0.522,0.6050210809,MS,no
28007,Mississippi,4446,72,0.2766,5046.2296,12779.4619,6708.2228,0.1453166633,0.39,0.5,3698,0.167,4.900626e-4,36905,0.6430689021,0.355,0.6823224319,MS,no
28009,Mississippi,2085,70,0.3065,4344.8006,11677.0915,7435.4965,0.1539735099,0.31,0.43,6660,0.195,1.209044e-4,37875,1,0.486,0.5919339473,MS,no
28011,Mississippi,7455,70,0.3594,4556.6161,11769.4143,6075.0542,0.1612692981,0.34,0.41,7728,0.145,5.106437e-4,30309,0.539551911,0.254,0.6082074147,MS,no
28013,Mississippi,3728,71,0.2904,4304.8148,11144.8148,5397.7778,0.1864186851,0.34,0.43,4487,0.192,1.385425e-4,38648,1,0.404,0.6430037633,MS,no
28015,Mississippi,2789,72,0.2155,3967.3968,10722.8732,5048.3953,0.1570499516,0.41,0.44,4139,0.165,2.01796e-4,44885,1,0.39,0.6229422524,MS,no
28017,Mississippi,4366,71,0.2699,4391.3202,11594.8213,6093.7272,0.1700372344,0.38,0.41,4348,0.177,5.241395e-4,37533,0.8529783809,0.374,0.6114885732,MS,no
28019,Mississippi,2342,71,0.2818,3963.3596,9041.7136,3904.1714,0.1359950094,0.37,0.35,6231,0.242,3.624064e-4,41146,1,0.418,0.6626394052,MS,no
28021,Mississippi,1940,69,0.3633,3535.0444,13668.3119,4885.4886,0.1484863047,0.38,0.35,13325,0.186,4.443457e-4,31221,1,0.278,0.6526822558,MS,no
28023,Mississippi,4323,72,0.2262,4178.8469,11990.4517,5297.466,0.1544589871,0.43,0.34,6973,0.147,3.204307e-4,42826,1,0.468,0.6301106301,MS,no
28025,Mississippi,4937,71,0.2452,4365.8537,11740.7755,4569.4184,0.1476618589,0.45,0.34,5529,0.17,4.642526e-4,33653,0.5554424736,0.244,0.7193489105,MS,no
28027,Mississippi,5223,70,0.3998,4090.9987,11970.1051,6841.3272,0.1430676052,0.3,0.38,7753,0.205,5.303164e-4,30242,0.3199877634,0.238,0.6172853564,MS,no
28029,Mississippi,6630,71,0.2341,4028.7493,11448.1328,5330.7647,0.1540387403,0.38,0.49,6135,0.195,3.153137e-4,42299,0.6557777853,0.458,0.4952198853,MS,no
28031,Mississippi,4481,71,0.2704,4697.4756,12002.443,7809.0391,0.1594333548,0.42,0.47,7284,0.128,4.243356e-4,42076,1,0.443,0.5160526705,MS,no
28033,Mississippi,31611,72,0.1114,4610.4488,15177.199,8882.4131,0.1209434498,0.36,0.53,5038,0.135,3.24174e-4,67450,0.2042889391,0.397,0.863571315,MS,no
28035,Mississippi,14398,71,0.2163,4754.6812,14939.7773,8881.0729,0.1535428636,0.45,0.54,5390,0.11,7.729623e-4,40224,0.296354125,0.212,0.7511571602,MS,no
28037,Mississippi,2087,72,0.2713,3846.4541,9066.363,4238.1262,0.1409656063,0.28,0.26,3762,0.149,2.568053e-4,41420,1,0.423,0.6987704918,MS,no
28039,Mississippi,5227,71,0.1717,4253.5354,10064.3098,4248.4848,0.1510491592,0.33,0.26,5719,0.17,3.71134e-4,51858,0.8832491806,0.492,0.6451527924,MS,no
28041,Mississippi,2542,71,0.2697,4468.0851,10609.5119,6153.9424,0.1485726882,0.29,0.32,8447,0.14,NA,48641,1,0.352,0.6466242038,MS,no
28043,Mississippi,5751,70,0.2921,4490.0398,12432.2709,6165.8367,0.1407455391,0.36,0.37,3212,0.151,4.274519e-4,40561,0.5215466082,0.192,0.6691693481,MS,no
28045,Mississippi,11717,72,0.1506,4326.2952,13882.1859,3799.5032,0.1564442329,0.41,0.42,5187,0.122,3.380234e-4,50401,0.4255958478,0.445,0.7703134358,MS,no
28047,Mississippi,43467,72,0.1562,4079.2282,14209.8933,3313.1773,0.1585280004,0.35,0.38,6302,0.106,5.903702e-4,49619,0.2284492665,0.269,0.7976031957,MS,no
28049,Mississippi,45297,71,0.2199,4148.7452,12990.2913,5189.8699,0.1311050274,0.43,0.42,5433,0.134,8.14054e-4,44773,0.1527651507,0.306,0.7817765289,MS,no
28051,Mississippi,4224,70,0.4407,3552.8979,11690.8924,5333.0267,0.1481804315,0.32,0.29,4478,0.205,5.107252e-4,26348,0.8684758829,0.426,0.4259857789,MS,no
28053,Mississippi,2015,69,0.4702,4217.3554,8917.3554,4878.5124,0.1526843128,0.32,0.15,5291,0.158,3.633281e-4,28464,0.4984533333,0.274,0.6089139987,MS,no
28055,Mississippi,255,71,0.2531,2783.9506,9419.7531,5253.0864,0.1797468354,0.19,0.28,9998,0.12,0,30944,1,0.203,0.4099378882,MS,no
28057,Mississippi,5656,71,0.2238,4656.5679,12252.5435,6895.546,0.1581533477,0.36,0.53,3960,0.181,1.700897e-4,49214,0.8625272424,0.408,0.7173234716,MS,no
28059,Mississippi,30480,72,0.1272,4143.2797,13108.7317,3604.1765,0.1436623487,0.37,0.41,5721,0.143,4.606462e-4,53414,0.2726036028,0.348,0.7862770158,MS,no
28061,Mississippi,4349,71,0.2612,4535.9934,12663.513,6651.9951,0.1456717344,0.33,0.44,6254,0.209,1.82615e-4,40923,1,0.507,0.4518026852,MS,no
28063,Mississippi,1864,69,0.4224,3520.6612,12640.0367,6004.5914,0.1682429975,0.4,0.28,6798,0.167,5.629046e-4,30871,1,0.373,0.6821895425,MS,no
28065,Mississippi,3162,70,0.3027,4393.0108,13272.043,7832.7957,0.1980557508,0.42,0.47,6821,0.131,1.78031e-4,32077,1,0.569,0.514746446,MS,no
28067,Mississippi,15336,72,0.2162,4874.6678,14685.2303,8500,0.1577344812,0.4,0.51,6889,0.178,4.528126e-4,41733,0.6143651953,0.229,0.5642851396,MS,no
28069,Mississippi,2281,72,0.2937,3946.4684,10211.8959,5161.3383,0.1865452409,0.46,0.31,6464,0.189,9.97307e-5,33472,1,0.569,0.5181390197,MS,no
28071,Mississippi,9258,72,0.181,5404.6753,13148.2363,6698.0683,0.1415466515,0.46,0.56,3598,0.123,6.205172e-4,54034,0.4558087474,0.184,0.8307782704,MS,no
28073,Mississippi,10588,72,0.1427,4757.4679,13812.1034,9416.3442,0.1272720487,0.46,0.52,5268,0.13,0.0012810864,62606,0.5035574401,0.301,0.8324742268,MS,no
28075,Mississippi,16084,72,0.2087,4139.0126,12301.7425,5661.181,0.1289674773,0.52,0.39,6516,0.121,9.559595e-4,41604,0.4825506784,0.181,0.7091404358,MS,no
28077,Mississippi,3171,71,0.2474,4614.9098,11819.0883,5958.6895,0.1452898907,0.38,0.44,8485,0.14,2.408671e-4,43668,1,0.543,0.472056094,MS,no
28079,Mississippi,4698,72,0.275,4369.6613,12788.2916,5794.919,0.1893607201,0.35,0.36,5701,0.219,2.196547e-4,41007,0.8118882588,0.42,0.6071560765,MS,no
28081,Mississippi,18343,72,0.2,4667.6093,13362.8095,6739.147,0.1394870369,0.42,0.56,4279,0.13,0.001009366,50803,0.4536485346,0.214,0.7491822175,MS,no
28083,Mississippi,6186,70,0.3851,3124.5972,11273.899,5451.6649,0.1387596899,0.42,0.4,6574,0.164,7.953249e-4,29687,0.1768109664,0.078,0.4350532022,MS,no
28085,Mississippi,7939,71,0.2483,4166.0051,12033.9228,5774.8105,0.1502523896,0.36,0.48,4767,0.154,4.385324e-4,45062,0.6950012905,0.328,0.6215450035,MS,no
28087,Mississippi,12670,71,0.2911,4104.8136,12145.312,6092.5535,0.1428186193,0.44,0.37,3430,0.169,4.7514e-4,49251,0.425985714,0.173,0.7717061865,MS,no
28089,Mississippi,20764,73,0.121,4196.1352,12412.9244,5822.3283,0.0971898379,0.48,0.51,4615,0.09,0.001325381,70824,0.2798126109,0.271,0.8501829191,MS,no
28091,Mississippi,6036,72,0.2649,4936.4419,14105.4351,9057.9151,0.1707329601,0.37,0.42,7583,0.143,3.641513e-4,38402,0.7307294743,0.41,0.5564694717,MS,no
28093,Mississippi,8455,71,0.2534,4549.1119,13304.7293,7662.9574,0.1401110949,0.32,0.42,6046,0.187,1.128318e-4,43107,0.834158949,0.497,0.6535389915,MS,no
28095,Mississippi,9167,72,0.2304,4291.9159,10947.2312,5868.8449,0.1546275792,0.38,0.46,5631,0.174,4.780115e-4,42464,0.6963421558,0.316,0.7005584992,MS,no
28097,Mississippi,2881,72,0.2889,4159.0909,9632.8283,3984.8485,0.1395348837,0.43,0.4,5076,0.156,5.986232e-4,38475,0.5983524027,0.406,0.669090108,MS,no
28099,Mississippi,6157,71,0.2536,4362.4759,9760.8382,4594.4123,0.1738146197,0.39,0.23,8043,0.164,5.83691e-4,41795,0.7385429303,0.347,0.6605986675,MS,no
28101,Mississippi,4937,72,0.2346,3992.514,10721.4598,5253.8989,0.1636226152,0.45,0.32,6649,0.142,1.865411e-4,42962,0.870626151,0.444,0.6455144955,MS,no
28103,Mississippi,2611,70,0.4376,3856.7447,9272.5753,3270.903,0.1804502508,0.44,0.4,6656,0.126,NA,32916,0.7403204851,0.424,0.568489714,MS,no
28105,Mississippi,7633,71,0.2261,3887.3317,11190.485,5986.7232,0.1528132339,0.37,0.51,2875,0.095,4.032339e-4,41631,0.364246607,0.178,0.7641869873,MS,no
28107,Mississippi,7915,70,0.2664,4768.5986,12998.7024,7209.7751,0.150406361,0.35,0.51,6315,0.168,2.048101e-4,40655,0.7894084767,0.358,0.5984945548,MS,no
28109,Mississippi,13750,71,0.1922,4661.4086,12757.299,5211.5677,0.1505835598,0.38,0.48,5603,0.163,2.708217e-4,45874,0.6992513522,0.476,0.7596574691,MS,no
28111,Mississippi,3001,70,0.2843,4714.5329,13994.8097,8814.8789,0.1688512746,0.34,0.45,5779,0.14,1.676305e-4,43106,1,0.52,0.6915422886,MS,no
28113,Mississippi,9392,71,0.2885,4189.5683,12932.554,5555.036,0.1612354239,0.37,0.36,5827,0.152,4.296944e-4,35044,0.5943965944,0.266,0.564773674,MS,no
28115,Mississippi,6959,71,0.2326,4406.9814,10860.1745,5591.6303,0.1549274823,0.42,0.36,5099,0.164,1.884836e-4,48910,0.8395366692,0.368,0.63943244,MS,no
28117,Mississippi,6020,70,0.2771,4741.6021,13670.112,7878.553,0.1617216672,0.4,0.54,5603,0.174,3.950227e-4,43465,0.7606425067,0.313,0.7159103335,MS,no
28119,Mississippi,1715,70,0.4151,4287.6858,10908.7049,5909.7665,0.1659904745,0.25,0.39,9582,0.17,1.418239e-4,29318,0.5699866229,0.504,0.5860588041,MS,no
28121,Mississippi,29936,72,0.1329,4361.3583,12610.5107,5809.9174,0.1062571447,0.44,0.49,5180,0.114,6.107783e-4,67284,0.339069462,0.385,0.8329785902,MS,no
28123,Mississippi,5844,71,0.3035,3706.3909,10195.122,4225.3782,0.1988922244,0.36,0.34,6451,0.243,1.414077e-4,41532,0.721695443,0.38,0.6015717092,MS,no
28125,Mississippi,1150,71,0.3713,3134.6154,11673.0769,5338.7574,0.168872267,0.31,0.35,5541,0.144,2.28467e-4,31138,1,0.363,0.6025128498,MS,no
28127,Mississippi,6437,69,0.2797,4232.8732,11827.7096,4387.0143,0.1665277006,0.38,0.44,6783,0.181,4.11092e-4,47664,0.8483801767,0.54,0.5948766603,MS,no
28129,Mississippi,3570,72,0.2245,4366.6962,13352.5244,6318.8663,0.1627834246,0.34,0.49,6388,0.146,6.24922e-5,46296,1,0.525,0.5080756014,MS,no
28131,Mississippi,4082,71,0.1965,4291.1738,12267.9709,5609.1902,0.1559666043,0.35,0.38,5883,0.143,2.671368e-4,47187,0.7881479816,0.502,0.6913482791,MS,no
28133,Mississippi,5399,69,0.4107,3506.7064,10332.9359,4108.7928,0.1515319716,0.33,0.19,6501,0.246,3.108607e-4,32948,0.45762309,0.202,0.5915645278,MS,no
28135,Mississippi,2927,70,0.408,4036.3636,9496.7914,4537.9679,0.1475130472,0.26,0.28,6362,0.15,2.144849e-4,31915,0.8094680713,0.417,0.5362783246,MS,no
28137,Mississippi,6301,72,0.1914,4422.1,14717.989,8625.8183,0.1600441501,0.29,0.51,5090,0.134,2.086303e-4,50188,0.7739043135,0.564,0.7011817125,MS,no
28139,Mississippi,5489,70,0.291,4227.4688,12148.3701,6553.2119,0.1638223359,0.32,0.45,5918,0.232,1.363946e-4,44696,0.8384310903,0.331,0.6482001532,MS,no
28141,Mississippi,5461,71,0.2608,4622.7624,12727.9558,6560,0.1619253155,0.39,0.49,6580,0.208,3.084199e-4,43341,1,0.304,0.6609037328,MS,no
28143,Mississippi,1956,69,0.3973,3559.1518,10791.2946,6479.9107,0.1218363743,0.26,0.32,7551,0.146,NA,33993,0.6602338096,0.344,0.7078880407,MS,no
28145,Mississippi,6515,71,0.2212,4311.6375,12425.9526,6688.9804,0.1553985446,0.39,0.41,4640,0.104,4.894078e-4,49320,0.7555834009,0.338,0.660685155,MS,no
28147,Mississippi,3578,72,0.2818,4398.3479,11653.5108,6041.3034,0.1756309835,0.39,0.32,5977,0.215,4.147943e-4,35465,1,0.395,0.5084806285,MS,no
28149,Mississippi,10405,71,0.1883,4744.8573,13067.4534,6052.1448,0.1287462176,0.41,0.43,6253,0.175,5.630631e-4,46606,0.4089352716,0.21,0.7459829997,MS,no
28151,Mississippi,10966,70,0.3598,3901.0989,12815.5954,5914.0449,0.1511255763,0.39,0.39,6380,0.177,4.438231e-4,31018,0.1752351526,0.163,0.6243050923,MS,no
28153,Mississippi,4604,71,0.2299,4470.339,12479.8729,5521.1864,0.1661464586,0.3,0.4,7870,0.234,3.448616e-4,39036,0.7964042994,0.421,0.6101783158,MS,no
28155,Mississippi,2716,71,0.2707,4135.3346,9049.2126,4102.3622,0.1429821272,0.38,0.33,7568,0.121,3.064978e-4,46110,1,0.501,0.684029614,MS,no
28157,Mississippi,2066,70,0.4062,3013.1783,9661.2403,3600.7752,0.1678855843,0.36,0.18,7727,0.119,3.412193e-4,32612,1,0.403,0.5252365931,MS,no
28159,Mississippi,4740,72,0.267,4001.8692,8049.2212,3523.9875,0.1612834225,0.43,0.27,3793,0.185,3.303055e-4,37596,0.7591415772,0.355,0.634612739,MS,no
28161,Mississippi,3727,70,0.2738,4980.2761,11246.1538,5362.5247,0.1366561128,0.34,0.29,9570,0.211,8.06972e-5,40515,0.793185045,0.357,0.5576143602,MS,no
28163,Mississippi,5233,71,0.3106,4202.0559,12060.7131,5181.4969,0.1447166517,0.33,0.39,5500,0.112,2.478052e-4,34817,0.4460716195,0.418,0.6674081011,MS,no
29001,Missouri,5013,72,0.1793,3473.2094,9970.4757,4547.567,0.1285213139,0.42,0.53,2163,0.08,9.076917e-4,43044,0.3785293084,0.157,0.7472456254,MO,midyear2021
29003,Missouri,4031,73,0.08,3964.7059,11334.7899,3436.3025,0.0938613032,0.41,0.5,4383,0.087,1.135912e-4,62823,0.6128043491,0.264,0.7588348366,MO,midyear2021
29005,Missouri,1522,73,0.1433,3113.2225,5523.3571,1762.4703,0.1240856844,0.4,0.48,6705,0.157,3.867724e-4,50516,1,0.22,0.74980484,MO,midyear2021
29007,Missouri,5913,73,0.1097,3567.7707,8779.8497,3684.6646,0.1264252534,0.48,0.32,4098,0.123,5.103443e-4,45609,0.4119628658,0.297,0.7379926771,MO,midyear2021
29009,Missouri,9106,72,0.1332,3327.2727,7009.475,4650.7042,0.1831614262,0.41,0.36,3758,0.134,6.409185e-4,47155,0.7326460095,0.289,0.668156834,MO,midyear2021
29011,Missouri,2989,72,0.1371,3228.3419,8298.9099,3882.9604,0.1454800734,0.38,0.41,3168,0.128,3.390405e-4,46397,0.6395742622,0.341,0.6835546476,MO,midyear2021
29013,Missouri,3992,73,0.143,3870.517,9150.9082,3251.9795,0.1325394371,0.38,0.32,7175,0.149,1.838235e-4,48442,0.7727139422,0.489,0.6958912479,MO,midyear2021
29015,Missouri,7427,72,0.1354,3497.8997,8404.7443,3177.6625,0.1645087586,0.43,0.39,4792,0.148,2.59363e-4,42144,0.8653967254,0.386,0.7127794715,MO,midyear2021
29017,Missouri,2889,71,0.1854,3705.5616,9409.4875,4513.0862,0.1588216794,0.42,0.4,4930,0.141,8.2176e-5,45868,1,0.518,0.711299804,MO,midyear2021
29019,Missouri,30078,71,0.1513,3629.6471,10683.9619,3650.7658,0.1063130016,0.5,0.53,3359,0.072,0.0011555235,58029,0.1878604542,0.168,0.8344496524,MO,midyear2021
29021,Missouri,18717,72,0.132,4200.7499,12567.2834,3659.3854,0.1215991589,0.43,0.56,5241,0.137,6.096804e-4,49216,0.133720474,0.126,0.7614698069,MO,midyear2021
29023,Missouri,11639,70,0.2382,4750.1639,8347.1475,5007.082,0.1303859566,0.42,0.24,6426,0.148,0.0010084664,41327,0.5218254896,0.152,0.7251372788,MO,midyear2021
29025,Missouri,2210,73,0.106,3790.215,8710.1557,3639.7331,0.1238776655,0.36,0.45,6987,0.131,1.097936e-4,52872,1,0.495,0.7232756252,MO,midyear2021
29027,Missouri,9839,71,0.1395,3657.384,9562.2363,3554.2194,0.119042731,0.44,0.53,3177,0.154,4.009891e-4,58720,0.620274294,0.298,0.7506417079,MO,midyear2021
29029,Missouri,14165,72,0.0789,4256.4939,7826.2656,2919.8985,0.1553371133,0.45,0.38,3870,0.117,7.857689e-4,51460,0.7422844416,0.279,0.7808620797,MO,midyear2021
29031,Missouri,17309,73,0.1253,4201.7826,10812.9918,4488.8389,0.1139792532,0.49,0.5,3374,0.123,8.88855e-4,57618,0.30503211139999997,0.174,0.8361492194,MO,midyear2021
29033,Missouri,2434,73,0.1098,3366.2577,8073.0061,2148.4663,0.1278228782,0.45,0.45,4928,0.223,3.431316e-4,50628,0.6454007531,0.329,0.7036825578,MO,midyear2021
29035,Missouri,1566,71,0.233,4183.613,7579.4669,5300.0987,0.1566820276,0.35,0.31,4998,0.071,1.6518e-4,36383,1,0.316,0.6588084012,MO,midyear2021
29037,Missouri,22947,72,0.0836,4158.4032,12756.826,5190.0444,0.1018499368,0.46,0.49,5396,0.099,2.286716e-4,73882,0.3240213917,0.493,0.8417651496,MO,midyear2021
29039,Missouri,4212,72,0.1629,3164.4535,6865.6793,2715.526,0.1523023539,0.33,0.3,2684,0.081,2.823862e-4,38427,0.7529681018,0.303,0.7437521397,MO,midyear2021
29041,Missouri,2140,73,0.108,3627.7001,8268.1067,3726.8107,0.1267934003,0.34,0.36,3848,0.137,1.342102e-4,50589,1,0.284,0.7285927029,MO,midyear2021
29043,Missouri,18449,72,0.0929,4258.5748,10301.2497,6003.3236,0.1113272687,0.47,0.54,3723,0.136,4.253705e-4,63400,0.447960528,0.413,0.8267656818,MO,midyear2021
29045,Missouri,1619,73,0.1294,4260.3175,8720.6349,4563.4921,0.1461638977,0.36,0.5,7184,0.131,2.923122e-4,46001,1,0.359,0.6879939782,MO,midyear2021
29047,Missouri,45336,72,0.0908,4482.7767,13469.1817,5715.16,0.0895042832,0.46,0.56,4652,0.107,6.65679e-4,70705,0.0981576019,0.324,0.8826256604,MO,midyear2021
29049,Missouri,4864,73,0.0929,4075.0961,10930.8418,4446.7342,0.0963300006,0.42,0.47,5434,0.133,5.373718e-4,64541,0.7620884154,0.577,0.7938119115,MO,midyear2021
29051,Missouri,16386,72,0.1107,4483.631,11693.4524,5282.3661,0.0985549084,0.58,0.61,3974,0.109,6.640971e-4,61847,0.2907487827,0.158,0.7126086091,MO,midyear2021
29053,Missouri,4029,73,0.1391,3767.6768,10085.3994,4172.1763,0.1139386484,0.43,0.45,3736,0.074,3.976595e-4,56957,0.5320152264,0.423,0.7506643739,MO,midyear2021
29055,Missouri,6217,70,0.227,3865.4491,9313.8278,4084.2341,0.1464432935,0.41,0.29,3827,0.167,NA,48315,0.7330741821,0.367,0.7013990395,MO,midyear2021
29057,Missouri,2290,72,0.149,3036.7261,7575.0262,5014.6905,0.1526556454,0.38,0.44,2083,0.125,7.927071e-4,42421,1,0.392,0.7164276402,MO,midyear2021
29059,Missouri,4724,70,0.1867,3665.861,8641.0876,4371.6012,0.1685418884,0.38,0.26,5658,0.062,5.96588e-5,42389,0.8193359957,0.491,0.6716057336,MO,midyear2021
29061,Missouri,1975,73,0.1111,3824.0119,8524.2356,3020.1342,0.1729452055,0.34,0.38,5212,0.083,1.202935e-4,48197,1,0.372,0.744645799,MO,midyear2021
29063,Missouri,2320,73,0.1264,3929.078,10280.4642,3162.4758,0.1123223403,0.37,0.42,5226,0.093,2.375297e-4,53997,0.6240304065,0.359,0.7134226425,MO,midyear2021
29065,Missouri,4310,71,0.1911,3685.4088,7258.02,3053.4667,0.1613580973,0.39,0.28,6400,0.104,2.590506e-4,45540,0.685699687,0.362,0.6750902527,MO,midyear2021
29067,Missouri,2798,72,0.2223,3244.0538,7528.4385,5922.4405,0.1582291246,0.33,0.38,5425,0.12,1.495551e-4,39773,0.7912160187,0.409,0.6225423399,MO,midyear2021
29069,Missouri,7400,70,0.2861,4350.9496,11562.3452,5339.3889,0.1534450812,0.32,0.36,6570,0.179,3.738572e-4,38880,0.504553563,0.285,0.7394263491,MO,midyear2021
29071,Missouri,24895,71,0.1701,3936.0055,12073.3932,5714.5819,0.1096699357,0.46,0.51,3975,0.117,6.462815e-4,61428,0.5559847082,0.43,0.803751557,MO,midyear2021
29073,Missouri,4157,73,0.1244,3812.8477,8785.0278,4485.5842,0.1295869527,0.47,0.44,5042,0.106,4.080245e-4,53751,0.8086979372,0.403,0.7786372614,MO,midyear2021
29075,Missouri,1578,73,0.164,3920.418,8292.6045,2304.6624,0.1408960915,0.41,0.44,6321,0.159,3.017502e-4,53663,1,0.353,0.7452054795,MO,midyear2021
29077,Missouri,63241,71,0.1438,4079.0558,10880.5846,6026.3387,0.1242866608,0.47,0.55,4280,0.115,9.625826e-4,45313,0.1399768874,0.18,0.7650977229,MO,midyear2021
29079,Missouri,2603,74,0.1521,4021.1614,8330.7087,3166.3386,0.1413404114,0.46,0.48,3026,0.135,2.017349e-4,44323,0.4546340513,0.177,0.7334857724,MO,midyear2021
29081,Missouri,2290,73,0.1695,4400,6660.9195,2667.8161,0.1404739632,0.43,0.38,3623,0.174,3.565486e-4,43016,0.7039187228,0.271,0.7661125693,MO,midyear2021
29083,Missouri,6480,72,0.1327,3628.1393,7980.3082,2477.1689,0.1276380715,0.41,0.37,4889,0.196,7.801028e-4,46995,0.495465158,0.321,0.7870926244,MO,midyear2021
29085,Missouri,2906,72,0.1361,3075.6803,6689.6259,3681.1224,0.1770700637,0.41,0.26,2950,0.128,1.051635e-4,32934,1,0.436,0.6353118712,MO,midyear2021
29087,Missouri,1260,74,0.122,3625.6517,8396.2461,3145.9854,0.1264543784,0.45,0.4,4640,0.12,2.270663e-4,47429,1,0.361,0.7057368942,MO,midyear2021
29089,Missouri,2323,73,0.1006,3503.5629,8851.9398,3355.5028,0.1306312292,0.36,0.45,2867,0.075,4.932426e-4,49923,0.6405757098,0.442,0.7640449438,MO,midyear2021
29091,Missouri,11260,71,0.2087,3464.6883,7652.1883,4234.0849,0.1395194015,0.33,0.37,3944,0.181,9.481984e-4,40177,0.7217326733,0.174,0.7221312508,MO,midyear2021
29093,Missouri,3073,70,0.2277,3851.0301,9061.8067,4395.6683,0.128403665,0.34,0.36,3699,0.104,9.82608e-5,39292,0.7485418627,0.46,0.6408934708,MO,midyear2021
29095,Missouri,133364,71,0.1567,4188.9198,13769.9089,4817.0977,0.1248631466,0.45,0.51,4936,0.109,8.282082e-4,57907,0.0383693437,0.337,0.8140690367,MO,midyear2021
29097,Missouri,25047,72,0.1537,4109.5379,11767.5268,5400.3197,0.151202853,0.47,0.52,4643,0.105,6.204514e-4,46021,0.2369169705,0.146,0.7770493236,MO,midyear2021
29099,Missouri,47909,70,0.1409,3900.0671,13383.2591,5677.1399,0.1098874475,0.43,0.53,5223,0.119,2.317838e-4,68779,0.3019617525,0.545,0.8536544929,MO,midyear2021
29101,Missouri,8953,72,0.102,3626.7795,9594.6518,3211.6199,0.1038838958,0.39,0.44,4006,0.095,3.914113e-4,58396,0.5044395855,0.279,0.8612565445,MO,midyear2021
29103,Missouri,964,75,0.1547,3964,8786.6667,4229.3333,0.1754503002,0.46,0.41,4519,0.147,2.53357e-4,41755,1,0.295,0.632885906,MO,midyear2021
29105,Missouri,8847,70,0.1668,3815.747,8698.2898,4710.2291,0.1357232093,0.38,0.31,4862,0.123,5.600202e-4,43969,0.6051277726,0.243,0.7289540816,MO,midyear2021
29107,Missouri,7806,73,0.11,4180.6079,10613.6649,4695.0515,0.1105097497,0.43,0.42,4972,0.114,2.760906e-4,62264,0.5694856355,0.442,0.7459770115,MO,midyear2021
29109,Missouri,8831,72,0.1359,3514.7894,8048.7003,4749.029,0.1569814497,0.41,0.39,4912,0.156,5.474595e-4,45746,0.5868664907,0.346,0.7708798269,MO,midyear2021
29111,Missouri,2398,73,0.1407,4138.9693,8514.7655,5482.3393,0.1115436242,0.4,0.3,5793,0.135,2.029427e-4,40782,1,0.437,0.7577292111,MO,midyear2021
29113,Missouri,11494,70,0.1416,4010.8389,12198.786,5287.2317,0.1156857996,0.36,0.43,5592,0.159,1.040114e-4,69178,0.7482973785,0.568,0.8074250752,MO,midyear2021
29115,Missouri,3245,73,0.1486,3603.4628,8050.2534,3345.0169,0.1406516184,0.35,0.4,4274,0.137,3.323087e-4,45774,0.6645247238,0.247,0.7007442225,MO,midyear2021
29117,Missouri,3652,73,0.1624,3645.1122,7895.0171,3324.8383,0.1233387513,0.38,0.51,4380,0.152,7.922884e-4,49065,0.366041461,0.18,0.6770921386,MO,midyear2021
29119,Missouri,4649,71,0.1643,3367.4395,7789.3145,3912.2984,0.2031510851,0.35,0.34,4463,0.094,1.299939e-4,39615,0.9999133561,0.398,0.5446179925,MO,midyear2021
29121,Missouri,4087,73,0.1257,3162.8524,8382.7529,3391.7081,0.1370953782,0.44,0.43,4272,0.11,3.299677e-4,45717,0.677887704,0.274,0.6643284859,MO,midyear2021
29123,Missouri,3334,71,0.1988,3778.3976,8347.3631,4332.1501,0.1324229257,0.38,0.35,5645,0.174,2.461437e-4,43919,0.6550793391,0.318,0.6867565424,MO,midyear2021
29125,Missouri,2077,73,0.1278,4058.5326,10064.3034,4417.1476,0.1543100912,0.41,0.43,6297,0.131,NA,49712,1,0.578,0.6467304625,MO,midyear2021
29127,Missouri,7022,71,0.2054,5050.4669,10229.2867,6066.5607,0.0964171408,0.5,0.22,8075,0.15,9.093453e-4,50803,0.247663389,0.205,0.7896238651,MO,midyear2021
29129,Missouri,842,73,0.1479,3673.6334,6051.4469,2564.3087,0.1704099822,0.39,0.31,4383,0.108,2.746498e-4,44343,1,0.338,0.6530291109,MO,midyear2021
29131,Missouri,5936,72,0.1432,4185.458,8660.1537,3735.7463,0.137442402,0.45,0.46,4002,0.068,2.762867e-4,49252,0.7978018426,0.435,0.7292058154,MO,midyear2021
29133,Missouri,3060,71,0.261,4462.2051,8860.857,4749.1574,0.1467385326,0.36,0.49,6472,0.171,1.4997e-4,36802,0.3269954033,0.211,0.6838440111,MO,midyear2021
29135,Missouri,3185,73,0.1081,3931.3953,9448.8372,4547.093,0.1516163179,0.47,0.53,4003,0.087,1.240618e-4,57321,0.5270071122,0.429,0.6778881531,MO,midyear2021
29137,Missouri,2269,73,0.1227,4377.0174,9839.2511,4463.5249,0.1286692015,0.48,0.38,4907,0.166,3.462604e-4,48399,1,0.4,0.7061048082,MO,midyear2021
29139,Missouri,3088,72,0.1367,3317.1857,8110.7266,3745.098,0.1372239748,0.47,0.36,2609,0.073,1.734004e-4,50282,0.7851422033,0.439,0.6788990826,MO,midyear2021
29141,Missouri,6027,73,0.134,3846.1993,8476.4862,3540.0769,0.1911919139,0.43,0.41,3812,0.056,1.96483e-4,44473,1,0.294,0.6541908276,MO,midyear2021
29143,Missouri,4323,70,0.2719,3984.5451,9822.2691,4180.1897,0.1358169551,0.38,0.39,6983,0.178,5.78168e-5,42115,0.5686326229,0.272,0.72337539,MO,midyear2021
29145,Missouri,13597,72,0.1255,3761.5552,9872.7569,4269.7118,0.1597063656,0.41,0.42,4213,0.108,6.204514e-4,53251,0.6443714079,0.252,0.7497522746,MO,midyear2021
29147,Missouri,4296,74,0.1113,4089.4192,7281.7711,2381.5411,0.1160685626,0.43,0.37,2914,0.086,4.931851e-4,47419,0.4343175011,0.162,0.7916617034,MO,midyear2021
29149,Missouri,2696,71,0.2605,3369.1275,7456.986,3106.1623,0.1518364256,0.3,0.29,4565,0.124,NA,35356,0.8053487731,0.257,0.5944928218,MO,midyear2021
29151,Missouri,2937,73,0.0991,4273.5257,10937.8921,5638.0176,0.1055294543,0.57,0.61,4011,0.141,2.187546e-4,60728,1,0.406,0.6607421875,MO,midyear2021
29153,Missouri,3114,72,0.1373,3066.9427,7937.8882,4122.1532,0.1751269036,0.35,0.37,4541,0.092,2.218033e-4,36019,1,0.547,0.6760990399,MO,midyear2021
29155,Missouri,3825,69,0.3014,4051.0915,12846.261,4669.7631,0.1284389725,0.28,0.3,6859,0.18,3.072763e-4,34280,0.4926759948,0.227,0.7255572065,MO,midyear2021
29157,Missouri,4627,72,0.1348,2398.8714,7294.0303,2705.0787,0.1085475578,0.44,0.4,6172,0.093,4.699739e-4,57032,0.5562173844,0.279,0.7969904963,MO,midyear2021
29159,Missouri,9211,72,0.1684,4035.4449,12104.638,4034.8793,0.1738199288,0.41,0.49,5887,0.144,5.17136e-4,48516,0.3777872562,0.188,0.768103287,MO,midyear2021
29161,Missouri,9466,71,0.1737,3836.7783,10310.9408,3820.7413,0.1514250238,0.4,0.41,4346,0.078,8.495037e-4,46573,0.4622420055,0.197,0.8065736055,MO,midyear2021
29163,Missouri,4106,72,0.1329,4066.474,7733.6912,3643.27,0.1265900383,0.38,0.32,5185,0.141,3.242542e-4,49089,0.5437999568,0.311,0.7547427531,MO,midyear2021
29165,Missouri,18858,73,0.0695,4382.1974,13249.6757,5397.0662,0.0749298208,0.5,0.57,4168,0.116,7.962325e-4,84456,0.1580797564,0.345,0.9002162575,MO,midyear2021
29167,Missouri,7666,71,0.1772,3242.4942,7756.516,3071.9235,0.1381319076,0.42,0.28,3742,0.104,7.453185e-4,44837,0.6886983332,0.39,0.7825307377,MO,midyear2021
29169,Missouri,7015,70,0.1515,3523.4857,7993.1987,4375.3454,0.1076275278,0.32,0.21,3960,0.083,3.652863e-4,55620,0.4403144967,0.23,0.8194536096,MO,midyear2021
29171,Missouri,1358,73,0.1481,3449.3177,6833.3333,3046.7836,0.1391083521,0.39,0.46,5858,0.113,4.20433e-4,42434,1,0.395,0.6502293578,MO,midyear2021
29173,Missouri,2797,72,0.1186,5058.2474,10040.7216,5634.5361,0.1175879397,0.53,0.32,5528,0.062,1.95848e-4,63419,0.9610504574,0.281,0.7705649158,MO,midyear2021
29175,Missouri,5635,72,0.168,4474.9023,10916.7418,4181.2444,0.1223150358,0.38,0.44,4796,0.119,3.634455e-4,48043,0.4517588731,0.279,0.7653605379,MO,midyear2021
29177,Missouri,5370,73,0.1064,3989.3617,10019.4424,4953.0448,0.1250473869,0.38,0.47,6314,0.133,3.496045e-4,61678,0.752192049,0.497,0.7724402346,MO,midyear2021
29179,Missouri,1671,71,0.2154,3689.3788,7252.505,4732.4649,0.1504802561,0.35,0.3,5090,0.121,4.79693e-4,37415,1,0.356,0.7330508475,MO,midyear2021
29181,Missouri,3525,71,0.2683,4525.2613,7843.6411,5682.4913,0.1601872194,0.34,0.27,7384,0.187,2.984852e-4,35788,1,0.372,0.6750345918,MO,midyear2021
29183,Missouri,78036,72,0.088,4211.7169,13780.9518,5235.5603,0.0636403302,0.47,0.57,3808,0.097,4.534273e-4,89236,0.0583047838,0.387,0.8957860207,MO,midyear2021
29185,Missouri,2857,72,0.1368,3535.3602,7800.3966,2644.4151,0.1639934043,0.39,0.24,4130,0.118,3.193188e-4,39319,1,0.367,0.6745590722,MO,midyear2021
29186,Missouri,4624,72,0.1292,4459.6577,8700.489,2934.8003,0.1067396031,0.4,0.4,5093,0.081,3.913238e-4,61662,0.7614218793,0.348,0.7661845246,MO,midyear2021
29187,Missouri,15985,70,0.2387,4109.0095,11519.5371,5000.1244,0.1139917444,0.39,0.46,3696,0.112,6.747436e-4,43886,0.3976346027,0.263,0.7940798458,MO,midyear2021
29189,Missouri,219455,73,0.1226,4069.5596,14311.3624,5290.4319,0.0830432756,0.48,0.55,4600,0.105,0.0012297569,70161,0.0113799034,0.335,0.8674331993,MO,midyear2021
29195,Missouri,5175,72,0.1413,3872.0493,8878.8915,3769.0729,0.1283294359,0.48,0.52,4610,0.13,5.678096e-4,47324,0.4580658964,0.187,0.7797388781,MO,midyear2021
29197,Missouri,1050,73,0.1974,3405.1613,7028.3871,3520,0.1531680441,0.39,0.49,3163,0.1,6.523157e-4,43183,1,0.383,0.6169491525,MO,midyear2021
29199,Missouri,983,74,0.1405,4024.0506,6436.7089,2394.9367,0.217489351,0.34,0.47,3944,0.126,0.0012082159,46871,1,0.267,0.7522624434,MO,midyear2021
29201,Missouri,9536,71,0.2122,4077.9346,10127.8063,4398.0115,0.1152518311,0.41,0.48,5203,0.152,4.940455e-4,44924,0.4155290756,0.219,0.7723571898,MO,midyear2021
29203,Missouri,2048,70,0.2498,2928.5051,5257.1959,4053.8533,0.1730923052,0.38,0.29,4133,0.091,NA,36477,1,0.318,0.6207571802,MO,midyear2021
29205,Missouri,1654,73,0.1422,4121.732,9439.5425,4324.3464,0.1454623471,0.45,0.38,5145,0.135,NA,45939,1,0.248,0.734375,MO,midyear2021
29207,Missouri,7904,71,0.1962,4302.4551,8299.7731,4269.2387,0.1411708545,0.4,0.34,6169,0.171,4.793536e-4,42363,0.6979111052,0.296,0.7463139636,MO,midyear2021
29209,Missouri,11287,72,0.0748,3853.9007,8228.7741,4720.1621,0.1529417189,0.44,0.41,3352,0.119,3.464676e-4,50262,0.8868703807,0.51,0.8063834781,MO,midyear2021
29211,Missouri,1493,72,0.1682,3117.0018,6141.6819,3021.9378,0.1440228478,0.35,0.36,4885,0.136,3.214917e-4,43421,1,0.254,0.6936090226,MO,midyear2021
29213,Missouri,15738,72,0.1284,3972.5334,9413.0735,4851.4654,0.1674773486,0.36,0.42,3793,0.136,7.519874e-4,49314,0.4386066763,0.225,0.8027119253,MO,midyear2021
29215,Missouri,6783,72,0.1657,3034.9162,6397.3464,3288.6406,0.1637292044,0.33,0.34,5607,0.139,4.301748e-4,38914,0.9921178099,0.353,0.6568667763,MO,midyear2021
29217,Missouri,4972,71,0.1718,3285.1224,8401.8832,3774.7646,0.1383663679,0.34,0.35,4405,0.091,3.409977e-4,46182,0.5825889692,0.172,0.7828682832,MO,midyear2021
29219,Missouri,8232,71,0.109,3871.9807,12302.2774,5123.1884,0.1034604395,0.37,0.52,3915,0.096,1.440466e-4,63726,0.6303939962,0.513,0.8014066698,MO,midyear2021
29221,Missouri,5821,69,0.2313,3971.8366,10090.837,4386.7513,0.1347009771,0.35,0.35,7143,0.103,3.207313e-4,41198,0.8047628498,0.456,0.6661250135,MO,midyear2021
29223,Missouri,3279,71,0.2492,4256.2704,7435.6598,5301.5267,0.1563580875,0.38,0.16,6290,0.122,3.048316e-4,35397,1,0.407,0.679321784,MO,midyear2021
29225,Missouri,8288,71,0.1448,3720.6096,10281.5675,5567.4891,0.14830217,0.36,0.45,4600,0.127,2.301261e-4,54844,0.7392961715,0.518,0.6975322284,MO,midyear2021
29227,Missouri,581,74,0.1222,3065.6109,5606.3348,1542.9864,0.125,0.41,0.35,3550,0.19,4.901961e-4,45023,1,0.462,0.7462165308,MO,midyear2021
29229,Missouri,5186,71,0.1973,3027.3644,6711.9539,4671.6275,0.1768995694,0.33,0.34,3972,0.108,1.632387e-4,39384,0.7662503322,0.401,0.6770494124,MO,midyear2021
29510,Missouri,51338,69,0.3638,3782.2678,14595.3191,5611.1143,0.1257397928,0.36,0.43,5718,0.127,9.212846e-4,46309,3.1319098e-6,0.291,0.7435612038,MO,midyear2021
30001,Montana,2614,73,0.1217,3291.7515,4580.4481,1291.2424,0.118302925,0.5,0.56,709,0.071,0.0014887282,49771,0.5015141683,0.126,0.7602705411,MT,yes
30003,Montana,1948,71,0.2263,2695.4114,8552.2152,2304.5886,0.1578807478,0.32,0.41,6994,0.173,5.248163e-4,43718,0.7190827827,0.253,0.6630645608,MT,yes
30005,Montana,1203,72,0.1785,2770.1261,6406.4016,2135.7905,0.1624175432,0.3,0.28,4491,0.148,5.876304e-4,44090,1,0.208,0.7007607777,MT,yes
30007,Montana,1809,72,0.1005,3105.9655,8458.3987,1486.6562,0.103523271,0.4,0.46,3054,0.101,3.286771e-4,60622,1,0.452,0.730964467,MT,yes
30009,Montana,3182,72,0.1154,2452.0214,6875.7915,1970.2874,0.1200101061,0.46,0.5,2456,0.073,4.666791e-4,57585,1,0.386,0.7844827586,MT,yes
30011,Montana,362,74,0.0806,2461.2903,6229.0323,1519.3548,0.1466372657,0.44,0.21,649,0.112,0,49057,1,0.315,0.7786624204,MT,yes
30013,Montana,19241,72,0.1527,3251.9751,10875.6934,2702.471,0.0927785675,0.52,0.44,3377,0.098,7.594037e-4,51732,0.1982121559,0.092,0.7697864779,MT,yes
30015,Montana,1433,73,0.1396,2591.7969,6322.2656,1727.5391,0.155708574,0.49,0.26,1883,0.116,NA,48017,1,0.272,0.7124010554,MT,yes
30017,Montana,2857,73,0.1741,3176.3412,6753.2982,1841.6887,0.0925492817,0.4,0.39,2473,0.109,8.631107e-4,49379,0.1790751346,0.08,0.7648378544,MT,yes
30019,Montana,486,75,0.0818,2404.2056,4198.5981,1238.3178,0.1049334377,0.35,0.11,2990,0.142,0,50001,1,0.143,0.7432905484,MT,yes
30021,Montana,2114,73,0.1076,1653.195,3840.5243,1519.3883,0.0757897934,0.39,0.4,2443,0.107,5.760369e-4,56677,0.2757082311,0.117,0.7755725191,MT,yes
30023,Montana,3005,70,0.2299,2458.8823,4586.0972,1438.8914,0.0962659524,0.42,0.5,5466,0.147,0.0013142044,41780,0.3364164336,0.185,0.7414809121,MT,yes
30025,Montana,592,74,0.0698,2980.6202,4418.6047,1048.4496,0.0922570016,0.39,0.34,3387,0.083,0.0010273973,65651,1,0.162,0.8058470765,MT,yes
30027,Montana,3330,74,0.1264,1661.3419,5096.3031,1456.869,0.1268848841,0.45,0.48,2758,0.121,0.00080986230000000005,48703,0.4743656137,0.149,0.7864413681,MT,yes
30029,Montana,26815,72,0.1151,2806.803,8899.2872,2340.3257,0.0979545259,0.42,0.44,2227,0.079,8.912307e-4,61334,0.5148469118,0.234,0.8401464937,MT,yes
30031,Montana,18161,72,0.0912,3311.2515,8916.3837,1894.8283,0.086397483,0.42,0.5,2131,0.051,8.22339e-4,73731,0.3354261392,0.132,0.8706855198,MT,yes
30033,Montana,317,74,0.1043,2877.6978,6543.1655,2197.8417,0.1773347324,0.44,0.33,NA,0.11,0,43106,1,0.137,0.7602739726,MT,yes
30035,Montana,2177,70,0.3039,2452.1792,7481.8402,1961.8644,0.1791641842,0.2,0.24,4346,0.158,8.729177e-4,41808,0.4401074707,0.219,0.6603411002,MT,yes
30037,Montana,287,73,0.1397,2675.9777,6145.2514,1491.6201,0.1247920133,0.4,0.31,NA,0.097,0.0012106538,40469,1,0.548,0.7122507123,MT,yes
30039,Montana,1009,73,0.1222,2671.3483,5870.7865,2078.6517,0.1344501718,0.4,0.3,2068,0.134,2.960332e-4,49646,1,0.361,0.746941896,MT,yes
30041,Montana,3155,72,0.1661,2761.9387,5421.953,1870.278,0.1214031445,0.45,0.32,3115,0.11,6.11733e-4,51881,0.4000372763,0.082,0.7861516722,MT,yes
30043,Montana,3474,71,0.0916,2870.5882,7987.8151,1986.5546,0.0866475766,0.4,0.46,2612,0.086,8.266512e-4,70929,1,0.202,0.8106601249,MT,yes
30045,Montana,622,73,0.0916,1860.0509,5681.9338,1564.8855,0.0879432624,0.47,0.36,1746,0.127,0,49401,1,0.343,0.7593818985,MT,yes
30047,Montana,8638,72,0.1616,3075.3543,6423.7815,1917.214,0.1613043101,0.43,0.36,4205,0.111,7.603306e-4,49019,0.8343073819,0.202,0.7733435011,MT,yes
30049,Montana,17079,71,0.1275,3077.0468,9033.4287,1893.2785,0.0792019568,0.45,0.5,3212,0.089,9.461426e-4,66075,0.2892972632,0.099,0.8278421109,MT,yes
30051,Montana,494,75,0.1015,3068.5279,6634.5178,1784.264,0.1566455696,0.41,0.34,1419,0.133,4.115226e-4,41240,1,0.116,0.6938547486,MT,yes
30053,Montana,8152,71,0.1667,2470.2317,4843.4726,2694.3061,0.1271021292,0.33,0.22,2382,0.1,7.07285e-4,43669,0.7979377254,0.123,0.7448904211,MT,yes
30055,Montana,485,74,0.069,1880.4598,4213.7931,1124.1379,0.1526530612,0.49,0.45,1976,0.099,0,48551,1,0.217,0.7275242047,MT,yes
30057,Montana,2732,73,0.0782,2803.6296,4740.3443,1319.2182,0.1337395767,0.35,0.26,3144,0.084,6.843066e-4,56579,1,0.308,0.7338935574,MT,yes
30059,Montana,601,72,0.1584,2802.603,6032.538,1392.6247,0.1062155783,0.35,0.15,5185,0.12,0.0010718114,43946,1,0.132,0.6210826211,MT,yes
30061,Montana,1618,71,0.1646,2771.9141,6101.0733,2251.3417,0.1087673039,0.39,0.29,3422,0.112,4.63392e-4,43928,1,0.39,0.6662933931,MT,yes
30063,Montana,24896,71,0.1615,2921.4684,9573.3333,3113.1278,0.089886835,0.47,0.53,2717,0.065,0.0010185957,57279,0.2232682824,0.147,0.8584754527,MT,yes
30065,Montana,1611,72,0.167,2376.1468,6640.367,1547.7064,0.117384844,0.42,0.34,3914,0.093,NA,48290,1,0.417,0.7638697845,MT,yes
30067,Montana,4616,73,0.1292,1714.178,5515.5857,1226.2443,0.1029366066,0.33,0.31,4136,0.084,0.0011950287,51740,0.4773599386,0.288,0.8022359291,MT,yes
30069,Montana,125,73,NA,2175.2577,6391.7526,1597.9381,0.0947368421,0.24,0.43,NA,0.091,0,42081,1,0.227,0.8431372549,MT,yes
30071,Montana,1089,73,0.1471,2728.145,4637.5267,1254.7974,0.1487311275,0.33,0.42,6451,0.103,2.45459e-4,47679,1,0.19,0.7064327485,MT,yes
30073,Montana,1476,73,0.1523,2580.4598,5796.9349,1526.8199,0.1252133106,0.33,0.39,3036,0.146,5.023443e-4,48542,0.5810173899,0.207,0.7422729434,MT,yes
30075,Montana,436,74,0.0679,2758.1522,7010.8696,2858.6957,0.1331719128,0.29,0.46,NA,0.093,0,47843,1,0.241,0.7801899593,MT,yes
30077,Montana,1693,72,0.1453,3108.7662,5332.7922,1965.0974,0.1090909091,0.4,0.32,2376,0.099,4.305396e-4,49387,0.5421943931,0.222,0.7366034625,MT,yes
30079,Montana,399,73,0.1228,2447.3684,4608.1871,1239.7661,0.1040540541,0.39,0.36,1808,0.115,0,46663,1,0.247,0.749034749,MT,yes
30081,Montana,14626,72,0.1154,2880.9549,6160.9256,2407.8107,0.1423964591,0.41,0.38,2800,0.081,5.79079e-4,57209,0.8462647966,0.34,0.80598133,MT,yes
30083,Montana,2120,73,0.1353,1390.8356,5685.1752,1299.1914,0.1010970101,0.47,0.5,808,0.086,4.581692e-4,69095,0.4420274985,0.157,0.7810363837,MT,yes
30085,Montana,1787,72,0.2152,2394.3754,6844.9967,1739.0451,0.2037779654,0.36,0.33,4078,0.189,2.712723e-4,38409,0.3973141487,0.232,0.6466666667,MT,yes
30087,Montana,1823,72,0.155,2816.6915,6766.766,2254.8435,0.1298563065,0.34,0.27,4878,0.137,6.620324e-4,58139,1,0.143,0.5802274163,MT,yes
30089,Montana,4737,72,0.1508,2397.1096,4669.4942,1819.0386,0.1589353612,0.34,0.22,3580,0.127,7.598784e-4,45193,1,0.236,0.7134630659,MT,yes
30091,Montana,1039,74,0.0887,1544.3322,4264.8709,1304.1526,0.1107318923,0.38,0.5,2591,0.093,5.841121e-4,51111,1,0.206,0.8334350214,MT,yes
30093,Montana,8574,72,0.1795,3195.7278,7107.7993,2521.9407,0.0940322873,0.43,0.45,3164,0.103,7.144286e-4,49249,0.1144152047,0.103,0.763368984,MT,yes
30095,Montana,2701,72,0.0905,2250.58,5910.0928,1769.7216,0.0763606824,0.45,0.36,3052,0.118,2.097755e-4,68186,1,0.355,0.8112204201,MT,yes
30097,Montana,1074,74,0.0719,2029.9401,5529.3413,1617.9641,0.1075785582,0.43,0.21,4098,0.101,5.390836e-4,55259,1,0.245,0.7522349936,MT,yes
30099,Montana,1706,72,0.132,3078.8177,8511.33,2277.8325,0.1265930331,0.43,0.41,2185,0.086,1.62285e-4,54458,1,0.278,0.7532467532,MT,yes
30101,Montana,1048,72,0.1814,2563.9535,6774.4186,2050,0.1190686708,0.31,0.31,3870,0.074,6.181743e-4,49448,0.4295642374,0.129,0.7739689341,MT,yes
30103,Montana,232,74,0.1013,2493.6709,6569.6203,1360.7595,0.1046025105,0.51,0.49,1374,0.145,0,51754,1,0.337,0.6666666667,MT,yes
30105,Montana,1889,73,0.1698,1618.7311,4012.0846,959.5166,0.0985691574,0.47,0.28,2137,0.134,8.067769e-4,51869,0.5520423395,0.11,0.793266391,MT,yes
30107,Montana,612,74,0.1404,2462.4697,5171.9128,1254.2373,0.1831325301,0.26,0.2,1860,0.086,NA,42059,1,0.084,0.7159090909,MT,yes
30109,Montana,261,74,0.1033,2599.1736,6723.1405,2495.8678,0.157622739,0.2,0.38,4081,0.118,0,51145,1,0.209,0.6385542169,MT,yes
30111,Montana,34880,72,0.147,3356.1149,10115.4081,2205.597,0.0808671425,0.5,0.55,3336,0.087,9.804105e-4,61435,0.1668829238,0.131,0.8428861942,MT,yes
31001,Nebraska,7165,73,0.132,4348.4909,11920.3219,5850.7042,0.0901509296,0.52,0.61,3911,0.124,8.885786e-4,55182,0.2248437699,0.148,0.7867369415,NE,yes
31003,Nebraska,1645,74,0.0933,3738.7247,7421.4619,3188.1804,0.1071204844,0.48,0.33,3689,0.113,3.156566e-4,50771,1,0.189,0.7605011054,NE,yes
31005,Nebraska,105,76,0.1458,2947.9167,5270.8333,2322.9167,0.1298342541,0.44,0.39,NA,0.07,0,46417,1,0.362,0.7411167513,NE,yes
31007,Nebraska,112,73,NA,4141.3043,8804.3478,1847.8261,0.0936936937,0.24,0.33,NA,0.126,0,54706,1,0.5,0.777385159,NE,yes
31009,Nebraska,129,74,NA,2924.5283,7094.3396,3669.8113,0.1301939058,0.31,0.38,2454,0.076,0,45411,1,0.41,0.8638497653,NE,yes
31011,Nebraska,1404,75,0.0728,3832.8417,6085.5457,2843.6578,0.0908413999,0.56,0.32,5304,0.107,0.001527009,58204,1,0.192,0.7948939853,NE,yes
31013,Nebraska,2568,72,0.1426,3609.0868,6472.3347,2169.5906,0.0905197361,0.32,0.4,2272,0.124,4.641664e-4,61522,0.2495578352,0.062,0.8144634198,NE,yes
31015,Nebraska,646,73,0.1066,3518.3824,7636.0294,2613.9706,0.1224035608,0.41,0.33,5625,0.108,0.0015345269,46548,1,0.264,0.7256637168,NE,yes
31017,Nebraska,857,74,0.1279,3180.3069,5638.1074,1804.3478,0.1143775838,0.34,0.13,1449,0.107,0.0010090817,48843,1,0.106,0.7873107426,NE,yes
31019,Nebraska,9124,73,0.0933,4027.5346,10962.4383,5759.9873,0.0926121957,0.48,0.63,3844,0.097,9.069838e-4,64759,0.3226107327,0.142,0.840100724,NE,yes
31021,Nebraska,1971,75,0.087,3322.2714,6577.4336,2593.6578,0.1174180328,0.53,0.2,2368,0.108,4.623921e-4,54554,1,0.33,0.7244397759,NE,yes
31023,Nebraska,1971,74,0.0917,2898.5304,7950.3149,3482.1554,0.0773015873,0.43,0.5,2838,0.109,9.928022e-4,63310,0.6570577725,0.354,0.7897710378,NE,yes
31025,Nebraska,5800,73,0.0641,4053.2432,10776.2162,4530.8108,0.0668308779,0.44,0.54,3545,0.121,3.058221e-4,72915,0.7295669744,0.473,0.8428355958,NE,yes
31027,Nebraska,2086,73,0.0914,3600,8043.1655,3731.6547,0.096387371,0.43,0.43,2761,0.082,1.183992e-4,60400,1,0.211,0.8103251569,NE,yes
31029,Nebraska,963,75,0.0945,3879.1866,6135.1675,1856.4593,0.1424465027,0.4,0.16,4817,0.08,2.514458e-4,57656,1,0.128,0.8260869565,NE,yes
31031,Nebraska,1440,74,0.1297,3637.0656,5618.5328,2488.0309,0.1499552372,0.46,0.12,3892,0.08,5.207429e-4,50677,0.5251181516,0.152,0.7922743398,NE,yes
31033,Nebraska,2403,73,0.1346,3454.5455,7284.5403,2242.9379,0.0642570281,0.3,0.4,3344,0.102,5.370569e-4,56229,0.3625725145,0.123,0.788850967,NE,yes
31035,Nebraska,1593,74,0.0919,3641.4634,9913.0081,4101.626,0.1025168815,0.51,0.44,3125,0.102,3.218539e-4,63829,1,0.32,0.7778653013,NE,yes
31037,Nebraska,1677,74,0.0808,3044.289,7411.8104,2710.1787,0.1642470206,0.47,0.42,1729,0.077,NA,62472,0.4051355207,0.257,0.7686947199,NE,yes
31039,Nebraska,2170,76,0.086,3029.8246,5583.0409,1838.5965,0.1142774483,0.54,0.27,3042,0.091,4.474273e-4,59505,0.6520407047,0.17,0.6761470351,NE,yes
31041,Nebraska,2768,74,0.0916,3604.3498,9000.9255,4543.267,0.1085569864,0.47,0.46,4831,0.105,7.380074e-4,51004,0.6766614864,0.172,0.7492801316,NE,yes
31043,Nebraska,3408,72,0.1507,3955.3009,10683.0946,5846.4183,0.1500914832,0.48,0.45,5084,0.112,9.95867e-5,61010,0.2108921261,0.082,0.7672879525,NE,yes
31045,Nebraska,1831,74,0.1301,2733.6512,6191.4169,1282.6975,0.1049992164,0.36,0.41,2329,0.073,8.031207e-4,46377,0.3993683293,0.145,0.8292198582,NE,yes
31047,Nebraska,4540,73,0.1477,3575.5664,7189.5612,2833.9547,0.1456823359,0.43,0.36,4154,0.123,5.061369e-4,56839,0.2665460824,0.152,0.7899609593,NE,yes
31049,Nebraska,568,74,0.0913,3419.8783,6513.1846,1985.8012,0.1166306695,0.35,0.32,3846,0.095,0,48793,1,0.28,0.7240963855,NE,yes
31051,Nebraska,1365,74,0.0863,4040.6905,9543.7731,4168.9273,0.1014912085,0.44,0.43,4264,0.096,3.50324e-4,57324,1,0.373,0.7351190476,NE,yes
31053,Nebraska,8448,74,0.0833,4093.1328,11406.4142,4422.3591,0.101582102,0.51,0.64,3570,0.112,6.523335e-4,60853,0.2512877817,0.237,0.7882183343,NE,yes
31055,Nebraska,95789,72,0.1303,4041.8312,11681.2218,4611.9951,0.1044415032,0.52,0.62,3225,0.096,0.0011113463,67264,0.0217052465,0.174,0.853852821,NE,yes
31057,Nebraska,509,74,0.1121,3756.871,5145.8774,1754.7569,0.1919575114,0.36,0.11,3878,0.073,5.649718e-4,45446,1,0.18,0.7098623853,NE,yes
31059,Nebraska,1551,75,0.0687,3327.3322,6797.8723,2778.2324,0.0788651118,0.52,0.36,3533,0.136,7.237199e-4,60440,1,0.208,0.7597609562,NE,yes
31061,Nebraska,850,75,0.0846,4106.1538,7956.9231,2778.4615,0.091503268,0.38,0.22,3386,0.109,6.615944e-4,49659,1,0.313,0.7356572259,NE,yes
31063,Nebraska,585,74,0.0877,3601.2526,8674.3215,3995.8246,0.1138079827,0.38,0.44,4373,0.086,3.834356e-4,55712,1,0.31,0.7348017621,NE,yes
31065,Nebraska,1457,74,0.1313,3655.4404,7813.4715,3238.342,0.1143837575,0.45,0.26,4747,0.111,6.362672e-4,50705,1,0.181,0.7523496241,NE,yes
31067,Nebraska,5783,74,0.107,3470.4058,6612.0445,2641.5094,0.0872610709,0.48,0.34,1925,0.12,6.513749e-4,56817,0.443996235,0.273,0.794297806,NE,yes
31069,Nebraska,609,74,0.1384,3783.2423,5386.1566,1894.3534,0.1247216036,0.31,0.2,4714,0.108,0,41158,1,0.253,0.732718894,NE,yes
31071,Nebraska,520,74,0.112,3263.0208,6312.5,3197.9167,0.1097647897,0.38,0.28,3870,0.103,5.032713e-4,52707,1,0.124,0.6312217195,NE,yes
31073,Nebraska,543,74,0.0805,3665.8537,8378.0488,3736.5854,0.0722332671,0.55,0.49,940,0.089,0,64870,1,0.223,0.8227176221,NE,yes
31075,Nebraska,169,73,NA,3236.8421,5842.1053,2835.5263,0.0893203883,0.38,0.37,NA,0.073,0,60773,1,0.294,0.75,NE,yes
31077,Nebraska,636,75,0.106,3270,5958,2006,0.139561707,0.47,0.33,3403,0.115,NA,48178,1,0.195,0.7311089303,NE,yes
31079,Nebraska,11344,73,0.1131,4045.1728,10107.4232,4097.7827,0.1213198857,0.51,0.57,3365,0.111,6.16813e-4,57371,0.1462453291,0.129,0.8146432283,NE,yes
31081,Nebraska,2195,74,0.0786,3462.5151,9426.844,2432.89,0.072017295,0.49,0.54,2998,0.108,8.62069e-4,68236,0.510521701,0.25,0.8653380016,NE,yes
31083,Nebraska,965,74,0.0894,3877.3946,7440.613,3168.5824,0.105390185,0.41,0.27,2676,0.131,8.820935e-4,53362,1,0.226,0.7652859961,NE,yes
31085,Nebraska,213,75,0.102,3397.9592,8005.102,4683.6735,0.2006033183,0.48,0.54,NA,0.109,0.0010917030999999999,46399,1,0.254,0.8039702233,NE,yes
31087,Nebraska,814,73,0.1402,3547.6879,7799.1329,3150.289,0.1061776062,0.39,0.33,6320,0.147,NA,49451,1,0.218,0.6926790024,NE,yes
31089,Nebraska,2663,73,0.1274,3861.9092,5678.4059,2472.6599,0.1070026592,0.43,0.12,5608,0.105,8.842602e-4,54474,0.6471490177,0.133,0.748161355,NE,yes
31091,Nebraska,248,75,0.0892,3492.9577,9389.6714,5516.4319,0.0966386555,0.48,0.58,2496,0.092,0.0029325513,50093,1,0.101,0.6446540881,NE,yes
31093,Nebraska,1581,74,0.0762,3710.6164,8062.5,2747.4315,0.0946558864,0.52,0.29,3684,0.121,4.638219e-4,56881,1,0.389,0.7352941176,NE,yes
31095,Nebraska,2074,74,0.1021,3509.7222,5595.1389,1910.4167,0.0862811155,0.39,0.2,2158,0.097,7.04523e-4,56740,0.4816483371,0.206,0.7353119322,NE,yes
31097,Nebraska,1088,74,0.0886,3534.1317,6819.1617,2906.5868,0.0964802011,0.47,0.15,4034,0.083,3.895598e-4,54567,1,0.28,0.736318408,NE,yes
31099,Nebraska,1543,74,0.0837,4153.5807,8834.3399,3824.849,0.0736055204,0.49,0.4,3606,0.096,4.584352e-4,64461,0.5455386038,0.234,0.8105776444,NE,yes
31101,Nebraska,2360,74,0.1195,3658.4211,6283.6842,2504.2105,0.0955894972,0.4,0.44,4010,0.094,7.480364e-4,51478,0.4713193117,0.152,0.8171045853,NE,yes
31103,Nebraska,212,75,NA,3025.7732,4530.9278,1690.7216,0.1498194946,0.43,0.22,1840,0.139,0,46010,1,0.281,0.7763157895,NE,yes
31105,Nebraska,1054,74,0.128,3452.2777,5454.4469,1751.6269,0.115099926,0.29,0.14,3944,0.113,NA,52284,1,0.161,0.7482561826,NE,yes
31107,Nebraska,2422,74,0.1178,3508.2367,8618.0598,4165.3447,0.123923445,0.47,0.41,2399,0.114,4.751158e-4,53676,1,0.229,0.7476296709,NE,yes
31109,Nebraska,55849,73,0.1006,4149.5776,11554.5164,6046.6476,0.0802860187,0.5,0.62,3245,0.082,7.060188e-4,61383,0.0825312624,0.153,0.8770390271,NE,yes
31111,Nebraska,8411,72,0.1728,4046.8545,12550.4587,5746.5596,0.0777448283,0.39,0.52,6099,0.123,4.831604e-4,60924,0.3051973104,0.131,0.8249865374,NE,yes
31113,Nebraska,177,75,NA,3664.3836,7972.6027,3691.7808,0.1088082902,0.57,0.35,9825,0.106,0,53108,1,0.433,0.7406340058,NE,yes
31115,Nebraska,188,73,NA,2921.0526,6223.6842,3296.0526,0.1064301552,0.44,0.3,5048,0.112,0,51559,1,0.333,0.6904761905,NE,yes
31117,Nebraska,98,75,NA,3472.973,8716.2162,5851.3514,0.109919571,0.63,0.52,NA,0.113,0,52033,1,0.551,0.6282722513,NE,yes
31119,Nebraska,7196,73,0.121,4124.2901,11013.9799,4906.291,0.1050020813,0.42,0.51,2725,0.099,6.216094e-4,58275,0.2790457621,0.1,0.7762759592,NE,yes
31121,Nebraska,1939,74,0.095,3795.2481,7677.8477,2717.6799,0.0899286544,0.48,0.35,2799,0.148,2.586318e-4,53411,0.5889101338,0.262,0.7376222947,NE,yes
31123,Nebraska,1235,74,0.1429,3761.9048,6738.0952,1829.5238,0.1386519945,0.35,0.39,3545,0.16,0.00021340160000000001,49982,1,0.322,0.7569089048,NE,yes
31125,Nebraska,893,74,0.1255,3554.3018,6427.3625,2133.9915,0.0899742931,0.47,0.22,6326,0.136,NA,55853,1,0.312,0.7652005175,NE,yes
31127,Nebraska,1648,73,0.1319,3750,10516.1043,4587.4233,0.0697900467,0.4,0.56,3668,0.104,7.185973e-4,55343,0.5206953642,0.173,0.7625125966,NE,yes
31129,Nebraska,1331,75,0.1173,3570.5467,5190.4762,1891.5344,0.0976253298,0.56,0.23,2228,0.089,0.0011918951,48624,1,0.145,0.7225495447,NE,yes
31131,Nebraska,3734,74,0.0856,4031.1514,8153.7855,3065.8517,0.0848067595,0.45,0.34,2085,0.127,5.630278e-4,66293,0.5510800508,0.356,0.8033794163,NE,yes
31133,Nebraska,792,75,0.0607,3369.0096,5178.9137,1861.0224,0.123650108,0.51,0.08,3910,0.082,7.598784e-4,47006,1,0.248,0.7078559738,NE,yes
31135,Nebraska,733,75,0.0697,4191.248,7319.2869,2852.5122,0.1191222571,0.43,0.47,5098,0.092,0.0010242404,63443,1,0.176,0.819218241,NE,yes
31137,Nebraska,2214,74,0.1263,4073.5859,10610.1043,5059.3081,0.081207483,0.47,0.51,3225,0.109,0.0010004446,61420,0.4188071397,0.157,0.7946222791,NE,yes
31139,Nebraska,1591,74,0.0784,3721.2544,8991.2892,3371.9512,0.0828970332,0.41,0.38,2487,0.116,5.600672e-4,67465,1,0.25,0.8117140966,NE,yes
31141,Nebraska,6889,74,0.0906,3578.7722,10053.6243,4699.5192,0.1106948729,0.55,0.59,2615,0.094,7.793064e-4,62804,0.3142662158,0.086,0.7906078628,NE,yes
31143,Nebraska,1378,75,0.0685,3472.4977,9602.3445,3941.3886,0.0957209993,0.53,0.6,3853,0.097,5.683971e-4,66462,1,0.3,0.8479532164,NE,yes
31145,Nebraska,2663,74,0.125,3755.8923,9611.1111,4430.1347,0.0837444499,0.42,0.53,5690,0.104,8.390826e-4,50260,0.3158751696,0.13,0.7895552113,NE,yes
31147,Nebraska,2275,73,0.1567,3932.3601,9327.4939,4682.2384,0.0945626478,0.36,0.39,5111,0.1,5.039688e-4,50207,0.5057993543,0.192,0.7794276458,NE,yes
31149,Nebraska,408,73,0.1095,3571.0059,5582.8402,1931.9527,0.1060606061,0.52,0.04,2192,0.13,7.352941e-4,53905,1,0.136,0.7126805778,NE,yes
31151,Nebraska,2698,74,0.095,3583.5462,7045.9888,3498.2115,0.1328956707,0.48,0.28,2440,0.12,4.878049e-4,59937,0.5107042254,0.305,0.7994958309,NE,yes
31153,Nebraska,28993,73,0.0634,3975.4941,11222.5296,4751.4399,0.0617393867,0.47,0.55,3431,0.093,5.529684e-4,84016,0.0527386049,0.219,0.909070329,NE,yes
31155,Nebraska,4786,74,0.0799,3827.1845,8962.4595,3743.0421,0.0657902391,0.52,0.44,3133,0.12,4.694175e-4,71086,0.6648700674,0.435,0.8134337137,NE,yes
31157,Nebraska,8689,72,0.1818,4196.3387,10740.3577,2933.0632,0.1124060942,0.37,0.43,3823,0.122,8.058018e-4,50263,0.2981877198,0.087,0.7772875373,NE,yes
31159,Nebraska,3650,75,0.0727,3401.6736,7365.9186,2855.078,0.0638506876,0.43,0.2,4026,0.085,5.196905e-4,72291,0.6038208955,0.34,0.8327272727,NE,yes
31161,Nebraska,1440,74,0.1279,3218.2438,5521.7391,1440.7502,0.1574740208,0.29,0.23,4617,0.135,3.853565e-4,46159,1,0.307,0.7329520458,NE,yes
31163,Nebraska,847,74,0.0553,3804.8359,8283.247,3146.8048,0.1234567901,0.41,0.45,3806,0.111,NA,48735,1,0.343,0.7536549708,NE,yes
31165,Nebraska,308,74,0.0906,3026.4151,6747.1698,1683.0189,0.1307966706,0.56,0.3,NA,0.076,8.4246e-4,47983,1,0.321,0.7169117647,NE,yes
31167,Nebraska,1160,72,0.0915,3702.3196,9347.9381,4466.4948,0.0709292763,0.4,0.51,1912,0.086,NA,62045,0.7348670256,0.161,0.8200992556,NE,yes
31169,Nebraska,1483,75,0.0815,3632.4278,6272.4958,2133.2767,0.0955585464,0.45,0.24,4100,0.101,9.922604e-4,52439,1,0.114,0.7673796791,NE,yes
31171,Nebraska,226,74,0.0989,3571.4286,8357.1429,3890.1099,0.1342155009,0.4,0.37,5920,0.094,0,51401,1,0.19,0.8772563177,NE,yes
31173,Nebraska,1130,73,0.2091,3863.1179,9347.275,3198.9861,0.1475669678,0.33,0.18,5226,0.188,5.477201e-4,48891,1,0.18,0.6704963235,NE,yes
31175,Nebraska,1166,74,0.1221,3814.1097,8714.4457,3628.2195,0.1081342802,0.39,0.45,2021,0.111,0.0014319809,47981,1,0.13,0.7367292225,NE,yes
31177,Nebraska,4637,73,0.0719,3707.6642,8559.4891,3094.1606,0.0595972051,0.54,0.46,1799,0.106,4.838632e-4,75197,0.6123356726,0.367,0.8459376909,NE,yes
31179,Nebraska,1614,74,0.0902,3702.9787,8880,3555.7447,0.0713465403,0.5,0.5,1633,0.092,5.317452e-4,57655,0.4208441897,0.164,0.8616504854,NE,yes
31181,Nebraska,927,74,0.1464,3959.0044,8931.1859,3550.5124,0.0980392157,0.47,0.27,3071,0.11,5.660911e-4,49518,1,0.295,0.7465162575,NE,yes
31183,Nebraska,213,73,0.0833,2944.4444,5200,2033.3333,0.1440536013,0.38,0.24,3482,0.114,0,50207,1,0.306,0.7543352601,NE,yes
31185,Nebraska,3370,74,0.0995,3771.2886,9264.1296,3839.4876,0.0724201534,0.47,0.49,4011,0.117,7.98722e-4,59749,0.4414196853,0.196,0.8435289958,NE,yes
32001,Nevada,6147,72,0.1324,2855.5556,9055.792,2183.6879,0.1387913039,0.33,0.36,3667,0.118,5.319149e-4,56335,0.347147968,0.198,0.8519114688,NV,yes
32003,Nevada,398838,72,0.1759,4472.8664,17699.8475,7162.6084,0.1304159173,0.31,0.36,4739,0.109,5.690864e-4,62131,0.0130607312,0.344,0.8281392784,NV,yes
32005,Nevada,17463,74,0.0536,3550.7768,9642.6819,2907.6043,0.120733998,0.46,0.48,2639,0.084,5.777127e-4,76296,0.3155307786,0.344,0.8917602816,NV,yes
32007,Nevada,7502,72,0.1562,2827.6314,8515.9601,3314.7815,0.1168455822,0.29,0.35,3194,0.091,3.812429e-4,83287,0.3785079274,0.165,0.8435095489,NV,yes
32009,Nevada,274,73,0.1092,2165.9389,9628.821,2414.8472,0.1403846154,0.23,0.21,3260,0.072,0.0012106538,50675,1,0.177,0.5356415479,NV,yes
32011,Nevada,379,71,0.1693,2492.163,6539.185,1733.5423,0.0725758477,0.21,0.21,4884,0.078,NA,71541,1,0.422,0.8165374677,NV,yes
32013,Nevada,3181,71,0.1722,2288.0176,5609.7472,1477.4643,0.1570622256,0.21,0.16,4040,0.083,4.765876e-4,73106,0.3787512101,0.151,0.8101538462,NV,yes
32015,Nevada,993,72,0.1427,2806.1831,5470.868,1361.4744,0.1186115843,0.17,0.16,2194,0.14,1.793722e-4,81239,0.3904761905,0.21,0.8580527753,NV,yes
32017,Nevada,1144,73,0.1369,3412.7482,7168.2341,1836.9906,0.1194726723,0.21,0.34,6222,0.111,3.845414e-4,58782,1,0.149,0.760654113,NV,yes
32019,Nevada,15632,72,0.113,3222.9958,9548.1345,2520.2872,0.1308601806,0.35,0.38,3464,0.115,1.612672e-4,59406,0.3693728357,0.467,0.8479871632,NV,yes
32021,Nevada,1432,72,0.2119,2800.4946,6410.5523,1218.4666,0.1204281891,0.19,0.22,5138,0.178,6.64599e-4,43771,0.3191533948,0.21,0.6801757813,NV,yes
32023,Nevada,18264,72,0.1304,4434.4965,14438.0165,5794.4597,0.1320347735,0.28,0.31,4161,0.154,3.307899e-4,48490,0.3527055932,0.224,0.7278394803,NV,yes
32027,Nevada,1117,71,0.2062,2275.641,6311.9658,1561.9658,0.1437483754,0.22,0.24,4436,0.08,1.50015e-4,58562,1,0.146,0.749486653,NV,yes
32029,Nevada,1334,72,0.0792,3101.5831,9889.1821,2696.5699,0.0934444042,0.33,0.41,3852,0.107,NA,88003,0.9264339152,0.546,0.7424708052,NV,yes
32031,Nevada,98128,72,0.1291,3403.3669,11222.1399,3418.4314,0.1252504517,0.41,0.47,3275,0.079,7.579417e-4,71733,0.0426689637,0.228,0.855077396,NV,yes
32033,Nevada,2016,73,0.1287,2527.0821,4739.6622,1479.3244,0.1113664216,0.25,0.33,2443,0.155,7.387863e-4,60086,0.5333000997,0.154,0.7656427759,NV,yes
32510,Nevada,15189,74,0.1307,3638.5805,12134.1704,3647.1931,0.135058575,0.41,0.47,4009,0.113,7.398852e-4,58126,0.0483952672,0.256,0.8235552626,NV,yes
33001,New Hampshire,19605,72,0.1389,3459.4328,10634.9363,2678.5861,0.0833404057,0.49,0.52,3226,0.104,6.227262e-4,68752,0.662794568,0.39,0.8652003832,NH,yes
33003,New Hampshire,17501,73,0.0998,3238.2709,7873.4883,2634.8743,0.0969714368,0.47,0.49,3262,0.114,9.020275e-4,64495,0.9020243423,0.357,0.8687080537,NH,yes
33005,New Hampshire,20447,72,0.1484,3021.5734,9815.5207,2011.1297,0.0756280393,0.45,0.51,2940,0.096,6.798008e-4,65326,0.6501549593,0.282,0.8380611128,NH,yes
33007,New Hampshire,10780,70,0.2306,2666.2982,5343.7889,1784.5792,0.0882339626,0.42,0.41,3605,0.145,0.0011712938,49156,0.662411133,0.234,0.7818855317,NH,yes
33009,New Hampshire,23793,73,0.1243,2681.2516,7655.7388,2669.6962,0.0759391992,0.46,0.42,3338,0.077,0.0020715925,62468,0.6871563545,0.318,0.8269934057,NH,yes
33011,New Hampshire,87050,72,0.1397,3977.0526,12591.6534,2972.716,0.0734653219,0.51,0.55,4364,0.097,8.645457e-4,82862,0.2119130268,0.397,0.8962231355,NH,yes
33013,New Hampshire,37832,71,0.1675,3470.4894,11964.0425,2407.8816,0.0689780191,0.54,0.55,3714,0.089,0.0010917608,75800,0.5461299464,0.385,0.8650858824,NH,yes
33015,New Hampshire,74046,73,0.0884,3881.081,12942.0358,4576.5002,0.0563992606,0.52,0.54,3843,0.089,7.665537e-4,91416,0.2489812786,0.455,0.9129166839,NH,yes
33017,New Hampshire,28083,71,0.1454,3312.4206,11374.5816,3182.6157,0.0722705201,0.42,0.53,4642,0.107,6.303328e-4,71486,0.3240135452,0.376,0.860765179,NH,yes
33019,New Hampshire,12161,71,0.1653,2829.6487,6957.013,2080.0786,0.0752909579,0.51,0.42,3448,0.1,7.648804e-4,63518,0.6416258973,0.37,0.8159048938,NH,yes
34001,New Jersey,62712,73,0.1352,4377.7301,16836.7748,6733.7684,0.0963844656,0.41,0.5,5384,0.132,8.288469e-4,62678,0.1271357754,0.28,0.8341311968,NJ,yes
34003,New Jersey,182928,75,0.1149,4750.1261,18705.4648,7774.7555,0.0873630853,0.43,0.54,3004,0.087,0.001180751,107971,0.0010153395,0.409,0.8970063792,NJ,yes
34005,New Jersey,96467,73,0.111,4488.9685,16562.5856,6727.0312,0.0536625738,0.42,0.55,5224,0.121,8.487058e-4,88443,0.0666319022,0.43,0.8883172768,NJ,yes
34007,New Jersey,102560,72,0.1749,4558.1547,16811.3559,6547.7449,0.0808925288,0.39,0.54,5694,0.134,0.0010294274,73168,0.0161742174,0.406,0.839403788,NJ,yes
34009,New Jersey,30107,73,0.1123,4413.0713,15579.8147,6373.2535,0.0799699135,0.47,0.53,4116,0.116,6.05013e-4,66565,0.1745437722,0.259,0.8456598043,NJ,yes
34011,New Jersey,30191,72,0.2188,4578.4689,17185.7826,7394.7368,0.1074663797,0.38,0.49,6862,0.127,4.172959e-4,54179,0.2302706217,0.31,0.7803426048,NJ,yes
34013,New Jersey,125277,73,0.1689,4711.1722,19754.4509,7792.9251,0.1161438837,0.4,0.46,5248,0.114,8.464965e-4,64522,1.454139e-4,0.453,0.8049687312,NJ,yes
34015,New Jersey,61027,72,0.1195,4643.3508,16547.1299,7025.4016,0.0519786096,0.4,0.52,5316,0.112,5.421951e-4,87996,0.0834582085,0.487,0.8801521333,NJ,yes
34017,New Jersey,86202,73,0.2694,4485.3196,18287.8499,7104.5832,0.1290310472,0.34,0.4,5687,0.074,5.280589e-4,77738,0,0.534,0.8551225681,NJ,yes
34019,New Jersey,28689,73,0.0959,4146.8089,15363.642,6882.7141,0.0407934282,0.43,0.55,3747,0.074,0.0012187886,117275,0.4956953307,0.541,0.9051828299,NJ,yes
34021,New Jersey,69525,73,0.191,4424.9231,19084.8654,7374.4117,0.0923982613,0.42,0.53,4344,0.103,0.0010005111,79475,0.0348255041,0.319,0.8300701884,NJ,yes
34023,New Jersey,147709,74,0.1377,4846.7832,18946.8845,7668.8076,0.0770873902,0.4,0.53,3937,0.109,9.365e-4,92770,0.0067431574,0.466,0.8644234312,NJ,yes
34025,New Jersey,136573,74,0.0992,4995.5662,19173.1724,7765.9261,0.0669868154,0.44,0.54,4233,0.089,0.0011925569,102579,0.0372949649,0.436,0.8856399929,NJ,yes
34027,New Jersey,99197,75,0.0876,4548.0696,17726.2598,8094.8569,0.0521685616,0.44,0.58,2860,0.079,0.0010379825,116328,0.0676937328,0.445,0.9142035583,NJ,yes
34029,New Jersey,164346,74,0.0847,5192.2539,19930.4115,8073.7611,0.0767830512,0.43,0.54,4147,0.109,4.2882e-4,75627,0.028983622,0.43,0.8231650159,NJ,yes
34031,New Jersey,87818,74,0.1589,4692.4605,18658.7367,7888.327,0.1348092414,0.4,0.48,4032,0.091,5.58304e-4,76039,0.0241009046,0.398,0.8125721609,NJ,yes
34033,New Jersey,15040,72,0.1587,4146.3692,15486.5695,6354.1999,0.0705763035,0.39,0.5,7019,0.156,3.673711e-4,68146,0.4530060681,0.383,0.8042034012,NJ,yes
34035,New Jersey,61679,74,0.1162,4556.3632,17730.5794,7445.2028,0.0536326919,0.43,0.56,3370,0.072,0.0011686053,112722,0.0579265653,0.466,0.9223811901,NJ,yes
34037,New Jersey,32057,72,0.1069,4065.9335,17336.0739,7455.0745,0.0565728083,0.38,0.54,3745,0.091,5.042649e-4,100281,0.3984993133,0.577,0.8989347736,NJ,yes
34039,New Jersey,92019,74,0.1324,4409.4656,16975.7368,7398.2634,0.1121119365,0.4,0.49,3801,0.078,6.809218e-4,79953,0,0.428,0.8371076428,NJ,yes
34041,New Jersey,24626,73,0.1212,4151.6874,17469.866,5816.8105,0.0703162364,0.4,0.54,4519,0.099,5.955814e-4,83998,0.3756486218,0.558,0.8616154087,NJ,yes
35001,New Mexico,139210,71,0.1991,3299.149,10278.7246,3784.1431,0.1065982747,0.38,0.38,2299,0.072,0.0010358022,56148,0.0419551923,0.258,0.7980418306,NM,yes
35003,New Mexico,1569,73,0.1711,2074.8988,5192.3077,3050.6073,0.0799425562,0.29,0.25,991,0.098,5.589715e-4,37190,1,0.205,0.5366037736,NM,yes
35005,New Mexico,12553,72,0.2588,3206.1461,11208.3883,5652.3345,0.1157079688,0.34,0.43,3909,0.104,6.647189e-4,43687,0.2424860995,0.176,0.6945542003,NM,yes
35006,New Mexico,4939,72,0.2806,2762.3211,6821.5421,2430.4452,0.1164630483,0.26,0.4,2938,0.15,5.608315e-4,40436,0.5534487194,0.26,0.5791226458,NM,yes
35007,New Mexico,3903,72,0.1942,2045.7215,9825.9228,2853.1879,0.0941756693,0.36,0.47,2552,0.135,3.303055e-4,42754,0.5235636364,0.175,0.6736716214,NM,yes
35009,New Mexico,8025,72,0.2476,4025.9313,11955.4419,5233.1994,0.109369758,0.32,0.41,3523,0.085,5.461496e-4,45623,0.1406895981,0.106,0.809143843,NM,yes
35011,New Mexico,557,72,0.2292,2745.3704,5180.5556,4537.037,0.1105845182,0.31,0.11,2778,0.203,5.614823e-4,34746,1,0.123,0.681547619,NM,yes
35013,New Mexico,45500,73,0.1867,3884.1036,12610.0898,4995.3924,0.1264221578,0.39,0.41,3514,0.096,6.344186e-4,43618,0.1929045609,0.227,0.7304796896,NM,yes
35015,New Mexico,10309,72,0.2108,2625.1055,9953.1382,4337.1798,0.0933982045,0.32,0.4,3165,0.122,3.28152e-4,63671,0.208549295,0.189,0.7925744671,NM,yes
35017,New Mexico,9204,73,0.1617,2981.2845,8619.9764,4734.8306,0.078277076,0.33,0.4,2627,0.104,7.313684e-4,43175,0.4235278173,0.166,0.7055944646,NM,yes
35019,New Mexico,1062,71,0.3826,2668.7403,7480.5599,3239.5023,0.0724587912,0.22,0.35,3656,0.073,4.607233e-4,36554,0.4407936847,0.168,0.3778901734,NM,yes
35021,New Mexico,236,74,0.1746,2772.4868,7359.7884,2809.5238,0.0784313725,0.23,0.33,NA,0.101,0,38162,1,0.464,0.5071090047,NM,yes
35023,New Mexico,1118,73,0.2073,2761.658,6768.5665,3972.3661,0.1004636785,0.27,0.26,2829,0.099,4.716981e-4,37322,1,0.198,0.7033948779,NM,yes
35025,New Mexico,9612,72,0.288,3344.1847,7997.0405,3001.6277,0.1259031309,0.31,0.24,4344,0.123,3.16042e-4,63012,0.2103140884,0.188,0.7767615327,NM,yes
35027,New Mexico,6642,73,0.1559,2797.3653,6744.9102,2830.1796,0.1208121827,0.3,0.43,3447,0.103,5.11352e-4,47254,0.5318339269,0.182,0.7464974888,NM,yes
35028,New Mexico,3748,75,0.0338,3255.0123,9412.2406,3149.8417,0.0247480546,0.45,0.46,1523,0.068,0.0015705984,122001,0.1124233983,0.085,0.8958517211,NM,yes
35029,New Mexico,6974,73,0.2945,3040.708,9235.0442,3522.1239,0.1246295687,0.23,0.31,3703,0.113,3.75579e-4,32544,0.4061366806,0.184,0.6299415993,NM,yes
35031,New Mexico,11928,70,0.4322,2778.1955,9606.4662,1945.1128,0.1599077455,0.29,0.51,4680,0.194,7.608245e-4,36404,0.5737844794,0.318,0.4384012988,NM,yes
35033,New Mexico,1525,70,0.3606,2119.4833,6273.4123,2628.6329,0.082415854,0.29,0.35,2276,0.141,NA,36968,1,0.614,0.5394045534,NM,yes
35035,New Mexico,14316,72,0.1733,3958.0832,11318.568,4131.7548,0.1164982785,0.41,0.34,2790,0.103,4.192809e-4,43135,0.2959386805,0.184,0.782643649,NM,yes
35037,New Mexico,2626,72,0.2508,3501.1001,8914.1914,4886.1386,0.0968379447,0.32,0.31,2883,0.103,2.423361e-4,34596,0.4156619843,0.174,0.5605263158,NM,yes
35039,New Mexico,9557,71,0.2326,2676.8521,8050.3407,3018.0259,0.1124726618,0.31,0.36,2494,0.097,4.614675e-4,44579,0.497639517,0.557,0.5763550668,NM,yes
35041,New Mexico,3234,73,0.2525,3535.1068,8462.2765,3231.5744,0.1219805151,0.34,0.24,5950,0.088,3.734728e-4,44928,0.3646074776,0.227,0.7836806575,NM,yes
35043,New Mexico,34358,71,0.1512,3154.6063,9438.6866000000009,3531.5904,0.1042808349,0.36,0.43,2609,0.087,6.199244e-4,71118,0.1705824674,0.456,0.8271602518,NM,yes
35045,New Mexico,23306,71,0.2331,3453.9461,9934.3989,3447.0862,0.1336698608,0.32,0.5,3522,0.135,5.358157e-4,46201,0.3366399065,0.306,0.6646230438,NM,yes
35047,New Mexico,7501,71,0.2951,2421.9147,8531.7707,3253.6007,0.0839813375,0.3,0.34,2760,0.136,5.074118e-4,36986,0.4689551934,0.272,0.5693858213,NM,yes
35049,New Mexico,44386,73,0.1035,3065.6435,9977.259,2928.0801,0.1369591001,0.37,0.44,1885,0.061,0.0011395746,61791,0.2516057432,0.274,0.8064630739,NM,yes
35051,New Mexico,4751,73,0.23,2139.3229,7777.7778,3700.0868,0.1050321826,0.26,0.18,3305,0.135,4.558716e-4,33661,0.3395061728,0.116,0.6223222322,NM,yes
35053,New Mexico,4030,70,0.2905,2647.1215,7009.5949,3299.0405,0.1181437868,0.27,0.38,1148,0.124,4.18285e-4,39582,0.4967536102,0.226,0.5528761062,NM,yes
35055,New Mexico,10464,72,0.2142,2523.875,8967.0216,2212.9852,0.1233299933,0.27,0.43,2065,0.072,9.136592e-4,43032,0.5844794608,0.251,0.6681814426,NM,yes
35057,New Mexico,3850,69,0.3214,2751.751,8192.9961,3574.3191,0.1076409686,0.31,0.32,2514,0.122,6.41396e-5,39532,0.9878532625,0.512,0.6300496102,NM,yes
35059,New Mexico,1001,73,0.2564,3225.9953,6340.7494,2463.7002,0.1159143076,0.28,0.29,4420,0.124,2.428363e-4,38221,1,0.275,0.6107526882,NM,yes
35061,New Mexico,17404,70,0.2407,2817.8897,8541.1534,3693.0905,0.1233364359,0.36,0.36,2538,0.114,3.400649e-4,54867,0.1673131424,0.457,0.6799703813,NM,yes
36001,New York,65716,72,0.2137,4353.6347,14649.3226,5885.7851,0.0416842593,0.46,0.55,3983,0.097,9.735703e-4,69408,0.0969612497,0.212,0.83526948,NY,yes
36003,New York,11184,71,0.2554,3795.57,10064.2146,2124.5682,0.0570917759,0.49,0.49,5154,0.113,4.522938e-4,49411,0.7873983574,0.302,0.7510586138,NY,yes
36005,New York,220509,71,0.4173,4160.3866,18319.3016,7065.5136,0.086933588,0.32,0.4,5474,0.127,6.088824e-4,41470,2.81566e-5,0.542,0.7572986073,NY,yes
36007,New York,46450,72,0.2407,3906.0923,13029.0009,3014.5536,0.0520853236,0.46,0.53,3987,0.106,8.243808e-4,52179,0.2605682951,0.148,0.8175151816,NY,yes
36009,New York,19531,70,0.3004,4094.6895,11080.7811,3551.8404,0.0648834658,0.45,0.47,4970,0.143,4.294638e-4,50783,0.6175280451,0.267,0.7168885113,NY,yes
36011,New York,18125,73,0.1732,4213.3286,13270.9215,6828.9845,0.0476916044,0.55,0.56,5700,0.116,2.592521e-4,58055,0.5578187089,0.338,0.79721982,NY,yes
36013,New York,32925,71,0.249,3806.0536,12132.4796,4204.8894,0.0551184325,0.47,0.53,3788,0.126,5.54952e-4,50143,0.4386271821,0.193,0.7616015073,NY,yes
36015,New York,21049,71,0.2772,3922.915,13982.805,5058.3694,0.0412185553,0.53,0.52,5813,0.127,7.596079e-4,58400,0.2417876843,0.189,0.8042307805,NY,yes
36017,New York,12804,72,0.2332,3742.2366,11749.6666,2855.02,0.04929183,0.44,0.5,4142,0.136,3.576237e-4,51894,0.8341224716,0.341,0.781224332,NY,yes
36019,New York,19630,71,0.2236,3965.0524,11789.8985,3114.3285,0.0504816386,0.5,0.51,4837,0.113,6.939711e-4,59069,0.6415595169,0.204,0.7981214658,NY,yes
36021,New York,17210,72,0.1848,3935.889,13942.7187,4592.5314,0.05781904,0.46,0.53,4070,0.095,4.005608e-4,71563,0.7329783188,0.367,0.7968837619,NY,yes
36023,New York,9993,73,0.191,4357.0146,13015.7653,5403.9114,0.0438548405,0.52,0.53,4854,0.116,3.972984e-4,55143,0.4427395816,0.295,0.7377289377,NY,yes
36025,New York,12947,73,0.1979,3650.9997,11773.5004,2893.3154,0.058421516800000003,0.44,0.47,3286,0.106,3.368743e-4,51038,0.7836390163,0.324,0.7604913539,NY,yes
36027,New York,65026,73,0.1613,4430.5335,16678.8199,7899.3771,0.0514201204,0.44,0.53,4126,0.097,6.945437e-4,84564,0.2539934384,0.444,0.8807338603,NY,yes
36029,New York,212461,70,0.3119,4279.4657,13388.6723,4732.783,0.0442020478,0.43,0.48,3797,0.113,7.969826e-4,60620,0.0940383444,0.242,0.8118639065,NY,yes
36031,New York,10584,72,0.183,3434.8104,8253.7194,2480.5631,0.0449587755,0.44,0.55,3453,0.106,3.753351e-4,55091,0.7485648971,0.29,0.7808739709,NY,yes
36033,New York,12004,70,0.2821,3604.2499,9635.0542,2176.8397,0.0683460208,0.54,0.48,4520,0.135,5.965045e-4,48943,0.6267563325,0.231,0.7391533,NY,yes
36035,New York,14456,68,0.3615,4054.1642,13291.788,3449.2332,0.0505515791,0.46,0.51,4436,0.138,3.545371e-4,50061,0.5037366516,0.332,0.7700492087,NY,yes
36037,New York,14096,70,0.2499,3944.7275,12459.5008,2669.1289,0.0452675802,0.47,0.49,4748,0.133,2.955956e-4,62570,0.598861499,0.321,0.8057157288,NY,yes
36039,New York,12700,72,0.1973,3810.5668,13917.9067,4834.9774,0.055997668,0.4,0.46,4121,0.11,3.790192e-4,54746,0.7314154528,0.444,0.735497076,NY,yes
36041,New York,1783,74,0.0966,3533.8513,9115.4273,3796.8923,0.0626434897,0.48,0.53,2522,0.127,2.2553e-4,60148,1,0.378,0.7519446845,NY,yes
36043,New York,15866,72,0.2254,4277.2572,12608.745,3959.9659,0.049130245,0.53,0.5,4789,0.111,3.234519e-4,55778,0.5180954448,0.313,0.7992986462,NY,yes
36045,New York,21774,72,0.1927,3942.7912,12703.4734,4559.6518,0.0477610621,0.5,0.54,4579,0.109,5.100443e-4,53829,0.4804910995,0.181,0.8378808443,NY,yes
36047,New York,397553,74,0.4466,5743.0149,21535.5286,9994.5184,0.0784997907,0.33,0.39,4561,0.097,6.760027e-4,66501,1.47722e-5,0.613,0.8002528775,NY,yes
36049,New York,6492,73,0.1683,4103.7059,10477.2863,3352.9588,0.050938213,0.55,0.55,4654,0.14,6.806065e-4,56599,0.8684978034,0.318,0.7840343515,NY,yes
36051,New York,14705,70,0.2688,3572.1003,11031.0867,2428.9446,0.0450944285,0.49,0.51,4625,0.126,4.112167e-4,60268,0.5465263866,0.416,0.8371939113,NY,yes
36053,New York,16073,72,0.1861,4077.994,12115.1198,5442.3653,0.0484732327,0.5,0.48,4149,0.107,6.073875e-4,61713,0.5894583481,0.388,0.816864397,NY,yes
36055,New York,169138,68,0.397,3889.5524,14436.4099,2316.1473,0.0428637483,0.44,0.53,4910,0.091,0.0010599698,62159,0.0644997474,0.187,0.8401645316,NY,yes
36057,New York,12130,71,0.3299,4024.0149,13562.1357,3491.4899,0.0530750849,0.45,0.49,5111,0.122,5.257305e-4,52092,0.4093868854,0.386,0.7603763988,NY,yes
36059,New York,286633,74,0.131,5982.7567,20687.3917,11167.1898,0.0461192624,0.45,0.55,3422,0.085,0.0014282107,117767,0.0019223132,0.464,0.8981983413,NY,yes
36061,New York,298458,75,0.2245,5140.7497,18313.423,7763.3731,0.0614092312,0.39,0.49,2947,0.068,0.0013679613,93007,0,0.696,0.8523727385,NY,yes
36063,New York,53637,70,0.2409,4166.1988,12506.1542,4194.7743,0.0443344177,0.44,0.46,4755,0.141,4.276896e-4,56371,0.224406266,0.321,0.7968458749,NY,yes
36065,New York,55402,72,0.2427,4730.1466,14161.3307,5235.2537,0.0495015176,0.51,0.5,4520,0.142,7.404923e-4,56516,0.3298393208,0.204,0.8074201206,NY,yes
36067,New York,101779,73,0.1792,4390.2159,14250.0067,8346.7783,0.0470482648,0.52,0.55,4326,0.114,9.419479e-4,61597,0.1258752189,0.175,0.8019576525,NY,yes
36069,New York,28441,70,0.2803,3617.5729,12954.3161,2344.8711,0.0429111641,0.52,0.54,4472,0.106,7.645817e-4,66754,0.4746828993,0.348,0.8484604908,NY,yes
36071,New York,69257,72,0.1682,4665.722,17552.8993,8438.4537,0.0542924796,0.43,0.53,4487,0.094,6.990425e-4,83188,0.2234069091,0.443,0.8010248719,NY,yes
36073,New York,9688,68,0.3271,3787.2784,12036.8439,2660.0626,0.0529443891,0.43,0.47,4593,0.157,7.38698e-5,53115,0.6087960264,0.381,0.807100163,NY,yes
36075,New York,27001,71,0.1855,4312.3411,13414.5722,5110.5149,0.0527969764,0.52,0.49,4461,0.108,3.986497e-4,57640,0.6175466182,0.376,0.8446797891,NY,yes
36077,New York,15156,72,0.22,3646.6191,11659.3836,2680.7728,0.0553315202,0.47,0.53,3937,0.093,0.001154831,52414,0.7056650444,0.303,0.7929001666,NY,yes
36079,New York,20774,73,0.1185,4363.5843,16195.4992,8656.874,0.0422754195,0.42,0.54,3545,0.07,4.9549e-4,105600,0.2054959382,0.603,0.9184024789,NY,yes
36081,New York,392854,74,0.30620000000000003,5412.2872,20367.0221,9912.6283,0.1005858703,0.34,0.44,3704,0.112,6.538225e-4,72975,0,0.621,0.8346004529,NY,yes
36083,New York,34502,71,0.2163,4410.2273,14204.4697,5566.0606,0.0424387655,0.44,0.52,4369,0.101,4.766624e-4,70688,0.3051201475,0.32,0.8498289835,NY,yes
36085,New York,95371,72,0.2208,5667.5756,18541.3239,8510.689,0.0530720833,0.4,0.46,3929,0.112,9.765235e-4,86624,0,0.517,0.8171444726,NY,yes
36087,New York,59304,74,0.1989,4718.0679,19823.0329,8733.1885,0.0534908954,0.44,0.54,3625,0.086,8.811925e-4,99831,0.0071738635,0.413,0.8224277664,NY,yes
36089,New York,25113,71,0.2264,3673.1268,11104.3228,2764.5533,0.0551043864,0.52,0.54,5113,0.117,5.275482e-4,51742,0.6199171014,0.268,0.7996327475,NY,yes
36091,New York,54086,72,0.1603,4329.3901,13481.0013,5096.3895,0.040686654,0.5,0.56,3729,0.091,6.8647e-4,89071,0.2996170432,0.365,0.8933966061,NY,yes
36093,New York,33784,72,0.2483,4353.9105,14287.9952,6090.9324,0.0477028441,0.45,0.55,4238,0.115,8.239459e-4,64960,0.081563011,0.331,0.8377223675,NY,yes
36095,New York,8057,72,0.1973,3510.7862,11006.7114,3332.9338,0.0524584488,0.45,0.52,3318,0.122,2.89417e-4,58927,0.8284527772,0.466,0.7503782148,NY,yes
36097,New York,5093,72,0.2414,3472.3142,11305.2532,3561.2873,0.0509722619,0.46,0.51,4846,0.121,5.024565e-4,52215,0.8115357357,0.404,0.7883670126,NY,yes
36099,New York,8286,70,0.2548,3677.709,12463.1579,2865.6347,0.0556279878,0.52,0.56,5682,0.128,2.623907e-4,51064,0.5865649201,0.279,0.7958566794,NY,yes
36101,New York,23770,71,0.2477,3617.5047,11809.4887,4109.9306,0.0522029267,0.49,0.5,4288,0.137,5.741367e-4,53167,0.6037074452,0.276,0.7824189057,NY,yes
36103,New York,314573,73,0.1449,5869.2832,21173.56,10609.4788,0.0490215417,0.42,0.55,4251,0.092,7.251401e-4,105241,0.0260113168,0.43,0.8844453619,NY,yes
36105,New York,17997,71,0.2457,4352.8249,16898.6796,7692.6255,0.0616638761,0.37,0.49,4133,0.119,3.4438e-4,58851,0.7416534489,0.366,0.80212177120000006,NY,yes
36107,New York,12173,72,0.1823,3722.51,12365.9363,5637.0518,0.045626686,0.48,0.5,4990,0.12,3.088962e-4,60699,0.6565867971,0.332,0.8330004993,NY,yes
36109,New York,18267,73,0.2061,3758.1557,13253.2623,4709.7651,0.0479626486,0.47,0.54,3160,0.065,8.366328e-4,59176,0.433431137,0.201,0.8525165329,NY,yes
36111,New York,44008,73,0.195,4071.5707,15141.9075,6859.9236,0.0601659145,0.41,0.5,4252,0.096,6.774954e-4,64090,0.4604012209,0.401,0.8609203693,NY,yes
36113,New York,19064,71,0.2164,4071.1558,10629.2006,4022.276,0.0486722999,0.52,0.53,3938,0.096,0.0012137244,63240,0.3392941391,0.306,0.8309834017,NY,yes
36115,New York,15609,71,0.2069,3642.6219,10980.8959,3274.2095,0.0538820807,0.46,0.5,4422,0.135,3.431541e-4,56897,0.6789894963,0.388,0.796826851,NY,yes
36117,New York,23448,67,0.4384,3769.6118,13279.7571,2410.9283,0.0484777679,0.42,0.51,5551,0.132,2.55374e-4,61989,0.6069722305,0.39,0.8073257081,NY,yes
36119,New York,188332,75,0.1612,4536.5187,17772.5905,7934.8652,0.0580510745,0.46,0.54,3678,0.079,0.00139002,101741,0.0327347745,0.416,0.8617689498,NY,yes
36121,New York,9457,70,0.2254,3851.6862,10868.8919,3085.6848,0.0464527882,0.44,0.5,5002,0.119,2.993639e-4,58214,0.6408255248,0.38,0.7728215116,NY,yes
36123,New York,6218,71,0.2673,3400.2084,9301.1985,2489.3174,0.0843269954,0.52,0.54,3454,0.141,4.830723e-4,60612,0.7122455421,0.32,0.7544567777,NY,yes
37001,North Carolina,36116,71,0.1833,4177.204,12836.5019,6330.9753,0.1378524938,0.44,0.53,4870,0.107,4.38607e-4,57963,0.2855800597,0.326,0.7762690296,NC,no
37003,North Carolina,8993,72,0.1692,4004.1973,12327.6495,6984.5226,0.1280064512,0.48,0.46,4451,0.17,2.409445e-4,54960,0.7277810635,0.364,0.7395017291,NC,no
37005,North Carolina,3617,73,0.1746,3618.3784,11515.1351,3761.0811,0.1780411728,0.39,0.54,5359,0.127,0.0010751725,41420,1,0.306,0.7642276423,NC,no
37007,North Carolina,5850,70,0.2799,3753.539,13005.4446,5382.9401,0.1344654018,0.37,0.46,7504,0.133,4.421755e-4,40826,0.785104646,0.441,0.7462451423,NC,no
37009,North Carolina,8543,73,0.1854,3393.5719,10226.3998,4985.0414,0.1538114569,0.43,0.53,4669,0.135,4.426574e-4,41542,0.8486492431,0.378,0.7036354498,NC,no
37011,North Carolina,4997,73,0.1634,3191.0394,9518.2796,4459.4982,0.180618301,0.35,0.49,3160,0.116,2.856327e-4,45823,0.8878462662,0.268,0.7092047016,NC,no
37013,North Carolina,14107,72,0.1628,4386.9884,12019.4454,7153.1629,0.1307078594,0.55,0.55,3805,0.102,5.097814e-4,49410,0.6560020101,0.311,0.6930105071,NC,no
37015,North Carolina,5627,71,0.2831,3841.3667,9919.4631,5033.252,0.1261355958,0.5,0.39,5139,0.223,1.57679e-4,37899,0.8324405601,0.34,0.5818687571,NC,no
37017,North Carolina,8497,71,0.2277,4118.822,11477.0807,5813.3163,0.1784956378,0.42,0.32,6089,0.223,2.109069e-4,42260,0.9123330492,0.378,0.7023320622,NC,no
37019,North Carolina,56000,72,0.0597,4597.8409,11825.6238,6750.1709,0.1366972181,0.54,0.57,3243,0.136,4.387761e-4,63712,0.4296059797,0.317,0.8451191665,NC,no
37021,North Carolina,65831,72,0.1317,3905.7485,12465.9847,5795.3033,0.1247333175,0.48,0.55,2940,0.085,0.0014241441,55448,0.2407959113,0.193,0.8163362145,NC,no
37023,North Carolina,23019,71,0.2085,3294.3484,11905.0684,5663.214,0.1360936534,0.5,0.54,3312,0.086,5.753358e-4,47890,0.4265223513,0.255,0.7188531118,NC,no
37025,North Carolina,36811,72,0.1398,3915.8044,13463.9809,4638.6446,0.106327883,0.46,0.52,5192,0.121,8.517001e-4,72071,0.1925330457,0.433,0.8869431601,NC,no
37027,North Carolina,21155,72,0.1944,3670.5302,12338.3062,5223.3188,0.1441827486,0.49,0.54,4512,0.166,4.632508e-4,48512,0.3442773007,0.342,0.7814325706,NC,no
37029,North Carolina,2162,73,0.0944,4056.211,12488.5496,6225.5378,0.1186043919,0.5,0.49,5162,0.105,1.867414e-4,69610,0.995490982,0.435,0.8621917112,NC,no
37031,North Carolina,20986,73,0.1086,4392.775,12523.948,7435.3267,0.133060845,0.48,0.5,4664,0.142,7.623267e-4,60058,0.3260316839,0.313,0.8458746429,NC,no
37033,North Carolina,6332,70,0.2777,3857.078,12413.7931,6229.5826,0.1320240044,0.47,0.46,6375,0.149,1.76227e-4,51240,0.991947384,0.483,0.6533624932,NC,no
37035,North Carolina,36921,73,0.1523,3659.2206,12676.4547,6664.3247,0.1350964419,0.49,0.57,3376,0.128,6.555228e-4,53688,0.3029515801,0.244,0.8102504854,NC,no
37037,North Carolina,21482,74,0.0711,4008.0988,12022.4198,4747.1605,0.1342883046,0.44,0.62,3350,0.115,9.297365e-4,70258,0.6592236832,0.499,0.776874591,NC,no
37039,North Carolina,10571,72,0.1595,3378.4668,9281.9983,4672.696,0.1521309482,0.41,0.45,3383,0.13,3.875559e-4,42764,1,0.297,0.7416406062,NC,no
37041,North Carolina,4300,73,0.1754,3947.5588,12163.8336,6458.5895,0.1198192134,0.52,0.49,2934,0.17,8.55371e-4,47126,0.6761982019,0.444,0.690037502,NC,no
37043,North Carolina,4356,72,0.1381,3455.3846,9380.7692,5403.8462,0.1633324559,0.46,0.47,2979,0.063,5.38648e-4,47116,1,0.34,0.7724179343,NC,no
37045,North Carolina,24749,71,0.2037,3620.4262,13553.2728,6349.3505,0.1307881137,0.46,0.51,6911,0.147,5.018178e-4,46012,0.5579028936,0.343,0.6610920927,NC,no
37047,North Carolina,13922,71,0.2293,4579.6555,13704.7901,7078.7137,0.1561037134,0.42,0.46,6318,0.192,3.413889e-4,39531,0.8059485697,0.384,0.6664040778,NC,no
37049,North Carolina,25906,72,0.1164,5354.9119,13310.4939,9602.6694,0.1168366434,0.56,0.57,4138,0.13,6.899098e-4,53372,0.2770880634,0.245,0.8135885121,NC,no
37051,North Carolina,58291,70,0.1646,4345.0269,13828.8904,5880.5536,0.1071065126,0.39,0.41,5934,0.12,8.034183e-4,46599,0.1336814523,0.253,0.8435265134,NC,no
37053,North Carolina,6156,71,0.0935,3993.9096,12430.5458,5794.5655,0.1255294741,0.41,0.47,4734,0.106,2.585697e-4,70699,0.9831401028,0.597,0.8310207185,NC,no
37055,North Carolina,10277,73,0.0659,3427.2821,10290.7427,5057.1171,0.1480043376,0.43,0.5,2231,0.114,6.027232e-4,63033,0.2895931604,0.209,0.9067551034,NC,no
37057,North Carolina,40085,71,0.1672,4165.2331,12412.3863,4735.2339,0.1422993139,0.43,0.53,4572,0.163,2.520797e-4,53924,0.4738454549,0.335,0.7893418151,NC,no
37059,North Carolina,11370,72,0.1201,4569.8847,13260.3266,4733.6695,0.1310486268,0.52,0.58,4152,0.119,4.212201e-4,63828,0.702885548,0.404,0.8351112466,NC,no
37061,North Carolina,11528,72,0.2215,4414.9423,12821.3552,8002.2113,0.207195871,0.43,0.43,4606,0.163,2.038875e-4,44929,0.8646440475,0.365,0.65415075,NC,no
37063,North Carolina,52272,72,0.1281,3975.3936,12815.1842,4799.6455,0.1255573085,0.47,0.58,4439,0.072,0.0012470836,65541,0.0562770239,0.262,0.8701896739,NC,no
37065,North Carolina,13277,70,0.2638,4372.782,12661.8045,7860.1504,0.1272206869,0.49,0.52,5760,0.195,3.461206e-4,40784,0.4530697411,0.295,0.6428064867,NC,no
37067,North Carolina,78871,71,0.1599,4464.2689,13332.9807,4133.4039,0.1278524112,0.48,0.54,4058,0.116,0.0011474575,53054,0.0734650811,0.237,0.8120368352,NC,no
37069,North Carolina,14909,71,0.1643,4200.1693,12579.9125,5679.5035,0.1379310345,0.43,0.55,4801,0.119,7.40083e-5,57371,0.8531813458,0.552,0.7863756353,NC,no
37071,North Carolina,48132,71,0.1803,4233.1805,13942.3474,6441.3143,0.1240306717,0.45,0.52,5465,0.11,5.699003e-4,56542,0.1964762284,0.412,0.7989848928,NC,no
37073,North Carolina,2709,72,0.1661,3849.4048,12619.0476,5536.9048,0.1077929155,0.44,0.45,6007,0.158,NA,54204,1,0.596,0.7296248383,NC,no
37075,North Carolina,2383,72,0.2554,3005.4348,8764.7516,5029.5031,0.1845600875,0.34,0.4,2506,0.07,2.357379e-4,45813,1,0.35,0.5723548482,NC,no
37077,North Carolina,12808,71,0.2237,3934.0989,11556.665,4823.5979,0.1248629946,0.41,0.5,4652,0.121,4.491391e-4,54300,0.5474998331,0.482,0.7957009346,NC,no
37079,North Carolina,4240,71,0.2138,4520.3816,12709.4536,7274.935,0.1959468528,0.44,0.52,5949,0.149,1.427756e-4,44648,1,0.415,0.7283640424,NC,no
37081,North Carolina,103812,72,0.1675,4251.3366,12981.9565,6808.0448,0.1145706132,0.45,0.55,4275,0.111,7.795079e-4,55820,0.1269435674,0.235,0.7628378279,NC,no
37083,North Carolina,14083,70,0.2927,3579.7843,10404.1759,6604.5354,0.1329265749,0.45,0.48,5706,0.232,5.140982e-4,38727,0.5470552742,0.339,0.5806727887,NC,no
37085,North Carolina,22893,71,0.1736,4557.6356,14008.927,7087.7968,0.1395379503,0.41,0.49,6382,0.148,2.905807e-4,55619,0.5592092642,0.5,0.7885546944,NC,no
37087,North Carolina,19378,72,0.1345,3744.6079,11063.6968,4270.9131,0.1232311067,0.46,0.5,4966,0.116,7.422827e-4,51612,0.5544074802,0.318,0.7152665741,NC,no
37089,North Carolina,35878,74,0.0909,3864.6828,12040.1126,4488.5393,0.1456131599,0.49,0.53,2369,0.116,9.079385e-4,61651,0.3327056399,0.267,0.823307125,NC,no
37091,North Carolina,5636,71,0.2631,3456.4103,10263.7821,5503.8462,0.1231637732,0.47,0.44,4679,0.252,7.185426e-4,42374,0.6863675058,0.319,0.6457885811,NC,no
37093,North Carolina,8038,68,0.2121,4327.3603,13495.5871,6228.9382,0.1528197644,0.45,0.41,5763,0.122,2.008619e-4,48420,0.4315045152,0.48,0.8029664588,NC,no
37095,North Carolina,1305,71,0.2028,3528.2759,9268.9655,5831.7241,0.171883893,0.38,0.51,2448,0.192,1.912046e-4,43112,1,0.272,0.56394453,NC,no
37097,North Carolina,38034,72,0.1133,4613.1726,14244.5751,7244.6339,0.1206961003,0.45,0.53,4714,0.119,7.341609e-4,68308,0.3791215339,0.339,0.8289562898,NC,no
37099,North Carolina,9392,72,0.1598,3274.761,11463.6711,4364.4359,0.1735061897,0.36,0.47,2963,0.103,9.232119e-4,47759,0.7308981649,0.229,0.7144816073,NC,no
37101,North Carolina,37992,71,0.1656,4391.7147,13740.3018,6166.1454,0.135797652,0.45,0.53,5567,0.124,2.713704e-4,62835,0.5203697344,0.496,0.778389978,NC,no
37103,North Carolina,2856,72,0.2063,5595.911,13925.436,9618.16,0.1576576577,0.52,0.53,4790,0.272,5.188337e-4,46275,1,0.476,0.5891223733,NC,no
37105,North Carolina,13322,72,0.1483,4962.0894,13690.204,8199.6817,0.1615454762,0.43,0.54,5485,0.109,6.020959e-4,53114,0.4276431756,0.36,0.7386498584,NC,no
37107,North Carolina,14979,70,0.2749,4821.3327,14776.0532,8467.3824,0.1421292084,0.47,0.51,7491,0.155,4.644848e-4,39947,0.4500546264,0.276,0.7534992224,NC,no
37109,North Carolina,20721,72,0.1257,3977.5987,13122.0279,6540.7742,0.1237107395,0.48,0.57,5102,0.096,5.133103e-4,70479,0.5455312081,0.524,0.8262905089,NC,no
37111,North Carolina,12623,71,0.2194,3430.0306,10727.443,4611.8488,0.138268514,0.44,0.43,3639,0.122,2.856703e-4,46370,0.703018046,0.304,0.7330105101,NC,no
37113,North Carolina,12651,73,0.1221,3352.7571,10125.6681,4320.4276,0.17874995,0.41,0.47,1209,0.146,6.801757e-4,46279,0.8001002299,0.268,0.7499528924,NC,no
37115,North Carolina,6201,71,0.2063,3425.7095,9526.2104,5632.0534,0.1252974327,0.41,0.42,3009,0.074,5.513946e-4,50062,0.9061837796,0.482,0.7262882304,NC,no
37117,North Carolina,6755,72,0.2201,4494.5223,13608.9172,6849.172,0.119804401,0.49,0.51,6709,0.217,4.410921e-4,39413,0.7812283208,0.382,0.6834079761,NC,no
37119,North Carolina,153225,72,0.1405,4049.1707,12984.6872,5647.8632,0.1297381737,0.44,0.53,3960,0.082,8.821639e-4,69455,0.010654308,0.374,0.8815121492,NC,no
37121,North Carolina,4725,72,0.1999,3422.3706,8510.8514,4436.9783,0.1450902884,0.4,0.39,1751,0.122,6e-4,47675,0.8264330188,0.322,0.7217843632,NC,no
37123,North Carolina,6654,72,0.2312,4107.8956,12565.5867,5501.4155,0.1537001898,0.49,0.52,4595,0.214,2.566829e-4,46497,0.7683646305,0.305,0.6928886709,NC,no
37125,North Carolina,28229,74,0.0944,5120.234,13961.4865,8442.9371,0.1188744947,0.52,0.59,3772,0.083,0.0011552259,63942,0.5065781273,0.349,0.8210994199,NC,no
37127,North Carolina,23174,71,0.1817,4300.0241,12863.3919,9809.0537,0.1206975184,0.45,0.56,5975,0.16,5.637338e-4,50902,0.4756260434,0.259,0.765664262,NC,no
37129,North Carolina,51067,73,0.1129,4731.8105,13805.4407,8469.0488,0.1174668029,0.52,0.59,3872,0.073,9.213257e-4,57252,0.0221496346,0.182,0.854168845,NC,no
37131,North Carolina,5871,72,0.2413,3617.8583,10945.6759,6218.5451,0.1246651705,0.47,0.5,6371,0.231,5.08233e-5,39777,0.8936603466,0.401,0.5290745291,NC,no
37133,North Carolina,28845,70,0.1471,4002.4633,12549.819,7757.0883,0.0989435614,0.42,0.44,4502,0.086,3.288093e-4,50645,0.2634891884,0.299,0.8706240487,NC,no
37135,North Carolina,25897,72,0.1131,3652.4946,11875.6616,4178.4816,0.1042420867,0.48,0.62,2687,0.072,0.0018763653,74314,0.2853192428,0.325,0.8818008094,NC,no
37137,North Carolina,4395,73,0.1153,4692.8666,12029.0621,9365.2576,0.1324334185,0.52,0.6,2923,0.196,3.94633e-4,52522,1,0.405,0.7376292467,NC,no
37139,North Carolina,9265,71,0.1827,4299.8959,14009.5453,6933.1829,0.1159354839,0.5,0.45,5535,0.125,6.30692e-4,51245,0.4131969209,0.359,0.7868272437,NC,no
37141,North Carolina,14419,72,0.1363,4209.4403,12516.6193,7984.8017,0.1279848137,0.45,0.5,4662,0.154,2.89566e-4,60405,0.6875538618,0.522,0.7919043238,NC,no
37143,North Carolina,4235,73,0.1393,4029.7172,12200.5013,6971.357,0.1361391233,0.49,0.49,4176,0.127,1.490091e-4,50804,1,0.468,0.7260781671,NC,no
37145,North Carolina,10297,71,0.1842,3849.5536,11998.8839,6041.9643,0.1171778166,0.46,0.58,5195,0.117,3.796796e-4,54553,0.7552199473,0.488,0.7857951686,NC,no
37147,North Carolina,33056,70,0.2204,4792.7873,13039.6532,6478.4338,0.1184081737,0.48,0.53,5475,0.105,0.0010949676,52961,0.2543592549,0.226,0.8075473861,NC,no
37149,North Carolina,6986,74,0.0912,3804.9687,10776.4105,4652.4263,0.1400863595,0.4,0.5,3360,0.159,5.822134e-4,53405,0.9227206241,0.431,0.7729026568,NC,no
37151,North Carolina,33257,71,0.1889,4430.1757,13546.4282,6539.7733,0.1574229596,0.41,0.55,4676,0.12,4.743601e-4,50129,0.562425927,0.329,0.7565660317,NC,no
37153,North Carolina,10948,70,0.2534,4363.2417,13310.9624,6927.4602,0.1357205388,0.48,0.47,5618,0.232,3.118943e-4,40518,0.4553056455,0.307,0.7275843308,NC,no
37155,North Carolina,26177,69,0.3216,4159.8987,14254.2281,5377.5889,0.1851782434,0.38,0.4,8546,0.159,4.096153e-4,36366,0.626132908,0.313,0.5905458663,NC,no
37157,North Carolina,24996,70,0.2316,3814.4728,13906.4094,6198.4838,0.1331428491,0.41,0.53,6375,0.154,3.859301e-4,44686,0.6194483304,0.394,0.6959452231,NC,no
37159,North Carolina,33733,71,0.1604,4123.222,13812.9252,6404.0662,0.1360031263,0.47,0.51,5322,0.114,4.035055e-4,52051,0.3882234808,0.336,0.8073727835,NC,no
37161,North Carolina,17629,72,0.1847,3279.5914,11997.3351,5338.5521,0.1395290143,0.41,0.51,4464,0.15,4.339628e-4,44547,0.6104114437,0.32,0.7024697373,NC,no
37163,North Carolina,13890,72,0.2017,4579.4449,13679.3698,7800,0.1876679284,0.46,0.49,6927,0.179,4.243548e-4,45997,0.8496318835,0.357,0.6415698668,NC,no
37165,North Carolina,8508,70,0.2507,4589.9923,12653.5614,6143.4772,0.1448074679,0.55,0.42,6283,0.197,5.745475e-4,39197,0.4839173604,0.256,0.6132177681,NC,no
37167,North Carolina,15177,71,0.1989,3993.1478,13564.5967,5477.3733,0.1296095111,0.47,0.52,6113,0.105,3.5441e-4,58303,0.6771313031,0.394,0.8142465284,NC,no
37169,North Carolina,12352,70,0.1867,4474.4711,11765.8674,3882.6516,0.1237379403,0.42,0.5,5266,0.163,2.199397e-4,52356,0.7569671526,0.464,0.7014506078,NC,no
37171,North Carolina,19349,71,0.2261,4391.2793,13519.787,3803.5689,0.1515402948,0.41,0.52,5670,0.12,5.420582e-4,48637,0.6880539682,0.339,0.6556100573,NC,no
37173,North Carolina,4039,71,0.1958,3439.1513,11821.0568,3767.8143,0.1929054351,0.23,0.42,4582,0.129,8.424008e-4,46075,1,0.182,0.603202847,NC,no
37175,North Carolina,11003,74,0.0931,3541.7566,11522.6631,4990.7023,0.1659070191,0.44,0.54,1124,0.13,7.891276e-4,55628,0.5963735267,0.343,0.8081966088,NC,no
37177,North Carolina,925,72,0.2763,3761.1408,9431.3725,5828.877,0.1707957958,0.38,0.43,3471,0.187,NA,37680,1,0.377,0.6342534504,NC,no
37179,North Carolina,37551,73,0.1052,4145.5391,13016.0372,5738.2047,0.1229484216,0.44,0.53,4970,0.096,6.994252e-4,86138,0.2728921169,0.486,0.9081156839,NC,no
37181,North Carolina,10898,69,0.3279,3908.7031,11713.9505,5312.7133,0.1316063635,0.36,0.48,6208,0.185,4.26181e-4,40450,0.5407952094,0.278,0.7041777778,NC,no
37183,North Carolina,163641,72,0.1056,4160.8677,13161.0998,5526.2825,0.0996583179,0.47,0.59,3775,0.086,8.495796e-4,84377,0.0610137926,0.364,0.913737093,NC,no
37185,North Carolina,5742,72,0.2195,3638.6524,10755.6461,5397.2603,0.1647710913,0.39,0.46,6115,0.126,5.04872e-5,37027,1,0.445,0.5846390958,NC,no
37187,North Carolina,3644,72,0.1968,3666.1772,9408.2232,5363.1914,0.1283829884,0.41,0.46,4167,0.186,3.372966e-4,40157,0.6775778651,0.27,0.6284910589,NC,no
37189,North Carolina,10193,73,0.119,3492.3354,11192.2453,4682.2362,0.1280085145,0.43,0.56,2665,0.077,7.507373e-4,51630,0.5543569764,0.217,0.8290079233,NC,no
37191,North Carolina,25876,71,0.2002,4185.6175,13005.7645,7081.64,0.1483678932,0.42,0.47,5298,0.16,4.787096e-4,45634,0.4640401882,0.24,0.7985851106,NC,no
37193,North Carolina,18603,71,0.2004,3738.6249,12505.239,5507.8226,0.1532515639,0.45,0.53,4557,0.159,4.230057e-4,45250,0.7279059706,0.309,0.7464264598,NC,no
37195,North Carolina,18935,72,0.1981,4205.3484,13707.1052,8155.8657,0.146672821,0.45,0.54,6682,0.113,4.665153e-4,42414,0.3866115173,0.233,0.7528893609,NC,no
37197,North Carolina,9518,71,0.1738,4371.5374,13506.2327,4314.4044,0.1451667115,0.47,0.52,4786,0.123,3.196335e-4,50929,0.8467687341,0.402,0.7166936791,NC,no
37199,North Carolina,5917,72,0.1822,3597.6974,9195.3947,4395.7237,0.1512892675,0.41,0.38,1925,0.152,6.702787e-4,47664,1,0.374,0.703195739,NC,no
38001,North Dakota,706,74,0.1145,1931.2977,4748.0916,1576.3359,0.0938256659,0.49,0.58,3117,0.129,0.0043591979,55880,1,0.109,0.7806763285,ND,yes
38003,North Dakota,2836,73,0.1434,3871.0676,8525.0129,5843.7339,0.0862068966,0.61,0.57,4065,0.098,0.0010434453,60689,0.3955358757,0.235,0.770398108,ND,yes
38005,North Dakota,1158,71,0.2405,3985.5234,8967.706,3649.2205,0.1267366994,0.47,0.38,4363,0.138,NA,45709,1,0.276,0.5840747331,ND,yes
38007,North Dakota,192,74,NA,3299.2701,6291.9708,5116.7883,0.081232493,0.44,0.41,NA,0.054,0,69528,1,0.462,0.7049608355,ND,yes
38009,North Dakota,1768,74,0.1067,3813.9825,6506.2422,1693.5081,0.0942028986,0.53,0.36,2314,0.108,3.119638e-4,62904,1,0.211,0.804144385,ND,yes
38011,North Dakota,808,74,0.0971,2918.3359,4788.906,1451.4638,0.1010351967,0.47,0.18,3168,0.098,3.250975e-4,65411,1,0.148,0.8259259259,ND,yes
38013,North Dakota,520,74,0.0626,3127.4298,5507.5594,1535.6371,0.0818783865,0.42,0.38,1308,0.075,NA,67545,1,0.333,0.7436464088,ND,yes
38015,North Dakota,19065,73,0.1106,3910.7434,11289.8911,4065.592,0.0612268653,0.57,0.59,4222,0.087,0.0010706076,73565,0.1854799036,0.101,0.8276507961,ND,yes
38017,North Dakota,28169,72,0.154,3497.2944,10529.5815,2947.1501,0.0721154155,0.57,0.59,4281,0.076,9.86139e-4,63977,0.104347768,0.085,0.8536845853,ND,yes
38019,North Dakota,1107,75,0.0825,3376.8614,6390.6071,1676.9759,0.0752958049,0.61,0.55,2087,0.134,2.611648e-4,63484,1,0.128,0.7835348302,ND,yes
38021,North Dakota,1197,73,0.123,3602.0882,7053.3643,5400.232,0.0927780706,0.48,0.5,4477,0.131,8.15827e-4,57490,1,0.184,0.7904672015,ND,yes
38023,North Dakota,563,74,0.0705,2884.5401,5383.5616,1704.501,0.1018246027,0.45,0.18,5281,0.073,NA,61506,1,0.209,0.6050895382,ND,yes
38025,North Dakota,812,73,0.101,3448.6755,6697.0199,5556.2914,0.1383855025,0.5,0.27,3735,0.129,NA,75723,1,0.359,0.8067375887,ND,yes
38027,North Dakota,680,74,0.1437,2988.024,5137.7246,1944.1118,0.0940509915,0.6,0.31,4017,0.095,NA,54465,1,0.168,0.7231638418,ND,yes
38029,North Dakota,1004,73,0.1176,3537.4046,7882.4427,1899.2366,0.1319473908,0.5,0.36,6115,0.112,3.034901e-4,53073,1,0.21,0.6246056782,ND,yes
38031,North Dakota,817,75,0.1172,3103.4483,5048.2759,1674.1379,0.0785340314,0.56,0.45,2983,0.111,6.218905e-4,54917,1,0.138,0.7898805341,ND,yes
38033,North Dakota,447,75,0.0964,2497.4619,5565.9898,3098.9848,0.1,0.47,0.3,2513,0.09,0,58370,1,0.282,0.7149643705,ND,yes
38035,North Dakota,11606,72,0.1537,4078.1978,11801.2688,3042.465,0.0745462624,0.54,0.57,3428,0.092,0.0012293345,57388,0.1676911802,0.106,0.8080453741,ND,yes
38037,North Dakota,707,75,0.1266,3343.3476,6761.8026,1967.8112,0.1530550514,0.48,0.26,8455,0.149,NA,41841,1,0.32,0.6973929236,ND,yes
38039,North Dakota,720,74,0.0957,3000,5507.8125,2623.0469,0.0788113695,0.54,0.34,7267,0.139,4.480287e-4,56527,1,0.183,0.7676767677,ND,yes
38041,North Dakota,624,73,0.1083,2483.3333,5710.4167,2525,0.109030837,0.48,0.25,5613,0.105,NA,54600,1,0.309,0.7632805219,ND,yes
38043,North Dakota,679,71,0.1231,3546.1538,9289.7436,4558.9744,0.1033732318,0.4,0.51,4600,0.08,NA,50570,1,0.33,0.7042124542,ND,yes
38045,North Dakota,1131,75,0.0778,3447.8708,6853.1571,6117.4743,0.1140825999,0.55,0.5,3562,0.08,2.461841e-4,56059,1,0.265,0.7530186608,ND,yes
38047,North Dakota,536,75,0.1176,3243.6975,7123.2493,2812.3249,0.1652298851,0.56,0.37,3993,0.108,5.254861e-4,51496,1,0.182,0.7243816254,ND,yes
38049,North Dakota,1404,72,0.1268,3793.5103,8429.6952,2235.0049,0.08636067,0.54,0.52,5215,0.099,NA,59661,1,0.389,0.7794911334,ND,yes
38051,North Dakota,883,76,0.131,3623.5489,5878.9386,1469.3201,0.1304836895,0.38,0.18,6757,0.093,7.736944e-4,47349,1,0.118,0.6924864446,ND,yes
38053,North Dakota,1289,73,0.0768,3040.7031,6598.5199,2685.4764,0.0986380853,0.41,0.29,2553,0.074,1.467136e-4,86890,1,0.258,0.8535564854,ND,yes
38055,North Dakota,2617,73,0.086,3658.6301,7653.1507,3287.6712,0.0874226804,0.52,0.43,3412,0.105,2.096216e-4,67453,1,0.297,0.7233502538,ND,yes
38057,North Dakota,2033,73,0.096,3788.8418,6645.4802,4115.8192,0.0584269663,0.54,0.22,3085,0.117,7.257772e-4,83341,0.6499287749,0.197,0.8358047991,ND,yes
38059,North Dakota,6628,71,0.1476,3659.1093,10801.0796,3138.4615,0.0725765654,0.55,0.53,4802,0.093,4.823927e-4,68051,0.3185541116,0.171,0.8137117582,ND,yes
38061,North Dakota,1532,72,0.0865,3414.6718,7586.1004,2484.1699,0.1453019764,0.38,0.35,3211,0.129,3.91466e-4,69040,1,0.277,0.7226190476,ND,yes
38063,North Dakota,998,75,0.1171,3508.3655,7091.3771,2483.9125,0.0986050986,0.56,0.52,3148,0.11,NA,56098,1,0.311,0.6946148603,ND,yes
38065,North Dakota,459,72,0.0915,3879.085,8421.5686,4088.2353,0.071334214,0.67,0.35,7921,0.086,0,72919,1,0.465,0.77100271,ND,yes
38067,North Dakota,1893,73,0.1112,3737.3176,6898.5407,2306.4628,0.0975287682,0.45,0.25,6049,0.138,2.878941e-4,59970,1,0.173,0.7153261558,ND,yes
38069,North Dakota,1123,74,0.1325,3700.6135,5787.7301,1277.3006,0.0836424958,0.53,0.28,8752,0.124,7.351139e-4,56753,0.3518476016,0.151,0.8008385744,ND,yes
38071,North Dakota,2805,73,0.186,4352.7803,9865.5424,4902.4613,0.0857592447,0.63,0.51,3610,0.122,9.581047e-4,60710,0.3499257707,0.106,0.7510356255,ND,yes
38073,North Dakota,1370,74,0.1393,3521.7391,8460.4743,5672.9249,0.0735615441,0.55,0.45,5028,0.138,3.81898e-4,66422,1,0.19,0.766765078,ND,yes
38075,North Dakota,588,74,0.0987,3654.649,8480.0759,3130.9298,0.071353065500000007,0.48,0.49,2113,0.088,NA,84986,1,0.387,0.8084210526,ND,yes
38077,North Dakota,3616,72,0.1354,3842.753,9034.1841,5270.7384,0.0766032304,0.55,0.59,5169,0.101,4.926412e-4,62837,0.5200049017,0.269,0.7972554228,ND,yes
38079,North Dakota,2410,69,0.3277,2939.6985,7601.34,1657.1748,0.1596625151,0.29,0.37,8617,0.168,6.293266e-4,45296,1,0.108,0.6666666667,ND,yes
38081,North Dakota,987,73,0.1036,4457.8005,8406.6496,6436.0614,0.0787269682,0.56,0.48,4516,0.119,NA,67551,1,0.197,0.811695279,ND,yes
38083,North Dakota,447,74,0.1056,3270.6271,7498.3498,3877.8878,0.1339187706,0.54,0.33,3337,0.105,0,58725,1,0.294,0.6607387141,ND,yes
38085,North Dakota,437,68,0.3556,3722.2222,12418.5185,1996.2963,0.1512734757,0.19,0.27,6953,0.241,NA,37133,1,0.237,0.5773381295,ND,yes
38087,North Dakota,192,74,0.0942,2391.3043,4260.8696,1340.5797,0.1239388795,0.31,0.24,NA,0.064,0,52695,1,0.371,0.7791411043,ND,yes
38089,North Dakota,5162,72,0.1436,3699.4578,8048.5412,6006.1967,0.0759219089,0.53,0.5,3279,0.07,6.452237e-4,68759,0.2732757552,0.163,0.8023794315,ND,yes
38091,North Dakota,499,74,0.0672,3370.9677,7948.9247,2475.8065,0.0567474048,0.62,0.56,1382,0.153,0,67661,1,0.231,0.8056628057,ND,yes
38093,North Dakota,5126,71,0.23,3136.5477,8922.3408,5464.1148,0.0774035675,0.59,0.57,1609,0.089,8.127361e-4,60297,0.2756398104,0.12,0.7831163,ND,yes
38095,North Dakota,619,74,0.0996,3921.875,7248.0469,2195.3125,0.0936925903,0.45,0.2,4667,0.107,NA,53024,1,0.177,0.6606805293,ND,yes
38097,North Dakota,1803,74,0.1051,3146.7958,7647.541,1834.5753,0.0755767701,0.52,0.49,2665,0.135,3.732736e-4,69443,1,0.299,0.8108187999,ND,yes
38099,North Dakota,2721,73,0.1438,3613.7828,7439.762,2149.7273,0.1090974556,0.51,0.4,5823,0.105,4.687354e-4,59153,0.6205594028,0.179,0.7010460251,ND,yes
38101,North Dakota,10839,72,0.1515,3876.1361,10046.6113,2572.5786,0.0751268148,0.56,0.55,2749,0.088,7.233113e-4,68634,0.2189541954,0.131,0.8661456307,ND,yes
38103,North Dakota,1236,74,0.1196,3565.2174,8102.7668,2653.1621,0.0743626062,0.58,0.47,2786,0.115,5.054334e-4,56167,1,0.152,0.7709727226,ND,yes
38105,North Dakota,4230,72,0.1245,2489.7004,6617.3533,2420.0999,0.0838020424,0.42,0.36,3134,0.092,5.657709e-4,84606,0.3246271989,0.136,0.7587290503,ND,yes
39001,Ohio,6864,70,0.3044,3796.2908,12067.7068,4554.3126,0.0983781857,0.33,0.42,7070,0.167,4.32838e-4,43145,0.890262697,0.484,0.6420875105,OH,yes
39003,Ohio,23245,72,0.1719,4279.577,13054.7753,4489.0119,0.0741179286,0.44,0.49,6228,0.134,6.818425e-4,58271,0.2589085027,0.195,0.8104797048,OH,yes
39005,Ohio,12380,73,0.1354,3757.6173,12293.5638,3694.6251,0.0867235372,0.44,0.48,5316,0.126,4.465532e-4,52554,0.6193755998,0.307,0.7915462605,OH,yes
39007,Ohio,25038,72,0.2021,3831.1945,13139.2665,3857.3164,0.0951402066,0.4,0.49,6681,0.139,3.282287e-4,47388,0.4636885819,0.335,0.7543349545,OH,yes
39009,Ohio,11228,70,0.2525,3821.5322,11700.7337,2877.1541,0.0904726968,0.39,0.49,3824,0.115,7.292838e-4,43621,0.4317062248,0.222,0.7560845857,OH,yes
39011,Ohio,10624,73,0.0993,4014.5817,12153.9524,3861.7038,0.0599580374,0.42,0.48,4967,0.107,4.148109e-4,64227,0.3913686914,0.203,0.8505400254,OH,yes
39013,Ohio,17025,70,0.2271,4272.344,12684.5138,3721.3322,0.07345307,0.43,0.41,7940,0.153,3.555292e-4,50166,0.5466477273,0.306,0.7393032139,OH,yes
39015,Ohio,10568,70,0.227,3785.2514,13100.5587,5789.2737,0.0790902919,0.36,0.48,5994,0.123,2.752167e-4,58441,0.7655978237,0.583,0.7517527624,OH,yes
39017,Ohio,72600,72,0.1071,3841.9727,14014.9533,4966.6053,0.0677430677,0.42,0.54,5151,0.12,5.413491e-4,68611,0.0934289517,0.373,0.868229425,OH,yes
39019,Ohio,7184,71,0.1987,3244.1332,10869.7956,3294.0954,0.0882921995,0.36,0.49,4757,0.146,2.215575e-4,56999,0.7095297545,0.427,0.7405735528,OH,yes
39021,Ohio,9055,71,0.1841,3903.8699,12650.2342,4368.0059,0.0709055877,0.36,0.46,5958,0.121,2.064303e-4,62077,0.7082325361,0.387,0.8363348506,OH,yes
39023,Ohio,32653,72,0.1298,4109.8757,13932.3087,5465.9908,0.0851933922,0.39,0.48,5251,0.141,4.309544e-4,50832,0.2360535809,0.277,0.8273182682,OH,yes
39025,Ohio,44746,72,0.1049,3728.4954,12834.7164,4283.4087,0.0700453787,0.43,0.53,5075,0.129,6.862449e-4,68724,0.2271651728,0.479,0.8553884808,OH,yes
39027,Ohio,9304,72,0.1104,3840.8545,11713.1541,4911.1858,0.0738233207,0.42,0.47,5343,0.103,7.133176e-4,52870,0.5463843958,0.392,0.8124394966,OH,yes
39029,Ohio,26353,73,0.1238,3812.1668,13231.9117,4246.0015,0.0901624687,0.41,0.51,5578,0.165,3.993571e-4,52693,0.4386457841,0.36,0.7829405109,OH,yes
39031,Ohio,8739,71,0.2312,4047.4174,11618.5436,3674.8518,0.0993752574,0.43,0.45,5242,0.121,3.276093e-4,49679,0.6146987887,0.322,0.7041309754,OH,yes
39033,Ohio,11244,72,0.1593,3836.1397,10204.5525,2646.5544,0.0746217969,0.39,0.42,5462,0.116,3.610108e-4,49484,0.3526402339,0.274,0.7816893488,OH,yes
39035,Ohio,273886,73,0.1451,3856.4235,13835.0039,4027.9714,0.0743012075,0.45,0.51,5592,0.111,0.0011271392,52503,0.0058174143,0.323,0.7883726304,OH,yes
39037,Ohio,12527,73,0.1124,4134.3759,9666.4821,6038.4722,0.0861596437,0.41,0.45,3504,0.135,4.87111e-4,56824,0.663022338,0.311,0.7856766214,OH,yes
39039,Ohio,9419,71,0.1566,3614.1491,11003.4417,2610.5163,0.0682676829,0.48,0.5,5296,0.133,5.240404e-4,60918,0.4385070574,0.241,0.8020526901,OH,yes
39041,Ohio,36514,73,0.0661,4007.4087,12016.0425,5084.1792,0.0459569517,0.51,0.58,2842,0.091,0.0014500112,110252,0.1931015877,0.428,0.9325141102,OH,yes
39043,Ohio,20686,72,0.1427,3744.312,12260.112,3901.8599,0.0638707328,0.43,0.5,5384,0.131,7.505193e-4,60790,0.2647802904,0.211,0.8062726486,OH,yes
39045,Ohio,31973,70,0.1747,3980.53,13686.2983,4474.3093,0.0639639849,0.43,0.51,4303,0.129,5.969881e-4,71782,0.3471222529,0.489,0.8457019116,OH,yes
39047,Ohio,6939,70,0.2199,3750.5273,10269.0569,3520.6387,0.0764116733,0.38,0.43,5025,0.136,3.139608e-4,51023,0.4775060282,0.362,0.7620827317,OH,yes
39049,Ohio,197592,71,0.1385,3973.9011,12866.8383,5000.04,0.0889120166,0.46,0.53,4156,0.099,0.001011982,64648,0.0135403218,0.26,0.8723347678,OH,yes
39051,Ohio,9951,73,0.0811,3658.8803,11744.2085,3149.6139,0.0717299578,0.51,0.54,2178,0.09,3.784653e-4,64334,0.5615953909,0.332,0.8221858718,OH,yes
39053,Ohio,7297,71,0.2669,3756.9882,12621.0023,2751.9516,0.0948781109,0.33,0.46,6323,0.182,9.339871e-4,48094,0.8135061744,0.392,0.6823438039,OH,yes
39055,Ohio,22670,74,0.0489,3829.4007,12611.236,4337.6404,0.0900631882,0.45,0.53,3616,0.101,6.806266e-4,79865,0.6396898992,0.451,0.8145503995,OH,yes
39057,Ohio,35055,73,0.0718,3748.3018,12241.9681,5494.0334,0.0638444369,0.39,0.47,4490,0.125,9.047888e-4,69709,0.1490966931,0.242,0.8728888482,OH,yes
39059,Ohio,9920,71,0.2137,3682.3911,11800.8021,4679.7173,0.0917117814,0.41,0.45,5825,0.126,4.100251e-4,48283,0.6141891386,0.272,0.7289765721,OH,yes
39061,Ohio,158852,72,0.125,3737.2972,13227.9887,4331.8633,0.070142381,0.49,0.56,4458,0.119,0.0011191599,60251,0.0223187691,0.306,0.8377292152,OH,yes
39063,Ohio,16437,72,0.1273,3846.8884,13034.8712,3889.6996,0.0677174548,0.4,0.56,4064,0.114,5.663111e-4,62720,0.3111042764,0.17,0.8523342831,OH,yes
39065,Ohio,6548,72,0.1424,3851.1936,12637.1353,3913.7931,0.0801840691,0.36,0.47,6723,0.155,3.17662e-4,51155,0.5537775282,0.365,0.7698235999,OH,yes
39067,Ohio,4026,71,0.2221,3948.9125,11524.5321,3545.2706,0.0813283633,0.34,0.41,5588,0.141,2.636088e-4,50137,0.8410867373,0.487,0.720552788,OH,yes
39069,Ohio,6666,73,0.1321,3455.0505,11014.6465,2313.8889,0.0636875601,0.5,0.59,3013,0.115,3.32275e-4,61351,0.6908027645,0.289,0.8437045124,OH,yes
39071,Ohio,10355,71,0.2239,3797.9535,10238.1621,3460.4735,0.1000634408,0.32,0.43,4755,0.141,3.019183e-4,47126,0.7300236298,0.439,0.7136894825,OH,yes
39073,Ohio,6745,70,0.2133,3527.9259,9883.8058,3151.5577,0.080218137,0.4,0.48,3819,0.15,4.932182e-4,51016,0.7084070796,0.444,0.7656388446,OH,yes
39075,Ohio,5410,72,0.1584,3055.3834,10425.639,3355.5383,0.2409993046,0.36,0.44,1878,0.074,2.506151e-4,62596,0.9299438229,0.209,0.5561497326,OH,yes
39077,Ohio,13476,72,0.1442,3697.9384,11775.4436,3264.3528,0.0849506973,0.43,0.51,5564,0.106,4.102284e-4,56704,0.5030355885,0.3,0.7985611511,OH,yes
39079,Ohio,7838,70,0.2779,3580.1328,11637.0318,3161.688,0.086262947,0.31,0.44,3972,0.189,4.014328e-4,50671,0.6458088789,0.354,0.7532081377,OH,yes
39081,Ohio,17511,72,0.1878,4253.5764,14342.4089,3183.8948,0.0694924504,0.36,0.45,6469,0.153,4.105402e-4,47652,0.3898205397,0.318,0.7695785329,OH,yes
39083,Ohio,14172,72,0.178,3754.5706,12470.3601,3429.3629,0.0866138422,0.37,0.44,5251,0.118,3.554522e-4,59957,0.5570000492,0.356,0.8003699243,OH,yes
39085,Ohio,57571,73,0.0747,3783.6511,13531.1156,3906.0041,0.0723177594,0.47,0.53,5144,0.105,4.29475e-4,65040,0.0652927087,0.323,0.8627971897,OH,yes
39087,Ohio,15016,70,0.2618,4076.9773,13181.5725,3705.7234,0.0765416667,0.37,0.46,6531,0.191,4.510072e-4,46433,0.4591673339,0.316,0.7384694888,OH,yes
39089,Ohio,38020,71,0.165,3739.6705,12084.2205,4397.782,0.0711023047,0.46,0.53,4744,0.117,4.266964e-4,66321,0.3552783317,0.426,0.85081596,OH,yes
39091,Ohio,10829,72,0.1301,3873.1912,10425.5485,3577.2522,0.071670689,0.39,0.49,4360,0.076,4.629834e-4,60624,0.5691482402,0.276,0.8216522996,OH,yes
39093,Ohio,73081,73,0.0929,4034.0972,13748.965,4440.7863,0.0734092693,0.45,0.53,5805,0.151,5.461108e-4,59201,0.1173794449,0.356,0.802387742,OH,yes
39095,Ohio,91591,71,0.15,3902.6673,14080.186,3713.6333,0.0875993736,0.46,0.51,5944,0.126,8.978853e-4,49924,0.0466009529,0.201,0.8140276774,OH,yes
39097,Ohio,8542,72,0.1036,3913.1587,12199.8822,3700.3238,0.0718098011,0.45,0.53,4593,0.13,3.37739e-4,65696,0.4848624381,0.414,0.8448677813,OH,yes
39099,Ohio,60762,72,0.1419,3767.5526,13738.2586,5724.0164,0.0706020113,0.41,0.48,5236,0.142,0.001045105,48018,0.1515850651,0.232,0.7977902348,OH,yes
39101,Ohio,15120,71,0.2077,4290.2466,14587.2818,3839.2907,0.0736984872,0.45,0.5,6674,0.122,2.758367e-4,51479,0.3025067292,0.274,0.7916481384,OH,yes
39103,Ohio,40908,73,0.0691,3901.6963,13235.599,4193.4268,0.0510590374,0.47,0.57,3938,0.103,6.028602e-4,78540,0.2979423438,0.434,0.8718101062,OH,yes
39105,Ohio,5847,71,0.2567,3741.6382,11388.3959,3106.1433,0.0864912089,0.37,0.51,4953,0.187,8.65576e-5,43754,0.8129575095,0.49,0.6787175235,OH,yes
39107,Ohio,9324,73,0.1067,3753.125,11065.1316,3396.875,0.0630878094,0.4,0.5,5536,0.114,4.638785e-4,67075,0.6135884745,0.207,0.8376863373,OH,yes
39109,Ohio,25071,72,0.1319,4096.021,12961.8714,6339.0468,0.0757702593,0.42,0.49,4456,0.123,4.895408e-4,63524,0.3079819718,0.28,0.8341982799,OH,yes
39111,Ohio,3787,72,0.182,3626.8382,9335.1716,3223.652,0.0906485815,0.42,0.4,5484,0.15,1.450326e-4,48231,0.9765059418,0.512,0.6537859008,OH,yes
39113,Ohio,118295,72,0.1226,4142.246,14014.0319,6217.7643,0.0840523338,0.43,0.49,4484,0.13,9.486579e-4,54704,0.043312847,0.232,0.8322768446,OH,yes
39115,Ohio,3642,71,0.2387,3677.1327,9827.0142,3578.1991,0.0840225233,0.46,0.42,6082,0.17,6.84744e-5,46883,0.8148664807,0.48,0.6946627374,OH,yes
39117,Ohio,7809,71,0.1581,3605.4296,11302.8466,3135.2135,0.0881003684,0.42,0.37,5693,0.173,1.708817e-4,59498,0.8883911907,0.535,0.789041944,OH,yes
39119,Ohio,21418,70,0.2632,4168.3654,12727.3077,4450.2885,0.0776953547,0.5,0.5,5695,0.134,6.613833e-4,52105,0.4703278574,0.281,0.7804179704,OH,yes
39121,Ohio,2818,72,0.1779,3476.6907,11129.35,3803.677,0.0847880299,0.39,0.5,6405,0.134,1.39334e-4,50788,0.6252645954,0.463,0.6716005526,OH,yes
39123,Ohio,12589,73,0.0832,3602.788,10995.2512,3565.2574,0.0710258186,0.43,0.53,4437,0.122,4.169835e-4,63352,0.4944723375,0.337,0.8084870644,OH,yes
39125,Ohio,4475,72,0.1438,3945.0085,9472.0812,2535.533,0.0765524979,0.38,0.46,4778,0.127,2.665245e-4,58100,0.8190068319,0.35,0.7550940947,OH,yes
39127,Ohio,8236,70,0.2395,3811.1337,11459.8373,4009.151,0.075873399,0.42,0.46,5895,0.098,2.220187e-4,51875,0.752426646,0.485,0.7408888889,OH,yes
39129,Ohio,11852,72,0.1125,3900.8909,11704.6771,3955.902,0.068786386,0.41,0.5,4257,0.164,4.131805e-4,63931,0.4986534525,0.512,0.8183155758,OH,yes
39131,Ohio,6501,70,0.282,3659.0488,12027.4861,3518.8388,0.0827024648,0.34,0.44,1803,0.186,2.850322e-4,46255,0.7423804382,0.396,0.711196277,OH,yes
39133,Ohio,35072,72,0.109,3474.4332,12431.5806,3841.0516,0.0745775819,0.42,0.51,4259,0.108,3.989517e-4,57439,0.328133615,0.4,0.8135949658,OH,yes
39135,Ohio,10128,72,0.1573,4176.2142,13195.7244,4985.056,0.0821211844,0.39,0.46,4464,0.101,1.707442e-4,62128,0.6922403596,0.413,0.7881361147,OH,yes
39137,Ohio,7511,73,0.1021,3876.0988,11802.4278,4046.463,0.0601338707,0.48,0.55,4109,0.097,5.62463e-4,73454,0.8466042494,0.305,0.8208148871,OH,yes
39139,Ohio,30407,72,0.1712,3867.8752,12451.629,3139.787,0.0865343377,0.41,0.44,5217,0.142,4.872047e-4,51883,0.3205462944,0.216,0.7678177052,OH,yes
39141,Ohio,17196,70,0.2523,3859.6253,12044.8607,3116.2189,0.0790030366,0.41,0.47,1041,0.151,6.109371e-4,54728,0.5867109039,0.318,0.787132838,OH,yes
39143,Ohio,14598,72,0.1447,3849.9574,12031.9084,3894.4099,0.065160251,0.45,0.52,3700,0.137,4.761986e-4,58415,0.4414380415,0.236,0.7874353101,OH,yes
39145,Ohio,17659,70,0.2857,4241.9986,14552.8243,3981.3384,0.0820346357,0.32,0.46,6799,0.156,5.82766e-4,45410,0.5427741229,0.319,0.7388639561,OH,yes
39147,Ohio,13088,72,0.1506,3849.9819,12114.8689,3134.4365,0.0670690656,0.4,0.53,4734,0.133,3.622729e-4,55664,0.4750903163,0.267,0.7898651146,OH,yes
39149,Ohio,10214,72,0.1068,3811.0749,11655.7003,4798.0456,0.0679724932,0.37,0.49,4140,0.102,3.907294e-4,64304,0.5111183052,0.193,0.8161543422,OH,yes
39151,Ohio,91459,71,0.1433,3442.3372,12827.4215,4449.9305,0.081978329,0.44,0.51,4008,0.134,7.939199e-4,55623,0.1353005703,0.263,0.8294865111,OH,yes
39153,Ohio,122627,72,0.1319,3816.1255,13641.952,4161.5502,0.0732714491,0.43,0.54,4287,0.118,9.79853e-4,57753,0.0387665865,0.292,0.8252672143,OH,yes
39155,Ohio,54517,72,0.1083,4150.7095,14008.8624,5623.6622,0.0833306146,0.42,0.49,5907,0.135,4.631797e-4,47966,0.2727328921,0.263,0.7678373296,OH,yes
39157,Ohio,22031,72,0.2009,3425.4608,11767.7419,3459.7926,0.0934580712,0.38,0.42,4341,0.107,4.01406e-4,54150,0.415804368,0.27,0.7527231034,OH,yes
39159,Ohio,10021,72,0.0783,3868.8632,12295.8761,4484.8353,0.0536123794,0.43,0.53,3845,0.088,4.668453e-4,91597,0.4995219885,0.384,0.8837324362,OH,yes
39161,Ohio,6882,72,0.1354,4344.8652,11250.0681,3958.0496,0.0687671475,0.48,0.51,3663,0.153,4.596726e-4,55361,0.5072710827,0.254,0.7625606376,OH,yes
39163,Ohio,3045,70,0.2503,3283.6478,10437.1069,3179.2453,0.0932933683,0.33,0.47,2789,0.12,1.522186e-4,46301,1,0.482,0.6398832685,OH,yes
39165,Ohio,43858,73,0.0767,3935.0844,13177.909,5010.4652,0.0542126189,0.47,0.55,4019,0.107,9.088051e-4,91645,0.1726620058,0.402,0.9152693564,OH,yes
39167,Ohio,16177,72,0.1724,4161.3842,12863.2443,2687.6234,0.082600673,0.45,0.52,7262,0.146,7.813149e-4,52565,0.5656220661,0.294,0.7329443981,OH,yes
39169,Ohio,25410,73,0.0944,3561.5863,11271.3816,4198.739,0.1218676097,0.44,0.5,4053,0.138,5.173886e-4,58747,0.5100069857,0.236,0.7943592552,OH,yes
39171,Ohio,9157,72,0.1408,4066.4477,10391.9258,2647.2861,0.0738305855,0.41,0.49,3938,0.116,4.890773e-4,54239,0.6362839382,0.177,0.8123923128,OH,yes
39173,Ohio,26171,72,0.0807,3633.3221,12476.9931,3380.3304,0.0640285164,0.48,0.54,4921,0.129,6.886209e-4,64723,0.2954625143,0.231,0.85407895,OH,yes
39175,Ohio,5295,73,0.1264,3725.1285,10425.7635,2592.3798,0.0734782361,0.48,0.5,4054,0.149,2.279462e-4,61733,0.5741764316,0.283,0.7754652571,OH,yes
40001,Oklahoma,4260,70,0.2637,3795.7282,11162.3301,4304.0777,0.2282300306,0.3,0.48,9748,0.201,2.717145e-4,39589,0.8329586034,0.38,0.4955386008,OK,midyear2021
40003,Oklahoma,1168,74,0.0951,4132.1353,9270.6131,4525.37,0.1867105986,0.39,0.35,4240,0.088,3.475843e-4,57497,1,0.278,0.764171123,OK,midyear2021
40005,Oklahoma,3319,71,0.2305,3962.7851,12867.9472,5402.561,0.2022482799,0.29,0.4,9615,0.116,1.445296e-4,41872,1,0.35,0.6828160484,OK,midyear2021
40007,Oklahoma,1008,74,0.0998,3897.8365,8527.6442,2674.2788,0.212987013,0.27,0.39,5769,0.126,NA,55397,1,0.226,0.7762557078,OK,midyear2021
40009,Oklahoma,4193,72,0.1871,3841.2888,11622.9117,5134.8449,0.1712476099,0.34,0.53,4082,0.132,6.909577e-4,50512,0.3265518333,0.203,0.7747426762,OK,midyear2021
40011,Oklahoma,2149,73,0.1394,3939.65,9493.6632,5038.624,0.1598203672,0.3,0.46,2792,0.138,4.217185e-4,50574,0.5743113121,0.247,0.7085684967,OK,midyear2021
40013,Oklahoma,10184,72,0.1809,4252.6943,15623.6529,5560.692,0.1953901179,0.35,0.46,9927,0.127,4.238006e-4,44074,0.6133062995,0.194,0.7210340231,OK,midyear2021
40015,Oklahoma,6260,72,0.2144,3943.5283,10956.4039,4395.3016,0.1833739727,0.29,0.5,5462,0.146,2.070608e-4,45755,0.7996959459,0.314,0.6864341085,OK,midyear2021
40017,Oklahoma,25824,72,0.0813,4142.2654,12722.6825,6143.5509,0.130487736,0.44,0.52,3828,0.113,3.807625e-4,75111,0.2250802745,0.347,0.867166971,OK,midyear2021
40019,Oklahoma,11481,72,0.1666,4351.4446,12003.7075,5479.417,0.1968759509,0.33,0.48,4615,0.126,5.396766e-4,51895,0.5607796959,0.208,0.6649217515,OK,midyear2021
40021,Oklahoma,10395,71,0.1965,3885.1455,10860.6432,3729.2496,0.2278357404,0.35,0.47,4319,0.186,5.136107e-4,45544,0.6004852406,0.301,0.6930693069,OK,midyear2021
40023,Oklahoma,3966,71,0.2942,4210.5085,12843.7288,4661.6949,0.1880356831,0.34,0.33,9538,0.2,4.090537e-4,37131,0.6693193029,0.294,0.6312175515,OK,midyear2021
40025,Oklahoma,595,74,0.1312,3626.2425,7689.8608,2409.5427,0.22718691,0.31,0.22,6573,0.123,NA,47602,1,0.15,0.6345957011,OK,midyear2021
40027,Oklahoma,50561,72,0.1001,4302.3088,13680.703,5310.1309,0.1306124706,0.42,0.54,3175,0.099,5.005876e-4,64706,0.1688373639,0.328,0.8752590137,OK,midyear2021
40029,Oklahoma,1205,72,0.2196,3865.1059,11139.3534,3789.2977,0.203564085,0.34,0.33,11658,0.119,1.811594e-4,41273,1,0.352,0.6434665469,OK,midyear2021
40031,Oklahoma,20973,71,0.1378,3581.0067,10420.2685,3414.1611,0.1390334416,0.37,0.44,4761,0.118,7.390676e-4,51184,0.2179003691,0.125,0.8431445778,OK,midyear2021
40033,Oklahoma,1353,73,0.1635,4075.2257,10551.655,3645.9378,0.1654459285,0.36,0.5,5237,0.119,NA,46450,0.5953495882,0.427,0.7444191344,OK,midyear2021
40035,Oklahoma,3765,70,0.2331,3772.9862,11552.8885,5106.9976,0.1919229344,0.34,0.52,5620,0.148,4.194044e-4,42978,0.6006387651,0.31,0.6899668019,OK,midyear2021
40037,Oklahoma,17116,71,0.1819,4181.0029,14044.7139,6059.7449,0.1556780633,0.35,0.51,5850,0.123,2.234512e-4,54737,0.5394400217,0.384,0.7894199115,OK,midyear2021
40039,Oklahoma,4990,72,0.1477,3872.8324,10613.505,4354.7031,0.1888781146,0.37,0.52,5086,0.099,5.854801e-4,51803,0.3032509374,0.196,0.7971463438,OK,midyear2021
40041,Oklahoma,12359,72,0.1559,3780.1525,11059.352,5265.7228,0.2322488945,0.34,0.51,3954,0.148,4.914235e-4,44602,0.811169764,0.388,0.6895871916,OK,midyear2021
40043,Oklahoma,1214,73,0.1055,3832.2785,9741.5612,4107.5949,0.1830808081,0.35,0.44,4279,0.117,4.086637e-4,56316,1,0.265,0.7667258733,OK,midyear2021
40045,Oklahoma,993,74,0.1117,3380.3681,8510.4294,3743.5583,0.1893665901,0.3,0.43,4195,0.09,5.060729e-4,54013,1,0.201,0.6846344486,OK,midyear2021
40047,Oklahoma,12745,73,0.1469,4196.4768,12980.0065,4899.9243,0.1737026028,0.39,0.52,5015,0.101,4.760888e-4,58381,0.2141135688,0.134,0.7822947199,OK,midyear2021
40049,Oklahoma,6510,72,0.1733,4016.8067,12222.569,5464.8259,0.2007823265,0.32,0.53,3988,0.167,3.23613e-4,46786,0.6870104439,0.319,0.7584952618,OK,midyear2021
40051,Oklahoma,11606,72,0.145,4018.0723,11521.3582,4732.7492,0.1470401576,0.39,0.46,3780,0.112,2.700221e-4,63647,0.6388586905,0.453,0.7267462356,OK,midyear2021
40053,Oklahoma,1090,74,0.121,3873.2877,9715.7534,4586.758,0.1448193491,0.39,0.39,3748,0.113,NA,60303,1,0.29,0.7125576037,OK,midyear2021
40055,Oklahoma,1291,72,0.261,3635.1731,9651.0758,3108.5126,0.1372389477,0.32,0.37,7961,0.079,1.717918e-4,38641,0.526526687,0.403,0.7103213242,OK,midyear2021
40057,Oklahoma,642,72,0.2724,3561.9048,15817.1429,2407.619,0.2197374818,0.25,0.43,14656,0.135,3.753754e-4,37988,1,0.265,0.7466307278,OK,midyear2021
40059,Oklahoma,876,74,0.1125,4030.5556,8431.9444,3152.7778,0.2413793103,0.27,0.49,4878,0.056,2.633658e-4,40265,1,0.187,0.6629570747,OK,midyear2021
40061,Oklahoma,3051,71,0.221,3468.7353,11926.6573,4935.59,0.2129296563,0.31,0.41,5761,0.092,2.368172e-4,41643,0.7773513979,0.35,0.6625430947,OK,midyear2021
40063,Oklahoma,3106,72,0.243,3824.8503,11461.0778,4083.3333,0.1948646921,0.23,0.42,5038,0.159,2.999625e-4,37631,0.5880882668,0.34,0.5055663117,OK,midyear2021
40065,Oklahoma,4588,73,0.1823,3773.1352,9409.9832,2908.8615,0.1533715507,0.37,0.31,5586,0.082,6.8139e-4,48430,0.2475232549,0.101,0.8068018849,OK,midyear2021
40067,Oklahoma,1570,72,0.2139,4180.4511,9288.2206,3198.8304,0.2050789586,0.29,0.3,5352,0.126,3.266373e-4,39785,1,0.429,0.6642766765,OK,midyear2021
40069,Oklahoma,2671,71,0.2402,4007.9702,11096.1743,5356.5356,0.189135281,0.31,0.47,5070,0.151,2.739976e-4,41805,1,0.349,0.6360440591,OK,midyear2021
40071,Oklahoma,10596,71,0.1789,3881.7829,11040.3995,4584.2278,0.170049227,0.33,0.49,4666,0.123,3.623106e-4,48522,0.2447489369,0.164,0.6994889267,OK,midyear2021
40073,Oklahoma,2950,73,0.1144,4050.1931,12844.5946,6722.4903,0.1715171215,0.38,0.56,4820,0.144,4.425898e-4,68839,0.7243581216,0.258,0.7184881441,OK,midyear2021
40075,Oklahoma,2333,72,0.2185,3409.4537,9319.8281,3232.0442,0.1670084969,0.29,0.51,6511,0.185,3.43682e-4,39788,0.6165572729,0.347,0.7056846822,OK,midyear2021
40077,Oklahoma,2811,72,0.2114,3397.1119,10487.8804,4060.3404,0.1770379178,0.31,0.44,4713,0.131,1.954843e-4,42014,0.7329209252,0.319,0.6749021526,OK,midyear2021
40079,Oklahoma,11838,71,0.2313,4021.0965,12330.0188,5521.7683,0.2067670127,0.32,0.42,6439,0.149,2.80112e-4,42378,0.7289615751,0.312,0.6829308362,OK,midyear2021
40081,Oklahoma,8085,72,0.157,3800.1759,11591.9982,4843.4821,0.1751974779,0.34,0.5,3579,0.14,2.290951e-4,51012,0.9211040761,0.483,0.6648123482,OK,midyear2021
40083,Oklahoma,9762,72,0.1126,3949.1183,11013.5929,5502.2043,0.1488249974,0.42,0.46,3445,0.132,4.22913e-5,66625,0.5537421143,0.504,0.8023465704,OK,midyear2021
40085,Oklahoma,2505,72,0.1523,3989.5547,9698.1858,3912.0396,0.1834152334,0.23,0.44,5034,0.132,2.960332e-4,51481,1,0.344,0.6985924113,OK,midyear2021
40087,Oklahoma,8682,72,0.0987,4106.422,12635.7798,4832.844,0.155369992,0.39,0.53,3654,0.118,4.501688e-4,75009,0.7716628992,0.477,0.8589548101,OK,midyear2021
40089,Oklahoma,7691,71,0.2752,3725.8366,11635.6378,4904.7053,0.2139400175,0.35,0.35,7016,0.151,3.97517e-4,40803,0.6925281289,0.251,0.606041436,OK,midyear2021
40091,Oklahoma,5705,72,0.2139,3664.4592,12003.0353,5492.8256,0.2141290941,0.31,0.49,5762,0.175,2.018673e-4,40614,0.8730001975,0.386,0.6206316801,OK,midyear2021
40093,Oklahoma,1730,74,0.098,4036.7435,8978.3862,3605.9078,0.1706547026,0.38,0.38,3428,0.127,3.924647e-4,59690,1,0.286,0.7435158501,OK,midyear2021
40095,Oklahoma,4194,72,0.1777,4264.8649,13088.8514,6025.3378,0.2293415479,0.32,0.49,7412,0.161,2.380102e-4,45005,0.7210227273,0.364,0.6163034705,OK,midyear2021
40097,Oklahoma,9993,72,0.1691,4300.6674,12017.5623,5017.5623,0.1855187211,0.38,0.55,5193,0.14,3.405746e-4,49293,0.7739887055,0.334,0.7708189952,OK,midyear2021
40099,Oklahoma,3391,72,0.1669,3694.6132,10506.2778,3577.9668,0.1629951954,0.29,0.47,6779,0.136,2.866767e-4,50965,0.4569988138,0.302,0.6550210004,OK,midyear2021
40101,Oklahoma,16314,71,0.21,4013.8582,13568.2868,5667.0014,0.1898122223,0.34,0.48,6416,0.153,4.827243e-4,43392,0.4111705874,0.236,0.6893344515,OK,midyear2021
40103,Oklahoma,2705,72,0.1772,3891.8782,10040.6091,3539.5939,0.1424165657,0.4,0.58,4339,0.156,3.543272e-4,56307,0.5630135801,0.275,0.7331118494,OK,midyear2021
40105,Oklahoma,2399,72,0.207,3335.4964,9622.3232,5476.963,0.1904175391,0.39,0.45,3906,0.282,1.95733e-4,47456,0.5793470008,0.446,0.6382044401,OK,midyear2021
40107,Oklahoma,2750,70,0.3085,3471.2377,11011.0401,4687.3911,0.1885282348,0.27,0.49,5168,0.153,NA,39265,0.7414486096,0.358,0.64864185110000006,OK,midyear2021
40109,Oklahoma,139571,72,0.1369,4245.8431,13614.8182,5626.0121,0.1678329199,0.44,0.5,3925,0.113,8.466001e-4,56272,0.0627538674,0.239,0.8261067082,OK,midyear2021
40111,Oklahoma,9667,71,0.228,3851.4019,12791.215,5479.2523,0.1705574562,0.26,0.47,5728,0.118,3.652015e-4,41725,0.485512491,0.422,0.6956669383,OK,midyear2021
40113,Oklahoma,10914,71,0.1565,4004.0486,11314.7333,5539.5177,0.157468788,0.31,0.39,3458,0.091,1.914323e-4,50667,0.5947295248,0.422,0.719980288,OK,midyear2021
40115,Oklahoma,7554,71,0.2004,3975.3954,11301.8453,5092.2671,0.1951348493,0.37,0.48,5310,0.146,5.132318e-4,41530,0.4930921879,0.263,0.6746011649,OK,midyear2021
40117,Oklahoma,3969,72,0.1633,3967.0947,10796.1477,5005.618,0.166349448,0.34,0.52,5544,0.234,3.050641e-4,47646,0.8113048199,0.541,0.6156335977,OK,midyear2021
40119,Oklahoma,13349,73,0.1278,3983.6152,11827.7492,4094.948,0.1630904624,0.4,0.58,3810,0.1,4.997562e-4,43025,0.3373367809,0.186,0.8021307003,OK,midyear2021
40121,Oklahoma,11204,72,0.1869,4139.5628,10979.3388,5148.7603,0.1842192943,0.39,0.46,5254,0.131,3.874467e-4,47215,0.5191657395,0.224,0.7527503368,OK,midyear2021
40123,Oklahoma,8417,71,0.2007,3753.4131,13030.8444,5541.0416,0.1809255744,0.33,0.51,4141,0.134,6.53646e-4,49510,0.5359009922,0.165,0.6909931363,OK,midyear2021
40125,Oklahoma,16273,72,0.1657,4199.9554,11804.2824,4108.9551,0.1552549141,0.36,0.53,3046,0.16,3.852557e-4,52747,0.5067106362,0.346,0.7478103176,OK,midyear2021
40127,Oklahoma,3039,72,0.2561,4258.0029,10130.4348,5018.6335,0.2095730918,0.31,0.22,8009,0.099,1.789069e-4,37718,1,0.379,0.6423944606,OK,midyear2021
40129,Oklahoma,863,74,0.0719,3815.2327,8788.4344,3911.1425,0.1951219512,0.34,0.31,4102,0.114,5.47046e-4,59286,1,0.245,0.7066085694,OK,midyear2021
40131,Oklahoma,20187,72,0.1188,4316.8646,12318.1948,5839.81,0.1422373236,0.37,0.55,4873,0.117,3.80501e-4,67054,0.5029514988,0.394,0.8105596317,OK,midyear2021
40133,Oklahoma,5778,70,0.2731,3999.1085,12848.737,4415.4532,0.1958084748,0.28,0.43,4989,0.156,3.661811e-4,40725,0.6467310258,0.333,0.61189224,OK,midyear2021
40135,Oklahoma,10406,70,0.2623,4036.9266,12183.6397,5412.8167,0.2064551356,0.3,0.45,5693,0.13,2.914107e-4,43038,0.6662499115,0.354,0.7133255784,OK,midyear2021
40137,Oklahoma,11031,72,0.16,3998.5391,9273.4356,3599.4643,0.1733896823,0.37,0.41,5813,0.15,4.622674e-4,47826,0.4332489789,0.244,0.7667464115,OK,midyear2021
40139,Oklahoma,2769,73,0.1328,4166.356,11900.7456,4467.8472,0.2392705097,0.17,0.41,2507,0.094,4.88878e-4,56014,0.4506782946,0.104,0.7430555556,OK,midyear2021
40141,Oklahoma,1705,72,0.2498,3544.5545,9964.2041,3765.4227,0.196926376,0.35,0.51,4921,0.208,2.721829e-4,41251,0.5121371371,0.276,0.7096544353,OK,midyear2021
40143,Oklahoma,122845,72,0.1443,4433.9583,14141.5636,6485.3989,0.1574505191,0.4,0.53,4852,0.108,0.0011043248,57668,0.0477939288,0.186,0.8420373544,OK,midyear2021
40145,Oklahoma,16993,71,0.1257,4329.7196,13531.7134,6260.0623,0.1524856597,0.36,0.48,6763,0.182,3.120709e-4,65191,0.3746870083,0.398,0.8637359627,OK,midyear2021
40147,Oklahoma,13026,72,0.1651,3676.4064,12740.5432,6369.7866,0.1640484848,0.41,0.58,2621,0.156,4.629362e-4,62515,0.2388182674,0.201,0.7782938157,OK,midyear2021
40149,Oklahoma,2426,73,0.1711,3639.8104,9387.0458,3939.4418,0.1898790367,0.28,0.45,4023,0.098,2.696145e-4,50823,0.7526872474,0.286,0.7331912879,OK,midyear2021
40151,Oklahoma,1787,75,0.1009,4358.2888,11173.7968,4026.0695,0.1456984274,0.4,0.51,4388,0.102,5.619872e-4,40684,0.3669745438,0.161,0.778421213,OK,midyear2021
40153,Oklahoma,3830,73,0.1322,3813.3874,9308.3164,4314.0636,0.1775147929,0.4,0.45,3845,0.116,4.450598e-4,73253,0.435087894,0.149,0.7709139426,OK,midyear2021
41001,Oregon,5508,72,0.1971,2728.4419,4505.1655,2566.9408,0.0826600373,0.37,0.38,906,0.13,8.121954e-4,48530,0.4100656998,0.144,0.7634734865,OR,yes
41003,Oregon,18922,72,0.1407,3275.3528,9002.483,3894.5374,0.062922682,0.48,0.55,1645,0.057,0.0011400528,69148,0.187639491,0.19,0.9049778823,OR,yes
41005,Oregon,93260,72,0.1517,3049.1136,9363.054,3923.2877,0.066237527,0.44,0.48,2460,0.092,9.108935e-4,80539,0.1807857614,0.468,0.8783670461,OR,yes
41007,Oregon,11661,72,0.2025,2376.579,5371.0913,2278.8362,0.0962363816,0.44,0.41,3421,0.093,6.538578e-4,59339,0.3897243446,0.221,0.8296202532,OR,yes
41009,Oregon,13157,70,0.187,3003.8478,7536.9816,4120.7781,0.0640638278,0.42,0.38,3141,0.13,3.436623e-4,72285,0.4361208486,0.579,0.8476437395,OR,yes
41011,Oregon,22123,71,0.2447,2807.1949,8180.8137,4871.9864,0.0947763934,0.4,0.46,4232,0.141,9.00775e-4,49504,0.3835318751,0.186,0.7777243293,OR,yes
41013,Oregon,7851,72,0.1425,4071.9634,7333.8186,2996.8802,0.0930667271,0.4,0.41,2370,0.139,2.93292e-4,58739,0.4801697016,0.394,0.8099707968,OR,yes
41015,Oregon,10055,72,0.1991,2785.06,6956.7798,3395.1748,0.0901211998,0.32,0.37,2506,0.12,7.890238e-4,51267,0.3873189054,0.169,0.7698653518,OR,yes
41017,Oregon,50013,72,0.1114,4454.0457,10435.6094,5201.2291,0.0811862824,0.46,0.54,2203,0.085,0.001026063,71880,0.2764354954,0.199,0.8864067099,OR,yes
41019,Oregon,36666,72,0.1643,2868.9211,7237.8959,3033.9238,0.0841007517,0.42,0.35,2334,0.127,6.437982e-4,48940,0.4117789109,0.186,0.8144139388,OR,yes
41021,Oregon,608,72,0.1928,2542.7435,4508.9463,3634.1948,0.0746489283,0.41,0.21,1642,0.134,5.279831e-4,61205,1,0.156,0.7363420428,OR,yes
41023,Oregon,2448,72,0.2023,3090.1408,5250.7042,2135.7746,0.0906498268,0.34,0.2,891,0.084,8.361204e-4,49792,1,0.186,0.7864537119,OR,yes
41025,Oregon,2179,72,0.2335,2884.9119,4604.6256,1703.1938,0.0930930931,0.33,0.34,2871,0.146,8.186656e-4,39874,0.4434114794,0.099,0.7823674476,OR,yes
41027,Oregon,4765,73,0.1751,2415.8163,4788.9031,2226.7219,0.1173110272,0.43,0.44,1740,0.09,0.0020915144,68835,0.5217488589,0.199,0.8240697674,OR,yes
41029,Oregon,60823,72,0.1543,3720.0914,10671.6386,3761.9048,0.0926623214,0.45,0.46,3066,0.107,9.336685e-4,56367,0.200525575,0.168,0.8453100033,OR,yes
41031,Oregon,6019,71,0.2089,4127.7088,8325.3395,3665.1257,0.1195616438,0.36,0.43,3025,0.183,4.546958e-4,52543,0.6312154696,0.336,0.8056585125,OR,yes
41033,Oregon,28337,72,0.1699,3266.3336,9287.548,4396.618,0.0920097237,0.4,0.4,2712,0.125,8.353072e-4,47533,0.4496391136,0.213,0.8016333489,OR,yes
41035,Oregon,19164,71,0.2178,3233.0039,8029.2213,2785.8238,0.1098702961,0.37,0.44,3209,0.114,9.312226e-4,53030,0.3758059657,0.133,0.8012264219,OR,yes
41037,Oregon,2510,72,0.2329,2924.8047,4416.9922,1956.543,0.0932815103,0.33,0.16,2848,0.104,6.345983e-4,47867,0.6333122229,0.124,0.6443812233,OR,yes
41039,Oregon,95728,71,0.2218,3651.124,9187.9464,5511.8253,0.0936065007,0.43,0.5,3282,0.094,8.587739e-4,57212,0.1752299447,0.177,0.8509572457,OR,yes
41041,Oregon,18270,72,0.2006,1992.9525,4995.9373,2004.0627,0.1157398026,0.39,0.32,3206,0.122,5.061958e-4,52276,0.3758960768,0.185,0.8241618931,OR,yes
41043,Oregon,31897,70,0.2432,3373.1369,7889.5318,3113.9751,0.0763430541,0.46,0.44,2481,0.102,6.125574e-4,61084,0.3163826796,0.304,0.8297391232,OR,yes
41045,Oregon,6600,72,0.2658,2942.0832,7708.6545,3569.4781,0.1126722139,0.38,0.42,1988,0.097,2.278275e-4,42019,0.4841759014,0.199,0.7357384218,OR,yes
41047,Oregon,69998,70,0.2572,3139.6055,9717.1434,4344.4102,0.1032478025,0.43,0.43,3111,0.111,6.774911e-4,64058,0.1309369401,0.294,0.8612989037,OR,yes
41049,Oregon,2379,71,0.2185,2124.4835,5080.062,2928.2025,0.1115516502,0.37,0.33,2575,0.148,3.517411e-4,59781,0.4586950685,0.256,0.785053554,OR,yes
41051,Oregon,136011,70,0.2759,2971.2525,9893.5741,3573.8326,0.0809051112,0.4,0.47,2744,0.079,0.0014669656,72469,0.013422472,0.357,0.8785699616,OR,yes
41053,Oregon,20049,71,0.1915,3123.7263,9820.9607,3827.4301,0.0796328019,0.41,0.45,2204,0.112,5.514231e-4,69757,0.1992626288,0.369,0.8600890942,OR,yes
41055,Oregon,579,73,0.2113,2744.1315,6178.4038,3023.4742,0.0633012821,0.4,0.29,2526,0.086,5.854801e-4,60035,1,0.327,0.7740641711,OR,yes
41057,Oregon,8992,72,0.173,1781.9724,4656.2448,1587.7266,0.0955863285,0.4,0.25,2799,0.089,7.466308e-4,52298,0.696039604,0.216,0.8192692878,OR,yes
41059,Oregon,15699,72,0.2446,2578.5047,7132.5545,4290.8879,0.1046134602,0.39,0.41,3168,0.128,4.257186e-4,58286,0.2906613607,0.196,0.7967518953,OR,yes
41061,Oregon,6938,72,0.1966,3298.8405,4532.8531,2406.5355,0.080655417,0.38,0.32,2645,0.117,7.558293e-4,54264,0.4209647351,0.159,0.8105155024,OR,yes
41063,Oregon,2675,73,0.1739,2975.2174,4304.7826,1789.5652,0.0875734847,0.42,0.34,3201,0.134,0.0015534529,52106,1,0.152,0.7762912259,OR,yes
41065,Oregon,6858,72,0.2335,2799.3276,5830.2164,2328.4303,0.1035218783,0.44,0.37,1803,0.085,9.432183e-4,56993,0.3306627533,0.194,0.7855409995,OR,yes
41067,Oregon,98589,71,0.2054,3043.6718,9921.1185,3504.9301,0.0740870163,0.41,0.49,2663,0.084,9.101632e-4,85665,0.0559003983,0.335,0.906702944,OR,yes
41069,Oregon,523,74,0.2487,3200.5076,4878.1726,3715.736,0.0967741935,0.3,0.22,1340,0.147,0,42747,1,0.331,0.7515625,OR,yes
41071,Oregon,23528,71,0.2348,3091.3396,9274.2445,3539.5805,0.0916030534,0.43,0.46,3584,0.126,6.448478e-4,71815,0.2260340951,0.416,0.8368017822,OR,yes
42001,Pennsylvania,26847,73,0.0776,4267.0012,13162.4517,3737.8805,0.0705531591,0.47,0.57,4106,0.119,5.252356e-4,67706,0.5367578175,0.404,0.809759817,PA,yes
42003,Pennsylvania,282074,72,0.1334,3817.3204,13727.3674,4565.6098,0.0499774839,0.41,0.49,4815,0.091,0.0011227361,64799,0.0248629172,0.398,0.8393972017,PA,yes
42005,Pennsylvania,18523,71,0.155,3675.8867,10942.0031,2657.8184,0.0648403275,0.44,0.4,4155,0.151,4.290333e-4,56259,0.6748669152,0.452,0.748551729,PA,yes
42007,Pennsylvania,44970,71,0.129,3860.7526,12340.3122,3319.4658,0.0511902056,0.43,0.47,4347,0.12,4.249068e-4,60323,0.2582752332,0.386,0.8075372012,PA,yes
42009,Pennsylvania,13681,71,0.1626,4203.9526,11483.7945,3204.7431,0.0742878928,0.44,0.38,3735,0.123,2.490867e-4,54251,0.8379486355,0.346,0.7340307816,PA,yes
42011,Pennsylvania,91539,73,0.1237,4277.9954,14074.7842,3857.2263,0.074630571,0.43,0.55,4232,0.104,6.235838e-4,67418,0.2373603084,0.33,0.8259863488,PA,yes
42013,Pennsylvania,33156,71,0.164,3910.201,13613.2248,3671.9555,0.0628957322,0.41,0.43,5192,0.103,8.163798e-4,51004,0.2343082407,0.21,0.7843878295,PA,yes
42015,Pennsylvania,16051,71,0.1823,3721.4262,11636.2244,7466.0396,0.0673758865,0.5,0.47,5176,0.156,9.534299e-4,51356,0.7217431574,0.323,0.7925742376,PA,yes
42017,Pennsylvania,149290,73,0.1054,4114.1346,15758.3932,6279.6473,0.0523755149,0.46,0.6,4151,0.113,8.452789e-4,93587,0.0882960229,0.451,0.8888414353,PA,yes
42019,Pennsylvania,47117,71,0.0925,3964.5722,12104.5752,3524.7326,0.0459779343,0.43,0.49,3570,0.1,6.546453e-4,72576,0.4196408176,0.419,0.8468144624,PA,yes
42021,Pennsylvania,38683,70,0.2258,3895.9147,13120.2365,3315.9506,0.0536333426,0.42,0.41,5762,0.155,8.046762e-4,48798,0.3200606908,0.287,0.7617778876,PA,yes
42023,Pennsylvania,1537,73,0.1651,4444.7403,9599.2011,2809.5872,0.0594944513,0.5,0.42,5593,0.104,4.45236e-4,43704,0.4735496559,0.234,0.7211538462,PA,yes
42025,Pennsylvania,17563,72,0.1372,4035.8015,14301.729,4380.0038,0.0616167665,0.41,0.52,5076,0.094,4.20384e-4,59985,0.4716240862,0.517,0.7987175057,PA,yes
42027,Pennsylvania,26794,72,0.1499,3929.3119,13219.9625,3604.4032,0.0676099591,0.54,0.57,3823,0.079,7.432204e-4,61036,0.3221767647,0.231,0.820810639,PA,yes
42029,Pennsylvania,104887,73,0.0779,4147.6552,14918.1049,5562.8462,0.0590400256,0.44,0.61,4104,0.089,8.600775e-4,102233,0.1327658022,0.433,0.8881767724,PA,yes
42031,Pennsylvania,9933,72,0.1534,3733.8918,10626.933,2623.7113,0.0798980459,0.45,0.41,5091,0.102,4.383816e-4,49173,0.7656046814,0.296,0.7690531178,PA,yes
42033,Pennsylvania,21161,71,0.1945,4280.1114,12562.4732,3507.9297,0.0637497628,0.53,0.45,4704,0.154,4.53469e-4,46967,0.5384973421,0.326,0.729358679,PA,yes
42035,Pennsylvania,9331,72,0.1936,4187.3695,12669.6242,2602.5574,0.07428649,0.48,0.53,4874,0.094,4.136077e-4,50777,0.4569040216,0.331,0.7674608577,PA,yes
42037,Pennsylvania,16018,71,0.1884,3488.7698,11481.6233,2833.5886,0.0624266224,0.45,0.49,3789,0.139,5.194329e-4,54377,0.4085147485,0.289,0.7766949795,PA,yes
42039,Pennsylvania,22854,72,0.1564,3728.0276,10921.3473,3659.7313,0.0815924751,0.48,0.48,3826,0.153,6.700916e-4,49741,0.6370078297,0.275,0.7771015812,PA,yes
42041,Pennsylvania,58150,73,0.0901,3913.9569,13797.9213,4799.5174,0.0596478989,0.49,0.56,3483,0.115,9.028609e-4,75269,0.2217785443,0.264,0.8470201595,PA,yes
42043,Pennsylvania,61217,72,0.1489,3852.8578,13871.8793,4550.7545,0.0675973289,0.45,0.53,4562,0.105,0.0010754357,60763,0.133233868,0.252,0.8167932128,PA,yes
42045,Pennsylvania,116099,73,0.147,4224.9737,15426.1257,6051.0419,0.060910953,0.41,0.58,4466,0.095,0.0010464789,76783,0.0046388147,0.477,0.8610276131,PA,yes
42047,Pennsylvania,8764,73,0.1244,4249.3364,11373.1513,1838.832,0.050999016,0.54,0.52,3897,0.138,3.977593e-4,55462,0.556752019,0.191,0.782168331,PA,yes
42049,Pennsylvania,64237,71,0.1754,4178.5294,12681.0924,5797.479,0.0603927433,0.49,0.54,4432,0.097,8.123178e-4,51923,0.2001953195,0.195,0.8123153067,PA,yes
42051,Pennsylvania,36262,71,0.1574,3871.271,12500.4701,4315.2406,0.0616778954,0.42,0.44,5726,0.129,3.603162e-4,48055,0.4789760333,0.359,0.75118989,PA,yes
42053,Pennsylvania,1851,72,0.2332,3591.6442,11262.8032,3660.3774,0.0707732634,0.45,0.49,5763,0.101,NA,41267,1,0.393,0.6547036433,PA,yes
42055,Pennsylvania,38568,73,0.1207,4207.6832,12927.7485,3733.3091,0.088941448,0.46,0.49,3962,0.129,6.006394e-4,62699,0.4035209667,0.318,0.8046924121,PA,yes
42057,Pennsylvania,3968,72,0.1886,3965.0021,10173.7089,2767.819,0.0702707517,0.42,0.38,6471,0.154,2.065689e-4,56357,1,0.48,0.6929370513,PA,yes
42059,Pennsylvania,9112,71,0.1609,3917.2043,10532.2581,4129.7491,0.0645089286,0.42,0.34,6481,0.193,4.382841e-4,56599,0.6683296283,0.47,0.782642305,PA,yes
42061,Pennsylvania,11371,72,0.196,3778.7432,10297.2318,3013.5381,0.0657792961,0.47,0.44,4309,0.206,3.542331e-4,54323,0.6866247032,0.437,0.7590440431,PA,yes
42063,Pennsylvania,20734,71,0.1474,3388.629,11816.1209,2770.2411,0.0805447044,0.43,0.46,4004,0.103,5.443723e-4,51299,0.6006975698,0.308,0.7393671419,PA,yes
42065,Pennsylvania,11888,72,0.1568,4054.7025,11839.7313,2797.6967,0.070491078,0.52,0.44,4547,0.155,4.353704e-4,50789,0.6146017699,0.272,0.7386986487,PA,yes
42067,Pennsylvania,5868,72,0.1711,4057.7001,12785.4531,4856.9687,0.0853826883,0.54,0.55,3671,0.193,2.023964e-4,57837,0.822536126,0.445,0.7377294067,PA,yes
42069,Pennsylvania,54997,71,0.234,3862.6734,13812.2302,3741.5571,0.0664011763,0.45,0.52,4913,0.107,8.112224e-4,53655,0.1630548833,0.233,0.7966292264,PA,yes
42071,Pennsylvania,120440,74,0.0925,3869.503,12671.996,3901.1928,0.1208850944,0.48,0.61,2689,0.109,7.211755e-4,67515,0.2125711095,0.296,0.7863703998,PA,yes
42073,Pennsylvania,23971,71,0.1458,3812.1887,12945.063,4773.6595,0.060617596,0.4,0.46,4763,0.15,4.177109e-4,50979,0.4031808403,0.32,0.7789502091,PA,yes
42075,Pennsylvania,34297,74,0.0948,3965.0247,12764.7177,4128.7545,0.0826574835,0.51,0.55,2978,0.125,5.873445e-4,61560,0.2655576186,0.312,0.8022359507,PA,yes
42077,Pennsylvania,79818,73,0.1345,4134.2567,14429.6514,5587.1338,0.0767661115,0.5,0.57,4571,0.102,0.0010133116,65436,0.0792567604,0.293,0.8328286979,PA,yes
42079,Pennsylvania,78529,72,0.191,4081.1651,13710.3419,3553.2972,0.0645952042,0.43,0.5,4710,0.119,7.93336e-4,53439,0.1998485594,0.26,0.774669672,PA,yes
42081,Pennsylvania,28776,72,0.1773,4022.959,13325.241,3530.2768,0.0668095789,0.56,0.53,3334,0.106,7.302224e-4,53762,0.3627649404,0.212,0.7778459919,PA,yes
42083,Pennsylvania,10856,72,0.202,3836.3912,9833.0247,2112.439,0.0627465159,0.51,0.39,6175,0.106,5.370045e-4,53266,0.6353739931,0.303,0.7651484225,PA,yes
42085,Pennsylvania,30461,72,0.164,4022.6979,12886.9718,3087.47,0.0690334335,0.42,0.46,4756,0.115,6.053323e-4,54099,0.4448893157,0.254,0.7825420803,PA,yes
42087,Pennsylvania,11986,71,0.2327,3962.1097,12092.5362,3794.7449,0.0884070524,0.51,0.57,4789,0.151,5.40868e-4,50571,0.5046698942,0.279,0.705876175,PA,yes
42089,Pennsylvania,37202,71,0.1609,4246.213,14198.1245,3833.71,0.0764803721,0.44,0.49,5652,0.106,4.129623e-4,63012,0.3835388184,0.471,0.8433220078,PA,yes
42091,Pennsylvania,179098,74,0.097,4228.9477,15449.1334,5734.4352,0.0462005835,0.47,0.61,3983,0.081,0.0013733943,92340,0.0293371206,0.452,0.8944106057,PA,yes
42093,Pennsylvania,4691,71,0.2044,3644.2757,12785.0467,2299.0654,0.0498007968,0.48,0.56,4005,0.085,0.0055921053,65534,0.537690918,0.194,0.7618854673,PA,yes
42095,Pennsylvania,74119,73,0.1075,4255.4431,14968.4789,5100.8874,0.0597414794,0.49,0.56,4853,0.108,8.234719e-4,73780,0.1276840143,0.367,0.8293733853,PA,yes
42097,Pennsylvania,24327,71,0.2453,3778.5328,12420.805,4075.0131,0.0692398651,0.53,0.53,4430,0.126,4.281809e-4,47967,0.3486057041,0.303,0.7289315419,PA,yes
42099,Pennsylvania,11222,72,0.1108,3743.5668,12751.8461,5020.5863,0.0852987738,0.47,0.53,4259,0.08,2.600837e-4,65401,0.8849877091,0.589,0.7828972629,PA,yes
42101,Pennsylvania,270072,70,0.3447,4146.1566,15309.2385,5674.2356,0.0871376671,0.4,0.49,6036,0.113,7.202655e-4,47598,0,0.544,0.7684476425,PA,yes
42103,Pennsylvania,15550,72,0.1108,3988.9699,13046.0387,4736.7159,0.070455503,0.41,0.5,4617,0.104,2.860565e-4,66595,0.707612125,0.617,0.8643699986,PA,yes
42105,Pennsylvania,4949,72,0.1639,3535.9754,5917.2759,1986.1485,0.0715375351,0.45,0.25,5437,0.122,4.211286e-4,49054,1,0.329,0.7611111111,PA,yes
42107,Pennsylvania,37639,72,0.1853,4131.0233,14269.7679,5582.6224,0.0649439061,0.39,0.53,4642,0.137,5.349589e-4,55951,0.3646123448,0.346,0.7658002689,PA,yes
42109,Pennsylvania,9150,72,0.1775,4047.8969,12962.0715,8595.9154,0.0919844049,0.57,0.58,3223,0.124,4.193389e-4,56873,0.6682031132,0.303,0.7518588617,PA,yes
42111,Pennsylvania,20621,71,0.1427,3844.6632,10772.9333,3029.3796,0.0810902447,0.43,0.36,3873,0.13,3.651017e-4,49082,0.7080214041,0.296,0.7138712724,PA,yes
42113,Pennsylvania,2025,73,0.1601,3241.9495,11190.6005,5694.517,0.0851014222,0.48,0.49,3261,0.139,NA,51718,1,0.565,0.7278736687,PA,yes
42115,Pennsylvania,11074,72,0.1236,3181.695,9531.537,2876.4113,0.0762136711,0.42,0.43,5452,0.134,3.695583e-4,60235,0.8402989206,0.441,0.8105599072,PA,yes
42117,Pennsylvania,11320,72,0.176,3502.038,8554.6875,4966.8818,0.0702757449,0.52,0.44,3816,0.124,4.66109e-4,51324,0.9010981158,0.334,0.7705088903,PA,yes
42119,Pennsylvania,8914,73,0.1215,3813.9269,11473.2877,3895.4338,0.0780161508,0.57,0.58,2544,0.087,9.601429e-4,61306,0.4281487085,0.278,0.7365306544,PA,yes
42121,Pennsylvania,15417,72,0.213,4114.1035,12515.9461,3991.3182,0.0700901085,0.44,0.53,6379,0.148,5.266648e-4,53619,0.54755929,0.27,0.7735147392,PA,yes
42123,Pennsylvania,11231,73,0.1443,3910.9291,10960.6066,2659.5782,0.0588490553,0.41,0.49,3788,0.103,4.81037e-4,52592,0.5504244888,0.216,0.7656441718,PA,yes
42125,Pennsylvania,54296,71,0.1205,4064.8016,12291.1306,4192.3627,0.0472169525,0.41,0.47,4947,0.133,7.813027e-4,65558,0.3082475219,0.406,0.8226091256,PA,yes
42127,Pennsylvania,14950,73,0.1403,3711.7108,10281.9337,3119.0873,0.0746562438,0.42,0.48,4165,0.115,5.070598e-4,56265,0.8809397599,0.404,0.7889708614,PA,yes
42129,Pennsylvania,100230,72,0.1211,4023.0151,13192.0408,4227.4848,0.048273771,0.43,0.49,4174,0.116,7.643799e-4,59407,0.2536359877,0.372,0.8039702396,PA,yes
42131,Pennsylvania,7273,72,0.1414,3482.1383,11348.7535,4014.1352,0.0598113752,0.42,0.5,4643,0.124,4.436885e-4,60419,0.8345593436,0.388,0.8293790547,PA,yes
42133,Pennsylvania,101236,73,0.1,4102.4284,13417.3869,3869.5771,0.0648158329,0.48,0.59,4295,0.125,7.026968e-4,69101,0.2472044178,0.379,0.8162114824,PA,yes
44001,Rhode Island,12418,74,0.1081,3897.8302,12855.4877,4806.8254,0.0299442711,0.56,0.52,2975,0.078,0.0019938745,87926,0.0114285714,0.41,0.86199719,RI,yes
44003,Rhode Island,42553,72,0.1206,4191.3432,13698.5461,5205.2821,0.0341944154,0.53,0.47,3899,0.11,8.726909e-4,74230,0.0798637441,0.362,0.865201233,RI,yes
44005,Rhode Island,21594,74,0.0847,4050.5515,13689.9816,4748.7132,0.0356078279,0.52,0.48,3884,0.085,9.086283e-4,80862,0.1209222083,0.317,0.8607700492,RI,yes
44007,Rhode Island,128103,72,0.1976,3884.3871,13078.565,5051.6766,0.0572636321,0.49,0.43,4222,0.106,9.794304e-4,62165,0.0550882686,0.312,0.8161624736,RI,yes
44009,Rhode Island,34177,74,0.076,4136.3939,13494.8028,4344.283,0.0318231304,0.54,0.46,3545,0.087,8.955531e-4,86450,0.3082320699,0.413,0.8936295874,RI,yes
45001,South Carolina,6753,72,0.1032,3571.6405,9420.9433,4469.0003,0.139076087,0.45,0.35,2404,0.165,5.297258e-4,46499,0.7857733013,0.455,0.6876811594,SC,no
45003,South Carolina,42546,73,0.0764,4060.1526,12966.4013,5652.8409,0.125973997,0.46,0.53,4704,0.133,3.128671e-4,56824,0.3699898188,0.37,0.7877451996,SC,no
45005,South Carolina,2200,71,0.1699,2856.018,7875.1406,3799.775,0.1043668859,0.46,0.25,3271,0.223,7.862518e-4,32147,0.6825990978,0.397,0.5545319465,SC,no
45007,South Carolina,48298,73,0.0915,3909.7414,13618.7758,5642.203,0.1238269401,0.55,0.53,5117,0.154,6.933291e-4,54496,0.3792578263,0.319,0.7659834892,SC,no
45009,South Carolina,3651,71,0.1404,3723.5222,9842.3645,6764.7783,0.1305101059,0.4,0.25,3886,0.214,3.502627e-4,35364,0.5450678676,0.408,0.6263592051,SC,no
45011,South Carolina,5158,71,0.151,3884.139,11129.0451,6231.3224,0.1191648378,0.38,0.35,4655,0.18,1.894657e-4,36675,0.8254276999,0.434,0.6532296651,SC,no
45013,South Carolina,57596,74,0.0249,4377.5813,12913.3321,5226.1027,0.1426781388,0.51,0.54,3643,0.083,6.729725e-4,73890,0.1964643445,0.307,0.8481189753,SC,no
45015,South Carolina,42025,72,0.0607,4476.3981,14810.3956,8013.1606,0.1200616854,0.49,0.49,3722,0.136,3.211347e-4,68690,0.2895362764,0.466,0.8206578999,SC,no
45017,South Carolina,4118,72,0.1145,3835.1431,11366.2389,6117.9664,0.1354091238,0.43,0.29,2739,0.149,2.066116e-4,47090,1,0.492,0.6915358472,SC,no
45019,South Carolina,81994,73,0.0632,4124.2285,13561.8902,6316.631,0.109221204,0.48,0.51,3687,0.112,0.0012367426,70980,0.108809311,0.344,0.7817456578,SC,no
45021,South Carolina,13284,71,0.1142,3892.8571,12019.8231,5614.5151,0.1284955981,0.47,0.47,4958,0.159,3.679176e-4,46905,0.6104947418,0.304,0.6552007343,SC,no
45023,South Carolina,8268,71,0.1287,4158.7972,12902.833,6018.3897,0.11613228,0.39,0.49,4732,0.167,2.480543e-4,45400,0.7178334339,0.476,0.5791511894,SC,no
45025,South Carolina,10501,71,0.1739,3866.9483,11738.6484,5914.4667,0.1418105561,0.42,0.46,6708,0.172,2.841282e-4,42441,0.7376642273,0.356,0.6627932961,SC,no
45027,South Carolina,9559,72,0.1407,4313.0964,11951.4721,7207.9188,0.1464162832,0.4,0.38,4711,0.175,2.670623e-4,39900,0.8570815819,0.423,0.7045057366,SC,no
45029,South Carolina,10478,71,0.1177,3946.2305,12282.9479,5994.9239,0.138084783,0.4,0.32,5444,0.174,5.045141e-4,40808,0.7556824026,0.516,0.7613930348,SC,no
45031,South Carolina,16488,72,0.1368,4227.6032,11589.7551,5507.9969,0.1246795663,0.41,0.37,6794,0.176,5.089668e-4,44007,0.5776415603,0.264,0.6936640991,SC,no
45033,South Carolina,7029,70,0.2204,4399.7689,13301.8486,6411.9006,0.1474116416,0.4,0.44,5462,0.184,4.902121e-4,35483,0.6950595721,0.337,0.5371293862,SC,no
45035,South Carolina,30154,72,0.0764,4533.1437,14739.6302,8025.6615,0.1065149039,0.47,0.46,4717,0.113,3.361407e-4,68051,0.194829922,0.544,0.808350346,SC,no
45037,South Carolina,6285,72,0.0942,3847.2739,10724.9071,4331.4746,0.1357205783,0.43,0.48,4583,0.182,3.696584e-4,52591,0.7331109876,0.396,0.683304272,SC,no
45039,South Carolina,6066,71,0.1253,4001.3996,10772.9181,6814.5556,0.1216736695,0.46,0.3,3581,0.204,3.57111e-4,42496,0.7831440975,0.547,0.6154934175,SC,no
45041,South Carolina,31603,72,0.1483,4203.6684,12426.3321,5613.3457,0.1230063849,0.44,0.44,7160,0.164,0.0010205633,49770,0.385184644,0.289,0.7312792213,SC,no
45043,South Carolina,22209,73,0.0592,4054.1864,11924.9196,5873.8711,0.1372066787,0.44,0.48,3950,0.176,6.425806e-4,53747,0.4151733768,0.349,0.7410385128,SC,no
45045,South Carolina,108394,73,0.0694,3814.72,13122.6603,5928.4083,0.1391365274,0.48,0.55,2652,0.109,0.0010637615,64399,0.1260568453,0.296,0.8331545537,SC,no
45047,South Carolina,16898,73,0.0936,4038.4159,12237.7253,5580.9863,0.1372310265,0.51,0.53,4473,0.126,0.0010743416,43958,0.3975251575,0.211,0.7335216573,SC,no
45049,South Carolina,4697,72,0.1274,3884.9257,10530.3609,4211.8896,0.119840771,0.43,0.29,5366,0.179,3.100615e-4,37560,0.7847321005,0.453,0.6868296868,SC,no
45051,South Carolina,114518,72,0.0565,4337.9701,12781.0954,6811.6334,0.1721072177,0.42,0.5,4107,0.132,5.898642e-4,53648,0.3037569024,0.275,0.8421189084,SC,no
45053,South Carolina,7907,72,0.0705,4092.7907,12277.4419,4751.8605,0.2051962309,0.42,0.4,6062,0.178,2.071037e-4,50790,0.6667070267,0.562,0.6819553997,SC,no
45055,South Carolina,16098,72,0.0831,4363.9996,14354.1734,7417.6655,0.1172430617,0.47,0.51,4276,0.158,6.555678e-4,56318,0.5768027619,0.494,0.7414331465,SC,no
45057,South Carolina,25405,73,0.0781,4754.5401,13624.074,6736.183,0.1227831944,0.4,0.52,6409,0.148,4.403439e-4,63842,0.4995433909,0.499,0.7882828402,SC,no
45059,South Carolina,17613,71,0.1478,3882.5044,11322.6448,5084.962,0.1425357054,0.47,0.44,3670,0.156,5.224348e-4,47038,0.6419435803,0.382,0.7310957243,SC,no
45061,South Carolina,4402,71,0.1885,4078.7214,14097.3282,6231.3931,0.1174406268,0.41,0.38,6348,0.176,1.750088e-4,37710,0.7195109261,0.41,0.5651564689,SC,no
45063,South Carolina,61067,73,0.0708,4791.5554,13223.9135,6893.8372,0.1153584915,0.45,0.5,3600,0.118,6.134928e-4,62059,0.2527601938,0.383,0.8349130004,SC,no
45065,South Carolina,4186,73,0.0622,3675.8012,10082.2109,4773.3395,0.1272195122,0.54,0.48,2885,0.178,3.188098e-4,48645,1,0.469,0.7136719737,SC,no
45067,South Carolina,8188,70,0.1898,3621.2988,10371.4854,4854.1926,0.1368869587,0.4,0.32,6907,0.202,4.188279e-4,35138,0.6075252556,0.461,0.4842241379,SC,no
45069,South Carolina,6636,70,0.2118,4046.4204,10678.6532,5351.7489,0.1300026575,0.45,0.33,6485,0.173,1.894083e-4,34532,0.5504786922,0.334,0.5765109747,SC,no
45071,South Carolina,9791,73,0.0945,4157.8947,12082.4502,7353.1525,0.1444129746,0.48,0.53,3682,0.152,6.490135e-4,50773,0.6784952543,0.36,0.6735989196,SC,no
45073,South Carolina,23503,73,0.0699,4141.8277,11320.3005,4558.8776,0.1542416452,0.59,0.54,4125,0.137,5.7417e-4,52240,0.6492130384,0.316,0.7477640878,SC,no
45075,South Carolina,21841,72,0.1332,3694.4588,11629.7255,5894.0445,0.1272046388,0.42,0.35,5137,0.176,4.371132e-4,38736,0.6377768889,0.414,0.6879310345,SC,no
45077,South Carolina,28327,73,0.0823,3951.5916,13086.8417,5459.2196,0.134623475,0.51,0.51,4099,0.117,6.163106e-4,52949,0.3579229014,0.396,0.7827638002,SC,no
45079,South Carolina,73530,72,0.0845,4347.0947,13328.5823,6655.499,0.1087168496,0.47,0.45,3772,0.117,8.490602e-4,52905,0.0907038678,0.303,0.8228023154,SC,no
45081,South Carolina,4828,73,0.0981,4142.3304,11341.4454,6459.8083,0.1906373031,0.43,0.45,4203,0.174,1.46028e-4,49493,0.8052830189,0.475,0.690019735,SC,no
45083,South Carolina,70873,72,0.1012,4120.7756,12884.3664,5911.3465,0.1268847072,0.49,0.5,3961,0.126,6.626567e-4,55588,0.2743231788,0.292,0.791324103,SC,no
45085,South Carolina,23647,72,0.1268,4546.4884,14444.2908,8108.1143,0.1258594813,0.44,0.46,6386,0.144,4.975965e-4,49611,0.3196564175,0.238,0.7494015703,SC,no
45087,South Carolina,7749,71,0.1311,3926.0922,11321.0652,4757.0317,0.1181448408,0.53,0.44,4686,0.159,4.377964e-4,42851,0.6535685922,0.396,0.6627886634,SC,no
45089,South Carolina,8663,71,0.173,3931.962,10750.7911,5015.0316,0.1207157367,0.43,0.32,4984,0.234,1.633667e-4,34409,0.8193649595,0.479,0.5131641179,SC,no
45091,South Carolina,52944,73,0.0782,4245.9616,13645.14,6080.6294,0.0983428264,0.45,0.54,4519,0.115,4.633041e-4,68468,0.2295497472,0.446,0.8757546117,SC,no
46003,South Dakota,629,74,0.0847,3869.5652,7752.8604,5270.0229,0.1562064156,0.52,0.37,4774,0.213,NA,56360,1,0.24,0.7241962775,SD,no
46005,South Dakota,3936,71,0.2251,3588.6838,8452.2472,4606.7416,0.1516711186,0.46,0.54,7387,0.092,5.295769e-4,51844,0.2736521439,0.092,0.7207886728,SD,no
46007,South Dakota,536,73,0.2574,3207.2893,6287.0159,2501.139,0.2009504413,0.25,0.06,5190,0.152,NA,36345,1,0.217,0.6585365854,SD,no
46009,South Dakota,1654,74,0.0909,3382.5383,6832.5833,3668.7669,0.1112925805,0.59,0.31,4667,0.091,5.730659e-4,52660,1,0.253,0.7223974763,SD,no
46011,South Dakota,5509,72,0.1072,3415.427,6845.73,5193.6639,0.0911016949,0.53,0.59,4494,0.075,5.676658e-4,59036,0.2966682309,0.108,0.8313430521,SD,no
46013,South Dakota,8109,73,0.1422,3673.4921,9916.6667,1963.4921,0.1052581834,0.61,0.56,4234,0.118,6.358734e-4,61447,0.2889053133,0.089,0.8006746397,SD,no
46015,South Dakota,1207,72,0.1905,3665.4457,6073.2601,3409.0354,0.1653391262,0.49,0.48,3682,0.083,0.0015299292,65008,1,0.134,0.722994173,SD,no
46017,South Dakota,224,67,0.4831,4359.5506,10488.764,4882.0225,0.188876652,0.46,0.37,1204,0.184,NA,26671,1,0.189,0.5354609929,SD,no
46019,South Dakota,2612,71,0.1772,3130.8749,6677.5127,1767.8959,0.1322928279,0.43,0.34,2261,0.115,2.934846e-4,50105,0.4817012859,0.225,0.7584053794,SD,no
46021,South Dakota,445,74,0.0673,3220.1835,6006.1162,1418.9602,0.1069246436,0.65,0.32,4683,0.08,0,56043,1,0.265,0.7161961367,SD,no
46023,South Dakota,1883,74,0.198,3639.8671,7657.1429,2360.1329,0.1703551913,0.45,0.24,3492,0.093,5.354466e-4,51340,1,0.082,0.6610865445,SD,no
46025,South Dakota,881,73,0.183,3612.2004,7215.6863,5703.7037,0.1300341297,0.49,0.3,4732,0.118,NA,54158,1,0.324,0.7464424321,SD,no
46027,South Dakota,2227,72,0.17,3745.3333,8784.6667,4812,0.0991148721,0.46,0.58,2941,0.107,4.9854e-4,51039,0.24321985,0.23,0.8761704567,SD,no
46029,South Dakota,6247,71,0.1856,4291.3462,11162.8205,6785.5769,0.0894645189,0.59,0.59,5535,0.102,9.280742e-4,63442,0.2246299629,0.098,0.8062111801,SD,no
46031,South Dakota,594,71,0.3232,3028.1996,7368.7636,1733.1887,0.2083450014,0.28,0.1,4017,0.199,NA,32848,1,0.38,0.6050209205,SD,no
46033,South Dakota,3276,72,0.0761,3306.1129,5997.6668,2146.9902,0.1226176421,0.44,0.44,2985,0.158,4.584002e-4,63665,1,0.441,0.7941176471,SD,no
46035,South Dakota,4605,72,0.1926,3717.7955,8029.8805,3664.6746,0.0981516069,0.53,0.63,2954,0.11,7.07428e-4,57367,0.2332342084,0.061,0.8219399538,SD,no
46037,South Dakota,1636,73,0.1377,3508.7891,7047.8516,2350.5859,0.1410604192,0.53,0.21,4779,0.108,3.633061e-4,51516,1,0.191,0.7024087024,SD,no
46039,South Dakota,1027,72,0.1175,3289.4737,6040.3509,2898.2456,0.1062183874,0.54,0.43,6727,0.109,2.305741e-4,65217,1,0.33,0.7636262514,SD,no
46041,South Dakota,847,71,0.3323,3882.9114,9973.1013,3143.9873,0.1843317972,0.21,0.28,5117,0.19,1.693767e-4,47640,0.6408224863,0.183,0.5838885524,SD,no
46043,South Dakota,804,73,0.1071,3306.8182,5102.2727,1691.5584,0.1461748634,0.47,0.4,2804,0.123,3.407155e-4,56030,1,0.162,0.7229508197,SD,no
46045,South Dakota,961,74,0.1053,3595.6354,7055.199,2006.4185,0.10703667,0.57,0.46,3052,0.093,5.16129e-4,59905,1,0.199,0.7551813472,SD,no
46047,South Dakota,2784,72,0.1478,3125.9542,5203.9258,1981.4613,0.1113024758,0.31,0.21,3666,0.143,5.918911e-4,49965,0.4995771074,0.186,0.8101138647,SD,no
46049,South Dakota,574,75,0.1667,3942.9825,7285.0877,1796.0526,0.1114864865,0.4,0.22,5191,0.091,4.291845e-4,49198,1,0.112,0.7217877095,SD,no
46051,South Dakota,2048,72,0.1595,3230.4484,6278.415,2284.6715,0.1131036932,0.42,0.38,6018,0.077,0.0011193508,60057,0.5536976618,0.075,0.8045369795,SD,no
46053,South Dakota,1184,73,0.1332,3185.3496,5532.7414,1492.7858,0.1607085346,0.5,0.32,9802,0.086,7.122507e-4,42868,1,0.176,0.7092391304,SD,no
46055,South Dakota,555,74,0.0824,3720.1735,6095.4447,1928.4165,0.1075641915,0.47,0.19,7420,0.097,0.0010427529,50747,1,0.237,0.6374695864,SD,no
46057,South Dakota,1161,72,0.1035,3920.8524,8800.6088,6080.6697,0.0973036342,0.58,0.45,2860,0.106,1.636393e-4,60864,1,0.299,0.7504432624,SD,no
46059,South Dakota,937,75,0.0949,2998.7179,5437.1795,1589.7436,0.1127511275,0.55,0.62,3035,0.084,3.065604e-4,56239,1,0.08,0.7884615385,SD,no
46061,South Dakota,1298,73,0.096,3484.1876,8473.2824,4177.7535,0.10566829950000001,0.52,0.51,2050,0.059,NA,78478,1,0.194,0.8660287081,SD,no
46063,South Dakota,281,73,0.0585,2624.3902,5287.8049,2102.439,0.1154228856,0.35,0.37,NA,0.073,0,55482,1,0.284,0.8853383459,SD,no
46065,South Dakota,3718,73,0.1359,3457.253,9735.1086,2444.9895,0.1015902314,0.5,0.58,2006,0.121,7.365439e-4,66952,0.2527317589,0.051,0.8123324397,SD,no
46067,South Dakota,1932,74,0.1233,3330.3787,5692.1837,1888.7994,0.1225944405,0.51,0.32,5311,0.112,6.775068e-4,59336,1,0.228,0.7037547365,SD,no
46069,South Dakota,363,75,0.086,2949.8208,6476.7025,2770.6093,0.126173097,0.46,0.3,3952,0.064,0,63454,1,0.105,0.810720268,SD,no
46071,South Dakota,487,71,0.2629,3680.2168,8401.084,2680.2168,0.2191435768,0.31,0.11,3664,0.155,NA,37879,1,0.2,0.4825174825,SD,no
46073,South Dakota,565,74,0.0897,3197.3094,5603.139,4165.9193,0.1240677966,0.57,0.24,5116,0.17,4.894763e-4,52162,1,0.19,0.7242128122,SD,no
46075,South Dakota,247,73,0.0688,2693.1217,6444.4444,3349.2063,0.1303116147,0.47,0.21,2048,0.121,0,52650,1,0.161,0.7598039216,SD,no
46077,South Dakota,1449,73,0.0951,3581.172,7130.6436,4353.5062,0.1008537887,0.52,0.44,3402,0.127,4.065867e-4,61992,1,0.232,0.7564721369,SD,no
46079,South Dakota,2636,73,0.1002,2363.1157,6257.732,1815.0057,0.0867052023,0.52,0.57,3321,0.08,6.892854e-4,63946,0.44875,0.225,0.8542553191,SD,no
46081,South Dakota,7221,72,0.1159,3312.6767,7665.41,1928.8407,0.1075795883,0.51,0.53,2175,0.089,8.546677e-4,53902,0.3688425945,0.176,0.8505611875,SD,no
46083,South Dakota,10438,72,0.0675,3767.2018,9950.8519,2762.6147,0.0637810581,0.52,0.54,4927,0.091,0.0016154539,86235,0.292651914,0.164,0.9097169477,SD,no
46085,South Dakota,697,72,0.1596,3246.4646,5672.7273,3103.0303,0.1665065642,0.54,0.34,2053,0.137,2.617116e-4,47813,1,0.142,0.7279885469,SD,no
46087,South Dakota,1321,73,0.1111,3458.0247,8538.2716,4186.4198,0.1182819879,0.49,0.53,4743,0.116,1.803101e-4,62535,1,0.462,0.8056552962,SD,no
46089,South Dakota,742,75,0.1634,3281.5534,6606.7961,1252.4272,0.121300058,0.63,0.5,729,0.153,8.309098e-4,43243,1,0.193,0.6504854369,SD,no
46091,South Dakota,1155,74,0.1196,3311.5942,6247.5845,1998.7923,0.1577520335,0.52,0.21,5729,0.128,1.956182e-4,59103,1,0.193,0.7394554191,SD,no
46093,South Dakota,5933,71,0.1122,3440.248,7696.4487,2973.2244,0.0947023579,0.49,0.45,3181,0.083,6.361773e-4,59981,0.3799638279,0.237,0.8256098667,SD,no
46095,South Dakota,358,71,0.3042,2786.7133,7230.7692,2839.1608,0.1941282205,0.36,0.18,3209,0.134,NA,36489,1,0.441,0.4402420575,SD,no
46097,South Dakota,622,74,0.1169,2426.4069,5995.671,4404.7619,0.1043227666,0.5,0.22,3305,0.093,4.518753e-4,52230,1,0.298,0.7594936709,SD,no
46099,South Dakota,38494,71,0.1374,3603.3214,10324.2148,3118.3648,0.0983678004,0.53,0.6,4361,0.085,9.436114e-4,63162,0.136362027,0.118,0.8535258204,SD,no
46101,South Dakota,1381,73,0.0981,3530.3197,7336.2734,2391.4002,0.147103085,0.5,0.37,5377,0.105,3.039976e-4,61029,1,0.37,0.8189393939,SD,no
46102,South Dakota,1404,67,0.5054,3724.1379,13829.5567,2687.6847,0.1666928023,0.23,0.11,4488,0.186,3.494304e-4,34078,NA,0.211,0.4518138512,SD,no
46103,South Dakota,29086,71,0.1171,3735.6636,9904.0415,3953.6865,0.131513537,0.47,0.5,3557,0.096,9.666246e-4,58919,0.2080179895,0.118,0.8370694741,SD,no
46105,South Dakota,831,74,0.1102,2181.1024,4480.315,2918.1102,0.1437125749,0.44,0.19,3707,0.104,3.422313e-4,49999,1,0.128,0.7858255452,SD,no
46107,South Dakota,683,75,0.0737,3618.705,6624.1007,1861.5108,0.0974358974,0.48,0.37,4749,0.098,NA,58012,1,0.133,0.7790224033,SD,no
46109,South Dakota,2238,73,0.1715,3233.8462,6033.0769,2532.3077,0.1726269851,0.5,0.27,5395,0.166,4.786063e-4,49088,1,0.187,0.7418022205,SD,no
46111,South Dakota,582,73,0.1199,3407.6739,6884.8921,4376.4988,0.1080661841,0.46,0.43,6559,0.17,NA,56507,1,0.398,0.804950495,SD,no
46115,South Dakota,1651,73,0.1784,3634.2255,7043.7956,2027.575,0.1092775206,0.51,0.28,6163,0.098,3.079292e-4,54666,1,0.223,0.8147865854,SD,no
46117,South Dakota,753,73,0.0641,3337.9549,8086.6551,2291.1612,0.1,0.45,0.55,1474,0.117,9.927201e-4,70472,0.4251517195,0.102,0.7991071429,SD,no
46119,South Dakota,339,74,0.0672,3660.4478,8205.2239,3253.7313,0.1117424242,0.53,0.43,1068,0.129,0,61791,1,0.137,0.7908611599,SD,no
46121,South Dakota,993,68,0.4954,4380.3922,11596.0784,3075.817,0.1874246905,0.19,0.17,9950,0.16,1.944958e-4,34015,1,0.345,0.4062962963,SD,no
46123,South Dakota,1402,73,0.1651,3035.8079,5440.1747,1477.7293,0.1687123947,0.48,0.22,7534,0.115,9.127419e-4,50503,0.484939759,0.101,0.7805602716,SD,no
46125,South Dakota,2066,73,0.1173,3474.3151,7798.8014,2389.5548,0.0997142427,0.42,0.38,3970,0.106,NA,63852,1,0.453,0.7401372213,SD,no
46127,South Dakota,3566,73,0.0662,4154.1812,10469.0767,5913.3275,0.0701021356,0.56,0.5,4671,0.089,6.402459e-4,83910,0.613931523,0.248,0.8255023417,SD,no
46129,South Dakota,1576,74,0.1425,3380.5795,5697.7291,1447.9248,0.1351159489,0.47,0.21,5543,0.087,8.949347e-4,51472,0.3642883413,0.118,0.6346324181,SD,no
46135,South Dakota,5503,72,0.1638,3584.0733,10060.7276,5210.2549,0.1016727963,0.51,0.6,3735,0.098,0.0010057283,60868,0.3476691327,0.109,0.7795659079,SD,no
46137,South Dakota,172,71,0.3622,3417.3228,9889.7638,2748.0315,0.2120462046,0.14,0.28,1777,0.19,NA,33508,0.7354516244,0.302,0.5570291777,SD,no
47001,Tennessee,19984,73,0.1105,4291.467,13282.7972,7753.2512,0.1155792189,0.48,0.58,4421,0.154,5.099239e-4,50973,0.3466171518,0.369,0.8044923218,TN,no
47003,Tennessee,9945,73,0.1179,3953.9864,12329.7286,6529.2621,0.1466125188,0.42,0.47,4566,0.098,3.058852e-4,50539,0.5560166896,0.335,0.7461389395,TN,no
47005,Tennessee,4928,72,0.1537,3980.0285,11231.0984,6196.8616,0.1274115426,0.35,0.5,5153,0.113,1.853683e-4,42322,0.7845836618,0.3,0.6416740609,TN,no
47007,Tennessee,3583,72,0.1719,3825.046,10161.4487,5690.6077,0.1765206295,0.4,0.37,2991,0.097,6.77736e-5,42730,1,0.513,0.7053534941,TN,no
47009,Tennessee,34802,73,0.0862,4203.7781,12899.2497,5106.0423,0.1139829238,0.46,0.56,4717,0.108,6.851975e-4,59368,0.3263149337,0.357,0.7913444231,TN,no
47011,Tennessee,24482,72,0.1387,4320.5536,13879.2781,8966.2428,0.1358999441,0.43,0.46,5048,0.145,5.153335e-4,52534,0.329719188,0.259,0.7887390525,TN,no
47013,Tennessee,10947,71,0.2261,4307.1948,12040.1509,7393.6944,0.1310226315,0.41,0.41,6646,0.146,4.80004e-4,42500,0.5502259554,0.442,0.6338315217,TN,no
47015,Tennessee,3503,72,0.1261,3692.9364,11580.8523,7158.202,0.1251924064,0.41,0.48,5949,0.11,2.074402e-4,52960,0.8113180204,0.625,0.6955174927,TN,no
47017,Tennessee,7687,73,0.1384,4584.7054,11481.1525,7334.4887,0.1152099886,0.39,0.53,6011,0.119,4.282655e-4,43258,0.8305869154,0.359,0.6901112936,TN,no
47019,Tennessee,16163,72,0.1822,3670.6505,14145.9639,6609.1301,0.1319848762,0.45,0.45,6290,0.185,3.904101e-4,39964,0.4096544999,0.308,0.6577531113,TN,no
47021,Tennessee,8697,71,0.0975,3960.9898,13173.508,6240.1747,0.1168850115,0.35,0.51,4701,0.093,5.687579e-4,62786,0.8296125815,0.609,0.8076081914,TN,no
47023,Tennessee,3974,72,0.176,4198.989,12564.3382,7591.4522,0.1256880042,0.36,0.47,4933,0.166,2.315351e-4,50769,0.6524429397,0.422,0.7651815182,TN,no
47025,Tennessee,9102,70,0.2477,3865.0327,11167.9739,7182.6797,0.1182261934,0.35,0.4,4595,0.165,7.242726e-4,40116,0.7155496228,0.321,0.62653414650000006,TN,no
47027,Tennessee,2321,72,0.222,4275.4579,12475.4579,6460.8059,0.1326477253,0.36,0.45,7909,0.148,2.591681e-4,36694,1,0.457,0.6034879895,TN,no
47029,Tennessee,11013,71,0.1834,4555.8652,11129.7188,7253.357,0.1187751871,0.46,0.48,5025,0.19,4.472522e-4,40528,0.6753126577,0.439,0.6354196302,TN,no
47031,Tennessee,13661,73,0.1262,4025.6024,12892.3877,7146.2212,0.116153087,0.36,0.51,5466,0.145,6.642729e-4,54931,0.4728956739,0.337,0.7088145616,TN,no
47033,Tennessee,3400,73,0.153,5112.4145,11064.0274,8470.6745,0.1444203213,0.4,0.42,5476,0.165,NA,45642,0.6737967914,0.313,0.7013294482,TN,no
47035,Tennessee,24248,73,0.1046,4253.8212,12033.2716,7633.6267,0.1265767087,0.48,0.5,3790,0.162,6.703199e-4,49142,0.6089236972,0.239,0.7851246076,TN,no
47037,Tennessee,104077,72,0.1208,4066.3894,13463.5438,6332.4195,0.1397715209,0.39,0.52,5087,0.087,9.601682e-4,63846,0.0341194324,0.356,0.8510125157,TN,no
47039,Tennessee,3496,73,0.162,4244.8549,11802.1108,6720.8443,0.1246183422,0.35,0.48,5500,0.154,3.417051e-4,45215,1,0.339,0.7117117117,TN,no
47041,Tennessee,5059,71,0.1412,3724.3036,11774.7358,6470.7012,0.1519277183,0.37,0.55,4971,0.215,4.469163e-4,46407,0.7836885115,0.402,0.7200155763,TN,no
47043,Tennessee,11780,72,0.1236,4064.6438,12100.8292,6721.6359,0.1265788585,0.42,0.54,6799,0.135,3.55499e-4,59126,0.6775258728,0.468,0.7482029378,TN,no
47045,Tennessee,8718,72,0.1792,4639.5489,14538.4615,7663.7133,0.1096742186,0.3,0.49,8987,0.149,3.75134e-4,48770,0.4286422329,0.22,0.7654761905,TN,no
47047,Tennessee,11476,73,0.0845,4658.6265,13495.6214,8636.196,0.098939034,0.36,0.5,4771,0.144,3.703064e-4,67345,0.7904355296,0.608,0.7580148756,TN,no
47049,Tennessee,5944,71,0.2732,4210.3186,13674.0908,7901.0431,0.133962399,0.35,0.46,9340,0.134,5.489378e-4,38608,1,0.334,0.6846701599,TN,no
47051,Tennessee,11113,73,0.1098,4074.0557,13116.3022,7971.173,0.1154431825,0.41,0.53,4887,0.132,6.445452e-4,54319,0.6961658384,0.319,0.7130344236,TN,no
47053,Tennessee,12289,73,0.1634,4392.259,12981.9845,7740.183,0.111144822,0.44,0.52,5371,0.188,4.281782e-4,46384,0.4771450999,0.356,0.7335403727,TN,no
47055,Tennessee,7880,72,0.1236,3812.14,12396.9872,8046.965,0.1199479054,0.39,0.52,6304,0.099,3.728434e-4,50847,0.7374597253,0.359,0.7347110215,TN,no
47057,Tennessee,6622,70,0.1846,3872.4775,10582.6535,6857.0202,0.1369217277,0.41,0.42,4774,0.115,2.160294e-4,44929,1,0.53,0.7177140306,TN,no
47059,Tennessee,20735,72,0.1462,4070.9561,13035.4781,7637.8833,0.1256717495,0.44,0.51,4744,0.198,5.645056e-4,44975,0.651944618,0.296,0.7155789166,TN,no
47061,Tennessee,4042,71,0.265,3678.6134,12139.8355,7290.8343,0.1496329212,0.37,0.38,4835,0.153,NA,38447,1,0.458,0.6533195021,TN,no
47063,Tennessee,15631,72,0.1439,4716.57,12441.4485,7260.6992,0.144417055,0.42,0.47,5518,0.146,5.885177e-4,46842,0.2187260169,0.228,0.7553565587,TN,no
47065,Tennessee,79811,73,0.1077,4358.2912,13407.5442,8810.4868,0.1185254715,0.45,0.52,3941,0.124,0.0011062736,57802,0.1002220155,0.24,0.8082540819,TN,no
47067,Tennessee,1989,70,0.2941,4175.07,9558.8235,5777.3109,0.1220591192,0.24,0.19,4596,0.105,1.526951e-4,31938,1,0.467,0.5123997082,TN,no
47069,Tennessee,6264,72,0.182,4283.8221,12594.4497,8269.3157,0.1207131434,0.39,0.49,5318,0.203,1.586043e-4,40989,0.8020768356,0.417,0.6493082893,TN,no
47071,Tennessee,7915,73,0.178,4413.1465,12044.7146,6775.1906,0.1276378836,0.4,0.46,5490,0.144,5.043451e-4,44510,0.6792822562,0.274,0.7194436224,TN,no
47073,Tennessee,17018,70,0.1732,3864.611,11763.7329,7295.6912,0.1167218919,0.46,0.41,4334,0.163,2.653458e-4,46602,0.5786074992,0.345,0.700626756,TN,no
47075,Tennessee,4516,72,0.1768,4090.301,12107.0234,7815.0979,0.1145833333,0.36,0.38,5631,0.177,2.884338e-4,38950,0.4741576622,0.395,0.6064614956,TN,no
47077,Tennessee,7112,72,0.1779,4577.1445,12287.2769,6266.8394,0.1220598717,0.36,0.42,5323,0.194,2.513736e-4,46826,0.7637653499,0.399,0.7357856409,TN,no
47079,Tennessee,9622,73,0.1223,4024.9701,11769.2834,5882.6749,0.1161903981,0.42,0.53,5099,0.178,6.798937e-4,43159,0.6684812867,0.198,0.7201732119,TN,no
47081,Tennessee,5697,72,0.1374,3759.3712,10517.1302,5963.3212,0.1350391645,0.37,0.46,3745,0.151,1.994973e-4,46176,1,0.6,0.6366373321,TN,no
47083,Tennessee,2239,72,0.1624,3855.2733,13071.5935,7745.9584,0.1270649992,0.34,0.5,6303,0.106,2.420428e-4,40915,1,0.58,0.6945795691,TN,no
47085,Tennessee,4847,73,0.1106,3862.8632,11744.5074,5293.4089,0.127881449,0.39,0.48,6507,0.131,2.70475e-4,52121,0.824900205,0.477,0.7064912021,TN,no
47087,Tennessee,3414,72,0.2039,4161.709,11930.2326,6110.3299,0.14084191670000001,0.35,0.46,7594,0.138,1.70097e-4,41749,1,0.532,0.6482698204,TN,no
47089,Tennessee,14717,72,0.1261,4256.7069,11933.6016,7255.7009,0.1247107655,0.48,0.5,3813,0.153,3.888025e-4,50332,0.5948800747,0.403,0.736379875,TN,no
47091,Tennessee,5514,72,0.188,3187.0938,10525.5339,4694.5218,0.1320565359,0.42,0.36,3380,0.128,3.374958e-4,40219,0.8521157641,0.328,0.6158375037,TN,no
47093,Tennessee,97038,73,0.0988,4349.3021,13134.6214,8565.0842,0.103074335,0.5,0.57,3912,0.108,0.001117585,60316,0.1092136984,0.269,0.8271451374,TN,no
47095,Tennessee,1434,71,0.3188,4942.4626,15699.6548,8043.7284,0.1160164271,0.34,0.51,11061,0.099,NA,34059,1,0.223,0.6473473027,TN,no
47097,Tennessee,5634,72,0.1858,4386.4359,13507.5945,8590.9573,0.1256584667,0.3,0.47,6371,0.215,7.74443e-5,43545,0.5866259213,0.315,0.7211369509,TN,no
47099,Tennessee,10642,73,0.1368,3857.6602,13346.0872,7668.0838,0.1242643539,0.39,0.49,5280,0.134,4.115791e-4,43448,0.7587714061,0.35,0.7187969925,TN,no
47101,Tennessee,3240,72,0.1389,3726.8933,9471.0793,5241.5027,0.1307488051,0.35,0.39,4163,0.17,1.654807e-4,45874,0.7019159609,0.364,0.5910922587,TN,no
47103,Tennessee,8919,73,0.1327,3781.5957,12242.41,6365.4978,0.1231833401,0.38,0.53,4587,0.117,5.275962e-4,54558,0.7248883427,0.393,0.6575878358,TN,no
47105,Tennessee,18470,73,0.0515,4394.4934,12460.1322,8072.6872,0.1309278881,0.57,0.58,3920,0.177,5.654616e-4,65226,0.4061290057,0.329,0.7912816295,TN,no
47107,Tennessee,14156,72,0.1341,3817.1875,11957.3864,7018.75,0.127163639,0.43,0.45,4654,0.128,4.879422e-4,49836,0.6034133088,0.294,0.7283695443,TN,no
47109,Tennessee,7319,72,0.1737,4400.2286,12637.7143,7742.1714,0.1297986311,0.36,0.48,5154,0.182,3.484051e-4,45469,0.8527325024,0.358,0.7153262822,TN,no
47111,Tennessee,5503,72,0.1743,3895.9176,13247.8853,5791.0997,0.1439725482,0.37,0.48,12084,0.171,1.648465e-4,44334,0.7957119741,0.438,0.7050163577,TN,no
47113,Tennessee,22508,72,0.1359,4516.0745,13269.5995,7680.9282,0.1134739796,0.45,0.53,5382,0.153,0.0013216536,50401,0.2582660183,0.155,0.7739563567,TN,no
47115,Tennessee,8014,72,0.1618,3885.9906,12876.0258,8223.9156,0.1151672994,0.38,0.45,3592,0.178,4.199475e-4,47675,0.7701597195,0.499,0.7296331794,TN,no
47117,Tennessee,7359,72,0.1085,3763.8604,10920.2112,5647.6973,0.1108213354,0.42,0.49,3652,0.122,1.484428e-4,58151,0.6582290884,0.5,0.7652547874,TN,no
47119,Tennessee,21874,72,0.0843,3693.2436,10994.2852,5639.7825,0.1023026023,0.43,0.55,3568,0.129,5.617978e-4,66434,0.4159296408,0.451,0.8201971863,TN,no
47121,Tennessee,3632,72,0.134,3848.7195,10455.6284,7772.4836,0.1231686898,0.42,0.35,5799,0.173,4.87567e-4,48334,1,0.499,0.6703118672,TN,no
47123,Tennessee,13148,72,0.1376,4200.7121,11400.2999,5692.0915,0.1414099246,0.41,0.46,5380,0.108,1.941454e-4,50506,0.7607538354,0.416,0.7549341191,TN,no
47125,Tennessee,29932,70,0.091,3766.3999,12216.5803,6569.3756,0.0879078737,0.34,0.47,4785,0.124,3.981549e-4,57606,0.1974224022,0.339,0.8644256854,TN,no
47127,Tennessee,1667,73,0.076,3722,11900,7100,0.0947810438,0.38,0.52,5751,0.112,1.559819e-4,61804,0.9987425338,0.384,0.6797839506,TN,no
47129,Tennessee,5317,70,0.1627,3962.4592,11359.63,7777.4755,0.1339418657,0.37,0.39,7206,0.199,1.390241e-4,43952,0.9988629645,0.441,0.7148852459,TN,no
47131,Tennessee,8388,73,0.1681,4300.7701,12822.6623,7346.5347,0.1164658635,0.43,0.45,5685,0.174,4.6255e-4,44061,0.6158392807,0.231,0.7553668318,TN,no
47133,Tennessee,6164,72,0.2035,4238.6172,13054.8061,6641.3716,0.1242239629,0.38,0.54,7511,0.112,5.437738e-4,43636,0.8421862972,0.458,0.6368708972,TN,no
47135,Tennessee,2292,73,0.1516,3270.3196,9898.6301,6446.5753,0.13504,0.32,0.47,8693,0.166,2.480159e-4,42939,1,0.264,0.5880247315,TN,no
47137,Tennessee,1729,72,0.2234,4681.1863,13950.8804,7201.1121,0.137260274,0.33,0.47,7293,0.117,3.935458e-4,41860,1,0.382,0.7286277948,TN,no
47139,Tennessee,5129,72,0.175,3719.1055,11899.1761,7752.8443,0.1389755689,0.38,0.43,4541,0.149,4.734288e-4,45922,1,0.448,0.7135310849,TN,no
47141,Tennessee,17841,72,0.1521,4219.7672,13302.5252,6239.495,0.1227499012,0.43,0.54,5627,0.095,6.595386e-4,49083,0.3497600973,0.279,0.7763174644,TN,no
47143,Tennessee,8327,72,0.1528,3981.1182,12828.5924,7672.1432,0.1279100986,0.46,0.47,4599,0.196,3.631522e-4,47599,0.6801534157,0.305,0.7264515069,TN,no
47145,Tennessee,15519,72,0.1048,4180.2201,12549.3783,7791.1962,0.1109418759,0.47,0.55,5626,0.142,3.387279e-4,50561,0.5099204518,0.435,0.7454188795,TN,no
47147,Tennessee,14570,72,0.1059,4333.1661,13508.4462,6905.6698,0.1220015304,0.37,0.54,4962,0.097,3.661353e-4,65790,0.532398956,0.503,0.8260413021,TN,no
47149,Tennessee,47853,72,0.0956,4063.4162,12790.4064,7653.5071,0.1016180125,0.44,0.52,4840,0.112,4.216812e-4,69614,0.1702144674,0.434,0.8665962248,TN,no
47151,Tennessee,5515,70,0.2684,4148.8372,11072.5581,9334.4186,0.1319286151,0.4,0.43,6328,0.175,3.629929e-4,38750,0.8055605543,0.33,0.662511542,TN,no
47153,Tennessee,4884,69,0.2472,3781.5777,12126.767,6629.731,0.1171834847,0.38,0.43,2293,0.128,3.361119e-4,46876,0.7380243764,0.533,0.7317293777,TN,no
47155,Tennessee,25285,72,0.0996,3990.6937,11758.9945,6960.8558,0.1745177036,0.44,0.48,4048,0.171,3.881829e-4,54476,0.566476432,0.404,0.7735554958,TN,no
47157,Tennessee,164650,73,0.1345,4548.9875,14725.3175,8270.7056,0.136315635,0.34,0.49,4947,0.115,8.613283e-4,52659,0.0275978716,0.308,0.7534268809,TN,no
47159,Tennessee,4491,72,0.1285,3478.8671,12388.2353,6032.6797,0.1152393714,0.35,0.52,8237,0.129,4.513088e-4,54570,0.8287592612,0.448,0.7569380508,TN,no
47161,Tennessee,3562,72,0.1322,3805.9973,11328.9414,7161.7447,0.1266697805,0.38,0.4,5589,0.125,7.37409e-5,52177,1,0.53,0.6668597914,TN,no
47163,Tennessee,45393,72,0.1231,3825.8922,12945.969,7745.059,0.1180110406,0.47,0.5,4960,0.132,0.0012621458,51303,0.2556130159,0.261,0.7904857843,TN,no
47165,Tennessee,39104,72,0.0886,4234.2057,13331.3451,7369.1418,0.1003317909,0.38,0.53,6319,0.102,4.862436e-4,69391,0.2788259828,0.479,0.8489171101,TN,no
47167,Tennessee,12546,72,0.1099,4145.5529,13478.84,7936.1732,0.1107422704,0.34,0.47,5347,0.157,2.760592e-4,61436,0.5512516167,0.552,0.7540089502,TN,no
47169,Tennessee,1977,71,0.1895,3803.8117,13789.2377,6836.3229,0.1247696016,0.36,0.55,12915,0.107,1.816201e-4,51982,1,0.562,0.7002195045,TN,no
47171,Tennessee,5571,73,0.1824,3696.5482,14693.457,6622.8748,0.1212571513,0.46,0.44,4649,0.177,3.378188e-4,44548,0.4466772238,0.289,0.6741969183,TN,no
47173,Tennessee,5019,69,0.199,3631.2378,11104.3422,8157.4854,0.1347549051,0.4,0.47,5104,0.152,1.523771e-4,48106,1,0.631,0.6565833896,TN,no
47175,Tennessee,1887,72,0.1881,3901.7013,11791.1153,7290.1701,0.1370948939,0.37,0.33,8033,0.121,NA,44451,1,0.521,0.6903316207,TN,no
47177,Tennessee,10047,72,0.1623,4005.1833,12475.7497,7990.3739,0.1587820455,0.38,0.48,3695,0.159,5.137238e-4,46144,0.613795527,0.312,0.699624849,TN,no
47179,Tennessee,32393,72,0.1093,3866.6006,13469.2092,8062.4071,0.1070590324,0.47,0.5,4374,0.129,0.0017572916,51879,0.2642158417,0.237,0.8179505746,TN,no
47181,Tennessee,4040,73,0.159,4085.1936,11117.0843,5558.0866,0.1333985069,0.39,0.42,4851,0.152,3.019688e-4,45091,1,0.43,0.6757460097,TN,no
47183,Tennessee,7844,73,0.1772,4344.192,10416.4166,6448.1354,0.1268526082,0.4,0.42,5689,0.132,5.386802e-4,42506,0.6700551098,0.242,0.6990469208,TN,no
47185,Tennessee,7545,72,0.1472,3899.8483,12375.822,6565.7562,0.1256717262,0.45,0.52,4148,0.173,3.320176e-4,43583,0.7817421926,0.318,0.6995421975,TN,no
47187,Tennessee,40073,74,0.0366,4048.0546,12214.6636,5700.3016,0.0613328361,0.48,0.59,3029,0.078,0.0014586003,119637,0.1938618423,0.46,0.9343009441,TN,no
47189,Tennessee,29147,72,0.0806,4171.6423,13466.517,7764.9083,0.0938326699,0.42,0.56,4996,0.114,3.057778e-4,80080,0.3846727431,0.514,0.8534149485,TN,no
48001,Texas,11190,72,0.1513,4635.2534,13468.1006,7137.8053,0.1991593385,0.34,0.44,4905,0.119,3.272646e-4,48461,0.6706353279,0.275,0.679438748,TX,no
48003,Texas,2350,72,0.1841,3797.7528,9484.0104,3133.1029,0.2096495558,0.27,0.24,4874,0.074,4.964695e-4,74918,0.1650209658,0.314,0.8618338417,TX,no
48005,Texas,18787,72,0.1606,4206.2358,15405.4278,6609.2811,0.21293277,0.4,0.49,4791,0.152,5.855877e-4,51750,0.4308236623,0.183,0.8227485097,TX,no
48007,Texas,7934,73,0.0837,4365.6203,13754.559,5971.8984,0.2409074322,0.46,0.49,2727,0.134,3.782784e-4,53085,0.2726055791,0.265,0.8175534143,TX,no
48009,Texas,2084,73,0.0882,4115.6559,13651.622,5447.8138,0.1646289451,0.38,0.47,5402,0.123,NA,63731,0.8898829247,0.166,0.7540556199,TX,no
48011,Texas,473,74,0.1187,4341.7266,13165.4676,6525.1799,0.1708683473,0.4,0.27,3837,0.112,0,64424,1,0.549,0.8155619597,TX,no
48013,Texas,9680,71,0.1991,3889.6673,15197.6065,5607.9977,0.2028237722,0.29,0.36,5877,0.166,2.186444e-4,57309,0.6071118434,0.499,0.8021999228,TX,no
48015,Texas,7375,73,0.091,3920.8344,12814.5263,5009.0475,0.1971545556,0.34,0.41,3746,0.098,1.667278e-4,68311,0.6634408981,0.408,0.7425006637,TX,no
48017,Texas,1166,73,0.1653,3831.9892,8092.7419,2997.3118,0.2911069546,0.37,0.42,7737,0.072,2.846165e-4,46174,0.287508723,0.264,0.7054527751,TX,no
48019,Texas,7539,73,0.0704,3916.1242,12800.4507,6158.7381,0.2185503013,0.37,0.42,2544,0.146,2.190676e-4,59604,1,0.601,0.818192642,TX,no
48021,Texas,17376,72,0.1122,3928.6403,13594.865,5995.54,0.2176220807,0.35,0.43,4211,0.127,2.759382e-4,62627,0.6385244907,0.564,0.8040358218,TX,no
48023,Texas,1036,72,0.1903,3822.8404,9079.063,3327.9649,0.1676470588,0.29,0.21,8410,0.104,0.0013958682,41539,1,0.093,0.7470588235,TX,no
48025,Texas,5225,72,0.2298,4299.9026,12366.6018,5942.5511,0.1832226393,0.32,0.31,7994,0.101,2.148096e-4,44171,0.4297730768,0.283,0.6293384932,TX,no
48027,Texas,58757,69,0.117,3306.5728,11408.0136,2962.0005,0.1509753808,0.4,0.38,6324,0.111,7.873086e-4,54831,0.1518622979,0.23,0.8499376472,TX,no
48029,Texas,323128,72,0.1025,4208.8006,14699.9703,6824.4362,0.1782915216,0.35,0.4,3867,0.097,7.58793e-4,58956,0.0453908477,0.355,0.8127482338,TX,no
48031,Texas,3788,73,0.0662,3809.3333,11156.8889,5942.2222,0.2203906515,0.35,0.44,3014,0.118,2.563664e-4,68404,1,0.37,0.8526364264,TX,no
48033,Texas,132,75,NA,5065.9341,12615.3846,4362.6374,0.1133603239,NA,0.19,NA,0.067,0,71926,1,0.615,0.7973568282,TX,no
48035,Texas,5489,73,0.1165,3531.607,8194.5925,3918.888,0.2340653838,0.39,0.31,5749,0.113,5.885185e-4,55179,0.8121568197,0.474,0.7470531133,TX,no
48037,Texas,20700,71,0.1593,4274.677,12903.9095,6690.1967,0.1549672324,0.39,0.46,5072,0.159,6.997159e-4,51207,0.354248366,0.167,0.7239992957,TX,no
48039,Texas,55595,72,0.116,4451.8938,15986.2865,6143.4044,0.1641602351,0.33,0.45,5365,0.115,6.293895e-4,83704,0.2252862699,0.515,0.8712836253,TX,no
48041,Texas,27213,73,0.1014,3807.3787,12989.8409,3859.1097,0.1680680998,0.48,0.55,4558,0.091,8.643576e-4,54471,0.1206357678,0.109,0.8189316476,TX,no
48043,Texas,2378,72,0.1388,2002.2883,6138.0625,2691.0755,0.1971691437,0.24,0.13,3343,0.118,7.553685e-4,48581,0.3486785095,0.149,0.7654109589,TX,no
48045,Texas,423,75,0.0847,4536.2903,9213.7097,4431.4516,0.2672028597,0.35,0.3,4570,0.115,0,44259,1,0.256,0.7093023256,TX,no
48047,Texas,1619,71,0.4209,4409.8101,17033.2278,6511.0759,0.1785150079,0.2,0.4,8717,0.095,NA,31410,0.3175965665,0.203,0.6070754717,TX,no
48049,Texas,9786,72,0.1852,3699.4498,10972.4897,4917.4691,0.1776927283,0.36,0.44,3292,0.13,5.801076e-4,56040,0.4040046187,0.119,0.7584842807,TX,no
48051,Texas,4932,72,0.1228,3421.8686,11016.7279,3478.1722,0.2043860855,0.4,0.4,5321,0.133,3.806624e-4,61745,0.7665677547,0.478,0.7305433186,TX,no
48053,Texas,14136,74,0.069,4199.1749,11710.1972,4980.6626,0.2306042885,0.43,0.47,3484,0.157,4.417147e-4,62827,0.5567251462,0.359,0.7860598459,TX,no
48055,Texas,8239,72,0.1735,4126.7825,13488.2033,5553.0205,0.2153161276,0.3,0.42,6002,0.126,2.774759e-4,55301,0.4229233437,0.527,0.6976225854,TX,no
48057,Texas,4511,73,0.1509,3856.3873,9924.3287,3988.6086,0.1915330633,0.3,0.31,6552,0.115,5.101804e-4,55909,0.4473130349,0.198,0.7881825376,TX,no
48059,Texas,3632,73,0.1256,4053.4125,11856.5776,4581.1078,0.1890430708,0.34,0.4,3788,0.178,7.14592e-5,50812,0.7217956291,0.343,0.7138065959,TX,no
48061,Texas,69363,72,0.3868,4084.9754,16294.6086,6924.2839,0.3019989601,0.35,0.42,5563,0.123,4.906725e-4,40893,0.0842080646,0.211,0.5748806228,TX,no
48063,Texas,2991,72,0.1513,4023.75,10857.5,4385,0.2061591104,0.36,0.35,6190,0.081,8.440114e-4,47091,0.6147891299,0.259,0.6536373507,TX,no
48065,Texas,1304,74,0.0761,4977.87,13928.0775,6626.556,0.1529411765,0.39,0.45,4297,0.081,NA,69760,0.9519572954,0.396,0.7631118881,TX,no
48067,Texas,8553,72,0.1485,4205.0764,11347.2597,6061.5454,0.1681552731,0.34,0.37,4833,0.16,2.324114e-4,44529,0.7401194853,0.399,0.6933132227,TX,no
48069,Texas,1282,74,0.1617,4495.9569,9192.7224,3617.2507,0.2907578848,0.28,0.28,3758,0.076,1.304631e-4,51736,0.4575787646,0.216,0.6864139021,TX,no
48071,Texas,7146,71,0.1056,4664.7971,14152.7549,6041.5704,0.1506783206,0.34,0.33,8018,0.087,1.413294e-4,93351,0.4572031001,0.496,0.8429170517,TX,no
48073,Texas,11470,72,0.1637,4185.9129,11519.1844,4809.0825,0.2239783358,0.38,0.43,5253,0.129,3.80286e-4,46576,0.6304848068,0.345,0.7290770758,TX,no
48075,Texas,1381,73,0.2154,3438.6423,6359.0078,2044.3864,0.2149054505,0.21,0.26,4143,0.072,0.001371554,44095,0.3314870047,0.118,0.7324470295,TX,no
48077,Texas,2824,73,0.1068,4238.6921,14283.3787,5213.079,0.1861445037,0.32,0.49,5425,0.149,3.825555e-4,59983,0.746000744,0.323,0.753227771,TX,no
48079,Texas,579,73,0.2452,3651.341,8804.5977,2670.4981,0.2699439414,0.24,0.22,4580,0.131,3.526093e-4,43742,1,0.301,0.6603206413,TX,no
48081,Texas,1006,73,0.123,3930.4813,11579.3226,4538.3244,0.172526574,0.41,0.48,4870,0.075,NA,48435,1,0.353,0.6873479319,TX,no
48083,Texas,2718,73,0.1696,3636.1142,8006.0373,2976.3996,0.2410003186,0.29,0.26,9272,0.159,5.954508e-4,44834,0.5154581225,0.337,0.7093193105,TX,no
48085,Texas,137161,73,0.082,4706.7148,16497.7369,8212.8022,0.125260179,0.47,0.57,3950,0.078,0.0010137831,96847,0.0524272664,0.465,0.9276328324,TX,no
48087,Texas,677,73,0.2258,4215.7258,8330.6452,2467.7419,0.2998317914,0.26,0.12,10031,0.09,3.376097e-4,40314,1,0.186,0.6937198068,TX,no
48089,Texas,5729,74,0.1085,3902.7058,12171.2723,3779.5049,0.2165149942,0.3,0.34,5671,0.12,4.713202e-4,55607,0.6261377791,0.297,0.7175838926,TX,no
48091,Texas,39261,73,0.053900000000000003,3941.3583,13483.4966,7008.8462,0.1542931297,0.39,0.45,3681,0.077,6.47018e-4,87976,0.4614554908,0.498,0.8919345105,TX,no
48093,Texas,3796,73,0.1424,3496.3315,8344.4109,3081.1394,0.2504419564,0.33,0.28,6384,0.114,4.433279e-4,54122,0.7146128524,0.274,0.7255330782,TX,no
48095,Texas,773,73,0.1606,4149.3213,10968.3258,4794.1176,0.2046997389,0.38,0.45,5093,0.057,2.338634e-4,43321,1,0.272,0.7510964912,TX,no
48097,Texas,9109,73,0.0921,4016.5648,12967.2648,5792.5458,0.2039368628,0.33,0.43,4999,0.163,3.204022e-4,61186,0.5903426386,0.28,0.7621653312,TX,no
48099,Texas,11533,70,0.1066,3357.5778,10283.4912,3742.8958,0.1515914111,0.38,0.31,4361,0.056,2.138809e-4,53083,0.1942351568,0.25,0.8574500493,TX,no
48101,Texas,432,72,0.2169,4261.0442,8686.747,2534.1365,0.2507204611,0.32,0.18,2858,0.151,0,40449,1,0.179,0.6562942008,TX,no
48103,Texas,705,72,0.2244,3494.3182,8380.6818,3758.5227,0.1999522217,0.22,0.22,8713,0.066,2.085941e-4,68626,0.1069714286,0.465,0.6622097115,TX,no
48105,Texas,785,73,0.1725,3096.0699,7423.5808,4087.3362,0.2151854444,0.19,0.22,7407,0.083,2.857959e-4,54165,0.2274805055,0.293,0.6949778434,TX,no
48107,Texas,1311,73,0.1947,4136.8421,14789.4737,3849.1228,0.1992683452,0.29,0.42,6570,0.082,3.460806e-4,38871,1,0.369,0.6889859292,TX,no
48109,Texas,573,72,0.3205,3623.1454,8421.365,2317.5074,0.2470588235,0.23,0.15,11644,0.097,NA,44462,1,0.147,0.5551724138,TX,no
48111,Texas,965,73,0.1205,3882.8523,8567.0628,3071.3073,0.3016502698,0.26,0.28,5676,0.079,5.555556e-4,55793,0.2354169775,0.148,0.7453468697,TX,no
48113,Texas,346411,73,0.1321,4583.2188,16269.0474,7277.2648,0.2398118377,0.4,0.52,4695,0.076,6.952837e-4,61807,0.0068830419,0.432,0.810962782,TX,no
48115,Texas,2368,73,0.2042,4367.988,10142.8571,3081.5258,0.2362649063,0.24,0.26,5341,0.157,3.962279e-4,48165,0.1629436854,0.202,0.6883387321,TX,no
48117,Texas,2873,73,0.1977,4495.8413,10190.659,4718.4901,0.2596100279,0.28,0.39,3648,0.114,1.066098e-4,46178,0.1771112947,0.125,0.7912123678,TX,no
48119,Texas,1435,73,0.1573,4081.6327,12375.7503,5105.6423,0.1734693878,0.4,0.44,5345,0.084,1.869508e-4,51348,1,0.509,0.7028514257,TX,no
48121,Texas,115180,73,0.0844,4620.0599,15856.3228,7735.8233,0.1297058415,0.45,0.53,4794,0.073,5.401227e-4,90910,0.0690583054,0.476,0.9179544429,TX,no
48123,Texas,4800,73,0.1334,4185.806,10946.1484,3368.0456,0.1819989032,0.31,0.32,5745,0.111,4.953683e-4,52544,0.4962432204,0.305,0.6271282633,TX,no
48125,Texas,579,72,0.142,3327.5362,9257.971,2594.2029000000002,0.2159491884,0.29,0.32,5607,0.065,4.446421e-4,41973,1,0.268,0.7727810651,TX,no
48127,Texas,2010,72,0.4163,5165.0246,15849.7537,5507.3892,0.2065410594,0.29,0.41,5062,0.097,3.880481e-4,40315,0.3947579032,0.181,0.5918043202,TX,no
48129,Texas,944,74,0.1579,5364.9123,11491.2281,6866.6667,0.1971279373,0.28,0.18,4587,0.128,NA,41093,1,0.273,0.6314606742,TX,no
48131,Texas,2496,72,0.422,4942.1001,19116.7812,6513.2483,0.2025867137,0.29,0.34,7965,0.146,NA,37100,0.6704294687,0.279,0.6402734264,TX,no
48133,Texas,4961,73,0.1725,3981.7287,11642.305,4145.116,0.2139205375,0.23,0.4,4494,0.087,3.274752e-4,46991,0.6034547705,0.212,0.6680529883,TX,no
48135,Texas,20925,72,0.2166,3861.3688,13353.8446,4772.1088,0.2142409732,0.25,0.41,5627,0.087,5.798031e-4,65564,0.0945526143,0.263,0.8217780316,TX,no
48137,Texas,570,72,0.1617,3368.2635,8970.0599,3787.4251,0.2420429312,0.44,0.32,4002,0.088,5.186722e-4,40424,1,0.165,0.4588086185,TX,no
48139,Texas,32348,72,0.1059,4296.8958,16100.9859,7199.5737,0.1883407783,0.39,0.52,4902,0.125,4.235493e-4,78341,0.3197513535,0.472,0.8779381227,TX,no
48141,Texas,141935,73,0.1447,3581.8638,12748.0699,5208.2277,0.2380431424,0.27,0.33,4408,0.105,4.84087e-4,48629,0.0217436648,0.293,0.7849539712,TX,no
48143,Texas,7499,72,0.1537,4032.2361,11009.9886,5139.3871,0.2084474469,0.39,0.5,4223,0.163,5.41865e-4,53044,0.4632092901,0.195,0.8078705406,TX,no
48145,Texas,3933,71,0.1852,3512.5661,9638.2275,3582.672,0.2067666093,0.36,0.34,7676,0.062,1.153735e-4,41484,0.6735699093,0.521,0.6126178111,TX,no
48147,Texas,8258,73,0.1358,4391.3424,16598.6008,6674.683,0.2006631603,0.37,0.44,6167,0.089,1.700391e-4,56123,0.7052926434,0.489,0.7211916807,TX,no
48149,Texas,7573,74,0.0855,3602.5825,12947.3253,4897.315,0.1951905722,0.37,0.46,2900,0.126,3.155943e-4,62195,0.6713773723,0.242,0.6343732895,TX,no
48151,Texas,1016,74,0.1426,4062.2951,8304.918,2616.3934,0.1988202637,0.25,0.11,3656,0.076,2.604845e-4,51053,1,0.304,0.7020612117,TX,no
48153,Texas,1285,74,0.1139,4283.2278,10197.7848,3384.4937,0.2280178838,0.28,0.35,8792,0.083,6.852835e-4,45022,0.533198883,0.256,0.7384412153,TX,no
48155,Texas,361,73,0.2119,3216.1017,8084.7458,2932.2034,0.2271186441,0.26,0.34,9708,0.153,0,38615,1,0.271,0.6998123827,TX,no
48157,Texas,112333,72,0.113,4317.811,15241.4429,6611.7991,0.1319909489,0.38,0.5,4175,0.097,8.592919e-4,101361,0.0553576767,0.586,0.9260897164,TX,no
48159,Texas,2551,73,0.1216,4092.033,11861.9505,5332.4176,0.1752959464,0.31,0.44,4606,0.135,2.78655e-4,50630,0.6912776992,0.387,0.809331652,TX,no
48161,Texas,4707,72,0.1413,3722.8029,9771.5834,4184.669,0.2070331503,0.3,0.37,5941,0.152,3.029079e-4,52511,0.6647658458,0.375,0.6698727434,TX,no
48163,Texas,2963,71,0.3564,3796.9671,14069.9242,4982.3083,0.2219915527,0.28,0.34,4203,0.051,2.018571e-4,40360,0.2218156473,0.176,0.6309995597,TX,no
48165,Texas,2150,72,0.2279,3717.1315,8637.4502,2466.9323,0.3222550988,0.21,0.26,5706,0.062,1.913784e-4,67171,0.6304347826,0.214,0.7689263593,TX,no
48167,Texas,62945,72,0.0949,4412.0282,16967.7614,5480.9839,0.1741359346,0.36,0.47,6379,0.121,7.57643e-4,73214,0.0614982716,0.414,0.857762809,TX,no
48169,Texas,907,74,0.1365,4425.0559,12040.2685,3794.1834,0.2312416555,0.21,0.36,5062,0.057,1.520219e-4,48975,0.2233400402,0.295,0.7887232664,TX,no
48171,Texas,9350,74,0.0551,3846.0824,11465.1595,6067.0486,0.221251199,0.47,0.53,2132,0.104,0.0011938517,62143,0.5365382293,0.224,0.7919394053,TX,no
48173,Texas,192,75,NA,2460.4317,8661.8705,4748.2014,0.1952662722,0.38,0.48,NA,0.077,0,93759,1,0.419,0.7320099256,TX,no
48175,Texas,1901,73,0.1177,4328.6252,12317.3258,5177.0245,0.1576856649,0.33,0.41,4725,0.116,NA,56758,1,0.582,0.6696002934,TX,no
48177,Texas,4406,73,0.1588,3726.4555,13129.7089,4476.0274,0.2549513653,0.31,0.39,4650,0.166,3.841352e-4,48425,0.6527995153,0.312,0.7543454644,TX,no
48179,Texas,4359,73,0.1337,4722.8916,12285.3916,5180.3464,0.232972973,0.3,0.46,5644,0.225,4.567253e-4,52543,0.1938761926,0.198,0.7307204465,TX,no
48181,Texas,31582,73,0.1161,4507.8036,18887.677,7056.7641,0.2052815055,0.34,0.52,7435,0.11,4.627176e-4,57439,0.4315047528,0.31,0.7571511124,TX,no
48183,Texas,26457,72,0.1447,4446.1278,13453.0493,6165.1926,0.2111755954,0.4,0.5,5720,0.09,8.406962e-4,53137,0.1336235932,0.196,0.7913550374,TX,no
48185,Texas,6586,72,0.1202,3785.8546,13474.4597,4057.6293,0.2226229981,0.37,0.48,4922,0.158,2.468265e-4,51651,0.6890317246,0.407,0.7301076462,TX,no
48187,Texas,30459,72,0.0871,3735.4078,14014.4051,6371.4767,0.1454213503,0.34,0.4,4029,0.1,3.115569e-4,78801,0.2616225586,0.423,0.8612456108,TX,no
48189,Texas,5738,73,0.1452,3983.8313,10816.5202,3580.3163,0.2203882762,0.33,0.35,5408,0.141,2.955956e-4,49187,0.2309982632,0.183,0.7721576877,TX,no
48191,Texas,839,73,0.1746,4355.1587,9341.2698,3337.3016,0.2837837838,0.22,0.27,4484,0.094,3.30251e-4,35940,1,0.228,0.5990528808,TX,no
48193,Texas,2467,73,0.1276,3277.5476,6277.5476,2414.2502,0.2276178425,0.44,0.21,6502,0.113,9.429514e-4,52505,0.643771281,0.254,0.7243225159,TX,no
48195,Texas,963,75,0.113,4689.8551,10495.6522,3444.9275,0.2775977533,0.3,0.41,1118,0.074,5.491488e-4,58703,0.4033493675,0.223,0.7573449402,TX,no
48197,Texas,1006,72,0.1818,3850.0797,8441.7863,3365.2313,0.2561217737,0.31,0.34,5391,0.118,0.0012748598,40057,1,0.182,0.6691729323,TX,no
48199,Texas,12516,72,0.1286,4510.1145,14937.4046,7501.5267,0.1541367586,0.38,0.45,5890,0.085,1.922842e-4,62616,0.5154754278,0.468,0.8133423834,TX,no
48201,Texas,607558,72,0.1144,4548.6736,16442.936,6599.2217,0.2256775057,0.34,0.47,4701,0.098,5.850655e-4,61638,0.0121328033,0.478,0.8360052025,TX,no
48203,Texas,14549,72,0.1312,4066.9592,12591.308,6276.8969,0.1864659715,0.39,0.47,5165,0.148,2.997332e-4,55171,0.5605430361,0.286,0.6809634209,TX,no
48205,Texas,699,76,0.0917,5010.917,11091.7031,4373.3624,0.2345013477,0.27,0.33,2759,0.065,NA,72796,0.5725833058,0.103,0.8307508939,TX,no
48207,Texas,1439,73,0.1893,3922.3195,9378.5558,2298.6871,0.2580004962,0.33,0.4,3635,0.105,5.160846e-4,38613,0.4761824038,0.148,0.6351351351,TX,no
48209,Texas,35328,72,0.0748,4232.3064,13748.4595,6305.154,0.1760595863,0.37,0.48,3531,0.083,4.267151e-4,72890,0.3171214523,0.48,0.8483598186,TX,no
48211,Texas,678,74,0.0667,3927.0833,9068.75,2566.6667,0.2445602207,0.34,0.31,3272,0.07,0.0010457516,71299,0.2695035461,0.158,0.781201849,TX,no
48213,Texas,22627,72,0.1181,4180.6961,12999.3503,5476.1021,0.222732237,0.41,0.52,5247,0.155,3.037704e-4,49896,0.6011052819,0.439,0.7497480248,TX,no
48215,Texas,114705,72,0.3442,3908.8599,16111.3113,5597.9604,0.3207249991,0.35,0.45,5415,0.111,4.607715e-4,41656,0.0513869295,0.228,0.684449013,TX,no
48217,Texas,9416,73,0.133,3785.1163,9654.4186,4661.1628,0.2284129452,0.38,0.38,5402,0.129,2.475656e-4,53210,0.7626606629,0.411,0.7784020936,TX,no
48219,Texas,4190,73,0.1417,4255.8624,11318.395,3390.8286,0.2241305966,0.33,0.32,3996,0.1,6.092254e-4,51149,0.3984739481,0.29,0.7584094035,TX,no
48221,Texas,19057,74,0.0613,4137.5559,13285.9902,6348.6173,0.1702986457,0.49,0.52,4278,0.137,4.790459e-4,74534,0.3284553163,0.53,0.8515258216,TX,no
48223,Texas,8456,73,0.1362,4215.9495,13506.9088,4001.1844,0.2282965744,0.39,0.48,3947,0.104,2.716653e-4,50332,0.5962572168,0.253,0.7868742551,TX,no
48225,Texas,5843,73,0.1521,3970.0387,12225.8376,6771.5851,0.212410037,0.29,0.4,4843,0.156,1.726445e-4,43601,0.7348727457,0.383,0.6353611246,TX,no
48227,Texas,5531,73,0.151,3580.3717,10119.0088,4258.2328,0.1853360489,0.29,0.37,7700,0.061,2.742807e-4,61112,0.200645493,0.184,0.7359002169,TX,no
48229,Texas,766,71,0.2045,2847.5836,9278.8104,3535.316,0.2828513445,0.19,0.25,6753,0.089,NA,39309,1,0.325,0.5419222904,TX,no
48231,Texas,20244,72,0.1305,4489.223,15821.7714,6299.3117,0.1979822816,0.39,0.41,6528,0.141,2.79813e-4,57513,0.5663133207,0.433,0.7805296936,TX,no
48233,Texas,4351,72,0.1167,4533.6445,12598.2108,5385.8421,0.1997942034,0.32,0.4,4127,0.088,2.358713e-4,57936,0.2256433409,0.163,0.7920334825,TX,no
48235,Texas,374,74,0.1256,3605.3812,10968.6099,4928.2511,0.1280133001,0.46,0.47,1792,0.096,0,68630,1,0.329,0.6759530792,TX,no
48237,Texas,1750,73,0.1132,3763.4508,11070.5009,4103.8961,0.2327336974,0.29,0.33,6232,0.07,4.523352e-4,55358,0.5321760283,0.409,0.6890782828,TX,no
48239,Texas,3357,72,0.1261,3815.0943,10519.1375,3700.8086,0.1869406695,0.3,0.38,5681,0.134,6.72314e-5,55800,0.6181882771,0.378,0.7282896075,TX,no
48241,Texas,8979,72,0.1571,4249.6198,14235.7158,6087.7688,0.1674271049,0.35,0.4,4637,0.153,3.623996e-4,47252,0.7818538225,0.428,0.6528293135,TX,no
48243,Texas,751,74,0.0703,2364.8352,7516.4835,3164.8352,0.2957339118,0.26,0.21,4309,0.097,4.440497e-4,53362,1,0.275,0.6119544592,TX,no
48245,Texas,45953,72,0.1642,4340.7445,14283.1958,7231.2616,0.2049538851,0.39,0.45,5194,0.142,5.254881e-4,55173,0.0840200893,0.204,0.7282767669,TX,no
48247,Texas,1028,72,0.4341,4667.3866,16714.9028,6034.5572,0.1919191919,0.21,0.29,8931,0.084,1.905488e-4,38788,0.1739622642,0.345,0.5639606396,TX,no
48249,Texas,8412,71,0.3171,4805.4221,18704.5299,7157.8586,0.2014759283,0.28,0.37,5244,0.175,2.449659e-4,44444,0.4008521475,0.442,0.5928235928,TX,no
48251,Texas,33745,72,0.1146,4610.5014,15791.7094,6862.7714,0.1898452618,0.38,0.48,5954,0.128,4.376725e-4,66538,0.3787417017,0.562,0.8558192288,TX,no
48253,Texas,3677,72,0.1801,4126.6249,11942.2244,3496.8705,0.1911236532,0.32,0.31,6024,0.078,3.532321e-4,51094,0.8514998515,0.325,0.7684339888,TX,no
48255,Texas,2877,73,0.1984,3769.2308,12991.5966,4219.1338,0.1880236101,0.29,0.41,4638,0.058,2.555911e-4,54843,0.3839044792,0.28,0.6826249416,TX,no
48257,Texas,23277,71,0.1295,4276.6218,14899.6328,7458.149,0.1777587941,0.37,0.52,4732,0.129,2.876646e-4,75009,0.4881761006,0.587,0.8105747731,TX,no
48259,Texas,11349,74,0.0502,4424.0342,13987.7844,7452.7409,0.1540298507,0.48,0.51,2374,0.101,8.325847e-4,94899,0.5815923376,0.478,0.8835332912,TX,no
48261,Texas,58,74,NA,3720,16760,6960,0.2682926829,NA,0.5,NA,0.111,0,46132,1,0.229,0.4822335025,TX,no
48263,Texas,216,74,0.1803,4385.2459,9090.1639,2950.8197,0.1647286822,0.32,0.23,2454,0.125,0,52591,1,0.102,0.7362637363,TX,no
48265,Texas,17601,74,0.0767,4137.861,13617.7691,5790.4266,0.2167809158,0.47,0.51,2308,0.151,8.396145e-4,57789,0.41102267,0.223,0.8306312199,TX,no
48267,Texas,1334,73,0.1278,3378.8889,7592.2222,3791.1111,0.20940869,0.3,0.3,2526,0.092,9.170105e-4,44757,0.443021489,0.247,0.7033090297,TX,no
48269,Texas,40,66,NA,1652.1739,2521.7391,NA,0.2198275862,NA,NA,NA,0.095,0,71256,1,0.18,0.8831168831,TX,no
48271,Texas,976,73,0.1815,3555.3539,9023.5935,3811.2523,0.1796502385,0.33,0.28,4154,0.095,NA,47076,0.2045580878,0.056,0.4816753927,TX,no
48273,Texas,5389,72,0.1841,4138.7507,13687.6727,7087.3411,0.1917104541,0.34,0.38,6187,0.074,4.17617e-4,47169,0.1887027853,0.2,0.7343678686,TX,no
48275,Texas,897,74,0.2323,4335.1064,9014.1844,2161.3475,0.2545264624,0.3,0.15,3724,0.081,NA,40808,1,0.159,0.752,TX,no
48277,Texas,12069,72,0.1777,4371.134,15498.3232,6197.7394,0.2058327672,0.44,0.49,5902,0.157,5.027349e-4,47061,0.470829233,0.166,0.6581619765,TX,no
48279,Texas,2739,73,0.1954,3723.4195,9534.4828,3178.8793,0.2547510893,0.31,0.35,3366,0.164,3.039976e-4,42719,0.5768762968,0.22,0.6732233503,TX,no
48281,Texas,5828,71,0.0945,3594.7631,9472.2569,4508.4165,0.1873969376,0.39,0.24,6628,0.139,4.710537e-4,58817,0.6826752046,0.356,0.767132061,TX,no
48283,Texas,1221,72,0.3837,4103.3797,13660.0398,5260.4374,0.1648804617,0.24,0.24,3249,0.056,NA,41683,0.4635492303,0.277,0.5628029969,TX,no
48285,Texas,5621,74,0.108,4132.7169,11734.8382,3693.7721,0.1708670671,0.39,0.39,6390,0.192,6.464446e-4,52632,0.8131651352,0.339,0.758113979,TX,no
48287,Texas,3972,73,0.1044,3571.0784,12443.6275,5700.9804,0.2061096798,0.36,0.47,4432,0.148,2.916472e-4,59250,0.6972068384,0.413,0.7740225315,TX,no
48289,Texas,5385,73,0.0944,3686.3863,10750.8909,4605.8446,0.2580943571,0.36,0.43,5516,0.129,NA,50522,1,0.454,0.7080552538,TX,no
48291,Texas,14966,71,0.1582,4623.3017,16642.4716,6893.3557,0.2159604339,0.24,0.37,5966,0.187,2.31688e-4,53274,0.6322726492,0.609,0.7919473077,TX,no
48293,Texas,5516,71,0.203,3764.3428,10377.9956,4095.1344,0.2183685111,0.38,0.41,5694,0.132,3.401505e-4,43644,0.5361785836,0.286,0.637937209,TX,no
48295,Texas,651,74,0.0917,3495.4128,8344.0367,3259.1743,0.2784902895,0.33,0.33,3858,0.081,NA,65388,1,0.219,0.8271812081,TX,no
48297,Texas,2738,73,0.1479,3598.4906,10632.4528,5575.8491,0.2106790482,0.34,0.32,3322,0.096,8.21963e-5,54163,1,0.445,0.5887526652,TX,no
48299,Texas,8175,74,0.0658,3986.0215,9998.7097,4122.7957,0.2067789229,0.42,0.43,4227,0.124,7.853645e-4,55617,0.4517900627,0.379,0.8102097257,TX,no
48301,Texas,18,77,0,NA,NA,NA,0.161971831,NA,NA,NA,0.064,0,88487,1,0.259,0.7333333333,TX,no
48303,Texas,51135,73,0.1179,4644.6393,14207.232,4548.5475,0.1563615456,0.37,0.46,3748,0.058,8.197468e-4,54733,0.1133554017,0.106,0.7979433949,TX,no
48305,Texas,1156,73,0.1313,4697.0228,12211.9089,3425.5692,0.1997925311,0.31,0.33,4037,0.151,5.104645e-4,45737,0.5672020287,0.284,0.7163416899,TX,no
48307,Texas,2297,73,0.1878,3288.9344,7413.9344,2584.6995,0.1983457671,0.26,0.33,4374,0.134,5.008138e-4,43262,0.3532536521,0.177,0.7629653198,TX,no
48309,Texas,48411,72,0.1473,3875.6664,11597.7723,5646.8964,0.183920156,0.45,0.5,5194,0.1,7.344653e-4,51078,0.2335189395,0.176,0.7768227952,TX,no
48311,Texas,196,75,NA,3915.7895,11536.8421,4947.3684,0.1408450704,0.33,0.26,NA,0.097,0,68349,1,0.311,0.762962963,TX,no
48313,Texas,2594,73,0.1686,3674.5098,11610.1961,3905.098,0.2057914262,0.3,0.43,4761,0.141,2.080155e-4,46274,0.6740339578,0.335,0.6912625908,TX,no
48315,Texas,3237,72,0.2058,3907.0056,13400.496,6272.1637,0.1920723227,0.31,0.37,5663,0.221,NA,37876,1,0.504,0.6286320255,TX,no
48317,Texas,798,74,0.1386,3473.3475,8897.6546,3456.29,0.1904104183,0.36,0.32,4497,0.062,1.738224e-4,68745,1,0.344,0.6292798111,TX,no
48319,Texas,1425,75,0.0977,3589.4621,8642.1515,4971.4599,0.275580255,0.44,0.41,1999,0.089,NA,54914,1,0.2,0.7323113208,TX,no
48321,Texas,7709,72,0.1605,4322.0808,15087.7144,4723.575,0.2134718835,0.32,0.41,6195,0.099,3.83016e-4,49276,0.3641763392,0.278,0.633882149,TX,no
48323,Texas,10977,72,0.5267,3357.124,12364.7617,5540.4267,0.2766616073,0.25,0.26,8090,0.174,2.906728e-4,40017,0.0925577795,0.205,0.6134716935,TX,no
48325,Texas,10713,72,0.1197,3932.2499,12684.466,5550.2322,0.1815164351,0.34,0.38,5418,0.149,2.749357e-4,60695,0.6155501456,0.553,0.7364494325,TX,no
48327,Texas,714,73,0.1429,3670.5069,8076.0369,4119.8157,0.2832409972,0.31,0.31,4012,0.106,4.675082e-4,38425,1,0.261,0.6607495069,TX,no
48329,Texas,20882,73,0.1284,3401.8657,12913.4809,5473.0199,0.1641683492,0.37,0.44,3248,0.059,3.592578e-4,85811,0.1229177626,0.195,0.8406786203,TX,no
48331,Texas,6503,72,0.171,3694.9087,11538.2822,3711.6207,0.1902518113,0.35,0.4,6957,0.183,1.193745e-4,48989,0.5618208991,0.459,0.6853055917,TX,no
48333,Texas,1487,73,0.1312,3190.0452,6369.9095,2385.7466,0.2690634967,0.38,0.19,2888,0.085,4.064215e-4,46876,1,0.181,0.7150837989,TX,no
48335,Texas,1516,73,0.1607,2883.4356,6316.5644,1931.2883,0.2110324805,0.22,0.26,8140,0.194,4.910988e-4,44457,0.3674359247,0.28,0.66246851389999994,TX,no
48337,Texas,5668,73,0.1093,3762.5418,12059.6433,4003.6232,0.228663552,0.28,0.3,3876,0.136,3.061849e-4,53649,0.5894315128,0.348,0.7220512821,TX,no
48339,Texas,102891,72,0.0697,4719.8733,16129.3962,7007.2254,0.1767095212,0.34,0.5,4862,0.094,5.973685e-4,88833,0.2272559715,0.517,0.8987963695,TX,no
48341,Texas,2739,73,0.1502,4505.1672,13600.6079,4237.0821,0.2521185326,0.28,0.36,6880,0.087,4.65441e-4,55099,0.168142805,0.202,0.8436061191,TX,no
48343,Texas,3592,72,0.169,4129.5522,12691.3433,6229.8507,0.1772975241,0.27,0.42,6468,0.146,1.620877e-4,43304,0.784212154,0.344,0.779753762,TX,no
48345,Texas,372,75,0.1595,3439.6552,9814.6552,3698.2759,0.1944121071,0.27,0.34,8706,0.133,0,40217,1,0.33,0.6952965235,TX,no
48347,Texas,12520,72,0.1451,3790.8968,14004.9572,6115.6677,0.2090531594,0.34,0.48,6694,0.124,7.00035e-4,46207,0.4646023185,0.202,0.7886096729,TX,no
48349,Texas,11189,71,0.1937,3766.5548,13978.1035,5885.7496,0.2184111965,0.33,0.46,4677,0.179,4.035105e-4,48649,0.5265737928,0.325,0.7605260122,TX,no
48351,Texas,3206,71,0.2129,4525.7108,15050.2117,5866.9087,0.196322019,0.36,0.37,3928,0.082,NA,45890,1,0.57,0.6991533396,TX,no
48353,Texas,3409,72,0.1955,4159.5861,9936.8192,2590.9586,0.1845917846,0.28,0.37,5487,0.155,3.389601e-4,46389,0.326564143,0.198,0.728315147,TX,no
48355,Texas,65235,71,0.1505,4453.719,14366.2914,6519.7607,0.2034581375,0.4,0.42,4376,0.13,7.922377e-4,56079,0.0644724196,0.181,0.8128944543,TX,no
48357,Texas,1385,73,0.113,3737.8238,9529.5337,3109.8446,0.2720454545,0.29,0.27,6329,0.124,4.021313e-4,62567,0.1390981121,0.118,0.7559575079,TX,no
48359,Texas,471,74,0.0842,4728.9377,13941.3919,6864.4689,0.1517857143,0.29,0.43,4273,0.115,NA,59404,1,0.413,0.7929292929,TX,no
48361,Texas,17140,72,0.114,4368.31,14048.6422,7311.8903,0.1634382393,0.36,0.47,5566,0.16,1.914517e-4,62976,0.3517113286,0.372,0.8074714457,TX,no
48363,Texas,7019,73,0.1277,4447.7019,13755.0311,5700.8696,0.2255247034,0.34,0.46,5834,0.148,3.809524e-4,50159,0.5021521824,0.366,0.7563139932,TX,no
48365,Texas,5610,73,0.1069,4077.0289,11517.1939,4860.3851,0.1943689531,0.33,0.4,5891,0.127,3.456022e-4,56882,0.7271810388,0.372,0.7331249276,TX,no
48367,Texas,30031,73,0.0783,4506.395,14389.678,7418.2788,0.1769451262,0.41,0.5,4720,0.091,4.19163e-4,82501,0.5608456558,0.507,0.850733118,TX,no
48369,Texas,1552,74,0.141,4062.9699,9057.3308,3669.1729,0.2818688486,0.29,0.31,3594,0.113,2.027575e-4,50607,0.6001558087,0.14,0.6603184515,TX,no
48371,Texas,2413,72,0.2576,2797.4006,8713.3028,2579.5107,0.2354219171,0.19,0.18,4141,0.169,4.46628e-4,52763,0.3977558522,0.164,0.6329467354,TX,no
48373,Texas,19843,72,0.0779,3876.0371,12890.4832,5671.5471,0.21874145750000001,0.38,0.47,3401,0.204,5.796406e-4,50416,0.7763856165,0.374,0.7147451894,TX,no
48375,Texas,20233,72,0.1884,4787.9862,15110.7829,6567.7006,0.2446885476,0.36,0.46,4871,0.113,7.438486e-4,41138,0.0899622542,0.129,0.7401081568,TX,no
48377,Texas,1925,75,0.4683,2088.7805,7195.122,3110.2439,0.3195759182,0.2,0.13,2732,0.192,2.878526e-4,33499,0.4047070862,0.101,0.4836806921,TX,no
48379,Texas,3439,72,0.1032,4152.8903,12367.9092,5270.1243,0.2214324768,0.37,0.4,5774,0.087,8.22436e-5,65657,0.9322888034,0.489,0.7263279446,TX,no
48381,Texas,25440,73,0.0751,4998.5132,15086.9771,7076.4344,0.1323009239,0.38,0.46,3283,0.078,6.310954e-4,70694,0.1437564713,0.17,0.8815525724,TX,no
48383,Texas,476,73,0.1818,4007.2727,10520,2945.4545,0.2095699576,0.29,0.27,4279,0.067,5.346164e-4,67384,0.1330561331,0.205,0.7306273063,TX,no
48385,Texas,1410,73,0.1402,3434.1463,10728.0488,4528.0488,0.2378580324,0.36,0.34,3214,0.09,5.750431e-4,40834,1,0.121,0.6172291297,TX,no
48387,Texas,3669,73,0.1934,4000,13544.6053,6706.2121,0.1899416749,0.34,0.5,5238,0.213,1.64271e-4,41325,0.7573094868,0.499,0.6413459601,TX,no
48389,Texas,2190,72,0.2829,2950.8071,7952.3444,2338.2014,0.2180950599,0.23,0.3,7558,0.134,3.185728e-4,48990,0.1449611841,0.195,0.6179647527,TX,no
48391,Texas,1834,73,0.177,4514.4928,13046.5839,3376.8116,0.1737997767,0.34,0.3,6326,0.08,1.422071e-4,46883,0.606799404,0.355,0.6992540243,TX,no
48393,Texas,184,75,NA,4414.6341,11528.4553,4691.0569,0.1319444444,0.36,0.44,NA,0.083,0,70705,1,0.214,0.8139534884,TX,no
48395,Texas,4179,72,0.155,3465.798,11326.1982,3522.5686,0.2076688895,0.4,0.44,7776,0.169,5.7857e-5,47016,0.7385392853,0.433,0.7368094351,TX,no
48397,Texas,17446,73,0.0664,4428.7424,15996.1923,8355.4178,0.1380826337,0.4,0.52,4124,0.141,7.649741e-4,105763,0.1603584513,0.608,0.9308246549,TX,no
48399,Texas,2710,73,0.1675,4203.3173,9502.9428,3487.4264,0.1966313163,0.37,0.4,4995,0.084,6.839945e-4,48650,0.4075802305,0.33,0.7212525667,TX,no
48401,Texas,10965,73,0.1269,4017.4859,12504.5658,5530.2118,0.2170827525,0.36,0.4,5528,0.157,2.020202e-4,56036,0.6587286705,0.375,0.6252485089,TX,no
48403,Texas,3618,73,0.1324,3794.4251,10185.5401,4368.9024,0.1930855425,0.34,0.38,4410,0.096,2.833129e-4,43778,1,0.245,0.7478543261,TX,no
48405,Texas,2616,72,0.1936,3896.2396,14011.8384,5869.0808,0.1970815163,0.34,0.46,4498,0.227,2.429543e-4,40094,1,0.386,0.6693711968,TX,no
48407,Texas,7174,72,0.1268,4590.6697,16421.3695,7129.4206,0.2279906668,0.25,0.43,6793,0.16,6.96403e-5,42633,1,0.649,0.7361346211,TX,no
48409,Texas,13831,71,0.1629,4389.432,13529.7952,6220.2048,0.1765835274,0.37,0.42,4504,0.098,2.541372e-4,57302,0.196500216,0.333,0.7222028125,TX,no
48411,Texas,1600,74,0.141,2978.6325,7883.547,3231.8376,0.2795779955,0.27,0.28,4568,0.074,3.303601e-4,46061,0.4935573316,0.338,0.7593659942,TX,no
48413,Texas,636,73,0.215,3748.7923,8946.8599,3495.1691,0.2494623656,0.24,0.27,2745,0.136,NA,53286,1,0.293,0.6455813953,TX,no
48415,Texas,3128,73,0.1548,3948.7763,8845.7598,2545.8167,0.194219744,0.23,0.34,6092,0.085,5.929088e-4,56299,0.3170025412,0.116,0.7350614375,TX,no
48417,Texas,834,73,0.1084,4114.4578,13234.9398,6287.1486,0.2114418245,0.34,0.48,3399,0.109,3.074085e-4,65095,1,0.324,0.7760060744,TX,no
48419,Texas,5418,72,0.1705,3905.2252,13749.1892,5797.8378,0.2528038508,0.28,0.42,4487,0.095,1.96711e-4,39708,0.7943256837,0.347,0.6868610782,TX,no
48421,Texas,405,74,0.0957,4127.6596,10893.617,5386.5248,0.2829174664,0.26,0.44,3868,0.067,NA,55473,1,0.353,0.7684003925,TX,no
48423,Texas,49764,73,0.0995,4361.3204,14106.0971,5400.8155,0.2170980184,0.44,0.52,4721,0.13,0.0010337893,59538,0.3160780873,0.301,0.8072813409,TX,no
48425,Texas,2192,72,0.1184,3955.157,12677.13,5100.4484,0.1814936848,0.45,0.49,3782,0.061,6.654836e-4,67897,1,0.456,0.7755363433,TX,no
48427,Texas,10033,73,0.686,4691.3815,19595.3739,3542.4588,0.2993302329,0.27,0.27,6261,0.124,2.169702e-4,32516,0.2370587849,0.258,0.5614035088,TX,no
48429,Texas,2213,72,0.1412,3796.5243,9754.5257,3243.302,0.2418887601,0.28,0.41,6346,0.136,3.180324e-4,46658,0.3936656282,0.198,0.7582383739,TX,no
48431,Texas,244,73,0.1257,4982.0359,14658.6826,5922.1557,0.1815718157,0.33,0.43,1457,0.099,0,66790,1,0.245,0.8558951965,TX,no
48433,Texas,387,74,0.1377,4300.7246,7822.4638,2427.5362,0.1975927783,0.25,0.14,5196,0.102,7.342144e-4,48267,1,0.289,0.7724137931,TX,no
48435,Texas,838,73,0.1401,3908.9317,8697.0228,2551.6637,0.1977697606,0.34,0.45,8514,0.127,0.001064396,63427,0.1879844961,0.161,0.5240793201,TX,no
48437,Texas,1497,75,0.1364,4249.4715,9495.7717,3883.7209,0.2341818182,0.31,0.28,5613,0.084,1.340123e-4,44388,0.375732111,0.309,0.7536926148,TX,no
48439,Texas,301316,72,0.1129,4573.2061,15926.3891,7276.316,0.1901620195,0.4,0.5,5329,0.11,5.875494e-4,70130,0.0128820133,0.426,0.868651271,TX,no
48441,Texas,26811,72,0.1654,4391.798,14264.6273,4605.3967,0.1743239695,0.4,0.45,4294,0.087,6.82941e-4,54465,0.1603348897,0.093,0.7710555867,TX,no
48443,Texas,266,74,0.1418,2957.4468,8659.5745,2822.695,0.1948275862,0.28,0.12,1582,0.066,0,45677,1,0.283,0.5837320574,TX,no
48445,Texas,2134,72,0.2036,4123.0117,16852.5981,4383.8812,0.2472914694,0.2,0.39,7039,0.201,3.255473e-4,42953,0.2466998656,0.262,0.7069687269,TX,no
48447,Texas,419,75,0.1119,3538.4615,8465.035,2527.972,0.2447488584,0.25,0.22,1774,0.143,6.60066e-4,42746,1,0.256,0.7155688623,TX,no
48449,Texas,5917,72,0.1712,3961.92,11908.48,5413.12,0.2241886847,0.27,0.41,5391,0.099,4.540914e-4,49924,0.5055668955,0.175,0.7387312953,TX,no
48451,Texas,23741,72,0.1562,4011.5644,12686.7973,5181.6576,0.1682649479,0.42,0.53,5869,0.126,7.191871e-4,54774,0.1564087676,0.113,0.7805790276,TX,no
48453,Texas,151011,72,0.1094,4183.1774,14215.0828,6477.1835,0.1477999595,0.4,0.5,3803,0.07,8.632681e-4,80690,0.0546352217,0.37,0.8821346385,TX,no
48455,Texas,4571,72,0.1478,3995.122,12605.3659,6453.6585,0.2133010432,0.29,0.38,4482,0.232,1.356852e-4,43788,0.7723688721,0.526,0.6515754561,TX,no
48457,Texas,5407,72,0.1519,4231.694,13409.8361,5833.8798,0.1785905681,0.31,0.33,6587,0.115,1.843658e-4,48254,0.7813103005,0.437,0.6849295775,TX,no
48459,Texas,9538,72,0.1272,4167.6142,12527.69,6098.7576,0.2075494272,0.36,0.45,5538,0.149,2.908386e-4,53078,0.7929990587,0.462,0.7893393819,TX,no
48461,Texas,637,72,0.1923,3163.4615,7698.7179,2381.4103,0.1898490202,0.35,0.18,4951,0.065,5.448107e-4,58908,1,0.366,0.4984984985,TX,no
48463,Texas,5787,72,0.262,3598.3489,9644.6518,4635.6784,0.2380076346,0.29,0.34,4108,0.151,4.097445e-4,44690,0.3138420754,0.181,0.6518493383,TX,no
48465,Texas,8972,73,0.3161,3991.3288,10617.7642,4278.6501,0.2163719452,0.29,0.26,4819,0.078,3.048285e-4,45034,0.1015773645,0.076,0.6762785981,TX,no
48467,Texas,13924,73,0.1173,4185.3637,12586.766,5915.7172,0.2137920166,0.39,0.4,4752,0.138,1.606598e-4,55554,0.7501854352,0.53,0.7142290137,TX,no
48469,Texas,18988,73,0.144,4499.1677,15361.3361,5990.4561,0.1826395952,0.4,0.51,6196,0.167,7.605802e-4,57344,0.2662657127,0.188,0.7073631995,TX,no
48471,Texas,11345,73,0.1196,4567.8074,15014.1529,6392.2687,0.1986854541,0.33,0.45,5427,0.112,2.897351e-4,47519,0.4558288266,0.376,0.8079497336,TX,no
48473,Texas,8678,72,0.1102,4125.5028,15472.7809,6063.0196,0.2333871685,0.29,0.45,5793,0.126,1.317622e-4,61822,0.6164101377,0.498,0.7062817217,TX,no
48475,Texas,1943,72,0.1734,3370.438,8258.2117,2744.5255,0.1892352411,0.18,0.26,9473,0.195,1.706485e-4,61396,0.2788515669,0.26,0.7176973353,TX,no
48477,Texas,9382,73,0.1151,3829.3314,10542.2977,4231.0676,0.19322532,0.41,0.46,3671,0.148,5.981543e-4,59039,0.5349071712,0.206,0.7355247525,TX,no
48479,Texas,36222,72,0.4387,3838.9292,13220.0544,4775.4732,0.2980685982,0.27,0.37,5153,0.091,3.116958e-4,52576,0.0259963884,0.226,0.6691759483,TX,no
48481,Texas,9037,73,0.1474,4282.5318,13858.8382,4633.7706,0.2332032053,0.34,0.4,6110,0.15,3.363848e-4,49901,0.4989583333,0.294,0.6975458912,TX,no
48483,Texas,1208,73,0.114,4163.2653,9890.7563,3262.9052,0.2573352573,0.3,0.28,4826,0.073,3.852822e-4,58544,1,0.269,0.7278973889,TX,no
48485,Texas,26530,72,0.1667,4334.3881,14833.784,5671.0201,0.1729009488,0.39,0.47,5195,0.171,7.723528e-4,51535,0.1066692015,0.076,0.7737819505,TX,no
48487,Texas,2963,72,0.2006,4211.4458,13884.9398,4004.2169,0.2154733959,0.27,0.48,6777,0.184,3.900156e-4,42570,0.2189139269,0.118,0.6561776062,TX,no
48489,Texas,3783,72,0.4812,4546.2886,19736.447,8192.6606,0.2262744576,0.28,0.5,6698,0.188,3.253544e-4,35821,0.3457576579,0.33,0.6015219647,TX,no
48491,Texas,91106,73,0.0668,4312.7178,13784.0058,5734.4676,0.1237830488,0.46,0.52,3776,0.086,6.98759e-4,92661,0.1198994982,0.443,0.9259491563,TX,no
48493,Texas,10418,72,0.0985,3856.2778,13225.4744,5923.4962,0.1604116654,0.36,0.39,3828,0.09,4.579484e-4,76905,0.8586141013,0.602,0.8270514206,TX,no
48495,Texas,1129,73,0.1947,3042.3862,8365.7771,2560.4396,0.208847427,0.17,0.2,6963,0.074,2.590674e-4,64894,0.1812939522,0.262,0.7327224131,TX,no
48497,Texas,13487,73,0.0927,4453.9774,16668.089,6736.0561,0.208282561,0.34,0.49,6049,0.163,3.952859e-4,70468,0.7210749742,0.484,0.7754928696,TX,no
48499,Texas,15759,73,0.0842,4172.7531,12170.3818,4818.2357,0.1999809904,0.42,0.4,4290,0.209,4.43174e-4,56945,0.741993137,0.422,0.7751665657,TX,no
48501,Texas,1301,73,0.1551,3081.5508,6374.3316,2419.7861,0.2235325295,0.2,0.19,4094,0.119,3.492027e-4,62636,0.3732707196,0.222,0.7497134123,TX,no
48503,Texas,4644,73,0.1299,4340.4842,12425.3754,4485.4428,0.2202519175,0.3,0.42,6489,0.141,6.650042e-4,52643,0.3356873315,0.154,0.7501026413,TX,no
48505,Texas,2110,72,0.475,4378.9581,14638.4065,5029.6221,0.2839861751,0.23,0.32,5596,0.117,7.04722e-5,36069,0.2353402768,0.19,0.5856095936,TX,no
48507,Texas,2151,70,0.4485,3910.3079,10491.2985,5531.4592,0.19641385,0.2,0.26,5312,0.085,8.34516e-5,32538,0.3803202877,0.154,0.5242229067,TX,no
49001,Utah,1391,72,0.1328,2670.7424,5518.7773,1792.1397,0.1238540356,0.28,0.21,3964,0.1,9.118541e-4,58309,0.5652436265,0.186,0.7414548642,UT,yes
49003,Utah,9295,73,0.0788,3240.8638,10111.7703,4065.0214,0.0877359686,0.43,0.45,2645,0.1,3.275705e-4,69380,0.3109954977,0.335,0.8660140019,UT,yes
49005,Utah,15926,73,0.0915,3747.4261,10388.5752,3450.8469,0.0983880737,0.44,0.51,1977,0.059,4.485787e-4,63180,0.1568757989,0.12,0.8784413825,UT,yes
49007,Utah,4841,71,0.1685,2998.4985,9149.8498,3800.3003,0.0921604938,0.4,0.5,3626,0.109,4.933643e-4,52110,0.3371489978,0.148,0.8069996168,UT,yes
49009,Utah,275,72,NA,3268.5714,7605.7143,3280,0.0849315068,0.34,0.54,1123,0.142,0,63433,1,0.247,0.8834355828,UT,yes
49011,Utah,45434,73,0.0582,3648.4657,10963.6142,4986.6537,0.068826538,0.42,0.51,1847,0.083,4.805054e-4,87610,0.0091947572,0.286,0.9134393741,UT,yes
49013,Utah,3372,72,0.1433,2729.6525,5990.9567,1616.3732,0.1538952746,0.23,0.42,3090,0.09,4.508115e-4,59437,0.6821088838,0.24,0.8460978451,UT,yes
49015,Utah,2230,72,0.117,2701.4925,7281.791,2996.4179,0.0867869332,0.33,0.36,1722,0.118,9.98602e-5,61893,0.7364249271,0.219,0.804638472,UT,yes
49017,Utah,1262,73,0.0929,2725.4697,5577.2443,2232.7766,0.143049569,0.41,0.28,4724,0.091,3.937008e-4,54625,1,0.163,0.8107954545,UT,yes
49019,Utah,2138,73,0.1255,2661.8201,4467.9591,1648.8961,0.1293817718,0.34,0.42,1424,0.108,0.0013314215,53535,0.2538753388,0.092,0.8907182057,UT,yes
49021,Utah,9699,72,0.0869,3202.3471,10369.3101,2758.0014,0.1208281278,0.4,0.45,2915,0.093,3.789673e-4,58307,0.2255485995,0.114,0.8386129885,UT,yes
49023,Utah,1815,73,0.1039,3215.781,10335.7488,3374.3961,0.1053894611,0.31,0.47,5738,0.082,6.92341e-4,66056,0.4347062268,0.368,0.7938799076,UT,yes
49025,Utah,2188,73,0.0841,2775.3233,7489.7629,2127.1552,0.0979033404,0.33,0.39,1995,0.092,3.891555e-4,55887,0.5491929825,0.052,0.7824441922,UT,yes
49027,Utah,2603,73,0.1035,2739.9286,9054.564,2290.668,0.1410025585,0.36,0.42,2672,0.103,4.613255e-4,59069,0.7394225386,0.13,0.8194604565,UT,yes
49029,Utah,1777,74,0.0234,3467.1858,9859.8443,5295.8843,0.0687482628,0.37,0.46,1009,0.058,9.13242e-4,101943,0.6284718555,0.463,0.9465081724,UT,yes
49031,Utah,443,73,0.0997,2720.7977,6105.4131,2014.245,0.1463917526,0.34,0.35,2683,0.106,0,42196,1,0.322,0.7706766917,UT,yes
49033,Utah,501,73,0.0464,2649.0066,6847.6821,3350.9934,0.1005,0.37,0.41,NA,0.087,NA,64583,1,0.463,0.8456692913,UT,yes
49035,Utah,156253,72,0.1099,3424.9181,10858.0325,4276.7228,0.1178904487,0.39,0.5,2262,0.07,7.799534e-4,79941,0.0090331227,0.258,0.8776479377,UT,yes
49037,Utah,2388,71,0.283,2562.5621,4633.565,2477.1599,0.161953125,0.18,0.22,3150,0.14,6.472911e-4,49438,0.7786518378,0.287,0.5344467641,UT,yes
49039,Utah,5368,73,0.1023,3270.6052,9168.2997,2947.5504,0.1337595908,0.36,0.42,3181,0.081,4.571727e-4,54648,0.4092804256,0.21,0.8184658105,UT,yes
49041,Utah,4601,72,0.1357,3215.3893,8757.6492,2428.9609,0.1112303088,0.4,0.49,2280,0.099,4.642741e-4,58983,0.6471493126,0.124,0.8343291689,UT,yes
49043,Utah,7019,73,0.0297,3277.1826,8943.2244,3197.6433,0.09208118,0.5,0.56,1748,0.048,0.0012877686,112482,0.3919997798,0.365,0.9281997187,UT,yes
49045,Utah,8968,72,0.0942,3653.8727,11251.4365,4764.6518,0.1006018372,0.37,0.45,3572,0.114,1.716566e-4,80196,0.1770071112,0.481,0.9079011622,UT,yes
49047,Utah,5224,71,0.1404,2664.563,8337.6459,2957.3998,0.1482345423,0.28,0.45,4043,0.109,3.386196e-4,62541,0.468485332,0.187,0.8336644905,UT,yes
49049,Utah,63539,72,0.103,3596.5942,11412.5961,5480.3259,0.0877002367,0.39,0.49,2267,0.062,4.226848e-4,79505,0.0332698368,0.25,0.871824376,UT,yes
49051,Utah,5147,73,0.0505,3434.8366,9264.3773,2880.844,0.111740421,0.41,0.5,2728,0.057,5.11432e-4,92136,0.2685082873,0.375,0.9015082498,UT,yes
49053,Utah,44135,74,0.0494,3660.9813,11163.9547,3947.7575,0.1348004357,0.42,0.47,2516,0.086,5.591147e-4,64388,0.1521340912,0.133,0.8649902002,UT,yes
49055,Utah,709,73,0.0632,2617.3285,5205.7762,3122.7437,0.1379807692,0.41,0.11,614,0.078,3.717472e-4,50555,1,0.153,0.773,UT,yes
49057,Utah,39537,72,0.1034,3443.2915,10764.0107,5313.0063,0.1019134217,0.43,0.46,1812,0.084,4.329866e-4,71835,0.0580099984,0.232,0.8726922709,UT,yes
50001,Vermont,9557,73,0.1686,2752.4988,8015.2308,2520.2285,0.047251333,0.43,0.57,2389,0.081,0.0011359641,73574,0.7843078678,0.39,0.8346818431,VT,yes
50003,Vermont,10743,72,0.2119,3267.4876,10890.0969,3011.5274,0.0551669376,0.48,0.5,4404,0.109,0.0010384216,56948,0.6451178451,0.216,0.8109183184,VT,yes
50005,Vermont,8295,72,0.2371,2485.3888,5541.5222,1824.6657,0.0524195314,0.42,0.38,2733,0.092,7.920269e-4,50942,0.7439075159,0.317,0.7563133344,VT,yes
50007,Vermont,33089,72,0.1955,3079.4672,10594.1335,2609.3244,0.0434835474,0.46,0.59,2152,0.067,0.001816834,76483,0.2598613817,0.258,0.8543833132,VT,yes
50009,Vermont,1942,71,0.2433,2293.8628,5212.9964,1892.4188,0.0597956077,0.39,0.4,4806,0.13,1.6e-4,45796,1,0.401,0.7087591241,VT,yes
50011,Vermont,11137,71,0.2379,2801.9348,9368.89,3177.9532,0.0462913489,0.45,0.45,4508,0.109,5.463265e-4,65056,0.7171490806,0.421,0.8168399504,VT,yes
50013,Vermont,2226,72,0.1516,2769.5473,7677.6406,3182.4417,0.0479757446,0.46,0.49,2953,0.098,5.641749e-4,68364,1,0.637,0.8416779432,VT,yes
50015,Vermont,5910,72,0.2272,2713.6772,6879.5551,2703.5021,0.053885703,0.44,0.58,3357,0.082,9.090909e-4,60555,1,0.406,0.8248625071,VT,yes
50017,Vermont,8063,72,0.191,2494.8436,7105.3627,2161.2238,0.0506329114,0.45,0.44,3957,0.1,8.276147e-4,59758,0.9723873376,0.448,0.7910253278,VT,yes
50019,Vermont,8120,71,0.3054,1726.5383,5669.1303,1488.8278,0.0572407288,0.45,0.31,3797,0.098,7.061359e-4,48826,0.8529616981,0.288,0.762883097,VT,yes
50021,Vermont,17879,71,0.2337,3034.1078,8558.789,2545.2554,0.05005021,0.44,0.47,3748,0.108,7.499318e-4,51903,0.6101359463,0.273,0.8009708738,VT,yes
50023,Vermont,15080,72,0.1963,2626.937,10356.5926,1811.2105,0.0438549601,0.47,0.56,2963,0.079,0.0010663915,65879,0.5280511976,0.331,0.8329708394,VT,yes
50025,Vermont,12888,71,0.2194,2766.7949,9915.7779,2064.2111,0.0508629091,0.47,0.4,3181,0.082,9.823183e-4,52068,0.6824523173,0.291,0.7352056169,VT,yes
50027,Vermont,16974,72,0.1768,2734.1385,7297.0743,2239.1563,0.0540101717,0.48,0.4,3316,0.098,9.767391e-4,61843,0.7558849479,0.324,0.8291628941,VT,yes
51001,Virginia,9900,72,0.137,3415.3751,9464.3521,4540.1426,0.1699037116,0.43,0.46,4036,0.147,4.01086e-4,47335,1,0.306,0.6849233517,VA,yes
51003,Virginia,23963,74,0.0513,3934.552,11506.2277,4289.1247,0.097049379,0.5,0.62,3533,0.083,0.0014165088,86332,0.4502273416,0.23,0.8530460767,VA,yes
51005,Virginia,4843,73,0.122,3673.4439,11518.6112,5742.2584,0.104187303,0.38,0.51,9113,0.147,4.694836e-4,53341,0.5239384615,0.33,0.6974242424,VA,yes
51007,Virginia,3414,73,0.0894,3787.5325,12220.7792,5642.5974,0.1358428805,0.39,0.47,5286,0.133,7.68462e-5,60096,1,0.73,0.7194186516,VA,yes
51009,Virginia,8485,73,0.1163,3881.9525,11745.0408,5755.7371,0.1206309672,0.31,0.5,4404,0.172,2.526369e-4,56218,0.6366333879,0.301,0.6915296053,VA,yes
51011,Virginia,4382,72,0.1304,3738.8889,11381.4815,6008.8889,0.1179766288,0.32,0.52,4816,0.176,1.262547e-4,54609,1,0.509,0.6944672468,VA,yes
51013,Virginia,26776,75,0.1023,3731.5744,13233.0033,6167.5417,0.0666303627,0.4,0.52,2804,0.051,7.536176e-4,118986,0,0.451,0.9125682039,VA,yes
51015,Virginia,20166,74,0.0743,3685.3062,11673.4404,4513.2869,0.1038748504,0.51,0.56,4113,0.169,5.035981e-4,63621,0.664379661,0.324,0.7582518027,VA,yes
51017,Virginia,1371,73,0.104,2490.3661,7842.9672,3680.1541,0.1262953368,0.5,0.32,6972,0.08,2.329916e-4,54385,1,0.326,0.686285397,VA,yes
51019,Virginia,21924,73,0.0671,3486.8264,10720.3682,5499.4028,0.1026558125,NA,NA,NA,0.15,7.238371e-4,66591,0.7843205778,0.436,0.7614394738,VA,yes
51021,Virginia,1918,71,0.1122,3862.6087,10327.8261,7517.3913,0.0919676806,0.41,0.44,3689,0.141,NA,49023,1,0.428,0.7076468103,VA,yes
51023,Virginia,9505,74,0.0582,3577.5832,12043.5977,7123.9272,0.0806767447,0.45,0.53,3639,0.063,5.409141e-4,74178,0.6409738144,0.461,0.8017943305,VA,yes
51025,Virginia,4342,73,0.1811,3463.8602,11689.4361,5521.4456,0.1266510539,0.44,0.46,5174,0.147,3.051758e-4,43835,0.7550762877,0.487,0.6657280106,VA,yes
51027,Virginia,7276,68,0.2436,3549.3097,10836.6206,5023.3399,0.1291360886,0.33,0.31,7599,0.114,2.827388e-4,36881,1,0.426,0.6472167114,VA,yes
51029,Virginia,3967,72,0.1626,3557.1659,9574.0741,4661.0306,0.1401129944,0.39,0.43,5710,0.125,2.35308e-4,47202,1,0.602,0.6390319258,VA,yes
51031,Virginia,14095,73,0.1186,3771.2859,11653.5021,5814.148,0.1168890828,0.33,0.52,3918,0.151,1.637167e-4,48984,0.6111374494,0.32,0.7325646916,VA,yes
51033,Virginia,6598,72,0.1013,4166.7962,13658.6377,5884.7449,0.1132674525,0.4,0.46,5181,0.137,1.624854e-4,64647,0.7840252233,0.557,0.7356111822,VA,yes
51035,Virginia,9024,73,0.1507,3629.5136,10094.8063,4920.3627,0.1310289028,0.42,0.51,4458,0.146,9.447969e-4,45698,0.971439984,0.34,0.6788055353,VA,yes
51036,Virginia,2109,73,0.0864,3954.276,12533.4462,7023.7087,0.1519570223,0.47,0.51,4449,0.165,2.881429e-4,56465,1,0.703,0.614640884,VA,yes
51037,Virginia,3432,72,0.1663,3482.3637,11059.093,5675.6757,0.1479283438,0.32,0.42,4941,0.158,5.863629e-4,43001,1,0.542,0.5970821712,VA,yes
51041,Virginia,69228,73,0.066,4087.1941,13829.4539,6145.548,0.0978700227,0.47,0.55,3516,0.11,8.492179e-4,81641,0.0592880001,0.4,0.9011770731,VA,yes
51043,Virginia,3784,74,0.0757,3831.3484,11597.3876,6554.3604,0.1062971409,0.39,0.53,5111,0.092,3.442815e-4,85567,0.6952401311,0.583,0.7868852459,VA,yes
51045,Virginia,1449,71,0.1085,3526.8176,10288.4386,6500.5959,0.0893319524,0.43,0.48,4523,0.079,1.974724e-4,53319,1,0.734,0.7348715716,VA,yes
51047,Virginia,10637,73,0.093,4381.7427,11590.4994,4900.558,0.124671947,0.4,0.52,4609,0.131,3.663781e-4,79739,0.6192250851,0.479,0.8349247261,VA,yes
51049,Virginia,2527,73,0.1284,3541.6667,11659.8361,4785.5191,0.123608903,0.39,0.43,5139,0.18,4.077888e-4,52005,0.9600079586,0.649,0.6055345912,VA,yes
51051,Virginia,5010,70,0.2067,3706.6886,12224.7807,5513.7061,0.1164143279,0.41,0.37,5433,0.087,2.754252e-4,37161,1,0.43,0.6228798892,VA,yes
51053,Virginia,6517,72,0.1095,4058.5456,14082.1738,6159.0969,0.1118069145,0.48,0.5,6277,0.149,1.402082e-4,58474,0.7120817114,0.509,0.7450245169,VA,yes
51057,Virginia,3224,73,0.0971,3792.9448,11849.6933,5842.5358,0.1196540125,0.54,0.55,4083,0.131,1.83167e-4,53538,0.7727558067,0.483,0.613830955,VA,yes
51059,Virginia,169199,75,0.0819,3941.0152,13273.1934,6701.6862,0.088249054,0.37,0.52,2829,0.065,0.001075778,127898,0.0139397592,0.501,0.9390997753,VA,yes
51061,Virginia,14191,74,0.0599,4101.2276,13200.2705,6535.7886,0.1010931277,0.37,0.53,5501,0.102,5.235232e-4,103827,0.5749582074,0.61,0.8825828516,VA,yes
51063,Virginia,4518,74,0.1092,3243.5942,9797.4728,6476.3075,0.1366787719,0.37,0.48,3463,0.1,3.79867e-4,52277,1,0.601,0.7357153858,VA,yes
51065,Virginia,6874,73,0.067,3885.0819,10469.4616,4305.3841,0.1065427066,0.52,0.6,3602,0.189,2.613598e-4,75089,0.629130824,0.569,0.8575027713,VA,yes
51067,Virginia,16337,73,0.0817,3203.1868,9102.9836,5851.6736,0.1183000619,0.44,0.54,3578,0.155,3.736987e-4,61878,0.8923057747,0.53,0.7346610427,VA,yes
51069,Virginia,18878,74,0.0645,4293.2696,12812.505,7313.182,0.1050565305,0.42,0.54,5313,0.117,4.414012e-4,83672,0.4477236447,0.383,0.8126845062,VA,yes
51071,Virginia,4826,72,0.1332,2399.1213,9773.5722,6194.3224,0.0988709185,0.5,0.33,4840,0.122,3.562099e-4,53111,0.662848548,0.434,0.7366136035,VA,yes
51073,Virginia,9743,73,0.0724,3877.3702,12324.8368,5975.9092,0.1028524046,0.49,0.53,3481,0.121,5.62264e-4,71715,0.6462640404,0.556,0.849519816,VA,yes
51075,Virginia,6850,73,0.0483,3944.9707,12374.8309,6077.5823,0.0746660444,0.49,0.58,2630,0.089,9.03459e-4,100444,0.9699313902,0.477,0.8324711968,VA,yes
51077,Virginia,4888,73,0.1576,3447.3098,9594.7151,4692.4546,0.1289490651,0.39,0.45,3969,0.095,2.559017e-4,41312,0.9987767978,0.388,0.6920590951,VA,yes
51079,Virginia,4429,73,0.0822,3740.753,10809.7754,4305.1519,0.1248154528,0.45,0.57,5212,0.078,2.022347e-4,73345,0.5124164538,0.474,0.8534711182,VA,yes
51081,Virginia,2270,72,0.1353,3084.9957,10830.876,5457.9358,0.1069933323,0.58,0.44,5301,0.164,4.300335e-4,47315,0.8701298701,0.286,0.632026323,VA,yes
51083,Virginia,10433,73,0.163,3438.9879,11601.2876,5510.256,0.1133370359,0.4,0.46,4612,0.194,3.810082e-4,42619,0.7708120637,0.362,0.5723265998,VA,yes
51085,Virginia,24407,74,0.0469,4080.2625,13450.5367,6135.3661,0.072867592,0.48,0.57,3698,0.101,7.273473e-4,90824,0.390855472,0.373,0.8602867623,VA,yes
51087,Virginia,63465,74,0.0824,4080.164,14023.1887,5962.8924,0.1000905764,0.49,0.57,3241,0.099,0.0010690607,68975,0.0426898203,0.243,0.861665525,VA,yes
51089,Virginia,15575,73,0.1373,3797.7267,10647.7634,5331.9482,0.1408572552,0.46,0.53,5934,0.203,5.69152e-4,41908,0.6072094698,0.27,0.7022810821,VA,yes
51091,Virginia,889,74,0.054,2652.1739,6086.9565,4188.9055,0.1719394773,0.44,0.16,5747,0.108,4.524887e-4,45917,1,0.377,0.7653061224,VA,yes
51093,Virginia,9454,73,0.0733,4091.172,12448.2055,5875.6591,0.0899597045,0.5,0.51,4184,0.119,4.329824e-4,78749,0.5738588035,0.514,0.7813806814,VA,yes
51095,Virginia,23147,75,0.0279,4129.3406,13190.0786,6162.069,0.078661652,0.51,0.56,4429,0.104,0.0012173253,92773,0.1585160202,0.327,0.8665975104,VA,yes
51097,Virginia,1931,73,0.0979,3430.0987,10814.9671,5835.5263,0.1415076866,0.45,0.52,4524,0.177,4.260153e-4,54185,1,0.61,0.6062061322,VA,yes
51099,Virginia,4534,73,0.0895,4246.5986,14118.3673,6113.9456,0.0741778692,0.34,0.39,6327,0.13,2.257761e-4,85657,0.7318945047,0.521,0.8989350141,VA,yes
51101,Virginia,3902,73,0.076,3830.6255,12204.3054,6107.6361,0.0973125884,0.48,0.55,4017,0.195,2.361414e-4,73035,0.8321305303,0.725,0.7402105956,VA,yes
51103,Virginia,4642,75,0.0731,3390.2141,10455.6575,4835.474,0.1296350795,0.53,0.55,2468,0.185,0.00055643139999999995,55072,1,0.3,0.7234294745,VA,yes
51105,Virginia,6701,69,0.3049,3558.1395,10467.7003,6524.9785,0.1234517171,0.36,0.36,5443,0.132,2.548745e-4,35878,0.9956227772,0.371,0.4848617335,VA,yes
51107,Virginia,45346,75,0.0736,4741.7703,14465.1263,7257.7215,0.0692908104,0.35,0.53,3545,0.059,7.668674e-4,151806,0.1260090102,0.533,0.9461507964,VA,yes
51109,Virginia,9639,72,0.0874,4229.4889,11810.3564,4787.996,0.1286249149,0.45,0.56,4229,0.122,1.359508e-4,64135,1,0.62,0.7800446976,VA,yes
51111,Virginia,3383,73,0.1605,3444.9193,10838.5565,5824.3115,0.156036036,0.42,0.51,4797,0.164,1.654807e-4,44860,1,0.435,0.5613789891,VA,yes
51113,Virginia,3609,73,0.099,3578.9263,10835.7372,4252.8045,0.1233595801,0.48,0.58,4509,0.155,3.00865e-4,66397,1,0.418,0.7066073954,VA,yes
51115,Virginia,3119,75,0.0754,3649.0985,11725.8437,5784.0962,0.096465147,0.54,0.55,3053,0.127,4.544422e-4,69112,1,0.607,0.7094387755,VA,yes
51117,Virginia,9955,73,0.1444,3601.1009,11326.2101,5421.0782,0.1152069559,0.45,0.54,4513,0.166,4.893964e-4,43128,0.7781037064,0.353,0.6072877847,VA,yes
51119,Virginia,3915,74,0.0807,3596.7444,11222.7155,5258.6016,0.1111734193,0.49,0.55,3194,0.122,2.785774e-4,58834,1,0.433,0.6697805779,VA,yes
51121,Virginia,15329,73,0.0973,3422.7771,12040.2444,6688.1584,0.1041197921,0.44,0.57,3630,0.084,6.869728e-4,58740,0.2492584117,0.206,0.8780439961,VA,yes
51125,Virginia,5096,73,0.0792,3715.4704,9710.0372,3678.8676,0.131193431,0.43,0.54,4120,0.1,9.436506e-4,55804,1,0.553,0.6849976632,VA,yes
51127,Virginia,5437,72,0.0489,3741.7962,11871.9056,6864.4214,0.0902773917,0.5,0.53,3692,0.122,3.126256e-4,102619,1,0.644,0.7909810325,VA,yes
51131,Virginia,4053,73,0.1645,3397.8495,10661.8877,4677.4194,0.146462851,0.49,0.52,3455,0.189,0.001022582,45235,1,0.285,0.7226107226,VA,yes
51133,Virginia,5008,74,0.0695,3491.3843,9813.3257,4612.2918,0.1250327654,0.48,0.51,3259,0.143,8.232485e-4,60385,1,0.387,0.7748925501,VA,yes
51135,Virginia,3822,73,0.15,3566.3487,13035.9931,6054.6401,0.1439517288,0.38,0.51,5522,0.225,6.485084e-4,45913,0.5234340503,0.345,0.6522218142,VA,yes
51137,Virginia,9519,74,0.0802,3962.369,12091.9339,5182.5977,0.1121804931,0.44,0.54,4760,0.11,4.366336e-4,71691,0.5777903886,0.559,0.7834637035,VA,yes
51139,Virginia,6691,73,0.1301,3690.0826,7762.5054,4246.629,0.1269432829,0.37,0.32,4834,0.188,3.342665e-4,52877,0.8015972049,0.514,0.6714408787,VA,yes
51141,Virginia,5826,73,0.1422,3579.8223,8919.1745,4385.7839,0.1341415722,0.43,0.37,4064,0.145,2.829174e-4,43568,1,0.452,0.6682140554,VA,yes
51143,Virginia,17637,73,0.1401,3789.0278,11713.9167,5495.8157,0.124413859,0.43,0.5,4002,0.135,8.20358e-5,51682,0.8562970428,0.301,0.7164883694,VA,yes
51145,Virginia,6941,73,0.0435,3843.3087,12383.5463,5730.5537,0.0960357832,0.48,0.55,3913,0.11,4.111138e-4,94293,0.9967553305,0.638,0.8951777886,VA,yes
51147,Virginia,5016,73,0.1594,3533.7362,12412.8902,4888.5532,0.1270017648,0.37,0.45,4985,0.134,6.535948e-4,44586,0.6321037316,0.323,0.6666666667,VA,yes
51149,Virginia,6917,72,0.0554,4103.3827,14051.5856,6052.4313,0.0870546737,0.42,0.44,3948,0.132,1.575548e-4,74518,0.5340237929,0.339,0.8332319458,VA,yes
51153,Virginia,56535,73,0.0836,4011.7518,13744.8449,6633.5631,0.1167619039,0.36,0.49,4709,0.09,4.487074e-4,106208,0.0416614843,0.647,0.9420140845,VA,yes
51155,Virginia,9668,72,0.1287,3500.6601,12884.4884,7488.7789,0.0958038922,0.42,0.51,5427,0.138,3.522574e-4,54086,0.4690295939,0.308,0.7041904631,VA,yes
51157,Virginia,2172,74,0.0649,3672.2365,10534.0617,5411.3111,0.1334097859,0.33,0.47,2797,0.128,4.13679e-4,79086,1,0.511,0.7710264332,VA,yes
51159,Virginia,2098,74,0.1099,3640.8133,10904.3675,5155.8735,0.1268187534,0.58,0.53,4104,0.154,NA,49758,1,0.298,0.6744868035,VA,yes
51161,Virginia,25673,74,0.053900000000000003,3710.8201,12239.1122,6767.1463,0.0833839779,0.46,0.56,3639,0.132,0.0013287553,71742,0.1854053001,0.341,0.8414787295,VA,yes
51163,Virginia,6885,73,0.0881,3088.5714,9552.967,4932.7473,0.1148772444,0.45,0.5,4296,0.15,8.350914e-4,58501,0.9163939571,0.328,0.7565960208,VA,yes
51165,Virginia,19680,74,0.0744,3542.6373,11418.323,4711.7618,0.1231343864,0.4,0.5,6009,0.099,2.954064e-4,67242,0.5933249469,0.269,0.7626314771,VA,yes
51167,Virginia,8368,71,0.1795,3570.7003,11997.3169,6621.4113,0.1065162907,0.38,0.45,7080,0.17,2.617018e-4,40345,0.8818562481,0.453,0.5973917869,VA,yes
51169,Virginia,7057,70,0.2312,4073.7705,13517.2563,8853.7532,0.1071862025,0.45,0.55,4733,0.166,3.250673e-4,41288,0.8212452,0.505,0.6428815684,VA,yes
51171,Virginia,11574,74,0.0903,3525.0726,8708.6017,5103.4483,0.1197952117,0.42,0.42,5088,0.144,4.598018e-4,59087,0.6658490701,0.405,0.7438225491,VA,yes
51173,Virginia,9078,72,0.1795,3604.3107,11523.9935,6679.1379,0.1128576323,0.38,0.43,4663,0.177,6.235232e-4,41964,0.7528564332,0.292,0.6999842346,VA,yes
51175,Virginia,4380,73,0.1093,3795.0555,12477.2483,5427.4454,0.1057052298,0.42,0.47,6633,0.163,2.274537e-4,62327,0.979644588,0.436,0.7430661384,VA,yes
51177,Virginia,24750,73,0.0731,4303.7563,14205.6013,6179.3204,0.1024490933,0.39,0.46,6155,0.097,6.034059e-4,90262,0.3232758973,0.493,0.8978080835,VA,yes
51179,Virginia,20632,72,0.059,4170.538,13940.8812,6271.4671,0.0780070881,0.38,0.47,6231,0.077,3.067485e-4,109090,0.1975480959,0.545,0.942920871,VA,yes
51181,Virginia,1888,73,0.0703,3973.5401,12574.8175,6378.6496,0.1012658228,0.56,0.48,3580,0.193,3.08928e-4,59069,1,0.616,0.647985348,VA,yes
51183,Virginia,2681,73,0.1265,4018.0723,14372.8246,6471.2182,0.1340482574,0.48,0.45,5909,0.111,2.669752e-4,45134,1,0.602,0.6642066421,VA,yes
51185,Virginia,12528,71,0.1625,3605.3597,10694.6881,5877.1734,0.1157390586,0.38,0.39,5937,0.154,5.384898e-4,43619,0.5188783886,0.334,0.7300223822,VA,yes
51187,Virginia,8805,73,0.0924,3787.8788,10259.887,5888.5465,0.1188247373,0.36,0.5,4966,0.144,5.249606e-4,69878,0.504085163,0.58,0.8320933725,VA,yes
51191,Virginia,16326,73,0.1128,3685.1665,12517.7851,6595.2321,0.1153684627,0.43,0.49,4294,0.161,6.617404e-4,52387,0.7167614258,0.317,0.7539536759,VA,yes
51193,Virginia,5566,73,0.1231,3818.1567,12722.4062,6220.1987,0.125,0.42,0.42,4888,0.14,1.682557e-4,54885,0.788415263,0.567,0.7485800833,VA,yes
51195,Virginia,11061,69,0.2157,3617.3495,11790.5918,6707.6378,0.1192441432,0.42,0.45,4990,0.174,4.735347e-4,42372,0.5667036572,0.261,0.6436180905,VA,yes
51197,Virginia,8388,72,0.1495,3796.0334,11938.6221,5937.1608,0.1154772525,0.38,0.49,4820,0.13,4.173332e-4,48543,0.7533093894,0.302,0.7096720354,VA,yes
51199,Virginia,13633,74,0.0395,4035.0292,12645.7465,6657.2143,0.0744248023,0.55,0.57,3575,0.107,0.0013117944,91535,0.0609953562,0.288,0.90088834,VA,yes
51510,Virginia,19589,75,0.0906,3946.1007,14459.1892,6769.4965,0.1141851035,0.36,0.49,4009,0.051,7.101476e-4,102589,0,0.467,0.9150825802,VA,yes
51520,Virginia,4725,73,0.1727,3842.0765,14254.0984,7550.2732,0.1036695094,0.44,0.5,6827,0.225,5.460502e-4,37678,3.924867e-4,0.202,0.7729751841,VA,yes
51530,Virginia,1575,73,0.1454,3055.6701,9137.1134,5172.1649,0.0980520902,0.45,0.52,4980,0.092,3.20667e-4,44752,0.0389473684,0.245,0.6968613429,VA,yes
51540,Virginia,6747,73,0.1362,3911.1406,12363.3952,3961.5385,0.1039130328,0.52,0.62,3556,0.095,0.0029095746,58717,0,0.108,0.8428318204,VA,yes
51550,Virginia,43527,73,0.0686,4096.5261,13936.8214,6187.2947,0.0803745307,0.47,0.5,4769,0.114,8.119225e-4,77361,0.0762705381,0.428,0.8990677557,VA,yes
51570,Virginia,4364,74,0.0847,4618.6949,17258.9065,6764.0212,0.1002603251,0.41,0.51,5700,0.103,0.0012897437,57688,0,0.339,0.781409892,VA,yes
51580,Virginia,1631,73,0.1555,3910.7486,11435.7006,5558.5413,0.105125149,0.51,0.5,4687,0.089,5.494505e-4,41842,0,0.197,0.7722315436,VA,yes
51590,Virginia,11692,72,0.2315,4222.1085,13505.4589,6180.4845,0.1120510826,0.49,0.5,5149,0.149,0.001081267,36073,0.0451515503,0.154,0.7185262122,VA,yes
51595,Virginia,1360,73,0.234,3225.2907,13248.5465,6252.907,0.1010785051,0.45,0.46,5535,0.116,NA,38631,0.0631010629,0.191,0.6524448706,VA,yes
51600,Virginia,4246,74,0.1021,4255.7078,14506.8493,7001.2453,0.0944478982,0.38,0.54,2610,0.083,1.627737e-4,106430,0,0.53,0.9541797831,VA,yes
51610,Virginia,2275,75,0.0636,3920.8689,13153.6074,6538.4019,0.0404754506,0.4,0.55,2091,0.057,0.0028432169,137849,0,0.388,0.9370107409,VA,yes
51620,Virginia,2312,73,0.1254,3695.5603,12322.7625,4694.1508,0.0891558647,0.44,0.48,5773,0.162,0.001247972,45433,0.0325099045,0.335,0.7285633163,VA,yes
51630,Virginia,4509,73,0.1399,4266.1499,14741.9712,6151.7165,0.1149011027,0.35,0.48,6769,0.108,0.0013724952,62121,0.0116528041,0.337,0.8470544508,VA,yes
51640,Virginia,1829,73,0.27,3827.3951,10611.2431,4326.9992,0.150565364,0.46,0.49,3909,0.073,NA,37229,0.1371769384,0.213,0.684941795,VA,yes
51650,Virginia,27781,73,0.0995,3952.6504,12855.8631,6044.7228,0.0905369524,0.43,0.45,4354,0.149,4.318272e-4,55816,0.002488431,0.275,0.8202035153,VA,yes
51660,Virginia,5898,74,0.1315,3438.75,12428.75,4706,0.1459961055,0.41,0.56,4753,0.071,0.0012955046,48189,0,0.128,0.7804221731,VA,yes
51670,Virginia,4818,72,0.1383,4222.5508,16404.0665,6350.8318,0.1180134142,0.38,0.44,6199,0.146,3.983006e-4,38293,0,0.339,0.75726366,VA,yes
51678,Virginia,1392,75,0.0952,2927.0517,9514.691,4479.23,0.0846270928,0.47,0.51,3171,0.081,NA,54204,0,0.296,0.71918443,VA,yes
51680,Virginia,15441,73,0.1446,3831.7696,12625.0273,5694.5232,0.1069209773,0.31,0.51,4156,0.088,0.0012298176,50612,0.026916155,0.118,0.7962013228,VA,yes
51683,Virginia,5159,73,0.1006,3895.3869,13538.3218,6892.4809,0.1591996755,0.35,0.49,4114,0.093,9.605917e-4,84405,0,0.565,0.8902930687,VA,yes
51685,Virginia,1488,72,0.1405,3875.9342,13692.0777,6285.5007,0.1611329363,NA,NA,NA,0.107,NA,83145,0,0.621,0.895712131,VA,yes
51690,Virginia,4015,72,0.2509,3899.8513,11867.1294,5988.1011,0.103818146,0.44,0.51,6149,0.184,7.75074e-5,37814,0,0.187,0.739154013,VA,yes
51700,Virginia,31385,73,0.0979,3963.2802,12694.2015,6063.6157,0.1076694759,0.42,0.48,4362,0.146,5.318375e-4,53022,2.822061e-4,0.298,0.7638003866,VA,yes
51710,Virginia,36405,72,0.1328,4075.0272,14025.2448,5617.8455,0.1259042956,0.48,0.44,5148,0.116,0.0010119799,52437,0,0.252,0.833848313,VA,yes
51720,Virginia,1171,70,0.2537,3754.717,11721.174,6358.4906,0.0954008701,0.46,0.44,6767,0.093,0.0012600806,38062,0.0257705912,0.106,0.67997543,VA,yes
51730,Virginia,7620,71,0.2163,4006.2607,16995.1622,5862.2652,0.117555165,0.43,0.42,6476,0.171,6.969303e-4,40240,0.0210672424,0.302,0.6903911888,VA,yes
51735,Virginia,2796,74,0.0309,4058.4192,12264.6048,6745.7045,0.0575926866,0.48,0.51,4050,0.111,9.02379e-4,98217,0.0650205761,0.329,0.8676246462,VA,yes
51740,Virginia,19727,71,0.1508,4072.8643,14629.3467,5875.1759,0.1032751459,0.45,0.48,4717,0.137,5.389297e-4,50411,0,0.33,0.7960131977,VA,yes
51750,Virginia,2219,73,0.1048,3619.6137,12933.8782,7713.2244,0.0849452692,0.41,0.54,4707,0.086,5.45286e-4,41530,0.0293149683,0.141,0.7981338597,VA,yes
51760,Virginia,36706,72,0.1807,3654.0253,14281.9815,5386.8022,0.1325855222,0.47,0.51,4529,0.119,0.0010577709,50949,0,0.217,0.7544656205,VA,yes
51770,Virginia,22360,72,0.1579,3642.4453,12592.1113,6312.8947,0.1304076768,0.42,0.51,4492,0.123,9.407526e-4,45534,6.18353e-5,0.336,0.7485385721,VA,yes
51775,Virginia,6477,74,0.1032,4066.8174,13477.5182,6852.5496,0.0774200326,0.48,0.54,3975,0.158,8.579339e-4,54888,0,0.278,0.7931799839,VA,yes
51790,Virginia,6657,73,0.1295,3619.5485,12716.4146,4147.7098,0.0977108054,0.51,0.58,4153,0.089,4.012519e-4,54296,0.036932536,0.268,0.7490799283,VA,yes
51800,Virginia,18735,72,0.1011,4124.8749,13693.1829,5952.4893,0.0871932127,0.46,0.47,5621,0.133,8.663706e-4,77847,0.2163267719,0.499,0.8114229881,VA,yes
51810,Virginia,81408,73,0.0647,4213.1547,14170.0741,6456.262,0.0939805866,0.5,0.48,4487,0.101,7.308042e-4,78491,0.0153449591,0.317,0.8986756285,VA,yes
51820,Virginia,5371,73,0.1229,3853.0235,12475.9239,4465.2856,0.1219286801,0.54,0.59,4568,0.187,8.838607e-4,44619,0.0252784919,0.292,0.726204721,VA,yes
51830,Virginia,3056,75,0.0699,4000,13498.7952,5800,0.1013998783,0.56,0.56,3493,0.15,6.71321e-5,56569,0,0.237,0.8623034424,VA,yes
51840,Virginia,5917,74,0.1266,4083.5243,13228.9279,7240.8964,0.1420262831,0.44,0.53,5079,0.072,0.0025615483,60254,0,0.266,0.7542421354,VA,yes
53001,Washington,2779,72,0.1715,3164.8746,5528.4178,4866.8715,0.1337328868,0.34,0.37,2294,0.089,5.060985e-4,53535,0.4015912003,0.223,0.7480328143,WA,yes
53003,Washington,6772,72,0.2007,2426.7258,7703.0467,3877.9406,0.0699267936,0.49,0.48,2492,0.128,7.961079e-4,54776,0.0665495075,0.085,0.8115591693,WA,yes
53005,Washington,39498,73,0.1188,3493.6038,10739.8561,4920.2145,0.0893532092,0.43,0.52,4160,0.093,6.984451e-4,72847,0.1057102245,0.215,0.8492949349,WA,yes
53007,Washington,19199,73,0.1728,3381.0199,6778.3157,3341.04,0.1118073233,0.39,0.34,2277,0.082,0.0012202087,59838,0.2722454557,0.178,0.813416009,WA,yes
53009,Washington,29169,73,0.1323,3159.4926,8161.1146,1866.126,0.096812414,0.36,0.5,1810,0.142,9.252382e-4,57571,0.354531959,0.241,0.8453486255,WA,yes
53011,Washington,99710,71,0.2098,3282.4726,10386.65,5491.6378,0.0700146573,0.46,0.45,3547,0.103,7.305072e-4,80407,0.137684754,0.361,0.9014433674,WA,yes
53013,Washington,1406,72,0.1966,2677.7778,4971.7949,2464.9573,0.0705150363,0.25,0.2,3807,0.123,7.390983e-4,56338,0.3425698872,0.319,0.782729805,WA,yes
53015,Washington,28327,71,0.2323,3252.0217,9927.9353,5680.8271,0.0794570302,0.46,0.47,4158,0.132,6.239276e-4,57316,0.2865149888,0.307,0.8258009153,WA,yes
53017,Washington,8901,73,0.1426,3724.4571,6906.1944,3695.0872,0.1140413809,0.39,0.39,2736,0.084,2.330622e-4,63086,0.26595717,0.171,0.803053135,WA,yes
53019,Washington,2591,71,0.204,2431.8386,3745.7399,1965.4709,0.1089308637,0.22,0.16,1360,0.131,7.844163e-4,47463,1,0.41,0.6591503268,WA,yes
53021,Washington,11858,72,0.179,3484.5805,9584.0801,4907.0173,0.1210234877,0.41,0.48,3466,0.101,2.119834e-4,63575,0.133336745,0.171,0.8460876399,WA,yes
53023,Washington,765,73,0.155,2578.9474,5258.7719,2622.807,0.0469879518,0.38,0.29,2236,0.136,8.900757e-4,54555,1,0.34,0.7713414634,WA,yes
53025,Washington,17747,72,0.2198,3807.3581,5647.2834,4206.1236,0.1248411224,0.37,0.3,2336,0.093,4.109688e-4,57152,0.3874887792,0.224,0.8256862872,WA,yes
53027,Washington,22210,71,0.2242,3059.2171,8216.0143,3692.7066,0.0943276088,0.34,0.42,3507,0.13,3.382904e-4,59346,0.4011291674,0.342,0.8300953973,WA,yes
53029,Washington,25884,73,0.0866,3092.9762,8027.1153,3416.8572,0.0658674895,0.37,0.44,2838,0.086,3.670377e-4,72173,0.4689577867,0.318,0.9063219052,WA,yes
53031,Washington,14602,73,0.1069,3019.0638,5374.6248,1772.613,0.0904520035,0.41,0.41,665,0.079,9.455073e-4,60556,0.574685324,0.301,0.8651479089,WA,yes
53033,Washington,346252,74,0.1549,3535.3913,11005.2839,4493.8719,0.061874145,0.41,0.53,2680,0.077,0.0012045695,102338,0.0320714729,0.445,0.9158450752,WA,yes
53035,Washington,62234,73,0.1087,3422.2563,10414.6518,3714.5682,0.0587331875,0.4,0.48,2376,0.089,6.486166e-4,79268,0.167417265,0.336,0.9137643991,WA,yes
53037,Washington,9850,73,0.1289,3206.7538,5868.1589,2297.5805,0.0838407242,0.41,0.39,1965,0.065,5.27827e-4,59172,0.400562141,0.231,0.8431896223,WA,yes
53039,Washington,6788,72,0.1567,1896.3446,4395.2291,2041.016,0.1110776278,0.38,0.28,2115,0.115,5.88049e-4,60567,0.6021261935,0.281,0.801509519,WA,yes
53041,Washington,22758,72,0.1622,3079.2159,8276.6738,4213.7487,0.0893815787,0.37,0.37,2933,0.118,4.271142e-4,58525,0.6065469485,0.367,0.8011627147,WA,yes
53043,Washington,3490,72,0.1413,3590.0131,5527.2668,2795.9921,0.0763976727,0.44,0.22,3741,0.114,3.724395e-4,60849,1,0.366,0.8249723757,WA,yes
53045,Washington,19449,72,0.1525,3152.9851,8013.0163,3042.6935,0.1019257077,0.42,0.43,2734,0.114,2.595143e-4,63689,0.6369627177,0.505,0.8402257188,WA,yes
53047,Washington,11897,72,0.2114,2147.9703,4451.801,3382.2756,0.1441685337,0.32,0.26,2247,0.099,7.595177e-4,44777,0.7998784047,0.205,0.771824611,WA,yes
53049,Washington,9073,72,0.1701,2726.7871,4910.8369,2291.2745,0.1070949571,0.4,0.42,2875,0.14,2.722817e-4,50521,0.6477055449,0.288,0.8181916155,WA,yes
53051,Washington,4657,71,0.1857,2864.3597,5187.6737,2985.855,0.0853769301,0.35,0.3,2188,0.125,5.146302e-4,51950,0.8310899162,0.429,0.7070019207,WA,yes
53053,Washington,166542,72,0.1374,3366.6837,10779.4127,3690.0086,0.0676992624,0.36,0.48,3295,0.104,7.337605e-4,78779,0.0659071332,0.471,0.8756619321,WA,yes
53055,Washington,6625,74,0.0797,2880.2846,6019.3089,2988.2114,0.0982622716,0.37,0.42,1289,0.061,7.589911e-4,69113,1,0.072,0.848763936,WA,yes
53057,Washington,34312,73,0.1224,3406.5343,9444.1015,3829.5642,0.094193664,0.42,0.47,2775,0.098,8.345943e-4,67551,0.2902113754,0.32,0.8790340874,WA,yes
53059,Washington,3012,72,0.1623,2338.3426,6043.3663,3623.4435,0.0774745853,0.39,0.3,3002,0.118,NA,69163,1,0.484,0.7799003322,WA,yes
53061,Washington,141573,72,0.1626,3538.6829,10617.3045,4865.2617,0.0716215947,0.38,0.5,2967,0.089,5.055829e-4,89119,0.108194607,0.481,0.9084618971,WA,yes
53063,Washington,115690,72,0.1526,4120.141,10545.7534,6077.9223,0.0652950972,0.47,0.48,2504,0.098,8.821855e-4,59976,0.1367171667,0.243,0.8697062783,WA,yes
53065,Washington,14304,72,0.1505,3080.2356,5921.7957,3502.7422,0.098563168,0.31,0.28,2585,0.104,7.291206e-4,55000,0.7920562358,0.405,0.7479776689,WA,yes
53067,Washington,66580,72,0.1317,3225.1858,9825.4732,4171.3411,0.0646880114,0.36,0.47,2883,0.102,0.0010090113,77890,0.209887261,0.333,0.8790267587,WA,yes
53069,Washington,1731,72,0.1732,2567.8537,6559.1915,4657.3628,0.081090175,0.42,0.4,1989,0.148,NA,61123,1,0.486,0.8096995256,WA,yes
53071,Washington,14589,74,0.131,3525.9894,8809.7066,4873.6956,0.0874803446,0.43,0.48,2724,0.121,0.0012146679,60202,0.1712458107,0.116,0.8501280579,WA,yes
53073,Washington,51449,72,0.1554,3460.0302,9730.4635,6647.1404,0.079955259,0.42,0.46,2878,0.079,9.039147e-4,68656,0.2587352093,0.233,0.878298256,WA,yes
53075,Washington,6600,73,0.1265,3082.5162,6872.8955,3200.9251,0.0623540831,0.43,0.56,2626,0.075,6.025185e-4,45906,0.2753037341,0.174,0.8387688205,WA,yes
53077,Washington,45949,73,0.1776,2815.221,8447.5766,3650.1306,0.1585347846,0.37,0.49,3672,0.115,6.760895e-4,55674,0.2351920602,0.183,0.8031861092,WA,yes
54001,West Virginia,4286,70,0.2913,3593.9041,8271.6271,3134.9171,0.0836643697,0.37,0.39,4347,0.15,4.233444e-4,39710,0.8372415456,0.387,0.6973434535,WV,yes
54003,West Virginia,24261,71,0.1556,3714.3922,12396.2714,4502.088,0.0764288027,0.37,0.48,5006,0.125,4.269016e-4,63012,0.3162553159,0.382,0.8334727844,WV,yes
54005,West Virginia,6257,68,0.309,4244.4815,10057.8925,3474.8022,0.0764448538,0.3,0.32,9296,0.209,3.644481e-4,43697,0.8140809615,0.556,0.7662337662,WV,yes
54007,West Virginia,3815,71,0.2794,3607.8317,6891.8761,2372.8814,0.08770923,0.39,0.31,3481,0.12,4.258641e-4,39651,1,0.325,0.6662517781,WV,yes
54009,West Virginia,6441,72,0.1502,4252.0064,13360.8347,2916.8539,0.0584727004,0.34,0.47,7710,0.18,2.251948e-4,50900,0.4212887947,0.373,0.7439061703,WV,yes
54011,West Virginia,22040,71,0.2391,4186.4131,13427.575,2875.5016,0.0766373466,0.36,0.46,4643,0.138,0.0016948425,42125,0.21558571,0.22,0.7141101782,WV,yes
54013,West Virginia,2120,71,0.3156,3322.9643,5314.7301,1584.6295,0.0877806404,0.39,0.27,6303,0.146,4.135649e-4,37307,1,0.484,0.6935598018,WV,yes
54015,West Virginia,2626,69,0.3644,3604.5198,9560.2637,3618.6441,0.082169631,0.38,0.35,4581,0.148,1.15848e-4,41923,1,0.554,0.7379352474,WV,yes
54017,West Virginia,1790,71,0.2244,3456.9767,9750,3738.3721,0.0755618475,0.46,0.4,4684,0.086,1.189626e-4,50642,1,0.611,0.6707635009,WV,yes
54019,West Virginia,11835,70,0.2617,4089.0474,10311.2086,4973.1212,0.0827530715,0.37,0.38,6789,0.19,4.649217e-4,41430,0.5787267317,0.438,0.730864056,WV,yes
54021,West Virginia,1613,71,0.3088,3419.7861,8614.9733,2752.6738,0.07625,0.33,0.37,8534,0.198,3.737852e-4,40373,0.6071551823,0.46,0.7108620023,WV,yes
54023,West Virginia,3398,72,0.2495,4464.2857,9835.2381,3404.7619,0.0840490095,0.43,0.36,6716,0.174,5.160846e-4,47400,0.7867973528,0.273,0.7182548296,WV,yes
54025,West Virginia,10090,72,0.1878,4166.3763,10151.3937,6501.9164,0.0936904671,0.39,0.42,5335,0.155,0.0013223711,43564,0.6973506201,0.318,0.7430208059,WV,yes
54027,West Virginia,6353,71,0.2045,3531.333,8951.4073,4709.7716,0.1033451797,0.37,0.37,4472,0.132,2.998244e-4,54811,1,0.547,0.7084409991,WV,yes
54029,West Virginia,8169,73,0.1442,4282.9889,12731.7738,2832.8412,0.0766052986,0.35,0.45,6565,0.134,5.843129e-4,51017,0.3031034033,0.324,0.7717305569,WV,yes
54031,West Virginia,3742,71,0.2114,3881.5378,8469.3786,5075.5476,0.0937792767,0.43,0.32,5053,0.166,1.451906e-4,46658,0.8052049911,0.288,0.7964399013,WV,yes
54033,West Virginia,16760,72,0.1977,4208.2363,12850.9621,3886.7508,0.0823810937,0.48,0.43,5019,0.167,0.0011398289,53909,0.3704974023,0.255,0.7876227028,WV,yes
54035,West Virginia,7764,72,0.2045,3752.5798,10059.5152,3829.1337,0.0709975776,0.41,0.45,4739,0.157,3.483592e-4,50808,0.7143884153,0.453,0.7388388918,WV,yes
54037,West Virginia,12134,72,0.1342,4083.5764,12007.0012,4481.6219,0.0642751653,0.36,0.43,4547,0.114,5.280667e-4,75225,0.4837377098,0.536,0.8531425016,WV,yes
54039,West Virginia,48626,71,0.2221,4132.006,13173.832,4311.6199,0.0809560744,0.38,0.47,5128,0.158,0.0013632283,48334,0.2518815102,0.218,0.7820791704,WV,yes
54041,West Virginia,4430,71,0.2649,3718.4024,9901.4156,2680.4853,0.0733717395,0.36,0.41,6501,0.125,6.864703e-4,46895,0.6898973858,0.43,0.7029205963,WV,yes
54043,West Virginia,5639,68,0.3524,3961.3236,11550.0645,3815.2127,0.0817380735,0.31,0.41,7002,0.161,3.883684e-4,43198,1,0.641,0.7270955166,WV,yes
54045,West Virginia,9335,67,0.3107,4217.3379,13311.6405,3907.9077,0.0823776003,0.32,0.33,13770,0.209,4.600239e-4,38533,0.7075089133,0.323,0.7955269253,WV,yes
54047,West Virginia,5762,66,0.4754,3571.6435,10612.2602,4954.8703,0.1101268514,0.27,0.26,7239,0.17,2.743785e-4,29106,0.8599014155,0.452,0.6555803865,WV,yes
54049,West Virginia,13877,72,0.2117,4482.0772,12549.1728,3815.7169,0.0721286927,0.42,0.42,6743,0.149,4.991354e-4,51300,0.4148321458,0.346,0.8170635959,WV,yes
54051,West Virginia,8225,71,0.1948,4137.1951,11614.0244,2969.8171,0.0686918679,0.38,0.48,7484,0.153,3.573169e-4,53145,0.4899266016,0.336,0.7195320117,WV,yes
54053,West Virginia,7152,71,0.2562,3934.5153,10466.1138,3110.9522,0.0705525969,0.34,0.47,6595,0.175,4.491354e-4,47753,0.6500878349,0.372,0.6962117093,WV,yes
54055,West Virginia,17201,70,0.2738,3722.8125,11842.6644,5633.5204,0.0890180076,0.38,0.4,5456,0.159,6.257293e-4,41794,0.4073140177,0.243,0.7127220812,WV,yes
54057,West Virginia,7378,72,0.1833,4828.0281,11604.382,4649.2352,0.0660842403,0.49,0.42,5006,0.142,3.340757e-4,49704,0.6459308096,0.372,0.7875595456,WV,yes
54059,West Virginia,6922,67,0.3557,3646.7714,11243.9791,4248.1675,0.0921569655,0.29,0.35,14708,0.221,1.681732e-4,34698,0.8973881292,0.442,0.7165984192,WV,yes
54061,West Virginia,15823,72,0.166,4117.2822,12136.0358,2559.4345,0.0740518663,0.46,0.48,5407,0.093,0.0013719226,55652,0.2686273898,0.217,0.8608169057,WV,yes
54063,West Virginia,3892,71,0.1828,2987.9357,8852.9937,6192.5827,0.1007673667,0.42,0.27,4175,0.16,3.76506e-4,44655,0.8852021923,0.503,0.6848548444,WV,yes
54065,West Virginia,5083,72,0.1527,3573.219,9118.7335,4267.1504,0.0849735605,0.35,0.43,4822,0.153,5.059875e-4,50660,1,0.519,0.7667362561,WV,yes
54067,West Virginia,7635,70,0.2611,3811.8928,8292.3168,3731.8222,0.0775384294,0.36,0.34,5531,0.134,9.258514e-4,40023,0.8715739717,0.393,0.774754196,WV,yes
54069,West Virginia,11057,72,0.1968,4196.1388,12460.0534,3084.0008,0.0604723592,0.43,0.48,6067,0.13,0.0016764459,50390,0.2309250051,0.208,0.7182574303,WV,yes
54071,West Virginia,2296,73,0.2219,3865.54,8016.1646,4770.7568,0.095801301,0.42,0.36,6551,0.162,4.287552e-4,43451,1,0.421,0.5875866415,WV,yes
54073,West Virginia,1921,70,0.2319,4609.7328,13263.3588,4557.2519,0.0578724968,0.39,0.45,9119,0.149,1.33209e-4,54972,0.5446416831,0.417,0.7611992945,WV,yes
54075,West Virginia,2642,72,0.2244,3480.4765,7084.0503,3167.4388,0.0816156915,0.37,0.32,4457,0.148,4.753981e-4,39454,1,0.338,0.6966005666,WV,yes
54077,West Virginia,8333,72,0.2098,3668.4655,9355.4669,3197.7945,0.0820824018,0.42,0.47,5442,0.167,4.137238e-4,50821,0.9045047733,0.507,0.7596749537,WV,yes
54079,West Virginia,13594,71,0.1597,4356.4597,13409.4667,4557.7889,0.0571100619,0.39,0.5,4243,0.126,0.0010761794,66991,0.3578380132,0.393,0.7703696849,WV,yes
54081,West Virginia,20884,70,0.2316,4583.4655,12914.0618,5879.6305,0.073569728,0.41,0.41,6666,0.172,8.484391e-4,45386,0.3925867688,0.272,0.7621703041,WV,yes
54083,West Virginia,7440,72,0.2579,3795.8375,9672.9435,3737.3637,0.08574365,0.42,0.38,4336,0.117,7.285848e-4,46285,0.6238394831,0.264,0.6986977997,WV,yes
54085,West Virginia,2787,71,0.2388,3747.6835,10596.5788,3923.0221,0.0892928753,0.36,0.37,6422,0.143,2.057402e-4,46131,1,0.399,0.7073351445,WV,yes
54087,West Virginia,4174,69,0.2953,3321.5881,6465.5087,2479.9007,0.0922492119,0.37,0.27,2655,0.145,5.024404e-4,41671,0.7999464023,0.406,0.6778137361,WV,yes
54089,West Virginia,3782,71,0.2738,3783.5603,9321.9844,4218.3852,0.0810622753,0.34,0.3,4284,0.162,3.134796e-4,37000,0.7212608602,0.406,0.6370822853,WV,yes
54091,West Virginia,4146,71,0.2425,3886.8799,9656.4673,2976.8197,0.069,0.4,0.37,2891,0.133,3.558297e-4,48294,0.5970405445,0.417,0.7960387058,WV,yes
54093,West Virginia,2258,72,0.2215,3427.4678,7153.6481,4187.1245,0.0793048342,0.44,0.27,3820,0.192,4.313444e-4,47222,1,0.413,0.7542966264,WV,yes
54095,West Virginia,2337,72,0.2031,3771.8237,10344.8574,2295.592,0.064774922,0.45,0.36,6225,0.136,4.573519e-4,48345,0.9105125977,0.496,0.6978484565,WV,yes
54097,West Virginia,6331,71,0.2341,3554.0972,7297.2685,2079.4608,0.0828714121,0.43,0.43,2893,0.158,4.915011e-4,45074,0.6400181413,0.351,0.7340677443,WV,yes
54099,West Virginia,10995,70,0.2788,3662.8382,11651.1583,3262.994,0.0886880429,0.37,0.46,5106,0.186,5.507711e-4,42095,0.6518678939,0.316,0.6483073261,WV,yes
54101,West Virginia,2621,69,0.3902,3725.2033,6773.1707,2728.4553,0.0772893192,0.43,0.24,6550,0.158,3.621002e-4,34385,1,0.349,0.679449881,WV,yes
54103,West Virginia,4266,72,0.2245,4044.7992,11221.9361,2604.0165,0.0802669861,0.39,0.39,4071,0.194,5.239031e-4,46824,0.5385635892,0.375,0.7129468934,WV,yes
54105,West Virginia,1627,69,0.3232,4237.8049,9529.2683,2980.4878,0.0757739771,0.33,0.39,4086,0.145,1.715266e-4,48627,1,0.694,0.697005988,WV,yes
54107,West Virginia,23193,71,0.2148,4806.5755,13604.3939,3437.3176,0.0740332991,0.47,0.49,6330,0.18,8.550764e-4,49209,0.2677446065,0.199,0.8002986925,WV,yes
54109,West Virginia,6314,67,0.3393,4181.65,11511.2838,5494.6356,0.0858759843,0.27,0.3,8527,0.159,2.886558e-4,42761,0.888846865,0.487,0.7490062465,WV,yes
55001,Wisconsin,7740,70,0.2303,3112.8098,6629.1406,2721.3343,0.0851987209,0.43,0.34,3797,0.182,9.82898e-5,53156,1,0.412,0.7443169278,WI,no
55003,Wisconsin,4217,70,0.2941,3263.7644,7121.2121,5211.6944,0.0815130973,0.47,0.53,1685,0.097,0.0016025641,47202,0.5486166986,0.156,0.7073876618,WI,no
55005,Wisconsin,12758,71,0.2909,3259.0482,6218.081,2588.6339,0.0802389363,0.51,0.45,3255,0.113,0.001129218,54372,0.6592762154,0.203,0.753477548,WI,no
55007,Wisconsin,5570,71,0.1661,3121.7991,6125.4104,5335.1937,0.0906972409,0.52,0.5,1790,0.074,3.324026e-4,58065,1,0.312,0.8146521185,WI,no
55009,Wisconsin,52007,71,0.1837,3586.888,10390.6836,6163.7813,0.0714481787,0.49,0.55,2830,0.104,7.175998e-4,65494,0.1449434895,0.149,0.8529224573,WI,no
55011,Wisconsin,3477,73,0.1593,2896.5517,6922.3047,2056.7438,0.0783810464,0.52,0.51,4000,0.13,1.52381e-4,58407,1,0.395,0.8056133056,WI,no
55013,Wisconsin,5922,71,0.1701,2139.8473,4177.0992,1865.6489,0.0879526977,0.42,0.3,4712,0.122,1.299376e-4,51519,1,0.38,0.7641341547,WI,no
55015,Wisconsin,10100,70,0.156,4009.3284,9225.7463,4718.6567,0.0438335636,0.5,0.53,2917,0.085,9.9683e-5,80354,0.2753466337,0.238,0.8692381481,WI,no
55017,Wisconsin,15359,71,0.2178,3359.8993,8509.348,3758.5091,0.0647093949,0.56,0.55,4240,0.095,8.107897e-4,60713,0.4614275415,0.255,0.8283270185,WI,no
55019,Wisconsin,7492,69,0.3443,3137.7916,7958.0093,2153.3437,0.1727042075,0.49,0.35,4974,0.109,2.881097e-4,54296,0.9172960507,0.29,0.7103432101,WI,no
55021,Wisconsin,13815,72,0.1452,2854.8977,7565.0996,3805.5819,0.0614002734,0.42,0.5,4049,0.096,4.532934e-4,69219,0.6067073707,0.435,0.8081453218,WI,no
55023,Wisconsin,4575,71,0.224,2000.8251,7005.7756,2887.7888,0.0722830237,0.53,0.45,5448,0.124,6.752194e-4,51919,0.6241888969,0.282,0.7574391344,WI,no
55025,Wisconsin,96582,72,0.1326,3100.8397,9033.8329,4859.3968,0.0487738562,0.43,0.65,3234,0.058,0.0012906461,77828,0.1232991786,0.248,0.8843757429,WI,no
55027,Wisconsin,19825,72,0.1324,3338.0738,9616.0201,5942.0684,0.0582728972,0.49,0.54,3506,0.115,5.57788e-4,61730,0.4864182787,0.332,0.8209548313,WI,no
55029,Wisconsin,10654,74,0.084,3243.059,6049.2103,3369.0773,0.0709123993,0.53,0.41,1939,0.143,7.60594e-4,64217,0.6898686342,0.177,0.8071412327,WI,no
55031,Wisconsin,11069,69,0.3327,3131.6033,7984.013,2586.1909,0.0650332372,0.44,0.51,6988,0.087,2.082948e-4,55651,0.387554066,0.28,0.7807585082,WI,no
55033,Wisconsin,9853,69,0.3126,3186.9224,6941.0636,2436.7916,0.0601499473,0.49,0.56,2273,0.085,6.425738e-4,61506,0.5931322252,0.308,0.8159440062,WI,no
55035,Wisconsin,21594,70,0.2606,3474.0135,10042.4627,4001.8353,0.0606727145,0.55,0.59,4763,0.102,0.0012531808,64972,0.2300072922,0.138,0.8567384886,WI,no
55037,Wisconsin,1611,72,0.2016,3729.6037,7114.2191,3342.6573,0.0802527646,0.5,0.3,2140,0.125,6.942837e-4,58270,1,0.198,0.7248459959,WI,no
55039,Wisconsin,23855,72,0.1549,3658.4922,10251.3051,7237.4651,0.0565887191,0.54,0.56,3144,0.087,5.045311e-4,65905,0.3512933791,0.237,0.8152231477,WI,no
55041,Wisconsin,2860,71,0.2143,2857.8501,6683.1683,2860.6789,0.1052631579,0.55,0.33,3316,0.111,2.224447e-4,48964,1,0.249,0.7148203593,WI,no
55043,Wisconsin,11524,71,0.2477,2466.0011,5805.9898,2756.0746,0.0845871465,0.39,0.44,4498,0.099,3.879427e-4,56418,0.6448797063,0.284,0.7861410407,WI,no
55045,Wisconsin,8820,72,0.1428,2917.7786,9194.0137,2441.3992,0.054266417,0.38,0.59,3772,0.086,5.686588e-4,64319,0.6021660062,0.359,0.7875988569,WI,no
55047,Wisconsin,5472,72,0.1648,3273.4082,8548.9567,5096.8432,0.0966519702,0.62,0.49,2525,0.085,8.986151e-4,59458,0.7432680699,0.364,0.7403183356,WI,no
55049,Wisconsin,5813,71,0.1757,2488.5472,5939.7553,2577.0317,0.0532544379,0.39,0.5,5071,0.136,5.889529e-4,67390,0.7992147592,0.388,0.8114720812,WI,no
55051,Wisconsin,2185,71,0.2448,2342.1829,5185.8407,2975.4179,0.0785879928,0.52,0.45,3112,0.103,7.047216e-4,48813,0.6779918864,0.245,0.7543133195,WI,no
55053,Wisconsin,4935,70,0.2266,2630.341,7056.8405,3466.0917,0.097459011,0.44,0.52,3502,0.129,0.0010254908,57247,0.7223825126,0.302,0.7497255763,WI,no
55055,Wisconsin,18779,71,0.1818,3199.0455,9813.9789,4005.6671,0.0651894857,0.48,0.55,3415,0.075,4.463814e-4,71098,0.3405109576,0.374,0.8294251479,WI,no
55057,Wisconsin,7091,71,0.2001,2697.3062,5503.0718,1873.1096,0.0802332596,0.38,0.29,3201,0.09,7.889695e-4,55787,0.8349459946,0.283,0.7633928571,WI,no
55059,Wisconsin,32213,71,0.1698,3986.5031,12509.1379,5877.1715,0.0690760154,0.48,0.53,4729,0.082,4.666549e-4,66460,0.1072308413,0.368,0.8469061472,WI,no
55061,Wisconsin,5035,72,0.1431,3865.2561,8920.9354,6266.147,0.062731997,0.52,0.36,2390,0.091,4.906049e-4,65879,0.723340138,0.374,0.7791631699,WI,no
55063,Wisconsin,25265,70,0.2414,2992.5589,9385.2832,1632.1621,0.047416349000000003,0.62,0.61,2935,0.068,0.0013786687,59758,0.1682775345,0.163,0.8438065575,WI,no
55065,Wisconsin,3787,71,0.2116,2752.2594,5617.7565,2160.5529,0.1078175166,0.38,0.44,4220,0.104,2.40024e-4,59128,1,0.344,0.7482891996,WI,no
55067,Wisconsin,6078,71,0.2376,1798.2456,5236.4434,1792.2648,0.0732300424,0.55,0.35,3719,0.127,8.303924e-4,49597,0.5916303749,0.238,0.7683464933,WI,no
55069,Wisconsin,8071,71,0.2024,3562.2133,8263.7615,4029.8165,0.05804304,0.55,0.52,3078,0.087,5.778468e-4,60728,0.5404794211,0.305,0.7797227723,WI,no
55071,Wisconsin,21471,71,0.1731,3368.9063,10521.6089,6066.0366,0.0647206699,0.52,0.55,3573,0.1,4.932089e-4,61326,0.3886201223,0.217,0.7929288546,WI,no
55073,Wisconsin,30035,71,0.2097,3598.5984,9827.73,4098.0218,0.0610107358,0.57,0.55,4053,0.092,9.599197e-4,66092,0.4299023593,0.169,0.8263440666,WI,no
55075,Wisconsin,12867,72,0.168,3980.8436,8183.4592,5606.0048,0.0656665351,0.55,0.37,2929,0.088,7.419498e-4,54404,0.6182902584,0.223,0.7827099009,WI,no
55077,Wisconsin,4895,72,0.1674,2813.9535,7264.6934,4216.4905,0.0836015659,0.39,0.47,3790,0.135,6.4792e-5,56790,1,0.434,0.7712093863,WI,no
55078,Wisconsin,943,68,0.3742,3498.9605,8459.4595,4056.1331,0.0832482125,0.37,0.41,5527,0.151,4.293688e-4,40300,1,0.137,0.7258522727,WI,no
55079,Wisconsin,165111,71,0.2791,3848.3532,13869.4814,6484.4333,0.0820883096,0.44,0.52,5196,0.101,7.32967e-4,53505,0.001920368,0.264,0.7848655721,WI,no
55081,Wisconsin,10074,71,0.2052,2573.1515,7216.3957,3205.7333,0.0853239594,0.55,0.43,2319,0.123,6.297366e-4,60296,0.5767241958,0.259,0.7825286073,WI,no
55083,Wisconsin,10324,71,0.154,3602.4804,7436.0313,4676.5666,0.0687445772,0.5,0.37,2592,0.169,3.436426e-4,66401,0.8134360064,0.435,0.7963956099,WI,no
55085,Wisconsin,12914,72,0.1672,3335.8422,7821.0146,3251.9946,0.063192561,0.54,0.52,3467,0.094,8.73978e-4,62765,0.7497083171,0.208,0.8177809481,WI,no
55087,Wisconsin,36452,70,0.1693,4258.5434,9926.8706,4868.7855,0.0616752362,0.55,0.56,2638,0.118,8.646225e-4,66994,0.2473867399,0.197,0.8637709103,WI,no
55089,Wisconsin,22371,74,0.0902,3675.9079,12286.6496,6704.6547,0.0404549951,0.53,0.6,3163,0.076,0.0013685261,90446,0.2488685688,0.363,0.8827603541,WI,no
55091,Wisconsin,2185,71,0.2426,3515.4278,9680.9257,2718.0926,0.0797217764,0.5,0.51,4426,0.08,4.115791e-4,62675,1,0.429,0.8071661238,WI,no
55093,Wisconsin,8195,71,0.1937,3227.0442,8901.032,5081.2384,0.0546969296,0.43,0.56,3393,0.075,4.22982e-4,75368,0.5364830932,0.421,0.8328737254,WI,no
55095,Wisconsin,12108,71,0.2051,2498.4293,4761.4311,1749.9127,0.0735756728,0.45,0.43,3382,0.131,7.569155e-4,63910,0.8546544509,0.437,0.7648238482,WI,no
55097,Wisconsin,15571,71,0.1738,3420.2485,9178.0665,2872.626,0.0602282861,0.55,0.57,3411,0.077,4.510727e-4,58248,0.3603164855,0.204,0.8543330427,WI,no
55099,Wisconsin,4842,71,0.2238,2877.9798,6069.899,2218.9899,0.0715883669,0.54,0.44,4531,0.091,1.492872e-4,48761,1,0.219,0.7386363636,WI,no
55101,Wisconsin,43883,71,0.1799,3927.3433,12487.8049,6015.8794,0.0653832183,0.5,0.55,4081,0.104,4.476458e-4,61691,0.122779006,0.347,0.8371657962,WI,no
55103,Wisconsin,4811,72,0.1971,1462.3329,4327.7643,1071.9927,0.0852583587,0.34,0.5,4006,0.084,6.90568e-4,51295,0.7213806115,0.339,0.7259219952,WI,no
55105,Wisconsin,36085,71,0.1899,3418.6361,10183.7722,2168.8611,0.0708520381,0.43,0.54,5302,0.12,5.026697e-4,61624,0.2041651334,0.303,0.801526128,WI,no
55107,Wisconsin,4368,70,0.293,3051.4673,5895.2596,2811.2867,0.0870101528,0.47,0.42,1957,0.093,5.654909e-4,49860,0.7662487292,0.291,0.7250627353,WI,no
55109,Wisconsin,17312,71,0.1429,3296.0598,8297.2647,5336.9081,0.0438108304,0.49,0.53,4019,0.08,4.905568e-4,87098,0.53168534,0.43,0.8500672869,WI,no
55111,Wisconsin,15343,71,0.1705,2845.9112,7205.7753,2272.3853,0.0715895302,0.38,0.48,4411,0.108,9.961245e-4,63752,0.4614689557,0.281,0.8191976203,WI,no
55113,Wisconsin,6009,71,0.2323,2899.8505,5200.5979,3090.284,0.105037062,0.51,0.33,1745,0.128,7.277579e-4,53908,0.8420003624,0.237,0.7511544382,WI,no
55115,Wisconsin,10621,71,0.1893,3278.0797,7585.1449,4092.0894,0.0776202356,0.52,0.49,2984,0.135,6.373174e-4,58982,0.7439271496,0.344,0.7785227005,WI,no
55117,Wisconsin,27206,71,0.1623,3352.3283,10610.9803,7593.4952,0.058844531,0.48,0.58,2775,0.072,6.236142e-4,62108,0.2828486585,0.156,0.8379697516,WI,no
55119,Wisconsin,4666,71,0.1962,2241.8465,5777.722,1397.8926,0.0754786451,0.59,0.23,2237,0.103,2.939447e-4,52419,0.8044371405,0.247,0.7436730903,WI,no
55121,Wisconsin,6729,71,0.2025,2933.1763,7317.0445,2064.4686,0.0838801952,0.54,0.49,2715,0.103,2.377556e-4,61687,0.8961340922,0.328,0.7821740941,WI,no
55123,Wisconsin,7515,70,0.2571,1869.7037,6489.6464,1490.2835,0.1038269278,0.48,0.36,2897,0.131,0.0010069839,56272,0.8569173412,0.383,0.7293513379,WI,no
55125,Wisconsin,9241,73,0.1402,3455.1032,7614.7983,3921.5468,0.0963136729,0.61,0.53,3840,0.116,5.925791e-4,55576,1,0.229,0.771449501,WI,no
55127,Wisconsin,23451,73,0.1197,3221.5081,10341.3544,5730.9139,0.0818578456,0.47,0.56,3236,0.09,3.47095e-4,64682,0.3419708886,0.339,0.8309438763,WI,no
55129,Wisconsin,5908,70,0.2558,2924.7209,5214.673,2328.8676,0.0751554941,0.57,0.36,4377,0.122,9.447034e-4,52735,0.8320030168,0.298,0.7665837479,WI,no
55131,Wisconsin,31080,73,0.0939,3958.1109,11569.5455,8142.5683,0.0433918694,0.58,0.59,3948,0.081,5.306095e-4,81928,0.3078468689,0.384,0.8685499613,WI,no
55133,Wisconsin,95674,73,0.1181,3927.4545,12844.9098,6393.0056,0.0376606398,0.56,0.6,3428,0.096,0.0013694824,91070,0.0986044818,0.329,0.8994257216,WI,no
55135,Wisconsin,13938,71,0.2135,3419.0226,8614.0697,2777.5586,0.0671608153,0.54,0.51,2456,0.086,5.476451e-4,61773,0.6493989697,0.337,0.7899125757,WI,no
55137,Wisconsin,7515,70,0.197,3150.8828,8315.008,4158.1059,0.0882249766,0.52,0.52,3329,0.121,2.885051e-4,55476,0.8949624428,0.403,0.7505536541,WI,no
55139,Wisconsin,36081,71,0.1921,3797.5623,11006.6899,6584.1276,0.0548860938,0.56,0.56,2697,0.09,8.420068e-4,59643,0.1343102147,0.168,0.8384706916,WI,no
55141,Wisconsin,19449,70,0.2666,3467.0551,8249.2717,3095.8524,0.0609465914,0.59,0.39,3486,0.083,0.0014783382,57325,0.3668276499,0.206,0.811579859,WI,no
56001,Wyoming,5872,72,0.1202,3384.0304,11019.0114,3638.9945,0.1208598925,0.37,0.51,3007,0.065,6.735577e-4,52216,0.1193972286,0.086,0.8639613648,WY,no
56003,Wyoming,3047,73,0.1379,2512.8587,5462.9146,1617.2195,0.1700584542,0.29,0.3,3712,0.144,1.68336e-4,53018,1,0.221,0.7870391061,WY,no
56005,Wyoming,6848,70,0.1227,3265.8228,9271.2236,2655.3586,0.116614967,0.29,0.46,2145,0.079,4.984829e-4,83997,0.290724644,0.173,0.909696142,WY,no
56007,Wyoming,3108,72,0.1071,2078.8043,8039.5963,2872.6708,0.1459691252,0.26,0.36,3176,0.089,5.343664e-4,61626,0.41630469,0.168,0.7938426821,WY,no
56009,Wyoming,2918,72,0.0971,3646.0653,7314.3954,2573.8964,0.114570471,0.34,0.4,4361,0.104,5.131965e-4,72481,0.5536037013,0.294,0.7976943102,WY,no
56011,Wyoming,1829,73,0.0554,2981.9639,5980.6279,1788.2432,0.1368188763,0.41,0.39,1785,0.09,4.026846e-4,64120,1,0.405,0.7348406989,WY,no
56013,Wyoming,9391,72,0.163,3111.5094,9407.1182,3713.9931,0.1762877442,0.32,0.42,3371,0.103,7.841947e-4,57953,0.5142437006,0.172,0.7803045549,WY,no
56015,Wyoming,3454,73,0.1203,3587.673,6515.1615,2205.0099,0.1491641663,0.35,0.34,3107,0.099,7.476077e-4,55540,0.4599592422,0.18,0.7557134626,WY,no
56017,Wyoming,1540,72,0.1652,1596.3768,5433.3333,1170.2899,0.1273655752,0.29,0.38,713,0.121,8.781559e-4,52344,0.3148379052,0.183,0.7747875354,WY,no
56019,Wyoming,2533,73,0.0866,1628.7776,5341.4524,1331.9802,0.125681358,0.39,0.44,3199,0.066,0.0013002364,57224,0.4902555724,0.283,0.7929778934,WY,no
56021,Wyoming,21053,72,0.1354,3438.9903,11144.0219,4076.283,0.0975328766,0.42,0.48,4271,0.099,7.173456e-4,69613,0.1978460398,0.078,0.854824484,WY,no
56023,Wyoming,4404,72,0.0647,3181.8424,5391.1076,1666.1342,0.1210908181,0.34,0.41,2906,0.092,7.20387e-4,71269,0.8272948194,0.295,0.8309206717,WY,no
56025,Wyoming,16056,71,0.1456,3921.1179,10909.9992,4265.0439,0.1321225776,0.33,0.46,4486,0.091,7.583897e-4,66104,0.1444930417,0.094,0.8252690631,WY,no
56027,Wyoming,653,73,0.0925,2115.1832,5303.6649,1228.6213,0.1686372122,0.25,0.12,1060,0.082,0.0012562814,48513,1,0.185,0.7219917012,WY,no
56029,Wyoming,8637,73,0.0888,3409.8339,7007.9734,2665.6478,0.1275152508,0.41,0.48,2997,0.089,0.0012276633,59494,0.4424038291,0.161,0.8569078947,WY,no
56031,Wyoming,2654,73,0.1001,3430.1676,7023.6356,2264.2888,0.1234292986,0.34,0.38,4310,0.15,3.502218e-4,57425,0.5864774432,0.213,0.7094292804,WY,no
56033,Wyoming,8314,73,0.0931,2872.0303,8043.4339,2219.3558,0.111182768,0.43,0.43,2825,0.087,5.953759e-4,64030,0.3547877456,0.117,0.8294468342,WY,no
56035,Wyoming,1899,72,0.0543,2911.889,7617.3808,3841.2794,0.1190626979,0.28,0.43,2281,0.104,5.095282e-4,78055,1,0.201,0.8556886228,WY,no
56037,Wyoming,7116,71,0.1135,3187.6819,8531.1995,2708.5354,0.1146098758,0.36,0.42,2543,0.083,3.948805e-4,80639,0.1091631283,0.168,0.840043806,WY,no
56039,Wyoming,4054,73,0.0319,3149.941,8653.4829,3089.4333,0.1336636192,0.44,0.53,3181,0.024,0.001083142,98837,0.4643091951,0.162,0.8712717596,WY,no
56041,Wyoming,4005,70,0.1279,3090.5419,8283.4063,2562.7735,0.1183852871,0.32,0.35,2839,0.103,4.926351e-4,70756,0.4309593712,0.197,0.895353429,WY,no
56043,Wyoming,2133,73,0.1269,2129.5309,7585.2878,2226.0128,0.1483434976,0.3,0.41,3957,0.107,5.072923e-4,55122,0.3595452947,0.067,0.781872214,WY,no
56045,Wyoming,1802,73,0.0964,3030.3235,5989.8922,2479.7844,0.1271234969,0.31,0.23,2662,0.111,4.306014e-4,59410,0.5453662597,0.222,0.7679003805,WY,no
72001,Puerto Rico,NA,NA,NA,NA,NA,NA,NA,NA,NA,NA,NA,NA,NA,NA,NA,NA,NA,NA
72003,Puerto Rico,NA,NA,NA,NA,NA,NA,NA,NA,NA,NA,NA,NA,NA,NA,NA,NA,NA,NA
72005,Puerto Rico,NA,NA,NA,NA,NA,NA,NA,NA,NA,NA,NA,NA,NA,NA,NA,NA,NA,NA
72007,Puerto Rico,NA,NA,NA,NA,NA,NA,NA,NA,NA,NA,NA,NA,NA,NA,NA,NA,NA,NA
72009,Puerto Rico,NA,NA,NA,NA,NA,NA,NA,NA,NA,NA,NA,NA,NA,NA,NA,NA,NA,NA
72011,Puerto Rico,NA,NA,NA,NA,NA,NA,NA,NA,NA,NA,NA,NA,NA,NA,NA,NA,NA,NA
72013,Puerto Rico,NA,NA,NA,NA,NA,NA,NA,NA,NA,NA,NA,NA,NA,NA,NA,NA,NA,NA
72015,Puerto Rico,NA,NA,NA,NA,NA,NA,NA,NA,NA,NA,NA,NA,NA,NA,NA,NA,NA,NA
72017,Puerto Rico,NA,NA,NA,NA,NA,NA,NA,NA,NA,NA,NA,NA,NA,NA,NA,NA,NA,NA
72019,Puerto Rico,NA,NA,NA,NA,NA,NA,NA,NA,NA,NA,NA,NA,NA,NA,NA,NA,NA,NA
72021,Puerto Rico,NA,NA,NA,NA,NA,NA,NA,NA,NA,NA,NA,NA,NA,NA,NA,NA,NA,NA
72023,Puerto Rico,NA,NA,NA,NA,NA,NA,NA,NA,NA,NA,NA,NA,NA,NA,NA,NA,NA,NA
72025,Puerto Rico,NA,NA,NA,NA,NA,NA,NA,NA,NA,NA,NA,NA,NA,NA,NA,NA,NA,NA
72027,Puerto Rico,NA,NA,NA,NA,NA,NA,NA,NA,NA,NA,NA,NA,NA,NA,NA,NA,NA,NA
72029,Puerto Rico,NA,NA,NA,NA,NA,NA,NA,NA,NA,NA,NA,NA,NA,NA,NA,NA,NA,NA
72031,Puerto Rico,NA,NA,NA,NA,NA,NA,NA,NA,NA,NA,NA,NA,NA,NA,NA,NA,NA,NA
72033,Puerto Rico,NA,NA,NA,NA,NA,NA,NA,NA,NA,NA,NA,NA,NA,NA,NA,NA,NA,NA
72035,Puerto Rico,NA,NA,NA,NA,NA,NA,NA,NA,NA,NA,NA,NA,NA,NA,NA,NA,NA,NA
72037,Puerto Rico,NA,NA,NA,NA,NA,NA,NA,NA,NA,NA,NA,NA,NA,NA,NA,NA,NA,NA
72039,Puerto Rico,NA,NA,NA,NA,NA,NA,NA,NA,NA,NA,NA,NA,NA,NA,NA,NA,NA,NA
72041,Puerto Rico,NA,NA,NA,NA,NA,NA,NA,NA,NA,NA,NA,NA,NA,NA,NA,NA,NA,NA
72043,Puerto Rico,NA,NA,NA,NA,NA,NA,NA,NA,NA,NA,NA,NA,NA,NA,NA,NA,NA,NA
72045,Puerto Rico,NA,NA,NA,NA,NA,NA,NA,NA,NA,NA,NA,NA,NA,NA,NA,NA,NA,NA
72047,Puerto Rico,NA,NA,NA,NA,NA,NA,NA,NA,NA,NA,NA,NA,NA,NA,NA,NA,NA,NA
72049,Puerto Rico,NA,NA,NA,NA,NA,NA,NA,NA,NA,NA,NA,NA,NA,NA,NA,NA,NA,NA
72051,Puerto Rico,NA,NA,NA,NA,NA,NA,NA,NA,NA,NA,NA,NA,NA,NA,NA,NA,NA,NA
72053,Puerto Rico,NA,NA,NA,NA,NA,NA,NA,NA,NA,NA,NA,NA,NA,NA,NA,NA,NA,NA
72054,Puerto Rico,NA,NA,NA,NA,NA,NA,NA,NA,NA,NA,NA,NA,NA,NA,NA,NA,NA,NA
72055,Puerto Rico,NA,NA,NA,NA,NA,NA,NA,NA,NA,NA,NA,NA,NA,NA,NA,NA,NA,NA
72057,Puerto Rico,NA,NA,NA,NA,NA,NA,NA,NA,NA,NA,NA,NA,NA,NA,NA,NA,NA,NA
72059,Puerto Rico,NA,NA,NA,NA,NA,NA,NA,NA,NA,NA,NA,NA,NA,NA,NA,NA,NA,NA
72061,Puerto Rico,NA,NA,NA,NA,NA,NA,NA,NA,NA,NA,NA,NA,NA,NA,NA,NA,NA,NA
72063,Puerto Rico,NA,NA,NA,NA,NA,NA,NA,NA,NA,NA,NA,NA,NA,NA,NA,NA,NA,NA
72065,Puerto Rico,NA,NA,NA,NA,NA,NA,NA,NA,NA,NA,NA,NA,NA,NA,NA,NA,NA,NA
72067,Puerto Rico,NA,NA,NA,NA,NA,NA,NA,NA,NA,NA,NA,NA,NA,NA,NA,NA,NA,NA
72069,Puerto Rico,NA,NA,NA,NA,NA,NA,NA,NA,NA,NA,NA,NA,NA,NA,NA,NA,NA,NA
72071,Puerto Rico,NA,NA,NA,NA,NA,NA,NA,NA,NA,NA,NA,NA,NA,NA,NA,NA,NA,NA
72073,Puerto Rico,NA,NA,NA,NA,NA,NA,NA,NA,NA,NA,NA,NA,NA,NA,NA,NA,NA,NA
72075,Puerto Rico,NA,NA,NA,NA,NA,NA,NA,NA,NA,NA,NA,NA,NA,NA,NA,NA,NA,NA
72077,Puerto Rico,NA,NA,NA,NA,NA,NA,NA,NA,NA,NA,NA,NA,NA,NA,NA,NA,NA,NA
72079,Puerto Rico,NA,NA,NA,NA,NA,NA,NA,NA,NA,NA,NA,NA,NA,NA,NA,NA,NA,NA
72081,Puerto Rico,NA,NA,NA,NA,NA,NA,NA,NA,NA,NA,NA,NA,NA,NA,NA,NA,NA,NA
72083,Puerto Rico,NA,NA,NA,NA,NA,NA,NA,NA,NA,NA,NA,NA,NA,NA,NA,NA,NA,NA
72085,Puerto Rico,NA,NA,NA,NA,NA,NA,NA,NA,NA,NA,NA,NA,NA,NA,NA,NA,NA,NA
72087,Puerto Rico,NA,NA,NA,NA,NA,NA,NA,NA,NA,NA,NA,NA,NA,NA,NA,NA,NA,NA
72089,Puerto Rico,NA,NA,NA,NA,NA,NA,NA,NA,NA,NA,NA,NA,NA,NA,NA,NA,NA,NA
72091,Puerto Rico,NA,NA,NA,NA,NA,NA,NA,NA,NA,NA,NA,NA,NA,NA,NA,NA,NA,NA
72093,Puerto Rico,NA,NA,NA,NA,NA,NA,NA,NA,NA,NA,NA,NA,NA,NA,NA,NA,NA,NA
72095,Puerto Rico,NA,NA,NA,NA,NA,NA,NA,NA,NA,NA,NA,NA,NA,NA,NA,NA,NA,NA
72097,Puerto Rico,NA,NA,NA,NA,NA,NA,NA,NA,NA,NA,NA,NA,NA,NA,NA,NA,NA,NA
72099,Puerto Rico,NA,NA,NA,NA,NA,NA,NA,NA,NA,NA,NA,NA,NA,NA,NA,NA,NA,NA
72101,Puerto Rico,NA,NA,NA,NA,NA,NA,NA,NA,NA,NA,NA,NA,NA,NA,NA,NA,NA,NA
72103,Puerto Rico,NA,NA,NA,NA,NA,NA,NA,NA,NA,NA,NA,NA,NA,NA,NA,NA,NA,NA
72105,Puerto Rico,NA,NA,NA,NA,NA,NA,NA,NA,NA,NA,NA,NA,NA,NA,NA,NA,NA,NA
72107,Puerto Rico,NA,NA,NA,NA,NA,NA,NA,NA,NA,NA,NA,NA,NA,NA,NA,NA,NA,NA
72109,Puerto Rico,NA,NA,NA,NA,NA,NA,NA,NA,NA,NA,NA,NA,NA,NA,NA,NA,NA,NA
72111,Puerto Rico,NA,NA,NA,NA,NA,NA,NA,NA,NA,NA,NA,NA,NA,NA,NA,NA,NA,NA
72113,Puerto Rico,NA,NA,NA,NA,NA,NA,NA,NA,NA,NA,NA,NA,NA,NA,NA,NA,NA,NA
72115,Puerto Rico,NA,NA,NA,NA,NA,NA,NA,NA,NA,NA,NA,NA,NA,NA,NA,NA,NA,NA
72117,Puerto Rico,NA,NA,NA,NA,NA,NA,NA,NA,NA,NA,NA,NA,NA,NA,NA,NA,NA,NA
72119,Puerto Rico,NA,NA,NA,NA,NA,NA,NA,NA,NA,NA,NA,NA,NA,NA,NA,NA,NA,NA
72121,Puerto Rico,NA,NA,NA,NA,NA,NA,NA,NA,NA,NA,NA,NA,NA,NA,NA,NA,NA,NA
72123,Puerto Rico,NA,NA,NA,NA,NA,NA,NA,NA,NA,NA,NA,NA,NA,NA,NA,NA,NA,NA
72125,Puerto Rico,NA,NA,NA,NA,NA,NA,NA,NA,NA,NA,NA,NA,NA,NA,NA,NA,NA,NA
72127,Puerto Rico,NA,NA,NA,NA,NA,NA,NA,NA,NA,NA,NA,NA,NA,NA,NA,NA,NA,NA
72129,Puerto Rico,NA,NA,NA,NA,NA,NA,NA,NA,NA,NA,NA,NA,NA,NA,NA,NA,NA,NA
72131,Puerto Rico,NA,NA,NA,NA,NA,NA,NA,NA,NA,NA,NA,NA,NA,NA,NA,NA,NA,NA
72133,Puerto Rico,NA,NA,NA,NA,NA,NA,NA,NA,NA,NA,NA,NA,NA,NA,NA,NA,NA,NA
72135,Puerto Rico,NA,NA,NA,NA,NA,NA,NA,NA,NA,NA,NA,NA,NA,NA,NA,NA,NA,NA
72137,Puerto Rico,NA,NA,NA,NA,NA,NA,NA,NA,NA,NA,NA,NA,NA,NA,NA,NA,NA,NA
72139,Puerto Rico,NA,NA,NA,NA,NA,NA,NA,NA,NA,NA,NA,NA,NA,NA,NA,NA,NA,NA
72141,Puerto Rico,NA,NA,NA,NA,NA,NA,NA,NA,NA,NA,NA,NA,NA,NA,NA,NA,NA,NA
72143,Puerto Rico,NA,NA,NA,NA,NA,NA,NA,NA,NA,NA,NA,NA,NA,NA,NA,NA,NA,NA
72145,Puerto Rico,NA,NA,NA,NA,NA,NA,NA,NA,NA,NA,NA,NA,NA,NA,NA,NA,NA,NA
72147,Puerto Rico,NA,NA,NA,NA,NA,NA,NA,NA,NA,NA,NA,NA,NA,NA,NA,NA,NA,NA
72149,Puerto Rico,NA,NA,NA,NA,NA,NA,NA,NA,NA,NA,NA,NA,NA,NA,NA,NA,NA,NA
72151,Puerto Rico,NA,NA,NA,NA,NA,NA,NA,NA,NA,NA,NA,NA,NA,NA,NA,NA,NA,NA
72153,Puerto Rico,NA,NA,NA,NA,NA,NA,NA,NA,NA,NA,NA,NA,NA,NA,NA,NA,NA,NA
