fips,svi_overall,svi_ses,svi_hhchar,svi_minority,svi_housing
01001,0.513,0.3838,0.7362,0.6337,0.4309
01003,0.3103,0.3253,0.2724,0.5022,0.3612
01005,0.9927,0.9567,0.9453,0.8962,0.9949
01007,0.8078,0.8008,0.5512,0.6292,0.8622
01009,0.5137,0.5757,0.7225,0.4147,0.2743
01011,0.831,0.7183,0.6515,0.9809,0.8501
01013,0.6843,0.7486,0.6887,0.8686,0.2982
01015,0.7349,0.7533,0.7279,0.6582,0.5197
01017,0.8074,0.5837,0.5955,0.8421,0.9599
01019,0.3269,0.5029,0.4096,0.2778,0.1792
01021,0.7222,0.7295,0.9176,0.5519,0.3463
01023,0.7116,0.6766,0.8475,0.8256,0.3526
01025,0.8552,0.8864,0.6859,0.8631,0.6795
01027,0.5309,0.5856,0.6738,0.5423,0.2817
01029,0.4542,0.5439,0.6289,0.2202,0.2979
01031,0.6489,0.6041,0.9055,0.6862,0.2813
01033,0.3475,0.4647,0.6346,0.577,0.0761
01035,0.6575,0.725,0.6891,0.8756,0.2683
01037,0.436,0.3065,0.3679,0.7406,0.5496
01039,0.7075,0.7514,0.677,0.4981,0.5719
01041,0.6025,0.5395,0.7995,0.6741,0.3775
01043,0.5156,0.5827,0.6534,0.2753,0.3892
01045,0.8065,0.8832,0.8835,0.7027,0.3453
01047,0.9157,0.9659,0.8176,0.971,0.5904
01049,0.7387,0.809,0.6951,0.5439,0.5232
01051,0.4564,0.3393,0.4271,0.6458,0.5532
01053,0.8708,0.93,0.7543,0.7934,0.6168
01055,0.6483,0.7043,0.8246,0.5831,0.2833
01057,0.6725,0.8205,0.4618,0.4758,0.5229
01059,0.7298,0.704,0.8463,0.606,0.4908
01061,0.5691,0.6458,0.7651,0.4949,0.2568
01063,0.9513,0.9885,0.5191,0.985,0.8908
01065,0.9351,0.9472,0.7893,0.9335,0.8269
01067,0.5646,0.6047,0.4074,0.6916,0.4669
01069,0.7021,0.7817,0.6585,0.7276,0.3927
01071,0.5528,0.6945,0.6095,0.3488,0.3262
01073,0.7562,0.6862,0.6903,0.8787,0.6267
01075,0.5519,0.4484,0.663,0.4319,0.6321
01077,0.4745,0.5306,0.2909,0.4777,0.5439
01079,0.4239,0.5605,0.4039,0.6034,0.1891
01081,0.6795,0.5907,0.1894,0.7151,0.9443
01083,0.4602,0.4074,0.4182,0.6127,0.4882
01085,0.8997,0.9628,0.8285,0.9758,0.5064
01087,0.8896,0.9118,0.3275,0.9866,0.9418
01089,0.3596,0.3046,0.359,0.7447,0.3278
01091,0.8113,0.8265,0.8428,0.8988,0.4344
01093,0.6833,0.7947,0.7212,0.2778,0.5
01095,0.6222,0.6489,0.9007,0.5407,0.2416
01097,0.7947,0.8272,0.5325,0.8253,0.6868
01099,0.7241,0.9048,0.3657,0.8517,0.3616
01101,0.9032,0.8635,0.8488,0.9526,0.7884
01103,0.6413,0.5878,0.782,0.6174,0.4433
01105,0.9137,0.9803,0.5732,0.9653,0.7314
01107,0.9379,0.8966,0.9354,0.8558,0.8256
01109,0.8059,0.7928,0.4007,0.832,0.873
01111,0.5347,0.4672,0.4679,0.6197,0.5974
01113,0.8918,0.8962,0.9214,0.8972,0.5853
01115,0.3224,0.4147,0.198,0.4411,0.3472
01117,0.1155,0.0885,0.2081,0.5882,0.1525
01119,0.9653,0.964,0.6264,0.9749,0.9729
01121,0.8768,0.8676,0.7492,0.7683,0.8074
01123,0.8927,0.8183,0.8943,0.6986,0.8838
01125,0.682,0.6595,0.268,0.7826,0.8151
01127,0.6875,0.7823,0.7778,0.3705,0.4293
01129,0.4599,0.6308,0.3724,0.733,0.1639
01131,0.9208,0.9013,0.9554,0.9723,0.6092
01133,0.6852,0.761,0.8924,0.1779,0.4252
02013,0.6442,0.4204,0.1595,0.9898,0.9577
02016,0.4959,0.2053,0.0331,0.9796,0.9955
02020,0.5761,0.3947,0.3666,0.8224,0.8008
02050,0.9542,0.9351,0.7008,0.9949,0.9602
02060,0.2314,0.1483,0.0045,0.8842,0.8832
02063,0.2352,0.1098,0.0118,0.6432,0.9262
02066,0.4179,0.3584,0.344,0.8208,0.3756
02068,0.2155,0.1836,0.0048,0.5363,0.8915
02070,0.9363,0.8727,0.775,0.9882,0.9386
02090,0.5264,0.429,0.2174,0.6986,0.8001
02100,0.5248,0.4726,0.6015,0.6544,0.4351
02105,0.5127,0.4787,0.0449,0.8943,0.8412
02110,0.3526,0.1591,0.0847,0.7543,0.8854
02122,0.5236,0.5898,0.1808,0.5598,0.6483
02130,0.6518,0.4437,0.3472,0.7575,0.9392
02150,0.7667,0.499,0.4771,0.8857,0.9701
02158,0.8988,0.9405,0.7142,0.999,0.7078
02164,0.852,0.767,0.7775,0.9777,0.7549
02170,0.499,0.6152,0.4488,0.5716,0.296
02180,0.9367,0.9367,0.6852,0.9889,0.9087
02185,0.8555,0.5853,0.5773,0.9691,0.993
02188,0.9153,0.8915,0.4376,0.9933,0.9749
02195,0.6556,0.331,0.8046,0.789,0.8078
02198,0.8339,0.683,0.5621,0.8978,0.9494
02220,0.4809,0.3851,0.0598,0.7763,0.8943
02230,0.353,0.4424,0.0372,0.6015,0.5987
02240,0.6878,0.4758,0.7925,0.648,0.7658
02275,0.4911,0.478,0.2342,0.747,0.5815
02282,0.4468,0.3692,0.0162,0.9554,0.894
02290,0.8657,0.8514,0.6088,0.9809,0.81
04001,0.965,0.8972,0.9459,0.9838,0.9141
04003,0.9243,0.6903,0.9545,0.8469,0.9583
04005,0.8259,0.8132,0.1407,0.8549,0.9847
04007,0.8205,0.7629,0.7686,0.7718,0.7416
04009,0.8819,0.6868,0.7565,0.8724,0.9679
04011,0.3571,0.1206,0.7075,0.8921,0.3679
04012,0.9481,0.9099,0.9803,0.8186,0.7241
04013,0.7397,0.6534,0.6152,0.8469,0.6989
04015,0.8695,0.8071,0.8565,0.5996,0.8571
04017,0.9901,0.9252,0.9905,0.9179,0.9497
04019,0.9118,0.7728,0.7817,0.8711,0.9764
04021,0.8377,0.668,0.8616,0.8285,0.8313
04023,0.9449,0.985,0.9589,0.9876,0.4163
04025,0.6187,0.6143,0.5395,0.5481,0.6031
04027,0.9936,0.9739,0.964,0.9621,0.965
05001,0.6967,0.4507,0.9093,0.6964,0.6591
05003,0.6706,0.6158,0.8791,0.7066,0.3488
05005,0.3094,0.4596,0.2747,0.1903,0.3049
05007,0.33,0.1782,0.6143,0.6805,0.3409
05009,0.2909,0.3606,0.5089,0.1655,0.239
05011,0.9074,0.8262,0.9815,0.837,0.6486
05013,0.5474,0.5344,0.7164,0.6544,0.3074
05015,0.6413,0.5847,0.6279,0.5732,0.6238
05017,0.9968,0.9609,0.9844,0.9316,0.9885
05019,0.8603,0.6229,0.6992,0.7027,0.9936
05021,0.4624,0.6595,0.7648,0.0977,0.1585
05023,0.2686,0.4398,0.3463,0.1569,0.1856
05025,0.2616,0.2307,0.6423,0.4701,0.1556
05027,0.8609,0.7813,0.6757,0.8004,0.915
05029,0.7486,0.6321,0.9443,0.5274,0.5633
05031,0.788,0.6362,0.8631,0.6251,0.7775
05033,0.6369,0.6139,0.8771,0.4854,0.3654
05035,0.9252,0.9287,0.7954,0.9192,0.8211
05037,0.8479,0.8068,0.9421,0.6528,0.6184
05039,0.7355,0.5404,0.6022,0.859,0.8495
05041,0.9271,0.8431,0.9933,0.901,0.5557
05043,0.6324,0.3374,0.2333,0.7237,0.9933
05045,0.5185,0.4752,0.2419,0.5541,0.7588
05047,0.5665,0.6779,0.4567,0.2778,0.5544
05049,0.6381,0.7775,0.6244,0.1181,0.5598
05051,0.8902,0.7371,0.957,0.5261,0.9287
05053,0.1687,0.1521,0.1957,0.2276,0.3721
05055,0.6493,0.6935,0.8062,0.2658,0.4774
05057,0.9102,0.6808,0.9949,0.8501,0.7763
05059,0.641,0.4892,0.5904,0.5137,0.8265
05061,0.8851,0.8399,0.993,0.7514,0.4083
05063,0.6824,0.5143,0.8116,0.3819,0.809
05065,0.5563,0.7489,0.2626,0.3421,0.5302
05067,0.6862,0.8835,0.4612,0.6034,0.3568
05069,0.944,0.7966,0.8577,0.9338,0.9828
05071,0.8437,0.7263,0.9548,0.5656,0.7521
05073,0.8577,0.8297,0.8921,0.8065,0.6292
05075,0.5802,0.6184,0.5821,0.1655,0.654
05077,0.9739,0.9698,0.8663,0.9208,0.9204
05079,0.3966,0.3806,0.0866,0.7495,0.6041
05081,0.4048,0.3625,0.4118,0.6489,0.3743
05083,0.5083,0.5134,0.6881,0.3616,0.4096
05085,0.3046,0.3237,0.6432,0.4443,0.1518
05087,0.5146,0.6999,0.4857,0.3705,0.2938
05089,0.444,0.6394,0.3558,0.1655,0.3396
05091,0.8972,0.8189,0.6763,0.7066,0.9796
05093,0.9227,0.873,0.9405,0.8151,0.7973
05095,0.8962,0.859,0.8024,0.8536,0.8584
05097,0.5745,0.7801,0.7804,0.289,0.1827
05099,0.7441,0.5729,0.8224,0.767,0.6906
05101,0.2078,0.4281,0.4621,0.2046,0.0449
05103,0.8654,0.7387,0.8931,0.8444,0.7979
05105,0.3857,0.323,0.3071,0.2702,0.6766
05107,0.9017,0.9383,0.9411,0.9478,0.465
05109,0.5551,0.4908,0.7616,0.4243,0.4768
05111,0.739,0.7922,0.7871,0.4367,0.5341
05113,0.8501,0.8816,0.9688,0.4007,0.5108
05115,0.7607,0.733,0.8383,0.4854,0.6311
05117,0.4672,0.4192,0.6601,0.4682,0.3899
05119,0.7635,0.5742,0.8183,0.8666,0.7043
05121,0.6531,0.5716,0.9733,0.2336,0.4042
05123,0.9835,0.9293,0.9306,0.9262,0.9866
05125,0.2947,0.1238,0.7454,0.4914,0.337
05127,0.8533,0.7002,0.9876,0.4777,0.6849
05129,0.3262,0.5092,0.3132,0.2966,0.2222
05131,0.8511,0.7432,0.9612,0.6938,0.656
05133,0.782,0.8078,0.781,0.8195,0.4472
05135,0.5831,0.6916,0.7486,0.2508,0.3475
05137,0.6951,0.8409,0.7336,0.212,0.4605
05139,0.7011,0.5379,0.8908,0.7877,0.5019
05141,0.7588,0.8447,0.6439,0.2148,0.7565
05143,0.7852,0.7282,0.5306,0.69,0.8791
05145,0.81,0.7053,0.795,0.3845,0.9176
05147,0.7444,0.6493,0.8138,0.6862,0.6305
05149,0.7346,0.5366,0.8902,0.6251,0.7088
06001,0.515,0.3001,0.1184,0.9621,0.9109
06003,0.5041,0.253,0.6337,0.8686,0.6082
06005,0.5942,0.3749,0.4309,0.5977,0.9115
06007,0.8294,0.7492,0.5544,0.6655,0.9504
06009,0.324,0.4914,0.5516,0.5439,0.0672
06011,0.7642,0.7352,0.9125,0.9459,0.2915
06013,0.4736,0.3237,0.4605,0.9115,0.4917
06015,0.9462,0.8144,0.7788,0.7801,0.9968
06017,0.2266,0.2046,0.2155,0.5907,0.2743
06019,0.9609,0.9596,0.8848,0.9679,0.8561
06021,0.8854,0.8625,0.944,0.8717,0.5834
06023,0.8278,0.8269,0.5201,0.6416,0.9067
06025,0.9946,0.971,0.9376,0.994,0.9873
06027,0.5293,0.2778,0.5248,0.7801,0.7747
06029,0.9694,0.9621,0.8221,0.9526,0.9332
06031,0.9459,0.922,0.8339,0.9583,0.8921
06033,0.895,0.8765,0.9278,0.6929,0.7514
06035,0.6353,0.613,0.2651,0.7377,0.7708
06037,0.8584,0.874,0.3215,0.9736,0.9074
06039,0.9348,0.9554,0.832,0.9507,0.7454
06041,0.3316,0.1305,0.3587,0.6747,0.661
06043,0.83,0.6948,0.9134,0.5656,0.8246
06045,0.9561,0.8813,0.9723,0.7495,0.9055
06047,0.9698,0.9644,0.9029,0.972,0.8628
06049,0.7715,0.7505,0.824,0.5923,0.5945
06051,0.4223,0.4749,0.0363,0.7377,0.6827
06053,0.845,0.8164,0.5423,0.9653,0.8348
06055,0.6209,0.4141,0.3765,0.8654,0.8603
06057,0.2164,0.2524,0.3106,0.4605,0.1782
06059,0.5621,0.5391,0.2218,0.9239,0.6085
06061,0.1782,0.1346,0.2934,0.6617,0.1814
06063,0.3972,0.289,0.4539,0.5137,0.5204
06065,0.8297,0.8304,0.6633,0.9468,0.6747
06067,0.7673,0.648,0.6795,0.9064,0.7199
06069,0.5738,0.6865,0.5875,0.9507,0.1636
06071,0.9058,0.8842,0.7845,0.9701,0.8125
06073,0.6989,0.6314,0.2352,0.8978,0.8581
06075,0.4322,0.2457,0.0258,0.9239,0.9484
06077,0.8864,0.8278,0.8202,0.9615,0.7887
06079,0.4465,0.3523,0.1461,0.7024,0.7336
06081,0.2638,0.1267,0.0856,0.9325,0.6053
06083,0.8364,0.8106,0.331,0.9058,0.936
06085,0.3714,0.1715,0.1114,0.9621,0.7763
06087,0.6139,0.5181,0.14,0.8195,0.9125
06089,0.7451,0.5933,0.7941,0.564,0.7989
06091,0.281,0.5325,0.3501,0.3682,0.0792
06093,0.7492,0.7381,0.7132,0.6155,0.6308
06095,0.6311,0.4459,0.5551,0.9392,0.6922
06097,0.5076,0.3832,0.3421,0.767,0.6642
06099,0.8498,0.8402,0.8425,0.9211,0.5687
06101,0.8619,0.8323,0.8686,0.8962,0.6292
06103,0.9287,0.8546,0.9777,0.7126,0.7823
06105,0.8612,0.837,0.8609,0.5439,0.8071
06107,0.9344,0.9733,0.8622,0.9694,0.6047
06109,0.5961,0.5363,0.4325,0.5541,0.7327
06111,0.6073,0.57,0.3495,0.8978,0.5882
06113,0.7307,0.6085,0.1725,0.8934,0.9634
06115,0.9147,0.8396,0.8861,0.853,0.8845
08001,0.6894,0.6168,0.6738,0.881,0.529
08003,0.9806,0.9198,0.8342,0.888,0.9975
08005,0.4131,0.3386,0.3924,0.7992,0.3676
08007,0.2836,0.4624,0.077,0.6073,0.2467
08009,0.5522,0.4386,0.8355,0.4758,0.4475
08011,0.8119,0.7416,0.7597,0.8224,0.7244
08013,0.212,0.2129,0.0248,0.5907,0.5554
08014,0.0691,0.0827,0.0792,0.6044,0.0987
08015,0.6203,0.3577,0.7346,0.4535,0.8724
08017,0.0608,0.0573,0.3109,0.493,0.0382
08019,0.1381,0.2928,0.0742,0.3736,0.1381
08021,0.8915,0.8628,0.9357,0.8988,0.6346
08023,0.9163,0.9459,0.9908,0.9497,0.2712
08025,0.824,0.8199,0.6789,0.8552,0.6919
08027,0.0557,0.1795,0.078,0.4411,0.022
08029,0.7327,0.8227,0.6843,0.5382,0.4962
08031,0.5821,0.5535,0.0834,0.8511,0.8533
08033,0.0627,0.029,0.6213,0.5589,0.0127
08035,0.0248,0.0118,0.1133,0.5274,0.0538
08037,0.3561,0.4574,0.0939,0.7222,0.3794
08039,0.001,0.0267,0.0108,0.4055,0.0019
08041,0.4895,0.4134,0.3835,0.7015,0.5668
08043,0.6197,0.5296,0.4383,0.5656,0.8039
08045,0.5716,0.5153,0.4313,0.7091,0.6143
08047,0.0146,0.0812,0.0016,0.4367,0.1464
08049,0.1881,0.3472,0.0051,0.4341,0.5191
08051,0.1868,0.3307,0.0032,0.4211,0.6496
08053,0.2603,0.5576,0.7155,0.4233,0.0041
08055,0.4188,0.2938,0.6951,0.7747,0.2588
08057,0.2257,0.5595,0.1967,0.3934,0.0395
08059,0.1076,0.1372,0.043,0.5815,0.2107
08061,0.1292,0.2158,0.2925,0.1445,0.1139
08063,0.6658,0.4898,0.8806,0.5815,0.6069
08065,0.4481,0.5605,0.0824,0.7171,0.4984
08067,0.2527,0.3078,0.0143,0.5802,0.6572
08069,0.1833,0.2877,0.0242,0.5172,0.3313
08071,0.8326,0.7909,0.8393,0.859,0.6337
08073,0.5029,0.3511,0.2737,0.69,0.8055
08075,0.6595,0.5843,0.1929,0.6104,0.9437
08077,0.6833,0.6941,0.5859,0.5363,0.6521
08079,0.0754,0.5519,0.0035,0.5115,0.0143
08081,0.8087,0.7642,0.8784,0.5541,0.6846
08083,0.5299,0.5824,0.6451,0.656,0.2543
08085,0.5363,0.6283,0.612,0.6114,0.2584
08087,0.8418,0.7384,0.8215,0.8119,0.7992
08089,0.8886,0.7912,0.9615,0.8625,0.6843
08091,0.0274,0.3332,0.0188,0.1945,0.0048
08093,0.0169,0.3068,0.0086,0.3845,0.0029
08095,0.4332,0.5267,0.3972,0.6964,0.2171
08097,0.1458,0.1435,0.0933,0.4682,0.3138
08099,0.9612,0.8504,0.9634,0.8071,0.9605
08101,0.8587,0.7161,0.8673,0.8673,0.8243
08103,0.4812,0.5236,0.2864,0.4841,0.578
08105,0.9408,0.866,0.9701,0.8663,0.8081
08107,0.1066,0.2161,0.0105,0.3794,0.3234
08109,0.8052,0.936,0.8794,0.8036,0.2097
08111,0.4204,0.5878,0.169,0.6232,0.2976
08113,0.1595,0.2919,0.0229,0.4443,0.3014
08115,0.8125,0.7619,0.979,0.5691,0.4319
08117,0.1996,0.3631,0.0095,0.5363,0.4173
08119,0.1038,0.2715,0.0353,0.4271,0.1073
08121,0.2422,0.1082,0.3453,0.4233,0.5309
08123,0.6111,0.5633,0.5576,0.7342,0.5471
08125,0.4917,0.4682,0.712,0.6327,0.2759
09001,0.6184,0.5286,0.416,0.7826,0.7081
09003,0.5955,0.4102,0.5092,0.7934,0.7457
09005,0.1512,0.2403,0.15310000000000001,0.3908,0.1591
09007,0.1843,0.1458,0.175,0.4981,0.316
09009,0.6512,0.4879,0.4698,0.7718,0.8278
09011,0.3959,0.275,0.3912,0.6251,0.528
09013,0.1073,0.156,0.0099,0.4854,0.4249
09015,0.4799,0.4873,0.5038,0.5181,0.4227
10001,0.8444,0.6728,0.8829,0.7877,0.8434
10003,0.4733,0.3517,0.3546,0.8256,0.571
10005,0.4898,0.4341,0.5977,0.627,0.4099
11001,0.6502,0.4488,0.1276,0.9405,0.9726
12001,0.6334,0.6372,0.0423,0.789,0.9402
12003,0.437,0.4962,0.1502,0.5656,0.5506
12005,0.733,0.62,0.7171,0.6127,0.7626
12007,0.8982,0.9211,0.4459,0.6464,0.9793
12009,0.4707,0.5095,0.4838,0.6375,0.3106
12011,0.7826,0.7934,0.5086,0.944,0.6614
12013,0.7362,0.7969,0.2247,0.5891,0.8806
12015,0.6168,0.6022,0.6706,0.4901,0.5446
12017,0.5388,0.7167,0.5605,0.3908,0.2788
12019,0.3908,0.387,0.5681,0.6572,0.2059
12021,0.647,0.6356,0.4586,0.7651,0.5926
12023,0.8947,0.8682,0.6926,0.6595,0.9516
12027,0.994,0.9949,0.9395,0.8469,0.9456
12029,0.767,0.6181,0.4596,0.4822,0.9815
12031,0.7973,0.7231,0.6082,0.8654,0.8017
12033,0.7502,0.7244,0.4561,0.7514,0.7976
12035,0.3491,0.5341,0.5611,0.6327,0.0516
12037,0.9071,0.9717,0.5156,0.606,0.9227
12039,0.9726,0.8415,0.9516,0.9554,0.9809
12041,0.8157,0.5611,0.9586,0.43,0.9007
12043,0.8921,0.944,0.6623,0.795,0.8049
12045,0.6719,0.4685,0.8199,0.5786,0.7355
12047,0.9799,0.9758,0.7482,0.8501,0.9917
12049,0.9618,0.9462,0.8294,0.8902,0.9526
12051,0.9959,0.9959,0.8647,0.9593,0.9799
12053,0.6645,0.7941,0.7113,0.5996,0.2896
12055,0.8466,0.8501,0.8453,0.7247,0.6407
12057,0.7906,0.739,0.5595,0.8842,0.774
12059,0.8625,0.9122,0.8711,0.4243,0.705
12061,0.521,0.6257,0.493,0.6232,0.2884
12063,0.8991,0.837,0.8027,0.732,0.9309
12065,0.6687,0.6655,0.4255,0.7973,0.6359
12067,0.796,0.9007,0.1798,0.726,0.8641
12069,0.6779,0.6642,0.7231,0.6951,0.4685
12071,0.7209,0.6798,0.6378,0.7231,0.6416
12073,0.6588,0.6547,0.0777,0.8313,0.9157
12075,0.774,0.9061,0.7279,0.5656,0.4052
12077,0.7062,0.8654,0.1906,0.6216,0.6865
12079,0.915,0.9042,0.4227,0.8552,0.986
12081,0.6983,0.705,0.5808,0.6712,0.6018
12083,0.8542,0.8176,0.8472,0.6849,0.7473
12085,0.4898,0.4262,0.4443,0.577,0.5713
12086,0.9007,0.929,0.4698,0.9892,0.9042
12087,0.6986,0.5201,0.2511,0.7314,0.9771
12089,0.2976,0.3183,0.3778,0.4243,0.2807
12091,0.5385,0.4644,0.5207,0.648,0.5637
12093,0.9093,0.8593,0.8619,0.7651,0.8937
12095,0.8011,0.8062,0.4475,0.9271,0.7632
12097,0.873,0.8657,0.873,0.9612,0.5563
12099,0.7884,0.7756,0.6251,0.8536,0.669
12101,0.747,0.6986,0.8164,0.6432,0.5799
12103,0.7247,0.591,0.6053,0.6407,0.8444
12105,0.9188,0.8488,0.8978,0.816,0.8889
12107,0.9666,0.9771,0.9293,0.6674,0.8848
12109,0.163,0.2339,0.1875,0.5181,0.1286
12111,0.7868,0.8109,0.8157,0.8256,0.4265
12113,0.464,0.4761,0.4001,0.5226,0.4494
12115,0.4122,0.3651,0.4297,0.5083,0.4424
12117,0.3358,0.3743,0.2409,0.8011,0.2444
12119,0.2759,0.1961,0.4268,0.4586,0.3717
12121,0.8794,0.6486,0.9004,0.6184,0.9707
12123,0.8539,0.7136,0.6149,0.663,0.9825
12125,0.6448,0.5207,0.1419,0.6916,0.9672
12127,0.6579,0.6267,0.6785,0.6712,0.5239
12129,0.2282,0.2024,0.0586,0.5598,0.5277
12131,0.7142,0.5955,0.6776,0.4799,0.8294
12133,0.8616,0.9529,0.7435,0.5923,0.6394
13001,0.8892,0.8192,0.9067,0.6964,0.8402
13003,0.9052,0.9427,0.9504,0.8329,0.5127
13005,0.9332,0.7794,0.9749,0.6445,0.9319
13007,0.6996,0.9195,0.2549,0.8756,0.3437
13009,0.887,0.9271,0.4398,0.8641,0.9074
13011,0.5102,0.7673,0.5162,0.3908,0.1862
13013,0.5255,0.691,0.7852,0.6862,0.0751
13015,0.6343,0.7887,0.543,0.6127,0.3297
13017,0.9558,0.9761,0.825,0.8399,0.867
13019,0.7018,0.8934,0.6808,0.5242,0.2673
13021,0.9564,0.958,0.8775,0.9379,0.8475
13023,0.6321,0.6566,0.4246,0.7043,0.5773
13025,0.4761,0.9357,0.1871,0.2508,0.1295
13027,0.8994,0.9618,0.7731,0.8358,0.6537
13029,0.3555,0.4414,0.5936,0.6544,0.0987
13031,0.8253,0.9411,0.1108,0.7575,0.9246
13033,0.6846,0.7368,0.3033,0.8873,0.6155
13035,0.7237,0.8444,0.4675,0.7276,0.4825
13037,0.9545,0.9691,0.6674,0.9545,0.9278
13039,0.6025,0.6891,0.2673,0.6862,0.5831
13043,0.9914,0.9647,0.9866,0.7934,0.9507
13045,0.768,0.7985,0.7689,0.6891,0.4965
13047,0.2753,0.3297,0.3265,0.3046,0.2829
13049,0.9456,0.9806,0.6041,0.7782,0.9293
13051,0.8323,0.831,0.5812,0.8842,0.7836
13053,0.7428,0.6916,0.1938,0.8246,0.9341
13055,0.9122,0.9166,0.7196,0.5083,0.9653
13057,0.2228,0.2721,0.4892,0.5742,0.0722
13059,0.8211,0.9026,0.1314,0.8444,0.9223
13061,0.9411,0.9819,0.7839,0.9141,0.7161
13063,0.9539,0.9729,0.8167,0.9943,0.8024
13065,0.9427,0.9109,0.67,0.7358,0.9908
13067,0.4227,0.4182,0.4453,0.8717,0.2215
13069,0.9675,0.8902,0.9144,0.8141,0.9787
13071,0.9809,0.9809,0.9561,0.8399,0.8797
13073,0.1645,0.154,0.5933,0.7066,0.0347
13075,0.8908,0.9465,0.8036,0.7447,0.6871
13077,0.2963,0.296,0.591,0.6747,0.1238
13079,0.5395,0.7521,0.1572,0.6432,0.4214
13081,0.9933,0.9962,0.9704,0.8787,0.8743
13083,0.5675,0.64,0.1652,0.2202,0.88
13085,0.1887,0.3514,0.1642,0.2928,0.1353
13087,0.9602,0.9593,0.7288,0.8768,0.9593
13089,0.8164,0.8052,0.5687,0.9666,0.7155
13091,0.8173,0.7549,0.6082,0.747,0.8752
13093,0.9192,0.8647,0.633,0.9131,0.9666
13095,0.9723,0.9905,0.844,0.9758,0.795
13097,0.6929,0.76,0.6926,0.9297,0.2782
13099,0.9656,0.9943,0.7658,0.901,0.8084
13101,0.5175,0.6582,0.3994,0.8017,0.2209
13103,0.3351,0.4812,0.3851,0.5923,0.1327
13105,0.9691,0.9796,0.9398,0.7575,0.837
13107,0.9873,0.979,0.9663,0.8017,0.9306
13109,0.9644,0.9685,0.9287,0.8285,0.8364
13111,0.4866,0.8033,0.5137,0.1327,0.1894
13113,0.1397,0.1292,0.4545,0.789,0.0372
13115,0.9529,0.8857,0.9179,0.6785,0.9675
13117,0.07,0.0745,0.2479,0.6849,0.0315
13119,0.7473,0.7518,0.9348,0.4981,0.4067
13121,0.69,0.5761,0.2807,0.9268,0.8695
13123,0.6544,0.6165,0.9402,0.4395,0.345
13125,0.6639,0.4828,0.4739,0.4023,0.9586
13127,0.7549,0.7056,0.7323,0.7559,0.6181
13129,0.8721,0.8425,0.8803,0.5907,0.7871
13131,0.9246,0.8584,0.9831,0.8094,0.647
13133,0.5633,0.7874,0.4841,0.8119,0.141
13135,0.6015,0.6477,0.6846,0.9427,0.205
13137,0.6703,0.6244,0.5901,0.606,0.6744
13139,0.7896,0.7444,0.7043,0.7903,0.6941
13141,0.902,0.8985,0.5264,0.9774,0.9233
13143,0.422,0.6719,0.3727,0.3084,0.1926
13145,0.0675,0.1798,0.0484,0.6034,0.0376
13147,0.8116,0.8644,0.6158,0.627,0.7272
13149,0.8103,0.923,0.894,0.4605,0.3959
13151,0.4001,0.529,0.5863,0.9201,0.0493
13153,0.5369,0.4933,0.6076,0.8358,0.339
13155,0.8265,0.9631,0.5821,0.7222,0.4889
13157,0.387,0.3953,0.6012,0.5382,0.2158
13159,0.6063,0.8116,0.7123,0.6308,0.1378
13161,0.8724,0.8931,0.767,0.669,0.767
13163,0.9819,0.9574,0.9306,0.915,0.9574
13165,0.8495,0.9418,0.3313,0.8399,0.8109
13167,0.9468,0.9262,0.3708,0.7708,0.9987
13169,0.2712,0.2782,0.2123,0.6731,0.2785
13171,0.5837,0.8364,0.0461,0.7342,0.556
13173,0.6515,0.8845,0.0156,0.7043,0.8386
13175,0.8692,0.8762,0.8087,0.8224,0.6693
13177,0.2925,0.2638,0.5306,0.669,0.1728
13179,0.8606,0.7858,0.7588,0.9338,0.8027
13181,0.7323,0.7597,0.8109,0.7212,0.3966
13183,0.95,0.9812,0.9659,0.8208,0.5251
13185,0.8733,0.9004,0.3628,0.8584,0.9214
13187,0.4058,0.7699,0.0251,0.3084,0.4408
13189,0.8507,0.9395,0.6235,0.8577,0.5885
13191,0.5376,0.7346,0.1843,0.7708,0.3425
13193,0.979,0.9997,0.6722,0.9593,0.9217
13195,0.7059,0.8485,0.8412,0.5465,0.2266
13197,0.7909,0.7285,0.9217,0.8039,0.4682
13199,0.8943,0.9443,0.7218,0.8256,0.7559
13201,0.9112,0.9379,0.4905,0.7107,0.9694
13205,0.9917,0.9978,0.8832,0.8937,0.95
13207,0.4717,0.4984,0.2508,0.6512,0.5175
13209,0.8485,0.9048,0.5942,0.7342,0.7502
13211,0.246,0.2088,0.2772,0.6528,0.2658
13213,0.6922,0.8167,0.4386,0.5226,0.5812
13215,0.9497,0.9328,0.8698,0.9239,0.8756
13217,0.7206,0.8498,0.7826,0.8972,0.176
13219,0.0468,0.0369,0.557,0.4854,0.0067
13221,0.5948,0.6836,0.5586,0.6168,0.3705
13223,0.1661,0.3444,0.3425,0.6938,0.0083
13225,0.9418,0.9519,0.7368,0.895,0.9045
13227,0.4042,0.4679,0.3896,0.4395,0.3294
13229,0.4885,0.7817,0.5404,0.4777,0.1025
13231,0.0913,0.3781,0.0178,0.4112,0.0532
13233,0.8444,0.9134,0.9379,0.6582,0.387
13235,0.9749,0.9341,0.5582,0.8151,0.9997
13237,0.7467,0.7177,0.6123,0.7301,0.691
13239,0.8383,0.9402,0.5471,0.915,0.5722
13241,0.6222,0.8616,0.5882,0.3794,0.2616
13243,0.9987,0.9936,0.922,0.9567,0.9943
13245,0.9631,0.9736,0.7607,0.9484,0.9128
13247,0.7705,0.8507,0.7403,0.9637,0.2995
13249,0.619,0.8867,0.5493,0.7358,0.1206
13251,0.8192,0.7954,0.529,0.8485,0.838
13253,0.93,0.9313,0.8285,0.7782,0.8708
13255,0.7731,0.8759,0.6801,0.8141,0.3851
13257,0.7537,0.8686,0.6299,0.521,0.5391
13259,0.9637,0.9749,0.7511,0.9799,0.9093
13261,0.936,0.95,0.7505,0.9284,0.8625
13263,0.8962,0.9274,0.6687,0.9227,0.8062
13265,0.8017,0.9204,0.6782,0.9411,0.332
13267,0.9036,0.8335,0.7196,0.8195,0.9545
13269,0.9319,0.9669,0.8444,0.8167,0.7183
13271,0.8711,0.6846,0.6642,0.8819,0.9739
13273,0.9831,0.994,0.6505,0.9433,0.9736
13275,0.8861,0.895,0.9593,0.816,0.487
13277,0.8978,0.8587,0.753,0.8421,0.8985
13279,0.9688,0.978,0.95,0.7973,0.81
13281,0.2849,0.5232,0.0789,0.1655,0.3768
13283,0.9717,0.9984,0.8959,0.6951,0.7737
13285,0.9383,0.8908,0.8526,0.8329,0.9198
13287,0.9548,0.9815,0.9599,0.8568,0.5961
13289,0.5579,0.6133,0.282,0.8444,0.4561
13291,0.6031,0.6388,0.4045,0.1655,0.8129
13293,0.7078,0.8339,0.3813,0.7151,0.5379
13295,0.6948,0.8892,0.6229,0.3046,0.4074
13297,0.4173,0.627,0.5538,0.6375,0.0656
13299,0.8838,0.916,0.5477,0.7632,0.8927
13301,0.7734,0.6747,0.5707,0.9376,0.7715
13303,0.9141,0.8791,0.6824,0.9144,0.9325
13305,0.8561,0.8234,0.6031,0.6674,0.9246
13307,0.8752,0.9831,0.9873,0.8587,0.0697
13309,0.5869,0.9265,0.0025,0.8329,0.7508
13311,0.2893,0.4013,0.3122,0.2336,0.2769
13313,0.916,0.9163,0.8094,0.8094,0.8482
13315,0.7664,0.8437,0.429,0.8039,0.633
13317,0.7489,0.8479,0.6384,0.8698,0.3692
13319,0.7801,0.8781,0.521,0.8224,0.5293
13321,0.7559,0.8921,0.8071,0.7151,0.2403
15001,0.6229,0.4386,0.6798,0.9644,0.5627
15003,0.5382,0.1976,0.2257,0.9844,0.9637
15005,6e-4,0,0.0019,0.9901,0.0051
15007,0.3622,0.2018,0.2613,0.9663,0.4994
15009,0.4796,0.2868,0.3711,0.965,0.6235
16001,0.1674,0.1891,0.1693,0.4758,0.2101
16003,0.2145,0.5646,0.119,0.2613,0.0694
16005,0.6015,0.4707,0.5541,0.5006,0.7909
16007,0.175,0.2021,0.3883,0.2148,0.1696
16009,0.6123,0.6763,0.8097,0.4656,0.2973
16011,0.5095,0.4949,0.8148,0.6375,0.2069
16013,0.5134,0.4449,0.7107,0.6337,0.3698
16015,0.0987,0.197,0.1241,0.3218,0.0891
16017,0.3431,0.4519,0.2059,0.2276,0.4529
16019,0.4348,0.3208,0.6162,0.5083,0.4418
16021,0.3256,0.4755,0.3275,0.3355,0.2292
16023,0.3024,0.549,0.2091,0.0589,0.2731
16025,0.3186,0.7457,0.5662,0.1127,0.0185
16027,0.6429,0.7231,0.6445,0.6827,0.3383
16029,0.1906,0.2498,0.105,0.2778,0.3285
16031,0.5827,0.4987,0.7237,0.7008,0.4278
16033,0.6327,0.8539,0.2985,0.8399,0.2855
16035,0.6496,0.7222,0.3701,0.3218,0.7731
16037,0.3978,0.5436,0.2664,0.451,0.3008
16039,0.7934,0.8689,0.8367,0.656,0.409
16041,0.1225,0.2056,0.1547,0.3119,0.1279
16043,0.6375,0.6954,0.6871,0.451,0.4453
16045,0.7403,0.5649,0.9736,0.4023,0.5837
16047,0.8456,0.8288,0.9373,0.7126,0.5535
16049,0.5538,0.5484,0.7763,0.2966,0.4328
16051,0.1082,0.1563,0.2078,0.4179,0.0917
16053,0.67,0.8806,0.7355,0.7855,0.1155
16055,0.2562,0.3848,0.191,0.3488,0.2473
16057,0.2989,0.508,0.001,0.3908,0.8905
16059,0.5089,0.522,0.5064,0.1852,0.6569
16061,0.6397,0.7272,0.8654,0.521,0.2228
16063,0.7034,0.795,0.8068,0.7292,0.2537
16065,0.3797,0.7015,0.0146,0.3736,0.5223
16067,0.6868,0.7931,0.7381,0.7728,0.2498
16069,0.542,0.4173,0.4854,0.4179,0.7922
16071,0.205,0.2686,0.9106,0.2148,0.0105
16073,0.7597,0.6451,0.9838,0.6986,0.3017
16075,0.6092,0.5264,0.8997,0.5891,0.353
16077,0.6152,0.6381,0.8864,0.7782,0.163
16079,0.7543,0.8982,0.7371,0.2855,0.4971
16081,0.1308,0.3055,0.1299,0.5341,0.0423
16083,0.5379,0.5936,0.697,0.5815,0.2559
16085,0.1143,0.3526,0.0296,0.1515,0.148
16087,0.9125,0.915,0.9943,0.564,0.5035
17001,0.2829,0.1696,0.4195,0.2778,0.5652
17003,0.923,0.8896,0.9115,0.7642,0.8323
17005,0.4335,0.2218,0.0955,0.3908,0.9831
17007,0.4153,0.5185,0.6945,0.6502,0.085
17009,0.4554,0.2718,0.1302,0.6353,0.9144
17011,0.2721,0.2518,0.6671,0.4023,0.1588
17013,0.0309,0.042,0.1731,0.0344,0.0936
17015,0.147,0.2543,0.106,0.2094,0.2237
17017,0.5532,0.4911,0.8132,0.6232,0.3151
17019,0.5605,0.3854,0.0522,0.7212,0.9905
17021,0.1808,0.2374,0.1474,0.0907,0.3587
17023,0.071,0.0652,0.5449,0.0223,0.0735
17025,0.3997,0.3616,0.711,0.0426,0.4338
17027,0.1321,0.0799,0.0929,0.2855,0.507
17029,0.5407,0.6757,0.0633,0.3001,0.8768
17031,0.8004,0.754,0.395,0.916,0.8762
17033,0.4157,0.3313,0.2954,0.2928,0.7486
17035,0.0175,0.0624,0.0796,0.0239,0.0605
17037,0.4952,0.5045,0.1836,0.6085,0.6754
17039,0.0439,0.1601,0.0547,0.126,0.0544
17041,0.5353,0.598,0.3829,0.3218,0.6108
17043,0.2199,0.1668,0.1852,0.7237,0.2989
17045,0.2521,0.2031,0.5461,0.0169,0.4061
17047,0.2349,0.2696,0.7078,0.0239,0.1544
17049,0.2129,0.057,0.5003,0.0589,0.6626
17051,0.4726,0.4421,0.6566,0.2409,0.5048
17053,0.2428,0.2342,0.4513,0.2094,0.2877
17055,0.5471,0.6871,0.605,0.0589,0.478
17057,0.233,0.4067,0.1155,0.2658,0.2482
17059,0.4828,0.542,0.9013,0.0643,0.2428
17061,0.0544,0.1299,0.2317,0.0302,0.0522
17063,0.0799,0.0856,0.2747,0.4395,0.0652
17065,0.3119,0.3358,0.6579,0.0506,0.2817
17067,0.0891,0.1362,0.2944,0.0547,0.1139
17069,0.3049,0.3491,0.4017,0.0385,0.4262
17071,0.0271,0.1391,0.0901,0.0643,0.0271
17073,0.1168,0.0898,0.4335,0.3189,0.1299
17075,0.3813,0.5089,0.661,0.3355,0.1346
17077,0.789,0.7791,0.2931,0.6353,0.9513
17079,0.2158,0.1941,0.606,0.0086,0.2645
17081,0.7174,0.5032,0.7502,0.4605,0.9029
17083,0.0341,0.0917,0.0528,0.0643,0.1069
17085,0.0894,0.1031,0.3348,0.1181,0.1197
17087,0.2912,0.2295,0.3049,0.4443,0.4647
17089,0.494,0.5099,0.4971,0.8224,0.289
17091,0.697,0.5458,0.64,0.663,0.803
17093,0.1222,0.1108,0.5038,0.7027,0.0293
17095,0.6423,0.5544,0.4564,0.5115,0.8304
17097,0.4663,0.316,0.4188,0.7855,0.5742
17099,0.3826,0.3304,0.4978,0.4574,0.395
17101,0.4806,0.4087,0.3291,0.4656,0.7136
17103,0.3189,0.1871,0.2683,0.4341,0.6967
17105,0.3806,0.3119,0.4029,0.3552,0.55
17107,0.1814,0.2145,0.0347,0.43,0.4539
17109,0.4612,0.6066,0.0264,0.3934,0.8173
17111,0.1152,0.1547,0.2858,0.5439,0.0602
17113,0.2005,0.1069,0.0684,0.5621,0.6365
17115,0.5258,0.4211,0.4729,0.6146,0.6493
17117,0.1388,0.2763,0.2212,0.0547,0.1372
17119,0.2581,0.2801,0.3059,0.4682,0.2699
17121,0.5547,0.5748,0.6308,0.3046,0.5274
17123,0.0681,0.1155,0.1566,0.1445,0.1123
17125,0.1493,0.3908,0.3027,0.0286,0.0576
17127,0.5856,0.5796,0.345,0.3934,0.7801
17129,0.0165,0.0366,0.1827,0.0703,0.0299
17131,0.0598,0.1066,0.1986,0.0907,0.0834
17133,0.0016,0.0038,0.0474,0.0302,0.0076
17135,0.2505,0.2903,0.0878,0.2148,0.577
17137,0.5245,0.4087,0.5382,0.3845,0.7317
17139,0.3558,0.3294,0.261,0.0239,0.7556
17141,0.3485,0.2782,0.5602,0.4341,0.3622
17143,0.6785,0.557,0.6143,0.6929,0.7435
17145,0.6031,0.4596,0.5328,0.4367,0.8507
17147,0.0035,0.0216,0.0812,0.0458,0.0086
17149,0.3784,0.4122,0.7473,0.0643,0.2661
17151,0.5086,0.4328,0.7588,0.3421,0.4787
17153,0.5271,0.4443,0.6833,0.753,0.3736
17155,0.0162,0.0111,0.2909,0.2613,0.015
17157,0.4163,0.3246,0.3272,0.4656,0.6378
17159,0.3065,0.1369,0.8431,0.1066,0.4443
17161,0.6891,0.4564,0.845,0.6655,0.7342
17163,0.5544,0.4799,0.5598,0.7826,0.4736
17165,0.7412,0.6665,0.8297,0.2702,0.7899
17167,0.4303,0.2559,0.5115,0.5519,0.6238
17169,0.4109,0.4039,0.5363,0.2148,0.4564
17171,0.0178,0.0379,0.2998,0.0239,0.0204
17173,0.064,0.0627,0.12,0.0105,0.2508
17175,0.0194,0.1404,0.0614,0.1181,0.014
17177,0.5516,0.4659,0.7479,0.521,0.4694
17179,0.0948,0.0834,0.1607,0.1655,0.267
17181,0.5172,0.4246,0.4879,0.2928,0.7721
17183,0.6582,0.4927,0.7654,0.5786,0.7091
17185,0.4096,0.2336,0.8727,0.1445,0.4764
17187,0.5328,0.3927,0.5792,0.5006,0.6881
17189,0.0509,0.0955,0.1719,0.0426,0.0901
17191,0.4386,0.3819,0.6321,0.0344,0.6012
17193,0.4383,0.4029,0.7174,0.0344,0.4873
17195,0.2549,0.141,0.7371,0.4777,0.2088
17197,0.2412,0.2011,0.4061,0.7623,0.1496
17199,0.43,0.3421,0.6897,0.3421,0.4147
17201,0.7629,0.6964,0.8593,0.7043,0.5484
17203,0.0226,0.0328,0.133,0.0703,0.0808
18001,0.598,0.6712,0.3307,0.1903,0.7982
18003,0.5054,0.4153,0.747,0.6445,0.3399
18005,0.3778,0.2594,0.5917,0.5395,0.4001
18007,0.416,0.408,0.9058,0.2381,0.1626
18009,0.4411,0.5751,0.5649,0.0703,0.3275
18011,0.0417,0.0255,0.2514,0.3253,0.0624
18013,0.1757,0.2842,0.2441,0.0703,0.2021
18015,0.0933,0.2027,0.2435,0.1779,0.0551
18017,0.5567,0.4704,0.8351,0.564,0.3733
18019,0.2696,0.2798,0.2896,0.5115,0.2852
18021,0.2855,0.1595,0.8514,0.0589,0.3335
18023,0.5159,0.4468,0.7059,0.521,0.4297
18025,0.267,0.4637,0.2196,0.0506,0.2772
18027,0.7419,0.663,0.6066,0.3396,0.9182
18029,0.0617,0.1302,0.1881,0.0344,0.0818
18031,0.0481,0.134,0.0312,0.1127,0.1451
18033,0.1034,0.1359,0.2263,0.0863,0.1805
18035,0.633,0.7088,0.2699,0.4211,0.7833
18037,0.1235,0.0687,0.3237,0.3218,0.2381
18039,0.7938,0.656,0.8081,0.6308,0.8227
18041,0.6547,0.6884,0.9032,0.1445,0.4551
18043,0.1483,0.1248,0.2947,0.3934,0.2164
18045,0.2667,0.4647,0.6976,0.0812,0.0592
18047,0.1639,0.1162,0.5057,0.0201,0.3024
18049,0.3896,0.6178,0.4885,0.2658,0.1486
18051,0.239,0.07,0.4831,0.2094,0.6534
18053,0.725,0.7113,0.5617,0.4656,0.795
18055,0.3794,0.4701,0.485,0.0385,0.3991
18057,0.035,0.007,0.3103,0.5006,0.0344
18059,0.0334,0.064,0.2486,0.2508,0.0207
18061,0.1174,0.1849,0.1187,0.0863,0.2362
18063,0.0713,0.0506,0.1836,0.4949,0.1251
18065,0.2642,0.3227,0.267,0.1852,0.3778
18067,0.3775,0.3084,0.682,0.4682,0.2801
18069,0.1178,0.1572,0.2279,0.126,0.1836
18071,0.5038,0.344,0.7712,0.4023,0.5595
18073,0.2145,0.2355,0.6006,0.3218,0.1101
18075,0.4087,0.4109,0.5783,0.1066,0.4675
18077,0.4456,0.3565,0.3752,0.2276,0.7495
18079,0.2094,0.2689,0.4551,0.0977,0.1862
18081,0.1069,0.1168,0.2778,0.3736,0.1174
18083,0.6295,0.4176,0.7963,0.2613,0.859
18085,0.4857,0.33,0.691,0.3934,0.6139
18087,0.3899,0.4376,0.471,0.1515,0.4284
18089,0.7072,0.6241,0.7922,0.8561,0.4593
18091,0.5853,0.4771,0.4351,0.5697,0.7858
18093,0.2791,0.2849,0.5395,0.0863,0.3332
18095,0.6569,0.6104,0.8017,0.4736,0.5407
18097,0.8291,0.8253,0.7858,0.8501,0.6216
18099,0.5369,0.5433,0.5118,0.4055,0.5745
18101,0.1754,0.1566,0.2524,0.1445,0.3861
18103,0.4421,0.5407,0.3542,0.3682,0.3905
18105,0.4688,0.6353,0.0137,0.493,0.8593
18107,0.3218,0.2568,0.6397,0.2658,0.3517
18109,0.1133,0.2591,0.1085,0.0703,0.1499
18111,0.2775,0.4055,0.7387,0.3001,0.0506
18113,0.506,0.3542,0.5761,0.4125,0.7225
18115,0.0917,0.119,0.057,0.0735,0.3546
18117,0.4971,0.3985,0.9071,0.0977,0.4488
18119,0.3304,0.6875,0.1792,0.0426,0.2116
18121,0.6926,0.6222,0.3997,0.1181,0.9777
18123,0.2416,0.0999,0.0863,0.1569,0.9258
18125,0.0684,0.0964,0.1171,0.0344,0.198
18127,0.1655,0.147,0.1384,0.5115,0.3011
18129,0.0134,0.0633,0.0388,0.0643,0.0541
18131,0.3113,0.4367,0.4653,0.1569,0.2349
18133,0.1897,0.1432,0.0407,0.2702,0.7107
18135,0.3791,0.3622,0.8447,0.2336,0.1878
18137,0.3507,0.2947,0.3956,0.0773,0.6563
18139,0.2584,0.4777,0.3234,0.0589,0.1789
18141,0.6143,0.479,0.5847,0.6582,0.7161
18143,0.634,0.7301,0.4284,0.1066,0.7864
18145,0.2317,0.2276,0.2097,0.2508,0.4243
18147,0.0471,0.1028,0.0687,0.126,0.1127
18149,0.2556,0.5503,0.246,0.1655,0.1206
18151,0.1617,0.2553,0.0668,0.1779,0.3514
18153,0.6098,0.4523,0.4968,0.2753,0.9373
18155,0.7002,0.8428,0.7148,0.0773,0.5738
18157,0.499,0.4917,0.0735,0.6197,0.8469
18159,0.0442,0.1451,0.2292,0.1127,0.0111
18161,0.1696,0.2288,0.3517,0.0907,0.1811
18163,0.5847,0.5815,0.479,0.4981,0.6219
18165,0.3851,0.338,0.8173,0.0239,0.3402
18167,0.7145,0.7027,0.3364,0.451,0.9096
18169,0.2861,0.3008,0.4414,0.1445,0.3552
18171,0.0099,0.0353,0.1509,0.0643,0.0137
18173,0.0369,0.0172,0.2562,0.2829,0.0691
18175,0.2654,0.4691,0.3568,0.0201,0.1913
18177,0.6763,0.6544,0.8259,0.3889,0.5541
18179,0.084,0.0837,0.31,0.1655,0.127
18181,0.3036,0.309,0.789,0.3552,0.12
18183,0.0805,0.1719,0.2743,0.1066,0.0567
19001,0.0493,0.14,0.17,0.0735,0.0426
19003,0.0391,0.1174,0.0799,0.0344,0.0726
19005,0.2903,0.2435,0.478,0.3253,0.3628
19007,0.4955,0.73740000000000006,0.4064,0.0907,0.38
19009,0.0229,0.0748,0.1289,0.0385,0.0404
19011,0.0041,0.0083,0.1069,0.0589,0.0178
19013,0.529,0.3988,0.3822,0.5423,0.7893
19015,0.0446,0.0099,0.057,0.1359,0.3326
19017,0.0423,0.0054,0.2034,0.0977,0.2015
19019,0.0433,0.0446,0.1534,0.0458,0.1391
19021,0.6693,0.5665,0.4427,0.8135,0.7616
19023,0.0312,0.0684,0.2629,0.0286,0.0356
19025,0.0878,0.035,0.2193,0.1569,0.3183
19027,0.0777,0.0401,0.3208,0.1359,0.1957
19029,0.1785,0.2015,0.3526,0.0907,0.2374
19031,0.0048,0.0067,0.0802,0.0735,0.0331
19033,0.1884,0.078,0.3046,0.3253,0.4847
19035,0.1187,0.0611,0.1766,0.2381,0.4007
19037,0.0426,0.0528,0.3511,0.0735,0.0433
19039,0.7791,0.5477,0.8972,0.5226,0.8787
19041,0.2409,0.1674,0.6878,0.2046,0.2495
19043,0.2629,0.2151,0.4504,0.0458,0.4863
19045,0.3666,0.3546,0.5764,0.2928,0.3348
19047,0.8351,0.5592,0.9628,0.7358,0.8409
19049,0.0576,0.0095,0.1706,0.4758,0.1706
19051,0.3692,0.4096,0.3281,0.0201,0.5933
19053,0.4704,0.4997,0.1582,0.2562,0.8144
19055,0.0115,0.0458,0.0433,0.0458,0.0493
19057,0.4905,0.2772,0.9093,0.4125,0.4733
19059,0.0843,0.0665,0.2801,0.0773,0.197
19061,0.2225,0.1289,0.3167,0.3119,0.4895
19063,0.2896,0.1009,0.5799,0.4211,0.5646
19065,0.1989,0.2196,0.3431,0.2046,0.2374
19067,0.1722,0.1034,0.4997,0.3141,0.2317
19069,0.2533,0.3867,0.7069,0.4634,0.0226
19071,0.0159,0.0681,0.092,0.126,0.0229
19073,0.1805,0.0649,0.7489,0.1327,0.2591
19075,0.0025,0.0013,0.0764,0.0201,0.0181
19077,0.0614,0.0637,0.4402,0.0977,0.0633
19079,0.0595,0.0188,0.408,0.3552,0.0767
19081,0.0738,0.0321,0.4131,0.2381,0.1318
19083,0.1652,0.0707,0.3523,0.2702,0.4128
19085,0.0242,0.0341,0.0942,0.0506,0.1219
19087,0.2031,0.1378,0.578,0.3845,0.1938
19089,0.0551,0.0936,0.177,0.0302,0.1114
19091,0.0955,0.085,0.5983,0.2046,0.0598
19093,0.0592,0.0703,0.1225,0.1066,0.1776
19095,0.0306,0.0137,0.2043,0.1445,0.1022
19097,0.0662,0.1811,0.071,0.0812,0.112
19099,0.1945,0.0929,0.3947,0.1983,0.4545
19101,0.5169,0.5127,0.2992,0.5353,0.6607
19103,0.3511,0.3103,0.0226,0.5831,0.8682
19105,0.2056,0.1251,0.373,0.1983,0.4386
19107,0.0621,0.1658,0.4411,0.0385,0.0108
19109,0.1938,0.1025,0.6292,0.1359,0.2947
19111,0.275,0.2572,0.2915,0.3046,0.4398
19113,0.1935,0.0792,0.3176,0.4535,0.4255
19115,0.2823,0.2062,0.4122,0.5802,0.309
19117,0.2871,0.1922,0.7556,0.0223,0.3845
19119,0.0286,0.0274,0.2183,0.0812,0.0789
19121,0.0172,0.0261,0.1372,0.0907,0.0611
19123,0.1728,0.1384,0.2368,0.2148,0.3921
19125,0.1248,0.0159,0.3396,0.1327,0.5213
19127,0.662,0.3568,0.7849,0.6862,0.8428
19129,0.0745,0.049,0.2285,0.1515,0.2113
19131,0.0732,0.0783,0.3848,0.0201,0.1108
19133,0.0936,0.0888,0.2941,0.1327,0.1738
19135,0.2196,0.1862,0.1022,0.0977,0.697
19137,0.0605,0.0974,0.2594,0.1945,0.0617
19139,0.4354,0.177,0.7247,0.6044,0.5894
19141,0.2626,0.0576,0.4704,0.2409,0.7871
19143,0.1419,0.1012,0.8008,0.3736,0.0436
19145,0.253,0.205,0.2393,0.3001,0.5003
19147,0.0904,0.0092,0.5121,0.2409,0.2132
19149,0.0668,0.0127,0.5446,0.2829,0.0878
19151,0.0923,0.176,0.4599,0.2148,0.0216
19153,0.4574,0.24,0.5961,0.5939,0.6477
19155,0.4892,0.2969,0.732,0.4055,0.6489
19157,0.2339,0.2317,0.1015,0.2702,0.5681
19159,0.1871,0.1273,0.5802,0.0812,0.2756
19161,0.0847,0.0735,0.4688,0.1181,0.0907
19163,0.2982,0.183,0.4908,0.5598,0.3889
19165,0.0563,0.0821,0.1738,0.1359,0.1041
19167,0.1031,0.0207,0.2444,0.4147,0.3144
19169,0.282,0.4733,0.0041,0.4949,0.7202
19171,0.325,0.2234,0.69,0.5519,0.2492
19173,0.0968,0.0732,0.7027,0.3189,0.0302
19175,0.4233,0.359,0.6203,0.1655,0.5296
19177,0.381,0.4663,0.499,0.0426,0.3956
19179,0.8071,0.6852,0.8994,0.5274,0.7903
19181,0.0764,0.0162,0.19,0.1569,0.3714
19183,0.1489,0.1092,0.6499,0.3084,0.1053
19185,0.3892,0.3488,0.655,0.0907,0.4497
19187,0.4061,0.2731,0.316,0.43,0.7365
19189,0.1251,0.0461,0.6432,0.2829,0.154
19191,0.0411,0.0414,0.0487,0.0907,0.233
19193,0.6521,0.3873,0.8418,0.6582,0.7355
19195,0.0038,0.0169,0.0611,0.1359,0.0172
19197,0.401,0.148,0.9694,0.4341,0.2944
20001,0.3924,0.3428,0.5605,0.3253,0.4188
20003,0.2756,0.5137,0.7409,0.1445,0.0286
20005,0.3546,0.2495,0.2234,0.3794,0.739
20007,0.5181,0.415,0.8348,0.3141,0.4653
20009,0.6276,0.5812,0.8997,0.5363,0.3323
20011,0.5242,0.4946,0.5643,0.3355,0.5968
20013,0.2798,0.3746,0.4761,0.5108,0.1088
20015,0.2718,0.2132,0.2533,0.3762,0.5121
20017,0.1926,0.211,0.394,0.3189,0.1601
20019,0.7686,0.781,0.6073,0.451,0.8094
20021,0.4819,0.4195,0.7451,0.3908,0.4102
20023,0.218,0.2556,0.8234,0.2336,0.0471
20025,0.1649,0.0913,0.9061,0.3552,0.0461
20027,0.317,0.1607,0.8641,0.1738,0.3701
20029,0.2279,0.3138,0.5722,0.2202,0.1012
20031,0.2046,0.1961,0.4784,0.1983,0.219
20033,0.1012,0.0468,0.3316,0.2202,0.2432
20035,0.6194,0.3934,0.8577,0.5621,0.6582
20037,0.7683,0.7237,0.5124,0.43,0.929
20039,0.1607,0.2705,0.6069,0.0735,0.0554
20041,0.1836,0.2269,0.2492,0.3103,0.1967
20043,0.2263,0.3141,0.0204,0.3304,0.6006
20045,0.2565,0.4201,0.0073,0.5831,0.5936
20047,0.2374,0.2266,0.5127,0.6127,0.1235
20049,0.3616,0.6127,0.4526,0.3542,0.0996
20051,0.1862,0.26,0.0535,0.3488,0.3565
20053,0.1779,0.1063,0.0652,0.4459,0.6076
20055,0.8574,0.7467,0.7626,0.9214,0.8399
20057,0.7931,0.7174,0.5929,0.9252,0.7724
20059,0.2613,0.2759,0.2928,0.3001,0.3756
20061,0.711,0.4628,0.8039,0.837,0.7327
20063,0.1063,0.1817,0.3806,0.1569,0.0627
20065,0.4039,0.5875,0.8253,0.3736,0.0455
20067,0.4758,0.6295,0.3084,0.8768,0.1929
20069,0.2979,0.3033,0.4176,0.5242,0.2371
20071,0.5232,0.2298,0.9978,0.6015,0.1801
20073,0.2578,0.2062,0.7419,0.2658,0.1833
20075,0.3017,0.4252,0.4306,0.7995,0.0637
20077,0.5306,0.4338,0.9857,0.3253,0.1655
20079,0.5592,0.2708,0.8046,0.5181,0.7664
20081,0.3644,0.5019,0.2559,0.7222,0.1808
20083,0.0824,0.1824,0.2327,0.3889,0.0239
20085,0.3055,0.2492,0.7864,0.4914,0.1423
20087,0.0102,0.0525,0.0761,0.1852,0.0115
20089,0.105,0.268,0.163,0.1569,0.0649
20091,0.085,0.0541,0.2826,0.5589,0.0888
20093,0.3962,0.5204,0.515,0.726,0.1088
20095,0.0382,0.0551,0.1254,0.2046,0.0783
20097,0.3039,0.3367,0.3743,0.3657,0.295
20099,0.6292,0.5188,0.8154,0.4535,0.5993
20101,0.106,0.1636,0.4468,0.4211,0.0229
20103,0.2307,0.1957,0.2158,0.571,0.3109
20105,0.0789,0.1003,0.3412,0.1779,0.0757
20107,0.4102,0.6209,0.3762,0.1903,0.2629
20109,0.1856,0.1731,0.8119,0.3141,0.0468
20111,0.6766,0.5672,0.3205,0.6712,0.9102
20113,0.1349,0.1178,0.2645,0.2855,0.2336
20115,0.1184,0.175,0.1884,0.2276,0.155
20117,0.0945,0.1152,0.2311,0.126,0.162
20119,0.3409,0.3829,0.7546,0.6337,0.0659
20121,0.0535,0.091,0.154,0.2381,0.0754
20123,0.1375,0.0961,0.6343,0.0907,0.1639
20125,0.8154,0.7171,0.88,0.564,0.7769
20127,0.1776,0.1267,0.6712,0.2855,0.1362
20129,0.5933,0.5471,0.9917,0.6712,0.0608
20131,0.0624,0.0258,0.232,0.1066,0.226
20133,0.5732,0.3666,0.9052,0.3488,0.6034
20135,0.0722,0.0948,0.577,0.3889,0.0092
20137,0.1642,0.1665,0.1617,0.3682,0.2992
20139,0.1964,0.3256,0.4217,0.1983,0.0882
20141,0.0748,0.0878,0.4392,0.1515,0.0614
20143,0.0449,0.112,0.2543,0.1623,0.0169
20145,0.2683,0.2473,0.6117,0.4799,0.156
20147,0.2393,0.0694,0.6174,0.1903,0.5602
20149,0.0532,0.021,0.0643,0.3396,0.2693
20151,0.3877,0.2002,0.718,0.3819,0.5156
20153,0.2518,0.1375,0.6849,0.3469,0.2858
20155,0.5627,0.4698,0.5251,0.4885,0.7094
20157,0.0245,0.0286,0.0678,0.0977,0.1477
20159,0.2954,0.2161,0.5923,0.5083,0.2642
20161,0.5557,0.5353,0.0503,0.6085,0.9427
20163,0.1079,0.1171,0.5194,0.1569,0.0831
20165,0.0366,0.1187,0.0757,0.2562,0.0353
20167,0.3243,0.4548,0.3771,0.2508,0.2581
20169,0.5707,0.472,0.7559,0.5519,0.4924
20171,0.4462,0.3905,0.6645,0.5742,0.2985
20173,0.6856,0.5923,0.8307,0.711,0.4879
20175,0.9099,0.8024,0.8071,0.9659,0.9297
20177,0.5067,0.2963,0.5312,0.6464,0.7393
20179,0.1057,0.1022,0.8364,0.2276,0.0124
20181,0.2403,0.2887,0.2298,0.4901,0.232
20183,0.0602,0.1467,0.2269,0.1359,0.0391
20185,0.2817,0.2613,0.7581,0.493,0.1038
20187,0.5461,0.5251,0.7728,0.8039,0.2253
20189,0.8832,0.803,0.8555,0.7782,0.8491
20191,0.3829,0.3765,0.6493,0.3488,0.2689
20193,0.0742,0.0818,0.071,0.3488,0.2043
20195,0.0181,0.0691,0.0576,0.013,0.07
20197,0.063,0.0178,0.5013,0.2454,0.0875
20199,0.1913,0.043,0.9526,0.3304,0.1066
20201,0.0398,0.0236,0.4287,0.1738,0.0388
20203,0.4208,0.126,0.9768,0.7043,0.2346
20205,0.4685,0.3784,0.8125,0.2613,0.4195
20207,0.2187,0.4736,0.4586,0.2241,0.0334
20209,0.9504,0.9755,0.9023,0.923,0.6887
21001,0.5356,0.6808,0.1645,0.2241,0.7422
21003,0.6165,0.7151,0.7734,0.0863,0.4822
21005,0.2241,0.4303,0.6601,0.1903,0.0236
21007,0.388,0.3813,0.3845,0.2336,0.5321
21009,0.7712,0.8953,0.6168,0.3189,0.6556
21011,0.4141,0.4799,0.5831,0.0812,0.3915
21013,0.7992,0.9258,0.4828,0.1445,0.8727
21015,0.1496,0.0579,0.6197,0.4055,0.1795
21017,0.4144,0.5891,0.6525,0.4586,0.0913
21019,0.6859,0.5968,0.7301,0.2148,0.8383
21021,0.5321,0.577,0.5369,0.4586,0.4395
21023,0.2104,0.3896,0.0719,0.0458,0.3622
21025,0.6897,0.7253,0.3574,0.0239,0.9564
21027,0.5057,0.5522,0.7206,0.1515,0.4157
21029,0.1194,0.1916,0.2467,0.1515,0.1292
21031,0.684,0.6814,0.8291,0.1127,0.675
21033,0.6127,0.6614,0.8141,0.2966,0.4045
21035,0.4017,0.5271,0.0458,0.3396,0.7158
21037,0.2476,0.2031,0.1095,0.2454,0.668
21039,0.3148,0.5493,0.5204,0.1852,0.1028
21041,0.8243,0.9284,0.5646,0.3657,0.8059
21043,0.5888,0.7336,0.5458,0.0385,0.5898
21045,0.8663,0.9491,0.9147,0.1127,0.7218
21047,0.9258,0.9017,0.8842,0.7342,0.8686
21049,0.5325,0.5076,0.8106,0.3355,0.3896
21051,0.8405,0.8405,0.5627,0.2778,0.9758
21053,0.76,0.8291,0.7358,0.0907,0.7728
21055,0.5006,0.4586,0.8733,0.0426,0.4421
21057,0.5455,0.7272,0.3052,0.2336,0.5649
21059,0.612,0.3826,0.8055,0.3972,0.7925
21061,0.4876,0.6929,0.1849,0.0977,0.6229
21063,0.4835,0.5805,0.156,0.0703,0.83
21065,0.8361,0.8978,0.9281,0.0169,0.7463
21067,0.5719,0.5057,0.2231,0.6795,0.817
21069,0.6467,0.7498,0.7572,0.0547,0.5433
21071,0.7553,0.8794,0.423,0.013,0.8991
21073,0.6251,0.3526,0.8186,0.5274,0.7941
21075,0.9325,0.8861,0.9284,0.6747,0.8892
21077,0.5678,0.6623,0.3647,0.3396,0.619
21079,0.2034,0.494,0.4249,0.1569,0.0255
21081,0.2985,0.3612,0.423,0.1903,0.2957
21083,0.7253,0.6378,0.8701,0.4271,0.6442
21085,0.57,0.6754,0.6372,0.0547,0.5503
21087,0.7358,0.8084,0.9488,0.1359,0.4204
21089,0.211,0.2823,0.4647,0.0385,0.1919
21091,0.1798,0.2836,0.4173,0.0773,0.1276
21093,0.5162,0.3202,0.6789,0.6146,0.6165
21095,0.8488,0.8972,0.7416,0.0907,0.923
21097,0.4106,0.4427,0.1356,0.1655,0.7861
21099,0.7693,0.7683,0.7645,0.2702,0.7944
21101,0.6451,0.4418,0.8682,0.4411,0.6986
21103,0.522,0.7667,0.5719,0.2855,0.2164
21105,0.4265,0.5239,0.3561,0.4319,0.3393
21107,0.6439,0.5465,0.7276,0.3736,0.711
21109,0.5115,0.7607,0.3415,0.0048,0.4841
21111,0.6146,0.4112,0.6894,0.7199,0.7008
21113,0.2743,0.325,0.5296,0.3705,0.1607
21115,0.7282,0.8377,0.3606,0.0105,0.9239
21117,0.296,0.1989,0.4262,0.3762,0.4714
21119,0.7728,0.7435,0.5503,0.0169,0.9819
21121,0.7581,0.7782,0.648,0.0547,0.9112
21123,0.2899,0.2998,0.8272,0.2928,0.0971
21125,0.663,0.711,0.6375,0.0547,0.7708
21127,0.5337,0.8701,0.4332,0.0223,0.2737
21129,0.8014,0.8469,0.5019,0.0977,0.9656
21131,0.6349,0.7696,0.1292,0.013,0.9535
21133,0.7658,0.7973,0.8281,0.0086,0.8004
21135,0.5703,0.8218,0.5948,0.0057,0.3558
21137,0.6238,0.8081,0.7266,0.1515,0.3495
21139,0.126,0.3281,0.2957,0.0812,0.0439
21141,0.4507,0.5197,0.654,0.3616,0.2524
21143,0.1715,0.1318,0.2454,0.3332,0.3265
21145,0.5573,0.374,0.5522,0.5035,0.8068
21147,0.7482,0.7899,0.1856,0.3552,0.9742
21149,0.274,0.3189,0.3902,0.0458,0.3848
21151,0.4908,0.6079,0.148,0.3421,0.6833
21153,0.7813,0.853,0.7292,0.0051,0.8421
21155,0.7572,0.7215,0.8736,0.3845,0.6512
21157,0.2139,0.1598,0.4609,0.0302,0.415
21159,0.6235,0.6553,0.1999,0.2508,0.9265
21161,0.6158,0.4271,0.9045,0.3616,0.6404
21163,0.1849,0.2167,0.1238,0.3488,0.3033
21165,0.345,0.535,0.2638,0.0773,0.366
21167,0.2747,0.5426,0.2432,0.3001,0.1241
21169,0.4978,0.458,0.7658,0.0977,0.5401
21171,0.6671,0.6442,0.7989,0.1852,0.6805
21173,0.6617,0.6174,0.7285,0.212,0.7495
21175,0.6938,0.7187,0.1251,0.2562,0.9879
21177,0.2702,0.4694,0.2024,0.2454,0.2155
21179,0.0831,0.0751,0.3129,0.3119,0.0955
21181,0.4093,0.487,0.4137,0.0547,0.4997
21183,0.4523,0.4952,0.8215,0.1327,0.247
21185,0.0264,0.0076,0.1439,0.3819,0.0815
21187,0.3536,0.5312,0.4077,0.0977,0.2705
21189,0.7088,0.8768,0.43,0.2148,0.6735
21191,0.4551,0.471,0.4395,0.0977,0.6286
21193,0.6591,0.6935,0.7046,0.1127,0.6999
21195,0.7432,0.8721,0.4694,0.0156,0.8631
21197,0.7085,0.634,0.6489,0.0589,0.9367
21199,0.6636,0.7906,0.818,0.1655,0.4118
21201,0.486,0.7756,0.0461,0.0105,0.7629
21203,0.6782,0.7702,0.6537,0.0156,0.7295
21205,0.4784,0.5337,0.0216,0.126,0.9841
21207,0.6677,0.6645,0.9268,0.1738,0.4803
21209,0.2069,0.0487,0.6101,0.4147,0.3953
21211,0.3345,0.3039,0.3555,0.5579,0.3619
21213,0.3071,0.4609,0.2712,0.451,0.1976
21215,0.0255,0.0726,0.0589,0.1623,0.0726
21217,0.4077,0.4017,0.5242,0.3488,0.4029
21219,0.8316,0.8355,0.7693,0.4341,0.8326
21221,0.4414,0.528,0.5716,0.3794,0.2648
21223,0.6069,0.5859,0.6779,0.2454,0.6588
21225,0.2101,0.219,0.1544,0.5137,0.2919
21227,0.7266,0.5614,0.592,0.5802,0.9106
21229,0.4045,0.3647,0.5519,0.3845,0.4017
21231,0.7498,0.7403,0.8721,0.1983,0.6856
21233,0.698,0.5226,0.9392,0.3705,0.6709
21235,0.7425,0.7807,0.4418,0.0458,0.9551
21237,0.8097,0.9278,0.5105,0.0057,0.9255
21239,0.1585,0.1461,0.487,0.4271,0.1165
22001,0.888,0.8873,0.9173,0.5907,0.73740000000000006
22003,0.7244,0.5913,0.5777,0.6763,0.8466
22005,0.3253,0.2263,0.6483,0.7091,0.2104
22007,0.7527,0.6194,0.9363,0.7314,0.5067
22009,0.9284,0.8711,0.8549,0.7419,0.9357
22011,0.5201,0.5602,0.5347,0.5423,0.3972
22013,0.943,0.8157,0.915,0.8536,0.9621
22015,0.6961,0.6515,0.6314,0.7231,0.6146
22017,0.9001,0.8902,0.6588,0.9032,0.8921
22019,0.7097,0.6302,0.6028,0.7171,0.7104
22021,0.7922,0.8409,0.4943,0.5621,0.8167
22023,0.2371,0.2546,0.3437,0.3141,0.2629
22025,0.8221,0.9144,0.2731,0.733,0.8612
22027,0.8355,0.8186,0.5331,0.9004,0.8288
22029,0.9682,0.9354,0.9539,0.8224,0.9153
22031,0.8144,0.7868,0.8418,0.8027,0.5805
22033,0.8027,0.718,0.6569,0.9032,0.7702
22035,0.9672,0.9338,0.6257,0.9726,0.9946
22037,0.7521,0.606,0.2276,0.8561,0.9745
22039,0.999,0.9857,0.9885,0.726,0.992
22041,0.8873,0.9539,0.7333,0.7358,0.7056
22043,0.5465,0.507,0.556,0.6085,0.513
22045,0.9507,0.8736,0.9383,0.8094,0.9284
22047,0.8425,0.7005,0.6219,0.887,0.9363
22049,0.7737,0.5643,0.9338,0.7193,0.6789
22051,0.7985,0.7743,0.7931,0.8644,0.5582
22053,0.817,0.8259,0.9567,0.577,0.4379
22055,0.7447,0.6149,0.5013,0.733,0.8899
22057,0.8033,0.7438,0.7632,0.5996,0.7957
22059,0.5697,0.4274,0.6098,0.507,0.7206
22061,0.839,0.7766,0.2833,0.8577,0.9806
22063,0.4437,0.3383,0.5996,0.4055,0.5045
22065,0.9978,0.9561,0.9497,0.9497,0.9994
22067,0.9077,0.844,0.6413,0.881,0.9669
22069,0.8641,0.9551,0.2381,0.8743,0.8746
22071,0.8329,0.9208,0.3355,0.9615,0.7279
22073,0.8593,0.8059,0.4424,0.8173,0.9612
22075,0.6528,0.3991,0.7747,0.7537,0.7476
22077,0.7858,0.802,0.9102,0.7903,0.337
22079,0.9023,0.7839,0.8504,0.7826,0.9433
22081,0.8272,0.7311,0.859,0.8272,0.7066
22083,0.8937,0.9449,0.5869,0.7877,0.8701
22085,0.8307,0.8434,0.8358,0.7171,0.6066
22087,0.8666,0.9548,0.8962,0.7728,0.3803
22089,0.3157,0.4045,0.5048,0.7435,0.0818
22091,0.9185,0.8148,0.9691,0.9048,0.7572
22093,0.5554,0.4796,0.4659,0.8835,0.4968
22095,0.7158,0.753,0.6509,0.9519,0.3695
22097,0.8374,0.8307,0.6665,0.8511,0.7524
22099,0.7301,0.7244,0.7826,0.747,0.451
22101,0.8638,0.775,0.916,0.832,0.7046
22103,0.451,0.4306,0.816,0.5751,0.169
22105,0.8905,0.845,0.9195,0.7632,0.7654
22107,0.7234,0.9093,0.1735,0.9144,0.493
22109,0.86,0.817,0.7807,0.7212,0.825
22111,0.6789,0.4968,0.7985,0.6951,0.6687
22113,0.7899,0.7081,0.8498,0.5732,0.7231
22115,0.754,0.7062,0.6216,0.6849,0.754
22117,0.9736,0.957,0.9796,0.732,0.8526
22119,0.9039,0.8281,0.7327,0.7728,0.9631
22121,0.5423,0.4688,0.1528,0.837,0.7915
22123,0.5898,0.6579,0.5697,0.5716,0.4071
22125,0.4389,0.4319,0.0404,0.8631,0.7059
22127,0.7136,0.6509,0.6232,0.7397,0.6633
23001,0.5614,0.4516,0.4663,0.3141,0.8523
23003,0.5757,0.5703,0.5888,0.1655,0.7034
23005,0.1789,0.1388,0.0481,0.3421,0.6222
23007,0.4118,0.4504,0.218,0.0703,0.7349
23009,0.2043,0.2537,0.1353,0.1181,0.4255
23011,0.3125,0.2874,0.1859,0.126,0.725
23013,0.1684,0.2377,0.1461,0.0863,0.3167
23015,0.204,0.3113,0.2362,0.1066,0.2393
23017,0.3173,0.5894,0.1104,0.1127,0.3386
23019,0.4249,0.4287,0.1149,0.1852,0.8539
23021,0.493,0.7113,0.4405,0.1359,0.3647
23023,0.0665,0.2412,0.1006,0.1359,0.0385
23025,0.4659,0.619,0.2973,0.0589,0.5735
23027,0.2693,0.4539,0.1219,0.0977,0.3832
23029,0.6957,0.7826,0.7349,0.3469,0.5057
23031,0.1719,0.1843,0.2015,0.1852,0.3221
24001,0.549,0.5668,0.3886,0.4179,0.6477
24003,0.1903,0.0971,0.1633,0.7151,0.3791
24005,0.5175,0.3081,0.4914,0.8297,0.6779
24009,0.0086,0.0344,0.0318,0.5831,0.0089
24011,0.676,0.6525,0.8533,0.6184,0.3978
24013,0.0328,0.0306,0.0452,0.3705,0.1426
24015,0.3208,0.2931,0.3135,0.4701,0.4287
24017,0.197,0.1057,0.3915,0.9338,0.1343
24019,0.7874,0.7193,0.9468,0.7651,0.4313
24021,0.1827,0.1076,0.3055,0.6512,0.2272
24023,0.2327,0.2813,0.3144,0.0344,0.3609
24025,0.1015,0.0773,0.1448,0.6174,0.1575
24027,0.1369,0.0232,0.437,0.8736,0.1547
24029,0.4567,0.3218,0.4198,0.5882,0.6232
24031,0.4631,0.2673,0.4351,0.9087,0.5726
24033,0.7969,0.6665,0.5099,0.9911,0.881
24035,0.0404,0.0894,0.0917,0.4459,0.0306
24037,0.303,0.1604,0.4733,0.64,0.4217
24039,0.8546,0.8714,0.3043,0.8673,0.9367
24041,0.2419,0.1684,0.6636,0.5866,0.1375
24043,0.5987,0.4408,0.627,0.577,0.7333
24045,0.8199,0.7473,0.6104,0.7699,0.8803
24047,0.4882,0.3927,0.394,0.5519,0.6671
24510,0.8682,0.8393,0.5633,0.9704,0.8635
25001,0.0961,0.1499,0.1728,0.3705,0.0923
25003,0.367,0.2801,0.4023,0.3889,0.5589
25005,0.5875,0.4494,0.669,0.5481,0.6668
25007,0.1136,0.2728,0.1525,0.4822,0.0341
25009,0.6085,0.3593,0.5767,0.6891,0.8555
25011,0.3689,0.3011,0.5236,0.3218,0.4567
25013,0.8234,0.6454,0.8651,0.7708,0.8281
25015,0.2575,0.2527,0.0356,0.4949,0.683
25017,0.2677,0.1136,0.0662,0.669,0.8224
25019,0.119,0.1999,0.0344,0.6528,0.1582
25021,0.2734,0.1229,0.1117,0.6384,0.7562
25023,0.2845,0.1983,0.3549,0.5509,0.4026
25025,0.7861,0.6696,0.2206,0.8988,0.9761
25027,0.4398,0.2578,0.3304,0.6146,0.7457
26001,0.1413,0.4284,0.2578,0.0643,0.035
26003,0.3953,0.3094,0.1674,0.4901,0.7425
26005,0.1725,0.1146,0.3329,0.3972,0.2753
26007,0.3552,0.422,0.5656,0.0773,0.3259
26009,0.0643,0.1728,0.1044,0.1359,0.0719
26011,0.3355,0.4542,0.3717,0.1181,0.3498
26013,0.4125,0.2508,0.2588,0.6493,0.7292
26015,0.0522,0.1053,0.1076,0.1569,0.0904
26017,0.3514,0.485,0.3148,0.3332,0.2833
26019,0.0786,0.2237,0.0519,0.1738,0.1047
26021,0.6964,0.5863,0.7696,0.6321,0.6413
26023,0.7263,0.6038,0.7457,0.3304,0.8666
26025,0.6906,0.5528,0.7021,0.5939,0.7623
26027,0.2473,0.3364,0.3265,0.4535,0.1493
26029,0.1499,0.2307,0.1779,0.1738,0.2142
26031,0.2728,0.5191,0.1973,0.2829,0.1674
26033,0.6665,0.5627,0.2705,0.7027,0.916
26035,0.7677,0.9437,0.6448,0.1066,0.6057
26037,0.0363,0.0277,0.1136,0.3523,0.0948
26039,0.3568,0.5509,0.4281,0.1515,0.2199
26041,0.3294,0.2664,0.309,0.2658,0.6225
26043,0.1598,0.0678,0.4624,0.0977,0.4201
26045,0.2231,0.1038,0.4064,0.5115,0.3784
26047,0.17,0.2222,0.1267,0.3421,0.254
26049,0.6766,0.6789,0.7104,0.6595,0.4761
26051,0.5952,0.7126,0.6655,0.0735,0.5261
26053,0.3752,0.3453,0.3475,0.3046,0.5474
26055,0.1967,0.198,0.0748,0.2241,0.5538
26057,0.3335,0.30620000000000003,0.1435,0.4411,0.6394
26059,0.4577,0.3877,0.3151,0.1327,0.8367
26061,0.4714,0.5738,0.0306,0.2454,0.9192
26063,0.198,0.3316,0.2247,0.0977,0.2066
26065,0.5917,0.5398,0.1454,0.6938,0.8822
26067,0.3437,0.2689,0.1518,0.3819,0.7568
26069,0.4392,0.6003,0.444,0.1903,0.3113
26071,0.3272,0.4481,0.2667,0.1359,0.4125
26073,0.606,0.7804,0.028,0.4682,0.9061
26075,0.5194,0.4313,0.4348,0.4758,0.7132
26077,0.4516,0.4106,0.1754,0.5977,0.6773
26079,0.3596,0.6703,0.1776,0.1569,0.2518
26081,0.4739,0.2989,0.513,0.648,0.6515
26083,0.0188,0.1741,0.0961,0.0201,0.007
26085,0.6563,0.8596,0.2982,0.451,0.5525
26087,0.219,0.3571,0.1321,0.2778,0.2441
26089,0.0398,0.1073,0.1279,0.3253,0.0213
26091,0.3628,0.3109,0.3864,0.4271,0.4698
26093,0.0054,0.0337,0.0153,0.1515,0.0547
26095,0.3577,0.3402,0.1961,0.5831,0.4955
26097,0.6435,0.641,0.4373,0.6464,0.6528
26099,0.3864,0.3673,0.4141,0.5751,0.3402
26101,0.3867,0.4379,0.3017,0.3616,0.4376
26103,0.2358,0.3059,0.0589,0.2409,0.5442
26105,0.4379,0.4768,0.4421,0.2778,0.4615
26107,0.5805,0.6098,0.0888,0.3001,0.9532
26109,0.2253,0.1929,0.1572,0.2094,0.5662
26111,0.1544,0.1257,0.0958,0.289,0.486
26113,0.4675,0.6349,0.4971,0.1779,0.3265
26115,0.1556,0.2199,0.1404,0.2928,0.2269
26117,0.4252,0.3908,0.2403,0.2829,0.7282
26119,0.3565,0.6693,0.3877,0.0589,0.1553
26121,0.6248,0.4717,0.515,0.6085,0.8262
26123,0.4997,0.5229,0.6034,0.3218,0.4577
26125,0.1464,0.1295,0.1458,0.6674,0.2062
26127,0.7212,0.633,0.7594,0.5274,0.7031
26129,0.5417,0.7279,0.4955,0.1359,0.4414
26131,0.1614,0.3899,0.1502,0.0977,0.126
26133,0.6289,0.6926,0.5286,0.1359,0.7362
26135,0.6257,0.824,0.5302,0.0907,0.5271
26137,0.4453,0.4669,0.5496,0.126,0.4981
26139,0.1773,0.0643,0.1916,0.4949,0.515
26141,0.2222,0.4169,0.3561,0.0735,0.1264
26143,0.5016,0.6687,0.6668,0.1327,0.2909
26145,0.655,0.5356,0.7228,0.6964,0.6101
26147,0.3078,0.443,0.3479,0.2928,0.2298
26149,0.6149,0.5146,0.7934,0.43,0.599
26151,0.4255,0.5321,0.4682,0.1655,0.3806
26153,0.4026,0.5659,0.3625,0.4411,0.2187
26155,0.1181,0.1754,0.1257,0.1655,0.2231
26157,0.2635,0.4332,0.2005,0.212,0.261
26159,0.6887,0.6057,0.7428,0.5391,0.6652
26161,0.2568,0.2085,0.0181,0.6862,0.7597
26163,0.8714,0.8316,0.888,0.8803,0.6509
26165,0.4344,0.4793,0.4799,0.1779,0.4691
27001,0.2804,0.3619,0.3794,0.1655,0.2842
27003,0.1327,0.0586,0.302,0.5481,0.2285
27005,0.3415,0.2489,0.4936,0.4411,0.4383
27007,0.809,0.675,0.5216,0.6607,0.9682
27009,0.309,0.1327,0.3202,0.3552,0.7849
27011,0.1216,0.0945,0.1833,0.0344,0.416
27013,0.318,0.2944,0.0277,0.3972,0.8794
27015,0.0767,0.015,0.2635,0.1983,0.2906
27017,0.2451,0.1241,0.3405,0.3762,0.5417
27019,0.0156,0.0025,0.091,0.3705,0.0745
27021,0.4055,0.4653,0.2658,0.5423,0.4023
27023,0.6722,0.5309,0.8756,0.4179,0.6579
27025,0.0318,0.0309,0.0207,0.2148,0.2734
27027,0.316,0.1757,0.1324,0.4211,0.8549
27029,0.844,0.8272,0.6474,0.4634,0.9348
27031,0.1817,0.0815,0.1432,0.4574,0.5506
27033,0.4647,0.2247,0.8587,0.4459,0.5283
27035,0.148,0.1868,0.1894,0.1181,0.2849
27037,0.1521,0.0563,0.4433,0.5891,0.2177
27039,0.0407,0.006,0.2963,0.2702,0.1009
27041,0.0694,0.0598,0.0827,0.0547,0.331
27043,0.1095,0.0952,0.2225,0.3141,0.2024
27045,0.1932,0.1687,0.4058,0.0643,0.3199
27047,0.415,0.2511,0.781,0.4701,0.3969
27049,0.1693,0.113,0.1626,0.289,0.4723
27051,0.1337,0.1945,0.2568,0.0907,0.183
27053,0.3956,0.177,0.2349,0.7066,0.8192
27055,0.0296,0.0248,0.2521,0.0977,0.071
27057,0.2435,0.1846,0.3651,0.2202,0.4363
27059,0.0646,0.1582,0.0493,0.1779,0.1302
27061,0.3803,0.3243,0.2839,0.3001,0.662
27063,0.0197,0.0194,0.2887,0.2454,0.0194
27065,0.2355,0.2829,0.1636,0.1127,0.472
27067,0.4694,0.2365,0.788,0.5621,0.5522
27069,0.1127,0.0917,0.1216,0.0907,0.4208
27071,0.3469,0.3103,0.253,0.2855,0.633
27073,0.0678,0.0153,0.3682,0.1127,0.1996
27075,0.0729,0.0538,0.2849,0.0703,0.1897
27077,0.0716,0.1209,0.0426,0.2454,0.2053
27079,0.0649,0.0509,0.3199,0.2966,0.0812
27081,0.1098,0.1779,0.2384,0.0589,0.1528
27083,0.4854,0.2228,0.6267,0.5006,0.8106
27085,0.0761,0.0742,0.0964,0.3084,0.2148
27087,0.9255,0.9497,0.7769,0.8988,0.7998
27089,0.1088,0.0532,0.4052,0.1945,0.2288
27091,0.1916,0.1906,0.4042,0.2241,0.2123
27093,0.1044,0.056,0.219,0.1623,0.3329
27095,0.5939,0.4526,0.7015,0.3616,0.753
27097,0.1999,0.2123,0.2126,0.0643,0.4236
27099,0.6426,0.3396,0.8657,0.5831,0.7772
27101,0.1041,0.0582,0.5169,0.2276,0.1356
27103,0.2406,0.0722,0.3775,0.3794,0.6349
27105,0.7794,0.4978,0.9192,0.8071,0.7849
27107,0.2597,0.1337,0.2623,0.3488,0.6763
27109,0.2397,0.0602,0.3243,0.5621,0.6197
27111,0.2658,0.182,0.4847,0.2336,0.4427
27113,0.2457,0.0847,0.4634,0.3119,0.5977
27115,0.5108,0.4895,0.2011,0.3574,0.8472
27117,0.4526,0.247,0.9141,0.3972,0.3877
27119,0.3982,0.15310000000000001,0.5025,0.4367,0.8094
27121,0.029,0.0372,0.1334,0.0773,0.1063
27123,0.6747,0.3959,0.4917,0.7855,0.9453
27125,0.1117,0.0449,0.2642,0.2454,0.346
27127,0.2002,0.1006,0.4554,0.4147,0.30620000000000003
27129,0.2171,0.1079,0.3345,0.3972,0.4475
27131,0.4099,0.2642,0.254,0.5261,0.7686
27133,0.1279,0.0411,0.3854,0.1945,0.352
27135,0.2113,0.0933,0.4179,0.2928,0.4656
27137,0.2973,0.2476,0.0675,0.3119,0.8164
27139,0.0964,0.0146,0.3259,0.5481,0.1964
27141,0.0719,0.0105,0.2553,0.3253,0.2438
27143,0.1028,0.0697,0.2715,0.3794,0.177
27145,0.3886,0.239,0.2581,0.4634,0.7839
27147,0.2489,0.1349,0.2113,0.4271,0.62
27149,0.169,0.0516,0.0945,0.4147,0.7085
27151,0.3581,0.1747,0.9087,0.3141,0.3215
27153,0.556,0.4383,0.7187,0.3421,0.6575
27155,0.289,0.0831,0.4742,0.3889,0.7136
27157,0.1025,0.1047,0.3195,0.1181,0.1639
27159,0.7798,0.571,0.7864,0.212,0.979
27161,0.2788,0.1671,0.3908,0.3542,0.5369
27163,0.0668,0.013,0.2183,0.5226,0.1537
27165,0.6499,0.4675,0.9316,0.663,0.4532
27167,0.1467,0.0872,0.3842,0.2094,0.303
27169,0.1553,0.1623,0.013,0.2928,0.726
27171,0.022,0.0318,0.0869,0.2562,0.0707
27173,0.2597,0.0567,0.7537,0.3469,0.4933
28001,0.9857,0.9873,0.9523,0.9418,0.86
28003,0.838,0.9386,0.7683,0.5242,0.5891
28005,0.8762,0.8771,0.8752,0.8173,0.6194
28007,0.9729,0.9392,0.9669,0.8568,0.8975
28009,0.5576,0.6318,0.4624,0.7899,0.3132
28011,0.9895,0.9914,0.8851,0.9567,0.9395
28013,0.8686,0.7712,0.9679,0.747,0.6375
28015,0.5468,0.6913,0.1477,0.747,0.5022
28017,0.9297,0.8826,0.9628,0.8797,0.7148
28019,0.6283,0.8011,0.4144,0.7139,0.3202
28021,0.9239,0.9096,0.323,0.9927,0.9911
28023,0.7257,0.81,0.8689,0.761,0.2136
28025,0.73740000000000006,0.9599,0.2279,0.9319,0.3316
28027,0.9446,0.9882,0.5942,0.9815,0.8208
28029,0.8399,0.7944,0.634,0.9071,0.8234
28031,0.7925,0.9281,0.803,0.7903,0.2546
28033,0.3164,0.3144,0.6362,0.7632,0.0993
28035,0.9663,0.9507,0.7877,0.8195,0.978
28037,0.5595,0.5563,0.8469,0.761,0.1754
28039,0.8094,0.8351,0.7874,0.4023,0.7381
28041,0.6849,0.7553,0.0952,0.656,0.9039
28043,0.8791,0.9236,0.8377,0.8536,0.5592
28045,0.5525,0.6073,0.5385,0.4634,0.4513
28047,0.9217,0.9236,0.831,0.7543,0.8568
28049,0.8956,0.9453,0.4815,0.9777,0.8558
28051,0.992,0.9965,0.8262,0.987,0.964
28053,0.9733,0.9994,0.9246,0.9815,0.5958
28055,0.9847,0.9634,0.4379,0.9297,1
28057,0.2954,0.4325,0.1493,0.3253,0.3539
28059,0.7148,0.7925,0.8491,0.7126,0.2514
28061,0.6728,0.5586,0.7397,0.9023,0.4949
28063,0.9204,0.9074,0.4644,0.9905,0.9663
28065,0.7769,0.9663,0.2696,0.9379,0.3915
28067,0.8313,0.7069,0.9433,0.7447,0.6728
28069,0.944,0.9201,0.7441,0.9484,0.9408
28071,0.4774,0.6028,0.0124,0.6827,0.852
28073,0.691,0.7556,0.6321,0.6384,0.4745
28075,0.9176,0.8329,0.8059,0.8644,0.9446
28077,0.7775,0.9389,0.6747,0.7419,0.2966
28079,0.9777,0.887,0.9854,0.8892,0.9252
28081,0.7546,0.6556,0.7024,0.7377,0.7301
28083,0.9306,0.9879,0.5108,0.9806,0.788
28085,0.712,0.7502,0.337,0.7151,0.7269
28087,0.7829,0.8969,0.2829,0.8711,0.6677
28089,0.3421,0.2712,0.3482,0.8412,0.3036
28091,0.9437,0.9863,0.6209,0.7435,0.9029
28093,0.8558,0.9535,0.6477,0.8867,0.5255
28095,0.6655,0.8065,0.6493,0.7171,0.2702
28097,0.901,0.8889,0.9449,0.8644,0.627
28099,0.9551,0.901,0.9418,0.8094,0.9188
28101,0.7661,0.5567,0.8039,0.795,0.7938
28103,0.9879,0.9892,0.8456,0.9739,0.9539
28105,0.7804,0.8756,0.0882,0.8297,0.909
28107,0.8491,0.9774,0.7158,0.8886,0.3065
28109,0.6171,0.6572,0.7292,0.5341,0.3756
28111,0.7565,0.9112,0.7164,0.5831,0.3304
28113,0.971,0.972,0.8797,0.9096,0.8861
28115,0.7272,0.5672,0.9513,0.6073,0.5207
28117,0.8434,0.7307,0.8985,0.5226,0.8651
28119,0.9593,0.9987,0.5684,0.9742,0.8291
28121,0.3736,0.2871,0.3511,0.6416,0.4596
28123,0.9745,0.951,0.9959,0.88,0.6696
28125,0.9583,0.9398,0.7826,0.9758,0.9449
28127,0.7161,0.86,0.3071,0.7763,0.5452
28129,0.55,0.6741,0.5913,0.6353,0.2397
28131,0.8246,0.8673,0.4835,0.6044,0.8644
28133,0.9621,0.9933,0.5188,0.979,0.9169
28135,0.9567,0.9787,0.3787,0.9462,0.9857
28137,0.7438,0.7982,0.4319,0.7419,0.6665
28139,0.8431,0.8797,0.8504,0.5939,0.6162
28141,0.654,0.8568,0.754,0.2409,0.2928
28143,0.9752,0.9895,0.4163,0.9835,0.9898
28145,0.7139,0.682,0.9262,0.5786,0.373
28147,0.8647,0.9173,0.8113,0.8616,0.5369
28149,0.9405,0.9176,0.923,0.8883,0.8138
28151,0.9949,0.993,0.9793,0.9758,0.8565
28153,0.908,0.9679,0.9624,0.8183,0.3797
28155,0.5092,0.6687,0.6423,0.5732,0.161
28157,0.9192,0.9542,0.7034,0.9698,0.7804
28159,0.9134,0.9077,0.8915,0.8778,0.7339
28161,0.7365,0.8746,0.2766,0.8119,0.5859
28163,0.9984,0.9917,0.9758,0.9472,0.958
29001,0.4968,0.7209,0.1057,0.3523,0.5818
29003,0.042,0.1528,0.099,0.1359,0.0309
29005,0.1295,0.2342,0.2546,0.0302,0.1445
29007,0.5687,0.6639,0.7314,0.3972,0.2969
29009,0.5786,0.6123,0.8456,0.4701,0.2546
29011,0.7279,0.9036,0.8052,0.2508,0.3431
29013,0.5926,0.6248,0.5754,0.1852,0.6661
29015,0.6314,0.8383,0.451,0.1181,0.5624
29017,0.5048,0.7623,0.3014,0.0643,0.464
29019,0.3819,0.3456,0.0532,0.5716,0.782
29021,0.761,0.6435,0.669,0.507,0.8902
29023,0.8415,0.9433,0.8326,0.3705,0.6022
29025,0.3339,0.3787,0.3024,0.1359,0.5086
29027,0.2362,0.4208,0.0617,0.3355,0.3001
29029,0.3262,0.5334,0.2591,0.1515,0.2864
29031,0.3399,0.4513,0.0837,0.4411,0.513
29033,0.3135,0.6076,0.2919,0.126,0.1661
29035,0.5032,0.6677,0.6283,0.1359,0.317
29037,0.1286,0.1948,0.3488,0.3972,0.0557
29039,0.6553,0.7613,0.6416,0.1181,0.6391
29041,0.1572,0.1884,0.3402,0.126,0.2008
29043,0.1384,0.1878,0.332,0.212,0.1311
29045,0.4395,0.4994,0.4478,0.0239,0.5605
29047,0.2467,0.2177,0.4793,0.5423,0.1817
29049,0.0939,0.163,0.1884,0.1779,0.1104
29051,0.2498,0.1474,0.1763,0.5315,0.5783
29053,0.4408,0.5283,0.3335,0.3819,0.4185
29055,0.7982,0.9612,0.7794,0.0977,0.543
29057,0.5713,0.8342,0.2072,0.1779,0.5621
29059,0.5818,0.7565,0.809,0.126,0.2667
29061,0.5013,0.5293,0.4093,0.0506,0.7492
29063,0.1305,0.1712,0.0302,0.4478,0.3501
29065,0.7081,0.8332,0.7912,0.1903,0.4784
29067,0.3705,0.6983,0.7097,0.0977,0.0414
29069,0.978,0.9768,0.9835,0.5598,0.8721
29071,0.126,0.2982,0.1658,0.1181,0.0952
29073,0.1022,0.1254,0.415,0.0547,0.1162
29075,0.5003,0.5121,0.6989,0.0506,0.5468
29077,0.5535,0.5818,0.1388,0.4125,0.8644
29079,0.7479,0.7155,0.8886,0.1623,0.7212
29081,0.6057,0.5172,0.9243,0.1066,0.5694
29083,0.6827,0.7651,0.837,0.1852,0.4815
29085,0.5672,0.9589,0.5856,0.1127,0.0961
29087,0.1273,0.1639,0.3409,0.0547,0.1649
29089,0.2333,0.2253,0.45,0.3682,0.2078
29091,0.6534,0.788,0.7005,0.1445,0.5178
29093,0.7422,0.8097,0.746,0.126,0.7187
29095,0.6715,0.599,0.6225,0.7728,0.6044
29097,0.7514,0.754,0.7788,0.4854,0.634
29099,0.1604,0.2607,0.2737,0.2148,0.1397
29101,0.3762,0.4806,0.0255,0.4478,0.7387
29103,0.3364,0.677,0.6684,0.0385,0.0474
29105,0.571,0.6824,0.5735,0.2336,0.4905
29107,0.1658,0.2081,0.1394,0.2613,0.2868
29109,0.8202,0.9217,0.9258,0.3574,0.4335
29111,0.4975,0.6018,0.1499,0.2241,0.7756
29113,0.2174,0.2581,0.3905,0.2094,0.2142
29115,0.1575,0.2632,0.6015,0.0977,0.0519
29117,0.3501,0.4243,0.2648,0.2381,0.4526
29119,0.818,0.846,0.8437,0.6512,0.5611
29121,0.5344,0.4433,0.8313,0.1945,0.5519
29123,0.6053,0.6397,0.5815,0.1066,0.7228
29125,0.592,0.7626,0.7056,0.0735,0.3988
29127,0.394,0.3845,0.2998,0.3253,0.5751
29129,0.4217,0.493,0.5707,0.1569,0.3555
29131,0.3927,0.5869,0.1945,0.0977,0.4558
29133,0.9166,0.9841,0.8838,0.6763,0.5656
29135,0.5204,0.4223,0.5509,0.3469,0.7113
29137,0.4004,0.3635,0.3603,0.2241,0.6286
29139,0.458,0.3587,0.7422,0.1852,0.5181
29141,0.7651,0.8475,0.7715,0.1515,0.6897
29143,0.8475,0.874,0.8813,0.5598,0.6254
29145,0.564,0.5885,0.4198,0.4841,0.5955
29147,0.2368,0.4179,0.0054,0.2409,0.7237
29149,0.683,0.8835,0.8867,0.1515,0.2307
29151,0.013,0.0309,0.021,0.0073,0.1563
29153,0.472,0.7992,0.2661,0.0735,0.3218
29155,0.9535,0.9889,0.9551,0.7027,0.6155
29157,0.2202,0.3708,0.1696,0.0863,0.274
29159,0.6773,0.5999,0.8561,0.4701,0.5573
29161,0.669,0.6082,0.4819,0.3845,0.8778
29163,0.5843,0.5372,0.3208,0.3616,0.8698
29165,0.1006,0.0544,0.2425,0.5465,0.1614
29167,0.5929,0.5888,0.4099,0.1945,0.8326
29169,0.6432,0.5041,0.549,0.6916,0.7584
29171,0.2941,0.3775,0.3094,0.0547,0.4144
29173,0.1053,0.3937,0.0694,0.1359,0.05
29175,0.4682,0.5786,0.2654,0.3762,0.501
29177,0.098,0.2794,0.0589,0.1983,0.1044
29179,0.5602,0.7896,0.3215,0.1852,0.5025
29181,0.6273,0.9064,0.6601,0.0812,0.2651
29183,0.036,0.0143,0.0859,0.4179,0.1267
29185,0.4427,0.556,0.3068,0.1655,0.521
29186,0.0882,0.1722,0.1429,0.0643,0.1416
29187,0.7113,0.6856,0.3676,0.2855,0.9472
29189,0.3199,0.2183,0.4542,0.7397,0.3043
29195,0.5729,0.4545,0.6652,0.557,0.6171
29197,0.2075,0.3479,0.3638,0.0156,0.1633
29199,0.4841,0.7479,0.2619,0.0086,0.4943
29201,0.746,0.6661,0.8141,0.5022,0.7066
29203,0.5834,0.8603,0.3889,0.1655,0.3902
29205,0.3641,0.3549,0.6388,0.0977,0.3826
29207,0.5624,0.8135,0.7244,0.0907,0.219
29209,0.4609,0.719,0.1973,0.1127,0.4551
29211,0.4459,0.4185,0.288,0.5996,0.5423
29213,0.7187,0.7021,0.4898,0.3657,0.8756
29215,0.88,0.9666,0.6531,0.3001,0.8571
29217,0.64,0.6496,0.7699,0.1655,0.6127
29219,0.2298,0.3475,0.2893,0.2966,0.1674
29221,0.8036,0.9131,0.6591,0.1655,0.7909
29223,0.6241,0.8622,0.3339,0.1738,0.5484
29225,0.5582,0.6092,0.4341,0.1623,0.712
29227,0.24,0.1785,0.6483,0.0426,0.3192
29229,0.8759,0.9656,0.9707,0.1779,0.479
29510,0.8517,0.8472,0.4523,0.9058,0.8835
30001,0.2559,0.3129,0.2342,0.3189,0.325
30003,0.6661,0.8663,0.0767,0.9726,0.5528
30005,0.9475,0.9102,0.9064,0.9042,0.8749
30007,0.0802,0.36,0.1158,0.1066,0.0134
30009,0.0751,0.1464,0.3323,0.1779,0.0369
30011,0.3138,0.457,0.0315,0.0344,0.7995
30013,0.5283,0.3721,0.4615,0.4586,0.8154
30015,0.2766,0.1894,0.2218,0.5964,0.4844
30017,0.4071,0.1954,0.5156,0.2702,0.818
30019,0.0503,0.0436,0.1082,0.2613,0.1572
30021,0.177,0.0465,0.1111,0.2336,0.8199
30023,0.6607,0.5773,0.6967,0.3488,0.7607
30025,0.1448,0.0299,0.1483,0.1655,0.7578
30027,0.2813,0.2922,0.2081,0.1779,0.5567
30029,0.2272,0.3555,0.0538,0.2276,0.4176
30031,0.078,0.2301,6e-4,0.2855,0.4659
30033,0.077,0.2677,0.0748,0.0013,0.084
30035,0.9067,0.8619,0.6454,0.9644,0.9354
30037,0.1537,0.2667,0.2314,0.4701,0.0738
30039,0.1209,0.1833,0.1066,0.1445,0.2476
30041,0.5458,0.515,0.4749,0.6986,0.5159
30043,0.0971,0.0646,0.2304,0.2276,0.2419
30045,0.0267,0.1588,0.0649,0.1852,0.0159
30047,0.7276,0.7228,0.9039,0.7358,0.3094
30049,0.1423,0.1512,0.098,0.3046,0.3574
30051,0.408,0.3794,0.6553,0.0032,0.5121
30053,0.4558,0.8109,0.5353,0.2613,0.0777
30055,0.0547,0.0239,0.1814,0.3355,0.1512
30057,0.1146,0.1725,0.0239,0.2241,0.4122
30059,0.0687,0.2244,0.2158,0.2562,0.0099
30061,0.3771,0.5732,0.3644,0.2702,0.2202
30063,0.247,0.3861,0.008,0.3762,0.6862
30065,0.3787,0.6365,0.1047,0.2702,0.3689
30067,0.1591,0.2995,0.0134,0.1983,0.5054
30069,0.0029,0.126,0.0025,0.0169,0.0328
30071,0.3638,0.4163,0.352,0.5006,0.2934
30073,0.719,0.4032,0.8227,0.5331,0.9278
30075,0.0519,0.1314,0.0283,0.2658,0.1324
30077,0.3313,0.1617,0.2728,0.3574,0.8253
30079,0.1276,0.2419,0.3593,0.0239,0.0837
30081,0.2673,0.5573,0.2584,0.2613,0.0999
30083,0.2081,0.05,0.2148,0.3762,0.7403
30085,0.7954,0.8297,0.162,0.9491,0.9001
30087,0.6066,0.6343,0.1773,0.8625,0.6674
30089,0.4268,0.7559,0.2791,0.3218,0.1652
30091,0.1158,0.1502,0.1165,0.3189,0.2069
30093,0.4532,0.3918,0.3447,0.3141,0.6983
30095,0.0385,0.0735,0.0977,0.2202,0.0678
30097,0.0216,0.0315,0.2533,0.2202,0.0245
30099,0.2915,0.3195,0.2715,0.1903,0.4631
30101,0.5789,0.4067,0.1088,0.4125,0.9952
30103,0.1206,0.2737,0.1719,0.0025,0.1305
30105,0.3151,0.4453,0.3797,0.4656,0.1684
30107,0.2594,0.5474,0.0722,0.1181,0.2922
30109,0.1677,0.1308,0.9188,0.289,0.0251
30111,0.3084,0.2104,0.1951,0.4367,0.6722
31001,0.471,0.2365,0.6973,0.4478,0.7053
31003,0.1085,0.085,0.6416,0.0907,0.0968
31005,0.1359,0.3425,0.4007,0.0773,0.0277
31007,0.0232,0.0035,0.9208,0.289,3e-4
31009,0.0143,0.0668,0.2759,0,0.0064
31011,0.0283,0.0471,0.1785,0.0302,0.0742
31013,0.4112,0.268,0.5006,0.5341,0.5586
31015,0.0474,0.0757,0.3444,0.1066,0.0325
31017,0.1391,0.1919,0.3832,0.126,0.1283
31019,0.3848,0.2884,0.3616,0.4179,0.6079
31021,0.2091,0.3536,0.4682,0.2202,0.0732
31023,0.0875,0.0455,0.5528,0.1623,0.1158
31025,0.0455,0.0859,0.0971,0.2046,0.0783
31027,0.006,0.0185,0.1591,0.0302,0.0102
31029,0.2537,0.2463,0.7301,0.4885,0.0805
31031,0.1502,0.1849,0.1327,0.4023,0.2368
31033,0.2193,0.2005,0.1098,0.3574,0.5016
31035,0.1123,0.1222,0.6598,0.3596,0.0248
31037,0.3854,0.3654,0.381,0.8838,0.2282
31039,0.161,0.1101,0.5738,0.3762,0.1439
31041,0.1824,0.1922,0.6404,0.126,0.12
31043,0.7689,0.5169,0.7635,0.8902,0.8546
31045,0.2336,0.1789,0.2288,0.4535,0.4179
31047,0.7435,0.5025,0.8708,0.8094,0.7196
31049,0.0999,0.4188,0.2766,0.4112,0.0013
31051,0.2502,0.1569,0.8854,0.4854,0.0859
31053,0.6407,0.4497,0.8434,0.4981,0.6719
31055,0.6003,0.436,0.6314,0.6964,0.6817
31057,0.1706,0.3186,0.3227,0.2928,0.0675
31059,0.014,0.0108,0.0557,0.1779,0.091
31061,0.0818,0.1477,0.2199,0.0812,0.1003
31063,0.1951,0.1642,0.3456,0.0977,0.3752
31065,0.1563,0.2008,0.5111,0.1983,0.0945
31067,0.184,0.1932,0.4303,0.1359,0.2043
31069,0.168,0.2441,0.668,0.1738,0.0458
31071,0.0083,0.0051,0.0853,0.0223,0.0716
31073,0.0032,0.0423,0.0185,0.1181,0.0188
31075,0.2053,0.3724,0.1079,0.0105,0.318
31077,0.0331,0.0968,0.183,0.0385,0.0337
31079,0.7228,0.5557,0.8937,0.7301,0.5697
31081,0.0064,0.0165,0.1174,0.1181,0.0146
31083,0.2304,0.0987,0.7311,0.1445,0.3603
31085,0.0458,0.1216,0.4892,0.2148,0.0025
31087,0.2833,0.1423,0.887,0.1359,0.2903
31089,0.1213,0.0659,0.4666,0.2046,0.2005
31091,0.1429,0.1015,0.1139,0.4271,0.3943
31093,0.1149,0.1018,0.6875,0.2276,0.0509
31095,0.2495,0.2702,0.7317,0.1983,0.1254
31097,0.4284,0.1693,0.719,0.5465,0.6264
31099,0.1518,0.0923,0.339,0.2829,0.3097
31101,0.3717,0.3857,0.599,0.3421,0.2715
31103,0.0076,0.0754,0.1143,0.0029,0.0057
31105,0.5267,0.7292,0.7002,0.4271,0.1534
31107,0.2066,0.0824,0.5891,0.4478,0.2839
31109,0.3781,0.2629,0.2412,0.5407,0.6785
31111,0.3842,0.254,0.6114,0.4023,0.4793
31113,0.1941,0.345,0.3721,0.0385,0.1257
31115,0.0477,0.0621,0.0754,0.3253,0.1232
31117,0,0.0226,0.0089,0.0019,0.0032
31119,0.5261,0.3157,0.6429,0.5598,0.7222
31121,0.2995,0.2658,0.3749,0.2508,0.4637
31123,0.3176,0.437,0.5143,0.5242,0.1152
31125,0.063,0.1244,0.4819,0.0426,0.021
31127,0.3288,0.3969,0.3253,0.289,0.3606
31129,0.0707,0.0904,0.2371,0.1359,0.1248
31131,0.2864,0.0926,0.7759,0.3657,0.429
31133,0.5751,0.7648,0.7381,0.0773,0.3119
31135,0.0757,0.0805,0.4752,0.126,0.0646
31137,0.2323,0.1165,0.6025,0.2658,0.3644
31139,0.05,0.0719,0.3686,0.0458,0.0481
31141,0.3902,0.161,0.7151,0.5882,0.5092
31143,0.2021,0.3004,0.281,0.2613,0.17
31145,0.3765,0.246,0.7094,0.2753,0.4507
31147,0.1744,0.2432,0.6063,0.2454,0.0589
31149,0.0321,0.0496,0.1919,0.0286,0.077
31151,0.5977,0.5802,0.5757,0.7008,0.4726
31153,0.113,0.0602,0.3953,0.5481,0.1225
31155,0.0127,0.008,0.1512,0.0907,0.0503
31157,0.6709,0.5942,0.9233,0.663,0.3415
31159,0.0586,0.0433,0.0716,0.1181,0.3087
31161,0.5118,0.3902,0.5347,0.5363,0.6544
31163,0.1092,0.1493,0.4449,0.0506,0.0983
31165,0.2553,0.2476,0.2412,0.2562,0.4612
31167,0.0251,0.0156,0.3533,0.3001,0.0197
31169,0.0567,0.0608,0.2428,0.1359,0.1047
31171,0.0019,0.0045,0.0729,0.0019,0.0045
31173,0.7989,0.7836,0.7553,0.9453,0.5398
31175,0.1009,0.0614,0.4545,0.0426,0.1983
31177,0.0315,0.029,0.1687,0.1359,0.0974
31179,0.0541,0.1426,0.014,0.3355,0.1785
31181,0.0582,0.0595,0.2132,0.2702,0.0929
31183,0.0436,0.2906,0.0904,0.0067,0.0073
31185,0.1378,0.0519,0.3714,0.3141,0.324
32001,0.6219,0.5318,0.7957,0.6521,0.4583
32003,0.8565,0.8568,0.6817,0.9169,0.7263
32005,0.2037,0.2225,0.3791,0.5541,0.1222
32007,0.5751,0.3329,0.6467,0.7342,0.7311
32009,0.8208,0.8173,0.627,0.6617,0.8199
32011,0.2387,0.1585,0.2849,0.2966,0.5201
32013,0.6079,0.5013,0.4997,0.7377,0.6798
32015,0.6999,0.6801,0.9456,0.6862,0.2578
32017,0.6623,0.5481,0.6553,0.5035,0.7696
32019,0.5863,0.6976,0.761,0.6327,0.1846
32021,0.705,0.8552,0.3692,0.7763,0.4504
32023,0.8176,0.8581,0.8332,0.6232,0.5665
32027,0.7196,0.6525,0.3186,0.7447,0.887
32029,0.1165,0.2279,0.33,0.5261,0.0156
32031,0.6744,0.6136,0.3873,0.7689,0.7651
32033,0.2884,0.2113,0.1034,0.6617,0.5952
32510,0.8504,0.6276,0.8358,0.7247,0.9475
33001,0.183,0.2575,0.2241,0.1127,0.2457
33003,0.1318,0.3705,0.1178,0.0643,0.0939
33005,0.2237,0.2619,0.05,0.1569,0.6426
33007,0.508,0.5681,0.2969,0.1327,0.7518
33009,0.2969,0.2626,0.0936,0.3253,0.7298
33011,0.2543,0.2486,0.1181,0.4854,0.4688
33013,0.2215,0.1763,0.0812,0.2508,0.6913
33015,0.0261,0.0767,0.0213,0.2454,0.1136
33017,0.2651,0.2447,0.0175,0.3218,0.8886
33019,0.1219,0.3285,0.0321,0.126,0.1989
34001,0.8771,0.7705,0.7638,0.8329,0.9083
34003,0.3838,0.2817,0.1614,0.8358,0.5888
34005,0.2648,0.2148,0.2304,0.7199,0.3186
34007,0.7629,0.6146,0.774,0.832,0.704
34009,0.4169,0.401,0.3342,0.4574,0.5092
34011,0.9812,0.9488,0.9185,0.8956,0.9768
34013,0.9392,0.8775,0.7584,0.964,0.9491
34015,0.191,0.2059,0.2139,0.5786,0.1747
34017,0.7963,0.8151,0.2225,0.9682,0.8714
34019,0.0353,0.036,0.0376,0.4605,0.1308
34021,0.7104,0.5302,0.3854,0.8829,0.9071
34023,0.6391,0.4561,0.2151,0.916,0.9211
34025,0.2276,0.226,0.1273,0.6216,0.3141
34027,0.1633,0.1133,0.1225,0.6763,0.3043
34029,0.4074,0.3412,0.6295,0.4736,0.3345
34031,0.9064,0.8819,0.6922,0.9214,0.8956
34033,0.6865,0.6034,0.7352,0.6384,0.6108
34035,0.1703,0.1334,0.1162,0.8421,0.2225
34037,0.0484,0.1553,0.0274,0.4478,0.057
34039,0.795,0.6894,0.6187,0.9284,0.7985
34041,0.2454,0.2973,0.1283,0.5382,0.3052
35001,0.7785,0.6805,0.6814,0.937,0.6938
35003,0.4548,0.4411,0.7126,0.5083,0.2479
35005,0.9516,0.8466,0.978,0.9354,0.8374
35006,0.9815,0.8358,0.9761,0.9828,0.9835
35007,0.9306,0.7199,0.9223,0.8902,0.9733
35009,0.9281,0.9523,0.9609,0.8892,0.5312
35011,0.5891,0.7782,0.2447,0.9621,0.2775
35013,0.9898,0.9723,0.9201,0.9717,0.971
35015,0.6935,0.4589,0.9026,0.8956,0.5461
35017,0.9004,0.7339,0.823,0.8937,0.9589
35019,0.74,0.6735,0.5337,0.9831,0.6623
35021,0.5777,0.4857,0.5057,0.8752,0.5299
35023,0.9488,0.7533,0.9596,0.937,0.9596
35025,0.9083,0.8215,0.8504,0.9465,0.8851
35027,0.7107,0.6633,0.866,0.7842,0.374
35028,0.0121,0.0016,0.0341,0.663,0.0528
35029,0.9971,0.9704,0.999,0.9675,0.8969
35031,0.9704,0.9481,0.9475,0.9962,0.8552
35033,0.7311,0.5929,0.9863,0.9857,0.1668
35035,0.922,0.8511,0.9017,0.8857,0.8676
35037,0.6792,0.55,0.994,0.881,0.1098
35039,0.8148,0.7046,0.9319,0.9917,0.4831
35041,0.9784,0.9847,0.9437,0.8698,0.8517
35043,0.4723,0.4936,0.6626,0.9106,0.1384
35045,0.9335,0.9182,0.8539,0.9389,0.8176
35047,0.9615,0.7718,0.9799,0.9854,0.9523
35049,0.7648,0.6235,0.7412,0.9106,0.6836
35051,0.8402,0.7078,0.8714,0.767,0.8065
35053,0.937,0.6967,0.9157,0.9497,0.985
35055,0.8386,0.7693,0.9169,0.9443,0.5411
35057,0.73740000000000006,0.8517,0.6206,0.8756,0.3304
35059,0.8275,0.4729,0.9507,0.8698,0.901
35061,0.8676,0.7546,0.909,0.9564,0.7002
36001,0.4325,0.2565,0.2037,0.6655,0.8141
36003,0.4367,0.4265,0.1865,0.1327,0.8339
36005,0.9955,0.9793,0.958,0.9955,0.9755
36007,0.7024,0.5945,0.4962,0.5035,0.8978
36009,0.656,0.5512,0.5964,0.3141,0.8771
36011,0.479,0.4125,0.176,0.3355,0.8873
36013,0.6458,0.5652,0.6181,0.4087,0.7581
36015,0.5799,0.5035,0.5213,0.4411,0.7323
36017,0.5188,0.4745,0.5054,0.1181,0.7807
36019,0.3889,0.2925,0.042,0.3304,0.957
36021,0.4201,0.3695,0.3581,0.4367,0.5605
36023,0.3202,0.3552,0.036,0.2409,0.8332
36025,0.4729,0.4348,0.5064,0.2658,0.6279
36027,0.4561,0.3154,0.1671,0.6763,0.8148
36029,0.4698,0.3097,0.4516,0.6232,0.6585
36031,0.3307,0.2467,0.2989,0.2613,0.6738
36033,0.5735,0.6343,0.1203,0.5274,0.8132
36035,0.409,0.3641,0.4669,0.2778,0.5449
36037,0.1795,0.1623,0.085,0.3141,0.4892
36039,0.4023,0.3533,0.1038,0.4656,0.789
36041,0.1878,0.2976,0.4946,0.1738,0.078
36043,0.3631,0.3125,0.36,0.1738,0.6324
36045,0.6604,0.4885,0.367,0.5331,0.9561
36047,0.8845,0.8549,0.5652,0.9414,0.9134
36049,0.1515,0.2855,0.2616,0.0643,0.1461
36051,0.2266,0.2142,0.0442,0.3189,0.6636
36053,0.1302,0.1544,0.0334,0.2336,0.4898
36055,0.5859,0.3997,0.6365,0.6827,0.6973
36057,0.7756,0.6951,0.8278,0.5481,0.7167
36059,0.2782,0.1416,0.1805,0.8027,0.5477
36061,0.6668,0.5554,0.0726,0.8886,0.9752
36063,0.3434,0.2839,0.3826,0.4605,0.4523
36065,0.5974,0.3323,0.5907,0.5261,0.9122
36067,0.557,0.3698,0.4465,0.6044,0.8316
36069,0.2607,0.133,0.3243,0.3396,0.6251
36071,0.6626,0.3994,0.5783,0.76,0.8962
36073,0.5901,0.6012,0.4322,0.4341,0.6757
36075,0.5509,0.5296,0.2266,0.1779,0.9243
36077,0.3835,0.3816,0.1206,0.2966,0.7419
36079,0.12,0.1454,0.0602,0.5831,0.211
36081,0.7747,0.7855,0.2008,0.9771,0.8606
36083,0.3418,0.2136,0.2031,0.5108,0.7212
36085,0.5808,0.3975,0.374,0.7919,0.8189
36087,0.7164,0.5331,0.5051,0.7623,0.8991
36089,0.6919,0.6108,0.3138,0.2613,0.9822
36091,0.0496,0.0398,0.0325,0.3253,0.2728
36093,0.4825,0.4227,0.3173,0.6528,0.6209
36095,0.3908,0.3074,0.296,0.2381,0.7479
36097,0.3425,0.3972,0.1442,0.0977,0.6932
36099,0.485,0.5003,0.2489,0.3682,0.7151
36101,0.4376,0.3581,0.5691,0.1945,0.598
36103,0.2645,0.2387,0.1305,0.7167,0.3985
36105,0.7864,0.6849,0.7257,0.6747,0.8087
36107,0.1343,0.2428,0.1359,0.1181,0.1941
36109,0.4182,0.302,0.0201,0.5964,0.9688
36111,0.5643,0.4634,0.3164,0.5939,0.8205
36113,0.1439,0.1935,0.0926,0.1779,0.3421
36115,0.4529,0.4593,0.26,0.2658,0.698
36117,0.3234,0.2546,0.4217,0.3469,0.4854
36119,0.6817,0.436,0.4106,0.8609,0.9348
36121,0.1442,0.155,0.0808,0.3332,0.3829
36123,0.5783,0.6563,0.2457,0.1066,0.8635
37001,0.7721,0.7393,0.6709,0.76,0.6706
37003,0.6012,0.5487,0.7222,0.4147,0.5716
37005,0.626,0.7632,0.6986,0.4147,0.3173
37007,0.9574,0.9583,0.7801,0.901,0.9303
37009,0.3733,0.4981,0.4182,0.2276,0.2899
37011,0.7317,0.7845,0.4446,0.3616,0.8393
37013,0.846,0.8787,0.8934,0.7292,0.5038
37015,0.9685,0.9898,0.4516,0.9475,0.9723
37017,0.8765,0.9125,0.9274,0.8456,0.4373
37019,0.4083,0.5016,0.3803,0.5274,0.2673
37021,0.5398,0.4784,0.2253,0.493,0.8533
37023,0.7457,0.7963,0.6079,0.5274,0.6658
37025,0.4338,0.3539,0.4812,0.7495,0.3581
37027,0.7088,0.7861,0.7062,0.4087,0.5344
37029,0.478,0.5987,0.7578,0.5481,0.1216
37031,0.4007,0.4551,0.2498,0.4271,0.4755
37033,0.753,0.7218,0.6003,0.7842,0.6884
37035,0.6808,0.5917,0.6407,0.6251,0.7101
37037,0.4192,0.4344,0.662,0.6572,0.1671
37039,0.4701,0.7712,0.3756,0.3001,0.1932
37041,0.8358,0.8043,0.9414,0.795,0.492
37043,0.4847,0.5821,0.4984,0.1983,0.457
37045,0.8756,0.8997,0.6464,0.6502,0.8686
37047,0.9523,0.9513,0.9128,0.8017,0.853
37049,0.867,0.7269,0.8517,0.733,0.9026
37051,0.9338,0.8386,0.853,0.9122,0.9411
37053,0.092,0.288,0.1684,0.4087,0.0118
37055,0.2772,0.4959,0.1795,0.4087,0.1623
37057,0.668,0.7603,0.6938,0.557,0.3908
37059,0.4583,0.3574,0.6155,0.4758,0.4717
37061,0.9013,0.9106,0.9637,0.8686,0.5013
37063,0.7285,0.647,0.2708,0.9115,0.8867
37065,0.9634,0.9615,0.9131,0.943,0.8335
37067,0.7766,0.69,0.6254,0.8297,0.768
37069,0.7193,0.6575,0.6302,0.7559,0.6547
37071,0.7167,0.7724,0.626,0.6607,0.5162
37073,0.599,0.7148,0.6197,0.761,0.2327
37075,0.5035,0.4844,0.7915,0.4243,0.3055
37077,0.6598,0.6505,0.564,0.8151,0.5137
37079,0.9844,0.9602,0.8915,0.8892,0.9844
37081,0.7941,0.7066,0.5837,0.8787,0.8183
37083,0.9768,0.9835,0.8542,0.9354,0.9163
37085,0.7823,0.8014,0.83,0.7801,0.4306
37087,0.3549,0.5621,0.4717,0.2336,0.1598
37089,0.3832,0.352,0.5232,0.5022,0.3135
37091,0.9669,0.9526,0.8552,0.9532,0.93
37093,0.9236,0.902,0.9583,0.9284,0.6283
37095,0.8043,0.9504,0.338,0.8456,0.5796
37097,0.4032,0.3756,0.5169,0.6155,0.2938
37099,0.7218,0.7689,0.247,0.5395,0.8829
37101,0.6302,0.5974,0.7365,0.7171,0.4032
37103,0.909,0.9828,0.7301,0.7683,0.663
37105,0.8877,0.8542,0.9535,0.8119,0.6209
37107,0.9952,0.9688,0.9752,0.8819,0.9774
37109,0.3367,0.437,0.3116,0.4736,0.2613
37111,0.7508,0.6429,0.7938,0.3934,0.8272
37113,0.5637,0.6712,0.7852,0.3574,0.2533
37115,0.3663,0.4971,0.141,0.1623,0.5659
37117,0.8934,0.9468,0.9717,0.8654,0.3355
37119,0.605,0.5624,0.4924,0.8918,0.485
37121,0.4494,0.4723,0.619,0.2508,0.3912
37123,0.8129,0.6426,0.8956,0.7575,0.7638
37125,0.4163,0.3017,0.675,0.5977,0.3288
37127,0.9274,0.8679,0.7973,0.8803,0.9313
37129,0.4618,0.6088,0.1009,0.5923,0.508
37131,0.9268,0.9745,0.8695,0.9319,0.5614
37133,0.7721,0.7362,0.5481,0.7276,0.7919
37135,0.3988,0.2934,0.0506,0.69,0.8654
37137,0.661,0.661,0.563,0.6292,0.5971
37139,0.7718,0.7903,0.4901,0.8469,0.684
37141,0.6114,0.6776,0.4889,0.6184,0.4812
37143,0.4965,0.6658,0.7263,0.6521,0.0869
37145,0.5936,0.6327,0.5996,0.7237,0.3418
37147,0.9109,0.8752,0.4583,0.853,0.9895
37149,0.3647,0.2915,0.4637,0.4147,0.4615
37151,0.704,0.7355,0.7708,0.5697,0.4484
37153,0.9742,0.9605,0.9494,0.8246,0.9099
37155,0.9924,0.9825,0.9389,0.9752,0.9624
37157,0.8151,0.8087,0.6754,0.656,0.7817
37159,0.8736,0.7772,0.8485,0.6595,0.8918
37161,0.8421,0.8781,0.8256,0.5035,0.6992
37163,0.9421,0.9478,0.9255,0.8736,0.7524
37165,0.993,0.987,0.7673,0.9106,0.9965
37167,0.5541,0.5461,0.6811,0.5407,0.4055
37169,0.4341,0.6111,0.3934,0.2966,0.275
37171,0.8043,0.774,0.8275,0.4914,0.7381
37173,0.8644,0.8243,0.7524,0.7801,0.8307
37175,0.5223,0.5376,0.494,0.3119,0.5923
37177,0.8288,0.8526,0.7928,0.8189,0.5754
37179,0.2212,0.2654,0.4106,0.6617,0.0799
37181,0.9714,0.9475,0.9714,0.9278,0.816
37183,0.3428,0.2384,0.3606,0.8004,0.3806
37185,0.9701,0.9373,0.9427,0.9363,0.9029
37187,0.9373,0.9704,0.908,0.9042,0.6095
37189,0.4815,0.8829,0.0064,0.2658,0.719
37191,0.9519,0.867,0.9179,0.859,0.9459
37193,0.6244,0.7584,0.6528,0.4055,0.3743
37195,0.9647,0.9726,0.8787,0.8902,0.8596
37197,0.6216,0.7132,0.5675,0.4777,0.4663
37199,0.5996,0.7377,0.7241,0.2276,0.3593
38001,0.2689,0.1343,0.4036,0.1779,0.6598
38003,0.0853,0.0204,0.0786,0.3304,0.4481
38005,0.8135,0.5115,0.9462,0.922,0.7969
38007,0.0579,0.0334,0.0439,0,0.4675
38009,0.0487,0.0347,0.1073,0.289,0.1614
38011,0.1404,0.1123,0.3415,0.1738,0.2607
38013,0.008,0.0048,0.049,0.1983,0.0662
38015,0.2024,0.0477,0.2002,0.3972,0.7285
38017,0.2177,0.1381,0.0608,0.4656,0.7011
38019,0.182,0.12,0.2871,0.1623,0.4392
38021,0.0573,0.0395,0.1423,0.2202,0.1852
38023,0.155,0.2381,0.1824,0.3001,0.1712
38025,0.3921,0.2193,0.5414,0.5137,0.5729
38027,0.4258,0.1537,0.8857,0.3845,0.563
38029,0.0611,0.1311,0.0745,0.0169,0.1665
38031,0.0414,0.0382,0.0551,0.0863,0.233
38033,0.1241,0.0439,0.1365,0.3657,0.4796
38035,0.344,0.3192,0.0328,0.4981,0.8453
38037,0.0898,0.0802,0.2836,0.0863,0.1922
38039,0.0376,0.0181,0.2056,0.0286,0.1474
38041,0.0827,0.318,0.0401,0.3046,0.0411
38043,0.0958,0.2645,0.0512,0.2381,0.1057
38045,0.021,0.0866,0.1655,0.0643,0.0175
38047,0.0201,0.0554,0.1337,0.0169,0.0535
38049,0.057,0.0983,0.1232,0.0735,0.133
38051,0.1229,0.2371,0.0996,0.1127,0.1983
38053,0.465,0.3024,0.2817,0.5939,0.8046
38055,0.049,0.014,0.2136,0.3596,0.1213
38057,0.2234,0.1735,0.239,0.2778,0.4736
38059,0.0512,0.0557,0.0165,0.3421,0.3081
38061,0.613,0.3686,0.6286,0.795,0.7759
38063,0.0506,0.0452,0.1744,0.2454,0.1184
38065,0.2088,0.0891,0.8991,0.2829,0.1349
38067,0.0901,0.2088,0.0382,0.2855,0.1489
38069,0.2247,0.0901,0.6964,0.2148,0.3507
38071,0.4615,0.1938,0.4112,0.5035,0.9045
38073,0.0528,0.0675,0.0261,0.1569,0.302
38075,0.0589,0.0102,0.536,0.2508,0.0824
38077,0.226,0.1143,0.1483,0.3103,0.718
38079,0.8813,0.7778,0.6334,0.9838,0.9335
38081,0.0258,3e-4,0.1814,0.2778,0.1369
38083,0.0325,0.1913,0.0293,0.0045,0.0582
38085,0.881,0.894,0.5019,0.9911,0.8511
38087,0.0095,0.0271,0.3109,0.0589,0.0054
38089,0.2444,0.1875,0.0821,0.4087,0.6601
38091,0.0067,0.001,0.0516,0.0458,0.1111
38093,0.3816,0.3275,0.113,0.2562,0.8514
38095,0.14,0.1776,0.5894,0.3934,0.0366
38097,0.056,0.0325,0.0818,0.2778,0.2463
38099,0.3456,0.1814,0.5468,0.4777,0.5481
38101,0.2524,0.1661,0.022,0.5162,0.8673
38103,0.0866,0.0617,0.1747,0.008,0.3256
38105,0.4491,0.2358,0.5197,0.5751,0.7018
39001,0.7371,0.8778,0.7899,0.0344,0.5672
39003,0.591,0.45,0.7721,0.5481,0.5824
39005,0.3189,0.274,0.2938,0.0735,0.6961
39007,0.8192,0.8733,0.6305,0.3523,0.8577
39009,0.5742,0.7266,0.0169,0.3355,0.9659
39011,0.0337,0.0229,0.204,0.0773,0.1085
39013,0.2346,0.2362,0.1585,0.2202,0.5153
39015,0.3619,0.4764,0.4462,0.0344,0.3727
39017,0.3673,0.295,0.409,0.5519,0.4316
39019,0.2874,0.3224,0.3988,0.0458,0.4077
39021,0.1846,0.2078,0.2702,0.2148,0.2489
39023,0.6798,0.6359,0.8151,0.4854,0.549
39025,0.1509,0.2393,0.1012,0.2094,0.2708
39027,0.4488,0.43,0.5805,0.1983,0.5115
39029,0.4472,0.4405,0.325,0.1852,0.6954
39031,0.5971,0.7225,0.5952,0.0506,0.5917
39033,0.3221,0.4249,0.76,0.0907,0.1388
39035,0.7333,0.6416,0.7066,0.8081,0.6423
39037,0.0808,0.1633,0.3033,0.0458,0.064
39039,0.2011,0.1525,0.5271,0.43,0.1798
39041,0.0204,0.0057,0.1556,0.4822,0.0484
39043,0.2922,0.267,0.4102,0.5137,0.2823
39045,0.2062,0.1645,0.4574,0.4535,0.1948
39047,0.4755,0.6709,0.684,0.2381,0.1824
39049,0.6356,0.5223,0.5315,0.7689,0.6996
39051,0.0996,0.1085,0.4363,0.3616,0.0579
39053,0.4949,0.563,0.3507,0.2046,0.6353
39055,0.1111,0.1219,0.1286,0.0812,0.3243
39057,0.1623,0.1744,0.0783,0.5035,0.3221
39059,0.5598,0.74,0.4013,0.1445,0.5404
39061,0.6006,0.4475,0.5442,0.7419,0.7126
39063,0.1712,0.0955,0.1948,0.3616,0.4519
39065,0.3676,0.4157,0.2495,0.126,0.5999
39067,0.5983,0.6474,0.5181,0.1066,0.74
39069,0.0983,0.0843,0.3746,0.3355,0.1015
39071,0.5652,0.7101,0.492,0.0863,0.5745
39073,0.3393,0.2502,0.6575,0.0506,0.5185
39075,0.4313,0.5159,0.1569,0.0051,0.7931
39077,0.2801,0.3326,0.501,0.3304,0.1906
39079,0.5051,0.7317,0.3982,0.0426,0.4402
39081,0.4176,0.3561,0.3635,0.3189,0.6327
39083,0.2463,0.2845,0.388,0.1127,0.3055
39085,0.1579,0.1801,0.3434,0.3908,0.134
39087,0.4293,0.5598,0.641,0.1127,0.2572
39089,0.2116,0.1445,0.3593,0.3421,0.3482
39091,0.1314,0.1515,0.2473,0.2094,0.2034
39093,0.4679,0.3771,0.6181,0.5802,0.4268
39095,0.7101,0.6827,0.6369,0.7066,0.613
39097,0.2167,0.19,0.2884,0.3794,0.31
39099,0.6378,0.5582,0.7629,0.6184,0.5172
39101,0.5022,0.5111,0.3577,0.3819,0.6467
39103,0.0111,0.0197,0.063,0.1983,0.0442
39105,0.5904,0.7743,0.5261,0.0239,0.5506
39107,0.0207,0.0223,0.1369,0.0812,0.0863
39109,0.0907,0.1505,0.3616,0.2454,0.0446
39111,0.2482,0.3495,0.2632,0.0105,0.353
39113,0.7171,0.5983,0.7533,0.6805,0.6715
39115,0.4287,0.4554,0.5277,0.2702,0.4134
39117,0.1668,0.2104,0.2798,0.0506,0.2626
39119,0.4873,0.5528,0.4211,0.2829,0.5312
39121,0.5143,0.3921,0.4669,0.2454,0.844
39123,0.1267,0.0907,0.226,0.2508,0.2963
39125,0.1474,0.162,0.6868,0.2409,0.0595
39127,0.4768,0.5506,0.4825,0.0286,0.5913
39129,0.318,0.3335,0.3256,0.2276,0.4516
39131,0.6038,0.6232,0.5557,0.0812,0.7718
39133,0.2877,0.3701,0.0337,0.3596,0.6566
39135,0.043,0.0996,0.2018,0.0385,0.0465
39137,0.0105,0.0073,0.2502,0.2409,0.008
39139,0.6566,0.6117,0.5707,0.4574,0.7479
39141,0.6101,0.5777,0.4064,0.3421,0.8297
39143,0.2858,0.2333,0.4526,0.4841,0.2998
39145,0.7511,0.7788,0.4481,0.1945,0.9376
39147,0.2339,0.1865,0.30620000000000003,0.3469,0.3924
39149,0.1957,0.2072,0.4653,0.2276,0.1719
39151,0.323,0.3262,0.3485,0.4319,0.3679
39153,0.4586,0.416,0.5439,0.606,0.3787
39155,0.492,0.5127,0.4293,0.4179,0.5423
39157,0.4424,0.5493,0.436,0.1445,0.4274
39159,0.0223,0.0089,0.0455,0.3552,0.1442
39161,0.0821,0.1225,0.4882,0.1779,0.0318
39163,0.5251,0.7594,0.4258,0.0239,0.4449
39165,0.0516,0.022,0.1311,0.4459,0.1404
39167,0.3374,0.3434,0.3568,0.0907,0.5516
39169,0.4274,0.3714,0.295,0.1738,0.7778
39171,0.134,0.1397,0.3428,0.2276,0.1693
39173,0.176,0.1967,0.0385,0.3845,0.4809
39175,0.099,0.0509,0.4691,0.0977,0.1954
40001,0.9262,0.9325,0.9303,0.9271,0.6432
40003,0.2807,0.281,0.2874,0.4981,0.3272
40005,0.8036,0.7393,0.6645,0.6817,0.8396
40007,0.429,0.4004,0.8565,0.6741,0.1034
40009,0.8024,0.67,0.4987,0.6216,0.972
40011,0.7046,0.5745,0.8889,0.6607,0.5242
40013,0.8746,0.8367,0.8135,0.6805,0.8361
40015,0.9048,0.7508,0.9764,0.8272,0.7906
40017,0.2906,0.2171,0.5388,0.627,0.2323
40019,0.7976,0.6878,0.9332,0.6938,0.6028
40021,0.9491,0.9306,0.7008,0.8915,0.9615
40023,0.9223,0.9456,0.9478,0.7973,0.6149
40025,0.4484,0.366,0.9984,0.6197,0.0095
40027,0.4914,0.4144,0.3281,0.669,0.6314
40029,0.8215,0.8192,0.9472,0.711,0.423
40031,0.9293,0.7998,0.8969,0.837,0.9519
40033,0.5878,0.5952,0.4526,0.6155,0.5637
40035,0.8931,0.746,0.9163,0.7651,0.9147
40037,0.5025,0.429,0.4453,0.6174,0.5808
40039,0.6945,0.606,0.6661,0.7066,0.6604
40041,0.8055,0.9039,0.7887,0.7559,0.3867
40043,0.3074,0.3495,0.5926,0.5274,0.1321
40045,0.4621,0.6785,0.8129,0.4341,0.0522
40047,0.7215,0.6069,0.901,0.6407,0.5213
40049,0.514,0.5274,0.8644,0.6292,0.1566
40051,0.3488,0.2976,0.4745,0.5353,0.3361
40053,0.1948,0.2279,0.7425,0.4243,0.028
40055,0.7094,0.7349,0.6174,0.6353,0.5767
40057,0.7944,0.7766,0.8482,0.8345,0.4774
40059,0.5446,0.578,0.9297,0.6216,0.1095
40061,0.8049,0.9001,0.8743,0.69,0.3227
40063,0.8348,0.8561,0.8205,0.7753,0.5799
40065,0.732,0.6009,0.7753,0.7699,0.6595
40067,0.7957,0.8119,0.9774,0.5939,0.2794
40069,0.8141,0.7763,0.9204,0.6986,0.5458
40071,0.8482,0.7482,0.9618,0.64,0.6617
40073,0.3059,0.3036,0.8501,0.6168,0.0477
40075,0.5824,0.6286,0.7444,0.6353,0.2635
40077,0.8797,0.7989,0.8905,0.7537,0.8033
40079,0.894,0.8651,0.9726,0.6747,0.6384
40081,0.4137,0.4535,0.6136,0.5181,0.212
40083,0.337,0.2985,0.3959,0.5907,0.3339
40085,0.8062,0.7412,0.9784,0.682,0.3886
40087,0.2887,0.2699,0.5678,0.5672,0.168
40089,0.8975,0.8046,0.9822,0.7801,0.6505
40091,0.7836,0.8122,0.7298,0.711,0.5675
40093,0.3195,0.2352,0.8571,0.4799,0.1448
40095,0.7556,0.5964,0.9952,0.7447,0.2435
40097,0.7578,0.7081,0.8666,0.7508,0.4707
40099,0.7518,0.5083,0.9265,0.669,0.7403
40101,0.9761,0.9223,0.9252,0.8421,0.9812
40103,0.3708,0.3205,0.6222,0.5395,0.2603
40105,0.6674,0.796,0.5589,0.7276,0.3491
40107,0.866,0.9157,0.3966,0.7871,0.8931
40109,0.825,0.7425,0.8399,0.837,0.6808
40111,0.8912,0.846,0.7992,0.7718,0.888
40113,0.6082,0.6279,0.4338,0.761,0.5105
40115,0.9398,0.8495,0.9698,0.7508,0.874
40117,0.4475,0.4306,0.514,0.6085,0.337
40119,0.5411,0.7298,0.0111,0.5996,0.895
40121,0.8631,0.8039,0.8558,0.7005,0.8008
40123,0.6601,0.5767,0.7145,0.7447,0.536
40125,0.7533,0.6986,0.656,0.6595,0.7444
40127,0.8784,0.8918,0.8943,0.684,0.6502
40129,0.261,0.5455,0.3921,0.5115,0.0258
40131,0.3603,0.2616,0.557,0.6655,0.3084
40133,0.9586,0.9516,0.9532,0.7514,0.8479
40135,0.8622,0.9169,0.8749,0.7728,0.4927
40137,0.6903,0.7209,0.8845,0.5554,0.3211
40139,0.8835,0.8256,0.6805,0.9122,0.8953
40141,0.9322,0.8094,0.9895,0.8065,0.7403
40143,0.7753,0.712,0.7966,0.7801,0.6012
40145,0.4822,0.3778,0.7896,0.6763,0.2893
40147,0.5073,0.4876,0.7743,0.6544,0.2358
40149,0.5694,0.4714,0.895,0.5035,0.3647
40151,0.4433,0.5423,0.1935,0.507,0.4577
40153,0.6178,0.4656,0.8269,0.5554,0.5761
41001,0.6022,0.6162,0.6009,0.3218,0.6187
41003,0.4443,0.4889,0.0232,0.5554,0.8616
41005,0.3004,0.2212,0.3151,0.5353,0.4465
41007,0.5608,0.4446,0.5751,0.493,0.7015
41009,0.31,0.3797,0.2142,0.3819,0.3864
41011,0.7591,0.7164,0.6512,0.4634,0.8351
41013,0.4644,0.4962,0.7034,0.3762,0.2724
41015,0.6264,0.5617,0.5045,0.4395,0.7896
41017,0.3122,0.4083,0.2199,0.4147,0.3164
41019,0.6279,0.5707,0.5697,0.4007,0.7451
41021,0.3756,0.5325,0.112,0.4125,0.4322
41023,0.5286,0.6649,0.5729,0.2928,0.3596
41025,0.5436,0.4532,0.4707,0.4179,0.7594
41027,0.6642,0.4924,0.4274,0.7543,0.8826
41029,0.6976,0.5694,0.6359,0.5509,0.8215
41031,0.9179,0.8348,0.9341,0.8055,0.8679
41033,0.7126,0.7864,0.5426,0.4367,0.6649
41035,0.8673,0.8561,0.874,0.5977,0.7537
41037,0.8256,0.7428,0.7718,0.4777,0.9064
41039,0.7336,0.6722,0.458,0.5274,0.9013
41041,0.7151,0.7075,0.8065,0.5274,0.522
41043,0.6738,0.6652,0.6916,0.4736,0.606
41045,0.9943,0.9233,0.9653,0.7871,0.9984
41047,0.8857,0.7524,0.8479,0.7447,0.9316
41049,0.7225,0.6248,0.8345,0.8052,0.4866
41051,0.577,0.4831,0.1146,0.6964,0.9271
41053,0.5099,0.4322,0.5898,0.5866,0.5041
41055,0.3281,0.2202,0.7572,0.3682,0.288
41057,0.5968,0.4227,0.8304,0.4799,0.6203
41059,0.9475,0.7476,0.9574,0.7358,0.9882
41061,0.675,0.4815,0.7161,0.3682,0.8966
41063,0.3059,0.1439,0.6595,0.2454,0.5436
41065,0.8778,0.6633,0.8765,0.6337,0.9685
41067,0.3495,0.2533,0.2094,0.7406,0.535
41069,0.3574,0.4077,0.2906,0.4367,0.3877
41071,0.5999,0.3405,0.5487,0.5996,0.8991
42001,0.2072,0.2241,0.2759,0.3596,0.2447
42003,0.2944,0.1973,0.1649,0.5786,0.6123
42005,0.1735,0.2438,0.197,0.0169,0.3036
42007,0.2447,0.17,0.3784,0.3542,0.4048
42009,0.1435,0.3291,0.1092,0.0239,0.1871
42011,0.6384,0.5277,0.725,0.6763,0.5764
42013,0.3768,0.3265,0.4328,0.1359,0.6117
42015,0.395,0.3819,0.4055,0.0643,0.6276
42017,0.1372,0.1181,0.1665,0.5083,0.2234
42019,0.0812,0.063,0.0271,0.126,0.536
42021,0.3326,0.2451,0.324,0.2276,0.6782
42023,0.5506,0.5958,0.6381,0.1181,0.5789
42025,0.2664,0.3507,0.3189,0.2966,0.2422
42027,0.3033,0.3418,0.0022,0.4478,0.9628
42029,0.1665,0.0977,0.168,0.5672,0.3577
42031,0.3657,0.4809,0.1063,0.0643,0.6935
42033,0.5649,0.5315,0.4577,0.2148,0.8109
42035,0.5191,0.6324,0.2374,0.0863,0.7613
42037,0.2209,0.303,0.0299,0.212,0.605
42039,0.5019,0.4819,0.5095,0.126,0.7142
42041,0.1961,0.1108,0.1709,0.4605,0.4815
42043,0.5315,0.3173,0.6308,0.7435,0.6464
42045,0.5477,0.3377,0.5035,0.726,0.7597
42047,0.0656,0.1283,0.1257,0.013,0.1432
42049,0.6464,0.4465,0.6948,0.4885,0.8345
42051,0.577,0.5551,0.5474,0.2753,0.7094
42053,0.5617,0.4866,0.4535,0.6649,0.6318
42055,0.3154,0.3288,0.543,0.3972,0.2336
42057,0.1451,0.3024,0.2027,0.0589,0.1394
42059,0.3482,0.2562,0.1661,0.2202,0.8425
42061,0.3332,0.233,0.3399,0.3119,0.6439
42063,0.5366,0.6413,0.1416,0.1903,0.8463
42065,0.2632,0.332,0.2323,0.013,0.4704
42067,0.4351,0.4058,0.3698,0.1738,0.676
42069,0.5449,0.337,0.7467,0.4799,0.6801
42071,0.5586,0.5006,0.353,0.5315,0.7447
42073,0.4787,0.4621,0.6461,0.2753,0.4755
42075,0.62,0.5175,0.726,0.5315,0.6171
42077,0.7384,0.5687,0.7508,0.7575,0.7508
42079,0.6346,0.4822,0.817,0.5439,0.6206
42081,0.4653,0.4258,0.2861,0.3253,0.7467
42083,0.4357,0.4036,0.4367,0.2046,0.6171
42085,0.5496,0.381,0.5796,0.3253,0.839
42087,0.4752,0.5656,0.508,0.0589,0.5267
42089,0.3994,0.5417,0.3008,0.7397,0.1766
42091,0.2142,0.1095,0.2107,0.6232,0.4271
42093,0.3472,0.1887,0.3367,0.289,0.7826
42095,0.3517,0.2607,0.2903,0.6127,0.5248
42097,0.4262,0.2864,0.5274,0.2562,0.6976
42099,0.1365,0.2342,0.1041,0.0812,0.2619
42101,0.9484,0.9137,0.8402,0.9478,0.9118
42103,0.2123,0.4472,0.3504,0.5554,0.0191
42105,0.4803,0.5414,0.6836,0.0302,0.45
42107,0.4316,0.3892,0.5331,0.3103,0.4946
42109,0.2438,0.3148,0.0624,0.0863,0.6388
42111,0.3377,0.2753,0.2387,0.1569,0.7549
42113,0.346,0.3456,0.6038,0.1983,0.3195
42115,0.2218,0.4583,0.2158,0.0344,0.1703
42117,0.3011,0.451,0.1989,0.0385,0.4332
42119,0.3759,0.3603,0.07,0.4701,0.7619
42121,0.3651,0.3711,0.3816,0.0703,0.5707
42123,0.1477,0.1365,0.2922,0.0547,0.3297
42125,0.1859,0.1203,0.1639,0.2562,0.5325
42127,0.332,0.38,0.3456,0.3141,0.367
42129,0.1203,0.0939,0.1318,0.1779,0.3975
42131,0.1289,0.1808,0.0872,0.2613,0.2664
42133,0.3323,0.2747,0.4758,0.5083,0.3511
44001,0.1544,0.1556,0.0656,0.289,0.4752
44003,0.2183,0.2116,0.2234,0.3934,0.3176
44005,0.3027,0.2101,0.3393,0.4478,0.508
44007,0.7893,0.6308,0.6136,0.7919,0.9052
44009,0.1257,0.184,0.0875,0.2966,0.2301
45001,0.8281,0.8055,0.6238,0.7015,0.8587
45003,0.668,0.6585,0.6719,0.726,0.4825
45005,0.9975,0.9911,0.9367,0.9803,0.9863
45007,0.6871,0.6168,0.6241,0.5923,0.7171
45009,0.9173,0.9032,0.6349,0.9421,0.9271
45011,0.9577,0.9332,0.8975,0.8743,0.9137
45013,0.507,0.3736,0.5391,0.7062,0.5691
45015,0.6213,0.5067,0.6518,0.7642,0.5792
45017,0.8068,0.7661,0.7836,0.8517,0.627
45019,0.4519,0.4529,0.1053,0.7406,0.6362
45021,0.7155,0.8479,0.4166,0.6502,0.542
45023,0.648,0.6843,0.5073,0.8055,0.457
45025,0.9316,0.8956,0.9042,0.7934,0.8609
45027,0.9758,0.9297,0.86,0.8842,0.9901
45029,0.8701,0.8937,0.7756,0.8272,0.6639
45031,0.9303,0.888,0.8822,0.8485,0.866
45033,0.9599,0.9714,0.8762,0.895,0.8275
45035,0.6461,0.6445,0.6518,0.7533,0.4233
45037,0.8304,0.8004,0.7116,0.8208,0.7486
45039,0.7304,0.7409,0.3641,0.9354,0.6738
45041,0.8453,0.7406,0.6165,0.8682,0.9179
45043,0.7037,0.7686,0.6773,0.7435,0.3997
45045,0.6041,0.4577,0.5821,0.7104,0.6875
45047,0.9169,0.8698,0.8393,0.7995,0.902
45049,0.853,0.7868,0.7772,0.9204,0.7588
45051,0.7368,0.7658,0.7664,0.5891,0.5146
45053,0.9433,0.9624,0.7272,0.9071,0.8775
45055,0.4879,0.6461,0.5958,0.7015,0.1314
45057,0.5165,0.4863,0.6722,0.682,0.3129
45059,0.9061,0.9376,0.7613,0.711,0.8447
45061,0.9265,0.9637,0.2377,0.9551,0.9784
45063,0.4984,0.4166,0.5815,0.6308,0.4707
45065,0.5872,0.5547,0.3358,0.8698,0.5837
45067,0.9354,0.9784,0.7518,0.9338,0.7257
45069,0.9892,0.9927,0.8122,0.9284,0.9647
45071,0.8227,0.7123,0.9322,0.795,0.6152
45073,0.7817,0.7327,0.8982,0.4701,0.6445
45075,0.8924,0.9421,0.5611,0.9532,0.8157
45077,0.5659,0.6604,0.0411,0.4459,0.9185
45079,0.781,0.7008,0.4777,0.9166,0.831
45081,0.8826,0.8609,0.803,0.8055,0.7864
45083,0.7772,0.6531,0.7562,0.7091,0.7782
45085,0.9179,0.8883,0.7202,0.8988,0.9173
45087,0.8571,0.8138,0.7463,0.747,0.832
45089,0.964,0.8705,0.8603,0.9593,0.9838
45091,0.3727,0.3087,0.3861,0.684,0.3756
46003,0.1569,0.1213,0.5083,0.3657,0.1521
46005,0.6044,0.3689,0.6913,0.6114,0.781
46007,0.8743,0.9653,0.7034,0.9532,0.4462
46009,0.1789,0.3269,0.0398,0.4179,0.24
46011,0.1416,0.1655,0.0092,0.3355,0.6852
46013,0.2008,0.1044,0.1375,0.4243,0.5942
46015,0.2966,0.1881,0.1598,0.4885,0.6951
46017,0.9863,0.999,0.7667,0.9895,0.9236
46019,0.4997,0.6254,0.3899,0.3253,0.443
46021,0.0236,0.0201,0.0703,0.0073,0.184
46023,0.7288,0.8851,0.1601,0.768,0.682
46025,0.1445,0.212,0.4497,0.1903,0.0856
46027,0.5684,0.6289,0.015,0.4179,0.9889
46029,0.3466,0.2514,0.3192,0.2562,0.6929
46031,0.7575,0.9185,0.2097,0.9682,0.5356
46033,0.3453,0.317,0.1712,0.3332,0.6725
46035,0.3291,0.3014,0.1496,0.3141,0.6903
46037,0.1353,0.2791,0.0885,0.4319,0.1146
46039,0.0344,0.0589,0.1983,0.0426,0.0643
46041,0.8224,0.9316,0.1891,0.9825,0.7785
46043,0.2365,0.3049,0.1264,0.1359,0.4609
46045,0.0089,0.0264,0.0732,0.0458,0.0398
46047,0.5509,0.5735,0.3927,0.4682,0.612
46049,0.2546,0.2788,0.1025,0.0589,0.6811
46051,0.0929,0.0875,0.3004,0.2336,0.141
46053,0.1582,0.2444,0.1703,0.3934,0.15310000000000001
46055,0.3052,0.2743,0.1964,0.1445,0.7027
46057,0.1238,0.0863,0.4134,0.2046,0.1935
46059,0.0347,0.0029,0.1235,0.0302,0.2826
46061,0.0022,0.0404,0.1381,0.008,0
46063,0.0293,0.0175,0.0038,0.2276,0.5547
46065,0.3701,0.0592,0.1789,0.5242,0.9927
46067,0.1741,0.1127,0.585,0.2562,0.1961
46069,0.0051,0.0041,0.0159,0.3657,0.0687
46071,0.9793,0.9908,0.3864,0.9325,0.9971
46073,0.1311,0.0388,0.303,0.2046,0.4465
46075,0.1283,0.0761,0.0805,0.4535,0.4163
46077,0.0461,0.0481,0.0913,0.0105,0.1999
46079,0.15310000000000001,0.1407,0.1248,0.2046,0.437
46081,0.338,0.3351,0.0891,0.3084,0.747
46083,0.0395,0.0124,0.3141,0.2381,0.0703
46085,0.7708,0.6674,0.7785,0.8348,0.6518
46087,0.0792,0.1279,0.2327,0.1903,0.0847
46089,0.1114,0.1903,0.1922,0.0907,0.1505
46091,0.112,0.0493,0.472,0.4949,0.1273
46093,0.19,0.2734,0.0395,0.4087,0.3631
46095,0.8463,0.9211,0.1197,0.9338,0.9414
46097,0.1525,0.1394,0.7129,0.0812,0.1114
46099,0.4013,0.1677,0.5484,0.5242,0.7072
46101,0.2731,0.0942,0.5971,0.6085,0.4102
46102,0.9911,1,0.6731,0.9981,0.9803
46103,0.5726,0.4402,0.4806,0.5579,0.7785
46105,0.3342,0.1518,0.2505,0.2508,0.9023
46107,0.0372,0.0283,0.0843,0.2409,0.1515
46109,0.7409,0.7018,0.6715,0.8285,0.5866
46111,0.0837,0.1136,0.2568,0.1945,0.098
46115,0.0554,0.0376,0.1913,0.2241,0.147
46117,0.015,6e-4,0.0369,0.4125,0.1419
46119,0.0302,0.0086,0.1349,0.1983,0.1458
46121,0.9628,0.9822,0.4774,0.9968,0.9698
46123,0.5121,0.4901,0.7097,0.5395,0.3351
46125,0.0856,0.0786,0.522,0.0907,0.0796
46127,0.0697,0.0363,0.4249,0.3046,0.0853
46129,0.4838,0.3361,0.5245,0.5672,0.6454
46135,0.2737,0.1448,0.2438,0.3819,0.6859
46137,0.9106,0.9586,0.2171,0.9787,0.9704
47001,0.6299,0.5719,0.7447,0.3616,0.6254
47003,0.6989,0.7024,0.8689,0.6044,0.3641
47005,0.4418,0.698,0.5321,0.0703,0.204
47007,0.6757,0.7976,0.3985,0.3889,0.6703
47009,0.2842,0.3501,0.2053,0.3046,0.3854
47011,0.7292,0.6996,0.7393,0.451,0.6948
47013,0.7568,0.8822,0.5567,0.0302,0.8237
47015,0.3144,0.4742,0.24,0.1569,0.3428
47017,0.5493,0.5,0.5592,0.4701,0.5983
47019,0.6454,0.8049,0.6353,0.1181,0.5169
47021,0.2763,0.3479,0.3584,0.2562,0.2597
47023,0.5064,0.6792,0.3094,0.451,0.4013
47025,0.6369,0.8456,0.464,0.0812,0.5732
47027,0.6477,0.7091,0.8927,0.1181,0.4198
47029,0.6814,0.8994,0.8011,0.2046,0.2575
47031,0.5414,0.4975,0.8466,0.3845,0.3561
47033,0.7594,0.7196,0.9682,0.6416,0.3154
47035,0.4328,0.6305,0.4962,0.1327,0.253
47037,0.6916,0.6725,0.3087,0.8313,0.7693
47039,0.3679,0.7447,0.1521,0.2562,0.175
47041,0.6267,0.7342,0.5229,0.3845,0.5347
47043,0.3463,0.3676,0.4567,0.3421,0.3237
47045,0.6973,0.7995,0.8892,0.5554,0.2215
47047,0.4656,0.506,0.5939,0.7126,0.2053
47049,0.4628,0.6922,0.661,0.0302,0.2037
47051,0.528,0.5525,0.7053,0.3705,0.3835
47053,0.7829,0.7358,0.9153,0.6104,0.5337
47055,0.4844,0.5108,0.3348,0.4822,0.5614
47057,0.5045,0.7011,0.5506,0.1623,0.3119
47059,0.5885,0.6591,0.7193,0.212,0.4548
47061,0.8186,0.909,0.8189,0.4087,0.5863
47063,0.8689,0.9153,0.8953,0.5274,0.6378
47065,0.5404,0.5086,0.4408,0.6731,0.5493
47067,0.8367,0.9268,0.8335,0.0239,0.8119
47069,0.8889,0.9694,0.6194,0.8517,0.6684
47071,0.5216,0.6856,0.5742,0.2562,0.3253
47073,0.5796,0.6741,0.6617,0.0907,0.5376
47075,0.8816,0.9115,0.9099,0.9064,0.4835
47077,0.6162,0.7492,0.4437,0.4023,0.5226
47079,0.6133,0.5945,0.7269,0.4125,0.5286
47081,0.3386,0.4558,0.0773,0.3141,0.5869
47083,0.4946,0.6432,0.5076,0.2613,0.3657
47085,0.3068,0.7094,0.1213,0.2778,0.1244
47087,0.6155,0.8574,0.4357,0.1127,0.4885
47089,0.563,0.5684,0.7498,0.2409,0.4806
47091,0.6337,0.662,0.2976,0.2276,0.8969
47093,0.3498,0.3762,0.19,0.5181,0.444
47095,0.9526,0.9777,0.3491,0.7171,0.9959
47097,0.972,0.9363,0.93,0.7903,0.9558
47099,0.802,0.9029,0.9328,0.1983,0.4745
47101,0.5111,0.7677,0.4841,0.1983,0.2763
47103,0.4539,0.3982,0.6458,0.4271,0.3959
47105,0.2479,0.2896,0.3081,0.4087,0.2365
47107,0.6537,0.7511,0.6938,0.3596,0.4602
47109,0.4144,0.747,0.3495,0.3355,0.1184
47111,0.5611,0.7572,0.6563,0.2753,0.2654
47113,0.8536,0.8523,0.739,0.837,0.7171
47115,0.4271,0.6391,0.4484,0.2658,0.2081
47117,0.4933,0.6499,0.683,0.4736,0.1595
47119,0.3278,0.3558,0.4125,0.564,0.2279
47121,0.4978,0.7202,0.2753,0.2046,0.4644
47123,0.6474,0.7588,0.7377,0.3103,0.4109
47125,0.5589,0.4905,0.7766,0.7651,0.3001
47127,0.1108,0.2954,0.0691,0.2148,0.1076
47129,0.6884,0.9246,0.2788,0.2855,0.6022
47131,0.7626,0.7893,0.9137,0.5274,0.4093
47133,0.4497,0.6448,0.5672,0.0458,0.2775
47135,0.5487,0.852,0.3673,0.2702,0.2791
47137,0.2794,0.4462,0.4217,0.0302,0.2129
47139,0.4666,0.732,0.2524,0.212,0.3587
47141,0.6365,0.7645,0.5299,0.3845,0.5111
47143,0.7505,0.8125,0.9519,0.3332,0.353
47145,0.3205,0.3889,0.1926,0.2202,0.5089
47147,0.3097,0.3924,0.5165,0.5115,0.1359
47149,0.3975,0.3437,0.5465,0.6862,0.2686
47151,0.7454,0.9424,0.8409,0.013,0.4017
47153,0.5401,0.7257,0.6127,0.1983,0.3205
47155,0.6633,0.7422,0.6766,0.3396,0.5388
47157,0.8803,0.8803,0.7737,0.9446,0.6814
47159,0.3861,0.4602,0.5694,0.2658,0.2638
47161,0.295,0.4612,0.1932,0.2702,0.2887
47163,0.5452,0.6601,0.585,0.1945,0.4535
47165,0.3001,0.2658,0.5411,0.5022,0.2384
47167,0.3937,0.4631,0.5843,0.6197,0.1483
47169,0.3141,0.6706,0.0245,0.5083,0.2565
47171,0.6286,0.684,0.8195,0.2276,0.436
47173,0.5105,0.6833,0.4593,0.0385,0.499
47175,0.5767,0.6992,0.5579,0.0589,0.5837
47177,0.7836,0.7097,0.9386,0.4605,0.613
47179,0.6136,0.6044,0.4192,0.3762,0.7829
47181,0.7406,0.7139,0.3969,0.3396,0.9478
47183,0.6404,0.697,0.3838,0.4211,0.712
47185,0.4691,0.7524,0.4873,0.1983,0.19
47187,0.0213,0.0115,0.1426,0.4854,0.0379
47189,0.1738,0.1276,0.4278,0.4854,0.1728
48001,0.8428,0.7575,0.4208,0.8094,0.9691
48003,0.6419,0.6219,0.6935,0.9252,0.3125
48005,0.9889,0.9491,0.9825,0.7919,0.9609
48007,0.9376,0.9344,0.8612,0.7171,0.8931
48009,0.2301,0.394,0.584,0.3736,0.0321
48011,0.1356,0.0522,0.2686,0.3657,0.3816
48013,0.7877,0.7285,0.7721,0.9542,0.5681
48015,0.7613,0.6566,0.9465,0.7753,0.4192
48017,0.7928,0.5102,0.7906,0.9577,0.8842
48019,0.6104,0.5926,0.7139,0.6015,0.4303
48021,0.8008,0.7126,0.6906,0.8733,0.761
48023,0.3087,0.3628,0.415,0.5465,0.1881
48025,0.9472,0.9577,0.6133,0.9609,0.9421
48027,0.9214,0.8246,0.8816,0.9004,0.9058
48029,0.92490000000000006,0.8988,0.881,0.971,0.7648
48031,0.3297,0.3485,0.5283,0.6165,0.1722
48033,0.3396,0.0716,0.992,0.4822,0.1735
48035,0.6486,0.486,0.937,0.5964,0.4437
48037,0.8581,0.7059,0.6827,0.7559,0.964
48039,0.6174,0.4198,0.528,0.8921,0.7342
48041,0.8132,0.8224,0.2397,0.8421,0.9338
48043,0.7849,0.7884,0.5993,0.8778,0.6429
48045,0.5197,0.7957,0.5987,0.8049,0.0487
48047,0.9764,0.8421,0.9889,0.9965,0.9322
48049,0.7855,0.6238,0.7982,0.6674,0.8259
48051,0.5226,0.3886,0.6044,0.7492,0.5118
48053,0.6076,0.5118,0.7903,0.6416,0.4624
48055,0.9055,0.7635,0.7947,0.9297,0.9554
48057,0.7393,0.5713,0.8237,0.9179,0.5907
48059,0.2778,0.402,0.6639,0.4367,0.0512
48061,0.9828,0.9876,0.9198,0.9959,0.8663
48063,0.8717,0.9303,0.9306,0.8412,0.3781
48065,0.0379,0.0385,0.1814,0.4478,0.036
48067,0.8393,0.8237,0.8517,0.6073,0.7193
48069,0.8409,0.6197,0.9074,0.9586,0.7934
48071,0.4742,0.5799,0.4204,0.7247,0.2349
48073,0.9494,0.9071,0.8768,0.7919,0.9389
48075,0.718,0.9227,0.465,0.8421,0.2527
48077,0.2295,0.1951,0.733,0.3523,0.1149
48079,0.9026,0.9408,0.8265,0.9437,0.6458
48081,0.4924,0.3756,0.951,0.627,0.1725
48083,0.6117,0.6537,0.8313,0.6015,0.2486
48085,0.2931,0.2215,0.4768,0.8358,0.1884
48087,0.9624,0.9087,0.9901,0.8297,0.7638
48089,0.7339,0.5261,0.7823,0.8348,0.7438
48091,0.2992,0.2425,0.4313,0.7199,0.2425
48093,0.6913,0.5662,0.8883,0.6964,0.4771
48095,0.4987,0.3199,0.6544,0.8329,0.4621
48097,0.6394,0.492,0.8606,0.6197,0.5143
48099,0.816,0.7451,0.6976,0.8135,0.7845
48101,0.8651,0.8208,0.9994,0.7301,0.2276
48103,0.6388,0.3682,0.3011,0.9634,0.9379
48105,0.7027,0.5516,0.7839,0.9408,0.5353
48107,0.9278,0.8555,0.9971,0.9278,0.4796
48109,0.985,0.9322,0.9955,0.9924,0.8195
48111,0.6305,0.6906,0.5143,0.8603,0.3743
48113,0.8899,0.9255,0.7339,0.9682,0.6897
48115,0.9908,0.9854,0.9806,0.9567,0.8504
48117,0.7654,0.6782,0.7919,0.9777,0.5188
48119,0.3504,0.5216,0.4755,0.5439,0.1018
48121,0.3447,0.2912,0.3759,0.8081,0.2845
48123,0.874,0.8294,0.6579,0.8469,0.888
48125,0.8829,0.8705,0.9685,0.7139,0.5318
48127,1,0.9952,0.9987,0.9933,0.9529
48129,0.3383,0.3234,0.2995,0.5439,0.4061
48131,0.9825,0.8577,0.9975,0.9952,0.8988
48133,0.8237,0.6957,0.8701,0.5672,0.8434
48135,0.8985,0.8924,0.7861,0.9605,0.7673
48137,0.6735,0.6423,0.9927,0.8857,0.056
48139,0.5334,0.4348,0.6983,0.7989,0.3596
48141,0.9803,0.9838,0.9118,0.992,0.8781
48143,0.7998,0.8211,0.2689,0.6337,0.9481
48145,0.9905,0.9866,0.7568,0.8724,0.9962
48147,0.5681,0.6095,0.3536,0.5716,0.5827
48149,0.4535,0.3355,0.5872,0.6712,0.4115
48151,0.2441,0.2285,0.8001,0.7199,0.0267
48153,0.7616,0.5863,0.972,0.9402,0.344
48155,0.6881,0.88,0.5436,0.6785,0.2861
48157,0.4513,0.4099,0.5659,0.9561,0.1945
48159,0.4309,0.4052,0.8078,0.5742,0.1569
48161,0.8472,0.626,0.9675,0.7276,0.7794
48163,0.9838,0.9067,0.9408,0.9873,0.987
48165,0.7584,0.5901,0.8759,0.8412,0.6088
48167,0.7352,0.6518,0.7018,0.8224,0.6254
48169,0.6359,0.7441,0.1241,0.9297,0.6136
48171,0.5923,0.5382,0.5834,0.6321,0.5643
48173,0.352,0.5468,0.3616,0.7903,0.0668
48175,0.543,0.4774,0.6677,0.8141,0.3466
48177,0.8867,0.6006,0.9841,0.9192,0.8043
48179,0.7759,0.7829,0.6356,0.7642,0.6458
48181,0.6741,0.564,0.8386,0.627,0.5379
48183,0.9128,0.838,0.8877,0.8208,0.8896
48185,0.8749,0.7979,0.8189,0.8119,0.8355
48187,0.5331,0.4026,0.6884,0.8784,0.3819
48189,0.9313,0.8074,0.8584,0.9519,0.9468
48191,0.9045,0.8991,0.9981,0.8348,0.2766
48193,0.5882,0.5022,0.9036,0.4841,0.3663
48195,0.7638,0.9675,0.7976,0.8724,0.0802
48197,0.6445,0.599,0.8205,0.7193,0.3479
48199,0.4889,0.4048,0.7969,0.4319,0.3822
48201,0.8953,0.9532,0.7432,0.9669,0.6372
48203,0.8959,0.8491,0.9335,0.7623,0.7699
48205,0.5964,0.4115,0.4764,0.795,0.7702
48207,0.9386,0.8666,0.9812,0.747,0.7798
48209,0.6585,0.6957,0.161,0.8616,0.7572
48211,0.6941,0.592,0.9446,0.7801,0.3116
48213,0.859,0.8717,0.802,0.5891,0.7683
48215,0.9882,0.9981,0.9227,0.9975,0.8237
48217,0.8781,0.7581,0.9666,0.6795,0.7432
48219,0.9395,0.8606,0.8873,0.8927,0.9195
48221,0.4545,0.4395,0.4265,0.4799,0.4701
48223,0.6801,0.655,0.7438,0.6464,0.4971
48225,0.9465,0.8749,0.9109,0.7747,0.944
48227,0.9096,0.8558,0.81,0.8873,0.8947
48229,0.9997,0.9924,0.987,0.986,0.994
48231,0.8842,0.81,0.7085,0.669,0.9567
48233,0.45,0.6292,0.7406,0.6849,0.0417
48235,0.3746,0.5449,0.1996,0.7091,0.1951
48237,0.8167,0.6731,0.7091,0.5964,0.9405
48239,0.7645,0.6483,0.8896,0.8081,0.5395
48241,0.9424,0.9446,0.9529,0.6292,0.8186
48243,0.6044,0.6614,0.4558,0.6649,0.4742
48245,0.9554,0.9188,0.9112,0.9233,0.8978
48247,0.9679,0.9682,0.9936,0.9971,0.4634
48249,0.8628,0.7454,0.9672,0.9847,0.5258
48251,0.6108,0.5073,0.6696,0.669,0.5853
48253,0.6362,0.7145,0.4083,0.8444,0.4281
48255,0.8469,0.6015,0.6544,0.9446,0.9714
48257,0.7008,0.6817,0.7234,0.7775,0.4599
48259,0.2244,0.168,0.5293,0.6572,0.1407
48261,0.6649,0.6337,0.965,0.9994,0.0964
48263,0.1731,0.0547,0.5974,0.4233,0.2521
48265,0.7842,0.5783,0.8635,0.7043,0.8036
48267,0.627,0.6757,0.6961,0.6528,0.338
48269,0.3215,0.9058,0.2715,0.571,0.0016
48271,0.7132,0.5541,0.8536,0.9297,0.4857
48273,0.9876,0.9701,0.8415,0.9822,0.9876
48275,0.7339,0.6264,0.9879,0.8167,0.184
48277,0.8523,0.8017,0.9739,0.6407,0.5261
48279,0.8848,0.7915,0.986,0.9297,0.4672
48281,0.7002,0.7037,0.7212,0.6544,0.494
48283,0.8679,0.7568,0.705,0.9908,0.8813
48285,0.5812,0.2909,0.8542,0.6432,0.6792
48287,0.7031,0.6025,0.7206,0.76,0.6104
48289,0.7295,0.7842,0.9558,0.6114,0.2085
48291,0.9787,0.965,0.8323,0.7763,0.9889
48293,0.9414,0.9147,0.9539,0.8173,0.7966
48295,0.6505,0.5442,0.9914,0.7559,0.1178
48297,0.7995,0.654,0.8628,0.8272,0.6957
48299,0.6652,0.8027,0.6391,0.4395,0.4153
48301,0.1334,0.0407,0.5341,0,0.3873
48303,0.8269,0.8129,0.4809,0.859,0.8619
48305,0.8345,0.8176,0.9809,0.8768,0.268
48307,0.7782,0.7562,0.9236,0.7934,0.3673
48309,0.9144,0.8695,0.8405,0.837,0.8857
48311,0.7202,0.6101,0.9647,0.9453,0.2244
48313,0.832,0.5996,0.5223,0.8485,0.9924
48315,0.7043,0.7849,0.7511,0.6731,0.3342
48317,0.3931,0.3211,0.6127,0.8686,0.1868
48319,0.4373,0.4943,0.9742,0.6015,0.013
48321,0.9341,0.9414,0.9239,0.9087,0.6945
48323,0.9822,0.9971,0.9341,0.9997,0.7266
48325,0.7463,0.4316,0.8243,0.9122,0.8377
48327,0.7702,0.668,0.8211,0.7855,0.6292
48329,0.6614,0.5242,0.6731,0.9023,0.5878
48331,0.8806,0.8631,0.9644,0.7728,0.5076
48333,0.5993,0.6792,0.9755,0.6197,0.0573
48335,0.5656,0.3966,0.2292,0.8842,0.8488
48337,0.6776,0.7072,0.9484,0.4443,0.2696
48339,0.5293,0.4567,0.4726,0.7377,0.5414
48341,0.8001,0.6384,0.6738,0.9577,0.8342
48343,0.7915,0.6738,0.9656,0.7495,0.4583
48345,0.4446,0.3654,0.9602,0.5697,0.0882
48347,0.9965,0.9844,0.9211,0.8011,0.9978
48349,0.958,0.9042,0.9828,0.837,0.775
48351,0.8596,0.9306,0.6171,0.6445,0.774
48353,0.9707,0.8854,0.9959,0.8485,0.7947
48355,0.9233,0.9176,0.7527,0.9669,0.846
48357,0.8109,0.7874,0.8746,0.9131,0.4583
48359,0.1528,0.1286,0.0672,0.6127,0.3679
48361,0.6206,0.4618,0.839,0.5481,0.5777
48363,0.7887,0.7578,0.9166,0.6292,0.5102
48365,0.6954,0.5347,0.8004,0.6445,0.6824
48367,0.3116,0.4001,0.2782,0.5035,0.2553
48369,0.5748,0.5831,0.4714,0.9507,0.3456
48371,0.9115,0.6031,0.6856,0.9752,0.999
48373,0.9453,0.937,0.9481,0.6674,0.8539
48375,0.9774,0.9332,0.8574,0.9071,0.9914
48377,0.9994,0.9975,1,0.986,0.6496
48379,0.4115,0.4739,0.5554,0.4535,0.2384
48381,0.3584,0.2584,0.3991,0.6795,0.4179
48383,0.4936,0.6626,0.2069,0.9707,0.2241
48385,0.8106,0.5977,0.9605,0.627,0.7546
48387,0.6509,0.7919,0.2575,0.6416,0.5961
48389,0.9042,0.9141,0.5745,0.9793,0.8912
48391,0.929,0.8418,0.9946,0.9188,0.5567
48393,0.1139,0.0777,0.1467,0.4586,0.2594
48395,0.8568,0.7616,0.9488,0.8208,0.6343
48397,0.1407,0.1088,0.366,0.684,0.0942
48399,0.543,0.5904,0.9048,0.7794,0.0827
48401,0.7979,0.7301,0.74,0.7575,0.7412
48403,0.5239,0.8848,0.4239,0.4605,0.0977
48405,0.9389,0.92490000000000006,0.9351,0.6929,0.8482
48407,0.7231,0.8877,0.7642,0.6308,0.2206
48409,0.9201,0.8533,0.9745,0.9363,0.6451
48411,0.7763,0.7938,0.6957,0.7514,0.5757
48413,0.7069,0.9348,0.6572,0.9083,0.1082
48415,0.7699,0.6897,0.6092,0.8673,0.7441
48417,0.7416,0.6467,0.9847,0.4535,0.3504
48419,0.9596,0.8943,0.9911,0.7775,0.775
48421,0.4198,0.4064,0.443,0.8568,0.2314
48423,0.8189,0.7737,0.7603,0.7995,0.7116
48425,0.5481,0.4666,0.6865,0.5538,0.4987
48427,0.986,0.9955,0.9787,1,0.64
48429,0.9589,0.9752,0.9621,0.6785,0.7603
48431,0.2511,0.2899,0.3768,0.7753,0.0958
48433,0.4962,0.5637,0.3466,0.6384,0.4083
48435,0.7495,0.7158,0.8819,0.9586,0.3065
48437,0.9796,0.9799,0.9729,0.8943,0.802
48439,0.7476,0.7463,0.7088,0.8927,0.4628
48441,0.7696,0.5834,0.7998,0.7651,0.7855
48443,0.162,0.3339,0.5356,0.901,0.001
48445,0.987,0.9764,0.9564,0.9179,0.9268
48447,0.402,0.5961,0.796,0.4535,0.0363
48449,0.8724,0.8453,0.936,0.9023,0.536
48451,0.8262,0.6299,0.7616,0.8616,0.8959
48453,0.578,0.5388,0.1448,0.8832,0.7635
48455,0.9198,0.9192,0.9819,0.577,0.6369
48457,0.9131,0.8724,0.6999,0.5672,0.9854
48459,0.6932,0.7034,0.8523,0.5509,0.4004
48461,0.501,0.2724,0.6655,0.92490000000000006,0.5032
48463,0.9885,0.9319,0.9968,0.9742,0.8765
48465,0.9866,0.8912,0.9771,0.9885,0.9717
48467,0.5792,0.5792,0.8081,0.493,0.323
48469,0.8883,0.816,0.8826,0.9048,0.7731
48471,0.8412,0.8036,0.0907,0.8285,0.9981
48473,0.8526,0.789,0.5703,0.9099,0.9004
48475,0.7314,0.7241,0.7072,0.9262,0.4354
48477,0.7619,0.5579,0.5624,0.7543,0.9383
48479,0.9771,0.9901,0.8912,0.9987,0.8122
48481,0.951,0.8899,0.9577,0.9048,0.845
48483,0.8138,0.7638,0.9882,0.6986,0.2912
48485,0.8285,0.7654,0.7177,0.7406,0.8358
48487,0.9402,0.9672,0.788,0.8189,0.8215
48489,0.9605,0.9742,0.9287,0.993,0.7002
48491,0.3444,0.3068,0.5178,0.8071,0.1846
48493,0.4036,0.3176,0.4166,0.8297,0.3444
48495,0.5668,0.4478,0.647,0.9491,0.4112
48497,0.585,0.5248,0.7909,0.6073,0.3994
48499,0.7056,0.6053,0.838,0.5162,0.6302
48501,0.4831,0.6404,0.2845,0.9593,0.1875
48503,0.5391,0.4955,0.902,0.5866,0.2126
48505,0.9962,0.992,0.985,0.9984,0.8736
48507,0.9357,0.8943,0.9892,0.9978,0.4911
49001,0.0974,0.1356,0.4389,0.4736,0.0223
49003,0.1626,0.1652,0.3628,0.4147,0.1502
49005,0.3682,0.3348,0.2864,0.4885,0.5051
49007,0.5945,0.6607,0.6703,0.5035,0.3771
49009,0.0153,0.0019,0.0057,0.0105,0.5573
49011,0.0659,0.0296,0.2597,0.4949,0.1031
49013,0.5894,0.6887,0.5102,0.4535,0.4666
49015,0.156,0.098,0.5866,0.289,0.1754
49017,0.4026,0.4217,0.6996,0.3616,0.2257
49019,0.5815,0.4392,0.6047,0.5181,0.7352
49021,0.4943,0.6671,0.3931,0.4459,0.3065
49023,0.1986,0.1614,0.507,0.2658,0.2212
49025,0.3109,0.3469,0.627,0.3001,0.191
49027,0.3969,0.3431,0.81,0.4949,0.1779
49029,3e-4,0.0032,0.0391,0.1445,6e-4
49031,0.2998,0.6407,0.3819,0.0506,0.0926
49033,0.1362,0.0713,0.8596,0.3421,0.0452
49035,0.4363,0.3342,0.3733,0.6763,0.5245
49037,0.9328,0.8361,0.9083,0.9032,0.9017
49039,0.457,0.5105,0.2215,0.4319,0.5786
49041,0.4449,0.5691,0.5885,0.2562,0.2502
49043,0.0796,0.0426,0.289,0.4701,0.1194
49045,0.2591,0.2272,0.5169,0.5181,0.1992
49047,0.6308,0.7677,0.38,0.5363,0.5194
49049,0.2839,0.2304,0.1868,0.5181,0.5099
49051,0.0652,0.0764,0.0923,0.4949,0.1133
49053,0.4634,0.3717,0.7702,0.4799,0.3367
49055,0.3587,0.3962,0.7623,0.2613,0.1741
49057,0.3275,0.2075,0.5366,0.6114,0.3584
50001,0.1394,0.1738,0.0436,0.2336,0.4367
50003,0.3167,0.2852,0.3119,0.1655,0.6034
50005,0.339,0.2505,0.317,0.1445,0.7368
50007,0.2132,0.1792,0.0286,0.3794,0.7371
50009,0.3106,0.5726,0.4959,0.0863,0.1171
50011,0.1232,0.2769,0.0646,0.1655,0.182
50013,0.007,0.17,0.0121,0.2409,0.0038
50015,0.1636,0.2651,0.0525,0.1359,0.3927
50017,0.1321,0.2292,0.0659,0.0773,0.3103
50019,0.3129,0.3835,0.2476,0.0977,0.5073
50021,0.3237,0.2206,0.0894,0.1066,0.9427
50023,0.1973,0.1496,0.1489,0.1655,0.5847
50025,0.38,0.3733,0.4032,0.2241,0.506
50027,0.1346,0.1856,0.1346,0.1181,0.2804
51001,0.8775,0.832,0.7183,0.795,0.8816
51003,0.2425,0.1766,0.1343,0.6015,0.4901
51005,0.3991,0.2826,0.4507,0.2753,0.67
51007,0.4067,0.4491,0.2979,0.6464,0.3434
51009,0.3479,0.3864,0.1537,0.6267,0.4223
51011,0.1954,0.2094,0.2422,0.5977,0.1604
51013,0.1929,0.071,0.0124,0.7855,0.8405
51015,0.1922,0.2323,0.0993,0.3141,0.3666
51017,0.3361,0.7314,0.0582,0.2562,0.2406
51019,0.0735,0.0882,0.0996,0.4055,0.1454
51021,0.2288,0.2397,0.0974,0.1655,0.5901
51023,0.0118,0.0191,0.0471,0.2148,0.0563
51025,0.8698,0.8959,0.6248,0.922,0.7397
51027,0.6318,0.8638,0.3386,0.1066,0.6009
51029,0.775,0.8345,0.3889,0.7794,0.7209
51031,0.3682,0.3727,0.423,0.5621,0.2931
51033,0.3256,0.2069,0.338,0.7575,0.422
51035,0.3947,0.6187,0.5452,0.1359,0.1706
51036,0.2826,0.4357,0.147,0.9099,0.113
51037,0.7966,0.8285,0.7944,0.7066,0.5334
51041,0.2785,0.2231,0.6442,0.7842,0.106
51043,0.0859,0.2094,0.1362,0.4478,0.0296
51045,0.0299,0.0356,0.0621,0.0038,0.2091
51047,0.4764,0.3947,0.542,0.6951,0.4338
51049,0.3845,0.4131,0.5223,0.7543,0.1579
51051,0.7177,0.8202,0.6394,0.0067,0.7689
51053,0.4589,0.5939,0.1391,0.7699,0.3635
51057,0.8342,0.9243,0.6919,0.8463,0.5006
51059,0.2623,0.1575,0.2801,0.8765,0.3208
51061,0.0815,0.1158,0.3288,0.557,0.0201
51063,0.0993,0.3043,0.0446,0.1945,0.1006
51065,0.1018,0.0789,0.0968,0.5866,0.2094
51067,0.4236,0.4615,0.2177,0.4055,0.5703
51069,0.2161,0.1824,0.387,0.5035,0.2139
51071,0.133,0.1996,0.0987,0.1127,0.2922
51073,0.0637,0.2416,0.056,0.4736,0.0162
51075,0.0538,0.0245,0.035,0.5831,0.2412
51077,0.5722,0.5764,0.7549,0.3396,0.4348
51079,0.288,0.3097,0.4933,0.5341,0.1687
51081,0.7603,0.823,0.064,0.9421,0.922
51083,0.7015,0.5971,0.8724,0.7985,0.4239
51085,0.0191,0.0331,0.0379,0.4914,0.0582
51087,0.3612,0.2957,0.4994,0.8631,0.2183
51089,0.7912,0.8221,0.6932,0.6891,0.6244
51091,0.0926,0.3399,0.1668,0.0458,0.0274
51093,0.3412,0.3803,0.55,0.6805,0.1334
51095,0.1894,0.1041,0.4045,0.6251,0.2031
51097,0.0452,0.1419,0.0172,0.7257,0.0312
51099,0.0525,0.099,0.155,0.6496,0.0153
51101,0.0057,0.0535,0.0366,0.5939,0.0022
51103,0.4134,0.6114,0.4214,0.7139,0.0933
51105,0.8787,0.943,0.8014,0.2046,0.8692
51107,0.0952,0.0302,0.3125,0.8421,0.0872
51109,0.331,0.4841,0.1674,0.5751,0.2508
51111,0.8183,0.726,0.8962,0.8027,0.6419
51113,0.1811,0.367,0.1563,0.4634,0.0764
51115,0.1254,0.3278,0.1623,0.4411,0.0283
51117,0.6525,0.4879,0.7702,0.7919,0.5872
51119,0.2928,0.5051,0.1003,0.5815,0.2011
51121,0.3132,0.3447,0.0067,0.4914,0.9128
51125,0.2285,0.2406,0.0414,0.5315,0.5165
51127,0.0092,0.0503,0.007,0.5716,0.0401
51131,0.7778,0.584,0.8666,0.8463,0.6878
51133,0.1534,0.4239,0.1101,0.6916,0.0165
51135,0.8332,0.7419,0.7521,0.8517,0.8052
51137,0.3943,0.4268,0.3294,0.5815,0.3361
51139,0.3348,0.6932,0.2896,0.1852,0.1168
51141,0.3246,0.3415,0.3736,0.3332,0.3708
51143,0.6712,0.6416,0.676,0.6353,0.5675
51145,0.0045,0.0442,0.0076,0.4535,0.0261
51147,0.8514,0.8692,0.2877,0.7826,0.9548
51149,0.3918,0.3791,0.1878,0.8485,0.3978
51153,0.443,0.3915,0.5544,0.9169,0.218
51155,0.3329,0.3644,0.2966,0.3001,0.4411
51157,0.0726,0.3409,0.1375,0.3705,0.0035
51159,0.6088,0.5808,0.2129,0.7877,0.7645
51161,0.1197,0.0796,0.2355,0.4443,0.2075
51163,0.1865,0.366,0.2046,0.2508,0.1079
51165,0.254,0.282,0.2451,0.3762,0.3278
51167,0.4243,0.7323,0.2362,0.0239,0.3288
51169,0.4669,0.4456,0.5258,0.0239,0.6964
51171,0.359,0.5124,0.5318,0.4055,0.14
51173,0.7807,0.7107,0.9325,0.1515,0.7813
51175,0.4402,0.3164,0.2734,0.7842,0.6063
51177,0.2699,0.3218,0.3361,0.7139,0.1337
51179,0.2311,0.106,0.4949,0.7973,0.2161
51181,0.5341,0.5401,0.4631,0.8603,0.352
51183,0.7903,0.7588,0.3323,0.9332,0.8711
51185,0.6254,0.7365,0.4125,0.1655,0.7234
51187,0.3727,0.5064,0.2113,0.4243,0.3482
51191,0.2724,0.3978,0.2145,0.0773,0.3806
51193,0.5913,0.8886,0.6053,0.7514,0.063
51195,0.803,0.9023,0.3332,0.2778,0.9328
51197,0.2708,0.3215,0.5665,0.1623,0.2015
51199,0.2126,0.1184,0.4863,0.6827,0.1903
51510,0.3285,0.2801,0.0236,0.8666,0.7307
51520,0.7915,0.9083,0.7979,0.3908,0.4959
51530,0.5312,0.7731,0.1018,0.3845,0.5821
51540,0.5662,0.6216,0.0468,0.7301,0.8456
51550,0.3873,0.3122,0.5563,0.8256,0.2304
51570,0.5503,0.5048,0.9122,0.663,0.1887
51580,0.1432,0.2187,0.2062,0.5407,0.0866
51590,0.9841,0.9564,0.971,0.9176,0.9208
51595,0.9854,0.9968,0.8374,0.9726,0.8877
51600,0.2508,0.1413,0.0697,0.837,0.5939
51610,0.2085,0.028,0.4927,0.6655,0.4386
51620,0.8081,0.825,0.943,0.9392,0.2718
51630,0.726,0.5872,0.2813,0.8094,0.9462
51640,0.9978,0.9946,0.9997,0.6496,0.8717
51650,0.7053,0.612,0.4952,0.9386,0.6887
51660,0.837,0.9055,0.1553,0.732,0.9618
51670,0.9087,0.9484,0.8988,0.8969,0.591
51678,0.1763,0.4023,0,0.5579,0.6553
51680,0.7845,0.7798,0.1811,0.7689,0.9542
51683,0.6805,0.6773,0.7136,0.9252,0.3447
51685,0.6731,0.7142,0.7031,0.9545,0.2721
51690,0.9208,0.8154,0.992,0.908,0.585
51700,0.8705,0.6973,0.725,0.915,0.9424
51710,0.8822,0.8927,0.3374,0.9087,0.9488
51720,0.7123,0.881,0.5264,0.1779,0.6248
51730,0.9752,0.986,0.8676,0.9879,0.8418
51735,0.0013,0.0022,0.0309,0.3046,0.006
51740,0.8084,0.7833,0.5376,0.9398,0.7677
51750,0.4185,0.8141,3e-4,0.4981,0.7957
51760,0.8549,0.9128,0.3157,0.9192,0.8654
51770,0.8335,0.908,0.5668,0.8094,0.6655
51775,0.3985,0.2775,0.2244,0.4656,0.7667
51790,0.584,0.4847,0.513,0.5407,0.7276
51800,0.4297,0.4602,0.3705,0.8826,0.2247
51810,0.3211,0.2858,0.3221,0.7801,0.281
51820,0.6693,0.7206,0.9074,0.6289,0.2196
51830,0.4771,0.5251,0.0738,0.7066,0.7024
51840,0.8635,0.7721,0.8899,0.7377,0.7963
53001,0.9656,0.9545,0.8781,0.9507,0.908
53003,0.3721,0.5165,0.4026,0.3332,0.2355
53005,0.5426,0.3596,0.8495,0.6862,0.4141
53007,0.7788,0.501,0.9424,0.711,0.7871
53009,0.6229,0.5678,0.5748,0.5159,0.6731
53011,0.3915,0.3151,0.4602,0.5866,0.4131
53013,0.2705,0.1114,0.8676,0.4605,0.2002
53015,0.7066,0.536,0.8638,0.5137,0.7129
53017,0.823,0.543,0.9898,0.7575,0.641
53019,0.7871,0.6375,0.7782,0.6458,0.8431
53021,0.8969,0.8323,0.8717,0.9233,0.8116
53023,0.0888,0.1235,0.2673,0.3574,0.0665
53025,0.9029,0.839,0.8778,0.8609,0.8415
53027,0.8122,0.6273,0.768,0.5598,0.9465
53029,0.2938,0.2756,0.2406,0.5697,0.3838
53031,0.3695,0.388,0.4087,0.4023,0.3638
53033,0.3743,0.1986,0.0541,0.8081,0.8864
53035,0.3081,0.1897,0.2336,0.6104,0.5875
53037,0.3008,0.5245,0.0083,0.5162,0.5948
53039,0.5764,0.6365,0.4873,0.5172,0.4838
53041,0.7743,0.6588,0.8625,0.507,0.753
53043,0.154,0.084,0.5722,0.289,0.1973
53045,0.5958,0.5369,0.7798,0.5589,0.4357
53047,0.9532,0.8612,0.9965,0.7419,0.7661
53049,0.6572,0.464,0.8329,0.5439,0.7062
53051,0.4214,0.3956,0.4723,0.4112,0.4456
53053,0.5302,0.3504,0.4341,0.7292,0.732
53055,0.1244,0.191,0.0554,0.3736,0.2307
53057,0.5484,0.4255,0.6728,0.6384,0.5379
53059,0.3043,0.3943,0.402,0.4023,0.2027
53061,0.3523,0.225,0.2339,0.7043,0.5929
53063,0.5153,0.3883,0.3469,0.4822,0.8221
53065,0.4478,0.4335,0.5968,0.4243,0.3711
53067,0.3724,0.3259,0.2855,0.6353,0.4459
53069,0.1706,0.2314,0.2167,0.4411,0.1467
53071,0.7623,0.5786,0.5878,0.6655,0.9344
53073,0.5277,0.444,0.1123,0.5751,0.9198
53075,0.5213,0.6502,0.0102,0.5831,0.9398
53077,0.957,0.9558,0.92490000000000006,0.9131,0.8135
54001,0.3819,0.5538,0.1025,0.126,0.592
54003,0.366,0.3842,0.2693,0.4949,0.4246
54005,0.4246,0.6435,0.3552,0.0057,0.3724
54007,0.4593,0.6155,0.2088,0.2508,0.5236
54009,0.2934,0.1149,0.4491,0.1181,0.7928
54011,0.7129,0.7852,0.318,0.3304,0.8784
54013,0.3749,0.6464,0.2066,0.001,0.3568
54015,0.6095,0.8001,0.4803,0.0013,0.6073
54017,0.2769,0.3638,0.1757,0.0506,0.5025
54019,0.6181,0.7104,0.4468,0.2241,0.6887
54021,0.4745,0.6206,0.0191,0.5315,0.8227
54023,0.3609,0.605,0.3654,0.0239,0.246
54025,0.5274,0.6512,0.4115,0.2702,0.5137
54027,0.3405,0.5754,0.2482,0.0589,0.3078
54029,0.3934,0.514,0.3612,0.1779,0.394
54031,0.2588,0.3272,0.5407,0.3304,0.1429
54033,0.4195,0.4227,0.3262,0.1515,0.6547
54035,0.1992,0.3052,0.2104,0.0201,0.2871
54037,0.1852,0.2454,0.0477,0.5035,0.3157
54039,0.535,0.4838,0.4866,0.4007,0.6776
54041,0.4863,0.5452,0.2772,0.1445,0.7425
54043,0.3905,0.5442,0.3915,0.0086,0.401
54045,0.6811,0.831,0.5181,0.0458,0.725
54047,0.7524,0.8641,0.3962,0.3574,0.8014
54049,0.423,0.4061,0.5239,0.2409,0.4873
54051,0.141,0.2482,0.2603,0.0223,0.1658
54053,0.2492,0.2645,0.1604,0.0302,0.6095
54055,0.8218,0.7664,0.9271,0.3304,0.7791
54057,0.3622,0.2623,0.7476,0.1852,0.4055
54059,0.6754,0.8536,0.5417,0.0506,0.6435
54061,0.4504,0.5722,0.0115,0.3972,0.9166
54063,0.3593,0.6213,0.4243,0.0385,0.1916
54065,0.0942,0.4118,0.0417,0.0812,0.049
54067,0.3654,0.5178,0.5633,0.0156,0.2562
54069,0.4793,0.4007,0.4911,0.2702,0.7075
54071,0.2432,0.2941,0.2209,0.1445,0.4039
54073,0.3533,0.4093,0.2514,0.0547,0.6108
54075,0.5315,0.6334,0.1741,0.0038,0.8819
54077,0.4405,0.4835,0.1512,0.2855,0.7304
54079,0.0834,0.0993,0.2021,0.0863,0.1773
54081,0.7183,0.6518,0.7677,0.4112,0.7247
54083,0.4866,0.585,0.0948,0.1852,0.8498
54085,0.2377,0.4825,0.5532,0.0169,0.0621
54087,0.5229,0.7708,0.4978,0.0643,0.3469
54089,0.7199,0.5385,0.7078,0.2454,0.951
54091,0.3539,0.4042,0.5025,0.0643,0.408
54093,0.225,0.2126,0.3377,0.0086,0.4325
54095,0.1588,0.4354,0.1862,0.013,0.0843
54097,0.6009,0.7333,0.1846,0.1066,0.8733
54099,0.3635,0.5589,0.2794,0.013,0.3934
54101,0.5439,0.7734,0.3689,0.0032,0.5452
54103,0.268,0.5162,0.2075,0.0169,0.2409
54105,0.3606,0.5156,0.1801,0.0169,0.5551
54107,0.3711,0.4214,0.5455,0.0863,0.3857
54109,0.4927,0.6222,0.3972,0.0105,0.5993
55001,0.536,0.5407,0.4787,0.3218,0.6448
55003,0.5124,0.4854,0.2842,0.5137,0.7145
55005,0.3542,0.3752,0.4157,0.212,0.43
55007,0.1003,0.1709,0.1194,0.4701,0.0894
55009,0.2919,0.1232,0.4491,0.5465,0.5465
55011,0.0783,0.1859,0.1954,0.0643,0.0681
55013,0.2018,0.4137,0.2785,0.3103,0.0684
55015,0.0124,0.0064,0.1445,0.3084,0.0264
55017,0.1171,0.1509,0.0898,0.1903,0.2954
55019,0.5907,0.5697,0.5379,0.2336,0.7543
55021,0.0869,0.077,0.1152,0.2409,0.2505
55023,0.2868,0.218,0.1782,0.1445,0.7505
55025,0.2027,0.105,0.0544,0.5691,0.6712
55027,0.1671,0.1649,0.0707,0.3355,0.4542
55029,0.0872,0.0808,0.2358,0.1779,0.1763
55031,0.2852,0.2209,0.3183,0.2928,0.5302
55033,0.2384,0.2963,0.0194,0.2276,0.7377
55035,0.2514,0.2174,0.0837,0.3488,0.6531
55037,0.1566,0.3135,0.1031,0.0086,0.26
55039,0.1505,0.0869,0.127,0.3616,0.4952
55041,0.4306,0.5054,0.2565,0.5831,0.3947
55043,0.2381,0.2766,0.0197,0.1066,0.8285
55045,0.1101,0.1117,0.3663,0.1445,0.1509
55047,0.4052,0.3116,0.6502,0.2454,0.4933
55049,0.0073,0.0251,0.0576,0.126,0.029
55051,0.2107,0.4278,0.134,0.0735,0.2174
55053,0.5866,0.5207,0.5341,0.4319,0.7288
55055,0.1875,0.1486,0.1397,0.3421,0.4491
55057,0.4278,0.4125,0.2463,0.2778,0.7018
55059,0.5442,0.5258,0.5255,0.6216,0.4978
55061,0.0185,0.0134,0.1308,0.1359,0.0773
55063,0.2097,0.1579,0.0665,0.3421,0.6645
55065,0.1747,0.2136,0.5025,0.1655,0.1289
55067,0.1891,0.2597,0.3294,0.1779,0.1741
55069,0.091,0.1197,0.0602,0.0977,0.3246
55071,0.1047,0.0391,0.3033,0.3253,0.2556
55073,0.1766,0.1194,0.2756,0.3934,0.3189
55075,0.2619,0.2327,0.2046,0.0812,0.6525
55077,0.2151,0.2992,0.3781,0.1945,0.1715
55078,0.7381,0.7753,0.6327,0.9946,0.4036
55079,0.8396,0.7031,0.7495,0.8749,0.8705
55081,0.4211,0.2603,0.5369,0.3189,0.6926
55083,0.0239,0.0656,0.0493,0.1181,0.0898
55085,0.0277,0.0729,0.0627,0.1066,0.092
55087,0.0773,0.0484,0.1168,0.4055,0.225
55089,0.0388,0.0242,0.0983,0.289,0.1365
55091,0.0863,0.204,0.1992,0.0344,0.0713
55093,0.028,0.0474,0.006,0.1779,0.3877
55095,0.0885,0.1687,0.1715,0.0977,0.119
55097,0.1299,0.1321,0.0267,0.2966,0.5328
55099,0.2015,0.2155,0.1579,0.1569,0.4402
55101,0.4637,0.3132,0.6862,0.6712,0.4169
55103,0.4319,0.373,0.598,0.1515,0.5573
55105,0.4281,0.3466,0.5535,0.5181,0.4211
55107,0.302,0.4236,0.4736,0.1181,0.2342
55109,0.0137,0.0121,0.1295,0.1738,0.043
55111,0.2292,0.2043,0.3065,0.3046,0.3358
55113,0.3402,0.4297,0.2823,0.5977,0.2451
55115,0.1976,0.1805,0.211,0.4243,0.3027
55117,0.1801,0.0668,0.2301,0.4901,0.4729
55119,0.3014,0.3679,0.5395,0.0589,0.2874
55121,0.2136,0.1706,0.486,0.3523,0.2263
55123,0.4596,0.5194,0.3937,0.0506,0.6356
55125,0.1101,0.3167,0.1209,0.4634,0.0242
55127,0.2206,0.2409,0.141,0.4478,0.3412
55129,0.1162,0.2521,0.2272,0.1515,0.0748
55131,0.0108,0.0213,0.0567,0.2241,0.0407
55133,0.0356,0.0417,0.0509,0.3934,0.1181
55135,0.1486,0.1429,0.3224,0.1445,0.2619
55137,0.3698,0.3463,0.3536,0.3523,0.4914
55139,0.2059,0.1534,0.1219,0.3845,0.5331
55141,0.1426,0.1353,0.3695,0.2508,0.1859
56001,0.2572,0.5213,0.0013,0.5172,0.677
56003,0.4777,0.5038,0.7342,0.3934,0.2798
56005,0.3227,0.2893,0.1585,0.4007,0.6474
56007,0.5207,0.3768,0.6111,0.5939,0.6003
56009,0.1601,0.232,0.1127,0.3616,0.2292
56011,0.0465,0.0662,0.3078,0.1515,0.042
56013,0.7269,0.6881,0.4796,0.69,0.7842
56015,0.4128,0.3345,0.6108,0.4586,0.3937
56017,0.2486,0.2829,0.1938,0.2454,0.4134
56019,0.127,0.2257,0.0637,0.2778,0.2151
56021,0.2715,0.2588,0.2113,0.5751,0.3542
56023,0.1454,0.1489,0.2556,0.2508,0.2454
56025,0.4605,0.3606,0.5525,0.4211,0.57
56027,0.388,0.6203,0.0563,0.3972,0.4443
56029,0.0703,0.1104,0.0831,0.3046,0.1435
56031,0.1461,0.1442,0.3978,0.4341,0.1229
56033,0.1983,0.2861,0.0681,0.2753,0.3838
56035,0.0977,0.2037,0.4001,0.3596,0.0121
56037,0.374,0.339,0.4147,0.5672,0.3546
56039,0.1919,0.1324,0.0223,0.5331,0.7037
56041,0.4064,0.1992,0.5789,0.4007,0.6913
56043,0.2661,0.2635,0.2607,0.521,0.3148
56045,0.232,0.2422,0.029,0.3001,0.7171
