fips,race,age,dr_cases,vtdr_cases,dm_pop
01001,"White, non-Hispanic",40-64 years,675,66,2261
01003,"White, non-Hispanic",40-64 years,1889,293,9448
01005,"White, non-Hispanic",40-64 years,232,40,776
01007,"White, non-Hispanic",40-64 years,325,38,968
01009,"White, non-Hispanic",40-64 years,581,74,2625
01011,"White, non-Hispanic",40-64 years,42,9,194
01013,"White, non-Hispanic",40-64 years,149,24,619
01015,"White, non-Hispanic",40-64 years,1145,173,4566
01017,"White, non-Hispanic",40-64 years,257,39,1246
01019,"White, non-Hispanic",40-64 years,264,30,1290
01021,"White, non-Hispanic",40-64 years,493,72,1929
01023,"White, non-Hispanic",40-64 years,106,22,473
01025,"White, non-Hispanic",40-64 years,153,29,742
01027,"White, non-Hispanic",40-64 years,181,25,649
01029,"White, non-Hispanic",40-64 years,181,31,713
01031,"White, non-Hispanic",40-64 years,538,68,1960
01033,"White, non-Hispanic",40-64 years,474,60,2525
01035,"White, non-Hispanic",40-64 years,74,12,400
01037,"White, non-Hispanic",40-64 years,108,15,482
01039,"White, non-Hispanic",40-64 years,372,44,1596
01041,"White, non-Hispanic",40-64 years,136,19,537
01043,"White, non-Hispanic",40-64 years,889,119,4158
01045,"White, non-Hispanic",40-64 years,438,61,1824
01047,"White, non-Hispanic",40-64 years,237,38,777
01049,"White, non-Hispanic",40-64 years,660,91,3186
01051,"White, non-Hispanic",40-64 years,697,90,3485
01053,"White, non-Hispanic",40-64 years,263,44,1309
01055,"White, non-Hispanic",40-64 years,1013,113,4411
01057,"White, non-Hispanic",40-64 years,130,22,744
01059,"White, non-Hispanic",40-64 years,382,35,1341
01061,"White, non-Hispanic",40-64 years,237,38,1222
01063,"White, non-Hispanic",40-64 years,31,5,116
01065,"White, non-Hispanic",40-64 years,91,15,391
01067,"White, non-Hispanic",40-64 years,194,28,693
01069,"White, non-Hispanic",40-64 years,859,142,3765
01071,"White, non-Hispanic",40-64 years,639,91,2510
01073,"White, non-Hispanic",40-64 years,3585,540,16737
01075,"White, non-Hispanic",40-64 years,124,22,644
01077,"White, non-Hispanic",40-64 years,730,93,3928
01079,"White, non-Hispanic",40-64 years,274,40,1560
01081,"White, non-Hispanic",40-64 years,1296,182,5445
01083,"White, non-Hispanic",40-64 years,897,141,4524
01085,"White, non-Hispanic",40-64 years,55,8,211
01087,"White, non-Hispanic",40-64 years,67,11,272
01089,"White, non-Hispanic",40-64 years,2950,454,13184
01091,"White, non-Hispanic",40-64 years,155,20,551
01093,"White, non-Hispanic",40-64 years,296,34,1444
01095,"White, non-Hispanic",40-64 years,854,128,4322
01097,"White, non-Hispanic",40-64 years,3228,518,13058
01099,"White, non-Hispanic",40-64 years,183,22,669
01101,"White, non-Hispanic",40-64 years,1028,147,4328
01103,"White, non-Hispanic",40-64 years,903,130,5228
01105,"White, non-Hispanic",40-64 years,56,7,168
01107,"White, non-Hispanic",40-64 years,170,29,686
01109,"White, non-Hispanic",40-64 years,267,29,880
01111,"White, non-Hispanic",40-64 years,194,30,990
01113,"White, non-Hispanic",40-64 years,314,49,1694
01115,"White, non-Hispanic",40-64 years,809,138,3991
01117,"White, non-Hispanic",40-64 years,1432,226,7310
01119,"White, non-Hispanic",40-64 years,53,7,174
01121,"White, non-Hispanic",40-64 years,668,116,3026
01123,"White, non-Hispanic",40-64 years,379,61,1693
01125,"White, non-Hispanic",40-64 years,1388,231,6524
01127,"White, non-Hispanic",40-64 years,548,75,3087
01129,"White, non-Hispanic",40-64 years,163,33,630
01131,"White, non-Hispanic",40-64 years,56,8,228
01133,"White, non-Hispanic",40-64 years,340,51,1291
02016,"White, non-Hispanic",40-64 years,18,3,75
02020,"White, non-Hispanic",40-64 years,1474,250,6683
02050,"White, non-Hispanic",40-64 years,20,4,104
02068,"White, non-Hispanic",40-64 years,16,2,68
02070,"White, non-Hispanic",40-64 years,8,1,41
02090,"White, non-Hispanic",40-64 years,598,98,1914
02100,"White, non-Hispanic",40-64 years,14,2,61
02105,"White, non-Hispanic",40-64 years,13,2,52
02110,"White, non-Hispanic",40-64 years,164,24,776
02122,"White, non-Hispanic",40-64 years,428,64,1738
02130,"White, non-Hispanic",40-64 years,71,11,379
02150,"White, non-Hispanic",40-64 years,56,8,215
02170,"White, non-Hispanic",40-64 years,808,114,3300
02180,"White, non-Hispanic",40-64 years,17,3,85
02185,"White, non-Hispanic",40-64 years,59,9,235
02188,"White, non-Hispanic",40-64 years,15,2,59
02195,"White, non-Hispanic",40-64 years,24,4,96
02198,"White, non-Hispanic",40-64 years,33,5,133
02220,"White, non-Hispanic",40-64 years,43,8,206
02230,"White, non-Hispanic",40-64 years,7,1,38
02240,"White, non-Hispanic",40-64 years,48,8,192
02261,"White, non-Hispanic",40-64 years,70,10,279
02275,"White, non-Hispanic",40-64 years,14,2,58
02290,"White, non-Hispanic",40-64 years,11,2,53
04001,"White, non-Hispanic",40-64 years,295,44,849
04003,"White, non-Hispanic",40-64 years,576,101,3079
04005,"White, non-Hispanic",40-64 years,779,115,3118
04007,"White, non-Hispanic",40-64 years,423,62,1714
04009,"White, non-Hispanic",40-64 years,205,28,934
04011,"White, non-Hispanic",40-64 years,51,7,197
04012,"White, non-Hispanic",40-64 years,87,13,387
04013,"White, non-Hispanic",40-64 years,24328,3848,111960
04015,"White, non-Hispanic",40-64 years,1334,210,7983
04017,"White, non-Hispanic",40-64 years,763,129,2612
04019,"White, non-Hispanic",40-64 years,4828,770,22246
04021,"White, non-Hispanic",40-64 years,3366,532,12654
04023,"White, non-Hispanic",40-64 years,110,21,398
04025,"White, non-Hispanic",40-64 years,1796,268,8110
04027,"White, non-Hispanic",40-64 years,533,82,2577
05001,"White, non-Hispanic",40-64 years,169,23,639
05003,"White, non-Hispanic",40-64 years,256,40,702
05005,"White, non-Hispanic",40-64 years,437,42,1700
05007,"White, non-Hispanic",40-64 years,2070,341,9359
05009,"White, non-Hispanic",40-64 years,431,39,1596
05011,"White, non-Hispanic",40-64 years,108,19,329
05013,"White, non-Hispanic",40-64 years,48,11,208
05015,"White, non-Hispanic",40-64 years,271,34,1089
05017,"White, non-Hispanic",40-64 years,92,11,276
05019,"White, non-Hispanic",40-64 years,126,26,636
05021,"White, non-Hispanic",40-64 years,170,25,681
05023,"White, non-Hispanic",40-64 years,269,35,1153
05025,"White, non-Hispanic",40-64 years,94,14,337
05027,"White, non-Hispanic",40-64 years,169,32,631
05029,"White, non-Hispanic",40-64 years,195,31,887
05031,"White, non-Hispanic",40-64 years,860,109,3646
05033,"White, non-Hispanic",40-64 years,473,86,2571
05035,"White, non-Hispanic",40-64 years,309,55,1295
05037,"White, non-Hispanic",40-64 years,204,29,650
05039,"White, non-Hispanic",40-64 years,57,12,204
05041,"White, non-Hispanic",40-64 years,85,11,306
05043,"White, non-Hispanic",40-64 years,181,34,569
05045,"White, non-Hispanic",40-64 years,1253,166,4289
05047,"White, non-Hispanic",40-64 years,166,30,750
05049,"White, non-Hispanic",40-64 years,134,17,555
05051,"White, non-Hispanic",40-64 years,798,125,4035
05053,"White, non-Hispanic",40-64 years,227,26,776
05055,"White, non-Hispanic",40-64 years,709,64,2083
05057,"White, non-Hispanic",40-64 years,150,26,653
05059,"White, non-Hispanic",40-64 years,297,51,1431
05061,"White, non-Hispanic",40-64 years,98,16,428
05063,"White, non-Hispanic",40-64 years,422,62,1499
05065,"White, non-Hispanic",40-64 years,141,20,681
05067,"White, non-Hispanic",40-64 years,148,22,733
05069,"White, non-Hispanic",40-64 years,423,65,1668
05071,"White, non-Hispanic",40-64 years,274,31,1001
05073,"White, non-Hispanic",40-64 years,46,7,245
05075,"White, non-Hispanic",40-64 years,142,17,751
05077,"White, non-Hispanic",40-64 years,57,8,272
05079,"White, non-Hispanic",40-64 years,163,24,516
05081,"White, non-Hispanic",40-64 years,114,23,467
05083,"White, non-Hispanic",40-64 years,240,35,1029
05085,"White, non-Hispanic",40-64 years,741,101,3048
05087,"White, non-Hispanic",40-64 years,231,29,777
05089,"White, non-Hispanic",40-64 years,237,23,828
05091,"White, non-Hispanic",40-64 years,401,69,1610
05093,"White, non-Hispanic",40-64 years,514,66,1410
05095,"White, non-Hispanic",40-64 years,45,7,241
05097,"White, non-Hispanic",40-64 years,73,13,430
05099,"White, non-Hispanic",40-64 years,61,9,304
05101,"White, non-Hispanic",40-64 years,105,10,346
05103,"White, non-Hispanic",40-64 years,207,33,716
05105,"White, non-Hispanic",40-64 years,127,16,474
05107,"White, non-Hispanic",40-64 years,107,21,398
05109,"White, non-Hispanic",40-64 years,111,17,454
05111,"White, non-Hispanic",40-64 years,204,28,1054
05113,"White, non-Hispanic",40-64 years,223,30,843
05115,"White, non-Hispanic",40-64 years,816,71,2347
05117,"White, non-Hispanic",40-64 years,89,14,385
05119,"White, non-Hispanic",40-64 years,2455,396,10117
05121,"White, non-Hispanic",40-64 years,168,22,771
05123,"White, non-Hispanic",40-64 years,215,31,647
05125,"White, non-Hispanic",40-64 years,1477,191,4667
05127,"White, non-Hispanic",40-64 years,102,13,440
05129,"White, non-Hispanic",40-64 years,110,12,386
05131,"White, non-Hispanic",40-64 years,892,129,4388
05133,"White, non-Hispanic",40-64 years,147,27,524
05135,"White, non-Hispanic",40-64 years,199,24,830
05137,"White, non-Hispanic",40-64 years,166,25,587
05139,"White, non-Hispanic",40-64 years,263,55,1211
05141,"White, non-Hispanic",40-64 years,187,24,779
05143,"White, non-Hispanic",40-64 years,1501,250,7084
05145,"White, non-Hispanic",40-64 years,648,92,3196
05147,"White, non-Hispanic",40-64 years,59,11,252
05149,"White, non-Hispanic",40-64 years,297,31,819
06001,"White, non-Hispanic",40-64 years,6197,922,24329
06003,"White, non-Hispanic",40-64 years,11,2,40
06005,"White, non-Hispanic",40-64 years,308,43,1415
06007,"White, non-Hispanic",40-64 years,1149,173,5671
06009,"White, non-Hispanic",40-64 years,350,51,1633
06011,"White, non-Hispanic",40-64 years,113,21,391
06013,"White, non-Hispanic",40-64 years,5039,876,22612
06015,"White, non-Hispanic",40-64 years,177,33,863
06017,"White, non-Hispanic",40-64 years,1276,218,6253
06019,"White, non-Hispanic",40-64 years,3128,552,15810
06021,"White, non-Hispanic",40-64 years,164,27,685
06023,"White, non-Hispanic",40-64 years,746,124,4124
06025,"White, non-Hispanic",40-64 years,444,69,1138
06027,"White, non-Hispanic",40-64 years,95,20,532
06029,"White, non-Hispanic",40-64 years,4373,711,16038
06031,"White, non-Hispanic",40-64 years,585,89,2507
06033,"White, non-Hispanic",40-64 years,798,93,2315
06035,"White, non-Hispanic",40-64 years,183,31,967
06037,"White, non-Hispanic",40-64 years,36659,6239,143235
06039,"White, non-Hispanic",40-64 years,781,148,2934
06041,"White, non-Hispanic",40-64 years,1645,203,6874
06043,"White, non-Hispanic",40-64 years,115,21,614
06045,"White, non-Hispanic",40-64 years,515,101,2605
06047,"White, non-Hispanic",40-64 years,1416,233,4324
06049,"White, non-Hispanic",40-64 years,62,8,292
06051,"White, non-Hispanic",40-64 years,69,11,414
06053,"White, non-Hispanic",40-64 years,1887,356,6507
06055,"White, non-Hispanic",40-64 years,776,144,3015
06057,"White, non-Hispanic",40-64 years,661,117,3227
06059,"White, non-Hispanic",40-64 years,15265,2310,61192
06061,"White, non-Hispanic",40-64 years,2487,404,10693
06063,"White, non-Hispanic",40-64 years,232,21,679
06065,"White, non-Hispanic",40-64 years,9235,1696,44627
06067,"White, non-Hispanic",40-64 years,8146,1377,32745
06069,"White, non-Hispanic",40-64 years,355,63,1187
06071,"White, non-Hispanic",40-64 years,7726,1391,34167
06073,"White, non-Hispanic",40-64 years,17527,2906,66082
06075,"White, non-Hispanic",40-64 years,2815,383,13377
06077,"White, non-Hispanic",40-64 years,3040,504,12854
06079,"White, non-Hispanic",40-64 years,2060,330,7125
06081,"White, non-Hispanic",40-64 years,2718,507,12376
06083,"White, non-Hispanic",40-64 years,2414,444,7808
06085,"White, non-Hispanic",40-64 years,7063,1042,26428
06087,"White, non-Hispanic",40-64 years,1967,347,6386
06089,"White, non-Hispanic",40-64 years,1034,148,5885
06091,"White, non-Hispanic",40-64 years,35,6,122
06093,"White, non-Hispanic",40-64 years,309,54,1383
06095,"White, non-Hispanic",40-64 years,1853,341,8403
06097,"White, non-Hispanic",40-64 years,2798,509,12588
06099,"White, non-Hispanic",40-64 years,2753,492,11435
06101,"White, non-Hispanic",40-64 years,458,75,2081
06103,"White, non-Hispanic",40-64 years,703,90,2042
06105,"White, non-Hispanic",40-64 years,108,18,612
06107,"White, non-Hispanic",40-64 years,1726,326,7406
06109,"White, non-Hispanic",40-64 years,332,63,1825
06111,"White, non-Hispanic",40-64 years,4929,917,18459
06113,"White, non-Hispanic",40-64 years,968,174,3677
06115,"White, non-Hispanic",40-64 years,442,78,2015
08001,"White, non-Hispanic",40-64 years,2762,437,9691
08003,"White, non-Hispanic",40-64 years,91,12,309
08005,"White, non-Hispanic",40-64 years,3637,593,14750
08007,"White, non-Hispanic",40-64 years,93,16,450
08009,"White, non-Hispanic",40-64 years,26,4,115
08011,"White, non-Hispanic",40-64 years,48,10,190
08013,"White, non-Hispanic",40-64 years,2767,456,9589
08014,"White, non-Hispanic",40-64 years,651,75,2137
08015,"White, non-Hispanic",40-64 years,125,20,639
08017,"White, non-Hispanic",40-64 years,13,2,52
08019,"White, non-Hispanic",40-64 years,84,12,358
08021,"White, non-Hispanic",40-64 years,49,7,162
08023,"White, non-Hispanic",40-64 years,21,3,86
08025,"White, non-Hispanic",40-64 years,51,11,212
08027,"White, non-Hispanic",40-64 years,49,5,199
08029,"White, non-Hispanic",40-64 years,242,45,1030
08031,"White, non-Hispanic",40-64 years,2744,480,12404
08033,"White, non-Hispanic",40-64 years,28,4,93
08035,"White, non-Hispanic",40-64 years,2251,408,9593
08037,"White, non-Hispanic",40-64 years,314,59,1452
08039,"White, non-Hispanic",40-64 years,236,35,992
08041,"White, non-Hispanic",40-64 years,4279,665,17945
08043,"White, non-Hispanic",40-64 years,414,63,1777
08045,"White, non-Hispanic",40-64 years,326,57,1705
08047,"White, non-Hispanic",40-64 years,51,9,253
08049,"White, non-Hispanic",40-64 years,113,18,552
08051,"White, non-Hispanic",40-64 years,86,12,464
08055,"White, non-Hispanic",40-64 years,56,10,233
08057,"White, non-Hispanic",40-64 years,12,2,53
08059,"White, non-Hispanic",40-64 years,4669,703,17878
08061,"White, non-Hispanic",40-64 years,11,2,52
08063,"White, non-Hispanic",40-64 years,44,8,226
08065,"White, non-Hispanic",40-64 years,39,8,188
08067,"White, non-Hispanic",40-64 years,341,75,1559
08069,"White, non-Hispanic",40-64 years,2406,317,9188
08071,"White, non-Hispanic",40-64 years,75,13,413
08073,"White, non-Hispanic",40-64 years,46,5,183
08075,"White, non-Hispanic",40-64 years,192,26,700
08077,"White, non-Hispanic",40-64 years,1127,177,4778
08079,"White, non-Hispanic",40-64 years,8,1,30
08081,"White, non-Hispanic",40-64 years,97,15,449
08083,"White, non-Hispanic",40-64 years,232,43,781
08085,"White, non-Hispanic",40-64 years,320,50,1307
08087,"White, non-Hispanic",40-64 years,242,30,736
08089,"White, non-Hispanic",40-64 years,117,21,485
08091,"White, non-Hispanic",40-64 years,48,6,165
08093,"White, non-Hispanic",40-64 years,184,26,745
08095,"White, non-Hispanic",40-64 years,42,4,130
08097,"White, non-Hispanic",40-64 years,86,16,490
08099,"White, non-Hispanic",40-64 years,75,12,327
08101,"White, non-Hispanic",40-64 years,810,142,4282
08103,"White, non-Hispanic",40-64 years,65,12,203
08105,"White, non-Hispanic",40-64 years,85,12,283
08107,"White, non-Hispanic",40-64 years,200,29,775
08109,"White, non-Hispanic",40-64 years,69,11,218
08113,"White, non-Hispanic",40-64 years,73,11,264
08115,"White, non-Hispanic",40-64 years,23,4,80
08117,"White, non-Hispanic",40-64 years,149,27,902
08119,"White, non-Hispanic",40-64 years,228,34,918
08121,"White, non-Hispanic",40-64 years,52,6,165
08123,"White, non-Hispanic",40-64 years,2408,319,8005
08125,"White, non-Hispanic",40-64 years,75,10,286
09001,"White, non-Hispanic",40-64 years,7320,1098,25787
09003,"White, non-Hispanic",40-64 years,7933,1117,24793
09005,"White, non-Hispanic",40-64 years,1836,317,7106
09007,"White, non-Hispanic",40-64 years,1633,191,6080
09009,"White, non-Hispanic",40-64 years,6405,1012,25227
09011,"White, non-Hispanic",40-64 years,3187,518,9122
09013,"White, non-Hispanic",40-64 years,1537,209,5131
09015,"White, non-Hispanic",40-64 years,1605,199,5008
10001,"White, non-Hispanic",40-64 years,1257,205,5369
10003,"White, non-Hispanic",40-64 years,3608,617,14692
10005,"White, non-Hispanic",40-64 years,2435,423,10041
12001,"White, non-Hispanic",40-64 years,1546,239,6513
12003,"White, non-Hispanic",40-64 years,224,34,1212
12005,"White, non-Hispanic",40-64 years,1480,175,7349
12007,"White, non-Hispanic",40-64 years,258,48,1180
12009,"White, non-Hispanic",40-64 years,5026,730,23490
12011,"White, non-Hispanic",40-64 years,9055,1504,37455
12013,"White, non-Hispanic",40-64 years,114,20,609
12015,"White, non-Hispanic",40-64 years,1642,260,7328
12017,"White, non-Hispanic",40-64 years,1610,201,6278
12019,"White, non-Hispanic",40-64 years,1428,258,8333
12021,"White, non-Hispanic",40-64 years,1803,349,9625
12023,"White, non-Hispanic",40-64 years,731,111,2763
12027,"White, non-Hispanic",40-64 years,368,42,1055
12029,"White, non-Hispanic",40-64 years,140,24,834
12031,"White, non-Hispanic",40-64 years,6432,1003,28500
12033,"White, non-Hispanic",40-64 years,2050,428,10616
12035,"White, non-Hispanic",40-64 years,1049,163,4712
12037,"White, non-Hispanic",40-64 years,133,20,576
12039,"White, non-Hispanic",40-64 years,318,49,1137
12041,"White, non-Hispanic",40-64 years,170,22,815
12043,"White, non-Hispanic",40-64 years,93,13,399
12045,"White, non-Hispanic",40-64 years,158,21,717
12047,"White, non-Hispanic",40-64 years,152,22,534
12049,"White, non-Hispanic",40-64 years,253,29,679
12051,"White, non-Hispanic",40-64 years,233,41,767
12053,"White, non-Hispanic",40-64 years,1489,210,7679
12055,"White, non-Hispanic",40-64 years,1036,134,3023
12057,"White, non-Hispanic",40-64 years,8371,1296,37267
12059,"White, non-Hispanic",40-64 years,177,28,897
12061,"White, non-Hispanic",40-64 years,955,171,5524
12063,"White, non-Hispanic",40-64 years,275,47,1757
12065,"White, non-Hispanic",40-64 years,139,20,603
12067,"White, non-Hispanic",40-64 years,84,12,348
12069,"White, non-Hispanic",40-64 years,2245,334,12775
12071,"White, non-Hispanic",40-64 years,5180,861,22911
12073,"White, non-Hispanic",40-64 years,1847,229,6766
12075,"White, non-Hispanic",40-64 years,435,64,1917
12077,"White, non-Hispanic",40-64 years,66,10,334
12079,"White, non-Hispanic",40-64 years,122,20,669
12081,"White, non-Hispanic",40-64 years,2548,426,13880
12083,"White, non-Hispanic",40-64 years,2527,473,12595
12085,"White, non-Hispanic",40-64 years,1159,151,5401
12086,"White, non-Hispanic",40-64 years,4146,655,18484
12087,"White, non-Hispanic",40-64 years,460,69,2829
12089,"White, non-Hispanic",40-64 years,748,118,4178
12091,"White, non-Hispanic",40-64 years,1230,216,6881
12093,"White, non-Hispanic",40-64 years,249,42,1381
12095,"White, non-Hispanic",40-64 years,6828,953,30414
12097,"White, non-Hispanic",40-64 years,2464,247,7157
12099,"White, non-Hispanic",40-64 years,7728,1089,34595
12101,"White, non-Hispanic",40-64 years,4513,692,20842
12103,"White, non-Hispanic",40-64 years,9487,1269,37366
12105,"White, non-Hispanic",40-64 years,6436,624,20544
12107,"White, non-Hispanic",40-64 years,619,103,3193
12109,"White, non-Hispanic",40-64 years,2229,328,10084
12111,"White, non-Hispanic",40-64 years,1927,319,9565
12113,"White, non-Hispanic",40-64 years,1226,217,7150
12115,"White, non-Hispanic",40-64 years,2657,427,14630
12117,"White, non-Hispanic",40-64 years,2639,429,14104
12119,"White, non-Hispanic",40-64 years,798,124,4151
12121,"White, non-Hispanic",40-64 years,476,64,1909
12123,"White, non-Hispanic",40-64 years,258,26,914
12125,"White, non-Hispanic",40-64 years,155,24,671
12127,"White, non-Hispanic",40-64 years,4359,696,21071
12129,"White, non-Hispanic",40-64 years,375,46,1500
12131,"White, non-Hispanic",40-64 years,727,148,3671
12133,"White, non-Hispanic",40-64 years,194,30,1128
13001,"White, non-Hispanic",40-64 years,193,33,738
13003,"White, non-Hispanic",40-64 years,74,16,297
13005,"White, non-Hispanic",40-64 years,102,19,446
13007,"White, non-Hispanic",40-64 years,31,4,99
13009,"White, non-Hispanic",40-64 years,223,30,1260
13011,"White, non-Hispanic",40-64 years,159,27,835
13013,"White, non-Hispanic",40-64 years,724,112,2916
13015,"White, non-Hispanic",40-64 years,1129,150,4713
13017,"White, non-Hispanic",40-64 years,110,20,609
13019,"White, non-Hispanic",40-64 years,181,30,838
13021,"White, non-Hispanic",40-64 years,600,95,3276
13023,"White, non-Hispanic",40-64 years,88,13,487
13025,"White, non-Hispanic",40-64 years,230,30,887
13027,"White, non-Hispanic",40-64 years,187,24,656
13029,"White, non-Hispanic",40-64 years,311,48,1314
13031,"White, non-Hispanic",40-64 years,412,66,2411
13033,"White, non-Hispanic",40-64 years,228,45,800
13035,"White, non-Hispanic",40-64 years,176,23,979
13037,"White, non-Hispanic",40-64 years,39,8,148
13039,"White, non-Hispanic",40-64 years,421,68,1738
13043,"White, non-Hispanic",40-64 years,73,12,404
13045,"White, non-Hispanic",40-64 years,1183,141,4309
13047,"White, non-Hispanic",40-64 years,583,73,3164
13049,"White, non-Hispanic",40-64 years,98,13,522
13051,"White, non-Hispanic",40-64 years,1865,327,7234
13053,"White, non-Hispanic",40-64 years,22,3,93
13055,"White, non-Hispanic",40-64 years,204,26,1236
13057,"White, non-Hispanic",40-64 years,2098,360,10493
13059,"White, non-Hispanic",40-64 years,597,99,2514
13061,"White, non-Hispanic",40-64 years,23,4,74
13063,"White, non-Hispanic",40-64 years,478,82,1796
13065,"White, non-Hispanic",40-64 years,60,13,265
13067,"White, non-Hispanic",40-64 years,3995,727,19516
13069,"White, non-Hispanic",40-64 years,308,66,1467
13071,"White, non-Hispanic",40-64 years,313,39,1492
13073,"White, non-Hispanic",40-64 years,1200,192,4263
13075,"White, non-Hispanic",40-64 years,141,24,656
13077,"White, non-Hispanic",40-64 years,1163,186,5524
13079,"White, non-Hispanic",40-64 years,98,22,575
13081,"White, non-Hispanic",40-64 years,155,28,643
13083,"White, non-Hispanic",40-64 years,145,24,758
13085,"White, non-Hispanic",40-64 years,243,37,1145
13087,"White, non-Hispanic",40-64 years,206,28,877
13089,"White, non-Hispanic",40-64 years,2941,504,11557
13091,"White, non-Hispanic",40-64 years,170,23,799
13093,"White, non-Hispanic",40-64 years,77,14,387
13095,"White, non-Hispanic",40-64 years,324,52,1366
13097,"White, non-Hispanic",40-64 years,832,113,3254
13099,"White, non-Hispanic",40-64 years,82,13,324
13101,"White, non-Hispanic",40-64 years,30,5,139
13103,"White, non-Hispanic",40-64 years,465,68,2421
13105,"White, non-Hispanic",40-64 years,149,20,707
13107,"White, non-Hispanic",40-64 years,145,19,801
13109,"White, non-Hispanic",40-64 years,81,14,382
13111,"White, non-Hispanic",40-64 years,228,39,1278
13113,"White, non-Hispanic",40-64 years,826,127,3170
13115,"White, non-Hispanic",40-64 years,574,78,3610
13117,"White, non-Hispanic",40-64 years,2009,299,8269
13119,"White, non-Hispanic",40-64 years,207,33,1004
13121,"White, non-Hispanic",40-64 years,5482,844,21500
13123,"White, non-Hispanic",40-64 years,247,41,1498
13125,"White, non-Hispanic",40-64 years,42,5,144
13127,"White, non-Hispanic",40-64 years,810,96,2860
13129,"White, non-Hispanic",40-64 years,528,90,2443
13131,"White, non-Hispanic",40-64 years,184,27,913
13133,"White, non-Hispanic",40-64 years,135,21,682
13135,"White, non-Hispanic",40-64 years,4124,654,17926
13137,"White, non-Hispanic",40-64 years,323,50,1770
13139,"White, non-Hispanic",40-64 years,1268,184,6666
13141,"White, non-Hispanic",40-64 years,54,8,223
13143,"White, non-Hispanic",40-64 years,269,32,1395
13145,"White, non-Hispanic",40-64 years,282,40,1384
13147,"White, non-Hispanic",40-64 years,230,39,1131
13149,"White, non-Hispanic",40-64 years,141,23,545
13151,"White, non-Hispanic",40-64 years,1262,207,5074
13153,"White, non-Hispanic",40-64 years,856,137,4851
13155,"White, non-Hispanic",40-64 years,72,11,367
13157,"White, non-Hispanic",40-64 years,593,90,2918
13159,"White, non-Hispanic",40-64 years,102,15,667
13161,"White, non-Hispanic",40-64 years,163,23,591
13163,"White, non-Hispanic",40-64 years,110,15,436
13165,"White, non-Hispanic",40-64 years,71,15,303
13167,"White, non-Hispanic",40-64 years,69,11,372
13169,"White, non-Hispanic",40-64 years,181,29,1053
13171,"White, non-Hispanic",40-64 years,132,23,678
13173,"White, non-Hispanic",40-64 years,75,13,380
13175,"White, non-Hispanic",40-64 years,299,44,1656
13177,"White, non-Hispanic",40-64 years,253,43,1068
13179,"White, non-Hispanic",40-64 years,311,46,1010
13181,"White, non-Hispanic",40-64 years,83,13,333
13183,"White, non-Hispanic",40-64 years,182,24,522
13185,"White, non-Hispanic",40-64 years,583,110,3083
13187,"White, non-Hispanic",40-64 years,231,37,1295
13189,"White, non-Hispanic",40-64 years,262,27,730
13191,"White, non-Hispanic",40-64 years,148,17,478
13193,"White, non-Hispanic",40-64 years,64,9,298
13195,"White, non-Hispanic",40-64 years,264,32,1285
13197,"White, non-Hispanic",40-64 years,72,10,303
13199,"White, non-Hispanic",40-64 years,197,39,779
13201,"White, non-Hispanic",40-64 years,62,8,228
13205,"White, non-Hispanic",40-64 years,232,39,683
13207,"White, non-Hispanic",40-64 years,191,41,1135
13209,"White, non-Hispanic",40-64 years,74,11,343
13211,"White, non-Hispanic",40-64 years,177,27,773
13213,"White, non-Hispanic",40-64 years,479,57,1865
13215,"White, non-Hispanic",40-64 years,828,131,4230
13217,"White, non-Hispanic",40-64 years,639,106,2775
13219,"White, non-Hispanic",40-64 years,262,41,1360
13221,"White, non-Hispanic",40-64 years,125,16,625
13223,"White, non-Hispanic",40-64 years,1171,174,6304
13225,"White, non-Hispanic",40-64 years,172,30,880
13227,"White, non-Hispanic",40-64 years,260,46,1534
13229,"White, non-Hispanic",40-64 years,211,41,861
13231,"White, non-Hispanic",40-64 years,141,27,843
13233,"White, non-Hispanic",40-64 years,290,37,1764
13235,"White, non-Hispanic",40-64 years,70,9,381
13237,"White, non-Hispanic",40-64 years,176,27,874
13239,"White, non-Hispanic",40-64 years,18,3,70
13241,"White, non-Hispanic",40-64 years,138,27,750
13243,"White, non-Hispanic",40-64 years,44,8,155
13245,"White, non-Hispanic",40-64 years,971,167,3671
13247,"White, non-Hispanic",40-64 years,373,64,1517
13249,"White, non-Hispanic",40-64 years,32,6,190
13251,"White, non-Hispanic",40-64 years,85,15,516
13253,"White, non-Hispanic",40-64 years,88,11,346
13255,"White, non-Hispanic",40-64 years,377,80,2218
13257,"White, non-Hispanic",40-64 years,217,35,1090
13259,"White, non-Hispanic",40-64 years,20,3,97
13261,"White, non-Hispanic",40-64 years,140,27,711
13263,"White, non-Hispanic",40-64 years,51,9,190
13265,"White, non-Hispanic",40-64 years,11,2,44
13267,"White, non-Hispanic",40-64 years,163,30,833
13269,"White, non-Hispanic",40-64 years,60,12,320
13271,"White, non-Hispanic",40-64 years,78,11,436
13273,"White, non-Hispanic",40-64 years,71,11,231
13275,"White, non-Hispanic",40-64 years,335,55,1484
13277,"White, non-Hispanic",40-64 years,255,45,1290
13279,"White, non-Hispanic",40-64 years,166,26,903
13281,"White, non-Hispanic",40-64 years,125,13,517
13283,"White, non-Hispanic",40-64 years,60,9,241
13285,"White, non-Hispanic",40-64 years,490,70,2191
13287,"White, non-Hispanic",40-64 years,72,11,292
13289,"White, non-Hispanic",40-64 years,75,12,322
13291,"White, non-Hispanic",40-64 years,271,31,1140
13293,"White, non-Hispanic",40-64 years,196,36,1058
13295,"White, non-Hispanic",40-64 years,669,105,3434
13297,"White, non-Hispanic",40-64 years,829,134,3651
13299,"White, non-Hispanic",40-64 years,301,48,1271
13301,"White, non-Hispanic",40-64 years,44,6,164
13303,"White, non-Hispanic",40-64 years,120,19,588
13305,"White, non-Hispanic",40-64 years,254,41,1171
13307,"White, non-Hispanic",40-64 years,18,3,80
13309,"White, non-Hispanic",40-64 years,76,12,304
13311,"White, non-Hispanic",40-64 years,233,38,1241
13313,"White, non-Hispanic",40-64 years,939,130,3431
13315,"White, non-Hispanic",40-64 years,62,11,329
13317,"White, non-Hispanic",40-64 years,77,16,337
13319,"White, non-Hispanic",40-64 years,68,9,322
13321,"White, non-Hispanic",40-64 years,230,42,866
15001,"White, non-Hispanic",40-64 years,1030,162,2737
15003,"White, non-Hispanic",40-64 years,1967,264,6043
15007,"White, non-Hispanic",40-64 years,276,37,944
15009,"White, non-Hispanic",40-64 years,609,101,2283
16001,"White, non-Hispanic",40-64 years,4520,545,16624
16003,"White, non-Hispanic",40-64 years,34,6,196
16005,"White, non-Hispanic",40-64 years,562,96,2907
16007,"White, non-Hispanic",40-64 years,40,8,222
16009,"White, non-Hispanic",40-64 years,85,15,402
16011,"White, non-Hispanic",40-64 years,304,57,1528
16013,"White, non-Hispanic",40-64 years,154,23,730
16015,"White, non-Hispanic",40-64 years,84,12,372
16017,"White, non-Hispanic",40-64 years,398,60,1917
16019,"White, non-Hispanic",40-64 years,789,119,3620
16021,"White, non-Hispanic",40-64 years,94,16,466
16023,"White, non-Hispanic",40-64 years,29,5,100
16025,"White, non-Hispanic",40-64 years,11,2,46
16027,"White, non-Hispanic",40-64 years,2549,317,7667
16029,"White, non-Hispanic",40-64 years,39,6,234
16031,"White, non-Hispanic",40-64 years,151,21,677
16035,"White, non-Hispanic",40-64 years,100,9,361
16037,"White, non-Hispanic",40-64 years,47,7,182
16039,"White, non-Hispanic",40-64 years,307,33,844
16041,"White, non-Hispanic",40-64 years,116,24,482
16043,"White, non-Hispanic",40-64 years,106,16,446
16045,"White, non-Hispanic",40-64 years,173,22,756
16047,"White, non-Hispanic",40-64 years,176,18,470
16049,"White, non-Hispanic",40-64 years,174,26,658
16051,"White, non-Hispanic",40-64 years,253,42,969
16053,"White, non-Hispanic",40-64 years,169,22,688
16055,"White, non-Hispanic",40-64 years,1574,229,6510
16057,"White, non-Hispanic",40-64 years,241,29,1044
16059,"White, non-Hispanic",40-64 years,86,11,299
16061,"White, non-Hispanic",40-64 years,39,5,133
16063,"White, non-Hispanic",40-64 years,42,7,158
16065,"White, non-Hispanic",40-64 years,215,36,958
16067,"White, non-Hispanic",40-64 years,152,23,613
16069,"White, non-Hispanic",40-64 years,386,60,1515
16071,"White, non-Hispanic",40-64 years,28,5,170
16073,"White, non-Hispanic",40-64 years,154,22,436
16075,"White, non-Hispanic",40-64 years,251,33,864
16077,"White, non-Hispanic",40-64 years,48,9,232
16079,"White, non-Hispanic",40-64 years,193,17,556
16081,"White, non-Hispanic",40-64 years,95,17,426
16083,"White, non-Hispanic",40-64 years,638,88,2802
16085,"White, non-Hispanic",40-64 years,84,12,453
16087,"White, non-Hispanic",40-64 years,88,9,386
17001,"White, non-Hispanic",40-64 years,649,93,2487
17003,"White, non-Hispanic",40-64 years,64,11,224
17005,"White, non-Hispanic",40-64 years,181,28,721
17007,"White, non-Hispanic",40-64 years,425,71,1849
17009,"White, non-Hispanic",40-64 years,52,8,230
17011,"White, non-Hispanic",40-64 years,373,54,1291
17013,"White, non-Hispanic",40-64 years,75,8,214
17015,"White, non-Hispanic",40-64 years,135,20,668
17017,"White, non-Hispanic",40-64 years,140,25,495
17019,"White, non-Hispanic",40-64 years,1188,241,5004
17021,"White, non-Hispanic",40-64 years,379,69,1610
17023,"White, non-Hispanic",40-64 years,199,23,686
17025,"White, non-Hispanic",40-64 years,184,29,572
17027,"White, non-Hispanic",40-64 years,419,58,1613
17029,"White, non-Hispanic",40-64 years,611,65,1803
17031,"White, non-Hispanic",40-64 years,29957,4879,105778
17033,"White, non-Hispanic",40-64 years,219,28,790
17035,"White, non-Hispanic",40-64 years,166,23,476
17037,"White, non-Hispanic",40-64 years,788,118,3026
17039,"White, non-Hispanic",40-64 years,165,27,681
17041,"White, non-Hispanic",40-64 years,159,30,740
17043,"White, non-Hispanic",40-64 years,6732,1002,24282
17045,"White, non-Hispanic",40-64 years,175,30,773
17047,"White, non-Hispanic",40-64 years,95,16,283
17049,"White, non-Hispanic",40-64 years,449,36,1341
17051,"White, non-Hispanic",40-64 years,278,29,950
17053,"White, non-Hispanic",40-64 years,93,17,559
17055,"White, non-Hispanic",40-64 years,458,72,1742
17057,"White, non-Hispanic",40-64 years,352,56,1427
17059,"White, non-Hispanic",40-64 years,80,8,233
17061,"White, non-Hispanic",40-64 years,192,21,568
17063,"White, non-Hispanic",40-64 years,519,84,2003
17065,"White, non-Hispanic",40-64 years,80,13,344
17067,"White, non-Hispanic",40-64 years,230,29,737
17069,"White, non-Hispanic",40-64 years,54,8,185
17071,"White, non-Hispanic",40-64 years,85,10,296
17073,"White, non-Hispanic",40-64 years,584,79,2043
17075,"White, non-Hispanic",40-64 years,234,37,1138
17077,"White, non-Hispanic",40-64 years,530,82,1576
17079,"White, non-Hispanic",40-64 years,132,13,425
17081,"White, non-Hispanic",40-64 years,419,70,1451
17083,"White, non-Hispanic",40-64 years,327,35,964
17085,"White, non-Hispanic",40-64 years,200,32,904
17087,"White, non-Hispanic",40-64 years,180,27,579
17089,"White, non-Hispanic",40-64 years,4132,690,14834
17091,"White, non-Hispanic",40-64 years,923,129,3795
17093,"White, non-Hispanic",40-64 years,916,132,3781
17095,"White, non-Hispanic",40-64 years,551,82,1889
17097,"White, non-Hispanic",40-64 years,5772,838,19927
17099,"White, non-Hispanic",40-64 years,1415,181,4567
17101,"White, non-Hispanic",40-64 years,190,26,649
17103,"White, non-Hispanic",40-64 years,393,50,1312
17105,"White, non-Hispanic",40-64 years,408,55,1479
17107,"White, non-Hispanic",40-64 years,247,45,1100
17109,"White, non-Hispanic",40-64 years,279,44,889
17111,"White, non-Hispanic",40-64 years,3198,429,11527
17113,"White, non-Hispanic",40-64 years,1176,183,5124
17115,"White, non-Hispanic",40-64 years,891,128,3841
17117,"White, non-Hispanic",40-64 years,534,82,2110
17119,"White, non-Hispanic",40-64 years,2662,418,11225
17121,"White, non-Hispanic",40-64 years,361,63,1617
17123,"White, non-Hispanic",40-64 years,108,17,490
17125,"White, non-Hispanic",40-64 years,165,25,588
17127,"White, non-Hispanic",40-64 years,114,15,644
17129,"White, non-Hispanic",40-64 years,117,18,544
17131,"White, non-Hispanic",40-64 years,208,25,662
17133,"White, non-Hispanic",40-64 years,374,56,1545
17135,"White, non-Hispanic",40-64 years,359,45,1264
17137,"White, non-Hispanic",40-64 years,347,60,1370
17139,"White, non-Hispanic",40-64 years,166,23,592
17141,"White, non-Hispanic",40-64 years,685,75,2090
17143,"White, non-Hispanic",40-64 years,1270,206,5301
17145,"White, non-Hispanic",40-64 years,294,45,879
17147,"White, non-Hispanic",40-64 years,140,25,680
17149,"White, non-Hispanic",40-64 years,189,25,628
17151,"White, non-Hispanic",40-64 years,61,7,218
17153,"White, non-Hispanic",40-64 years,54,8,201
17155,"White, non-Hispanic",40-64 years,68,9,241
17157,"White, non-Hispanic",40-64 years,349,53,1289
17159,"White, non-Hispanic",40-64 years,129,19,648
17161,"White, non-Hispanic",40-64 years,1316,167,4884
17163,"White, non-Hispanic",40-64 years,2183,413,8882
17165,"White, non-Hispanic",40-64 years,354,37,1077
17167,"White, non-Hispanic",40-64 years,1753,299,6996
17169,"White, non-Hispanic",40-64 years,83,11,302
17171,"White, non-Hispanic",40-64 years,52,8,245
17173,"White, non-Hispanic",40-64 years,299,38,908
17175,"White, non-Hispanic",40-64 years,61,6,220
17177,"White, non-Hispanic",40-64 years,410,65,1761
17179,"White, non-Hispanic",40-64 years,1407,183,5213
17181,"White, non-Hispanic",40-64 years,230,38,718
17183,"White, non-Hispanic",40-64 years,743,156,3038
17185,"White, non-Hispanic",40-64 years,168,16,478
17187,"White, non-Hispanic",40-64 years,182,31,587
17189,"White, non-Hispanic",40-64 years,201,23,616
17191,"White, non-Hispanic",40-64 years,231,30,706
17193,"White, non-Hispanic",40-64 years,153,26,627
17195,"White, non-Hispanic",40-64 years,512,63,2169
17197,"White, non-Hispanic",40-64 years,5977,944,21699
17199,"White, non-Hispanic",40-64 years,820,131,2739
17201,"White, non-Hispanic",40-64 years,2276,346,9503
17203,"White, non-Hispanic",40-64 years,295,49,1428
18001,"White, non-Hispanic",40-64 years,403,61,1417
18003,"White, non-Hispanic",40-64 years,3389,488,12847
18005,"White, non-Hispanic",40-64 years,824,107,3004
18007,"White, non-Hispanic",40-64 years,92,13,370
18009,"White, non-Hispanic",40-64 years,182,20,572
18011,"White, non-Hispanic",40-64 years,679,95,2469
18013,"White, non-Hispanic",40-64 years,175,24,802
18015,"White, non-Hispanic",40-64 years,201,33,928
18017,"White, non-Hispanic",40-64 years,544,60,1540
18019,"White, non-Hispanic",40-64 years,1205,186,5268
18021,"White, non-Hispanic",40-64 years,199,30,1196
18023,"White, non-Hispanic",40-64 years,287,54,1318
18025,"White, non-Hispanic",40-64 years,102,17,560
18027,"White, non-Hispanic",40-64 years,294,50,1286
18029,"White, non-Hispanic",40-64 years,536,74,2475
18031,"White, non-Hispanic",40-64 years,393,41,1209
18033,"White, non-Hispanic",40-64 years,567,76,1892
18035,"White, non-Hispanic",40-64 years,1163,133,4444
18037,"White, non-Hispanic",40-64 years,435,66,1823
18039,"White, non-Hispanic",40-64 years,1590,249,6994
18041,"White, non-Hispanic",40-64 years,336,51,1192
18043,"White, non-Hispanic",40-64 years,760,108,3414
18045,"White, non-Hispanic",40-64 years,159,30,774
18047,"White, non-Hispanic",40-64 years,373,61,1144
18049,"White, non-Hispanic",40-64 years,295,31,864
18051,"White, non-Hispanic",40-64 years,347,50,1442
18053,"White, non-Hispanic",40-64 years,1002,85,2949
18055,"White, non-Hispanic",40-64 years,374,61,1515
18057,"White, non-Hispanic",40-64 years,2571,313,10849
18059,"White, non-Hispanic",40-64 years,879,128,3326
18061,"White, non-Hispanic",40-64 years,379,62,1861
18063,"White, non-Hispanic",40-64 years,1692,261,6315
18065,"White, non-Hispanic",40-64 years,468,62,2394
18067,"White, non-Hispanic",40-64 years,1002,114,3515
18069,"White, non-Hispanic",40-64 years,466,65,1687
18071,"White, non-Hispanic",40-64 years,615,92,2012
18073,"White, non-Hispanic",40-64 years,261,44,1345
18075,"White, non-Hispanic",40-64 years,266,31,939
18077,"White, non-Hispanic",40-64 years,310,53,1579
18079,"White, non-Hispanic",40-64 years,290,44,1360
18081,"White, non-Hispanic",40-64 years,1607,197,6118
18083,"White, non-Hispanic",40-64 years,424,65,1495
18085,"White, non-Hispanic",40-64 years,859,112,3189
18087,"White, non-Hispanic",40-64 years,323,41,1479
18089,"White, non-Hispanic",40-64 years,3636,616,15829
18091,"White, non-Hispanic",40-64 years,1195,158,4377
18093,"White, non-Hispanic",40-64 years,578,78,2211
18095,"White, non-Hispanic",40-64 years,1776,196,5859
18097,"White, non-Hispanic",40-64 years,7091,1029,26747
18099,"White, non-Hispanic",40-64 years,339,56,1804
18101,"White, non-Hispanic",40-64 years,86,13,475
18103,"White, non-Hispanic",40-64 years,568,58,1641
18105,"White, non-Hispanic",40-64 years,830,138,4211
18107,"White, non-Hispanic",40-64 years,425,84,1686
18109,"White, non-Hispanic",40-64 years,712,113,3492
18111,"White, non-Hispanic",40-64 years,140,20,629
18113,"White, non-Hispanic",40-64 years,489,85,1998
18115,"White, non-Hispanic",40-64 years,66,9,316
18117,"White, non-Hispanic",40-64 years,205,31,942
18119,"White, non-Hispanic",40-64 years,223,40,1107
18121,"White, non-Hispanic",40-64 years,145,21,760
18123,"White, non-Hispanic",40-64 years,208,32,872
18125,"White, non-Hispanic",40-64 years,148,21,584
18127,"White, non-Hispanic",40-64 years,1273,223,6420
18129,"White, non-Hispanic",40-64 years,234,41,1139
18131,"White, non-Hispanic",40-64 years,116,18,557
18133,"White, non-Hispanic",40-64 years,329,54,1586
18135,"White, non-Hispanic",40-64 years,345,36,1202
18137,"White, non-Hispanic",40-64 years,471,76,1322
18139,"White, non-Hispanic",40-64 years,151,27,805
18141,"White, non-Hispanic",40-64 years,2499,319,8518
18143,"White, non-Hispanic",40-64 years,267,39,1216
18145,"White, non-Hispanic",40-64 years,590,74,2166
18147,"White, non-Hispanic",40-64 years,189,34,917
18149,"White, non-Hispanic",40-64 years,189,31,1047
18151,"White, non-Hispanic",40-64 years,387,52,1502
18153,"White, non-Hispanic",40-64 years,277,41,947
18155,"White, non-Hispanic",40-64 years,122,27,512
18157,"White, non-Hispanic",40-64 years,1247,169,5059
18159,"White, non-Hispanic",40-64 years,174,28,712
18161,"White, non-Hispanic",40-64 years,95,14,333
18163,"White, non-Hispanic",40-64 years,1841,295,7233
18165,"White, non-Hispanic",40-64 years,158,21,715
18167,"White, non-Hispanic",40-64 years,875,106,3858
18169,"White, non-Hispanic",40-64 years,481,38,1366
18171,"White, non-Hispanic",40-64 years,102,13,377
18173,"White, non-Hispanic",40-64 years,717,123,2426
18175,"White, non-Hispanic",40-64 years,301,44,1402
18177,"White, non-Hispanic",40-64 years,922,142,3068
18179,"White, non-Hispanic",40-64 years,320,41,1224
18181,"White, non-Hispanic",40-64 years,209,32,1027
18183,"White, non-Hispanic",40-64 years,352,52,1518
19001,"White, non-Hispanic",40-64 years,80,14,308
19003,"White, non-Hispanic",40-64 years,29,4,160
19005,"White, non-Hispanic",40-64 years,118,16,506
19007,"White, non-Hispanic",40-64 years,164,23,501
19009,"White, non-Hispanic",40-64 years,94,10,237
19011,"White, non-Hispanic",40-64 years,350,54,1097
19013,"White, non-Hispanic",40-64 years,1401,179,3997
19015,"White, non-Hispanic",40-64 years,337,47,1094
19017,"White, non-Hispanic",40-64 years,274,38,835
19019,"White, non-Hispanic",40-64 years,227,38,793
19021,"White, non-Hispanic",40-64 years,139,19,521
19023,"White, non-Hispanic",40-64 years,171,22,546
19025,"White, non-Hispanic",40-64 years,123,16,370
19027,"White, non-Hispanic",40-64 years,215,37,798
19029,"White, non-Hispanic",40-64 years,182,20,508
19031,"White, non-Hispanic",40-64 years,273,33,772
19033,"White, non-Hispanic",40-64 years,376,49,1551
19035,"White, non-Hispanic",40-64 years,69,12,429
19037,"White, non-Hispanic",40-64 years,152,13,486
19039,"White, non-Hispanic",40-64 years,116,19,357
19041,"White, non-Hispanic",40-64 years,160,21,583
19043,"White, non-Hispanic",40-64 years,160,26,687
19045,"White, non-Hispanic",40-64 years,571,72,2005
19047,"White, non-Hispanic",40-64 years,186,18,513
19049,"White, non-Hispanic",40-64 years,930,119,3103
19051,"White, non-Hispanic",40-64 years,111,19,362
19053,"White, non-Hispanic",40-64 years,77,11,270
19055,"White, non-Hispanic",40-64 years,280,35,760
19057,"White, non-Hispanic",40-64 years,571,70,1563
19059,"White, non-Hispanic",40-64 years,155,20,643
19061,"White, non-Hispanic",40-64 years,835,115,3489
19063,"White, non-Hispanic",40-64 years,101,14,361
19065,"White, non-Hispanic",40-64 years,212,34,778
19067,"White, non-Hispanic",40-64 years,134,20,570
19069,"White, non-Hispanic",40-64 years,126,17,370
19071,"White, non-Hispanic",40-64 years,58,9,272
19073,"White, non-Hispanic",40-64 years,110,13,336
19075,"White, non-Hispanic",40-64 years,167,19,469
19077,"White, non-Hispanic",40-64 years,144,22,445
19079,"White, non-Hispanic",40-64 years,142,19,574
19081,"White, non-Hispanic",40-64 years,92,13,404
19083,"White, non-Hispanic",40-64 years,236,34,664
19085,"White, non-Hispanic",40-64 years,206,19,624
19087,"White, non-Hispanic",40-64 years,290,37,801
19089,"White, non-Hispanic",40-64 years,83,11,366
19091,"White, non-Hispanic",40-64 years,87,14,361
19093,"White, non-Hispanic",40-64 years,64,10,254
19095,"White, non-Hispanic",40-64 years,214,31,685
19097,"White, non-Hispanic",40-64 years,222,29,885
19099,"White, non-Hispanic",40-64 years,506,78,1539
19101,"White, non-Hispanic",40-64 years,154,21,541
19103,"White, non-Hispanic",40-64 years,848,107,3481
19105,"White, non-Hispanic",40-64 years,218,48,867
19107,"White, non-Hispanic",40-64 years,132,17,415
19109,"White, non-Hispanic",40-64 years,149,16,541
19111,"White, non-Hispanic",40-64 years,507,62,1436
19113,"White, non-Hispanic",40-64 years,2716,335,7951
19115,"White, non-Hispanic",40-64 years,161,17,423
19117,"White, non-Hispanic",40-64 years,134,20,375
19119,"White, non-Hispanic",40-64 years,130,11,403
19121,"White, non-Hispanic",40-64 years,168,15,686
19123,"White, non-Hispanic",40-64 years,217,26,846
19125,"White, non-Hispanic",40-64 years,327,38,1273
19127,"White, non-Hispanic",40-64 years,466,63,1283
19129,"White, non-Hispanic",40-64 years,120,16,597
19131,"White, non-Hispanic",40-64 years,89,15,423
19133,"White, non-Hispanic",40-64 years,106,11,343
19135,"White, non-Hispanic",40-64 years,119,17,329
19137,"White, non-Hispanic",40-64 years,78,13,421
19139,"White, non-Hispanic",40-64 years,608,83,1616
19141,"White, non-Hispanic",40-64 years,161,18,488
19143,"White, non-Hispanic",40-64 years,58,6,230
19145,"White, non-Hispanic",40-64 years,106,15,624
19147,"White, non-Hispanic",40-64 years,97,15,320
19149,"White, non-Hispanic",40-64 years,178,31,921
19151,"White, non-Hispanic",40-64 years,60,10,283
19153,"White, non-Hispanic",40-64 years,4774,613,15518
19155,"White, non-Hispanic",40-64 years,941,127,3764
19157,"White, non-Hispanic",40-64 years,218,23,648
19159,"White, non-Hispanic",40-64 years,35,5,189
19161,"White, non-Hispanic",40-64 years,93,11,378
19163,"White, non-Hispanic",40-64 years,1808,229,5797
19165,"White, non-Hispanic",40-64 years,171,15,472
19167,"White, non-Hispanic",40-64 years,386,32,1034
19169,"White, non-Hispanic",40-64 years,810,103,2287
19171,"White, non-Hispanic",40-64 years,227,32,651
19173,"White, non-Hispanic",40-64 years,41,8,228
19175,"White, non-Hispanic",40-64 years,103,16,466
19177,"White, non-Hispanic",40-64 years,98,15,317
19179,"White, non-Hispanic",40-64 years,416,58,1334
19181,"White, non-Hispanic",40-64 years,517,73,1981
19183,"White, non-Hispanic",40-64 years,291,36,826
19185,"White, non-Hispanic",40-64 years,93,15,264
19187,"White, non-Hispanic",40-64 years,466,66,1377
19189,"White, non-Hispanic",40-64 years,97,15,375
19191,"White, non-Hispanic",40-64 years,205,37,686
19193,"White, non-Hispanic",40-64 years,788,101,3303
19195,"White, non-Hispanic",40-64 years,69,12,289
19197,"White, non-Hispanic",40-64 years,106,16,441
20001,"White, non-Hispanic",40-64 years,146,13,506
20003,"White, non-Hispanic",40-64 years,96,8,326
20005,"White, non-Hispanic",40-64 years,146,19,633
20007,"White, non-Hispanic",40-64 years,40,6,165
20009,"White, non-Hispanic",40-64 years,219,24,942
20011,"White, non-Hispanic",40-64 years,91,14,528
20013,"White, non-Hispanic",40-64 years,90,13,349
20015,"White, non-Hispanic",40-64 years,632,97,2599
20017,"White, non-Hispanic",40-64 years,33,5,101
20019,"White, non-Hispanic",40-64 years,29,6,146
20021,"White, non-Hispanic",40-64 years,163,24,886
20023,"White, non-Hispanic",40-64 years,16,4,82
20025,"White, non-Hispanic",40-64 years,11,2,62
20027,"White, non-Hispanic",40-64 years,68,9,288
20029,"White, non-Hispanic",40-64 years,100,13,333
20031,"White, non-Hispanic",40-64 years,116,18,345
20033,"White, non-Hispanic",40-64 years,14,2,61
20035,"White, non-Hispanic",40-64 years,302,51,1365
20037,"White, non-Hispanic",40-64 years,291,49,1405
20039,"White, non-Hispanic",40-64 years,34,4,100
20041,"White, non-Hispanic",40-64 years,196,22,763
20043,"White, non-Hispanic",40-64 years,60,9,302
20045,"White, non-Hispanic",40-64 years,676,100,3123
20047,"White, non-Hispanic",40-64 years,25,4,108
20049,"White, non-Hispanic",40-64 years,21,4,103
20051,"White, non-Hispanic",40-64 years,149,29,845
20053,"White, non-Hispanic",40-64 years,73,8,242
20055,"White, non-Hispanic",40-64 years,182,31,782
20057,"White, non-Hispanic",40-64 years,151,26,725
20059,"White, non-Hispanic",40-64 years,323,31,1101
20061,"White, non-Hispanic",40-64 years,101,17,544
20063,"White, non-Hispanic",40-64 years,16,3,90
20065,"White, non-Hispanic",40-64 years,21,3,86
20067,"White, non-Hispanic",40-64 years,44,8,175
20069,"White, non-Hispanic",40-64 years,51,8,191
20071,"White, non-Hispanic",40-64 years,8,1,38
20073,"White, non-Hispanic",40-64 years,49,6,270
20075,"White, non-Hispanic",40-64 years,16,3,71
20077,"White, non-Hispanic",40-64 years,57,7,208
20079,"White, non-Hispanic",40-64 years,320,41,1150
20081,"White, non-Hispanic",40-64 years,21,4,105
20083,"White, non-Hispanic",40-64 years,15,2,65
20085,"White, non-Hispanic",40-64 years,150,19,497
20087,"White, non-Hispanic",40-64 years,228,31,795
20089,"White, non-Hispanic",40-64 years,27,4,108
20091,"White, non-Hispanic",40-64 years,4018,601,17375
20093,"White, non-Hispanic",40-64 years,29,4,95
20095,"White, non-Hispanic",40-64 years,83,9,338
20097,"White, non-Hispanic",40-64 years,23,3,81
20099,"White, non-Hispanic",40-64 years,136,23,802
20101,"White, non-Hispanic",40-64 years,14,2,56
20103,"White, non-Hispanic",40-64 years,736,110,3015
20105,"White, non-Hispanic",40-64 years,41,5,118
20107,"White, non-Hispanic",40-64 years,95,18,461
20109,"White, non-Hispanic",40-64 years,22,3,91
20111,"White, non-Hispanic",40-64 years,353,48,985
20113,"White, non-Hispanic",40-64 years,238,30,1096
20115,"White, non-Hispanic",40-64 years,113,16,474
20117,"White, non-Hispanic",40-64 years,110,19,392
20119,"White, non-Hispanic",40-64 years,33,4,133
20121,"White, non-Hispanic",40-64 years,342,40,1460
20123,"White, non-Hispanic",40-64 years,54,6,201
20125,"White, non-Hispanic",40-64 years,257,37,1286
20127,"White, non-Hispanic",40-64 years,65,10,221
20129,"White, non-Hispanic",40-64 years,20,3,86
20131,"White, non-Hispanic",40-64 years,96,11,384
20133,"White, non-Hispanic",40-64 years,228,24,637
20135,"White, non-Hispanic",40-64 years,17,3,103
20137,"White, non-Hispanic",40-64 years,74,9,200
20139,"White, non-Hispanic",40-64 years,199,27,698
20141,"White, non-Hispanic",40-64 years,40,6,136
20143,"White, non-Hispanic",40-64 years,61,7,237
20145,"White, non-Hispanic",40-64 years,69,8,254
20147,"White, non-Hispanic",40-64 years,57,7,177
20149,"White, non-Hispanic",40-64 years,226,34,876
20151,"White, non-Hispanic",40-64 years,83,11,305
20153,"White, non-Hispanic",40-64 years,20,3,84
20155,"White, non-Hispanic",40-64 years,407,60,2327
20157,"White, non-Hispanic",40-64 years,58,6,170
20159,"White, non-Hispanic",40-64 years,69,10,328
20161,"White, non-Hispanic",40-64 years,357,58,1432
20163,"White, non-Hispanic",40-64 years,55,7,185
20165,"White, non-Hispanic",40-64 years,35,6,125
20167,"White, non-Hispanic",40-64 years,62,9,253
20169,"White, non-Hispanic",40-64 years,637,72,1972
20171,"White, non-Hispanic",40-64 years,28,5,159
20173,"White, non-Hispanic",40-64 years,4700,568,16712
20175,"White, non-Hispanic",40-64 years,94,15,356
20177,"White, non-Hispanic",40-64 years,1516,205,6034
20179,"White, non-Hispanic",40-64 years,19,3,86
20181,"White, non-Hispanic",40-64 years,59,9,198
20183,"White, non-Hispanic",40-64 years,50,4,135
20185,"White, non-Hispanic",40-64 years,46,5,154
20187,"White, non-Hispanic",40-64 years,16,3,53
20189,"White, non-Hispanic",40-64 years,39,8,143
20191,"White, non-Hispanic",40-64 years,190,31,961
20193,"White, non-Hispanic",40-64 years,64,9,232
20195,"White, non-Hispanic",40-64 years,20,4,111
20197,"White, non-Hispanic",40-64 years,84,14,295
20199,"White, non-Hispanic",40-64 years,13,2,49
20201,"White, non-Hispanic",40-64 years,48,8,212
20203,"White, non-Hispanic",40-64 years,15,2,64
20205,"White, non-Hispanic",40-64 years,82,9,358
20207,"White, non-Hispanic",40-64 years,39,7,149
20209,"White, non-Hispanic",40-64 years,1145,194,4289
21001,"White, non-Hispanic",40-64 years,160,23,924
21003,"White, non-Hispanic",40-64 years,195,34,1011
21005,"White, non-Hispanic",40-64 years,265,33,1109
21007,"White, non-Hispanic",40-64 years,83,12,355
21009,"White, non-Hispanic",40-64 years,388,51,1954
21011,"White, non-Hispanic",40-64 years,170,27,710
21013,"White, non-Hispanic",40-64 years,269,35,1330
21015,"White, non-Hispanic",40-64 years,1662,259,5588
21017,"White, non-Hispanic",40-64 years,256,32,962
21019,"White, non-Hispanic",40-64 years,692,88,2394
21021,"White, non-Hispanic",40-64 years,253,35,1161
21023,"White, non-Hispanic",40-64 years,105,21,453
21025,"White, non-Hispanic",40-64 years,170,29,849
21027,"White, non-Hispanic",40-64 years,190,30,1063
21029,"White, non-Hispanic",40-64 years,1073,164,4103
21031,"White, non-Hispanic",40-64 years,128,25,618
21033,"White, non-Hispanic",40-64 years,109,18,540
21035,"White, non-Hispanic",40-64 years,365,45,1347
21037,"White, non-Hispanic",40-64 years,1387,176,4274
21039,"White, non-Hispanic",40-64 years,61,6,214
21041,"White, non-Hispanic",40-64 years,96,14,510
21043,"White, non-Hispanic",40-64 years,377,55,1492
21045,"White, non-Hispanic",40-64 years,172,24,794
21047,"White, non-Hispanic",40-64 years,391,57,1818
21049,"White, non-Hispanic",40-64 years,551,84,1752
21051,"White, non-Hispanic",40-64 years,238,26,1252
21053,"White, non-Hispanic",40-64 years,103,17,495
21055,"White, non-Hispanic",40-64 years,71,11,426
21057,"White, non-Hispanic",40-64 years,50,8,315
21059,"White, non-Hispanic",40-64 years,693,93,4109
21061,"White, non-Hispanic",40-64 years,159,21,624
21063,"White, non-Hispanic",40-64 years,91,14,440
21065,"White, non-Hispanic",40-64 years,233,25,848
21067,"White, non-Hispanic",40-64 years,2270,337,9683
21069,"White, non-Hispanic",40-64 years,181,37,773
21071,"White, non-Hispanic",40-64 years,347,62,2124
21073,"White, non-Hispanic",40-64 years,540,66,2196
21075,"White, non-Hispanic",40-64 years,66,12,244
21077,"White, non-Hispanic",40-64 years,126,14,461
21079,"White, non-Hispanic",40-64 years,201,25,914
21081,"White, non-Hispanic",40-64 years,313,43,1192
21083,"White, non-Hispanic",40-64 years,476,79,1520
21085,"White, non-Hispanic",40-64 years,302,39,1309
21087,"White, non-Hispanic",40-64 years,110,18,600
21089,"White, non-Hispanic",40-64 years,590,89,1932
21091,"White, non-Hispanic",40-64 years,72,11,413
21093,"White, non-Hispanic",40-64 years,726,118,4202
21095,"White, non-Hispanic",40-64 years,268,44,1465
21097,"White, non-Hispanic",40-64 years,211,36,988
21099,"White, non-Hispanic",40-64 years,225,29,991
21101,"White, non-Hispanic",40-64 years,490,95,1944
21103,"White, non-Hispanic",40-64 years,149,20,766
21105,"White, non-Hispanic",40-64 years,56,6,211
21107,"White, non-Hispanic",40-64 years,403,58,1916
21109,"White, non-Hispanic",40-64 years,225,28,776
21111,"White, non-Hispanic",40-64 years,6232,944,25089
21113,"White, non-Hispanic",40-64 years,608,78,2163
21115,"White, non-Hispanic",40-64 years,240,46,1279
21117,"White, non-Hispanic",40-64 years,1958,284,7002
21119,"White, non-Hispanic",40-64 years,167,26,899
21121,"White, non-Hispanic",40-64 years,302,41,1649
21123,"White, non-Hispanic",40-64 years,139,18,729
21125,"White, non-Hispanic",40-64 years,572,94,3205
21127,"White, non-Hispanic",40-64 years,212,31,944
21129,"White, non-Hispanic",40-64 years,110,14,497
21131,"White, non-Hispanic",40-64 years,117,21,638
21133,"White, non-Hispanic",40-64 years,223,37,1267
21135,"White, non-Hispanic",40-64 years,178,21,783
21137,"White, non-Hispanic",40-64 years,265,45,1233
21139,"White, non-Hispanic",40-64 years,86,12,428
21141,"White, non-Hispanic",40-64 years,289,37,1243
21143,"White, non-Hispanic",40-64 years,86,13,432
21145,"White, non-Hispanic",40-64 years,561,77,2492
21147,"White, non-Hispanic",40-64 years,178,30,942
21149,"White, non-Hispanic",40-64 years,72,9,428
21151,"White, non-Hispanic",40-64 years,1003,119,3823
21153,"White, non-Hispanic",40-64 years,125,25,752
21155,"White, non-Hispanic",40-64 years,204,32,916
21157,"White, non-Hispanic",40-64 years,325,44,1414
21159,"White, non-Hispanic",40-64 years,147,24,665
21161,"White, non-Hispanic",40-64 years,174,27,820
21163,"White, non-Hispanic",40-64 years,297,60,1421
21165,"White, non-Hispanic",40-64 years,82,10,407
21167,"White, non-Hispanic",40-64 years,260,44,1081
21169,"White, non-Hispanic",40-64 years,84,11,519
21171,"White, non-Hispanic",40-64 years,116,14,575
21173,"White, non-Hispanic",40-64 years,418,64,1488
21175,"White, non-Hispanic",40-64 years,141,22,838
21177,"White, non-Hispanic",40-64 years,251,38,1446
21179,"White, non-Hispanic",40-64 years,781,99,2125
21181,"White, non-Hispanic",40-64 years,89,12,412
21183,"White, non-Hispanic",40-64 years,191,24,1128
21185,"White, non-Hispanic",40-64 years,621,96,2695
21187,"White, non-Hispanic",40-64 years,141,21,585
21189,"White, non-Hispanic",40-64 years,48,9,246
21191,"White, non-Hispanic",40-64 years,280,31,815
21193,"White, non-Hispanic",40-64 years,263,51,1459
21195,"White, non-Hispanic",40-64 years,726,104,3322
21197,"White, non-Hispanic",40-64 years,191,24,740
21199,"White, non-Hispanic",40-64 years,612,86,3245
21201,"White, non-Hispanic",40-64 years,37,4,128
21203,"White, non-Hispanic",40-64 years,184,25,929
21205,"White, non-Hispanic",40-64 years,226,39,1015
21207,"White, non-Hispanic",40-64 years,186,27,944
21209,"White, non-Hispanic",40-64 years,607,88,2370
21211,"White, non-Hispanic",40-64 years,537,75,1989
21213,"White, non-Hispanic",40-64 years,196,31,873
21215,"White, non-Hispanic",40-64 years,261,37,963
21217,"White, non-Hispanic",40-64 years,183,29,1092
21219,"White, non-Hispanic",40-64 years,111,18,537
21221,"White, non-Hispanic",40-64 years,128,24,636
21223,"White, non-Hispanic",40-64 years,103,15,440
21225,"White, non-Hispanic",40-64 years,144,20,594
21227,"White, non-Hispanic",40-64 years,1116,144,4483
21229,"White, non-Hispanic",40-64 years,127,19,554
21231,"White, non-Hispanic",40-64 years,175,24,1033
21233,"White, non-Hispanic",40-64 years,128,21,594
21235,"White, non-Hispanic",40-64 years,297,38,1666
21237,"White, non-Hispanic",40-64 years,68,11,407
21239,"White, non-Hispanic",40-64 years,319,42,1114
22001,"White, non-Hispanic",40-64 years,457,75,2406
22003,"White, non-Hispanic",40-64 years,214,31,878
22005,"White, non-Hispanic",40-64 years,1453,208,4371
22007,"White, non-Hispanic",40-64 years,215,38,861
22009,"White, non-Hispanic",40-64 years,405,52,1511
22011,"White, non-Hispanic",40-64 years,249,35,1475
22013,"White, non-Hispanic",40-64 years,95,14,423
22015,"White, non-Hispanic",40-64 years,808,136,3911
22017,"White, non-Hispanic",40-64 years,1182,219,5535
22019,"White, non-Hispanic",40-64 years,1507,195,7206
22021,"White, non-Hispanic",40-64 years,71,14,389
22023,"White, non-Hispanic",40-64 years,46,8,231
22025,"White, non-Hispanic",40-64 years,108,15,339
22027,"White, non-Hispanic",40-64 years,75,17,416
22029,"White, non-Hispanic",40-64 years,183,30,616
22031,"White, non-Hispanic",40-64 years,215,40,957
22033,"White, non-Hispanic",40-64 years,2675,495,9705
22035,"White, non-Hispanic",40-64 years,30,6,162
22037,"White, non-Hispanic",40-64 years,211,40,745
22039,"White, non-Hispanic",40-64 years,287,34,1212
22041,"White, non-Hispanic",40-64 years,146,30,752
22043,"White, non-Hispanic",40-64 years,247,34,908
22045,"White, non-Hispanic",40-64 years,445,73,2410
22047,"White, non-Hispanic",40-64 years,346,41,927
22049,"White, non-Hispanic",40-64 years,156,23,566
22051,"White, non-Hispanic",40-64 years,3976,634,12307
22053,"White, non-Hispanic",40-64 years,283,37,1349
22055,"White, non-Hispanic",40-64 years,1331,215,7064
22057,"White, non-Hispanic",40-64 years,944,173,4001
22059,"White, non-Hispanic",40-64 years,113,16,563
22061,"White, non-Hispanic",40-64 years,364,52,1095
22063,"White, non-Hispanic",40-64 years,1574,249,6302
22065,"White, non-Hispanic",40-64 years,71,14,240
22067,"White, non-Hispanic",40-64 years,142,31,775
22069,"White, non-Hispanic",40-64 years,182,31,1004
22071,"White, non-Hispanic",40-64 years,2209,351,7077
22073,"White, non-Hispanic",40-64 years,977,183,4657
22075,"White, non-Hispanic",40-64 years,287,42,821
22077,"White, non-Hispanic",40-64 years,270,43,792
22079,"White, non-Hispanic",40-64 years,1172,142,4284
22081,"White, non-Hispanic",40-64 years,55,13,271
22083,"White, non-Hispanic",40-64 years,155,29,643
22085,"White, non-Hispanic",40-64 years,172,33,818
22087,"White, non-Hispanic",40-64 years,465,77,1625
22089,"White, non-Hispanic",40-64 years,638,108,2012
22091,"White, non-Hispanic",40-64 years,115,19,359
22093,"White, non-Hispanic",40-64 years,175,32,632
22095,"White, non-Hispanic",40-64 years,347,55,973
22097,"White, non-Hispanic",40-64 years,553,90,2754
22099,"White, non-Hispanic",40-64 years,400,63,1984
22101,"White, non-Hispanic",40-64 years,329,60,1842
22103,"White, non-Hispanic",40-64 years,3502,433,9543
22105,"White, non-Hispanic",40-64 years,1646,222,4937
22107,"White, non-Hispanic",40-64 years,30,5,123
22109,"White, non-Hispanic",40-64 years,1031,190,4208
22111,"White, non-Hispanic",40-64 years,200,35,872
22113,"White, non-Hispanic",40-64 years,574,81,2429
22115,"White, non-Hispanic",40-64 years,352,39,1366
22117,"White, non-Hispanic",40-64 years,536,73,1766
22119,"White, non-Hispanic",40-64 years,231,44,1240
22121,"White, non-Hispanic",40-64 years,273,49,902
22123,"White, non-Hispanic",40-64 years,72,12,400
22125,"White, non-Hispanic",40-64 years,135,19,541
22127,"White, non-Hispanic",40-64 years,107,17,483
23001,"White, non-Hispanic",40-64 years,1275,208,4644
23003,"White, non-Hispanic",40-64 years,1067,134,3254
23005,"White, non-Hispanic",40-64 years,3099,425,10265
23007,"White, non-Hispanic",40-64 years,351,39,1235
23009,"White, non-Hispanic",40-64 years,701,121,2125
23011,"White, non-Hispanic",40-64 years,1422,227,5222
23013,"White, non-Hispanic",40-64 years,519,53,1478
23015,"White, non-Hispanic",40-64 years,456,48,1332
23017,"White, non-Hispanic",40-64 years,884,101,2783
23019,"White, non-Hispanic",40-64 years,2002,300,6519
23021,"White, non-Hispanic",40-64 years,271,37,896
23023,"White, non-Hispanic",40-64 years,296,41,1437
23025,"White, non-Hispanic",40-64 years,630,91,2486
23027,"White, non-Hispanic",40-64 years,556,87,1633
23029,"White, non-Hispanic",40-64 years,394,67,1366
23031,"White, non-Hispanic",40-64 years,2726,346,9154
24001,"White, non-Hispanic",40-64 years,748,84,2770
24003,"White, non-Hispanic",40-64 years,4865,689,17935
24005,"White, non-Hispanic",40-64 years,5239,938,21243
24009,"White, non-Hispanic",40-64 years,830,139,3603
24011,"White, non-Hispanic",40-64 years,269,43,1383
24013,"White, non-Hispanic",40-64 years,1541,238,6733
24015,"White, non-Hispanic",40-64 years,1179,189,4419
24017,"White, non-Hispanic",40-64 years,1087,193,3571
24019,"White, non-Hispanic",40-64 years,310,56,1248
24021,"White, non-Hispanic",40-64 years,2805,443,8890
24023,"White, non-Hispanic",40-64 years,374,54,1414
24025,"White, non-Hispanic",40-64 years,2204,368,9057
24027,"White, non-Hispanic",40-64 years,1579,272,6745
24029,"White, non-Hispanic",40-64 years,143,21,668
24031,"White, non-Hispanic",40-64 years,6224,875,22679
24033,"White, non-Hispanic",40-64 years,1493,273,5240
24035,"White, non-Hispanic",40-64 years,527,76,2157
24037,"White, non-Hispanic",40-64 years,884,168,4015
24039,"White, non-Hispanic",40-64 years,232,46,852
24041,"White, non-Hispanic",40-64 years,221,32,1226
24043,"White, non-Hispanic",40-64 years,1486,235,6180
24045,"White, non-Hispanic",40-64 years,725,120,3048
24047,"White, non-Hispanic",40-64 years,568,82,2226
24510,"White, non-Hispanic",40-64 years,2097,369,8878
25001,"White, non-Hispanic",40-64 years,2390,326,8133
25003,"White, non-Hispanic",40-64 years,771,153,4703
25005,"White, non-Hispanic",40-64 years,6955,907,22876
25007,"White, non-Hispanic",40-64 years,151,25,716
25009,"White, non-Hispanic",40-64 years,8729,1225,26655
25011,"White, non-Hispanic",40-64 years,784,127,2853
25013,"White, non-Hispanic",40-64 years,4676,591,14965
25015,"White, non-Hispanic",40-64 years,1289,199,4601
25017,"White, non-Hispanic",40-64 years,15184,2167,47323
25019,"White, non-Hispanic",40-64 years,132,16,430
25021,"White, non-Hispanic",40-64 years,5983,882,20367
25023,"White, non-Hispanic",40-64 years,5806,826,19571
25025,"White, non-Hispanic",40-64 years,4588,624,13365
25027,"White, non-Hispanic",40-64 years,8608,1415,29643
26001,"White, non-Hispanic",40-64 years,109,12,533
26003,"White, non-Hispanic",40-64 years,79,11,386
26005,"White, non-Hispanic",40-64 years,1132,218,5004
26007,"White, non-Hispanic",40-64 years,352,40,1283
26009,"White, non-Hispanic",40-64 years,234,36,1057
26011,"White, non-Hispanic",40-64 years,199,22,738
26013,"White, non-Hispanic",40-64 years,55,10,327
26015,"White, non-Hispanic",40-64 years,500,80,2730
26017,"White, non-Hispanic",40-64 years,1115,146,4475
26019,"White, non-Hispanic",40-64 years,202,26,781
26021,"White, non-Hispanic",40-64 years,1178,193,5940
26023,"White, non-Hispanic",40-64 years,430,64,1924
26025,"White, non-Hispanic",40-64 years,1193,173,5288
26027,"White, non-Hispanic",40-64 years,445,64,2308
26029,"White, non-Hispanic",40-64 years,270,40,1094
26031,"White, non-Hispanic",40-64 years,264,40,1216
26033,"White, non-Hispanic",40-64 years,270,43,1334
26035,"White, non-Hispanic",40-64 years,265,41,1524
26037,"White, non-Hispanic",40-64 years,1127,159,3219
26039,"White, non-Hispanic",40-64 years,193,19,661
26041,"White, non-Hispanic",40-64 years,397,63,1626
26043,"White, non-Hispanic",40-64 years,343,40,1125
26045,"White, non-Hispanic",40-64 years,1115,213,4266
26047,"White, non-Hispanic",40-64 years,311,51,1199
26049,"White, non-Hispanic",40-64 years,3925,677,16378
26051,"White, non-Hispanic",40-64 years,296,33,1249
26053,"White, non-Hispanic",40-64 years,108,13,643
26055,"White, non-Hispanic",40-64 years,904,122,3441
26057,"White, non-Hispanic",40-64 years,562,74,1639
26059,"White, non-Hispanic",40-64 years,610,82,2075
26061,"White, non-Hispanic",40-64 years,254,33,1236
26063,"White, non-Hispanic",40-64 years,314,43,1429
26065,"White, non-Hispanic",40-64 years,2028,362,7751
26067,"White, non-Hispanic",40-64 years,719,132,2898
26069,"White, non-Hispanic",40-64 years,285,34,1214
26071,"White, non-Hispanic",40-64 years,113,22,530
26073,"White, non-Hispanic",40-64 years,556,72,2144
26075,"White, non-Hispanic",40-64 years,1673,276,6942
26077,"White, non-Hispanic",40-64 years,1267,225,7578
26079,"White, non-Hispanic",40-64 years,218,29,848
26081,"White, non-Hispanic",40-64 years,5417,821,20833
26083,"White, non-Hispanic",40-64 years,23,3,86
26085,"White, non-Hispanic",40-64 years,175,31,698
26087,"White, non-Hispanic",40-64 years,932,157,3982
26089,"White, non-Hispanic",40-64 years,258,26,843
26091,"White, non-Hispanic",40-64 years,1458,207,4340
26093,"White, non-Hispanic",40-64 years,2264,388,8400
26095,"White, non-Hispanic",40-64 years,54,11,218
26097,"White, non-Hispanic",40-64 years,98,16,436
26099,"White, non-Hispanic",40-64 years,8415,1398,33509
26101,"White, non-Hispanic",40-64 years,268,39,1082
26103,"White, non-Hispanic",40-64 years,451,65,2310
26105,"White, non-Hispanic",40-64 years,391,55,1199
26107,"White, non-Hispanic",40-64 years,419,53,1532
26109,"White, non-Hispanic",40-64 years,300,42,1129
26111,"White, non-Hispanic",40-64 years,1001,98,3160
26113,"White, non-Hispanic",40-64 years,213,20,665
26115,"White, non-Hispanic",40-64 years,1876,281,7096
26117,"White, non-Hispanic",40-64 years,726,112,2942
26119,"White, non-Hispanic",40-64 years,118,17,477
26121,"White, non-Hispanic",40-64 years,1880,299,7184
26123,"White, non-Hispanic",40-64 years,638,99,2263
26125,"White, non-Hispanic",40-64 years,9620,1541,39216
26127,"White, non-Hispanic",40-64 years,349,62,1147
26129,"White, non-Hispanic",40-64 years,215,29,1017
26131,"White, non-Hispanic",40-64 years,55,7,296
26133,"White, non-Hispanic",40-64 years,314,40,1056
26135,"White, non-Hispanic",40-64 years,106,11,415
26137,"White, non-Hispanic",40-64 years,297,32,1061
26139,"White, non-Hispanic",40-64 years,2474,423,9495
26141,"White, non-Hispanic",40-64 years,158,28,638
26143,"White, non-Hispanic",40-64 years,258,35,1203
26145,"White, non-Hispanic",40-64 years,1567,246,6745
26147,"White, non-Hispanic",40-64 years,2609,295,7272
26149,"White, non-Hispanic",40-64 years,462,64,2507
26151,"White, non-Hispanic",40-64 years,434,71,1818
26153,"White, non-Hispanic",40-64 years,86,14,390
26155,"White, non-Hispanic",40-64 years,929,139,3127
26157,"White, non-Hispanic",40-64 years,579,90,2453
26159,"White, non-Hispanic",40-64 years,629,110,3114
26161,"White, non-Hispanic",40-64 years,2469,324,9205
26163,"White, non-Hispanic",40-64 years,13846,2305,51038
26165,"White, non-Hispanic",40-64 years,473,56,1423
27001,"White, non-Hispanic",40-64 years,149,19,694
27003,"White, non-Hispanic",40-64 years,3272,511,12577
27005,"White, non-Hispanic",40-64 years,453,46,1194
27007,"White, non-Hispanic",40-64 years,416,57,1315
27009,"White, non-Hispanic",40-64 years,447,69,1467
27011,"White, non-Hispanic",40-64 years,49,7,192
27013,"White, non-Hispanic",40-64 years,433,54,1756
27015,"White, non-Hispanic",40-64 years,326,36,890
27017,"White, non-Hispanic",40-64 years,263,35,1385
27019,"White, non-Hispanic",40-64 years,819,158,3518
27021,"White, non-Hispanic",40-64 years,395,48,1263
27023,"White, non-Hispanic",40-64 years,100,15,410
27025,"White, non-Hispanic",40-64 years,522,75,2303
27027,"White, non-Hispanic",40-64 years,511,70,1921
27029,"White, non-Hispanic",40-64 years,80,10,307
27031,"White, non-Hispanic",40-64 years,42,8,207
27033,"White, non-Hispanic",40-64 years,65,10,360
27035,"White, non-Hispanic",40-64 years,542,80,2507
27037,"White, non-Hispanic",40-64 years,3348,582,12797
27039,"White, non-Hispanic",40-64 years,175,22,711
27041,"White, non-Hispanic",40-64 years,339,47,1336
27043,"White, non-Hispanic",40-64 years,139,18,512
27045,"White, non-Hispanic",40-64 years,156,22,771
27047,"White, non-Hispanic",40-64 years,261,37,1115
27049,"White, non-Hispanic",40-64 years,345,66,1728
27051,"White, non-Hispanic",40-64 years,59,9,220
27053,"White, non-Hispanic",40-64 years,7396,1132,31198
27055,"White, non-Hispanic",40-64 years,172,27,699
27057,"White, non-Hispanic",40-64 years,253,33,798
27059,"White, non-Hispanic",40-64 years,456,61,1629
27061,"White, non-Hispanic",40-64 years,385,50,1747
27063,"White, non-Hispanic",40-64 years,76,12,378
27065,"White, non-Hispanic",40-64 years,150,26,684
27067,"White, non-Hispanic",40-64 years,465,67,1341
27069,"White, non-Hispanic",40-64 years,52,7,165
27071,"White, non-Hispanic",40-64 years,108,16,521
27073,"White, non-Hispanic",40-64 years,54,6,246
27075,"White, non-Hispanic",40-64 years,96,12,430
27077,"White, non-Hispanic",40-64 years,40,6,168
27079,"White, non-Hispanic",40-64 years,284,42,1069
27081,"White, non-Hispanic",40-64 years,34,5,201
27083,"White, non-Hispanic",40-64 years,168,18,775
27085,"White, non-Hispanic",40-64 years,252,42,1316
27087,"White, non-Hispanic",40-64 years,45,6,138
27089,"White, non-Hispanic",40-64 years,79,12,342
27091,"White, non-Hispanic",40-64 years,156,22,698
27093,"White, non-Hispanic",40-64 years,185,39,869
27095,"White, non-Hispanic",40-64 years,216,36,1059
27097,"White, non-Hispanic",40-64 years,358,55,1362
27099,"White, non-Hispanic",40-64 years,450,70,1301
27101,"White, non-Hispanic",40-64 years,64,10,292
27103,"White, non-Hispanic",40-64 years,294,41,1047
27105,"White, non-Hispanic",40-64 years,125,14,573
27107,"White, non-Hispanic",40-64 years,67,7,246
27109,"White, non-Hispanic",40-64 years,893,132,4269
27111,"White, non-Hispanic",40-64 years,617,80,2139
27113,"White, non-Hispanic",40-64 years,106,16,496
27115,"White, non-Hispanic",40-64 years,325,46,1278
27117,"White, non-Hispanic",40-64 years,70,10,314
27119,"White, non-Hispanic",40-64 years,301,47,1058
27121,"White, non-Hispanic",40-64 years,128,20,402
27123,"White, non-Hispanic",40-64 years,3224,486,12807
27125,"White, non-Hispanic",40-64 years,32,4,146
27127,"White, non-Hispanic",40-64 years,153,17,510
27129,"White, non-Hispanic",40-64 years,170,23,533
27131,"White, non-Hispanic",40-64 years,495,80,2064
27133,"White, non-Hispanic",40-64 years,83,10,343
27135,"White, non-Hispanic",40-64 years,127,20,618
27137,"White, non-Hispanic",40-64 years,1493,185,6915
27139,"White, non-Hispanic",40-64 years,1266,209,4875
27141,"White, non-Hispanic",40-64 years,1044,176,3502
27143,"White, non-Hispanic",40-64 years,128,22,586
27145,"White, non-Hispanic",40-64 years,1314,191,4751
27147,"White, non-Hispanic",40-64 years,260,38,1234
27149,"White, non-Hispanic",40-64 years,42,9,245
27151,"White, non-Hispanic",40-64 years,98,14,357
27153,"White, non-Hispanic",40-64 years,179,34,961
27155,"White, non-Hispanic",40-64 years,25,4,119
27157,"White, non-Hispanic",40-64 years,162,22,803
27159,"White, non-Hispanic",40-64 years,117,20,504
27161,"White, non-Hispanic",40-64 years,182,26,655
27163,"White, non-Hispanic",40-64 years,2058,350,8320
27165,"White, non-Hispanic",40-64 years,107,15,341
27167,"White, non-Hispanic",40-64 years,82,10,255
27169,"White, non-Hispanic",40-64 years,293,51,1581
27171,"White, non-Hispanic",40-64 years,1643,241,4979
27173,"White, non-Hispanic",40-64 years,57,7,323
28001,"White, non-Hispanic",40-64 years,186,36,737
28003,"White, non-Hispanic",40-64 years,440,58,1507
28005,"White, non-Hispanic",40-64 years,132,14,519
28007,"White, non-Hispanic",40-64 years,134,22,566
28009,"White, non-Hispanic",40-64 years,88,13,318
28011,"White, non-Hispanic",40-64 years,142,24,563
28013,"White, non-Hispanic",40-64 years,159,25,516
28015,"White, non-Hispanic",40-64 years,101,15,397
28017,"White, non-Hispanic",40-64 years,100,17,507
28019,"White, non-Hispanic",40-64 years,61,9,326
28021,"White, non-Hispanic",40-64 years,17,2,74
28023,"White, non-Hispanic",40-64 years,195,33,596
28025,"White, non-Hispanic",40-64 years,120,18,449
28027,"White, non-Hispanic",40-64 years,73,10,291
28029,"White, non-Hispanic",40-64 years,204,35,850
28031,"White, non-Hispanic",40-64 years,174,26,664
28033,"White, non-Hispanic",40-64 years,1082,188,6128
28035,"White, non-Hispanic",40-64 years,739,117,2231
28037,"White, non-Hispanic",40-64 years,67,10,273
28039,"White, non-Hispanic",40-64 years,186,37,1043
28041,"White, non-Hispanic",40-64 years,141,24,572
28043,"White, non-Hispanic",40-64 years,139,21,693
28045,"White, non-Hispanic",40-64 years,636,86,2181
28047,"White, non-Hispanic",40-64 years,1624,246,7414
28049,"White, non-Hispanic",40-64 years,857,139,3099
28051,"White, non-Hispanic",40-64 years,55,9,197
28053,"White, non-Hispanic",40-64 years,42,7,120
28055,"White, non-Hispanic",40-64 years,11,2,43
28057,"White, non-Hispanic",40-64 years,222,35,1086
28059,"White, non-Hispanic",40-64 years,1009,188,5537
28061,"White, non-Hispanic",40-64 years,130,17,475
28063,"White, non-Hispanic",40-64 years,21,4,83
28065,"White, non-Hispanic",40-64 years,89,14,293
28067,"White, non-Hispanic",40-64 years,605,90,2400
28069,"White, non-Hispanic",40-64 years,58,9,203
28071,"White, non-Hispanic",40-64 years,364,45,1635
28073,"White, non-Hispanic",40-64 years,534,74,1957
28075,"White, non-Hispanic",40-64 years,681,109,2218
28077,"White, non-Hispanic",40-64 years,101,14,437
28079,"White, non-Hispanic",40-64 years,188,31,664
28081,"White, non-Hispanic",40-64 years,626,84,2727
28083,"White, non-Hispanic",40-64 years,96,12,413
28085,"White, non-Hispanic",40-64 years,248,43,1317
28087,"White, non-Hispanic",40-64 years,508,69,1650
28089,"White, non-Hispanic",40-64 years,666,112,2969
28091,"White, non-Hispanic",40-64 years,260,40,922
28093,"White, non-Hispanic",40-64 years,265,45,1226
28095,"White, non-Hispanic",40-64 years,372,64,1324
28097,"White, non-Hispanic",40-64 years,82,14,326
28099,"White, non-Hispanic",40-64 years,337,50,955
28101,"White, non-Hispanic",40-64 years,233,40,729
28103,"White, non-Hispanic",40-64 years,61,9,180
28105,"White, non-Hispanic",40-64 years,197,33,999
28107,"White, non-Hispanic",40-64 years,300,42,997
28109,"White, non-Hispanic",40-64 years,890,107,2445
28111,"White, non-Hispanic",40-64 years,168,26,523
28113,"White, non-Hispanic",40-64 years,267,28,1054
28115,"White, non-Hispanic",40-64 years,288,46,1239
28117,"White, non-Hispanic",40-64 years,378,40,1079
28119,"White, non-Hispanic",40-64 years,31,5,102
28121,"White, non-Hispanic",40-64 years,1315,190,5468
28123,"White, non-Hispanic",40-64 years,187,32,859
28125,"White, non-Hispanic",40-64 years,17,3,68
28127,"White, non-Hispanic",40-64 years,203,36,967
28129,"White, non-Hispanic",40-64 years,161,25,572
28131,"White, non-Hispanic",40-64 years,212,31,772
28133,"White, non-Hispanic",40-64 years,156,18,433
28135,"White, non-Hispanic",40-64 years,72,9,305
28137,"White, non-Hispanic",40-64 years,213,35,1049
28139,"White, non-Hispanic",40-64 years,231,32,899
28141,"White, non-Hispanic",40-64 years,234,29,924
28143,"White, non-Hispanic",40-64 years,30,4,135
28145,"White, non-Hispanic",40-64 years,285,31,1087
28147,"White, non-Hispanic",40-64 years,143,16,501
28149,"White, non-Hispanic",40-64 years,347,47,1205
28151,"White, non-Hispanic",40-64 years,187,31,762
28153,"White, non-Hispanic",40-64 years,225,39,699
28155,"White, non-Hispanic",40-64 years,88,12,419
28157,"White, non-Hispanic",40-64 years,49,7,181
28159,"White, non-Hispanic",40-64 years,159,23,565
28161,"White, non-Hispanic",40-64 years,107,15,451
28163,"White, non-Hispanic",40-64 years,162,37,653
29001,"White, non-Hispanic",40-64 years,177,36,808
29003,"White, non-Hispanic",40-64 years,124,20,746
29005,"White, non-Hispanic",40-64 years,46,6,225
29007,"White, non-Hispanic",40-64 years,252,44,1100
29009,"White, non-Hispanic",40-64 years,287,43,1511
29011,"White, non-Hispanic",40-64 years,155,19,502
29013,"White, non-Hispanic",40-64 years,166,25,737
29015,"White, non-Hispanic",40-64 years,183,25,1007
29017,"White, non-Hispanic",40-64 years,108,13,531
29019,"White, non-Hispanic",40-64 years,1148,168,4882
29021,"White, non-Hispanic",40-64 years,605,80,3378
29023,"White, non-Hispanic",40-64 years,497,63,1736
29025,"White, non-Hispanic",40-64 years,78,11,400
29027,"White, non-Hispanic",40-64 years,569,45,1871
29029,"White, non-Hispanic",40-64 years,546,68,2062
29031,"White, non-Hispanic",40-64 years,580,79,2839
29033,"White, non-Hispanic",40-64 years,72,12,381
29035,"White, non-Hispanic",40-64 years,72,8,262
29037,"White, non-Hispanic",40-64 years,950,149,4407
29039,"White, non-Hispanic",40-64 years,184,26,643
29041,"White, non-Hispanic",40-64 years,106,13,334
29043,"White, non-Hispanic",40-64 years,892,128,3575
29045,"White, non-Hispanic",40-64 years,65,10,316
29047,"White, non-Hispanic",40-64 years,2096,336,9802
29049,"White, non-Hispanic",40-64 years,184,30,964
29051,"White, non-Hispanic",40-64 years,973,77,2874
29053,"White, non-Hispanic",40-64 years,191,27,708
29055,"White, non-Hispanic",40-64 years,357,52,1119
29057,"White, non-Hispanic",40-64 years,81,9,362
29059,"White, non-Hispanic",40-64 years,191,31,819
29061,"White, non-Hispanic",40-64 years,89,16,357
29063,"White, non-Hispanic",40-64 years,92,12,503
29065,"White, non-Hispanic",40-64 years,242,28,704
29067,"White, non-Hispanic",40-64 years,152,21,555
29069,"White, non-Hispanic",40-64 years,350,50,1195
29071,"White, non-Hispanic",40-64 years,1558,226,4898
29073,"White, non-Hispanic",40-64 years,242,28,713
29075,"White, non-Hispanic",40-64 years,46,8,251
29077,"White, non-Hispanic",40-64 years,2587,360,10143
29079,"White, non-Hispanic",40-64 years,72,12,397
29081,"White, non-Hispanic",40-64 years,52,8,343
29083,"White, non-Hispanic",40-64 years,292,35,973
29085,"White, non-Hispanic",40-64 years,94,12,440
29087,"White, non-Hispanic",40-64 years,44,7,189
29089,"White, non-Hispanic",40-64 years,136,24,409
29091,"White, non-Hispanic",40-64 years,273,37,1631
29093,"White, non-Hispanic",40-64 years,85,12,485
29095,"White, non-Hispanic",40-64 years,5220,892,23055
29097,"White, non-Hispanic",40-64 years,999,108,4694
29099,"White, non-Hispanic",40-64 years,2617,404,10724
29101,"White, non-Hispanic",40-64 years,629,58,1758
29103,"White, non-Hispanic",40-64 years,51,9,172
29105,"White, non-Hispanic",40-64 years,383,48,1644
29107,"White, non-Hispanic",40-64 years,355,46,1461
29109,"White, non-Hispanic",40-64 years,364,48,1606
29111,"White, non-Hispanic",40-64 years,121,22,421
29113,"White, non-Hispanic",40-64 years,831,106,2783
29115,"White, non-Hispanic",40-64 years,112,19,523
29117,"White, non-Hispanic",40-64 years,99,18,597
29119,"White, non-Hispanic",40-64 years,207,30,1020
29121,"White, non-Hispanic",40-64 years,143,24,651
29123,"White, non-Hispanic",40-64 years,103,14,606
29125,"White, non-Hispanic",40-64 years,136,15,414
29127,"White, non-Hispanic",40-64 years,297,49,1154
29129,"White, non-Hispanic",40-64 years,37,5,153
29131,"White, non-Hispanic",40-64 years,358,31,1119
29133,"White, non-Hispanic",40-64 years,142,24,522
29135,"White, non-Hispanic",40-64 years,182,16,630
29137,"White, non-Hispanic",40-64 years,109,15,405
29139,"White, non-Hispanic",40-64 years,136,17,556
29141,"White, non-Hispanic",40-64 years,304,28,1017
29143,"White, non-Hispanic",40-64 years,176,20,742
29145,"White, non-Hispanic",40-64 years,594,73,2495
29147,"White, non-Hispanic",40-64 years,122,17,656
29149,"White, non-Hispanic",40-64 years,68,9,424
29151,"White, non-Hispanic",40-64 years,211,20,623
29153,"White, non-Hispanic",40-64 years,136,14,447
29155,"White, non-Hispanic",40-64 years,170,26,635
29157,"White, non-Hispanic",40-64 years,184,25,822
29159,"White, non-Hispanic",40-64 years,445,58,1734
29161,"White, non-Hispanic",40-64 years,566,94,1662
29163,"White, non-Hispanic",40-64 years,177,34,781
29165,"White, non-Hispanic",40-64 years,853,139,3796
29167,"White, non-Hispanic",40-64 years,330,35,1332
29169,"White, non-Hispanic",40-64 years,512,58,1427
29171,"White, non-Hispanic",40-64 years,42,6,206
29173,"White, non-Hispanic",40-64 years,129,15,497
29175,"White, non-Hispanic",40-64 years,365,48,1068
29177,"White, non-Hispanic",40-64 years,311,38,1099
29179,"White, non-Hispanic",40-64 years,78,10,339
29181,"White, non-Hispanic",40-64 years,137,18,523
29183,"White, non-Hispanic",40-64 years,5057,679,15650
29185,"White, non-Hispanic",40-64 years,147,17,460
29186,"White, non-Hispanic",40-64 years,268,35,874
29187,"White, non-Hispanic",40-64 years,583,80,3115
29189,"White, non-Hispanic",40-64 years,7574,1167,28331
29195,"White, non-Hispanic",40-64 years,185,25,901
29197,"White, non-Hispanic",40-64 years,30,6,173
29199,"White, non-Hispanic",40-64 years,43,6,175
29201,"White, non-Hispanic",40-64 years,372,54,1560
29203,"White, non-Hispanic",40-64 years,63,11,353
29205,"White, non-Hispanic",40-64 years,67,10,257
29207,"White, non-Hispanic",40-64 years,252,39,1301
29209,"White, non-Hispanic",40-64 years,333,38,1499
29211,"White, non-Hispanic",40-64 years,56,9,251
29213,"White, non-Hispanic",40-64 years,668,59,2315
29215,"White, non-Hispanic",40-64 years,234,32,1185
29217,"White, non-Hispanic",40-64 years,159,24,834
29219,"White, non-Hispanic",40-64 years,585,83,1642
29221,"White, non-Hispanic",40-64 years,276,38,1231
29223,"White, non-Hispanic",40-64 years,138,17,577
29225,"White, non-Hispanic",40-64 years,379,59,1680
29227,"White, non-Hispanic",40-64 years,15,3,93
29229,"White, non-Hispanic",40-64 years,179,29,835
29510,"White, non-Hispanic",40-64 years,1687,293,7586
30001,"White, non-Hispanic",40-64 years,63,7,293
30003,"White, non-Hispanic",40-64 years,74,11,227
30005,"White, non-Hispanic",40-64 years,47,7,158
30007,"White, non-Hispanic",40-64 years,54,8,279
30009,"White, non-Hispanic",40-64 years,92,15,436
30011,"White, non-Hispanic",40-64 years,12,2,56
30013,"White, non-Hispanic",40-64 years,523,68,2592
30015,"White, non-Hispanic",40-64 years,40,6,200
30017,"White, non-Hispanic",40-64 years,85,13,463
30019,"White, non-Hispanic",40-64 years,19,2,62
30021,"White, non-Hispanic",40-64 years,69,10,314
30023,"White, non-Hispanic",40-64 years,71,10,377
30025,"White, non-Hispanic",40-64 years,28,4,108
30027,"White, non-Hispanic",40-64 years,122,17,404
30029,"White, non-Hispanic",40-64 years,766,124,3575
30031,"White, non-Hispanic",40-64 years,691,117,3044
30033,"White, non-Hispanic",40-64 years,10,1,45
30035,"White, non-Hispanic",40-64 years,62,11,232
30039,"White, non-Hispanic",40-64 years,28,5,130
30041,"White, non-Hispanic",40-64 years,82,12,462
30043,"White, non-Hispanic",40-64 years,124,20,428
30045,"White, non-Hispanic",40-64 years,25,3,78
30047,"White, non-Hispanic",40-64 years,210,28,939
30049,"White, non-Hispanic",40-64 years,492,68,2209
30051,"White, non-Hispanic",40-64 years,13,3,72
30053,"White, non-Hispanic",40-64 years,144,26,840
30055,"White, non-Hispanic",40-64 years,18,2,67
30057,"White, non-Hispanic",40-64 years,71,10,310
30059,"White, non-Hispanic",40-64 years,21,3,74
30061,"White, non-Hispanic",40-64 years,45,7,193
30063,"White, non-Hispanic",40-64 years,656,103,3062
30065,"White, non-Hispanic",40-64 years,46,6,196
30067,"White, non-Hispanic",40-64 years,164,20,635
30071,"White, non-Hispanic",40-64 years,33,4,160
30073,"White, non-Hispanic",40-64 years,42,9,198
30075,"White, non-Hispanic",40-64 years,17,3,70
30077,"White, non-Hispanic",40-64 years,57,9,274
30079,"White, non-Hispanic",40-64 years,8,1,37
30081,"White, non-Hispanic",40-64 years,309,47,1649
30083,"White, non-Hispanic",40-64 years,106,14,393
30085,"White, non-Hispanic",40-64 years,69,11,223
30087,"White, non-Hispanic",40-64 years,46,7,233
30089,"White, non-Hispanic",40-64 years,102,16,529
30091,"White, non-Hispanic",40-64 years,43,6,136
30093,"White, non-Hispanic",40-64 years,247,34,1236
30095,"White, non-Hispanic",40-64 years,65,9,344
30097,"White, non-Hispanic",40-64 years,32,5,131
30099,"White, non-Hispanic",40-64 years,54,7,210
30101,"White, non-Hispanic",40-64 years,46,9,180
30105,"White, non-Hispanic",40-64 years,86,10,274
30107,"White, non-Hispanic",40-64 years,19,3,79
30109,"White, non-Hispanic",40-64 years,10,1,41
30111,"White, non-Hispanic",40-64 years,1212,180,5390
31001,"White, non-Hispanic",40-64 years,170,26,967
31003,"White, non-Hispanic",40-64 years,45,6,217
31011,"White, non-Hispanic",40-64 years,43,7,193
31013,"White, non-Hispanic",40-64 years,113,23,372
31015,"White, non-Hispanic",40-64 years,17,3,67
31017,"White, non-Hispanic",40-64 years,26,4,104
31019,"White, non-Hispanic",40-64 years,335,49,1336
31021,"White, non-Hispanic",40-64 years,41,7,245
31023,"White, non-Hispanic",40-64 years,94,13,314
31025,"White, non-Hispanic",40-64 years,293,50,1063
31027,"White, non-Hispanic",40-64 years,96,12,310
31029,"White, non-Hispanic",40-64 years,31,5,128
31031,"White, non-Hispanic",40-64 years,46,6,187
31033,"White, non-Hispanic",40-64 years,119,19,327
31035,"White, non-Hispanic",40-64 years,40,5,213
31037,"White, non-Hispanic",40-64 years,58,8,245
31039,"White, non-Hispanic",40-64 years,57,8,309
31041,"White, non-Hispanic",40-64 years,92,15,360
31043,"White, non-Hispanic",40-64 years,163,26,507
31045,"White, non-Hispanic",40-64 years,54,6,229
31047,"White, non-Hispanic",40-64 years,148,24,605
31049,"White, non-Hispanic",40-64 years,18,3,71
31051,"White, non-Hispanic",40-64 years,56,9,193
31053,"White, non-Hispanic",40-64 years,299,38,1255
31055,"White, non-Hispanic",40-64 years,4714,654,16600
31057,"White, non-Hispanic",40-64 years,13,2,61
31059,"White, non-Hispanic",40-64 years,60,6,215
31061,"White, non-Hispanic",40-64 years,20,3,109
31063,"White, non-Hispanic",40-64 years,21,3,96
31065,"White, non-Hispanic",40-64 years,34,4,163
31067,"White, non-Hispanic",40-64 years,178,33,867
31069,"White, non-Hispanic",40-64 years,15,2,75
31071,"White, non-Hispanic",40-64 years,20,4,71
31073,"White, non-Hispanic",40-64 years,19,2,70
31077,"White, non-Hispanic",40-64 years,25,3,78
31079,"White, non-Hispanic",40-64 years,464,73,1789
31081,"White, non-Hispanic",40-64 years,85,12,319
31083,"White, non-Hispanic",40-64 years,36,4,123
31085,"White, non-Hispanic",40-64 years,7,1,31
31087,"White, non-Hispanic",40-64 years,22,3,97
31089,"White, non-Hispanic",40-64 years,105,16,352
31093,"White, non-Hispanic",40-64 years,59,9,238
31095,"White, non-Hispanic",40-64 years,84,14,281
31097,"White, non-Hispanic",40-64 years,50,7,208
31099,"White, non-Hispanic",40-64 years,58,7,224
31101,"White, non-Hispanic",40-64 years,87,13,306
31103,"White, non-Hispanic",40-64 years,8,1,33
31105,"White, non-Hispanic",40-64 years,31,4,127
31107,"White, non-Hispanic",40-64 years,77,13,277
31109,"White, non-Hispanic",40-64 years,2164,307,8770
31111,"White, non-Hispanic",40-64 years,265,43,1210
31119,"White, non-Hispanic",40-64 years,226,27,1051
31121,"White, non-Hispanic",40-64 years,73,13,285
31123,"White, non-Hispanic",40-64 years,38,5,162
31125,"White, non-Hispanic",40-64 years,25,4,137
31127,"White, non-Hispanic",40-64 years,51,8,238
31129,"White, non-Hispanic",40-64 years,44,6,161
31131,"White, non-Hispanic",40-64 years,181,20,606
31133,"White, non-Hispanic",40-64 years,15,3,95
31135,"White, non-Hispanic",40-64 years,28,5,91
31137,"White, non-Hispanic",40-64 years,99,12,297
31139,"White, non-Hispanic",40-64 years,57,8,252
31141,"White, non-Hispanic",40-64 years,287,36,983
31143,"White, non-Hispanic",40-64 years,44,6,188
31145,"White, non-Hispanic",40-64 years,102,13,372
31147,"White, non-Hispanic",40-64 years,79,10,331
31149,"White, non-Hispanic",40-64 years,7,1,44
31151,"White, non-Hispanic",40-64 years,97,12,418
31153,"White, non-Hispanic",40-64 years,1647,244,6207
31155,"White, non-Hispanic",40-64 years,227,31,869
31157,"White, non-Hispanic",40-64 years,304,42,1153
31159,"White, non-Hispanic",40-64 years,181,27,561
31161,"White, non-Hispanic",40-64 years,43,7,164
31163,"White, non-Hispanic",40-64 years,37,6,117
31165,"White, non-Hispanic",40-64 years,11,2,43
31167,"White, non-Hispanic",40-64 years,38,7,213
31169,"White, non-Hispanic",40-64 years,52,7,183
31173,"White, non-Hispanic",40-64 years,45,8,136
31175,"White, non-Hispanic",40-64 years,33,4,136
31177,"White, non-Hispanic",40-64 years,176,19,800
31179,"White, non-Hispanic",40-64 years,61,9,264
31181,"White, non-Hispanic",40-64 years,30,6,128
31183,"White, non-Hispanic",40-64 years,8,1,31
31185,"White, non-Hispanic",40-64 years,106,15,460
32001,"White, non-Hispanic",40-64 years,167,30,815
32003,"White, non-Hispanic",40-64 years,9814,1645,49651
32005,"White, non-Hispanic",40-64 years,413,62,1682
32007,"White, non-Hispanic",40-64 years,346,67,1624
32011,"White, non-Hispanic",40-64 years,15,2,73
32013,"White, non-Hispanic",40-64 years,114,24,508
32015,"White, non-Hispanic",40-64 years,47,7,183
32017,"White, non-Hispanic",40-64 years,41,5,154
32019,"White, non-Hispanic",40-64 years,466,74,2047
32021,"White, non-Hispanic",40-64 years,22,4,134
32023,"White, non-Hispanic",40-64 years,377,56,1990
32027,"White, non-Hispanic",40-64 years,53,11,242
32029,"White, non-Hispanic",40-64 years,35,5,154
32031,"White, non-Hispanic",40-64 years,2706,467,12656
32033,"White, non-Hispanic",40-64 years,53,10,309
32510,"White, non-Hispanic",40-64 years,407,59,1724
33001,"White, non-Hispanic",40-64 years,1009,83,2797
33003,"White, non-Hispanic",40-64 years,785,72,2187
33005,"White, non-Hispanic",40-64 years,705,80,2940
33007,"White, non-Hispanic",40-64 years,377,49,1434
33009,"White, non-Hispanic",40-64 years,817,104,3046
33011,"White, non-Hispanic",40-64 years,4749,612,16488
33013,"White, non-Hispanic",40-64 years,1513,210,6022
33015,"White, non-Hispanic",40-64 years,3528,513,13238
33017,"White, non-Hispanic",40-64 years,1172,179,5250
33019,"White, non-Hispanic",40-64 years,350,68,1778
34001,"White, non-Hispanic",40-64 years,1945,370,8719
34003,"White, non-Hispanic",40-64 years,5280,768,21449
34005,"White, non-Hispanic",40-64 years,3615,569,14758
34007,"White, non-Hispanic",40-64 years,3766,627,14766
34009,"White, non-Hispanic",40-64 years,823,150,3900
34011,"White, non-Hispanic",40-64 years,1141,185,4497
34013,"White, non-Hispanic",40-64 years,3907,645,14495
34015,"White, non-Hispanic",40-64 years,2908,440,11867
34017,"White, non-Hispanic",40-64 years,2324,432,9869
34019,"White, non-Hispanic",40-64 years,1129,181,4467
34021,"White, non-Hispanic",40-64 years,2170,322,8692
34023,"White, non-Hispanic",40-64 years,4440,608,17180
34025,"White, non-Hispanic",40-64 years,4410,698,21626
34027,"White, non-Hispanic",40-64 years,4075,602,14489
34029,"White, non-Hispanic",40-64 years,5217,796,21777
34031,"White, non-Hispanic",40-64 years,3295,544,11497
34033,"White, non-Hispanic",40-64 years,523,92,2570
34035,"White, non-Hispanic",40-64 years,2125,325,8428
34037,"White, non-Hispanic",40-64 years,1457,250,5785
34039,"White, non-Hispanic",40-64 years,3647,490,11815
34041,"White, non-Hispanic",40-64 years,1042,177,4174
35001,"White, non-Hispanic",40-64 years,2981,475,11915
35003,"White, non-Hispanic",40-64 years,40,5,135
35005,"White, non-Hispanic",40-64 years,248,46,1358
35006,"White, non-Hispanic",40-64 years,90,15,310
35007,"White, non-Hispanic",40-64 years,52,9,311
35009,"White, non-Hispanic",40-64 years,222,32,941
35011,"White, non-Hispanic",40-64 years,10,2,42
35013,"White, non-Hispanic",40-64 years,729,108,2786
35015,"White, non-Hispanic",40-64 years,268,51,1488
35017,"White, non-Hispanic",40-64 years,160,24,619
35019,"White, non-Hispanic",40-64 years,11,2,48
35023,"White, non-Hispanic",40-64 years,22,3,88
35025,"White, non-Hispanic",40-64 years,302,61,1358
35027,"White, non-Hispanic",40-64 years,130,25,599
35028,"White, non-Hispanic",40-64 years,77,12,429
35029,"White, non-Hispanic",40-64 years,87,14,352
35031,"White, non-Hispanic",40-64 years,148,22,454
35033,"White, non-Hispanic",40-64 years,15,1,49
35035,"White, non-Hispanic",40-64 years,345,50,1629
35037,"White, non-Hispanic",40-64 years,79,10,245
35039,"White, non-Hispanic",40-64 years,76,15,358
35041,"White, non-Hispanic",40-64 years,98,17,398
35043,"White, non-Hispanic",40-64 years,791,145,3244
35045,"White, non-Hispanic",40-64 years,748,131,2494
35047,"White, non-Hispanic",40-64 years,99,12,316
35049,"White, non-Hispanic",40-64 years,563,98,3014
35051,"White, non-Hispanic",40-64 years,74,11,346
35053,"White, non-Hispanic",40-64 years,79,15,319
35055,"White, non-Hispanic",40-64 years,164,33,659
35057,"White, non-Hispanic",40-64 years,98,18,414
35059,"White, non-Hispanic",40-64 years,34,5,108
35061,"White, non-Hispanic",40-64 years,374,67,1552
36001,"White, non-Hispanic",40-64 years,2344,354,9093
36003,"White, non-Hispanic",40-64 years,337,45,1898
36005,"White, non-Hispanic",40-64 years,1978,311,7852
36007,"White, non-Hispanic",40-64 years,1238,219,7343
36009,"White, non-Hispanic",40-64 years,647,103,3399
36011,"White, non-Hispanic",40-64 years,1025,209,3419
36013,"White, non-Hispanic",40-64 years,1495,222,5543
36015,"White, non-Hispanic",40-64 years,710,103,3390
36017,"White, non-Hispanic",40-64 years,612,79,2154
36019,"White, non-Hispanic",40-64 years,584,102,3012
36021,"White, non-Hispanic",40-64 years,702,92,2497
36023,"White, non-Hispanic",40-64 years,418,71,1791
36025,"White, non-Hispanic",40-64 years,492,68,1963
36027,"White, non-Hispanic",40-64 years,2070,320,9751
36029,"White, non-Hispanic",40-64 years,8024,1251,33246
36031,"White, non-Hispanic",40-64 years,373,73,1587
36033,"White, non-Hispanic",40-64 years,403,74,1857
36035,"White, non-Hispanic",40-64 years,466,78,2464
36037,"White, non-Hispanic",40-64 years,639,101,2594
36039,"White, non-Hispanic",40-64 years,712,87,2082
36041,"White, non-Hispanic",40-64 years,51,9,249
36043,"White, non-Hispanic",40-64 years,724,125,2654
36045,"White, non-Hispanic",40-64 years,1265,118,3859
36047,"White, non-Hispanic",40-64 years,10985,1535,42475
36049,"White, non-Hispanic",40-64 years,303,43,1194
36051,"White, non-Hispanic",40-64 years,582,98,2640
36053,"White, non-Hispanic",40-64 years,732,117,2899
36055,"White, non-Hispanic",40-64 years,5113,900,23722
36057,"White, non-Hispanic",40-64 years,490,102,1969
36059,"White, non-Hispanic",40-64 years,7482,1091,33373
36061,"White, non-Hispanic",40-64 years,5698,770,28607
36063,"White, non-Hispanic",40-64 years,2240,392,9963
36065,"White, non-Hispanic",40-64 years,2189,352,8793
36067,"White, non-Hispanic",40-64 years,3874,607,16263
36069,"White, non-Hispanic",40-64 years,1059,189,4409
36071,"White, non-Hispanic",40-64 years,3018,460,11356
36073,"White, non-Hispanic",40-64 years,406,54,1894
36075,"White, non-Hispanic",40-64 years,1415,194,5507
36077,"White, non-Hispanic",40-64 years,506,75,2014
36079,"White, non-Hispanic",40-64 years,915,137,3466
36081,"White, non-Hispanic",40-64 years,7968,1156,31216
36083,"White, non-Hispanic",40-64 years,1936,289,6070
36085,"White, non-Hispanic",40-64 years,3408,541,13627
36087,"White, non-Hispanic",40-64 years,2271,338,7739
36089,"White, non-Hispanic",40-64 years,859,147,4533
36091,"White, non-Hispanic",40-64 years,2316,323,9119
36093,"White, non-Hispanic",40-64 years,1218,199,5292
36095,"White, non-Hispanic",40-64 years,439,76,1302
36097,"White, non-Hispanic",40-64 years,158,27,842
36099,"White, non-Hispanic",40-64 years,303,50,1399
36101,"White, non-Hispanic",40-64 years,945,130,4115
36103,"White, non-Hispanic",40-64 years,11089,1624,46928
36105,"White, non-Hispanic",40-64 years,718,110,2942
36107,"White, non-Hispanic",40-64 years,423,60,2128
36109,"White, non-Hispanic",40-64 years,969,98,2950
36111,"White, non-Hispanic",40-64 years,1726,265,7110
36113,"White, non-Hispanic",40-64 years,713,93,2645
36115,"White, non-Hispanic",40-64 years,719,107,2672
36117,"White, non-Hispanic",40-64 years,847,181,4122
36119,"White, non-Hispanic",40-64 years,5463,807,22986
36121,"White, non-Hispanic",40-64 years,408,65,1812
36123,"White, non-Hispanic",40-64 years,202,32,946
37001,"White, non-Hispanic",40-64 years,1369,208,5729
37003,"White, non-Hispanic",40-64 years,360,57,1667
37005,"White, non-Hispanic",40-64 years,143,14,515
37007,"White, non-Hispanic",40-64 years,174,30,653
37009,"White, non-Hispanic",40-64 years,446,46,1241
37011,"White, non-Hispanic",40-64 years,175,28,843
37013,"White, non-Hispanic",40-64 years,485,63,1637
37015,"White, non-Hispanic",40-64 years,90,17,432
37017,"White, non-Hispanic",40-64 years,258,37,1066
37019,"White, non-Hispanic",40-64 years,1680,194,6252
37021,"White, non-Hispanic",40-64 years,2343,319,9903
37023,"White, non-Hispanic",40-64 years,773,133,4228
37025,"White, non-Hispanic",40-64 years,1532,191,6915
37027,"White, non-Hispanic",40-64 years,721,131,4041
37029,"White, non-Hispanic",40-64 years,136,18,453
37031,"White, non-Hispanic",40-64 years,534,89,2969
37033,"White, non-Hispanic",40-64 years,228,32,910
37035,"White, non-Hispanic",40-64 years,1154,191,6598
37037,"White, non-Hispanic",40-64 years,610,110,2529
37039,"White, non-Hispanic",40-64 years,285,46,1419
37041,"White, non-Hispanic",40-64 years,142,20,471
37043,"White, non-Hispanic",40-64 years,119,15,521
37045,"White, non-Hispanic",40-64 years,921,149,4127
37047,"White, non-Hispanic",40-64 years,473,54,1741
37049,"White, non-Hispanic",40-64 years,784,107,2827
37051,"White, non-Hispanic",40-64 years,1531,224,6378
37053,"White, non-Hispanic",40-64 years,327,45,1353
37055,"White, non-Hispanic",40-64 years,374,67,1658
37057,"White, non-Hispanic",40-64 years,1805,311,7543
37059,"White, non-Hispanic",40-64 years,523,67,1742
37061,"White, non-Hispanic",40-64 years,444,64,1526
37063,"White, non-Hispanic",40-64 years,1508,266,6299
37065,"White, non-Hispanic",40-64 years,338,44,1224
37067,"White, non-Hispanic",40-64 years,3314,551,10635
37069,"White, non-Hispanic",40-64 years,770,117,2651
37071,"White, non-Hispanic",40-64 years,2367,287,9341
37073,"White, non-Hispanic",40-64 years,112,15,434
37075,"White, non-Hispanic",40-64 years,94,14,359
37077,"White, non-Hispanic",40-64 years,710,130,2311
37079,"White, non-Hispanic",40-64 years,241,24,636
37081,"White, non-Hispanic",40-64 years,3676,604,13634
37083,"White, non-Hispanic",40-64 years,365,66,1263
37085,"White, non-Hispanic",40-64 years,1385,229,4134
37087,"White, non-Hispanic",40-64 years,539,67,2773
37089,"White, non-Hispanic",40-64 years,974,159,4548
37091,"White, non-Hispanic",40-64 years,82,15,485
37093,"White, non-Hispanic",40-64 years,269,41,1075
37095,"White, non-Hispanic",40-64 years,49,6,185
37097,"White, non-Hispanic",40-64 years,1845,254,7464
37099,"White, non-Hispanic",40-64 years,326,70,1570
37101,"White, non-Hispanic",40-64 years,2093,295,8178
37103,"White, non-Hispanic",40-64 years,109,16,351
37105,"White, non-Hispanic",40-64 years,451,65,2108
37107,"White, non-Hispanic",40-64 years,590,56,1635
37109,"White, non-Hispanic",40-64 years,906,152,4300
37111,"White, non-Hispanic",40-64 years,378,60,2170
37113,"White, non-Hispanic",40-64 years,298,51,1556
37115,"White, non-Hispanic",40-64 years,174,23,1015
37117,"White, non-Hispanic",40-64 years,210,32,713
37119,"White, non-Hispanic",40-64 years,7137,1093,24823
37121,"White, non-Hispanic",40-64 years,146,23,702
37123,"White, non-Hispanic",40-64 years,286,36,995
37125,"White, non-Hispanic",40-64 years,685,99,3138
37127,"White, non-Hispanic",40-64 years,620,99,2693
37129,"White, non-Hispanic",40-64 years,1631,222,7291
37131,"White, non-Hispanic",40-64 years,138,26,512
37133,"White, non-Hispanic",40-64 years,1117,193,4446
37135,"White, non-Hispanic",40-64 years,1030,161,3774
37137,"White, non-Hispanic",40-64 years,138,20,503
37139,"White, non-Hispanic",40-64 years,304,49,1227
37141,"White, non-Hispanic",40-64 years,651,112,2586
37143,"White, non-Hispanic",40-64 years,148,23,521
37145,"White, non-Hispanic",40-64 years,568,72,1501
37147,"White, non-Hispanic",40-64 years,975,134,3796
37149,"White, non-Hispanic",40-64 years,202,32,860
37151,"White, non-Hispanic",40-64 years,1354,183,6121
37153,"White, non-Hispanic",40-64 years,260,35,1442
37155,"White, non-Hispanic",40-64 years,555,71,2062
37157,"White, non-Hispanic",40-64 years,1032,147,3981
37159,"White, non-Hispanic",40-64 years,1327,190,5838
37161,"White, non-Hispanic",40-64 years,782,161,2903
37163,"White, non-Hispanic",40-64 years,434,74,1832
37165,"White, non-Hispanic",40-64 years,196,27,898
37167,"White, non-Hispanic",40-64 years,632,65,2513
37169,"White, non-Hispanic",40-64 years,679,118,2261
37171,"White, non-Hispanic",40-64 years,849,100,3192
37173,"White, non-Hispanic",40-64 years,143,26,519
37175,"White, non-Hispanic",40-64 years,234,38,1314
37177,"White, non-Hispanic",40-64 years,29,4,114
37179,"White, non-Hispanic",40-64 years,2667,369,8451
37181,"White, non-Hispanic",40-64 years,367,55,1103
37183,"White, non-Hispanic",40-64 years,7646,1259,29780
37185,"White, non-Hispanic",40-64 years,187,24,528
37187,"White, non-Hispanic",40-64 years,109,16,338
37189,"White, non-Hispanic",40-64 years,347,47,1854
37191,"White, non-Hispanic",40-64 years,1178,185,3475
37193,"White, non-Hispanic",40-64 years,559,73,2981
37195,"White, non-Hispanic",40-64 years,456,74,2212
37197,"White, non-Hispanic",40-64 years,521,79,1710
37199,"White, non-Hispanic",40-64 years,189,35,862
38001,"White, non-Hispanic",40-64 years,12,2,66
38003,"White, non-Hispanic",40-64 years,102,15,393
38005,"White, non-Hispanic",40-64 years,55,8,152
38007,"White, non-Hispanic",40-64 years,8,1,35
38009,"White, non-Hispanic",40-64 years,78,11,236
38011,"White, non-Hispanic",40-64 years,23,3,101
38013,"White, non-Hispanic",40-64 years,24,3,86
38015,"White, non-Hispanic",40-64 years,723,127,3047
38017,"White, non-Hispanic",40-64 years,1301,160,4725
38019,"White, non-Hispanic",40-64 years,31,4,135
38021,"White, non-Hispanic",40-64 years,61,5,173
38023,"White, non-Hispanic",40-64 years,26,3,79
38025,"White, non-Hispanic",40-64 years,25,5,136
38027,"White, non-Hispanic",40-64 years,29,4,90
38029,"White, non-Hispanic",40-64 years,29,5,141
38031,"White, non-Hispanic",40-64 years,30,4,129
38033,"White, non-Hispanic",40-64 years,19,3,69
38035,"White, non-Hispanic",40-64 years,479,71,1773
38037,"White, non-Hispanic",40-64 years,21,3,95
38039,"White, non-Hispanic",40-64 years,23,4,83
38041,"White, non-Hispanic",40-64 years,22,3,89
38043,"White, non-Hispanic",40-64 years,25,5,88
38045,"White, non-Hispanic",40-64 years,48,6,160
38047,"White, non-Hispanic",40-64 years,26,3,73
38049,"White, non-Hispanic",40-64 years,64,10,225
38051,"White, non-Hispanic",40-64 years,35,5,101
38053,"White, non-Hispanic",40-64 years,119,13,391
38055,"White, non-Hispanic",40-64 years,129,14,385
38057,"White, non-Hispanic",40-64 years,113,12,334
38059,"White, non-Hispanic",40-64 years,449,59,1157
38061,"White, non-Hispanic",40-64 years,87,15,258
38063,"White, non-Hispanic",40-64 years,36,5,125
38065,"White, non-Hispanic",40-64 years,22,3,76
38067,"White, non-Hispanic",40-64 years,88,9,255
38069,"White, non-Hispanic",40-64 years,35,5,152
38071,"White, non-Hispanic",40-64 years,107,13,396
38073,"White, non-Hispanic",40-64 years,60,7,218
38075,"White, non-Hispanic",40-64 years,28,4,99
38077,"White, non-Hispanic",40-64 years,188,24,535
38079,"White, non-Hispanic",40-64 years,52,8,150
38081,"White, non-Hispanic",40-64 years,51,6,144
38083,"White, non-Hispanic",40-64 years,15,2,52
38085,"White, non-Hispanic",40-64 years,11,2,33
38087,"White, non-Hispanic",40-64 years,8,1,31
38089,"White, non-Hispanic",40-64 years,290,32,1013
38091,"White, non-Hispanic",40-64 years,18,2,69
38093,"White, non-Hispanic",40-64 years,280,25,820
38095,"White, non-Hispanic",40-64 years,24,3,87
38097,"White, non-Hispanic",40-64 years,74,10,277
38099,"White, non-Hispanic",40-64 years,143,17,397
38101,"White, non-Hispanic",40-64 years,616,75,1983
38103,"White, non-Hispanic",40-64 years,47,6,165
38105,"White, non-Hispanic",40-64 years,306,44,1021
39001,"White, non-Hispanic",40-64 years,289,53,1507
39003,"White, non-Hispanic",40-64 years,1108,134,4103
39005,"White, non-Hispanic",40-64 years,559,78,2205
39007,"White, non-Hispanic",40-64 years,1121,187,4703
39009,"White, non-Hispanic",40-64 years,590,84,2566
39011,"White, non-Hispanic",40-64 years,569,65,2017
39013,"White, non-Hispanic",40-64 years,1075,167,3354
39015,"White, non-Hispanic",40-64 years,496,92,2357
39017,"White, non-Hispanic",40-64 years,3560,470,15438
39019,"White, non-Hispanic",40-64 years,331,33,1345
39021,"White, non-Hispanic",40-64 years,366,54,1831
39023,"White, non-Hispanic",40-64 years,1110,187,6157
39025,"White, non-Hispanic",40-64 years,2521,437,9727
39027,"White, non-Hispanic",40-64 years,486,74,1965
39029,"White, non-Hispanic",40-64 years,1111,148,5066
39031,"White, non-Hispanic",40-64 years,370,43,1712
39033,"White, non-Hispanic",40-64 years,756,91,2059
39035,"White, non-Hispanic",40-64 years,10510,1483,37423
39037,"White, non-Hispanic",40-64 years,793,108,2443
39039,"White, non-Hispanic",40-64 years,466,62,1551
39041,"White, non-Hispanic",40-64 years,2215,261,7449
39043,"White, non-Hispanic",40-64 years,763,118,3106
39045,"White, non-Hispanic",40-64 years,1650,244,6574
39047,"White, non-Hispanic",40-64 years,357,51,1438
39049,"White, non-Hispanic",40-64 years,9706,1283,36938
39051,"White, non-Hispanic",40-64 years,508,59,1807
39053,"White, non-Hispanic",40-64 years,461,67,1417
39055,"White, non-Hispanic",40-64 years,920,157,3805
39057,"White, non-Hispanic",40-64 years,1483,202,6179
39059,"White, non-Hispanic",40-64 years,496,51,1819
39061,"White, non-Hispanic",40-64 years,7457,984,26528
39063,"White, non-Hispanic",40-64 years,689,87,3134
39065,"White, non-Hispanic",40-64 years,286,38,1296
39067,"White, non-Hispanic",40-64 years,177,29,742
39069,"White, non-Hispanic",40-64 years,363,51,1193
39071,"White, non-Hispanic",40-64 years,471,79,2205
39073,"White, non-Hispanic",40-64 years,313,43,1483
39075,"White, non-Hispanic",40-64 years,463,53,1693
39077,"White, non-Hispanic",40-64 years,754,100,2623
39079,"White, non-Hispanic",40-64 years,408,78,1701
39081,"White, non-Hispanic",40-64 years,739,92,3130
39083,"White, non-Hispanic",40-64 years,581,88,2730
39085,"White, non-Hispanic",40-64 years,2382,373,10094
39087,"White, non-Hispanic",40-64 years,1106,165,3180
39089,"White, non-Hispanic",40-64 years,2002,318,8160
39091,"White, non-Hispanic",40-64 years,538,73,2254
39093,"White, non-Hispanic",40-64 years,4330,548,12830
39095,"White, non-Hispanic",40-64 years,4587,519,15340
39097,"White, non-Hispanic",40-64 years,509,98,2060
39099,"White, non-Hispanic",40-64 years,1760,294,8946
39101,"White, non-Hispanic",40-64 years,924,105,3015
39103,"White, non-Hispanic",40-64 years,2031,299,7792
39105,"White, non-Hispanic",40-64 years,352,49,1258
39107,"White, non-Hispanic",40-64 years,619,59,1732
39109,"White, non-Hispanic",40-64 years,1326,179,4922
39111,"White, non-Hispanic",40-64 years,197,32,689
39113,"White, non-Hispanic",40-64 years,5041,759,19480
39115,"White, non-Hispanic",40-64 years,146,22,722
39117,"White, non-Hispanic",40-64 years,504,66,1823
39119,"White, non-Hispanic",40-64 years,938,123,4082
39121,"White, non-Hispanic",40-64 years,210,31,823
39123,"White, non-Hispanic",40-64 years,467,67,1915
39125,"White, non-Hispanic",40-64 years,251,32,839
39127,"White, non-Hispanic",40-64 years,554,72,1849
39129,"White, non-Hispanic",40-64 years,533,92,2838
39131,"White, non-Hispanic",40-64 years,280,51,1516
39133,"White, non-Hispanic",40-64 years,1388,214,6622
39135,"White, non-Hispanic",40-64 years,558,73,2012
39137,"White, non-Hispanic",40-64 years,520,50,1456
39139,"White, non-Hispanic",40-64 years,1430,221,5468
39141,"White, non-Hispanic",40-64 years,887,128,3997
39143,"White, non-Hispanic",40-64 years,781,91,2601
39145,"White, non-Hispanic",40-64 years,813,133,3884
39147,"White, non-Hispanic",40-64 years,625,65,2488
39149,"White, non-Hispanic",40-64 years,725,90,2155
39151,"White, non-Hispanic",40-64 years,3618,453,15384
39153,"White, non-Hispanic",40-64 years,5099,675,19161
39155,"White, non-Hispanic",40-64 years,2684,338,9009
39157,"White, non-Hispanic",40-64 years,878,112,4078
39159,"White, non-Hispanic",40-64 years,814,138,2702
39161,"White, non-Hispanic",40-64 years,439,40,1264
39163,"White, non-Hispanic",40-64 years,184,30,764
39165,"White, non-Hispanic",40-64 years,2512,336,9720
39167,"White, non-Hispanic",40-64 years,610,92,2859
39169,"White, non-Hispanic",40-64 years,1288,154,4692
39171,"White, non-Hispanic",40-64 years,526,62,1621
39173,"White, non-Hispanic",40-64 years,1393,169,4817
39175,"White, non-Hispanic",40-64 years,253,33,1013
40001,"White, non-Hispanic",40-64 years,162,23,520
40003,"White, non-Hispanic",40-64 years,80,10,238
40005,"White, non-Hispanic",40-64 years,97,17,537
40007,"White, non-Hispanic",40-64 years,56,7,158
40009,"White, non-Hispanic",40-64 years,170,26,757
40011,"White, non-Hispanic",40-64 years,97,15,313
40013,"White, non-Hispanic",40-64 years,353,58,1549
40015,"White, non-Hispanic",40-64 years,235,38,894
40017,"White, non-Hispanic",40-64 years,1556,226,5388
40019,"White, non-Hispanic",40-64 years,532,72,1690
40021,"White, non-Hispanic",40-64 years,336,45,1221
40023,"White, non-Hispanic",40-64 years,106,16,503
40025,"White, non-Hispanic",40-64 years,24,3,66
40027,"White, non-Hispanic",40-64 years,2306,321,9240
40029,"White, non-Hispanic",40-64 years,43,7,195
40031,"White, non-Hispanic",40-64 years,776,123,3455
40033,"White, non-Hispanic",40-64 years,69,11,231
40035,"White, non-Hispanic",40-64 years,111,20,512
40037,"White, non-Hispanic",40-64 years,656,104,2869
40039,"White, non-Hispanic",40-64 years,256,42,803
40041,"White, non-Hispanic",40-64 years,338,53,1498
40043,"White, non-Hispanic",40-64 years,50,8,162
40045,"White, non-Hispanic",40-64 years,32,5,135
40047,"White, non-Hispanic",40-64 years,742,81,2055
40049,"White, non-Hispanic",40-64 years,252,38,1010
40051,"White, non-Hispanic",40-64 years,498,86,2350
40053,"White, non-Hispanic",40-64 years,53,4,163
40055,"White, non-Hispanic",40-64 years,42,7,205
40057,"White, non-Hispanic",40-64 years,20,3,75
40059,"White, non-Hispanic",40-64 years,31,5,112
40061,"White, non-Hispanic",40-64 years,87,15,449
40063,"White, non-Hispanic",40-64 years,139,20,479
40065,"White, non-Hispanic",40-64 years,158,28,721
40067,"White, non-Hispanic",40-64 years,70,10,210
40069,"White, non-Hispanic",40-64 years,93,16,373
40071,"White, non-Hispanic",40-64 years,446,54,1597
40073,"White, non-Hispanic",40-64 years,100,18,534
40075,"White, non-Hispanic",40-64 years,68,11,337
40077,"White, non-Hispanic",40-64 years,58,10,318
40079,"White, non-Hispanic",40-64 years,408,78,1934
40081,"White, non-Hispanic",40-64 years,396,58,1428
40083,"White, non-Hispanic",40-64 years,586,76,2000
40085,"White, non-Hispanic",40-64 years,107,17,345
40087,"White, non-Hispanic",40-64 years,349,55,1658
40089,"White, non-Hispanic",40-64 years,228,40,1078
40091,"White, non-Hispanic",40-64 years,164,31,781
40093,"White, non-Hispanic",40-64 years,102,9,285
40095,"White, non-Hispanic",40-64 years,138,21,583
40097,"White, non-Hispanic",40-64 years,523,75,1457
40099,"White, non-Hispanic",40-64 years,122,14,516
40101,"White, non-Hispanic",40-64 years,404,74,2108
40103,"White, non-Hispanic",40-64 years,115,14,430
40105,"White, non-Hispanic",40-64 years,79,10,374
40107,"White, non-Hispanic",40-64 years,113,18,434
40109,"White, non-Hispanic",40-64 years,5985,837,20744
40111,"White, non-Hispanic",40-64 years,323,48,1304
40113,"White, non-Hispanic",40-64 years,452,61,1770
40115,"White, non-Hispanic",40-64 years,184,32,1037
40117,"White, non-Hispanic",40-64 years,170,20,619
40119,"White, non-Hispanic",40-64 years,612,73,2146
40121,"White, non-Hispanic",40-64 years,326,58,1594
40123,"White, non-Hispanic",40-64 years,347,51,1182
40125,"White, non-Hispanic",40-64 years,659,104,2832
40127,"White, non-Hispanic",40-64 years,85,18,447
40129,"White, non-Hispanic",40-64 years,35,5,128
40131,"White, non-Hispanic",40-64 years,1191,147,3571
40133,"White, non-Hispanic",40-64 years,307,44,914
40135,"White, non-Hispanic",40-64 years,352,52,1443
40137,"White, non-Hispanic",40-64 years,654,79,1746
40139,"White, non-Hispanic",40-64 years,127,19,424
40141,"White, non-Hispanic",40-64 years,64,10,241
40143,"White, non-Hispanic",40-64 years,5107,770,19335
40145,"White, non-Hispanic",40-64 years,781,110,3127
40147,"White, non-Hispanic",40-64 years,349,58,1805
40149,"White, non-Hispanic",40-64 years,108,18,431
40151,"White, non-Hispanic",40-64 years,66,13,266
40153,"White, non-Hispanic",40-64 years,137,23,733
41001,"White, non-Hispanic",40-64 years,165,18,618
41003,"White, non-Hispanic",40-64 years,522,87,2275
41005,"White, non-Hispanic",40-64 years,3841,576,13890
41007,"White, non-Hispanic",40-64 years,328,53,1581
41009,"White, non-Hispanic",40-64 years,560,79,2274
41011,"White, non-Hispanic",40-64 years,543,87,2389
41013,"White, non-Hispanic",40-64 years,213,35,990
41015,"White, non-Hispanic",40-64 years,315,32,903
41017,"White, non-Hispanic",40-64 years,1768,255,6568
41019,"White, non-Hispanic",40-64 years,994,135,4179
41021,"White, non-Hispanic",40-64 years,13,2,77
41023,"White, non-Hispanic",40-64 years,63,9,254
41025,"White, non-Hispanic",40-64 years,64,13,263
41027,"White, non-Hispanic",40-64 years,133,23,662
41029,"White, non-Hispanic",40-64 years,1766,290,7018
41031,"White, non-Hispanic",40-64 years,209,38,770
41033,"White, non-Hispanic",40-64 years,906,151,3169
41035,"White, non-Hispanic",40-64 years,579,75,2208
41037,"White, non-Hispanic",40-64 years,82,11,290
41039,"White, non-Hispanic",40-64 years,3034,511,12091
41041,"White, non-Hispanic",40-64 years,435,75,2012
41043,"White, non-Hispanic",40-64 years,913,153,4652
41045,"White, non-Hispanic",40-64 years,307,32,887
41047,"White, non-Hispanic",40-64 years,2417,387,10202
41049,"White, non-Hispanic",40-64 years,81,14,339
41051,"White, non-Hispanic",40-64 years,6121,900,22864
41053,"White, non-Hispanic",40-64 years,564,98,2645
41055,"White, non-Hispanic",40-64 years,14,2,76
41057,"White, non-Hispanic",40-64 years,256,46,1023
41059,"White, non-Hispanic",40-64 years,560,87,2447
41061,"White, non-Hispanic",40-64 years,191,36,813
41063,"White, non-Hispanic",40-64 years,64,8,270
41065,"White, non-Hispanic",40-64 years,143,28,844
41067,"White, non-Hispanic",40-64 years,5014,758,16099
41069,"White, non-Hispanic",40-64 years,16,2,61
41071,"White, non-Hispanic",40-64 years,1241,154,3674
42001,"White, non-Hispanic",40-64 years,1185,176,4493
42003,"White, non-Hispanic",40-64 years,9333,1400,40498
42005,"White, non-Hispanic",40-64 years,631,97,3300
42007,"White, non-Hispanic",40-64 years,2347,328,7658
42009,"White, non-Hispanic",40-64 years,678,99,2384
42011,"White, non-Hispanic",40-64 years,4788,760,15164
42013,"White, non-Hispanic",40-64 years,1468,164,5409
42015,"White, non-Hispanic",40-64 years,564,95,2477
42017,"White, non-Hispanic",40-64 years,7110,1234,23785
42019,"White, non-Hispanic",40-64 years,2255,278,8702
42021,"White, non-Hispanic",40-64 years,1259,203,6079
42023,"White, non-Hispanic",40-64 years,72,7,226
42025,"White, non-Hispanic",40-64 years,834,140,3051
42027,"White, non-Hispanic",40-64 years,1250,202,5271
42029,"White, non-Hispanic",40-64 years,4454,679,17099
42031,"White, non-Hispanic",40-64 years,423,63,1649
42033,"White, non-Hispanic",40-64 years,854,127,3923
42035,"White, non-Hispanic",40-64 years,422,80,1540
42037,"White, non-Hispanic",40-64 years,977,113,2750
42039,"White, non-Hispanic",40-64 years,1262,182,3769
42041,"White, non-Hispanic",40-64 years,2790,310,9227
42043,"White, non-Hispanic",40-64 years,2469,331,9044
42045,"White, non-Hispanic",40-64 years,3775,675,15646
42047,"White, non-Hispanic",40-64 years,413,49,1540
42049,"White, non-Hispanic",40-64 years,3555,535,10918
42051,"White, non-Hispanic",40-64 years,1496,238,6605
42053,"White, non-Hispanic",40-64 years,99,12,376
42055,"White, non-Hispanic",40-64 years,1906,275,6420
42057,"White, non-Hispanic",40-64 years,197,34,714
42059,"White, non-Hispanic",40-64 years,347,47,1654
42061,"White, non-Hispanic",40-64 years,439,68,1934
42063,"White, non-Hispanic",40-64 years,766,125,3500
42065,"White, non-Hispanic",40-64 years,499,72,2139
42067,"White, non-Hispanic",40-64 years,361,36,1056
42069,"White, non-Hispanic",40-64 years,1954,297,8449
42071,"White, non-Hispanic",40-64 years,5329,786,19085
42073,"White, non-Hispanic",40-64 years,1064,138,3983
42075,"White, non-Hispanic",40-64 years,1513,190,5349
42077,"White, non-Hispanic",40-64 years,3233,518,11193
42079,"White, non-Hispanic",40-64 years,4209,508,12964
42081,"White, non-Hispanic",40-64 years,1018,166,4727
42083,"White, non-Hispanic",40-64 years,516,65,1835
42085,"White, non-Hispanic",40-64 years,1256,152,4960
42087,"White, non-Hispanic",40-64 years,610,80,2085
42089,"White, non-Hispanic",40-64 years,1764,288,5925
42091,"White, non-Hispanic",40-64 years,6662,967,24591
42093,"White, non-Hispanic",40-64 years,154,16,683
42095,"White, non-Hispanic",40-64 years,3546,580,11032
42097,"White, non-Hispanic",40-64 years,1464,192,4389
42099,"White, non-Hispanic",40-64 years,701,75,2150
42101,"White, non-Hispanic",40-64 years,7581,1190,28195
42103,"White, non-Hispanic",40-64 years,718,107,2507
42105,"White, non-Hispanic",40-64 years,159,21,749
42107,"White, non-Hispanic",40-64 years,2356,370,6661
42109,"White, non-Hispanic",40-64 years,573,70,1692
42111,"White, non-Hispanic",40-64 years,888,145,3602
42113,"White, non-Hispanic",40-64 years,87,14,339
42115,"White, non-Hispanic",40-64 years,347,60,1872
42117,"White, non-Hispanic",40-64 years,656,86,1820
42119,"White, non-Hispanic",40-64 years,515,70,1521
42121,"White, non-Hispanic",40-64 years,675,96,2501
42123,"White, non-Hispanic",40-64 years,474,70,1798
42125,"White, non-Hispanic",40-64 years,2251,297,9410
42127,"White, non-Hispanic",40-64 years,581,75,2334
42129,"White, non-Hispanic",40-64 years,4401,659,15902
42131,"White, non-Hispanic",40-64 years,229,32,1158
42133,"White, non-Hispanic",40-64 years,5043,645,18188
44001,"White, non-Hispanic",40-64 years,463,64,1765
44003,"White, non-Hispanic",40-64 years,1844,230,6664
44005,"White, non-Hispanic",40-64 years,884,120,2984
44007,"White, non-Hispanic",40-64 years,5851,844,19325
44009,"White, non-Hispanic",40-64 years,1456,228,4671
45001,"White, non-Hispanic",40-64 years,226,32,940
45003,"White, non-Hispanic",40-64 years,1543,226,5838
45005,"White, non-Hispanic",40-64 years,38,7,154
45007,"White, non-Hispanic",40-64 years,1857,272,8177
45009,"White, non-Hispanic",40-64 years,68,13,340
45011,"White, non-Hispanic",40-64 years,163,27,659
45013,"White, non-Hispanic",40-64 years,1627,224,5461
45015,"White, non-Hispanic",40-64 years,1903,303,7918
45017,"White, non-Hispanic",40-64 years,111,19,537
45019,"White, non-Hispanic",40-64 years,3225,500,12405
45021,"White, non-Hispanic",40-64 years,511,83,2367
45023,"White, non-Hispanic",40-64 years,296,49,1229
45025,"White, non-Hispanic",40-64 years,359,54,1604
45027,"White, non-Hispanic",40-64 years,234,45,1031
45029,"White, non-Hispanic",40-64 years,367,58,1413
45031,"White, non-Hispanic",40-64 years,557,65,2075
45033,"White, non-Hispanic",40-64 years,162,27,802
45035,"White, non-Hispanic",40-64 years,1233,185,5366
45037,"White, non-Hispanic",40-64 years,264,40,936
45039,"White, non-Hispanic",40-64 years,125,23,617
45041,"White, non-Hispanic",40-64 years,634,125,3828
45043,"White, non-Hispanic",40-64 years,637,79,2390
45045,"White, non-Hispanic",40-64 years,4191,670,17069
45047,"White, non-Hispanic",40-64 years,594,66,2117
45049,"White, non-Hispanic",40-64 years,164,24,502
45051,"White, non-Hispanic",40-64 years,3255,497,14850
45053,"White, non-Hispanic",40-64 years,344,54,1085
45055,"White, non-Hispanic",40-64 years,448,72,2384
45057,"White, non-Hispanic",40-64 years,677,113,3651
45059,"White, non-Hispanic",40-64 years,680,102,2751
45061,"White, non-Hispanic",40-64 years,87,16,432
45063,"White, non-Hispanic",40-64 years,2488,427,10954
45065,"White, non-Hispanic",40-64 years,94,14,360
45067,"White, non-Hispanic",40-64 years,162,28,748
45069,"White, non-Hispanic",40-64 years,118,20,718
45071,"White, non-Hispanic",40-64 years,303,54,1356
45073,"White, non-Hispanic",40-64 years,730,108,3465
45075,"White, non-Hispanic",40-64 years,384,82,1923
45077,"White, non-Hispanic",40-64 years,1026,149,5197
45079,"White, non-Hispanic",40-64 years,1768,328,8127
45081,"White, non-Hispanic",40-64 years,224,33,712
45083,"White, non-Hispanic",40-64 years,2862,396,11882
45085,"White, non-Hispanic",40-64 years,621,100,2737
45087,"White, non-Hispanic",40-64 years,253,40,1073
45089,"White, non-Hispanic",40-64 years,136,25,718
45091,"White, non-Hispanic",40-64 years,2296,388,10290
46003,"White, non-Hispanic",40-64 years,24,4,97
46005,"White, non-Hispanic",40-64 years,137,18,610
46007,"White, non-Hispanic",40-64 years,16,2,72
46009,"White, non-Hispanic",40-64 years,66,10,252
46011,"White, non-Hispanic",40-64 years,188,24,796
46013,"White, non-Hispanic",40-64 years,232,32,1227
46015,"White, non-Hispanic",40-64 years,39,5,179
46019,"White, non-Hispanic",40-64 years,77,11,375
46021,"White, non-Hispanic",40-64 years,17,2,62
46023,"White, non-Hispanic",40-64 years,73,10,273
46025,"White, non-Hispanic",40-64 years,32,4,125
46027,"White, non-Hispanic",40-64 years,91,9,360
46029,"White, non-Hispanic",40-64 years,182,24,994
46031,"White, non-Hispanic",40-64 years,27,4,74
46033,"White, non-Hispanic",40-64 years,72,9,357
46035,"White, non-Hispanic",40-64 years,152,20,639
46037,"White, non-Hispanic",40-64 years,55,9,202
46039,"White, non-Hispanic",40-64 years,28,5,158
46041,"White, non-Hispanic",40-64 years,21,4,68
46043,"White, non-Hispanic",40-64 years,18,3,97
46045,"White, non-Hispanic",40-64 years,31,6,151
46047,"White, non-Hispanic",40-64 years,58,7,290
46049,"White, non-Hispanic",40-64 years,18,2,73
46051,"White, non-Hispanic",40-64 years,72,8,294
46053,"White, non-Hispanic",40-64 years,37,7,144
46055,"White, non-Hispanic",40-64 years,25,4,65
46057,"White, non-Hispanic",40-64 years,44,6,191
46059,"White, non-Hispanic",40-64 years,24,4,114
46061,"White, non-Hispanic",40-64 years,26,4,131
46063,"White, non-Hispanic",40-64 years,12,2,49
46065,"White, non-Hispanic",40-64 years,196,28,582
46067,"White, non-Hispanic",40-64 years,60,6,256
46069,"White, non-Hispanic",40-64 years,10,1,44
46071,"White, non-Hispanic",40-64 years,18,2,59
46073,"White, non-Hispanic",40-64 years,15,2,54
46075,"White, non-Hispanic",40-64 years,10,1,34
46077,"White, non-Hispanic",40-64 years,53,7,188
46079,"White, non-Hispanic",40-64 years,73,9,380
46081,"White, non-Hispanic",40-64 years,168,35,867
46083,"White, non-Hispanic",40-64 years,332,41,1764
46085,"White, non-Hispanic",40-64 years,34,5,109
46087,"White, non-Hispanic",40-64 years,45,6,197
46089,"White, non-Hispanic",40-64 years,21,4,88
46091,"White, non-Hispanic",40-64 years,32,5,150
46093,"White, non-Hispanic",40-64 years,253,29,994
46095,"White, non-Hispanic",40-64 years,11,1,42
46097,"White, non-Hispanic",40-64 years,21,3,90
46099,"White, non-Hispanic",40-64 years,1406,179,6213
46101,"White, non-Hispanic",40-64 years,48,6,204
46103,"White, non-Hispanic",40-64 years,871,121,3661
46105,"White, non-Hispanic",40-64 years,19,4,112
46107,"White, non-Hispanic",40-64 years,27,4,94
46109,"White, non-Hispanic",40-64 years,104,10,297
46111,"White, non-Hispanic",40-64 years,22,3,89
46113,"White, non-Hispanic",40-64 years,13,2,44
46115,"White, non-Hispanic",40-64 years,56,7,236
46117,"White, non-Hispanic",40-64 years,22,4,97
46119,"White, non-Hispanic",40-64 years,20,2,57
46121,"White, non-Hispanic",40-64 years,15,3,51
46123,"White, non-Hispanic",40-64 years,44,7,196
46125,"White, non-Hispanic",40-64 years,67,8,325
46127,"White, non-Hispanic",40-64 years,134,13,512
46129,"White, non-Hispanic",40-64 years,52,7,167
46135,"White, non-Hispanic",40-64 years,202,22,779
46137,"White, non-Hispanic",40-64 years,13,2,52
47001,"White, non-Hispanic",40-64 years,645,100,3504
47003,"White, non-Hispanic",40-64 years,468,78,2069
47005,"White, non-Hispanic",40-64 years,174,31,811
47007,"White, non-Hispanic",40-64 years,191,41,887
47009,"White, non-Hispanic",40-64 years,1257,171,6267
47011,"White, non-Hispanic",40-64 years,895,126,4937
47013,"White, non-Hispanic",40-64 years,557,67,2167
47015,"White, non-Hispanic",40-64 years,119,19,719
47017,"White, non-Hispanic",40-64 years,389,57,1253
47019,"White, non-Hispanic",40-64 years,615,84,3093
47021,"White, non-Hispanic",40-64 years,427,76,1963
47023,"White, non-Hispanic",40-64 years,127,23,753
47025,"White, non-Hispanic",40-64 years,354,52,1732
47027,"White, non-Hispanic",40-64 years,67,14,399
47029,"White, non-Hispanic",40-64 years,549,78,1969
47031,"White, non-Hispanic",40-64 years,571,85,2492
47033,"White, non-Hispanic",40-64 years,146,26,570
47035,"White, non-Hispanic",40-64 years,483,74,2953
47037,"White, non-Hispanic",40-64 years,4301,701,17935
47039,"White, non-Hispanic",40-64 years,129,21,574
47041,"White, non-Hispanic",40-64 years,194,27,1000
47043,"White, non-Hispanic",40-64 years,443,64,2497
47045,"White, non-Hispanic",40-64 years,289,51,1498
47047,"White, non-Hispanic",40-64 years,313,49,1817
47049,"White, non-Hispanic",40-64 years,206,28,1065
47051,"White, non-Hispanic",40-64 years,307,46,1857
47053,"White, non-Hispanic",40-64 years,550,67,2113
47055,"White, non-Hispanic",40-64 years,328,50,1388
47057,"White, non-Hispanic",40-64 years,317,32,1318
47059,"White, non-Hispanic",40-64 years,817,104,3679
47061,"White, non-Hispanic",40-64 years,133,26,719
47063,"White, non-Hispanic",40-64 years,1082,105,3008
47065,"White, non-Hispanic",40-64 years,2678,382,13020
47067,"White, non-Hispanic",40-64 years,130,13,390
47069,"White, non-Hispanic",40-64 years,226,37,955
47071,"White, non-Hispanic",40-64 years,322,40,1389
47073,"White, non-Hispanic",40-64 years,863,80,3148
47075,"White, non-Hispanic",40-64 years,139,21,548
47077,"White, non-Hispanic",40-64 years,258,46,1311
47079,"White, non-Hispanic",40-64 years,353,45,1477
47081,"White, non-Hispanic",40-64 years,265,43,1237
47083,"White, non-Hispanic",40-64 years,106,12,400
47085,"White, non-Hispanic",40-64 years,190,27,894
47087,"White, non-Hispanic",40-64 years,129,17,682
47089,"White, non-Hispanic",40-64 years,958,112,2838
47091,"White, non-Hispanic",40-64 years,208,30,1011
47093,"White, non-Hispanic",40-64 years,3987,510,17165
47095,"White, non-Hispanic",40-64 years,65,10,328
47097,"White, non-Hispanic",40-64 years,254,37,956
47099,"White, non-Hispanic",40-64 years,623,73,2036
47101,"White, non-Hispanic",40-64 years,159,18,588
47103,"White, non-Hispanic",40-64 years,430,82,1594
47105,"White, non-Hispanic",40-64 years,578,77,2495
47107,"White, non-Hispanic",40-64 years,664,93,2565
47109,"White, non-Hispanic",40-64 years,340,44,1282
47111,"White, non-Hispanic",40-64 years,209,33,1212
47113,"White, non-Hispanic",40-64 years,574,103,2993
47115,"White, non-Hispanic",40-64 years,257,44,1372
47117,"White, non-Hispanic",40-64 years,452,58,1547
47119,"White, non-Hispanic",40-64 years,1219,134,4067
47121,"White, non-Hispanic",40-64 years,155,21,688
47123,"White, non-Hispanic",40-64 years,573,78,2258
47125,"White, non-Hispanic",40-64 years,1604,261,6034
47127,"White, non-Hispanic",40-64 years,71,15,316
47129,"White, non-Hispanic",40-64 years,193,27,1141
47131,"White, non-Hispanic",40-64 years,263,41,1308
47133,"White, non-Hispanic",40-64 years,208,33,1131
47135,"White, non-Hispanic",40-64 years,85,11,388
47137,"White, non-Hispanic",40-64 years,62,12,273
47139,"White, non-Hispanic",40-64 years,169,32,932
47141,"White, non-Hispanic",40-64 years,699,126,3297
47143,"White, non-Hispanic",40-64 years,344,57,1623
47145,"White, non-Hispanic",40-64 years,473,66,2763
47147,"White, non-Hispanic",40-64 years,718,115,3253
47149,"White, non-Hispanic",40-64 years,2318,382,11161
47151,"White, non-Hispanic",40-64 years,206,25,1127
47153,"White, non-Hispanic",40-64 years,199,32,847
47155,"White, non-Hispanic",40-64 years,1229,159,4818
47157,"White, non-Hispanic",40-64 years,3874,631,18826
47159,"White, non-Hispanic",40-64 years,185,31,986
47161,"White, non-Hispanic",40-64 years,242,32,672
47163,"White, non-Hispanic",40-64 years,1366,179,7423
47165,"White, non-Hispanic",40-64 years,1607,250,8110
47167,"White, non-Hispanic",40-64 years,482,71,2477
47169,"White, non-Hispanic",40-64 years,82,13,434
47171,"White, non-Hispanic",40-64 years,157,22,912
47173,"White, non-Hispanic",40-64 years,285,32,1150
47175,"White, non-Hispanic",40-64 years,74,9,339
47177,"White, non-Hispanic",40-64 years,481,50,1934
47179,"White, non-Hispanic",40-64 years,1312,132,5307
47181,"White, non-Hispanic",40-64 years,187,27,852
47183,"White, non-Hispanic",40-64 years,486,60,1357
47185,"White, non-Hispanic",40-64 years,260,45,1324
47187,"White, non-Hispanic",40-64 years,1577,243,8375
47189,"White, non-Hispanic",40-64 years,1191,194,6312
48001,"White, non-Hispanic",40-64 years,438,64,1991
48003,"White, non-Hispanic",40-64 years,109,20,371
48005,"White, non-Hispanic",40-64 years,605,89,2766
48007,"White, non-Hispanic",40-64 years,192,28,944
48009,"White, non-Hispanic",40-64 years,78,13,359
48011,"White, non-Hispanic",40-64 years,27,3,68
48013,"White, non-Hispanic",40-64 years,218,42,963
48015,"White, non-Hispanic",40-64 years,175,32,940
48017,"White, non-Hispanic",40-64 years,31,5,111
48019,"White, non-Hispanic",40-64 years,159,24,888
48021,"White, non-Hispanic",40-64 years,532,112,2904
48023,"White, non-Hispanic",40-64 years,29,4,128
48025,"White, non-Hispanic",40-64 years,165,29,613
48027,"White, non-Hispanic",40-64 years,1681,281,6983
48029,"White, non-Hispanic",40-64 years,8093,1410,30599
48031,"White, non-Hispanic",40-64 years,103,15,463
48035,"White, non-Hispanic",40-64 years,173,30,736
48037,"White, non-Hispanic",40-64 years,590,118,2945
48039,"White, non-Hispanic",40-64 years,2057,336,8503
48041,"White, non-Hispanic",40-64 years,1005,187,4657
48043,"White, non-Hispanic",40-64 years,37,6,219
48045,"White, non-Hispanic",40-64 years,14,2,46
48047,"White, non-Hispanic",40-64 years,10,2,33
48049,"White, non-Hispanic",40-64 years,352,63,1350
48051,"White, non-Hispanic",40-64 years,153,23,669
48053,"White, non-Hispanic",40-64 years,389,72,1836
48055,"White, non-Hispanic",40-64 years,277,56,1110
48057,"White, non-Hispanic",40-64 years,93,12,487
48059,"White, non-Hispanic",40-64 years,155,28,578
48061,"White, non-Hispanic",40-64 years,832,129,2407
48063,"White, non-Hispanic",40-64 years,96,13,385
48065,"White, non-Hispanic",40-64 years,69,11,198
48067,"White, non-Hispanic",40-64 years,342,58,1154
48069,"White, non-Hispanic",40-64 years,49,8,130
48071,"White, non-Hispanic",40-64 years,279,48,1480
48073,"White, non-Hispanic",40-64 years,406,74,1613
48075,"White, non-Hispanic",40-64 years,51,9,166
48077,"White, non-Hispanic",40-64 years,101,19,441
48079,"White, non-Hispanic",40-64 years,15,3,53
48081,"White, non-Hispanic",40-64 years,29,4,111
48083,"White, non-Hispanic",40-64 years,102,18,322
48085,"White, non-Hispanic",40-64 years,6219,853,27315
48087,"White, non-Hispanic",40-64 years,23,3,79
48089,"White, non-Hispanic",40-64 years,137,21,608
48091,"White, non-Hispanic",40-64 years,1273,221,5532
48093,"White, non-Hispanic",40-64 years,98,18,497
48095,"White, non-Hispanic",40-64 years,38,6,138
48097,"White, non-Hispanic",40-64 years,410,62,1529
48099,"White, non-Hispanic",40-64 years,392,66,2066
48101,"White, non-Hispanic",40-64 years,11,2,49
48103,"White, non-Hispanic",40-64 years,21,4,82
48105,"White, non-Hispanic",40-64 years,12,2,59
48107,"White, non-Hispanic",40-64 years,29,5,115
48109,"White, non-Hispanic",40-64 years,6,1,30
48111,"White, non-Hispanic",40-64 years,58,7,159
48113,"White, non-Hispanic",40-64 years,11700,1892,41584
48115,"White, non-Hispanic",40-64 years,54,10,226
48117,"White, non-Hispanic",40-64 years,86,14,246
48119,"White, non-Hispanic",40-64 years,53,7,204
48121,"White, non-Hispanic",40-64 years,6090,835,25656
48123,"White, non-Hispanic",40-64 years,121,17,638
48125,"White, non-Hispanic",40-64 years,16,3,58
48127,"White, non-Hispanic",40-64 years,16,3,57
48129,"White, non-Hispanic",40-64 years,40,5,114
48131,"White, non-Hispanic",40-64 years,14,2,55
48133,"White, non-Hispanic",40-64 years,161,26,679
48135,"White, non-Hispanic",40-64 years,532,118,2510
48137,"White, non-Hispanic",40-64 years,9,2,33
48139,"White, non-Hispanic",40-64 years,1503,225,6064
48141,"White, non-Hispanic",40-64 years,1442,239,5624
48143,"White, non-Hispanic",40-64 years,246,47,1266
48145,"White, non-Hispanic",40-64 years,130,22,547
48147,"White, non-Hispanic",40-64 years,356,43,1481
48149,"White, non-Hispanic",40-64 years,162,31,872
48151,"White, non-Hispanic",40-64 years,26,5,117
48153,"White, non-Hispanic",40-64 years,30,5,114
48155,"White, non-Hispanic",40-64 years,9,1,41
48157,"White, non-Hispanic",40-64 years,3721,503,13256
48159,"White, non-Hispanic",40-64 years,112,17,388
48161,"White, non-Hispanic",40-64 years,130,20,708
48163,"White, non-Hispanic",40-64 years,43,8,178
48165,"White, non-Hispanic",40-64 years,145,25,495
48167,"White, non-Hispanic",40-64 years,2006,356,10051
48169,"White, non-Hispanic",40-64 years,30,6,145
48171,"White, non-Hispanic",40-64 years,202,34,813
48173,"White, non-Hispanic",40-64 years,8,1,33
48175,"White, non-Hispanic",40-64 years,47,8,238
48177,"White, non-Hispanic",40-64 years,95,17,481
48179,"White, non-Hispanic",40-64 years,233,41,659
48181,"White, non-Hispanic",40-64 years,1139,178,5023
48183,"White, non-Hispanic",40-64 years,839,126,3458
48185,"White, non-Hispanic",40-64 years,249,39,1048
48187,"White, non-Hispanic",40-64 years,1099,189,4462
48189,"White, non-Hispanic",40-64 years,186,32,625
48191,"White, non-Hispanic",40-64 years,25,4,90
48193,"White, non-Hispanic",40-64 years,55,10,309
48195,"White, non-Hispanic",40-64 years,43,6,116
48197,"White, non-Hispanic",40-64 years,25,4,118
48199,"White, non-Hispanic",40-64 years,469,65,2299
48201,"White, non-Hispanic",40-64 years,17791,3299,76279
48203,"White, non-Hispanic",40-64 years,549,89,2406
48205,"White, non-Hispanic",40-64 years,49,6,166
48207,"White, non-Hispanic",40-64 years,69,7,188
48209,"White, non-Hispanic",40-64 years,1556,262,5851
48211,"White, non-Hispanic",40-64 years,30,5,83
48213,"White, non-Hispanic",40-64 years,809,128,3394
48215,"White, non-Hispanic",40-64 years,1005,148,2919
48217,"White, non-Hispanic",40-64 years,298,50,1344
48219,"White, non-Hispanic",40-64 years,162,27,488
48221,"White, non-Hispanic",40-64 years,592,72,2482
48223,"White, non-Hispanic",40-64 years,332,44,1300
48225,"White, non-Hispanic",40-64 years,156,21,791
48227,"White, non-Hispanic",40-64 years,185,42,956
48229,"White, non-Hispanic",40-64 years,9,1,31
48231,"White, non-Hispanic",40-64 years,1322,146,3843
48233,"White, non-Hispanic",40-64 years,233,41,688
48235,"White, non-Hispanic",40-64 years,14,2,52
48237,"White, non-Hispanic",40-64 years,72,10,331
48239,"White, non-Hispanic",40-64 years,93,15,444
48241,"White, non-Hispanic",40-64 years,303,49,1346
48243,"White, non-Hispanic",40-64 years,12,2,66
48245,"White, non-Hispanic",40-64 years,1290,189,6119
48249,"White, non-Hispanic",40-64 years,136,22,489
48251,"White, non-Hispanic",40-64 years,1885,254,6467
48253,"White, non-Hispanic",40-64 years,250,33,655
48255,"White, non-Hispanic",40-64 years,73,12,333
48257,"White, non-Hispanic",40-64 years,1053,157,4442
48259,"White, non-Hispanic",40-64 years,318,58,1398
48265,"White, non-Hispanic",40-64 years,354,69,1629
48267,"White, non-Hispanic",40-64 years,41,7,156
48271,"White, non-Hispanic",40-64 years,12,3,58
48273,"White, non-Hispanic",40-64 years,91,15,324
48275,"White, non-Hispanic",40-64 years,35,5,109
48277,"White, non-Hispanic",40-64 years,549,72,1880
48279,"White, non-Hispanic",40-64 years,77,13,283
48281,"White, non-Hispanic",40-64 years,173,31,809
48283,"White, non-Hispanic",40-64 years,9,2,46
48285,"White, non-Hispanic",40-64 years,135,24,745
48287,"White, non-Hispanic",40-64 years,129,27,638
48289,"White, non-Hispanic",40-64 years,122,23,605
48291,"White, non-Hispanic",40-64 years,492,87,2978
48293,"White, non-Hispanic",40-64 years,126,16,732
48295,"White, non-Hispanic",40-64 years,28,4,86
48297,"White, non-Hispanic",40-64 years,91,17,340
48299,"White, non-Hispanic",40-64 years,161,24,821
48303,"White, non-Hispanic",40-64 years,1817,257,6644
48305,"White, non-Hispanic",40-64 years,41,7,141
48307,"White, non-Hispanic",40-64 years,54,10,246
48309,"White, non-Hispanic",40-64 years,1765,288,6765
48313,"White, non-Hispanic",40-64 years,88,18,376
48315,"White, non-Hispanic",40-64 years,114,17,434
48317,"White, non-Hispanic",40-64 years,24,4,119
48319,"White, non-Hispanic",40-64 years,30,5,131
48321,"White, non-Hispanic",40-64 years,191,39,943
48323,"White, non-Hispanic",40-64 years,33,6,100
48325,"White, non-Hispanic",40-64 years,279,51,1339
48327,"White, non-Hispanic",40-64 years,13,2,65
48329,"White, non-Hispanic",40-64 years,599,117,3111
48331,"White, non-Hispanic",40-64 years,239,44,876
48333,"White, non-Hispanic",40-64 years,30,6,166
48335,"White, non-Hispanic",40-64 years,74,14,241
48337,"White, non-Hispanic",40-64 years,181,32,819
48339,"White, non-Hispanic",40-64 years,3825,658,19541
48341,"White, non-Hispanic",40-64 years,132,22,361
48343,"White, non-Hispanic",40-64 years,86,13,412
48345,"White, non-Hispanic",40-64 years,10,2,39
48347,"White, non-Hispanic",40-64 years,400,74,1759
48349,"White, non-Hispanic",40-64 years,423,49,1615
48351,"White, non-Hispanic",40-64 years,103,18,546
48353,"White, non-Hispanic",40-64 years,116,17,405
48355,"White, non-Hispanic",40-64 years,1924,274,6027
48357,"White, non-Hispanic",40-64 years,73,12,213
48359,"White, non-Hispanic",40-64 years,21,3,66
48361,"White, non-Hispanic",40-64 years,689,88,3461
48363,"White, non-Hispanic",40-64 years,253,32,1092
48365,"White, non-Hispanic",40-64 years,179,28,818
48367,"White, non-Hispanic",40-64 years,1932,223,6069
48369,"White, non-Hispanic",40-64 years,53,8,182
48371,"White, non-Hispanic",40-64 years,53,10,249
48373,"White, non-Hispanic",40-64 years,439,74,2326
48375,"White, non-Hispanic",40-64 years,952,160,2708
48377,"White, non-Hispanic",40-64 years,9,2,42
48379,"White, non-Hispanic",40-64 years,158,21,552
48381,"White, non-Hispanic",40-64 years,1487,247,4002
48383,"White, non-Hispanic",40-64 years,11,2,43
48385,"White, non-Hispanic",40-64 years,21,5,104
48387,"White, non-Hispanic",40-64 years,114,18,459
48389,"White, non-Hispanic",40-64 years,31,6,163
48391,"White, non-Hispanic",40-64 years,39,6,171
48395,"White, non-Hispanic",40-64 years,113,21,536
48397,"White, non-Hispanic",40-64 years,801,118,3478
48399,"White, non-Hispanic",40-64 years,85,15,307
48401,"White, non-Hispanic",40-64 years,432,66,1799
48403,"White, non-Hispanic",40-64 years,96,12,480
48405,"White, non-Hispanic",40-64 years,88,11,343
48407,"White, non-Hispanic",40-64 years,181,26,1141
48409,"White, non-Hispanic",40-64 years,444,71,1602
48411,"White, non-Hispanic",40-64 years,45,7,181
48413,"White, non-Hispanic",40-64 years,17,3,51
48415,"White, non-Hispanic",40-64 years,120,18,448
48417,"White, non-Hispanic",40-64 years,30,5,125
48419,"White, non-Hispanic",40-64 years,242,33,797
48421,"White, non-Hispanic",40-64 years,24,4,73
48423,"White, non-Hispanic",40-64 years,1511,240,6370
48425,"White, non-Hispanic",40-64 years,93,13,355
48427,"White, non-Hispanic",40-64 years,44,7,152
48429,"White, non-Hispanic",40-64 years,61,12,309
48431,"White, non-Hispanic",40-64 years,13,2,40
48433,"White, non-Hispanic",40-64 years,13,2,41
48435,"White, non-Hispanic",40-64 years,18,3,61
48437,"White, non-Hispanic",40-64 years,54,9,164
48439,"White, non-Hispanic",40-64 years,15241,2399,53292
48441,"White, non-Hispanic",40-64 years,955,156,3639
48445,"White, non-Hispanic",40-64 years,56,8,236
48447,"White, non-Hispanic",40-64 years,12,2,56
48449,"White, non-Hispanic",40-64 years,168,31,729
48451,"White, non-Hispanic",40-64 years,708,120,2824
48453,"White, non-Hispanic",40-64 years,6836,1225,28190
48455,"White, non-Hispanic",40-64 years,109,18,597
48457,"White, non-Hispanic",40-64 years,181,24,796
48459,"White, non-Hispanic",40-64 years,377,48,1707
48461,"White, non-Hispanic",40-64 years,15,2,70
48463,"White, non-Hispanic",40-64 years,130,21,394
48465,"White, non-Hispanic",40-64 years,104,18,352
48467,"White, non-Hispanic",40-64 years,637,99,2531
48469,"White, non-Hispanic",40-64 years,395,64,2135
48471,"White, non-Hispanic",40-64 years,487,84,2396
48473,"White, non-Hispanic",40-64 years,328,65,1459
48475,"White, non-Hispanic",40-64 years,36,6,219
48477,"White, non-Hispanic",40-64 years,201,41,1105
48479,"White, non-Hispanic",40-64 years,217,33,653
48481,"White, non-Hispanic",40-64 years,221,41,1032
48483,"White, non-Hispanic",40-64 years,60,8,164
48485,"White, non-Hispanic",40-64 years,814,124,3845
48487,"White, non-Hispanic",40-64 years,99,18,374
48489,"White, non-Hispanic",40-64 years,46,8,126
48491,"White, non-Hispanic",40-64 years,3309,546,15552
48493,"White, non-Hispanic",40-64 years,342,65,1622
48495,"White, non-Hispanic",40-64 years,30,5,148
48497,"White, non-Hispanic",40-64 years,885,129,2738
48499,"White, non-Hispanic",40-64 years,442,66,1853
48501,"White, non-Hispanic",40-64 years,34,4,112
48503,"White, non-Hispanic",40-64 years,131,22,661
48505,"White, non-Hispanic",40-64 years,13,2,35
48507,"White, non-Hispanic",40-64 years,9,2,32
49001,"White, non-Hispanic",40-64 years,60,8,197
49003,"White, non-Hispanic",40-64 years,360,56,1809
49005,"White, non-Hispanic",40-64 years,720,113,2984
49007,"White, non-Hispanic",40-64 years,135,21,636
49009,"White, non-Hispanic",40-64 years,12,2,37
49011,"White, non-Hispanic",40-64 years,2513,332,9953
49013,"White, non-Hispanic",40-64 years,190,27,564
49015,"White, non-Hispanic",40-64 years,73,11,327
49017,"White, non-Hispanic",40-64 years,46,6,162
49019,"White, non-Hispanic",40-64 years,46,7,295
49021,"White, non-Hispanic",40-64 years,490,41,1526
49023,"White, non-Hispanic",40-64 years,75,12,329
49025,"White, non-Hispanic",40-64 years,66,8,248
49027,"White, non-Hispanic",40-64 years,104,17,356
49029,"White, non-Hispanic",40-64 years,90,10,351
49031,"White, non-Hispanic",40-64 years,15,2,52
49033,"White, non-Hispanic",40-64 years,21,3,82
49035,"White, non-Hispanic",40-64 years,7523,1038,29824
49037,"White, non-Hispanic",40-64 years,64,13,321
49039,"White, non-Hispanic",40-64 years,228,25,851
49041,"White, non-Hispanic",40-64 years,249,33,700
49043,"White, non-Hispanic",40-64 years,230,29,1305
49045,"White, non-Hispanic",40-64 years,636,83,2310
49047,"White, non-Hispanic",40-64 years,357,48,999
49049,"White, non-Hispanic",40-64 years,3359,499,13583
49051,"White, non-Hispanic",40-64 years,183,28,1062
49053,"White, non-Hispanic",40-64 years,1181,145,4693
49055,"White, non-Hispanic",40-64 years,24,3,85
49057,"White, non-Hispanic",40-64 years,1661,245,7806
50001,"White, non-Hispanic",40-64 years,297,45,1282
50003,"White, non-Hispanic",40-64 years,296,44,1377
50005,"White, non-Hispanic",40-64 years,311,43,1138
50007,"White, non-Hispanic",40-64 years,1188,189,4636
50009,"White, non-Hispanic",40-64 years,60,7,285
50011,"White, non-Hispanic",40-64 years,554,79,1904
50013,"White, non-Hispanic",40-64 years,84,13,289
50015,"White, non-Hispanic",40-64 years,282,38,890
50017,"White, non-Hispanic",40-64 years,266,45,1120
50019,"White, non-Hispanic",40-64 years,299,33,1019
50021,"White, non-Hispanic",40-64 years,640,77,2464
50023,"White, non-Hispanic",40-64 years,575,80,2030
50025,"White, non-Hispanic",40-64 years,603,44,1719
50027,"White, non-Hispanic",40-64 years,370,59,2088
51001,"White, non-Hispanic",40-64 years,329,57,1233
51003,"White, non-Hispanic",40-64 years,848,149,3372
51005,"White, non-Hispanic",40-64 years,156,26,649
51007,"White, non-Hispanic",40-64 years,160,21,578
51009,"White, non-Hispanic",40-64 years,445,66,1311
51011,"White, non-Hispanic",40-64 years,237,37,665
51013,"White, non-Hispanic",40-64 years,1098,183,4505
51015,"White, non-Hispanic",40-64 years,903,137,3507
51017,"White, non-Hispanic",40-64 years,49,6,197
51019,"White, non-Hispanic",40-64 years,935,129,3391
51021,"White, non-Hispanic",40-64 years,67,9,319
51023,"White, non-Hispanic",40-64 years,395,61,1522
51025,"White, non-Hispanic",40-64 years,171,26,486
51027,"White, non-Hispanic",40-64 years,223,34,1229
51029,"White, non-Hispanic",40-64 years,151,22,676
51031,"White, non-Hispanic",40-64 years,751,111,2251
51033,"White, non-Hispanic",40-64 years,293,47,1124
51035,"White, non-Hispanic",40-64 years,326,45,1435
51036,"White, non-Hispanic",40-64 years,65,10,245
51037,"White, non-Hispanic",40-64 years,116,18,460
51041,"White, non-Hispanic",40-64 years,2690,378,10253
51043,"White, non-Hispanic",40-64 years,213,32,640
51045,"White, non-Hispanic",40-64 years,79,7,260
51047,"White, non-Hispanic",40-64 years,643,70,1850
51049,"White, non-Hispanic",40-64 years,91,15,387
51051,"White, non-Hispanic",40-64 years,132,18,794
51053,"White, non-Hispanic",40-64 years,271,46,1107
51057,"White, non-Hispanic",40-64 years,112,20,378
51059,"White, non-Hispanic",40-64 years,5281,851,21325
51061,"White, non-Hispanic",40-64 years,531,93,2716
51063,"White, non-Hispanic",40-64 years,211,29,767
51065,"White, non-Hispanic",40-64 years,244,33,1007
51067,"White, non-Hispanic",40-64 years,630,90,2540
51069,"White, non-Hispanic",40-64 years,1140,152,3458
51071,"White, non-Hispanic",40-64 years,147,22,795
51073,"White, non-Hispanic",40-64 years,448,58,1707
51075,"White, non-Hispanic",40-64 years,332,57,985
51077,"White, non-Hispanic",40-64 years,199,21,773
51079,"White, non-Hispanic",40-64 years,198,27,766
51081,"White, non-Hispanic",40-64 years,103,14,320
51083,"White, non-Hispanic",40-64 years,335,51,1105
51085,"White, non-Hispanic",40-64 years,1268,178,4259
51087,"White, non-Hispanic",40-64 years,2441,350,8158
51089,"White, non-Hispanic",40-64 years,534,92,2102
51091,"White, non-Hispanic",40-64 years,23,4,114
51093,"White, non-Hispanic",40-64 years,366,56,1499
51095,"White, non-Hispanic",40-64 years,742,93,2500
51097,"White, non-Hispanic",40-64 years,110,19,295
51099,"White, non-Hispanic",40-64 years,209,32,948
51101,"White, non-Hispanic",40-64 years,217,32,711
51103,"White, non-Hispanic",40-64 years,103,19,373
51105,"White, non-Hispanic",40-64 years,238,36,1230
51107,"White, non-Hispanic",40-64 years,2700,455,10126
51109,"White, non-Hispanic",40-64 years,452,73,1697
51111,"White, non-Hispanic",40-64 years,102,16,439
51113,"White, non-Hispanic",40-64 years,226,27,603
51115,"White, non-Hispanic",40-64 years,85,14,350
51117,"White, non-Hispanic",40-64 years,358,53,1099
51119,"White, non-Hispanic",40-64 years,113,16,448
51121,"White, non-Hispanic",40-64 years,754,92,3123
51125,"White, non-Hispanic",40-64 years,170,27,609
51127,"White, non-Hispanic",40-64 years,271,40,954
51131,"White, non-Hispanic",40-64 years,135,20,430
51133,"White, non-Hispanic",40-64 years,142,23,421
51135,"White, non-Hispanic",40-64 years,136,21,548
51137,"White, non-Hispanic",40-64 years,378,47,1369
51139,"White, non-Hispanic",40-64 years,331,37,1142
51141,"White, non-Hispanic",40-64 years,183,28,909
51143,"White, non-Hispanic",40-64 years,772,121,2770
51145,"White, non-Hispanic",40-64 years,420,53,1394
51147,"White, non-Hispanic",40-64 years,116,21,584
51149,"White, non-Hispanic",40-64 years,330,52,1238
51153,"White, non-Hispanic",40-64 years,2538,374,9678
51155,"White, non-Hispanic",40-64 years,338,54,1635
51157,"White, non-Hispanic",40-64 years,91,13,318
51159,"White, non-Hispanic",40-64 years,83,14,333
51161,"White, non-Hispanic",40-64 years,828,107,3442
51163,"White, non-Hispanic",40-64 years,299,46,1025
51165,"White, non-Hispanic",40-64 years,683,111,3579
51167,"White, non-Hispanic",40-64 years,265,38,1464
51169,"White, non-Hispanic",40-64 years,243,27,1181
51171,"White, non-Hispanic",40-64 years,452,71,1814
51173,"White, non-Hispanic",40-64 years,448,53,1468
51175,"White, non-Hispanic",40-64 years,183,33,738
51177,"White, non-Hispanic",40-64 years,1028,171,4516
51179,"White, non-Hispanic",40-64 years,996,151,4247
51181,"White, non-Hispanic",40-64 years,74,12,261
51183,"White, non-Hispanic",40-64 years,85,15,321
51185,"White, non-Hispanic",40-64 years,349,46,2011
51187,"White, non-Hispanic",40-64 years,477,72,1735
51191,"White, non-Hispanic",40-64 years,469,61,2539
51193,"White, non-Hispanic",40-64 years,176,31,742
51195,"White, non-Hispanic",40-64 years,362,48,1921
51197,"White, non-Hispanic",40-64 years,400,51,1353
51199,"White, non-Hispanic",40-64 years,816,98,2650
51510,"White, non-Hispanic",40-64 years,729,124,3043
51515,"White, non-Hispanic",40-64 years,50,7,205
51520,"White, non-Hispanic",40-64 years,162,24,847
51530,"White, non-Hispanic",40-64 years,66,10,227
51540,"White, non-Hispanic",40-64 years,225,32,978
51550,"White, non-Hispanic",40-64 years,2187,350,7625
51570,"White, non-Hispanic",40-64 years,132,18,590
51580,"White, non-Hispanic",40-64 years,65,9,261
51590,"White, non-Hispanic",40-64 years,257,46,942
51595,"White, non-Hispanic",40-64 years,29,5,106
51600,"White, non-Hispanic",40-64 years,116,19,469
51610,"White, non-Hispanic",40-64 years,58,9,343
51620,"White, non-Hispanic",40-64 years,34,6,172
51630,"White, non-Hispanic",40-64 years,132,20,627
51640,"White, non-Hispanic",40-64 years,68,11,291
51650,"White, non-Hispanic",40-64 years,883,154,3124
51660,"White, non-Hispanic",40-64 years,186,27,970
51670,"White, non-Hispanic",40-64 years,151,24,657
51678,"White, non-Hispanic",40-64 years,45,6,176
51680,"White, non-Hispanic",40-64 years,539,75,1664
51683,"White, non-Hispanic",40-64 years,215,35,859
51685,"White, non-Hispanic",40-64 years,64,10,262
51690,"White, non-Hispanic",40-64 years,115,20,402
51700,"White, non-Hispanic",40-64 years,1042,164,3706
51710,"White, non-Hispanic",40-64 years,1230,187,4932
51720,"White, non-Hispanic",40-64 years,32,4,152
51730,"White, non-Hispanic",40-64 years,101,18,372
51735,"White, non-Hispanic",40-64 years,136,19,469
51740,"White, non-Hispanic",40-64 years,602,89,2238
51750,"White, non-Hispanic",40-64 years,161,20,494
51760,"White, non-Hispanic",40-64 years,1263,188,4677
51770,"White, non-Hispanic",40-64 years,875,118,3159
51775,"White, non-Hispanic",40-64 years,298,30,913
51790,"White, non-Hispanic",40-64 years,225,30,924
51800,"White, non-Hispanic",40-64 years,663,111,2560
51810,"White, non-Hispanic",40-64 years,3791,474,13107
51820,"White, non-Hispanic",40-64 years,185,33,751
51830,"White, non-Hispanic",40-64 years,94,11,298
51840,"White, non-Hispanic",40-64 years,222,33,824
53001,"White, non-Hispanic",40-64 years,97,16,338
53003,"White, non-Hispanic",40-64 years,179,31,884
53005,"White, non-Hispanic",40-64 years,1841,260,6026
53007,"White, non-Hispanic",40-64 years,657,101,2305
53009,"White, non-Hispanic",40-64 years,567,95,2579
53011,"White, non-Hispanic",40-64 years,4477,627,17089
53013,"White, non-Hispanic",40-64 years,44,5,149
53015,"White, non-Hispanic",40-64 years,1176,161,4221
53017,"White, non-Hispanic",40-64 years,388,58,1241
53019,"White, non-Hispanic",40-64 years,53,8,275
53021,"White, non-Hispanic",40-64 years,649,100,1918
53023,"White, non-Hispanic",40-64 years,18,3,82
53025,"White, non-Hispanic",40-64 years,715,109,2541
53027,"White, non-Hispanic",40-64 years,962,134,3274
53029,"White, non-Hispanic",40-64 years,548,83,2555
53031,"White, non-Hispanic",40-64 years,277,36,1151
53033,"White, non-Hispanic",40-64 years,15800,2504,51353
53035,"White, non-Hispanic",40-64 years,2611,362,8477
53037,"White, non-Hispanic",40-64 years,387,42,1400
53039,"White, non-Hispanic",40-64 years,160,30,885
53041,"White, non-Hispanic",40-64 years,955,107,3191
53043,"White, non-Hispanic",40-64 years,103,14,423
53045,"White, non-Hispanic",40-64 years,525,83,2615
53047,"White, non-Hispanic",40-64 years,336,53,1328
53049,"White, non-Hispanic",40-64 years,376,27,963
53051,"White, non-Hispanic",40-64 years,110,17,566
53053,"White, non-Hispanic",40-64 years,6870,1152,27570
53055,"White, non-Hispanic",40-64 years,106,17,614
53057,"White, non-Hispanic",40-64 years,1077,167,4049
53059,"White, non-Hispanic",40-64 years,101,15,545
53061,"White, non-Hispanic",40-64 years,7780,1205,26443
53063,"White, non-Hispanic",40-64 years,4374,706,17927
53065,"White, non-Hispanic",40-64 years,455,65,1837
53067,"White, non-Hispanic",40-64 years,2754,432,9372
53069,"White, non-Hispanic",40-64 years,52,7,189
53071,"White, non-Hispanic",40-64 years,633,74,1793
53073,"White, non-Hispanic",40-64 years,1880,284,6533
53075,"White, non-Hispanic",40-64 years,248,36,1098
53077,"White, non-Hispanic",40-64 years,1435,226,5750
54001,"White, non-Hispanic",40-64 years,225,24,727
54003,"White, non-Hispanic",40-64 years,1139,210,5201
54005,"White, non-Hispanic",40-64 years,289,58,1238
54007,"White, non-Hispanic",40-64 years,188,20,656
54009,"White, non-Hispanic",40-64 years,321,48,1111
54011,"White, non-Hispanic",40-64 years,1202,159,3913
54013,"White, non-Hispanic",40-64 years,102,14,374
54015,"White, non-Hispanic",40-64 years,128,15,454
54017,"White, non-Hispanic",40-64 years,91,14,430
54019,"White, non-Hispanic",40-64 years,535,76,2028
54021,"White, non-Hispanic",40-64 years,80,11,324
54023,"White, non-Hispanic",40-64 years,121,17,530
54025,"White, non-Hispanic",40-64 years,280,48,1479
54027,"White, non-Hispanic",40-64 years,355,50,1292
54029,"White, non-Hispanic",40-64 years,378,53,1413
54031,"White, non-Hispanic",40-64 years,147,19,712
54033,"White, non-Hispanic",40-64 years,764,105,2991
54035,"White, non-Hispanic",40-64 years,337,58,1468
54037,"White, non-Hispanic",40-64 years,763,119,2450
54039,"White, non-Hispanic",40-64 years,2336,362,7809
54041,"White, non-Hispanic",40-64 years,198,26,805
54043,"White, non-Hispanic",40-64 years,317,53,1207
54045,"White, non-Hispanic",40-64 years,398,57,1756
54047,"White, non-Hispanic",40-64 years,231,31,1162
54049,"White, non-Hispanic",40-64 years,625,109,2442
54051,"White, non-Hispanic",40-64 years,339,72,1483
54053,"White, non-Hispanic",40-64 years,380,58,1372
54055,"White, non-Hispanic",40-64 years,455,69,2815
54057,"White, non-Hispanic",40-64 years,290,37,1262
54059,"White, non-Hispanic",40-64 years,403,45,1343
54061,"White, non-Hispanic",40-64 years,797,136,3494
54063,"White, non-Hispanic",40-64 years,118,16,615
54065,"White, non-Hispanic",40-64 years,231,43,907
54067,"White, non-Hispanic",40-64 years,380,44,1209
54069,"White, non-Hispanic",40-64 years,510,94,1659
54071,"White, non-Hispanic",40-64 years,63,10,298
54073,"White, non-Hispanic",40-64 years,95,21,407
54075,"White, non-Hispanic",40-64 years,90,12,394
54077,"White, non-Hispanic",40-64 years,395,66,1684
54079,"White, non-Hispanic",40-64 years,755,111,2817
54081,"White, non-Hispanic",40-64 years,627,103,3305
54083,"White, non-Hispanic",40-64 years,331,51,1247
54085,"White, non-Hispanic",40-64 years,122,21,485
54087,"White, non-Hispanic",40-64 years,140,23,800
54089,"White, non-Hispanic",40-64 years,109,21,640
54091,"White, non-Hispanic",40-64 years,190,28,827
54093,"White, non-Hispanic",40-64 years,66,11,357
54095,"White, non-Hispanic",40-64 years,107,15,440
54097,"White, non-Hispanic",40-64 years,224,30,1040
54099,"White, non-Hispanic",40-64 years,686,90,2212
54101,"White, non-Hispanic",40-64 years,145,16,467
54103,"White, non-Hispanic",40-64 years,173,29,736
54105,"White, non-Hispanic",40-64 years,68,11,288
54107,"White, non-Hispanic",40-64 years,988,155,4219
54109,"White, non-Hispanic",40-64 years,219,26,1185
55001,"White, non-Hispanic",40-64 years,236,35,1023
55003,"White, non-Hispanic",40-64 years,125,25,580
55005,"White, non-Hispanic",40-64 years,613,81,1821
55007,"White, non-Hispanic",40-64 years,158,33,669
55009,"White, non-Hispanic",40-64 years,2433,377,9461
55011,"White, non-Hispanic",40-64 years,130,21,555
55013,"White, non-Hispanic",40-64 years,138,20,766
55015,"White, non-Hispanic",40-64 years,676,90,2204
55017,"White, non-Hispanic",40-64 years,649,94,2665
55019,"White, non-Hispanic",40-64 years,392,65,1354
55021,"White, non-Hispanic",40-64 years,612,88,2423
55023,"White, non-Hispanic",40-64 years,150,20,662
55025,"White, non-Hispanic",40-64 years,3445,493,14577
55027,"White, non-Hispanic",40-64 years,1137,159,3930
55029,"White, non-Hispanic",40-64 years,249,36,1230
55031,"White, non-Hispanic",40-64 years,444,51,1814
55033,"White, non-Hispanic",40-64 years,429,69,1539
55035,"White, non-Hispanic",40-64 years,793,112,2988
55037,"White, non-Hispanic",40-64 years,73,10,250
55039,"White, non-Hispanic",40-64 years,1153,169,4079
55041,"White, non-Hispanic",40-64 years,105,12,411
55043,"White, non-Hispanic",40-64 years,392,58,1826
55045,"White, non-Hispanic",40-64 years,341,48,1523
55047,"White, non-Hispanic",40-64 years,217,30,761
55049,"White, non-Hispanic",40-64 years,274,47,972
55051,"White, non-Hispanic",40-64 years,51,9,299
55053,"White, non-Hispanic",40-64 years,192,32,837
55055,"White, non-Hispanic",40-64 years,1103,124,3413
55057,"White, non-Hispanic",40-64 years,253,40,1174
55059,"White, non-Hispanic",40-64 years,1996,251,6499
55061,"White, non-Hispanic",40-64 years,264,38,897
55063,"White, non-Hispanic",40-64 years,823,110,3447
55065,"White, non-Hispanic",40-64 years,146,26,686
55067,"White, non-Hispanic",40-64 years,204,35,880
55069,"White, non-Hispanic",40-64 years,302,52,1355
55071,"White, non-Hispanic",40-64 years,691,117,3550
55073,"White, non-Hispanic",40-64 years,1468,168,5276
55075,"White, non-Hispanic",40-64 years,516,62,1961
55077,"White, non-Hispanic",40-64 years,177,25,745
55078,"White, non-Hispanic",40-64 years,12,1,48
55079,"White, non-Hispanic",40-64 years,5556,847,23091
55081,"White, non-Hispanic",40-64 years,441,72,1766
55083,"White, non-Hispanic",40-64 years,439,68,1880
55085,"White, non-Hispanic",40-64 years,376,52,1571
55087,"White, non-Hispanic",40-64 years,2160,300,6886
55089,"White, non-Hispanic",40-64 years,664,98,2980
55091,"White, non-Hispanic",40-64 years,78,15,298
55093,"White, non-Hispanic",40-64 years,371,66,1528
55095,"White, non-Hispanic",40-64 years,569,70,1914
55097,"White, non-Hispanic",40-64 years,603,91,2500
55099,"White, non-Hispanic",40-64 years,181,25,673
55101,"White, non-Hispanic",40-64 years,1593,233,7278
55103,"White, non-Hispanic",40-64 years,154,20,690
55105,"White, non-Hispanic",40-64 years,1384,227,6364
55107,"White, non-Hispanic",40-64 years,201,27,612
55109,"White, non-Hispanic",40-64 years,684,117,3643
55111,"White, non-Hispanic",40-64 years,742,103,2514
55113,"White, non-Hispanic",40-64 years,156,28,727
55115,"White, non-Hispanic",40-64 years,517,66,1716
55117,"White, non-Hispanic",40-64 years,1215,178,4739
55119,"White, non-Hispanic",40-64 years,247,35,902
55121,"White, non-Hispanic",40-64 years,303,42,1176
55123,"White, non-Hispanic",40-64 years,368,54,1173
55125,"White, non-Hispanic",40-64 years,239,32,1037
55127,"White, non-Hispanic",40-64 years,794,123,4066
55129,"White, non-Hispanic",40-64 years,201,30,714
55131,"White, non-Hispanic",40-64 years,1349,229,5704
55133,"White, non-Hispanic",40-64 years,3837,458,13322
55135,"White, non-Hispanic",40-64 years,652,92,2318
55137,"White, non-Hispanic",40-64 years,283,43,1135
55139,"White, non-Hispanic",40-64 years,1740,248,6140
55141,"White, non-Hispanic",40-64 years,685,107,2781
56001,"White, non-Hispanic",40-64 years,238,41,843
56003,"White, non-Hispanic",40-64 years,110,16,402
56005,"White, non-Hispanic",40-64 years,369,58,1606
56007,"White, non-Hispanic",40-64 years,130,25,479
56009,"White, non-Hispanic",40-64 years,120,16,489
56011,"White, non-Hispanic",40-64 years,57,9,270
56013,"White, non-Hispanic",40-64 years,362,63,1198
56015,"White, non-Hispanic",40-64 years,97,14,446
56017,"White, non-Hispanic",40-64 years,40,8,156
56019,"White, non-Hispanic",40-64 years,62,8,288
56021,"White, non-Hispanic",40-64 years,731,121,3157
56023,"White, non-Hispanic",40-64 years,187,24,721
56025,"White, non-Hispanic",40-64 years,827,114,2773
56027,"White, non-Hispanic",40-64 years,20,3,87
56029,"White, non-Hispanic",40-64 years,241,38,956
56031,"White, non-Hispanic",40-64 years,62,9,313
56033,"White, non-Hispanic",40-64 years,210,32,1053
56035,"White, non-Hispanic",40-64 years,78,8,303
56037,"White, non-Hispanic",40-64 years,261,40,1416
56039,"White, non-Hispanic",40-64 years,221,14,607
56041,"White, non-Hispanic",40-64 years,153,27,704
56043,"White, non-Hispanic",40-64 years,48,8,268
56045,"White, non-Hispanic",40-64 years,67,10,267
01001,"White, non-Hispanic",65-84 years,593,54,1867
01003,"White, non-Hispanic",65-84 years,2179,318,10230
01005,"White, non-Hispanic",65-84 years,295,48,931
01007,"White, non-Hispanic",65-84 years,292,32,819
01009,"White, non-Hispanic",65-84 years,582,70,2472
01011,"White, non-Hispanic",65-84 years,48,9,210
01013,"White, non-Hispanic",65-84 years,185,28,726
01015,"White, non-Hispanic",65-84 years,1202,172,4521
01017,"White, non-Hispanic",65-84 years,293,41,1339
01019,"White, non-Hispanic",65-84 years,297,32,1371
01021,"White, non-Hispanic",65-84 years,474,66,1744
01023,"White, non-Hispanic",65-84 years,128,24,532
01025,"White, non-Hispanic",65-84 years,193,34,880
01027,"White, non-Hispanic",65-84 years,186,24,630
01029,"White, non-Hispanic",65-84 years,180,29,664
01031,"White, non-Hispanic",65-84 years,524,62,1789
01033,"White, non-Hispanic",65-84 years,498,59,2500
01035,"White, non-Hispanic",65-84 years,102,15,521
01037,"White, non-Hispanic",65-84 years,128,16,541
01039,"White, non-Hispanic",65-84 years,413,46,1670
01041,"White, non-Hispanic",65-84 years,142,18,532
01043,"White, non-Hispanic",65-84 years,886,112,3895
01045,"White, non-Hispanic",65-84 years,464,61,1823
01047,"White, non-Hispanic",65-84 years,321,49,1002
01049,"White, non-Hispanic",65-84 years,670,87,3041
01051,"White, non-Hispanic",65-84 years,663,81,3109
01053,"White, non-Hispanic",65-84 years,284,45,1333
01055,"White, non-Hispanic",65-84 years,1074,113,4399
01057,"White, non-Hispanic",65-84 years,149,24,799
01059,"White, non-Hispanic",65-84 years,378,32,1248
01061,"White, non-Hispanic",65-84 years,258,39,1251
01063,"White, non-Hispanic",65-84 years,50,8,176
01065,"White, non-Hispanic",65-84 years,114,18,462
01067,"White, non-Hispanic",65-84 years,242,33,812
01069,"White, non-Hispanic",65-84 years,930,144,3837
01071,"White, non-Hispanic",65-84 years,678,91,2504
01073,"White, non-Hispanic",65-84 years,3748,533,16465
01075,"White, non-Hispanic",65-84 years,143,23,698
01077,"White, non-Hispanic",65-84 years,823,99,4174
01079,"White, non-Hispanic",65-84 years,260,36,1392
01081,"White, non-Hispanic",65-84 years,1163,155,4568
01083,"White, non-Hispanic",65-84 years,746,111,3540
01085,"White, non-Hispanic",65-84 years,70,10,252
01087,"White, non-Hispanic",65-84 years,79,12,302
01089,"White, non-Hispanic",65-84 years,2476,359,10470
01091,"White, non-Hispanic",65-84 years,185,22,623
01093,"White, non-Hispanic",65-84 years,312,34,1436
01095,"White, non-Hispanic",65-84 years,852,121,4066
01097,"White, non-Hispanic",65-84 years,3324,503,12659
01099,"White, non-Hispanic",65-84 years,215,25,740
01101,"White, non-Hispanic",65-84 years,1269,170,5055
01103,"White, non-Hispanic",65-84 years,908,123,4958
01105,"White, non-Hispanic",65-84 years,87,10,250
01107,"White, non-Hispanic",65-84 years,186,30,713
01109,"White, non-Hispanic",65-84 years,324,33,1001
01111,"White, non-Hispanic",65-84 years,209,30,1010
01113,"White, non-Hispanic",65-84 years,309,45,1577
01115,"White, non-Hispanic",65-84 years,765,123,3545
01117,"White, non-Hispanic",65-84 years,1348,201,6440
01119,"White, non-Hispanic",65-84 years,88,11,276
01121,"White, non-Hispanic",65-84 years,715,117,3053
01123,"White, non-Hispanic",65-84 years,461,70,1954
01125,"White, non-Hispanic",65-84 years,1335,211,5899
01127,"White, non-Hispanic",65-84 years,576,74,3053
01129,"White, non-Hispanic",65-84 years,168,31,611
01131,"White, non-Hispanic",65-84 years,87,12,334
01133,"White, non-Hispanic",65-84 years,360,51,1291
02020,"White, non-Hispanic",65-84 years,1208,196,5141
02050,"White, non-Hispanic",65-84 years,13,2,64
02068,"White, non-Hispanic",65-84 years,10,1,37
02090,"White, non-Hispanic",65-84 years,539,84,1615
02100,"White, non-Hispanic",65-84 years,17,3,68
02105,"White, non-Hispanic",65-84 years,18,3,70
02110,"White, non-Hispanic",65-84 years,141,20,629
02122,"White, non-Hispanic",65-84 years,466,66,1784
02130,"White, non-Hispanic",65-84 years,68,10,345
02150,"White, non-Hispanic",65-84 years,47,7,171
02170,"White, non-Hispanic",65-84 years,640,87,2455
02180,"White, non-Hispanic",65-84 years,9,1,45
02185,"White, non-Hispanic",65-84 years,11,2,42
02195,"White, non-Hispanic",65-84 years,31,4,117
02198,"White, non-Hispanic",65-84 years,36,5,137
02220,"White, non-Hispanic",65-84 years,41,7,183
02230,"White, non-Hispanic",65-84 years,7,1,32
02240,"White, non-Hispanic",65-84 years,42,7,160
02261,"White, non-Hispanic",65-84 years,57,8,217
02275,"White, non-Hispanic",65-84 years,20,3,77
02290,"White, non-Hispanic",65-84 years,15,2,65
04001,"White, non-Hispanic",65-84 years,433,61,1180
04003,"White, non-Hispanic",65-84 years,985,161,4964
04005,"White, non-Hispanic",65-84 years,859,121,3237
04007,"White, non-Hispanic",65-84 years,801,110,3091
04009,"White, non-Hispanic",65-84 years,211,28,898
04011,"White, non-Hispanic",65-84 years,50,6,179
04012,"White, non-Hispanic",65-84 years,346,48,1464
04013,"White, non-Hispanic",65-84 years,27384,4058,118456
04015,"White, non-Hispanic",65-84 years,2389,350,13581
04017,"White, non-Hispanic",65-84 years,1148,184,3720
04019,"White, non-Hispanic",65-84 years,7672,1143,33400
04021,"White, non-Hispanic",65-84 years,5570,819,19641
04023,"White, non-Hispanic",65-84 years,269,49,932
04025,"White, non-Hispanic",65-84 years,3382,474,14538
04027,"White, non-Hispanic",65-84 years,1445,201,6570
05001,"White, non-Hispanic",65-84 years,190,25,673
05003,"White, non-Hispanic",65-84 years,308,44,791
05005,"White, non-Hispanic",65-84 years,691,61,2533
05007,"White, non-Hispanic",65-84 years,1886,293,7959
05009,"White, non-Hispanic",65-84 years,467,39,1626
05011,"White, non-Hispanic",65-84 years,127,21,364
05013,"White, non-Hispanic",65-84 years,49,10,201
05015,"White, non-Hispanic",65-84 years,378,45,1440
05017,"White, non-Hispanic",65-84 years,125,14,354
05019,"White, non-Hispanic",65-84 years,145,28,688
05021,"White, non-Hispanic",65-84 years,183,25,688
05023,"White, non-Hispanic",65-84 years,351,42,1427
05025,"White, non-Hispanic",65-84 years,96,13,325
05027,"White, non-Hispanic",65-84 years,195,35,685
05029,"White, non-Hispanic",65-84 years,196,29,841
05031,"White, non-Hispanic",65-84 years,791,95,3144
05033,"White, non-Hispanic",65-84 years,462,80,2363
05035,"White, non-Hispanic",65-84 years,316,53,1249
05037,"White, non-Hispanic",65-84 years,215,28,640
05039,"White, non-Hispanic",65-84 years,80,15,272
05041,"White, non-Hispanic",65-84 years,105,13,356
05043,"White, non-Hispanic",65-84 years,190,33,564
05045,"White, non-Hispanic",65-84 years,1066,134,3423
05047,"White, non-Hispanic",65-84 years,170,29,725
05049,"White, non-Hispanic",65-84 years,174,21,677
05051,"White, non-Hispanic",65-84 years,1066,157,5078
05053,"White, non-Hispanic",65-84 years,209,22,672
05055,"White, non-Hispanic",65-84 years,630,53,1731
05057,"White, non-Hispanic",65-84 years,175,29,721
05059,"White, non-Hispanic",65-84 years,306,50,1384
05061,"White, non-Hispanic",65-84 years,110,17,453
05063,"White, non-Hispanic",65-84 years,426,59,1425
05065,"White, non-Hispanic",65-84 years,168,23,769
05067,"White, non-Hispanic",65-84 years,154,21,713
05069,"White, non-Hispanic",65-84 years,498,71,1851
05071,"White, non-Hispanic",65-84 years,280,29,961
05073,"White, non-Hispanic",65-84 years,61,9,304
05075,"White, non-Hispanic",65-84 years,141,16,701
05077,"White, non-Hispanic",65-84 years,64,9,289
05079,"White, non-Hispanic",65-84 years,148,20,440
05081,"White, non-Hispanic",65-84 years,131,25,503
05083,"White, non-Hispanic",65-84 years,234,32,947
05085,"White, non-Hispanic",65-84 years,597,77,2296
05087,"White, non-Hispanic",65-84 years,238,28,759
05089,"White, non-Hispanic",65-84 years,334,30,1108
05091,"White, non-Hispanic",65-84 years,398,64,1495
05093,"White, non-Hispanic",65-84 years,478,58,1237
05095,"White, non-Hispanic",65-84 years,57,8,292
05097,"White, non-Hispanic",65-84 years,89,15,501
05099,"White, non-Hispanic",65-84 years,71,10,335
05101,"White, non-Hispanic",65-84 years,148,13,460
05103,"White, non-Hispanic",65-84 years,241,36,789
05105,"White, non-Hispanic",65-84 years,129,16,453
05107,"White, non-Hispanic",65-84 years,141,26,494
05109,"White, non-Hispanic",65-84 years,119,18,460
05111,"White, non-Hispanic",65-84 years,203,26,988
05113,"White, non-Hispanic",65-84 years,277,35,988
05115,"White, non-Hispanic",65-84 years,799,65,2165
05117,"White, non-Hispanic",65-84 years,106,15,433
05119,"White, non-Hispanic",65-84 years,2663,406,10356
05121,"White, non-Hispanic",65-84 years,173,21,744
05123,"White, non-Hispanic",65-84 years,231,31,655
05125,"White, non-Hispanic",65-84 years,1578,191,4669
05127,"White, non-Hispanic",65-84 years,115,14,468
05129,"White, non-Hispanic",65-84 years,137,14,455
05131,"White, non-Hispanic",65-84 years,919,125,4263
05133,"White, non-Hispanic",65-84 years,155,27,519
05135,"White, non-Hispanic",65-84 years,252,29,995
05137,"White, non-Hispanic",65-84 years,231,33,775
05139,"White, non-Hispanic",65-84 years,294,58,1271
05141,"White, non-Hispanic",65-84 years,232,28,917
05143,"White, non-Hispanic",65-84 years,1358,215,6001
05145,"White, non-Hispanic",65-84 years,592,79,2752
05147,"White, non-Hispanic",65-84 years,77,13,311
05149,"White, non-Hispanic",65-84 years,296,29,773
06001,"White, non-Hispanic",65-84 years,6097,856,22553
06003,"White, non-Hispanic",65-84 years,16,3,54
06005,"White, non-Hispanic",65-84 years,442,59,1932
06007,"White, non-Hispanic",65-84 years,1410,200,6557
06009,"White, non-Hispanic",65-84 years,503,69,2229
06011,"White, non-Hispanic",65-84 years,153,27,500
06013,"White, non-Hispanic",65-84 years,5342,875,22644
06015,"White, non-Hispanic",65-84 years,217,38,998
06017,"White, non-Hispanic",65-84 years,1480,240,6866
06019,"White, non-Hispanic",65-84 years,3552,590,16949
06021,"White, non-Hispanic",65-84 years,208,32,822
06023,"White, non-Hispanic",65-84 years,907,144,4710
06025,"White, non-Hispanic",65-84 years,581,84,1409
06027,"White, non-Hispanic",65-84 years,139,27,735
06029,"White, non-Hispanic",65-84 years,4492,690,15536
06031,"White, non-Hispanic",65-84 years,547,78,2203
06033,"White, non-Hispanic",65-84 years,1088,120,2990
06035,"White, non-Hispanic",65-84 years,190,31,947
06037,"White, non-Hispanic",65-84 years,36457,5843,134297
06039,"White, non-Hispanic",65-84 years,1026,183,3635
06041,"White, non-Hispanic",65-84 years,1994,231,7868
06043,"White, non-Hispanic",65-84 years,174,30,885
06045,"White, non-Hispanic",65-84 years,816,152,3901
06047,"White, non-Hispanic",65-84 years,1527,237,4404
06049,"White, non-Hispanic",65-84 years,100,12,449
06051,"White, non-Hispanic",65-84 years,70,11,402
06053,"White, non-Hispanic",65-84 years,2635,468,8606
06055,"White, non-Hispanic",65-84 years,1045,181,3839
06057,"White, non-Hispanic",65-84 years,990,165,4565
06059,"White, non-Hispanic",65-84 years,15374,2188,58350
06061,"White, non-Hispanic",65-84 years,2809,427,11350
06063,"White, non-Hispanic",65-84 years,381,32,1057
06065,"White, non-Hispanic",65-84 years,11631,1995,53164
06067,"White, non-Hispanic",65-84 years,8024,1285,30424
06069,"White, non-Hispanic",65-84 years,355,60,1125
06071,"White, non-Hispanic",65-84 years,7784,1330,32570
06073,"White, non-Hispanic",65-84 years,18260,2858,64828
06075,"White, non-Hispanic",65-84 years,2457,315,10909
06077,"White, non-Hispanic",65-84 years,3181,497,12717
06079,"White, non-Hispanic",65-84 years,2927,444,9574
06081,"White, non-Hispanic",65-84 years,2810,492,12072
06083,"White, non-Hispanic",65-84 years,3258,563,9986
06085,"White, non-Hispanic",65-84 years,6777,937,24029
06087,"White, non-Hispanic",65-84 years,2424,407,7434
06089,"White, non-Hispanic",65-84 years,1264,170,6791
06091,"White, non-Hispanic",65-84 years,53,9,176
06093,"White, non-Hispanic",65-84 years,489,82,2073
06095,"White, non-Hispanic",65-84 years,2071,361,8893
06097,"White, non-Hispanic",65-84 years,3670,632,15623
06099,"White, non-Hispanic",65-84 years,2869,484,11251
06101,"White, non-Hispanic",65-84 years,507,78,2173
06103,"White, non-Hispanic",65-84 years,888,107,2438
06105,"White, non-Hispanic",65-84 years,158,24,846
06107,"White, non-Hispanic",65-84 years,1920,341,7772
06109,"White, non-Hispanic",65-84 years,514,92,2670
06111,"White, non-Hispanic",65-84 years,5397,947,19168
06113,"White, non-Hispanic",65-84 years,1055,179,3767
06115,"White, non-Hispanic",65-84 years,429,72,1841
08001,"White, non-Hispanic",65-84 years,2172,328,7157
08003,"White, non-Hispanic",65-84 years,101,13,322
08005,"White, non-Hispanic",65-84 years,3381,524,12867
08007,"White, non-Hispanic",65-84 years,131,22,607
08009,"White, non-Hispanic",65-84 years,37,6,154
08011,"White, non-Hispanic",65-84 years,54,11,201
08013,"White, non-Hispanic",65-84 years,2599,408,8459
08014,"White, non-Hispanic",65-84 years,576,63,1768
08015,"White, non-Hispanic",65-84 years,170,26,823
08017,"White, non-Hispanic",65-84 years,18,2,66
08019,"White, non-Hispanic",65-84 years,82,11,330
08021,"White, non-Hispanic",65-84 years,55,8,172
08023,"White, non-Hispanic",65-84 years,29,4,112
08025,"White, non-Hispanic",65-84 years,42,9,168
08027,"White, non-Hispanic",65-84 years,73,8,285
08029,"White, non-Hispanic",65-84 years,370,65,1489
08031,"White, non-Hispanic",65-84 years,2433,405,10215
08033,"White, non-Hispanic",65-84 years,37,5,117
08035,"White, non-Hispanic",65-84 years,1595,276,6344
08037,"White, non-Hispanic",65-84 years,268,49,1159
08039,"White, non-Hispanic",65-84 years,193,28,767
08041,"White, non-Hispanic",65-84 years,3809,563,15000
08043,"White, non-Hispanic",65-84 years,509,73,2066
08045,"White, non-Hispanic",65-84 years,306,52,1504
08047,"White, non-Hispanic",65-84 years,41,7,192
08049,"White, non-Hispanic",65-84 years,112,17,517
08051,"White, non-Hispanic",65-84 years,78,11,388
08053,"White, non-Hispanic",65-84 years,9,1,34
08055,"White, non-Hispanic",65-84 years,93,16,369
08057,"White, non-Hispanic",65-84 years,16,2,64
08059,"White, non-Hispanic",65-84 years,4438,635,16002
08061,"White, non-Hispanic",65-84 years,14,2,58
08063,"White, non-Hispanic",65-84 years,55,9,264
08065,"White, non-Hispanic",65-84 years,40,8,179
08067,"White, non-Hispanic",65-84 years,373,79,1605
08069,"White, non-Hispanic",65-84 years,2574,323,9218
08071,"White, non-Hispanic",65-84 years,108,18,562
08073,"White, non-Hispanic",65-84 years,45,5,169
08075,"White, non-Hispanic",65-84 years,203,26,699
08077,"White, non-Hispanic",65-84 years,1336,199,5344
08079,"White, non-Hispanic",65-84 years,11,1,40
08081,"White, non-Hispanic",65-84 years,92,13,401
08083,"White, non-Hispanic",65-84 years,335,59,1067
08085,"White, non-Hispanic",65-84 years,460,67,1778
08087,"White, non-Hispanic",65-84 years,267,31,769
08089,"White, non-Hispanic",65-84 years,150,26,582
08091,"White, non-Hispanic",65-84 years,67,8,219
08093,"White, non-Hispanic",65-84 years,175,24,675
08095,"White, non-Hispanic",65-84 years,52,5,154
08097,"White, non-Hispanic",65-84 years,102,17,541
08099,"White, non-Hispanic",65-84 years,89,14,368
08101,"White, non-Hispanic",65-84 years,966,160,4821
08103,"White, non-Hispanic",65-84 years,69,12,204
08105,"White, non-Hispanic",65-84 years,123,17,386
08107,"White, non-Hispanic",65-84 years,184,26,670
08109,"White, non-Hispanic",65-84 years,99,15,295
08113,"White, non-Hispanic",65-84 years,63,9,213
08115,"White, non-Hispanic",65-84 years,35,5,117
08117,"White, non-Hispanic",65-84 years,129,23,731
08119,"White, non-Hispanic",65-84 years,255,37,983
08121,"White, non-Hispanic",65-84 years,65,7,192
08123,"White, non-Hispanic",65-84 years,2037,257,6344
08125,"White, non-Hispanic",65-84 years,92,12,329
09001,"White, non-Hispanic",65-84 years,6571,931,21909
09003,"White, non-Hispanic",65-84 years,8098,1075,23992
09005,"White, non-Hispanic",65-84 years,1936,317,7119
09007,"White, non-Hispanic",65-84 years,1652,183,5843
09009,"White, non-Hispanic",65-84 years,6773,1011,25330
09011,"White, non-Hispanic",65-84 years,3301,507,8954
09013,"White, non-Hispanic",65-84 years,1454,187,4590
09015,"White, non-Hispanic",65-84 years,1427,167,4206
10001,"White, non-Hispanic",65-84 years,1422,217,5707
10003,"White, non-Hispanic",65-84 years,3593,582,13842
10005,"White, non-Hispanic",65-84 years,4046,666,15907
12001,"White, non-Hispanic",65-84 years,1822,266,7210
12003,"White, non-Hispanic",65-84 years,186,27,946
12005,"White, non-Hispanic",65-84 years,1416,159,6644
12007,"White, non-Hispanic",65-84 years,272,47,1169
12009,"White, non-Hispanic",65-84 years,6110,833,27138
12011,"White, non-Hispanic",65-84 years,10595,1646,41573
12013,"White, non-Hispanic",65-84 years,115,19,576
12015,"White, non-Hispanic",65-84 years,3451,508,14679
12017,"White, non-Hispanic",65-84 years,3080,357,11393
12019,"White, non-Hispanic",65-84 years,1340,230,7367
12021,"White, non-Hispanic",65-84 years,4269,754,21625
12023,"White, non-Hispanic",65-84 years,840,120,2992
12027,"White, non-Hispanic",65-84 years,642,67,1739
12029,"White, non-Hispanic",65-84 years,182,29,1022
12031,"White, non-Hispanic",65-84 years,6215,920,26021
12033,"White, non-Hispanic",65-84 years,2161,427,10595
12035,"White, non-Hispanic",65-84 years,1708,250,7257
12037,"White, non-Hispanic",65-84 years,181,26,740
12039,"White, non-Hispanic",65-84 years,400,58,1351
12041,"White, non-Hispanic",65-84 years,187,23,849
12043,"White, non-Hispanic",65-84 years,185,24,746
12045,"White, non-Hispanic",65-84 years,198,24,850
12047,"White, non-Hispanic",65-84 years,168,23,561
12049,"White, non-Hispanic",65-84 years,344,37,867
12051,"White, non-Hispanic",65-84 years,277,46,861
12053,"White, non-Hispanic",65-84 years,2222,292,10803
12055,"White, non-Hispanic",65-84 years,2649,311,7313
12057,"White, non-Hispanic",65-84 years,8069,1182,33800
12059,"White, non-Hispanic",65-84 years,184,27,875
12061,"White, non-Hispanic",65-84 years,1879,312,10332
12063,"White, non-Hispanic",65-84 years,319,51,1914
12065,"White, non-Hispanic",65-84 years,172,24,703
12067,"White, non-Hispanic",65-84 years,90,12,348
12069,"White, non-Hispanic",65-84 years,3755,517,20161
12071,"White, non-Hispanic",65-84 years,9964,1533,41767
12073,"White, non-Hispanic",65-84 years,2126,249,7321
12075,"White, non-Hispanic",65-84 years,593,82,2465
12077,"White, non-Hispanic",65-84 years,63,9,301
12079,"White, non-Hispanic",65-84 years,149,23,772
12081,"White, non-Hispanic",65-84 years,4232,658,21820
12083,"White, non-Hispanic",65-84 years,4703,815,22123
12085,"White, non-Hispanic",65-84 years,1960,235,8673
12086,"White, non-Hispanic",65-84 years,4393,649,18366
12087,"White, non-Hispanic",65-84 years,561,80,3274
12089,"White, non-Hispanic",65-84 years,889,133,4687
12091,"White, non-Hispanic",65-84 years,1203,199,6351
12093,"White, non-Hispanic",65-84 years,334,52,1745
12095,"White, non-Hispanic",65-84 years,5540,735,23225
12097,"White, non-Hispanic",65-84 years,2421,229,6612
12099,"White, non-Hispanic",65-84 years,12690,1640,53751
12101,"White, non-Hispanic",65-84 years,5844,833,25368
12103,"White, non-Hispanic",65-84 years,12193,1525,45572
12105,"White, non-Hispanic",65-84 years,9254,834,27831
12107,"White, non-Hispanic",65-84 years,825,130,4034
12109,"White, non-Hispanic",65-84 years,2420,337,10273
12111,"White, non-Hispanic",65-84 years,3104,478,14597
12113,"White, non-Hispanic",65-84 years,1090,183,5981
12115,"White, non-Hispanic",65-84 years,5358,794,28024
12117,"White, non-Hispanic",65-84 years,2501,384,12577
12119,"White, non-Hispanic",65-84 years,3530,504,17564
12121,"White, non-Hispanic",65-84 years,585,74,2212
12123,"White, non-Hispanic",65-84 years,318,30,1061
12125,"White, non-Hispanic",65-84 years,132,19,546
12127,"White, non-Hispanic",65-84 years,6037,905,27693
12129,"White, non-Hispanic",65-84 years,333,39,1250
12131,"White, non-Hispanic",65-84 years,729,141,3474
12133,"White, non-Hispanic",65-84 years,184,27,1004
13001,"White, non-Hispanic",65-84 years,207,34,749
13003,"White, non-Hispanic",65-84 years,68,14,257
13005,"White, non-Hispanic",65-84 years,105,19,430
13007,"White, non-Hispanic",65-84 years,38,4,116
13009,"White, non-Hispanic",65-84 years,260,33,1389
13011,"White, non-Hispanic",65-84 years,152,24,752
13013,"White, non-Hispanic",65-84 years,597,88,2255
13015,"White, non-Hispanic",65-84 years,917,116,3602
13017,"White, non-Hispanic",65-84 years,126,22,660
13019,"White, non-Hispanic",65-84 years,167,26,727
13021,"White, non-Hispanic",65-84 years,688,103,3553
13023,"White, non-Hispanic",65-84 years,87,12,454
13025,"White, non-Hispanic",65-84 years,204,26,736
13027,"White, non-Hispanic",65-84 years,209,25,693
13029,"White, non-Hispanic",65-84 years,230,33,899
13031,"White, non-Hispanic",65-84 years,365,55,2002
13033,"White, non-Hispanic",65-84 years,227,42,750
13035,"White, non-Hispanic",65-84 years,154,19,806
13037,"White, non-Hispanic",65-84 years,40,7,145
13039,"White, non-Hispanic",65-84 years,429,66,1663
13043,"White, non-Hispanic",65-84 years,83,13,432
13045,"White, non-Hispanic",65-84 years,1050,118,3592
13047,"White, non-Hispanic",65-84 years,569,67,2889
13049,"White, non-Hispanic",65-84 years,93,12,463
13051,"White, non-Hispanic",65-84 years,2112,349,7707
13053,"White, non-Hispanic",65-84 years,16,2,61
13055,"White, non-Hispanic",65-84 years,199,24,1136
13057,"White, non-Hispanic",65-84 years,1826,297,8572
13059,"White, non-Hispanic",65-84 years,709,111,2792
13061,"White, non-Hispanic",65-84 years,51,8,157
13063,"White, non-Hispanic",65-84 years,684,110,2450
13065,"White, non-Hispanic",65-84 years,61,12,254
13067,"White, non-Hispanic",65-84 years,3684,636,16925
13069,"White, non-Hispanic",65-84 years,286,58,1281
13071,"White, non-Hispanic",65-84 years,345,41,1542
13073,"White, non-Hispanic",65-84 years,1106,168,3671
13075,"White, non-Hispanic",65-84 years,141,22,617
13077,"White, non-Hispanic",65-84 years,947,143,4224
13079,"White, non-Hispanic",65-84 years,91,19,501
13081,"White, non-Hispanic",65-84 years,197,33,770
13083,"White, non-Hispanic",65-84 years,158,24,775
13085,"White, non-Hispanic",65-84 years,266,38,1176
13087,"White, non-Hispanic",65-84 years,229,29,919
13089,"White, non-Hispanic",65-84 years,2560,413,9399
13091,"White, non-Hispanic",65-84 years,179,23,789
13093,"White, non-Hispanic",65-84 years,99,17,473
13095,"White, non-Hispanic",65-84 years,444,67,1776
13097,"White, non-Hispanic",65-84 years,811,104,3003
13099,"White, non-Hispanic",65-84 years,104,15,388
13101,"White, non-Hispanic",65-84 years,24,4,109
13103,"White, non-Hispanic",65-84 years,333,46,1622
13105,"White, non-Hispanic",65-84 years,184,23,824
13107,"White, non-Hispanic",65-84 years,147,18,764
13109,"White, non-Hispanic",65-84 years,79,13,350
13111,"White, non-Hispanic",65-84 years,329,53,1752
13113,"White, non-Hispanic",65-84 years,916,133,3320
13115,"White, non-Hispanic",65-84 years,592,75,3507
13117,"White, non-Hispanic",65-84 years,1456,204,5607
13119,"White, non-Hispanic",65-84 years,215,33,982
13121,"White, non-Hispanic",65-84 years,4009,586,14776
13123,"White, non-Hispanic",65-84 years,328,51,1885
13125,"White, non-Hispanic",65-84 years,36,4,115
13127,"White, non-Hispanic",65-84 years,1054,118,3505
13129,"White, non-Hispanic",65-84 years,471,76,2044
13131,"White, non-Hispanic",65-84 years,217,30,1020
13133,"White, non-Hispanic",65-84 years,258,37,1243
13135,"White, non-Hispanic",65-84 years,3553,537,14584
13137,"White, non-Hispanic",65-84 years,365,53,1876
13139,"White, non-Hispanic",65-84 years,1370,187,6781
13141,"White, non-Hispanic",65-84 years,83,12,323
13143,"White, non-Hispanic",65-84 years,227,25,1103
13145,"White, non-Hispanic",65-84 years,271,37,1249
13147,"White, non-Hispanic",65-84 years,280,45,1298
13149,"White, non-Hispanic",65-84 years,122,19,444
13151,"White, non-Hispanic",65-84 years,1101,171,4170
13153,"White, non-Hispanic",65-84 years,742,112,3957
13155,"White, non-Hispanic",65-84 years,76,11,358
13157,"White, non-Hispanic",65-84 years,502,72,2312
13159,"White, non-Hispanic",65-84 years,86,12,524
13161,"White, non-Hispanic",65-84 years,161,22,546
13163,"White, non-Hispanic",65-84 years,130,17,484
13165,"White, non-Hispanic",65-84 years,73,14,297
13167,"White, non-Hispanic",65-84 years,75,11,379
13169,"White, non-Hispanic",65-84 years,169,26,923
13171,"White, non-Hispanic",65-84 years,128,21,618
13173,"White, non-Hispanic",65-84 years,69,12,325
13175,"White, non-Hispanic",65-84 years,321,44,1672
13177,"White, non-Hispanic",65-84 years,217,35,851
13179,"White, non-Hispanic",65-84 years,318,45,960
13181,"White, non-Hispanic",65-84 years,109,16,414
13183,"White, non-Hispanic",65-84 years,129,16,345
13185,"White, non-Hispanic",65-84 years,561,99,2789
13187,"White, non-Hispanic",65-84 years,252,39,1331
13189,"White, non-Hispanic",65-84 years,293,28,770
13191,"White, non-Hispanic",65-84 years,205,22,627
13193,"White, non-Hispanic",65-84 years,86,12,378
13195,"White, non-Hispanic",65-84 years,254,29,1159
13197,"White, non-Hispanic",65-84 years,81,11,326
13199,"White, non-Hispanic",65-84 years,219,41,818
13201,"White, non-Hispanic",65-84 years,74,8,256
13205,"White, non-Hispanic",65-84 years,251,40,698
13207,"White, non-Hispanic",65-84 years,188,38,1054
13209,"White, non-Hispanic",65-84 years,77,11,338
13211,"White, non-Hispanic",65-84 years,199,29,813
13213,"White, non-Hispanic",65-84 years,413,47,1512
13215,"White, non-Hispanic",65-84 years,844,126,4062
13217,"White, non-Hispanic",65-84 years,599,94,2445
13219,"White, non-Hispanic",65-84 years,235,34,1136
13221,"White, non-Hispanic",65-84 years,124,15,588
13223,"White, non-Hispanic",65-84 years,812,115,4092
13225,"White, non-Hispanic",65-84 years,174,29,850
13227,"White, non-Hispanic",65-84 years,288,48,1604
13229,"White, non-Hispanic",65-84 years,203,37,773
13231,"White, non-Hispanic",65-84 years,112,20,628
13233,"White, non-Hispanic",65-84 years,273,33,1562
13235,"White, non-Hispanic",65-84 years,92,11,468
13237,"White, non-Hispanic",65-84 years,255,37,1198
13239,"White, non-Hispanic",65-84 years,42,6,154
13241,"White, non-Hispanic",65-84 years,209,38,1073
13243,"White, non-Hispanic",65-84 years,76,12,249
13245,"White, non-Hispanic",65-84 years,1045,169,3742
13247,"White, non-Hispanic",65-84 years,486,79,1884
13249,"White, non-Hispanic",65-84 years,28,5,156
13251,"White, non-Hispanic",65-84 years,91,16,525
13253,"White, non-Hispanic",65-84 years,118,14,438
13255,"White, non-Hispanic",65-84 years,467,93,2595
13257,"White, non-Hispanic",65-84 years,248,38,1176
13259,"White, non-Hispanic",65-84 years,28,5,131
13261,"White, non-Hispanic",65-84 years,184,33,880
13263,"White, non-Hispanic",65-84 years,72,12,257
13265,"White, non-Hispanic",65-84 years,22,3,80
13267,"White, non-Hispanic",65-84 years,153,27,741
13269,"White, non-Hispanic",65-84 years,65,12,328
13271,"White, non-Hispanic",65-84 years,93,12,492
13273,"White, non-Hispanic",65-84 years,105,16,326
13275,"White, non-Hispanic",65-84 years,381,58,1588
13277,"White, non-Hispanic",65-84 years,274,45,1305
13279,"White, non-Hispanic",65-84 years,178,26,913
13281,"White, non-Hispanic",65-84 years,237,24,934
13283,"White, non-Hispanic",65-84 years,64,9,243
13285,"White, non-Hispanic",65-84 years,485,65,2044
13287,"White, non-Hispanic",65-84 years,90,12,343
13289,"White, non-Hispanic",65-84 years,87,14,352
13291,"White, non-Hispanic",65-84 years,456,48,1824
13293,"White, non-Hispanic",65-84 years,198,35,1011
13295,"White, non-Hispanic",65-84 years,664,98,3202
13297,"White, non-Hispanic",65-84 years,770,117,3179
13299,"White, non-Hispanic",65-84 years,316,48,1256
13301,"White, non-Hispanic",65-84 years,57,7,202
13303,"White, non-Hispanic",65-84 years,130,20,603
13305,"White, non-Hispanic",65-84 years,245,38,1060
13307,"White, non-Hispanic",65-84 years,26,3,110
13309,"White, non-Hispanic",65-84 years,71,11,269
13311,"White, non-Hispanic",65-84 years,271,41,1365
13313,"White, non-Hispanic",65-84 years,970,126,3338
13315,"White, non-Hispanic",65-84 years,74,12,369
13317,"White, non-Hispanic",65-84 years,99,19,410
13319,"White, non-Hispanic",65-84 years,78,10,351
13321,"White, non-Hispanic",65-84 years,243,42,864
15001,"White, non-Hispanic",65-84 years,1632,247,4123
15003,"White, non-Hispanic",65-84 years,2305,290,6627
15007,"White, non-Hispanic",65-84 years,385,50,1243
15009,"White, non-Hispanic",65-84 years,773,123,2735
16001,"White, non-Hispanic",65-84 years,4118,471,14141
16003,"White, non-Hispanic",65-84 years,51,8,282
16005,"White, non-Hispanic",65-84 years,562,92,2713
16007,"White, non-Hispanic",65-84 years,49,10,252
16009,"White, non-Hispanic",65-84 years,104,17,470
16011,"White, non-Hispanic",65-84 years,304,54,1427
16013,"White, non-Hispanic",65-84 years,193,28,858
16015,"White, non-Hispanic",65-84 years,104,14,439
16017,"White, non-Hispanic",65-84 years,521,75,2370
16019,"White, non-Hispanic",65-84 years,752,107,3224
16021,"White, non-Hispanic",65-84 years,121,19,563
16023,"White, non-Hispanic",65-84 years,39,6,129
16025,"White, non-Hispanic",65-84 years,14,2,52
16027,"White, non-Hispanic",65-84 years,2544,299,7145
16029,"White, non-Hispanic",65-84 years,43,7,243
16031,"White, non-Hispanic",65-84 years,169,22,704
16035,"White, non-Hispanic",65-84 years,132,12,448
16037,"White, non-Hispanic",65-84 years,71,11,262
16039,"White, non-Hispanic",65-84 years,307,31,795
16041,"White, non-Hispanic",65-84 years,108,21,418
16043,"White, non-Hispanic",65-84 years,112,16,441
16045,"White, non-Hispanic",65-84 years,211,26,873
16047,"White, non-Hispanic",65-84 years,228,22,574
16049,"White, non-Hispanic",65-84 years,267,38,953
16051,"White, non-Hispanic",65-84 years,210,33,748
16053,"White, non-Hispanic",65-84 years,177,22,678
16055,"White, non-Hispanic",65-84 years,1727,237,6704
16057,"White, non-Hispanic",65-84 years,258,30,1041
16059,"White, non-Hispanic",65-84 years,138,16,454
16061,"White, non-Hispanic",65-84 years,61,8,196
16063,"White, non-Hispanic",65-84 years,43,7,156
16065,"White, non-Hispanic",65-84 years,182,29,756
16067,"White, non-Hispanic",65-84 years,179,25,679
16069,"White, non-Hispanic",65-84 years,431,63,1593
16071,"White, non-Hispanic",65-84 years,34,6,197
16073,"White, non-Hispanic",65-84 years,168,22,447
16075,"White, non-Hispanic",65-84 years,293,36,945
16077,"White, non-Hispanic",65-84 years,61,11,276
16079,"White, non-Hispanic",65-84 years,227,19,619
16081,"White, non-Hispanic",65-84 years,73,13,302
16083,"White, non-Hispanic",65-84 years,680,89,2798
16085,"White, non-Hispanic",65-84 years,114,15,577
16087,"White, non-Hispanic",65-84 years,133,13,551
17001,"White, non-Hispanic",65-84 years,681,92,2462
17003,"White, non-Hispanic",65-84 years,76,12,254
17005,"White, non-Hispanic",65-84 years,180,26,679
17007,"White, non-Hispanic",65-84 years,408,64,1670
17009,"White, non-Hispanic",65-84 years,49,7,202
17011,"White, non-Hispanic",65-84 years,423,58,1385
17013,"White, non-Hispanic",65-84 years,83,8,222
17015,"White, non-Hispanic",65-84 years,174,24,815
17017,"White, non-Hispanic",65-84 years,153,26,510
17019,"White, non-Hispanic",65-84 years,1219,235,4832
17021,"White, non-Hispanic",65-84 years,372,64,1495
17023,"White, non-Hispanic",65-84 years,194,21,630
17025,"White, non-Hispanic",65-84 years,195,29,570
17027,"White, non-Hispanic",65-84 years,371,49,1349
17029,"White, non-Hispanic",65-84 years,619,62,1724
17031,"White, non-Hispanic",65-84 years,29586,4555,98584
17033,"White, non-Hispanic",65-84 years,221,27,751
17035,"White, non-Hispanic",65-84 years,166,22,449
17037,"White, non-Hispanic",65-84 years,712,101,2573
17039,"White, non-Hispanic",65-84 years,160,25,623
17041,"White, non-Hispanic",65-84 years,163,29,715
17043,"White, non-Hispanic",65-84 years,6239,882,21285
17045,"White, non-Hispanic",65-84 years,195,32,812
17047,"White, non-Hispanic",65-84 years,105,17,295
17049,"White, non-Hispanic",65-84 years,432,33,1221
17051,"White, non-Hispanic",65-84 years,277,28,893
17053,"White, non-Hispanic",65-84 years,88,15,503
17055,"White, non-Hispanic",65-84 years,481,71,1723
17057,"White, non-Hispanic",65-84 years,381,58,1455
17059,"White, non-Hispanic",65-84 years,101,9,274
17061,"White, non-Hispanic",65-84 years,185,19,516
17063,"White, non-Hispanic",65-84 years,423,65,1529
17065,"White, non-Hispanic",65-84 years,88,13,359
17067,"White, non-Hispanic",65-84 years,272,32,827
17069,"White, non-Hispanic",65-84 years,71,10,230
17071,"White, non-Hispanic",65-84 years,102,12,339
17073,"White, non-Hispanic",65-84 years,629,80,2068
17075,"White, non-Hispanic",65-84 years,258,38,1186
17077,"White, non-Hispanic",65-84 years,597,88,1674
17079,"White, non-Hispanic",65-84 years,128,12,389
17081,"White, non-Hispanic",65-84 years,433,69,1414
17083,"White, non-Hispanic",65-84 years,311,32,869
17085,"White, non-Hispanic",65-84 years,288,43,1233
17087,"White, non-Hispanic",65-84 years,208,30,631
17089,"White, non-Hispanic",65-84 years,3775,597,12795
17091,"White, non-Hispanic",65-84 years,918,121,3556
17093,"White, non-Hispanic",65-84 years,656,90,2518
17095,"White, non-Hispanic",65-84 years,671,93,2170
17097,"White, non-Hispanic",65-84 years,5179,714,16915
17099,"White, non-Hispanic",65-84 years,1404,170,4293
17101,"White, non-Hispanic",65-84 years,186,24,600
17103,"White, non-Hispanic",65-84 years,413,50,1306
17105,"White, non-Hispanic",65-84 years,410,52,1408
17107,"White, non-Hispanic",65-84 years,259,44,1086
17109,"White, non-Hispanic",65-84 years,321,48,969
17111,"White, non-Hispanic",65-84 years,2634,336,8961
17113,"White, non-Hispanic",65-84 years,1071,158,4386
17115,"White, non-Hispanic",65-84 years,1037,141,4217
17117,"White, non-Hispanic",65-84 years,539,78,2012
17119,"White, non-Hispanic",65-84 years,2484,369,9889
17121,"White, non-Hispanic",65-84 years,369,60,1561
17123,"White, non-Hispanic",65-84 years,126,19,541
17125,"White, non-Hispanic",65-84 years,182,26,609
17127,"White, non-Hispanic",65-84 years,112,13,595
17129,"White, non-Hispanic",65-84 years,112,17,495
17131,"White, non-Hispanic",65-84 years,222,25,665
17133,"White, non-Hispanic",65-84 years,325,46,1266
17135,"White, non-Hispanic",65-84 years,367,43,1222
17137,"White, non-Hispanic",65-84 years,370,60,1378
17139,"White, non-Hispanic",65-84 years,159,21,534
17141,"White, non-Hispanic",65-84 years,676,69,1943
17143,"White, non-Hispanic",65-84 years,1376,211,5398
17145,"White, non-Hispanic",65-84 years,316,46,890
17147,"White, non-Hispanic",65-84 years,143,24,652
17149,"White, non-Hispanic",65-84 years,211,26,662
17151,"White, non-Hispanic",65-84 years,72,8,243
17153,"White, non-Hispanic",65-84 years,65,10,231
17155,"White, non-Hispanic",65-84 years,78,10,265
17157,"White, non-Hispanic",65-84 years,347,50,1214
17159,"White, non-Hispanic",65-84 years,132,18,628
17161,"White, non-Hispanic",65-84 years,1571,189,5514
17163,"White, non-Hispanic",65-84 years,2012,361,7718
17165,"White, non-Hispanic",65-84 years,357,35,1025
17167,"White, non-Hispanic",65-84 years,1744,282,6580
17169,"White, non-Hispanic",65-84 years,95,12,327
17171,"White, non-Hispanic",65-84 years,47,7,208
17173,"White, non-Hispanic",65-84 years,343,41,983
17175,"White, non-Hispanic",65-84 years,70,7,237
17177,"White, non-Hispanic",65-84 years,490,73,1996
17179,"White, non-Hispanic",65-84 years,1407,173,4898
17181,"White, non-Hispanic",65-84 years,261,41,767
17183,"White, non-Hispanic",65-84 years,821,163,3173
17185,"White, non-Hispanic",65-84 years,187,17,503
17187,"White, non-Hispanic",65-84 years,217,35,659
17189,"White, non-Hispanic",65-84 years,200,22,577
17191,"White, non-Hispanic",65-84 years,256,31,735
17193,"White, non-Hispanic",65-84 years,157,25,606
17195,"White, non-Hispanic",65-84 years,571,66,2286
17197,"White, non-Hispanic",65-84 years,4856,727,16578
17199,"White, non-Hispanic",65-84 years,862,130,2704
17201,"White, non-Hispanic",65-84 years,2413,346,9522
17203,"White, non-Hispanic",65-84 years,278,44,1266
18001,"White, non-Hispanic",65-84 years,384,55,1276
18003,"White, non-Hispanic",65-84 years,3212,439,11444
18005,"White, non-Hispanic",65-84 years,813,100,2789
18007,"White, non-Hispanic",65-84 years,85,11,321
18009,"White, non-Hispanic",65-84 years,204,22,606
18011,"White, non-Hispanic",65-84 years,533,71,1811
18013,"White, non-Hispanic",65-84 years,204,27,885
18015,"White, non-Hispanic",65-84 years,200,31,868
18017,"White, non-Hispanic",65-84 years,545,56,1460
18019,"White, non-Hispanic",65-84 years,1077,158,4427
18021,"White, non-Hispanic",65-84 years,189,26,1070
18023,"White, non-Hispanic",65-84 years,277,49,1198
18025,"White, non-Hispanic",65-84 years,100,16,517
18027,"White, non-Hispanic",65-84 years,281,45,1156
18029,"White, non-Hispanic",65-84 years,485,63,2109
18031,"White, non-Hispanic",65-84 years,343,34,998
18033,"White, non-Hispanic",65-84 years,497,63,1563
18035,"White, non-Hispanic",65-84 years,1183,127,4261
18037,"White, non-Hispanic",65-84 years,410,59,1631
18039,"White, non-Hispanic",65-84 years,1550,229,6417
18041,"White, non-Hispanic",65-84 years,355,51,1183
18043,"White, non-Hispanic",65-84 years,678,92,2870
18045,"White, non-Hispanic",65-84 years,158,28,725
18047,"White, non-Hispanic",65-84 years,353,55,1023
18049,"White, non-Hispanic",65-84 years,317,31,874
18051,"White, non-Hispanic",65-84 years,313,43,1229
18053,"White, non-Hispanic",65-84 years,1067,85,2966
18055,"White, non-Hispanic",65-84 years,365,56,1392
18057,"White, non-Hispanic",65-84 years,1941,225,7649
18059,"White, non-Hispanic",65-84 years,774,106,2749
18061,"White, non-Hispanic",65-84 years,347,54,1605
18063,"White, non-Hispanic",65-84 years,1422,208,4967
18065,"White, non-Hispanic",65-84 years,457,57,2201
18067,"White, non-Hispanic",65-84 years,1070,114,3536
18069,"White, non-Hispanic",65-84 years,412,55,1414
18071,"White, non-Hispanic",65-84 years,569,80,1751
18073,"White, non-Hispanic",65-84 years,252,41,1225
18075,"White, non-Hispanic",65-84 years,261,29,869
18077,"White, non-Hispanic",65-84 years,294,48,1408
18079,"White, non-Hispanic",65-84 years,249,36,1097
18081,"White, non-Hispanic",65-84 years,1394,162,4972
18083,"White, non-Hispanic",65-84 years,420,61,1403
18085,"White, non-Hispanic",65-84 years,847,105,2968
18087,"White, non-Hispanic",65-84 years,300,36,1286
18089,"White, non-Hispanic",65-84 years,3531,567,14538
18091,"White, non-Hispanic",65-84 years,1238,156,4290
18093,"White, non-Hispanic",65-84 years,579,73,2089
18095,"White, non-Hispanic",65-84 years,1771,184,5494
18097,"White, non-Hispanic",65-84 years,6342,878,22609
18099,"White, non-Hispanic",65-84 years,342,53,1721
18101,"White, non-Hispanic",65-84 years,89,12,463
18103,"White, non-Hispanic",65-84 years,553,53,1501
18105,"White, non-Hispanic",65-84 years,836,132,3989
18107,"White, non-Hispanic",65-84 years,405,75,1519
18109,"White, non-Hispanic",65-84 years,615,93,2846
18111,"White, non-Hispanic",65-84 years,140,19,596
18113,"White, non-Hispanic",65-84 years,439,73,1697
18115,"White, non-Hispanic",65-84 years,71,9,319
18117,"White, non-Hispanic",65-84 years,214,30,927
18119,"White, non-Hispanic",65-84 years,215,37,1009
18121,"White, non-Hispanic",65-84 years,150,21,737
18123,"White, non-Hispanic",65-84 years,206,30,813
18125,"White, non-Hispanic",65-84 years,146,19,542
18127,"White, non-Hispanic",65-84 years,1205,201,5720
18129,"White, non-Hispanic",65-84 years,226,38,1040
18131,"White, non-Hispanic",65-84 years,120,18,544
18133,"White, non-Hispanic",65-84 years,295,46,1344
18135,"White, non-Hispanic",65-84 years,356,35,1164
18137,"White, non-Hispanic",65-84 years,439,67,1157
18139,"White, non-Hispanic",65-84 years,140,24,703
18141,"White, non-Hispanic",65-84 years,2541,309,8167
18143,"White, non-Hispanic",65-84 years,225,31,964
18145,"White, non-Hispanic",65-84 years,531,63,1842
18147,"White, non-Hispanic",65-84 years,186,32,851
18149,"White, non-Hispanic",65-84 years,190,30,994
18151,"White, non-Hispanic",65-84 years,420,53,1542
18153,"White, non-Hispanic",65-84 years,268,38,862
18155,"White, non-Hispanic",65-84 years,115,24,450
18157,"White, non-Hispanic",65-84 years,1175,151,4475
18159,"White, non-Hispanic",65-84 years,182,28,704
18161,"White, non-Hispanic",65-84 years,94,13,309
18163,"White, non-Hispanic",65-84 years,1804,275,6696
18165,"White, non-Hispanic",65-84 years,162,20,688
18167,"White, non-Hispanic",65-84 years,877,100,3649
18169,"White, non-Hispanic",65-84 years,495,37,1328
18171,"White, non-Hispanic",65-84 years,105,12,368
18173,"White, non-Hispanic",65-84 years,663,107,2105
18175,"White, non-Hispanic",65-84 years,269,37,1181
18177,"White, non-Hispanic",65-84 years,921,134,2894
18179,"White, non-Hispanic",65-84 years,307,37,1111
18181,"White, non-Hispanic",65-84 years,231,33,1070
18183,"White, non-Hispanic",65-84 years,333,47,1355
19001,"White, non-Hispanic",65-84 years,84,14,308
19003,"White, non-Hispanic",65-84 years,33,4,169
19005,"White, non-Hispanic",65-84 years,147,19,600
19007,"White, non-Hispanic",65-84 years,199,27,574
19009,"White, non-Hispanic",65-84 years,112,11,267
19011,"White, non-Hispanic",65-84 years,308,45,911
19013,"White, non-Hispanic",65-84 years,1561,189,4192
19015,"White, non-Hispanic",65-84 years,314,42,965
19017,"White, non-Hispanic",65-84 years,294,38,839
19019,"White, non-Hispanic",65-84 years,222,35,729
19021,"White, non-Hispanic",65-84 years,174,23,620
19023,"White, non-Hispanic",65-84 years,198,24,594
19025,"White, non-Hispanic",65-84 years,150,18,427
19027,"White, non-Hispanic",65-84 years,222,36,783
19029,"White, non-Hispanic",65-84 years,216,23,570
19031,"White, non-Hispanic",65-84 years,260,30,696
19033,"White, non-Hispanic",65-84 years,432,53,1690
19035,"White, non-Hispanic",65-84 years,82,13,485
19037,"White, non-Hispanic",65-84 years,159,13,484
19039,"White, non-Hispanic",65-84 years,126,20,367
19041,"White, non-Hispanic",65-84 years,181,22,624
19043,"White, non-Hispanic",65-84 years,187,28,762
19045,"White, non-Hispanic",65-84 years,576,68,1909
19047,"White, non-Hispanic",65-84 years,226,20,594
19049,"White, non-Hispanic",65-84 years,715,87,2217
19051,"White, non-Hispanic",65-84 years,112,18,343
19053,"White, non-Hispanic",65-84 years,97,13,320
19055,"White, non-Hispanic",65-84 years,265,32,683
19057,"White, non-Hispanic",65-84 years,637,73,1643
19059,"White, non-Hispanic",65-84 years,211,26,832
19061,"White, non-Hispanic",65-84 years,843,110,3338
19063,"White, non-Hispanic",65-84 years,112,14,380
19065,"White, non-Hispanic",65-84 years,228,34,793
19067,"White, non-Hispanic",65-84 years,158,22,634
19069,"White, non-Hispanic",65-84 years,153,19,425
19071,"White, non-Hispanic",65-84 years,65,10,288
19073,"White, non-Hispanic",65-84 years,131,15,380
19075,"White, non-Hispanic",65-84 years,179,19,471
19077,"White, non-Hispanic",65-84 years,158,23,462
19079,"White, non-Hispanic",65-84 years,145,18,555
19081,"White, non-Hispanic",65-84 years,109,14,452
19083,"White, non-Hispanic",65-84 years,259,35,689
19085,"White, non-Hispanic",65-84 years,192,17,549
19087,"White, non-Hispanic",65-84 years,305,37,796
19089,"White, non-Hispanic",65-84 years,87,10,361
19091,"White, non-Hispanic",65-84 years,94,14,371
19093,"White, non-Hispanic",65-84 years,73,11,270
19095,"White, non-Hispanic",65-84 years,191,26,580
19097,"White, non-Hispanic",65-84 years,225,28,849
19099,"White, non-Hispanic",65-84 years,488,71,1398
19101,"White, non-Hispanic",65-84 years,227,31,755
19103,"White, non-Hispanic",65-84 years,828,100,3179
19105,"White, non-Hispanic",65-84 years,228,48,858
19107,"White, non-Hispanic",65-84 years,147,18,437
19109,"White, non-Hispanic",65-84 years,180,18,623
19111,"White, non-Hispanic",65-84 years,543,63,1454
19113,"White, non-Hispanic",65-84 years,2515,293,6920
19115,"White, non-Hispanic",65-84 years,174,17,431
19117,"White, non-Hispanic",65-84 years,145,21,384
19119,"White, non-Hispanic",65-84 years,134,11,391
19121,"White, non-Hispanic",65-84 years,148,13,564
19123,"White, non-Hispanic",65-84 years,211,24,774
19125,"White, non-Hispanic",65-84 years,316,34,1156
19127,"White, non-Hispanic",65-84 years,533,67,1391
19129,"White, non-Hispanic",65-84 years,117,15,548
19131,"White, non-Hispanic",65-84 years,89,14,400
19133,"White, non-Hispanic",65-84 years,125,12,381
19135,"White, non-Hispanic",65-84 years,121,16,315
19137,"White, non-Hispanic",65-84 years,85,13,435
19139,"White, non-Hispanic",65-84 years,612,79,1536
19141,"White, non-Hispanic",65-84 years,176,19,506
19143,"White, non-Hispanic",65-84 years,67,7,251
19145,"White, non-Hispanic",65-84 years,124,16,690
19147,"White, non-Hispanic",65-84 years,111,16,347
19149,"White, non-Hispanic",65-84 years,181,30,884
19151,"White, non-Hispanic",65-84 years,67,11,305
19153,"White, non-Hispanic",65-84 years,4008,490,12234
19155,"White, non-Hispanic",65-84 years,919,118,3468
19157,"White, non-Hispanic",65-84 years,248,24,696
19159,"White, non-Hispanic",65-84 years,40,5,206
19161,"White, non-Hispanic",65-84 years,106,12,412
19163,"White, non-Hispanic",65-84 years,1740,209,5246
19165,"White, non-Hispanic",65-84 years,179,15,471
19167,"White, non-Hispanic",65-84 years,388,30,977
19169,"White, non-Hispanic",65-84 years,818,99,2167
19171,"White, non-Hispanic",65-84 years,243,33,660
19173,"White, non-Hispanic",65-84 years,50,9,262
19175,"White, non-Hispanic",65-84 years,114,17,486
19177,"White, non-Hispanic",65-84 years,109,16,335
19179,"White, non-Hispanic",65-84 years,447,59,1354
19181,"White, non-Hispanic",65-84 years,454,60,1628
19183,"White, non-Hispanic",65-84 years,312,37,837
19185,"White, non-Hispanic",65-84 years,105,16,284
19187,"White, non-Hispanic",65-84 years,479,64,1343
19189,"White, non-Hispanic",65-84 years,111,16,408
19191,"White, non-Hispanic",65-84 years,231,39,732
19193,"White, non-Hispanic",65-84 years,799,97,3156
19195,"White, non-Hispanic",65-84 years,76,13,299
19197,"White, non-Hispanic",65-84 years,133,19,527
20001,"White, non-Hispanic",65-84 years,167,14,545
20003,"White, non-Hispanic",65-84 years,104,8,331
20005,"White, non-Hispanic",65-84 years,148,18,606
20007,"White, non-Hispanic",65-84 years,54,8,212
20009,"White, non-Hispanic",65-84 years,241,25,986
20011,"White, non-Hispanic",65-84 years,105,16,577
20013,"White, non-Hispanic",65-84 years,106,15,389
20015,"White, non-Hispanic",65-84 years,549,81,2124
20017,"White, non-Hispanic",65-84 years,45,6,128
20019,"White, non-Hispanic",65-84 years,37,7,178
20021,"White, non-Hispanic",65-84 years,160,22,822
20023,"White, non-Hispanic",65-84 years,25,5,117
20025,"White, non-Hispanic",65-84 years,13,2,72
20027,"White, non-Hispanic",65-84 years,86,11,341
20029,"White, non-Hispanic",65-84 years,111,13,350
20031,"White, non-Hispanic",65-84 years,131,19,368
20033,"White, non-Hispanic",65-84 years,21,3,84
20035,"White, non-Hispanic",65-84 years,316,50,1346
20037,"White, non-Hispanic",65-84 years,289,46,1314
20039,"White, non-Hispanic",65-84 years,46,5,128
20041,"White, non-Hispanic",65-84 years,196,21,723
20043,"White, non-Hispanic",65-84 years,64,9,301
20045,"White, non-Hispanic",65-84 years,663,93,2860
20047,"White, non-Hispanic",65-84 years,30,5,125
20049,"White, non-Hispanic",65-84 years,31,5,143
20051,"White, non-Hispanic",65-84 years,156,29,833
20053,"White, non-Hispanic",65-84 years,83,8,259
20055,"White, non-Hispanic",65-84 years,184,30,745
20057,"White, non-Hispanic",65-84 years,157,26,719
20059,"White, non-Hispanic",65-84 years,297,27,957
20061,"White, non-Hispanic",65-84 years,114,18,560
20063,"White, non-Hispanic",65-84 years,20,4,103
20065,"White, non-Hispanic",65-84 years,27,3,105
20067,"White, non-Hispanic",65-84 years,52,9,195
20069,"White, non-Hispanic",65-84 years,48,7,168
20071,"White, non-Hispanic",65-84 years,9,1,39
20073,"White, non-Hispanic",65-84 years,65,7,340
20075,"White, non-Hispanic",65-84 years,19,3,77
20077,"White, non-Hispanic",65-84 years,73,9,252
20079,"White, non-Hispanic",65-84 years,356,43,1202
20081,"White, non-Hispanic",65-84 years,22,4,107
20083,"White, non-Hispanic",65-84 years,17,2,70
20085,"White, non-Hispanic",65-84 years,158,19,492
20087,"White, non-Hispanic",65-84 years,215,28,711
20089,"White, non-Hispanic",65-84 years,44,6,168
20091,"White, non-Hispanic",65-84 years,3637,516,14740
20093,"White, non-Hispanic",65-84 years,34,5,106
20095,"White, non-Hispanic",65-84 years,82,8,319
20097,"White, non-Hispanic",65-84 years,31,4,106
20099,"White, non-Hispanic",65-84 years,142,23,792
20101,"White, non-Hispanic",65-84 years,18,2,64
20103,"White, non-Hispanic",65-84 years,649,92,2495
20105,"White, non-Hispanic",65-84 years,50,6,139
20107,"White, non-Hispanic",65-84 years,99,17,453
20109,"White, non-Hispanic",65-84 years,26,3,102
20111,"White, non-Hispanic",65-84 years,398,52,1049
20113,"White, non-Hispanic",65-84 years,253,30,1102
20115,"White, non-Hispanic",65-84 years,133,18,525
20117,"White, non-Hispanic",65-84 years,128,20,431
20119,"White, non-Hispanic",65-84 years,34,4,129
20121,"White, non-Hispanic",65-84 years,295,32,1185
20123,"White, non-Hispanic",65-84 years,69,7,244
20125,"White, non-Hispanic",65-84 years,291,39,1376
20127,"White, non-Hispanic",65-84 years,81,11,261
20129,"White, non-Hispanic",65-84 years,23,3,94
20131,"White, non-Hispanic",65-84 years,95,10,361
20133,"White, non-Hispanic",65-84 years,242,24,640
20135,"White, non-Hispanic",65-84 years,21,3,122
20137,"White, non-Hispanic",65-84 years,80,9,203
20139,"White, non-Hispanic",65-84 years,197,25,654
20141,"White, non-Hispanic",65-84 years,51,7,167
20143,"White, non-Hispanic",65-84 years,63,7,233
20145,"White, non-Hispanic",65-84 years,69,7,243
20147,"White, non-Hispanic",65-84 years,76,9,222
20149,"White, non-Hispanic",65-84 years,204,29,742
20151,"White, non-Hispanic",65-84 years,99,13,347
20153,"White, non-Hispanic",65-84 years,30,5,119
20155,"White, non-Hispanic",65-84 years,449,62,2422
20157,"White, non-Hispanic",65-84 years,78,7,216
20159,"White, non-Hispanic",65-84 years,78,11,352
20161,"White, non-Hispanic",65-84 years,357,55,1338
20163,"White, non-Hispanic",65-84 years,64,8,203
20165,"White, non-Hispanic",65-84 years,43,7,144
20167,"White, non-Hispanic",65-84 years,81,11,313
20169,"White, non-Hispanic",65-84 years,664,70,1946
20171,"White, non-Hispanic",65-84 years,34,5,176
20173,"White, non-Hispanic",65-84 years,4649,535,15575
20175,"White, non-Hispanic",65-84 years,109,17,390
20177,"White, non-Hispanic",65-84 years,1693,216,6349
20179,"White, non-Hispanic",65-84 years,23,3,100
20181,"White, non-Hispanic",65-84 years,69,10,221
20183,"White, non-Hispanic",65-84 years,70,5,178
20185,"White, non-Hispanic",65-84 years,54,5,169
20187,"White, non-Hispanic",65-84 years,18,3,57
20189,"White, non-Hispanic",65-84 years,38,7,133
20191,"White, non-Hispanic",65-84 years,194,30,925
20193,"White, non-Hispanic",65-84 years,72,10,246
20195,"White, non-Hispanic",65-84 years,24,4,126
20197,"White, non-Hispanic",65-84 years,87,14,290
20199,"White, non-Hispanic",65-84 years,16,2,59
20201,"White, non-Hispanic",65-84 years,56,9,240
20203,"White, non-Hispanic",65-84 years,18,2,75
20205,"White, non-Hispanic",65-84 years,102,11,420
20207,"White, non-Hispanic",65-84 years,47,8,170
20209,"White, non-Hispanic",65-84 years,1036,167,3670
21001,"White, non-Hispanic",65-84 years,157,22,848
21003,"White, non-Hispanic",65-84 years,179,29,869
21005,"White, non-Hispanic",65-84 years,217,26,852
21007,"White, non-Hispanic",65-84 years,88,12,351
21009,"White, non-Hispanic",65-84 years,364,45,1723
21011,"White, non-Hispanic",65-84 years,146,22,578
21013,"White, non-Hispanic",65-84 years,266,33,1239
21015,"White, non-Hispanic",65-84 years,1335,198,4208
21017,"White, non-Hispanic",65-84 years,264,32,934
21019,"White, non-Hispanic",65-84 years,719,86,2339
21021,"White, non-Hispanic",65-84 years,272,35,1175
21023,"White, non-Hispanic",65-84 years,94,18,381
21025,"White, non-Hispanic",65-84 years,149,25,704
21027,"White, non-Hispanic",65-84 years,186,28,985
21029,"White, non-Hispanic",65-84 years,908,131,3252
21031,"White, non-Hispanic",65-84 years,128,24,581
21033,"White, non-Hispanic",65-84 years,123,19,570
21035,"White, non-Hispanic",65-84 years,389,46,1351
21037,"White, non-Hispanic",65-84 years,1216,147,3540
21039,"White, non-Hispanic",65-84 years,65,6,217
21041,"White, non-Hispanic",65-84 years,81,11,409
21043,"White, non-Hispanic",65-84 years,378,52,1407
21045,"White, non-Hispanic",65-84 years,187,25,811
21047,"White, non-Hispanic",65-84 years,426,58,1853
21049,"White, non-Hispanic",65-84 years,512,74,1531
21051,"White, non-Hispanic",65-84 years,192,20,949
21053,"White, non-Hispanic",65-84 years,101,15,458
21055,"White, non-Hispanic",65-84 years,79,12,440
21057,"White, non-Hispanic",65-84 years,54,8,323
21059,"White, non-Hispanic",65-84 years,663,84,3696
21061,"White, non-Hispanic",65-84 years,161,20,597
21063,"White, non-Hispanic",65-84 years,101,14,460
21065,"White, non-Hispanic",65-84 years,218,22,746
21067,"White, non-Hispanic",65-84 years,2161,305,8648
21069,"White, non-Hispanic",65-84 years,178,34,715
21071,"White, non-Hispanic",65-84 years,335,57,1927
21073,"White, non-Hispanic",65-84 years,539,62,2058
21075,"White, non-Hispanic",65-84 years,88,15,308
21077,"White, non-Hispanic",65-84 years,92,10,317
21079,"White, non-Hispanic",65-84 years,172,20,740
21081,"White, non-Hispanic",65-84 years,244,32,870
21083,"White, non-Hispanic",65-84 years,497,77,1490
21085,"White, non-Hispanic",65-84 years,286,35,1168
21087,"White, non-Hispanic",65-84 years,106,17,546
21089,"White, non-Hispanic",65-84 years,641,91,1975
21091,"White, non-Hispanic",65-84 years,67,10,360
21093,"White, non-Hispanic",65-84 years,620,96,3373
21095,"White, non-Hispanic",65-84 years,265,42,1364
21097,"White, non-Hispanic",65-84 years,185,30,818
21099,"White, non-Hispanic",65-84 years,192,24,797
21101,"White, non-Hispanic",65-84 years,478,88,1788
21103,"White, non-Hispanic",65-84 years,134,17,650
21105,"White, non-Hispanic",65-84 years,70,7,247
21107,"White, non-Hispanic",65-84 years,402,55,1794
21109,"White, non-Hispanic",65-84 years,204,24,656
21111,"White, non-Hispanic",65-84 years,6377,916,24237
21113,"White, non-Hispanic",65-84 years,533,65,1775
21115,"White, non-Hispanic",65-84 years,238,43,1185
21117,"White, non-Hispanic",65-84 years,1660,230,5587
21119,"White, non-Hispanic",65-84 years,163,25,827
21121,"White, non-Hispanic",65-84 years,283,36,1450
21123,"White, non-Hispanic",65-84 years,128,16,629
21125,"White, non-Hispanic",65-84 years,509,79,2670
21127,"White, non-Hispanic",65-84 years,208,28,865
21129,"White, non-Hispanic",65-84 years,94,12,403
21131,"White, non-Hispanic",65-84 years,104,18,539
21133,"White, non-Hispanic",65-84 years,224,35,1201
21135,"White, non-Hispanic",65-84 years,170,19,703
21137,"White, non-Hispanic",65-84 years,253,41,1106
21139,"White, non-Hispanic",65-84 years,91,12,431
21141,"White, non-Hispanic",65-84 years,282,34,1142
21143,"White, non-Hispanic",65-84 years,105,15,501
21145,"White, non-Hispanic",65-84 years,615,79,2572
21147,"White, non-Hispanic",65-84 years,163,26,810
21149,"White, non-Hispanic",65-84 years,74,9,411
21151,"White, non-Hispanic",65-84 years,869,98,3094
21153,"White, non-Hispanic",65-84 years,113,21,642
21155,"White, non-Hispanic",65-84 years,173,26,732
21157,"White, non-Hispanic",65-84 years,360,46,1475
21159,"White, non-Hispanic",65-84 years,140,21,594
21161,"White, non-Hispanic",65-84 years,174,25,775
21163,"White, non-Hispanic",65-84 years,239,46,1071
21165,"White, non-Hispanic",65-84 years,76,9,357
21167,"White, non-Hispanic",65-84 years,243,39,957
21169,"White, non-Hispanic",65-84 years,83,11,479
21171,"White, non-Hispanic",65-84 years,115,13,538
21173,"White, non-Hispanic",65-84 years,361,52,1202
21175,"White, non-Hispanic",65-84 years,123,19,686
21177,"White, non-Hispanic",65-84 years,255,36,1375
21179,"White, non-Hispanic",65-84 years,671,81,1719
21181,"White, non-Hispanic",65-84 years,71,9,308
21183,"White, non-Hispanic",65-84 years,188,22,1038
21185,"White, non-Hispanic",65-84 years,465,68,1877
21187,"White, non-Hispanic",65-84 years,135,19,525
21189,"White, non-Hispanic",65-84 years,50,8,242
21191,"White, non-Hispanic",65-84 years,226,24,624
21193,"White, non-Hispanic",65-84 years,241,45,1252
21195,"White, non-Hispanic",65-84 years,702,96,3022
21197,"White, non-Hispanic",65-84 years,165,20,598
21199,"White, non-Hispanic",65-84 years,607,80,3020
21201,"White, non-Hispanic",65-84 years,39,4,129
21203,"White, non-Hispanic",65-84 years,164,21,778
21205,"White, non-Hispanic",65-84 years,206,34,871
21207,"White, non-Hispanic",65-84 years,191,27,914
21209,"White, non-Hispanic",65-84 years,446,62,1627
21211,"White, non-Hispanic",65-84 years,482,64,1678
21213,"White, non-Hispanic",65-84 years,173,26,727
21215,"White, non-Hispanic",65-84 years,184,25,635
21217,"White, non-Hispanic",65-84 years,186,28,1051
21219,"White, non-Hispanic",65-84 years,100,16,455
21221,"White, non-Hispanic",65-84 years,149,27,695
21223,"White, non-Hispanic",65-84 years,88,13,355
21225,"White, non-Hispanic",65-84 years,145,19,558
21227,"White, non-Hispanic",65-84 years,993,121,3732
21229,"White, non-Hispanic",65-84 years,118,17,487
21231,"White, non-Hispanic",65-84 years,197,26,1095
21233,"White, non-Hispanic",65-84 years,121,19,527
21235,"White, non-Hispanic",65-84 years,281,34,1474
21237,"White, non-Hispanic",65-84 years,68,10,381
21239,"White, non-Hispanic",65-84 years,331,41,1089
22001,"White, non-Hispanic",65-84 years,413,64,2048
22003,"White, non-Hispanic",65-84 years,186,25,717
22005,"White, non-Hispanic",65-84 years,1124,153,3161
22007,"White, non-Hispanic",65-84 years,215,36,809
22009,"White, non-Hispanic",65-84 years,426,52,1493
22011,"White, non-Hispanic",65-84 years,224,29,1245
22013,"White, non-Hispanic",65-84 years,108,15,456
22015,"White, non-Hispanic",65-84 years,778,124,3531
22017,"White, non-Hispanic",65-84 years,1384,241,6120
22019,"White, non-Hispanic",65-84 years,1431,176,6432
22021,"White, non-Hispanic",65-84 years,75,14,386
22023,"White, non-Hispanic",65-84 years,41,7,196
22025,"White, non-Hispanic",65-84 years,122,15,360
22027,"White, non-Hispanic",65-84 years,97,21,513
22029,"White, non-Hispanic",65-84 years,224,34,710
22031,"White, non-Hispanic",65-84 years,219,39,913
22033,"White, non-Hispanic",65-84 years,3044,532,10416
22035,"White, non-Hispanic",65-84 years,36,7,184
22037,"White, non-Hispanic",65-84 years,216,38,719
22039,"White, non-Hispanic",65-84 years,275,31,1092
22041,"White, non-Hispanic",65-84 years,156,30,758
22043,"White, non-Hispanic",65-84 years,230,30,793
22045,"White, non-Hispanic",65-84 years,420,65,2150
22047,"White, non-Hispanic",65-84 years,350,40,884
22049,"White, non-Hispanic",65-84 years,169,24,579
22051,"White, non-Hispanic",65-84 years,4510,679,13227
22053,"White, non-Hispanic",65-84 years,256,31,1148
22055,"White, non-Hispanic",65-84 years,1193,184,5944
22057,"White, non-Hispanic",65-84 years,838,145,3344
22059,"White, non-Hispanic",65-84 years,113,15,530
22061,"White, non-Hispanic",65-84 years,402,54,1133
22063,"White, non-Hispanic",65-84 years,1270,190,4754
22065,"White, non-Hispanic",65-84 years,87,15,274
22067,"White, non-Hispanic",65-84 years,184,38,943
22069,"White, non-Hispanic",65-84 years,224,36,1163
22071,"White, non-Hispanic",65-84 years,2110,320,6302
22073,"White, non-Hispanic",65-84 years,969,171,4343
22075,"White, non-Hispanic",65-84 years,229,32,616
22077,"White, non-Hispanic",65-84 years,307,46,851
22079,"White, non-Hispanic",65-84 years,1172,133,4026
22081,"White, non-Hispanic",65-84 years,62,13,285
22083,"White, non-Hispanic",65-84 years,174,31,678
22085,"White, non-Hispanic",65-84 years,221,39,991
22087,"White, non-Hispanic",65-84 years,363,58,1196
22089,"White, non-Hispanic",65-84 years,499,81,1481
22091,"White, non-Hispanic",65-84 years,131,21,385
22093,"White, non-Hispanic",65-84 years,161,28,555
22095,"White, non-Hispanic",65-84 years,361,55,961
22097,"White, non-Hispanic",65-84 years,565,87,2652
22099,"White, non-Hispanic",65-84 years,371,55,1726
22101,"White, non-Hispanic",65-84 years,315,54,1667
22103,"White, non-Hispanic",65-84 years,3515,413,9013
22105,"White, non-Hispanic",65-84 years,1592,204,4492
22107,"White, non-Hispanic",65-84 years,48,8,184
22109,"White, non-Hispanic",65-84 years,898,157,3448
22111,"White, non-Hispanic",65-84 years,234,38,963
22113,"White, non-Hispanic",65-84 years,497,66,1983
22115,"White, non-Hispanic",65-84 years,350,36,1268
22117,"White, non-Hispanic",65-84 years,591,76,1830
22119,"White, non-Hispanic",65-84 years,266,48,1348
22121,"White, non-Hispanic",65-84 years,236,41,737
22123,"White, non-Hispanic",65-84 years,76,12,396
22125,"White, non-Hispanic",65-84 years,135,18,507
22127,"White, non-Hispanic",65-84 years,121,18,513
23001,"White, non-Hispanic",65-84 years,1182,183,4062
23003,"White, non-Hispanic",65-84 years,1245,148,3599
23005,"White, non-Hispanic",65-84 years,3100,403,9673
23007,"White, non-Hispanic",65-84 years,396,42,1321
23009,"White, non-Hispanic",65-84 years,885,145,2535
23011,"White, non-Hispanic",65-84 years,1419,215,4924
23013,"White, non-Hispanic",65-84 years,686,66,1843
23015,"White, non-Hispanic",65-84 years,632,62,1749
23017,"White, non-Hispanic",65-84 years,896,98,2675
23019,"White, non-Hispanic",65-84 years,1909,272,5874
23021,"White, non-Hispanic",65-84 years,328,42,1023
23023,"White, non-Hispanic",65-84 years,335,43,1537
23025,"White, non-Hispanic",65-84 years,655,89,2438
23027,"White, non-Hispanic",65-84 years,665,99,1839
23029,"White, non-Hispanic",65-84 years,507,82,1662
23031,"White, non-Hispanic",65-84 years,2789,336,8871
24001,"White, non-Hispanic",65-84 years,842,89,2943
24003,"White, non-Hispanic",65-84 years,4436,593,15407
24005,"White, non-Hispanic",65-84 years,5634,953,21663
24009,"White, non-Hispanic",65-84 years,649,103,2656
24011,"White, non-Hispanic",65-84 years,239,36,1160
24013,"White, non-Hispanic",65-84 years,1317,192,5445
24015,"White, non-Hispanic",65-84 years,1004,153,3552
24017,"White, non-Hispanic",65-84 years,997,167,3103
24019,"White, non-Hispanic",65-84 years,377,64,1444
24021,"White, non-Hispanic",65-84 years,2418,361,7224
24023,"White, non-Hispanic",65-84 years,404,55,1442
24025,"White, non-Hispanic",65-84 years,2005,317,7779
24027,"White, non-Hispanic",65-84 years,1465,239,5908
24029,"White, non-Hispanic",65-84 years,209,29,928
24031,"White, non-Hispanic",65-84 years,6480,859,22274
24033,"White, non-Hispanic",65-84 years,1720,297,5746
24035,"White, non-Hispanic",65-84 years,488,66,1885
24037,"White, non-Hispanic",65-84 years,658,118,2812
24039,"White, non-Hispanic",65-84 years,261,49,909
24041,"White, non-Hispanic",65-84 years,354,47,1864
24043,"White, non-Hispanic",65-84 years,1440,215,5652
24045,"White, non-Hispanic",65-84 years,780,121,3090
24047,"White, non-Hispanic",65-84 years,824,111,3057
24510,"White, non-Hispanic",65-84 years,2040,341,8102
25001,"White, non-Hispanic",65-84 years,3631,467,11805
25003,"White, non-Hispanic",65-84 years,910,170,5271
25005,"White, non-Hispanic",65-84 years,6220,768,19298
25007,"White, non-Hispanic",65-84 years,186,29,834
25009,"White, non-Hispanic",65-84 years,8571,1140,24807
25011,"White, non-Hispanic",65-84 years,916,141,3153
25013,"White, non-Hispanic",65-84 years,4810,577,14604
25015,"White, non-Hispanic",65-84 years,1449,213,4894
25017,"White, non-Hispanic",65-84 years,13615,1838,40044
25019,"White, non-Hispanic",65-84 years,125,15,381
25021,"White, non-Hispanic",65-84 years,5478,763,17632
25023,"White, non-Hispanic",65-84 years,5631,758,17938
25025,"White, non-Hispanic",65-84 years,4271,550,11750
25027,"White, non-Hispanic",65-84 years,7480,1170,24377
26001,"White, non-Hispanic",65-84 years,168,17,784
26003,"White, non-Hispanic",65-84 years,108,15,501
26005,"White, non-Hispanic",65-84 years,1043,191,4355
26007,"White, non-Hispanic",65-84 years,405,44,1402
26009,"White, non-Hispanic",65-84 years,306,45,1316
26011,"White, non-Hispanic",65-84 years,246,26,869
26013,"White, non-Hispanic",65-84 years,70,12,395
26015,"White, non-Hispanic",65-84 years,473,72,2439
26017,"White, non-Hispanic",65-84 years,1189,147,4506
26019,"White, non-Hispanic",65-84 years,266,32,976
26021,"White, non-Hispanic",65-84 years,1318,204,6290
26023,"White, non-Hispanic",65-84 years,436,61,1847
26025,"White, non-Hispanic",65-84 years,1193,164,4991
26027,"White, non-Hispanic",65-84 years,484,66,2372
26029,"White, non-Hispanic",65-84 years,334,47,1285
26031,"White, non-Hispanic",65-84 years,350,50,1532
26033,"White, non-Hispanic",65-84 years,309,46,1445
26035,"White, non-Hispanic",65-84 years,316,46,1723
26037,"White, non-Hispanic",65-84 years,1072,144,2880
26039,"White, non-Hispanic",65-84 years,223,21,727
26041,"White, non-Hispanic",65-84 years,489,73,1898
26043,"White, non-Hispanic",65-84 years,389,43,1208
26045,"White, non-Hispanic",65-84 years,1171,212,4226
26047,"White, non-Hispanic",65-84 years,376,58,1368
26049,"White, non-Hispanic",65-84 years,3745,612,14738
26051,"White, non-Hispanic",65-84 years,376,40,1505
26053,"White, non-Hispanic",65-84 years,148,17,832
26055,"White, non-Hispanic",65-84 years,987,127,3547
26057,"White, non-Hispanic",65-84 years,532,66,1464
26059,"White, non-Hispanic",65-84 years,639,82,2053
26061,"White, non-Hispanic",65-84 years,295,36,1354
26063,"White, non-Hispanic",65-84 years,391,51,1688
26065,"White, non-Hispanic",65-84 years,2041,347,7343
26067,"White, non-Hispanic",65-84 years,609,106,2311
26069,"White, non-Hispanic",65-84 years,404,45,1645
26071,"White, non-Hispanic",65-84 years,163,30,726
26073,"White, non-Hispanic",65-84 years,522,65,1897
26075,"White, non-Hispanic",65-84 years,1617,253,6342
26077,"White, non-Hispanic",65-84 years,1293,218,7272
26079,"White, non-Hispanic",65-84 years,229,29,842
26081,"White, non-Hispanic",65-84 years,4865,702,17625
26083,"White, non-Hispanic",65-84 years,46,5,163
26085,"White, non-Hispanic",65-84 years,234,39,886
26087,"White, non-Hispanic",65-84 years,850,136,3439
26089,"White, non-Hispanic",65-84 years,419,40,1306
26091,"White, non-Hispanic",65-84 years,1509,203,4236
26093,"White, non-Hispanic",65-84 years,2006,327,7030
26095,"White, non-Hispanic",65-84 years,66,13,251
26097,"White, non-Hispanic",65-84 years,148,23,628
26099,"White, non-Hispanic",65-84 years,7837,1232,29517
26101,"White, non-Hispanic",65-84 years,364,50,1397
26103,"White, non-Hispanic",65-84 years,527,72,2541
26105,"White, non-Hispanic",65-84 years,507,68,1475
26107,"White, non-Hispanic",65-84 years,459,55,1591
26109,"White, non-Hispanic",65-84 years,358,47,1283
26111,"White, non-Hispanic",65-84 years,968,90,2888
26113,"White, non-Hispanic",65-84 years,230,20,682
26115,"White, non-Hispanic",65-84 years,1771,252,6329
26117,"White, non-Hispanic",65-84 years,683,100,2612
26119,"White, non-Hispanic",65-84 years,179,24,695
26121,"White, non-Hispanic",65-84 years,1874,283,6772
26123,"White, non-Hispanic",65-84 years,645,96,2166
26125,"White, non-Hispanic",65-84 years,8865,1348,34147
26127,"White, non-Hispanic",65-84 years,397,67,1239
26129,"White, non-Hispanic",65-84 years,272,35,1226
26131,"White, non-Hispanic",65-84 years,89,11,454
26133,"White, non-Hispanic",65-84 years,337,41,1074
26135,"White, non-Hispanic",65-84 years,145,14,539
26137,"White, non-Hispanic",65-84 years,320,33,1084
26139,"White, non-Hispanic",65-84 years,2434,393,8777
26141,"White, non-Hispanic",65-84 years,243,40,932
26143,"White, non-Hispanic",65-84 years,402,52,1791
26145,"White, non-Hispanic",65-84 years,1696,251,6903
26147,"White, non-Hispanic",65-84 years,2443,262,6446
26149,"White, non-Hispanic",65-84 years,473,62,2426
26151,"White, non-Hispanic",65-84 years,478,74,1902
26153,"White, non-Hispanic",65-84 years,111,18,479
26155,"White, non-Hispanic",65-84 years,869,124,2771
26157,"White, non-Hispanic",65-84 years,591,87,2372
26159,"White, non-Hispanic",65-84 years,649,109,3037
26161,"White, non-Hispanic",65-84 years,2474,308,8671
26163,"White, non-Hispanic",65-84 years,12775,2021,44508
26165,"White, non-Hispanic",65-84 years,489,54,1387
27001,"White, non-Hispanic",65-84 years,230,27,1019
27003,"White, non-Hispanic",65-84 years,2649,393,9607
27005,"White, non-Hispanic",65-84 years,536,52,1336
27007,"White, non-Hispanic",65-84 years,463,60,1380
27009,"White, non-Hispanic",65-84 years,344,51,1057
27011,"White, non-Hispanic",65-84 years,60,8,228
27013,"White, non-Hispanic",65-84 years,441,52,1677
27015,"White, non-Hispanic",65-84 years,357,37,925
27017,"White, non-Hispanic",65-84 years,237,30,1178
27019,"White, non-Hispanic",65-84 years,562,103,2268
27021,"White, non-Hispanic",65-84 years,533,62,1623
27023,"White, non-Hispanic",65-84 years,120,16,463
27025,"White, non-Hispanic",65-84 years,419,57,1738
27027,"White, non-Hispanic",65-84 years,457,59,1606
27029,"White, non-Hispanic",65-84 years,87,10,314
27031,"White, non-Hispanic",65-84 years,61,11,289
27033,"White, non-Hispanic",65-84 years,84,12,437
27035,"White, non-Hispanic",65-84 years,639,89,2795
27037,"White, non-Hispanic",65-84 years,2847,470,10265
27039,"White, non-Hispanic",65-84 years,143,17,546
27041,"White, non-Hispanic",65-84 years,408,53,1518
27043,"White, non-Hispanic",65-84 years,166,20,578
27045,"White, non-Hispanic",65-84 years,171,22,796
27047,"White, non-Hispanic",65-84 years,312,41,1267
27049,"White, non-Hispanic",65-84 years,352,63,1663
27051,"White, non-Hispanic",65-84 years,73,10,256
27053,"White, non-Hispanic",65-84 years,6810,991,27116
27055,"White, non-Hispanic",65-84 years,188,28,721
27057,"White, non-Hispanic",65-84 years,331,40,987
27059,"White, non-Hispanic",65-84 years,378,48,1276
27061,"White, non-Hispanic",65-84 years,482,59,2068
27063,"White, non-Hispanic",65-84 years,84,13,396
27065,"White, non-Hispanic",65-84 years,158,26,683
27067,"White, non-Hispanic",65-84 years,530,72,1445
27069,"White, non-Hispanic",65-84 years,62,8,188
27071,"White, non-Hispanic",65-84 years,138,19,635
27073,"White, non-Hispanic",65-84 years,70,8,307
27075,"White, non-Hispanic",65-84 years,123,14,522
27077,"White, non-Hispanic",65-84 years,49,7,199
27079,"White, non-Hispanic",65-84 years,261,36,928
27081,"White, non-Hispanic",65-84 years,40,6,225
27083,"White, non-Hispanic",65-84 years,167,17,722
27085,"White, non-Hispanic",65-84 years,246,38,1207
27087,"White, non-Hispanic",65-84 years,51,6,150
27089,"White, non-Hispanic",65-84 years,89,13,366
27091,"White, non-Hispanic",65-84 years,193,26,817
27093,"White, non-Hispanic",65-84 years,195,39,869
27095,"White, non-Hispanic",65-84 years,193,30,893
27097,"White, non-Hispanic",65-84 years,366,53,1315
27099,"White, non-Hispanic",65-84 years,483,71,1320
27101,"White, non-Hispanic",65-84 years,87,13,378
27103,"White, non-Hispanic",65-84 years,297,39,996
27105,"White, non-Hispanic",65-84 years,150,15,653
27107,"White, non-Hispanic",65-84 years,71,7,244
27109,"White, non-Hispanic",65-84 years,836,116,3765
27111,"White, non-Hispanic",65-84 years,763,93,2511
27113,"White, non-Hispanic",65-84 years,105,15,466
27115,"White, non-Hispanic",65-84 years,338,45,1260
27117,"White, non-Hispanic",65-84 years,76,11,326
27119,"White, non-Hispanic",65-84 years,311,46,1032
27121,"White, non-Hispanic",65-84 years,161,24,478
27123,"White, non-Hispanic",65-84 years,3348,480,12601
27125,"White, non-Hispanic",65-84 years,37,5,161
27127,"White, non-Hispanic",65-84 years,176,18,556
27129,"White, non-Hispanic",65-84 years,182,23,541
27131,"White, non-Hispanic",65-84 years,471,72,1855
27133,"White, non-Hispanic",65-84 years,87,10,337
27135,"White, non-Hispanic",65-84 years,112,17,517
27137,"White, non-Hispanic",65-84 years,1664,196,7282
27139,"White, non-Hispanic",65-84 years,808,127,2915
27141,"White, non-Hispanic",65-84 years,686,110,2154
27143,"White, non-Hispanic",65-84 years,115,19,501
27145,"White, non-Hispanic",65-84 years,1255,173,4276
27147,"White, non-Hispanic",65-84 years,257,36,1150
27149,"White, non-Hispanic",65-84 years,49,10,269
27151,"White, non-Hispanic",65-84 years,113,15,389
27153,"White, non-Hispanic",65-84 years,211,38,1073
27155,"White, non-Hispanic",65-84 years,33,5,145
27157,"White, non-Hispanic",65-84 years,178,23,835
27159,"White, non-Hispanic",65-84 years,133,22,539
27161,"White, non-Hispanic",65-84 years,186,25,630
27163,"White, non-Hispanic",65-84 years,1763,285,6711
27165,"White, non-Hispanic",65-84 years,133,17,401
27167,"White, non-Hispanic",65-84 years,78,9,228
27169,"White, non-Hispanic",65-84 years,316,52,1607
27171,"White, non-Hispanic",65-84 years,1198,167,3393
27173,"White, non-Hispanic",65-84 years,64,8,344
28001,"White, non-Hispanic",65-84 years,235,42,886
28003,"White, non-Hispanic",65-84 years,448,56,1446
28005,"White, non-Hispanic",65-84 years,173,18,648
28007,"White, non-Hispanic",65-84 years,160,24,637
28009,"White, non-Hispanic",65-84 years,95,13,325
28011,"White, non-Hispanic",65-84 years,180,28,667
28013,"White, non-Hispanic",65-84 years,183,27,559
28015,"White, non-Hispanic",65-84 years,135,18,497
28017,"White, non-Hispanic",65-84 years,123,20,585
28019,"White, non-Hispanic",65-84 years,77,11,388
28021,"White, non-Hispanic",65-84 years,38,4,157
28023,"White, non-Hispanic",65-84 years,236,37,682
28025,"White, non-Hispanic",65-84 years,159,22,560
28027,"White, non-Hispanic",65-84 years,104,14,397
28029,"White, non-Hispanic",65-84 years,250,41,984
28031,"White, non-Hispanic",65-84 years,168,23,605
28033,"White, non-Hispanic",65-84 years,952,155,5056
28035,"White, non-Hispanic",65-84 years,724,107,2055
28037,"White, non-Hispanic",65-84 years,80,12,309
28039,"White, non-Hispanic",65-84 years,162,31,851
28041,"White, non-Hispanic",65-84 years,129,21,492
28043,"White, non-Hispanic",65-84 years,155,22,725
28045,"White, non-Hispanic",65-84 years,661,84,2143
28047,"White, non-Hispanic",65-84 years,1596,229,6873
28049,"White, non-Hispanic",65-84 years,1100,167,3763
28051,"White, non-Hispanic",65-84 years,79,12,272
28053,"White, non-Hispanic",65-84 years,63,10,171
28055,"White, non-Hispanic",65-84 years,14,2,51
28057,"White, non-Hispanic",65-84 years,211,31,970
28059,"White, non-Hispanic",65-84 years,954,168,4919
28061,"White, non-Hispanic",65-84 years,172,21,595
28063,"White, non-Hispanic",65-84 years,31,6,119
28065,"White, non-Hispanic",65-84 years,136,20,426
28067,"White, non-Hispanic",65-84 years,662,92,2476
28069,"White, non-Hispanic",65-84 years,90,12,299
28071,"White, non-Hispanic",65-84 years,367,43,1540
28073,"White, non-Hispanic",65-84 years,504,66,1727
28075,"White, non-Hispanic",65-84 years,787,118,2419
28077,"White, non-Hispanic",65-84 years,110,15,446
28079,"White, non-Hispanic",65-84 years,203,32,680
28081,"White, non-Hispanic",65-84 years,593,75,2429
28083,"White, non-Hispanic",65-84 years,130,16,531
28085,"White, non-Hispanic",65-84 years,250,41,1249
28087,"White, non-Hispanic",65-84 years,563,72,1724
28089,"White, non-Hispanic",65-84 years,571,92,2400
28091,"White, non-Hispanic",65-84 years,273,39,908
28093,"White, non-Hispanic",65-84 years,264,43,1159
28095,"White, non-Hispanic",65-84 years,404,65,1354
28097,"White, non-Hispanic",65-84 years,109,17,407
28099,"White, non-Hispanic",65-84 years,382,53,1013
28101,"White, non-Hispanic",65-84 years,243,39,714
28103,"White, non-Hispanic",65-84 years,87,12,241
28105,"White, non-Hispanic",65-84 years,230,36,1089
28107,"White, non-Hispanic",65-84 years,339,44,1065
28109,"White, non-Hispanic",65-84 years,955,108,2466
28111,"White, non-Hispanic",65-84 years,170,25,496
28113,"White, non-Hispanic",65-84 years,327,32,1210
28115,"White, non-Hispanic",65-84 years,259,39,1045
28117,"White, non-Hispanic",65-84 years,378,38,1015
28119,"White, non-Hispanic",65-84 years,51,7,161
28121,"White, non-Hispanic",65-84 years,1263,172,4915
28123,"White, non-Hispanic",65-84 years,194,31,845
28125,"White, non-Hispanic",65-84 years,28,4,108
28127,"White, non-Hispanic",65-84 years,212,35,953
28129,"White, non-Hispanic",65-84 years,182,27,610
28131,"White, non-Hispanic",65-84 years,203,28,698
28133,"White, non-Hispanic",65-84 years,187,21,491
28135,"White, non-Hispanic",65-84 years,92,11,367
28137,"White, non-Hispanic",65-84 years,210,32,974
28139,"White, non-Hispanic",65-84 years,227,30,832
28141,"White, non-Hispanic",65-84 years,253,29,942
28143,"White, non-Hispanic",65-84 years,42,6,180
28145,"White, non-Hispanic",65-84 years,275,28,985
28147,"White, non-Hispanic",65-84 years,166,18,550
28149,"White, non-Hispanic",65-84 years,406,51,1333
28151,"White, non-Hispanic",65-84 years,235,36,912
28153,"White, non-Hispanic",65-84 years,248,40,730
28155,"White, non-Hispanic",65-84 years,80,10,357
28157,"White, non-Hispanic",65-84 years,67,9,235
28159,"White, non-Hispanic",65-84 years,210,28,702
28161,"White, non-Hispanic",65-84 years,135,18,534
28163,"White, non-Hispanic",65-84 years,172,37,656
29001,"White, non-Hispanic",65-84 years,190,37,818
29003,"White, non-Hispanic",65-84 years,125,19,702
29005,"White, non-Hispanic",65-84 years,58,7,263
29007,"White, non-Hispanic",65-84 years,243,40,998
29009,"White, non-Hispanic",65-84 years,333,46,1654
29011,"White, non-Hispanic",65-84 years,171,20,522
29013,"White, non-Hispanic",65-84 years,166,23,694
29015,"White, non-Hispanic",65-84 years,269,35,1408
29017,"White, non-Hispanic",65-84 years,108,12,502
29019,"White, non-Hispanic",65-84 years,1066,149,4246
29021,"White, non-Hispanic",65-84 years,578,73,3051
29023,"White, non-Hispanic",65-84 years,516,62,1693
29025,"White, non-Hispanic",65-84 years,80,11,387
29027,"White, non-Hispanic",65-84 years,521,39,1610
29029,"White, non-Hispanic",65-84 years,756,89,2713
29031,"White, non-Hispanic",65-84 years,590,76,2719
29033,"White, non-Hispanic",65-84 years,82,13,408
29035,"White, non-Hispanic",65-84 years,72,8,249
29037,"White, non-Hispanic",65-84 years,864,127,3777
29039,"White, non-Hispanic",65-84 years,222,29,729
29041,"White, non-Hispanic",65-84 years,128,14,379
29043,"White, non-Hispanic",65-84 years,814,110,3046
29045,"White, non-Hispanic",65-84 years,65,9,302
29047,"White, non-Hispanic",65-84 years,1826,277,8004
29049,"White, non-Hispanic",65-84 years,161,25,797
29051,"White, non-Hispanic",65-84 years,973,73,2704
29053,"White, non-Hispanic",65-84 years,192,26,670
29055,"White, non-Hispanic",65-84 years,359,50,1064
29057,"White, non-Hispanic",65-84 years,93,10,390
29059,"White, non-Hispanic",65-84 years,200,31,807
29061,"White, non-Hispanic",65-84 years,103,17,389
29063,"White, non-Hispanic",65-84 years,87,11,446
29065,"White, non-Hispanic",65-84 years,252,27,694
29067,"White, non-Hispanic",65-84 years,195,25,673
29069,"White, non-Hispanic",65-84 years,358,48,1154
29071,"White, non-Hispanic",65-84 years,1394,192,4151
29073,"White, non-Hispanic",65-84 years,257,28,719
29075,"White, non-Hispanic",65-84 years,45,7,229
29077,"White, non-Hispanic",65-84 years,2607,341,9600
29079,"White, non-Hispanic",65-84 years,82,12,427
29081,"White, non-Hispanic",65-84 years,60,9,377
29083,"White, non-Hispanic",65-84 years,336,38,1056
29085,"White, non-Hispanic",65-84 years,144,17,636
29087,"White, non-Hispanic",65-84 years,51,8,206
29089,"White, non-Hispanic",65-84 years,148,24,420
29091,"White, non-Hispanic",65-84 years,289,37,1623
29093,"White, non-Hispanic",65-84 years,87,12,472
29095,"White, non-Hispanic",65-84 years,4884,790,20334
29097,"White, non-Hispanic",65-84 years,949,97,4186
29099,"White, non-Hispanic",65-84 years,2110,311,8153
29101,"White, non-Hispanic",65-84 years,538,47,1411
29103,"White, non-Hispanic",65-84 years,54,9,174
29105,"White, non-Hispanic",65-84 years,366,43,1480
29107,"White, non-Hispanic",65-84 years,342,41,1323
29109,"White, non-Hispanic",65-84 years,357,45,1478
29111,"White, non-Hispanic",65-84 years,123,21,404
29113,"White, non-Hispanic",65-84 years,628,76,1977
29115,"White, non-Hispanic",65-84 years,121,19,536
29117,"White, non-Hispanic",65-84 years,107,18,604
29119,"White, non-Hispanic",65-84 years,183,25,845
29121,"White, non-Hispanic",65-84 years,173,27,738
29123,"White, non-Hispanic",65-84 years,101,13,557
29125,"White, non-Hispanic",65-84 years,140,14,403
29127,"White, non-Hispanic",65-84 years,291,45,1065
29129,"White, non-Hispanic",65-84 years,41,6,161
29131,"White, non-Hispanic",65-84 years,368,30,1083
29133,"White, non-Hispanic",65-84 years,156,24,537
29135,"White, non-Hispanic",65-84 years,163,14,529
29137,"White, non-Hispanic",65-84 years,130,17,458
29139,"White, non-Hispanic",65-84 years,128,16,498
29141,"White, non-Hispanic",65-84 years,363,32,1152
29143,"White, non-Hispanic",65-84 years,185,20,737
29145,"White, non-Hispanic",65-84 years,601,70,2380
29147,"White, non-Hispanic",65-84 years,128,16,649
29149,"White, non-Hispanic",65-84 years,78,10,460
29151,"White, non-Hispanic",65-84 years,183,16,510
29153,"White, non-Hispanic",65-84 years,185,18,575
29155,"White, non-Hispanic",65-84 years,171,24,600
29157,"White, non-Hispanic",65-84 years,177,23,744
29159,"White, non-Hispanic",65-84 years,427,53,1570
29161,"White, non-Hispanic",65-84 years,559,87,1545
29163,"White, non-Hispanic",65-84 years,180,32,749
29165,"White, non-Hispanic",65-84 years,762,117,3167
29167,"White, non-Hispanic",65-84 years,322,32,1221
29169,"White, non-Hispanic",65-84 years,409,44,1063
29171,"White, non-Hispanic",65-84 years,52,7,241
29173,"White, non-Hispanic",65-84 years,141,16,512
29175,"White, non-Hispanic",65-84 years,325,40,893
29177,"White, non-Hispanic",65-84 years,285,33,953
29179,"White, non-Hispanic",65-84 years,82,10,335
29181,"White, non-Hispanic",65-84 years,140,18,504
29183,"White, non-Hispanic",65-84 years,4356,554,12682
29185,"White, non-Hispanic",65-84 years,187,20,554
29186,"White, non-Hispanic",65-84 years,265,33,821
29187,"White, non-Hispanic",65-84 years,529,68,2655
29189,"White, non-Hispanic",65-84 years,8015,1167,28352
29195,"White, non-Hispanic",65-84 years,199,25,915
29197,"White, non-Hispanic",65-84 years,31,6,168
29199,"White, non-Hispanic",65-84 years,48,7,186
29201,"White, non-Hispanic",65-84 years,390,53,1541
29203,"White, non-Hispanic",65-84 years,70,12,374
29205,"White, non-Hispanic",65-84 years,77,11,280
29207,"White, non-Hispanic",65-84 years,258,37,1250
29209,"White, non-Hispanic",65-84 years,509,55,2174
29211,"White, non-Hispanic",65-84 years,63,10,267
29213,"White, non-Hispanic",65-84 years,850,71,2776
29215,"White, non-Hispanic",65-84 years,251,32,1201
29217,"White, non-Hispanic",65-84 years,170,24,836
29219,"White, non-Hispanic",65-84 years,539,72,1429
29221,"White, non-Hispanic",65-84 years,244,32,1025
29223,"White, non-Hispanic",65-84 years,155,18,613
29225,"White, non-Hispanic",65-84 years,330,49,1370
29227,"White, non-Hispanic",65-84 years,18,3,104
29229,"White, non-Hispanic",65-84 years,195,30,853
29510,"White, non-Hispanic",65-84 years,1470,245,6226
30001,"White, non-Hispanic",65-84 years,86,9,377
30003,"White, non-Hispanic",65-84 years,92,14,269
30005,"White, non-Hispanic",65-84 years,58,8,185
30007,"White, non-Hispanic",65-84 years,63,9,306
30009,"White, non-Hispanic",65-84 years,112,17,502
30011,"White, non-Hispanic",65-84 years,17,2,74
30013,"White, non-Hispanic",65-84 years,590,72,2758
30015,"White, non-Hispanic",65-84 years,52,8,244
30017,"White, non-Hispanic",65-84 years,85,12,440
30019,"White, non-Hispanic",65-84 years,25,3,79
30021,"White, non-Hispanic",65-84 years,74,10,321
30023,"White, non-Hispanic",65-84 years,86,12,430
30025,"White, non-Hispanic",65-84 years,28,4,103
30027,"White, non-Hispanic",65-84 years,157,21,492
30029,"White, non-Hispanic",65-84 years,845,131,3710
30031,"White, non-Hispanic",65-84 years,611,99,2505
30033,"White, non-Hispanic",65-84 years,15,2,60
30035,"White, non-Hispanic",65-84 years,63,11,223
30037,"White, non-Hispanic",65-84 years,12,2,46
30039,"White, non-Hispanic",65-84 years,41,7,179
30041,"White, non-Hispanic",65-84 years,85,12,449
30043,"White, non-Hispanic",65-84 years,141,22,460
30045,"White, non-Hispanic",65-84 years,36,5,107
30047,"White, non-Hispanic",65-84 years,315,39,1326
30049,"White, non-Hispanic",65-84 years,521,69,2203
30051,"White, non-Hispanic",65-84 years,15,3,79
30053,"White, non-Hispanic",65-84 years,214,37,1183
30055,"White, non-Hispanic",65-84 years,25,3,92
30057,"White, non-Hispanic",65-84 years,111,15,463
30059,"White, non-Hispanic",65-84 years,33,4,108
30061,"White, non-Hispanic",65-84 years,66,9,267
30063,"White, non-Hispanic",65-84 years,696,104,3032
30065,"White, non-Hispanic",65-84 years,67,9,268
30067,"White, non-Hispanic",65-84 years,189,22,691
30071,"White, non-Hispanic",65-84 years,39,4,177
30073,"White, non-Hispanic",65-84 years,49,9,217
30075,"White, non-Hispanic",65-84 years,23,4,94
30077,"White, non-Hispanic",65-84 years,55,8,251
30079,"White, non-Hispanic",65-84 years,16,2,72
30081,"White, non-Hispanic",65-84 years,418,60,2102
30083,"White, non-Hispanic",65-84 years,97,12,336
30085,"White, non-Hispanic",65-84 years,69,10,211
30087,"White, non-Hispanic",65-84 years,53,8,251
30089,"White, non-Hispanic",65-84 years,162,24,796
30091,"White, non-Hispanic",65-84 years,52,6,156
30093,"White, non-Hispanic",65-84 years,260,34,1228
30095,"White, non-Hispanic",65-84 years,81,10,400
30097,"White, non-Hispanic",65-84 years,45,7,175
30099,"White, non-Hispanic",65-84 years,65,8,238
30101,"White, non-Hispanic",65-84 years,45,8,165
30103,"White, non-Hispanic",65-84 years,10,1,39
30105,"White, non-Hispanic",65-84 years,107,12,323
30107,"White, non-Hispanic",65-84 years,26,4,101
30109,"White, non-Hispanic",65-84 years,12,2,46
30111,"White, non-Hispanic",65-84 years,1215,171,5077
31001,"White, non-Hispanic",65-84 years,186,27,1003
31003,"White, non-Hispanic",65-84 years,59,8,268
31007,"White, non-Hispanic",65-84 years,8,1,32
31011,"White, non-Hispanic",65-84 years,47,7,201
31013,"White, non-Hispanic",65-84 years,135,26,420
31015,"White, non-Hispanic",65-84 years,23,3,90
31017,"White, non-Hispanic",65-84 years,35,4,131
31019,"White, non-Hispanic",65-84 years,334,46,1251
31021,"White, non-Hispanic",65-84 years,52,8,293
31023,"White, non-Hispanic",65-84 years,96,13,304
31025,"White, non-Hispanic",65-84 years,262,43,895
31027,"White, non-Hispanic",65-84 years,106,12,327
31029,"White, non-Hispanic",65-84 years,36,5,140
31031,"White, non-Hispanic",65-84 years,55,7,206
31033,"White, non-Hispanic",65-84 years,137,21,356
31035,"White, non-Hispanic",65-84 years,47,6,237
31037,"White, non-Hispanic",65-84 years,68,9,273
31039,"White, non-Hispanic",65-84 years,66,8,341
31041,"White, non-Hispanic",65-84 years,110,17,405
31043,"White, non-Hispanic",65-84 years,196,30,580
31045,"White, non-Hispanic",65-84 years,65,6,259
31047,"White, non-Hispanic",65-84 years,190,29,738
31049,"White, non-Hispanic",65-84 years,24,4,92
31051,"White, non-Hispanic",65-84 years,69,11,226
31053,"White, non-Hispanic",65-84 years,325,38,1288
31055,"White, non-Hispanic",65-84 years,4241,561,14050
31057,"White, non-Hispanic",65-84 years,17,3,78
31059,"White, non-Hispanic",65-84 years,64,6,218
31061,"White, non-Hispanic",65-84 years,27,4,142
31063,"White, non-Hispanic",65-84 years,25,3,109
31065,"White, non-Hispanic",65-84 years,47,5,215
31067,"White, non-Hispanic",65-84 years,188,33,861
31069,"White, non-Hispanic",65-84 years,21,3,98
31071,"White, non-Hispanic",65-84 years,29,5,95
31073,"White, non-Hispanic",65-84 years,24,3,80
31077,"White, non-Hispanic",65-84 years,32,4,96
31079,"White, non-Hispanic",65-84 years,483,71,1756
31081,"White, non-Hispanic",65-84 years,89,12,315
31083,"White, non-Hispanic",65-84 years,48,4,155
31085,"White, non-Hispanic",65-84 years,10,1,40
31087,"White, non-Hispanic",65-84 years,31,4,125
31089,"White, non-Hispanic",65-84 years,123,17,394
31091,"White, non-Hispanic",65-84 years,7,1,30
31093,"White, non-Hispanic",65-84 years,66,9,249
31095,"White, non-Hispanic",65-84 years,103,16,325
31097,"White, non-Hispanic",65-84 years,49,7,192
31099,"White, non-Hispanic",65-84 years,63,7,230
31101,"White, non-Hispanic",65-84 years,119,17,402
31103,"White, non-Hispanic",65-84 years,12,2,47
31105,"White, non-Hispanic",65-84 years,40,5,155
31107,"White, non-Hispanic",65-84 years,104,16,355
31109,"White, non-Hispanic",65-84 years,2143,289,8148
31111,"White, non-Hispanic",65-84 years,290,45,1245
31113,"White, non-Hispanic",65-84 years,7,1,31
31115,"White, non-Hispanic",65-84 years,9,1,34
31119,"White, non-Hispanic",65-84 years,216,25,953
31121,"White, non-Hispanic",65-84 years,78,13,289
31123,"White, non-Hispanic",65-84 years,47,6,189
31125,"White, non-Hispanic",65-84 years,24,4,126
31127,"White, non-Hispanic",65-84 years,61,9,268
31129,"White, non-Hispanic",65-84 years,56,8,196
31131,"White, non-Hispanic",65-84 years,185,20,586
31133,"White, non-Hispanic",65-84 years,22,4,134
31135,"White, non-Hispanic",65-84 years,37,6,113
31137,"White, non-Hispanic",65-84 years,101,11,286
31139,"White, non-Hispanic",65-84 years,58,8,240
31141,"White, non-Hispanic",65-84 years,312,37,1013
31143,"White, non-Hispanic",65-84 years,50,7,204
31145,"White, non-Hispanic",65-84 years,112,13,387
31147,"White, non-Hispanic",65-84 years,89,10,354
31149,"White, non-Hispanic",65-84 years,12,2,66
31151,"White, non-Hispanic",65-84 years,99,12,404
31153,"White, non-Hispanic",65-84 years,1235,174,4346
31155,"White, non-Hispanic",65-84 years,209,27,755
31157,"White, non-Hispanic",65-84 years,345,45,1236
31159,"White, non-Hispanic",65-84 years,180,26,523
31161,"White, non-Hispanic",65-84 years,63,9,230
31163,"White, non-Hispanic",65-84 years,50,7,149
31165,"White, non-Hispanic",65-84 years,16,2,59
31167,"White, non-Hispanic",65-84 years,37,6,198
31169,"White, non-Hispanic",65-84 years,65,8,217
31171,"White, non-Hispanic",65-84 years,13,1,37
31173,"White, non-Hispanic",65-84 years,50,9,142
31175,"White, non-Hispanic",65-84 years,45,6,175
31177,"White, non-Hispanic",65-84 years,161,16,690
31179,"White, non-Hispanic",65-84 years,64,9,262
31181,"White, non-Hispanic",65-84 years,35,6,137
31183,"White, non-Hispanic",65-84 years,10,1,40
31185,"White, non-Hispanic",65-84 years,119,16,489
32001,"White, non-Hispanic",65-84 years,195,33,897
32003,"White, non-Hispanic",65-84 years,10843,1712,51584
32005,"White, non-Hispanic",65-84 years,673,95,2606
32007,"White, non-Hispanic",65-84 years,273,50,1204
32009,"White, non-Hispanic",65-84 years,10,1,41
32011,"White, non-Hispanic",65-84 years,14,2,62
32013,"White, non-Hispanic",65-84 years,108,22,454
32015,"White, non-Hispanic",65-84 years,46,7,167
32017,"White, non-Hispanic",65-84 years,57,6,202
32019,"White, non-Hispanic",65-84 years,603,91,2502
32021,"White, non-Hispanic",65-84 years,33,6,187
32023,"White, non-Hispanic",65-84 years,629,87,3150
32027,"White, non-Hispanic",65-84 years,51,9,217
32029,"White, non-Hispanic",65-84 years,57,8,237
32031,"White, non-Hispanic",65-84 years,3075,502,13558
32033,"White, non-Hispanic",65-84 years,57,10,313
32510,"White, non-Hispanic",65-84 years,522,71,2098
33001,"White, non-Hispanic",65-84 years,1050,82,2764
33003,"White, non-Hispanic",65-84 years,1016,88,2697
33005,"White, non-Hispanic",65-84 years,757,81,2994
33007,"White, non-Hispanic",65-84 years,419,52,1509
33009,"White, non-Hispanic",65-84 years,935,113,3305
33011,"White, non-Hispanic",65-84 years,3944,484,12954
33013,"White, non-Hispanic",65-84 years,1408,187,5300
33015,"White, non-Hispanic",65-84 years,3100,429,11015
33017,"White, non-Hispanic",65-84 years,1012,147,4286
33019,"White, non-Hispanic",65-84 years,371,68,1783
34001,"White, non-Hispanic",65-84 years,2168,390,9233
34003,"White, non-Hispanic",65-84 years,5289,725,20329
34005,"White, non-Hispanic",65-84 years,3292,489,12716
34007,"White, non-Hispanic",65-84 years,3568,564,13220
34009,"White, non-Hispanic",65-84 years,1169,201,5277
34011,"White, non-Hispanic",65-84 years,1219,186,4546
34013,"White, non-Hispanic",65-84 years,3540,552,12346
34015,"White, non-Hispanic",65-84 years,2480,357,9543
34017,"White, non-Hispanic",65-84 years,1903,336,7584
34019,"White, non-Hispanic",65-84 years,1025,156,3846
34021,"White, non-Hispanic",65-84 years,2205,309,8372
34023,"White, non-Hispanic",65-84 years,4754,615,17509
34025,"White, non-Hispanic",65-84 years,3915,589,18195
34027,"White, non-Hispanic",65-84 years,3621,503,12182
34029,"White, non-Hispanic",65-84 years,6692,955,26472
34031,"White, non-Hispanic",65-84 years,3285,511,10875
34033,"White, non-Hispanic",65-84 years,503,84,2338
34035,"White, non-Hispanic",65-84 years,1899,275,7170
34037,"White, non-Hispanic",65-84 years,1278,209,4811
34039,"White, non-Hispanic",65-84 years,3362,427,10280
34041,"White, non-Hispanic",65-84 years,959,154,3652
35001,"White, non-Hispanic",65-84 years,3711,559,14053
35003,"White, non-Hispanic",65-84 years,88,11,283
35005,"White, non-Hispanic",65-84 years,300,53,1552
35006,"White, non-Hispanic",65-84 years,130,21,422
35007,"White, non-Hispanic",65-84 years,91,14,521
35009,"White, non-Hispanic",65-84 years,250,34,1005
35011,"White, non-Hispanic",65-84 years,21,4,83
35013,"White, non-Hispanic",65-84 years,1242,172,4479
35015,"White, non-Hispanic",65-84 years,267,48,1396
35017,"White, non-Hispanic",65-84 years,333,47,1221
35019,"White, non-Hispanic",65-84 years,15,2,60
35021,"White, non-Hispanic",65-84 years,13,2,38
35023,"White, non-Hispanic",65-84 years,35,5,132
35025,"White, non-Hispanic",65-84 years,303,58,1287
35027,"White, non-Hispanic",65-84 years,250,45,1101
35028,"White, non-Hispanic",65-84 years,79,12,417
35029,"White, non-Hispanic",65-84 years,196,29,754
35031,"White, non-Hispanic",65-84 years,197,28,572
35033,"White, non-Hispanic",65-84 years,36,3,108
35035,"White, non-Hispanic",65-84 years,464,63,2074
35037,"White, non-Hispanic",65-84 years,127,16,372
35039,"White, non-Hispanic",65-84 years,138,26,623
35041,"White, non-Hispanic",65-84 years,125,20,478
35043,"White, non-Hispanic",65-84 years,1074,186,4174
35045,"White, non-Hispanic",65-84 years,862,144,2724
35047,"White, non-Hispanic",65-84 years,199,23,606
35049,"White, non-Hispanic",65-84 years,1097,181,5592
35051,"White, non-Hispanic",65-84 years,181,25,801
35053,"White, non-Hispanic",65-84 years,120,21,458
35055,"White, non-Hispanic",65-84 years,330,62,1256
35057,"White, non-Hispanic",65-84 years,141,25,565
35059,"White, non-Hispanic",65-84 years,43,6,131
35061,"White, non-Hispanic",65-84 years,510,86,2003
36001,"White, non-Hispanic",65-84 years,2470,354,9071
36003,"White, non-Hispanic",65-84 years,368,47,1956
36005,"White, non-Hispanic",65-84 years,2686,392,10080
36007,"White, non-Hispanic",65-84 years,1310,219,7372
36009,"White, non-Hispanic",65-84 years,668,101,3318
36011,"White, non-Hispanic",65-84 years,1035,201,3269
36013,"White, non-Hispanic",65-84 years,1603,226,5632
36015,"White, non-Hispanic",65-84 years,720,100,3252
36017,"White, non-Hispanic",65-84 years,629,77,2090
36019,"White, non-Hispanic",65-84 years,553,92,2690
36021,"White, non-Hispanic",65-84 years,838,104,2830
36023,"White, non-Hispanic",65-84 years,396,63,1604
36025,"White, non-Hispanic",65-84 years,609,79,2305
36027,"White, non-Hispanic",65-84 years,1975,289,8840
36029,"White, non-Hispanic",65-84 years,8024,1186,31515
36031,"White, non-Hispanic",65-84 years,431,80,1737
36033,"White, non-Hispanic",65-84 years,387,67,1682
36035,"White, non-Hispanic",65-84 years,454,72,2267
36037,"White, non-Hispanic",65-84 years,590,88,2267
36039,"White, non-Hispanic",65-84 years,804,93,2228
36041,"White, non-Hispanic",65-84 years,74,12,339
36043,"White, non-Hispanic",65-84 years,753,124,2614
36045,"White, non-Hispanic",65-84 years,1231,109,3533
36047,"White, non-Hispanic",65-84 years,11020,1448,39644
36049,"White, non-Hispanic",65-84 years,288,39,1078
36051,"White, non-Hispanic",65-84 years,569,91,2445
36053,"White, non-Hispanic",65-84 years,705,107,2649
36055,"White, non-Hispanic",65-84 years,5260,876,23090
36057,"White, non-Hispanic",65-84 years,506,100,1916
36059,"White, non-Hispanic",65-84 years,7702,1063,32600
36061,"White, non-Hispanic",65-84 years,6469,817,30543
36063,"White, non-Hispanic",65-84 years,2199,366,9266
36065,"White, non-Hispanic",65-84 years,2237,339,8508
36067,"White, non-Hispanic",65-84 years,3776,562,15016
36069,"White, non-Hispanic",65-84 years,1137,192,4474
36071,"White, non-Hispanic",65-84 years,2768,399,9841
36073,"White, non-Hispanic",65-84 years,378,48,1675
36075,"White, non-Hispanic",65-84 years,1214,158,4469
36077,"White, non-Hispanic",65-84 years,582,81,2196
36079,"White, non-Hispanic",65-84 years,850,121,3057
36081,"White, non-Hispanic",65-84 years,9341,1268,34542
36083,"White, non-Hispanic",65-84 years,1854,263,5489
36085,"White, non-Hispanic",65-84 years,3322,498,12543
36087,"White, non-Hispanic",65-84 years,2267,317,7297
36089,"White, non-Hispanic",65-84 years,834,135,4151
36091,"White, non-Hispanic",65-84 years,2187,288,8109
36093,"White, non-Hispanic",65-84 years,1214,187,4979
36095,"White, non-Hispanic",65-84 years,498,81,1397
36097,"White, non-Hispanic",65-84 years,162,26,818
36099,"White, non-Hispanic",65-84 years,327,51,1430
36101,"White, non-Hispanic",65-84 years,941,123,3871
36103,"White, non-Hispanic",65-84 years,10277,1419,41271
36105,"White, non-Hispanic",65-84 years,779,113,3022
36107,"White, non-Hispanic",65-84 years,421,56,2004
36109,"White, non-Hispanic",65-84 years,1043,101,2986
36111,"White, non-Hispanic",65-84 years,1797,261,7014
36113,"White, non-Hispanic",65-84 years,794,98,2790
36115,"White, non-Hispanic",65-84 years,714,101,2505
36117,"White, non-Hispanic",65-84 years,812,165,3741
36119,"White, non-Hispanic",65-84 years,5456,759,21731
36121,"White, non-Hispanic",65-84 years,399,61,1674
36123,"White, non-Hispanic",65-84 years,235,35,1040
37001,"White, non-Hispanic",65-84 years,1394,199,5513
37003,"White, non-Hispanic",65-84 years,372,56,1621
37005,"White, non-Hispanic",65-84 years,197,18,674
37007,"White, non-Hispanic",65-84 years,206,33,730
37009,"White, non-Hispanic",65-84 years,570,56,1502
37011,"White, non-Hispanic",65-84 years,197,30,898
37013,"White, non-Hispanic",65-84 years,653,80,2082
37015,"White, non-Hispanic",65-84 years,124,22,565
37017,"White, non-Hispanic",65-84 years,322,43,1250
37019,"White, non-Hispanic",65-84 years,2865,316,10157
37021,"White, non-Hispanic",65-84 years,2682,346,10630
37023,"White, non-Hispanic",65-84 years,797,129,4117
37025,"White, non-Hispanic",65-84 years,1278,151,5408
37027,"White, non-Hispanic",65-84 years,742,128,3930
37029,"White, non-Hispanic",65-84 years,108,14,336
37031,"White, non-Hispanic",65-84 years,665,105,3504
37033,"White, non-Hispanic",65-84 years,240,32,905
37035,"White, non-Hispanic",65-84 years,1158,181,6250
37037,"White, non-Hispanic",65-84 years,798,134,3116
37039,"White, non-Hispanic",65-84 years,435,67,2055
37041,"White, non-Hispanic",65-84 years,187,25,591
37043,"White, non-Hispanic",65-84 years,190,23,794
37045,"White, non-Hispanic",65-84 years,942,144,3982
37047,"White, non-Hispanic",65-84 years,529,57,1834
37049,"White, non-Hispanic",65-84 years,1054,135,3586
37051,"White, non-Hispanic",65-84 years,1485,205,5801
37053,"White, non-Hispanic",65-84 years,273,36,1071
37055,"White, non-Hispanic",65-84 years,416,71,1744
37057,"White, non-Hispanic",65-84 years,1740,283,6858
37059,"White, non-Hispanic",65-84 years,561,68,1761
37061,"White, non-Hispanic",65-84 years,543,74,1759
37063,"White, non-Hispanic",65-84 years,1618,272,6341
37065,"White, non-Hispanic",65-84 years,420,52,1433
37067,"White, non-Hispanic",65-84 years,3437,540,10424
37069,"White, non-Hispanic",65-84 years,686,99,2232
37071,"White, non-Hispanic",65-84 years,2172,249,8083
37073,"White, non-Hispanic",65-84 years,105,13,386
37075,"White, non-Hispanic",65-84 years,123,17,443
37077,"White, non-Hispanic",65-84 years,626,109,1927
37079,"White, non-Hispanic",65-84 years,257,24,646
37081,"White, non-Hispanic",65-84 years,3847,595,13465
37083,"White, non-Hispanic",65-84 years,455,77,1499
37085,"White, non-Hispanic",65-84 years,1233,193,3458
37087,"White, non-Hispanic",65-84 years,667,79,3241
37089,"White, non-Hispanic",65-84 years,1400,213,6166
37091,"White, non-Hispanic",65-84 years,102,18,571
37093,"White, non-Hispanic",65-84 years,217,31,807
37095,"White, non-Hispanic",65-84 years,59,7,211
37097,"White, non-Hispanic",65-84 years,1577,205,5994
37099,"White, non-Hispanic",65-84 years,421,85,1911
37101,"White, non-Hispanic",65-84 years,1692,226,6194
37103,"White, non-Hispanic",65-84 years,120,17,366
37105,"White, non-Hispanic",65-84 years,463,63,2047
37107,"White, non-Hispanic",65-84 years,686,61,1799
37109,"White, non-Hispanic",65-84 years,827,132,3704
37111,"White, non-Hispanic",65-84 years,408,61,2203
37113,"White, non-Hispanic",65-84 years,460,74,2280
37115,"White, non-Hispanic",65-84 years,200,25,1102
37117,"White, non-Hispanic",65-84 years,261,37,840
37119,"White, non-Hispanic",65-84 years,5752,834,18755
37121,"White, non-Hispanic",65-84 years,184,27,835
37123,"White, non-Hispanic",65-84 years,360,43,1184
37125,"White, non-Hispanic",65-84 years,973,131,4184
37127,"White, non-Hispanic",65-84 years,730,111,3000
37129,"White, non-Hispanic",65-84 years,1730,222,7248
37131,"White, non-Hispanic",65-84 years,201,35,706
37133,"White, non-Hispanic",65-84 years,1014,166,3762
37135,"White, non-Hispanic",65-84 years,1044,155,3589
37137,"White, non-Hispanic",65-84 years,211,29,733
37139,"White, non-Hispanic",65-84 years,336,51,1284
37141,"White, non-Hispanic",65-84 years,601,98,2240
37143,"White, non-Hispanic",65-84 years,221,33,734
37145,"White, non-Hispanic",65-84 years,584,70,1459
37147,"White, non-Hispanic",65-84 years,979,128,3578
37149,"White, non-Hispanic",65-84 years,303,45,1224
37151,"White, non-Hispanic",65-84 years,1320,168,5633
37153,"White, non-Hispanic",65-84 years,281,36,1473
37155,"White, non-Hispanic",65-84 years,635,77,2228
37157,"White, non-Hispanic",65-84 years,1087,146,3962
37159,"White, non-Hispanic",65-84 years,1300,176,5393
37161,"White, non-Hispanic",65-84 years,887,173,3103
37163,"White, non-Hispanic",65-84 years,470,76,1871
37165,"White, non-Hispanic",65-84 years,228,30,989
37167,"White, non-Hispanic",65-84 years,661,64,2478
37169,"White, non-Hispanic",65-84 years,697,114,2195
37171,"White, non-Hispanic",65-84 years,918,102,3259
37173,"White, non-Hispanic",65-84 years,168,29,575
37175,"White, non-Hispanic",65-84 years,378,58,2003
37177,"White, non-Hispanic",65-84 years,35,4,129
37179,"White, non-Hispanic",65-84 years,1918,251,5682
37181,"White, non-Hispanic",65-84 years,458,64,1299
37183,"White, non-Hispanic",65-84 years,5930,927,21604
37185,"White, non-Hispanic",65-84 years,267,32,724
37187,"White, non-Hispanic",65-84 years,168,23,489
37189,"White, non-Hispanic",65-84 years,383,49,1925
37191,"White, non-Hispanic",65-84 years,1223,181,3410
37193,"White, non-Hispanic",65-84 years,631,77,3175
37195,"White, non-Hispanic",65-84 years,534,82,2450
37197,"White, non-Hispanic",65-84 years,537,76,1665
37199,"White, non-Hispanic",65-84 years,253,44,1090
38001,"White, non-Hispanic",65-84 years,18,3,94
38003,"White, non-Hispanic",65-84 years,120,17,437
38005,"White, non-Hispanic",65-84 years,67,9,175
38007,"White, non-Hispanic",65-84 years,11,2,45
38009,"White, non-Hispanic",65-84 years,104,14,300
38011,"White, non-Hispanic",65-84 years,28,4,118
38013,"White, non-Hispanic",65-84 years,27,3,91
38015,"White, non-Hispanic",65-84 years,710,119,2814
38017,"White, non-Hispanic",65-84 years,1140,134,3871
38019,"White, non-Hispanic",65-84 years,42,6,177
38021,"White, non-Hispanic",65-84 years,67,6,180
38023,"White, non-Hispanic",65-84 years,34,3,99
38025,"White, non-Hispanic",65-84 years,24,5,126
38027,"White, non-Hispanic",65-84 years,33,4,97
38029,"White, non-Hispanic",65-84 years,36,6,168
38031,"White, non-Hispanic",65-84 years,31,4,129
38033,"White, non-Hispanic",65-84 years,25,4,87
38035,"White, non-Hispanic",65-84 years,476,67,1661
38037,"White, non-Hispanic",65-84 years,32,5,137
38039,"White, non-Hispanic",65-84 years,37,5,126
38041,"White, non-Hispanic",65-84 years,27,3,105
38043,"White, non-Hispanic",65-84 years,37,7,121
38045,"White, non-Hispanic",65-84 years,61,7,193
38047,"White, non-Hispanic",65-84 years,33,4,90
38049,"White, non-Hispanic",65-84 years,68,11,227
38051,"White, non-Hispanic",65-84 years,45,6,124
38053,"White, non-Hispanic",65-84 years,83,8,257
38055,"White, non-Hispanic",65-84 years,168,17,474
38057,"White, non-Hispanic",65-84 years,118,12,333
38059,"White, non-Hispanic",65-84 years,427,53,1034
38061,"White, non-Hispanic",65-84 years,74,12,207
38063,"White, non-Hispanic",65-84 years,42,5,141
38065,"White, non-Hispanic",65-84 years,27,4,88
38067,"White, non-Hispanic",65-84 years,110,10,302
38069,"White, non-Hispanic",65-84 years,42,6,176
38071,"White, non-Hispanic",65-84 years,119,13,416
38073,"White, non-Hispanic",65-84 years,61,7,205
38075,"White, non-Hispanic",65-84 years,29,4,96
38077,"White, non-Hispanic",65-84 years,203,24,548
38079,"White, non-Hispanic",65-84 years,61,9,170
38081,"White, non-Hispanic",65-84 years,62,7,163
38083,"White, non-Hispanic",65-84 years,23,3,79
38085,"White, non-Hispanic",65-84 years,12,2,33
38087,"White, non-Hispanic",65-84 years,9,1,33
38089,"White, non-Hispanic",65-84 years,240,25,788
38091,"White, non-Hispanic",65-84 years,25,3,90
38093,"White, non-Hispanic",65-84 years,282,24,783
38095,"White, non-Hispanic",65-84 years,28,4,100
38097,"White, non-Hispanic",65-84 years,75,9,267
38099,"White, non-Hispanic",65-84 years,154,17,407
38101,"White, non-Hispanic",65-84 years,565,65,1708
38103,"White, non-Hispanic",65-84 years,60,7,202
38105,"White, non-Hispanic",65-84 years,212,29,666
39001,"White, non-Hispanic",65-84 years,270,47,1322
39003,"White, non-Hispanic",65-84 years,1128,130,3940
39005,"White, non-Hispanic",65-84 years,573,75,2132
39007,"White, non-Hispanic",65-84 years,1134,179,4499
39009,"White, non-Hispanic",65-84 years,544,74,2232
39011,"White, non-Hispanic",65-84 years,552,60,1845
39013,"White, non-Hispanic",65-84 years,1114,164,3292
39015,"White, non-Hispanic",65-84 years,455,79,2035
39017,"White, non-Hispanic",65-84 years,3177,399,12980
39019,"White, non-Hispanic",65-84 years,345,33,1326
39021,"White, non-Hispanic",65-84 years,339,48,1602
39023,"White, non-Hispanic",65-84 years,1169,186,6121
39025,"White, non-Hispanic",65-84 years,2260,373,8216
39027,"White, non-Hispanic",65-84 years,447,64,1702
39029,"White, non-Hispanic",65-84 years,1148,146,4957
39031,"White, non-Hispanic",65-84 years,379,42,1655
39033,"White, non-Hispanic",65-84 years,811,92,2083
39035,"White, non-Hispanic",65-84 years,11092,1482,37448
39037,"White, non-Hispanic",65-84 years,803,103,2333
39039,"White, non-Hispanic",65-84 years,500,63,1562
39041,"White, non-Hispanic",65-84 years,1765,198,5532
39043,"White, non-Hispanic",65-84 years,900,131,3464
39045,"White, non-Hispanic",65-84 years,1469,205,5495
39047,"White, non-Hispanic",65-84 years,339,45,1281
39049,"White, non-Hispanic",65-84 years,8232,1037,29439
39051,"White, non-Hispanic",65-84 years,493,55,1654
39053,"White, non-Hispanic",65-84 years,463,63,1342
39055,"White, non-Hispanic",65-84 years,946,152,3691
39057,"White, non-Hispanic",65-84 years,1492,193,5861
39059,"White, non-Hispanic",65-84 years,513,50,1776
39061,"White, non-Hispanic",65-84 years,7112,892,23896
39063,"White, non-Hispanic",65-84 years,668,80,2867
39065,"White, non-Hispanic",65-84 years,263,33,1123
39067,"White, non-Hispanic",65-84 years,183,28,726
39069,"White, non-Hispanic",65-84 years,358,47,1108
39071,"White, non-Hispanic",65-84 years,450,72,1982
39073,"White, non-Hispanic",65-84 years,300,39,1341
39075,"White, non-Hispanic",65-84 years,399,43,1369
39077,"White, non-Hispanic",65-84 years,713,90,2339
39079,"White, non-Hispanic",65-84 years,384,70,1504
39081,"White, non-Hispanic",65-84 years,818,96,3279
39083,"White, non-Hispanic",65-84 years,588,84,2608
39085,"White, non-Hispanic",65-84 years,2459,364,9876
39087,"White, non-Hispanic",65-84 years,1054,148,2851
39089,"White, non-Hispanic",65-84 years,1813,272,6964
39091,"White, non-Hispanic",65-84 years,513,66,2034
39093,"White, non-Hispanic",65-84 years,4323,518,12090
39095,"White, non-Hispanic",65-84 years,4460,480,14094
39097,"White, non-Hispanic",65-84 years,414,75,1576
39099,"White, non-Hispanic",65-84 years,2003,318,9647
39101,"White, non-Hispanic",65-84 years,916,98,2823
39103,"White, non-Hispanic",65-84 years,1878,261,6778
39105,"White, non-Hispanic",65-84 years,351,47,1180
39107,"White, non-Hispanic",65-84 years,630,57,1670
39109,"White, non-Hispanic",65-84 years,1329,169,4645
39111,"White, non-Hispanic",65-84 years,229,35,754
39113,"White, non-Hispanic",65-84 years,5238,744,19116
39115,"White, non-Hispanic",65-84 years,154,22,718
39117,"White, non-Hispanic",65-84 years,436,54,1484
39119,"White, non-Hispanic",65-84 years,889,110,3648
39121,"White, non-Hispanic",65-84 years,268,37,1013
39123,"White, non-Hispanic",65-84 years,576,78,2245
39125,"White, non-Hispanic",65-84 years,250,30,789
39127,"White, non-Hispanic",65-84 years,494,61,1554
39129,"White, non-Hispanic",65-84 years,441,72,2211
39131,"White, non-Hispanic",65-84 years,254,44,1295
39133,"White, non-Hispanic",65-84 years,1316,192,5930
39135,"White, non-Hispanic",65-84 years,548,68,1866
39137,"White, non-Hispanic",65-84 years,492,45,1303
39139,"White, non-Hispanic",65-84 years,1540,225,5552
39141,"White, non-Hispanic",65-84 years,778,106,3304
39143,"White, non-Hispanic",65-84 years,783,87,2469
39145,"White, non-Hispanic",65-84 years,787,122,3531
39147,"White, non-Hispanic",65-84 years,623,61,2339
39149,"White, non-Hispanic",65-84 years,644,76,1806
39151,"White, non-Hispanic",65-84 years,3755,444,15071
39153,"White, non-Hispanic",65-84 years,5062,637,17989
39155,"White, non-Hispanic",65-84 years,2989,355,9485
39157,"White, non-Hispanic",65-84 years,896,108,3930
39159,"White, non-Hispanic",65-84 years,585,94,1814
39161,"White, non-Hispanic",65-84 years,451,39,1224
39163,"White, non-Hispanic",65-84 years,161,25,627
39165,"White, non-Hispanic",65-84 years,2036,259,7398
39167,"White, non-Hispanic",65-84 years,657,93,2902
39169,"White, non-Hispanic",65-84 years,1323,150,4544
39171,"White, non-Hispanic",65-84 years,528,59,1538
39173,"White, non-Hispanic",65-84 years,1348,156,4388
39175,"White, non-Hispanic",65-84 years,254,31,959
40001,"White, non-Hispanic",65-84 years,182,24,551
40003,"White, non-Hispanic",65-84 years,85,10,239
40005,"White, non-Hispanic",65-84 years,114,18,595
40007,"White, non-Hispanic",65-84 years,70,8,188
40009,"White, non-Hispanic",65-84 years,164,24,687
40011,"White, non-Hispanic",65-84 years,110,16,337
40013,"White, non-Hispanic",65-84 years,398,61,1634
40015,"White, non-Hispanic",65-84 years,254,38,911
40017,"White, non-Hispanic",65-84 years,1352,186,4366
40019,"White, non-Hispanic",65-84 years,546,69,1633
40021,"White, non-Hispanic",65-84 years,430,54,1472
40023,"White, non-Hispanic",65-84 years,133,19,596
40025,"White, non-Hispanic",65-84 years,42,6,109
40027,"White, non-Hispanic",65-84 years,2243,295,8421
40029,"White, non-Hispanic",65-84 years,50,8,216
40031,"White, non-Hispanic",65-84 years,732,109,3065
40033,"White, non-Hispanic",65-84 years,69,10,219
40035,"White, non-Hispanic",65-84 years,122,21,532
40037,"White, non-Hispanic",65-84 years,667,100,2753
40039,"White, non-Hispanic",65-84 years,258,40,762
40041,"White, non-Hispanic",65-84 years,521,76,2186
40043,"White, non-Hispanic",65-84 years,55,8,168
40045,"White, non-Hispanic",65-84 years,41,6,163
40047,"White, non-Hispanic",65-84 years,787,81,2061
40049,"White, non-Hispanic",65-84 years,263,37,990
40051,"White, non-Hispanic",65-84 years,455,75,2019
40053,"White, non-Hispanic",65-84 years,62,5,184
40055,"White, non-Hispanic",65-84 years,41,6,191
40057,"White, non-Hispanic",65-84 years,24,4,88
40059,"White, non-Hispanic",65-84 years,35,5,120
40061,"White, non-Hispanic",65-84 years,104,17,507
40063,"White, non-Hispanic",65-84 years,161,21,522
40065,"White, non-Hispanic",65-84 years,161,27,695
40067,"White, non-Hispanic",65-84 years,84,11,237
40069,"White, non-Hispanic",65-84 years,110,18,418
40071,"White, non-Hispanic",65-84 years,533,61,1800
40073,"White, non-Hispanic",65-84 years,94,16,475
40075,"White, non-Hispanic",65-84 years,74,11,346
40077,"White, non-Hispanic",65-84 years,74,12,382
40079,"White, non-Hispanic",65-84 years,429,77,1912
40081,"White, non-Hispanic",65-84 years,398,55,1353
40083,"White, non-Hispanic",65-84 years,552,68,1767
40085,"White, non-Hispanic",65-84 years,127,18,381
40087,"White, non-Hispanic",65-84 years,316,47,1403
40089,"White, non-Hispanic",65-84 years,253,42,1122
40091,"White, non-Hispanic",65-84 years,225,40,1016
40093,"White, non-Hispanic",65-84 years,124,10,328
40095,"White, non-Hispanic",65-84 years,182,26,726
40097,"White, non-Hispanic",65-84 years,593,80,1561
40099,"White, non-Hispanic",65-84 years,139,15,555
40101,"White, non-Hispanic",65-84 years,438,75,2151
40103,"White, non-Hispanic",65-84 years,125,15,441
40105,"White, non-Hispanic",65-84 years,79,9,356
40107,"White, non-Hispanic",65-84 years,112,17,407
40109,"White, non-Hispanic",65-84 years,5985,794,19519
40111,"White, non-Hispanic",65-84 years,356,50,1354
40113,"White, non-Hispanic",65-84 years,494,63,1824
40115,"White, non-Hispanic",65-84 years,212,34,1125
40117,"White, non-Hispanic",65-84 years,185,20,635
40119,"White, non-Hispanic",65-84 years,641,72,2108
40121,"White, non-Hispanic",65-84 years,382,63,1758
40123,"White, non-Hispanic",65-84 years,377,51,1207
40125,"White, non-Hispanic",65-84 years,660,98,2656
40127,"White, non-Hispanic",65-84 years,104,21,517
40129,"White, non-Hispanic",65-84 years,42,6,148
40131,"White, non-Hispanic",65-84 years,1121,130,3173
40133,"White, non-Hispanic",65-84 years,317,42,891
40135,"White, non-Hispanic",65-84 years,378,53,1459
40137,"White, non-Hispanic",65-84 years,728,83,1835
40139,"White, non-Hispanic",65-84 years,152,22,477
40141,"White, non-Hispanic",65-84 years,78,12,277
40143,"White, non-Hispanic",65-84 years,5111,729,18212
40145,"White, non-Hispanic",65-84 years,807,107,3024
40147,"White, non-Hispanic",65-84 years,415,64,2022
40149,"White, non-Hispanic",65-84 years,112,17,422
40151,"White, non-Hispanic",65-84 years,78,14,294
40153,"White, non-Hispanic",65-84 years,139,22,695
41001,"White, non-Hispanic",65-84 years,238,24,842
41003,"White, non-Hispanic",65-84 years,646,103,2648
41005,"White, non-Hispanic",65-84 years,4073,578,13814
41007,"White, non-Hispanic",65-84 years,440,68,2001
41009,"White, non-Hispanic",65-84 years,571,76,2181
41011,"White, non-Hispanic",65-84 years,798,121,3321
41013,"White, non-Hispanic",65-84 years,290,45,1272
41015,"White, non-Hispanic",65-84 years,572,55,1560
41017,"White, non-Hispanic",65-84 years,2035,278,7074
41019,"White, non-Hispanic",65-84 years,1421,181,5629
41021,"White, non-Hispanic",65-84 years,19,3,106
41023,"White, non-Hispanic",65-84 years,108,15,410
41025,"White, non-Hispanic",65-84 years,87,16,338
41027,"White, non-Hispanic",65-84 years,136,22,636
41029,"White, non-Hispanic",65-84 years,2400,372,8975
41031,"White, non-Hispanic",65-84 years,284,48,992
41033,"White, non-Hispanic",65-84 years,1296,203,4283
41035,"White, non-Hispanic",65-84 years,783,96,2815
41037,"White, non-Hispanic",65-84 years,124,16,410
41039,"White, non-Hispanic",65-84 years,3815,608,14289
41041,"White, non-Hispanic",65-84 years,723,119,3173
41043,"White, non-Hispanic",65-84 years,1025,163,4910
41045,"White, non-Hispanic",65-84 years,368,36,999
41047,"White, non-Hispanic",65-84 years,2707,410,10762
41049,"White, non-Hispanic",65-84 years,99,16,394
41051,"White, non-Hispanic",65-84 years,5387,755,18718
41053,"White, non-Hispanic",65-84 years,696,113,3055
41055,"White, non-Hispanic",65-84 years,17,3,92
41057,"White, non-Hispanic",65-84 years,386,65,1464
41059,"White, non-Hispanic",65-84 years,623,92,2555
41061,"White, non-Hispanic",65-84 years,248,44,993
41063,"White, non-Hispanic",65-84 years,102,11,403
41065,"White, non-Hispanic",65-84 years,187,34,1038
41067,"White, non-Hispanic",65-84 years,4657,667,13999
41069,"White, non-Hispanic",65-84 years,28,4,106
41071,"White, non-Hispanic",65-84 years,1382,162,3837
42001,"White, non-Hispanic",65-84 years,1266,178,4556
42003,"White, non-Hispanic",65-84 years,9855,1403,40502
42005,"White, non-Hispanic",65-84 years,667,97,3301
42007,"White, non-Hispanic",65-84 years,2505,332,7752
42009,"White, non-Hispanic",65-84 years,726,99,2414
42011,"White, non-Hispanic",65-84 years,4768,715,14301
42013,"White, non-Hispanic",65-84 years,1549,164,5396
42015,"White, non-Hispanic",65-84 years,622,98,2582
42017,"White, non-Hispanic",65-84 years,6716,1107,21292
42019,"White, non-Hispanic",65-84 years,2131,250,7773
42021,"White, non-Hispanic",65-84 years,1447,221,6615
42023,"White, non-Hispanic",65-84 years,94,9,283
42025,"White, non-Hispanic",65-84 years,864,138,2989
42027,"White, non-Hispanic",65-84 years,1203,185,4784
42029,"White, non-Hispanic",65-84 years,4058,587,14694
42031,"White, non-Hispanic",65-84 years,443,63,1638
42033,"White, non-Hispanic",65-84 years,863,121,3753
42035,"White, non-Hispanic",65-84 years,439,78,1511
42037,"White, non-Hispanic",65-84 years,1027,113,2734
42039,"White, non-Hispanic",65-84 years,1396,190,3931
42041,"White, non-Hispanic",65-84 years,2911,305,9070
42043,"White, non-Hispanic",65-84 years,2548,325,8831
42045,"White, non-Hispanic",65-84 years,3675,624,14431
42047,"White, non-Hispanic",65-84 years,412,46,1461
42049,"White, non-Hispanic",65-84 years,3649,522,10589
42051,"White, non-Hispanic",65-84 years,1579,238,6594
42053,"White, non-Hispanic",65-84 years,125,15,454
42055,"White, non-Hispanic",65-84 years,1995,270,6329
42057,"White, non-Hispanic",65-84 years,207,33,707
42059,"White, non-Hispanic",65-84 years,359,46,1610
42061,"White, non-Hispanic",65-84 years,487,71,2023
42063,"White, non-Hispanic",65-84 years,840,130,3627
42065,"White, non-Hispanic",65-84 years,518,70,2100
42067,"White, non-Hispanic",65-84 years,381,36,1053
42069,"White, non-Hispanic",65-84 years,2104,302,8601
42071,"White, non-Hispanic",65-84 years,5797,803,19588
42073,"White, non-Hispanic",65-84 years,1173,144,4158
42075,"White, non-Hispanic",65-84 years,1659,196,5537
42077,"White, non-Hispanic",65-84 years,3433,519,11251
42079,"White, non-Hispanic",65-84 years,4514,514,13173
42081,"White, non-Hispanic",65-84 years,1065,165,4676
42083,"White, non-Hispanic",65-84 years,508,60,1708
42085,"White, non-Hispanic",65-84 years,1379,157,5156
42087,"White, non-Hispanic",65-84 years,672,83,2169
42089,"White, non-Hispanic",65-84 years,1786,277,5697
42091,"White, non-Hispanic",65-84 years,6393,878,22288
42093,"White, non-Hispanic",65-84 years,165,16,696
42095,"White, non-Hispanic",65-84 years,3802,587,11201
42097,"White, non-Hispanic",65-84 years,1582,196,4484
42099,"White, non-Hispanic",65-84 years,675,69,1953
42101,"White, non-Hispanic",65-84 years,7863,1167,27565
42103,"White, non-Hispanic",65-84 years,803,113,2663
42105,"White, non-Hispanic",65-84 years,192,24,855
42107,"White, non-Hispanic",65-84 years,2421,359,6472
42109,"White, non-Hispanic",65-84 years,585,67,1631
42111,"White, non-Hispanic",65-84 years,961,148,3691
42113,"White, non-Hispanic",65-84 years,101,15,375
42115,"White, non-Hispanic",65-84 years,391,64,2003
42117,"White, non-Hispanic",65-84 years,752,92,1969
42119,"White, non-Hispanic",65-84 years,555,71,1550
42121,"White, non-Hispanic",65-84 years,734,99,2580
42123,"White, non-Hispanic",65-84 years,532,75,1912
42125,"White, non-Hispanic",65-84 years,2341,293,9249
42127,"White, non-Hispanic",65-84 years,689,84,2625
42129,"White, non-Hispanic",65-84 years,4817,683,16504
42131,"White, non-Hispanic",65-84 years,257,34,1226
42133,"White, non-Hispanic",65-84 years,4873,590,16584
44001,"White, non-Hispanic",65-84 years,447,58,1610
44003,"White, non-Hispanic",65-84 years,1747,207,5974
44005,"White, non-Hispanic",65-84 years,1048,135,3353
44007,"White, non-Hispanic",65-84 years,5677,775,17746
44009,"White, non-Hispanic",65-84 years,1581,235,4820
45001,"White, non-Hispanic",65-84 years,276,37,1084
45003,"White, non-Hispanic",65-84 years,1864,256,6655
45005,"White, non-Hispanic",65-84 years,50,8,191
45007,"White, non-Hispanic",65-84 years,1885,260,7811
45009,"White, non-Hispanic",65-84 years,90,16,425
45011,"White, non-Hispanic",65-84 years,177,28,675
45013,"White, non-Hispanic",65-84 years,3053,393,9691
45015,"White, non-Hispanic",65-84 years,1748,263,6807
45017,"White, non-Hispanic",65-84 years,130,21,596
45019,"White, non-Hispanic",65-84 years,3231,474,11621
45021,"White, non-Hispanic",65-84 years,494,76,2150
45023,"White, non-Hispanic",65-84 years,309,48,1206
45025,"White, non-Hispanic",65-84 years,374,53,1573
45027,"White, non-Hispanic",65-84 years,339,61,1409
45029,"White, non-Hispanic",65-84 years,390,59,1417
45031,"White, non-Hispanic",65-84 years,627,69,2197
45033,"White, non-Hispanic",65-84 years,177,28,822
45035,"White, non-Hispanic",65-84 years,1079,153,4405
45037,"White, non-Hispanic",65-84 years,280,40,935
45039,"White, non-Hispanic",65-84 years,176,31,820
45041,"White, non-Hispanic",65-84 years,684,128,3879
45043,"White, non-Hispanic",65-84 years,1080,127,3837
45045,"White, non-Hispanic",65-84 years,4259,642,16293
45047,"White, non-Hispanic",65-84 years,706,73,2370
45049,"White, non-Hispanic",65-84 years,211,28,604
45051,"White, non-Hispanic",65-84 years,4627,673,20002
45053,"White, non-Hispanic",65-84 years,512,77,1549
45055,"White, non-Hispanic",65-84 years,462,71,2309
45057,"White, non-Hispanic",65-84 years,911,142,4595
45059,"White, non-Hispanic",65-84 years,679,96,2594
45061,"White, non-Hispanic",65-84 years,96,17,455
45063,"White, non-Hispanic",65-84 years,2402,390,9935
45065,"White, non-Hispanic",65-84 years,212,29,776
45067,"White, non-Hispanic",65-84 years,207,33,902
45069,"White, non-Hispanic",65-84 years,135,22,775
45071,"White, non-Hispanic",65-84 years,356,60,1502
45073,"White, non-Hispanic",65-84 years,917,128,4115
45075,"White, non-Hispanic",65-84 years,491,99,2327
45077,"White, non-Hispanic",65-84 years,1043,143,4966
45079,"White, non-Hispanic",65-84 years,1840,322,7939
45081,"White, non-Hispanic",65-84 years,261,36,784
45083,"White, non-Hispanic",65-84 years,2818,368,11011
45085,"White, non-Hispanic",65-84 years,643,97,2674
45087,"White, non-Hispanic",65-84 years,269,40,1078
45089,"White, non-Hispanic",65-84 years,180,30,893
45091,"White, non-Hispanic",65-84 years,1980,317,8305
46003,"White, non-Hispanic",65-84 years,28,4,106
46005,"White, non-Hispanic",65-84 years,145,18,612
46007,"White, non-Hispanic",65-84 years,18,2,78
46009,"White, non-Hispanic",65-84 years,69,10,250
46011,"White, non-Hispanic",65-84 years,192,23,764
46013,"White, non-Hispanic",65-84 years,227,30,1136
46015,"White, non-Hispanic",65-84 years,39,5,167
46019,"White, non-Hispanic",65-84 years,87,12,400
46021,"White, non-Hispanic",65-84 years,22,3,75
46023,"White, non-Hispanic",65-84 years,85,11,302
46025,"White, non-Hispanic",65-84 years,43,5,161
46027,"White, non-Hispanic",65-84 years,94,9,346
46029,"White, non-Hispanic",65-84 years,179,22,922
46031,"White, non-Hispanic",65-84 years,32,5,84
46033,"White, non-Hispanic",65-84 years,103,13,487
46035,"White, non-Hispanic",65-84 years,166,21,658
46037,"White, non-Hispanic",65-84 years,74,12,257
46039,"White, non-Hispanic",65-84 years,31,5,165
46041,"White, non-Hispanic",65-84 years,20,3,62
46043,"White, non-Hispanic",65-84 years,22,4,113
46045,"White, non-Hispanic",65-84 years,33,6,152
46047,"White, non-Hispanic",65-84 years,85,9,403
46049,"White, non-Hispanic",65-84 years,23,3,88
46051,"White, non-Hispanic",65-84 years,76,8,296
46053,"White, non-Hispanic",65-84 years,50,8,185
46055,"White, non-Hispanic",65-84 years,34,5,85
46057,"White, non-Hispanic",65-84 years,40,5,164
46059,"White, non-Hispanic",65-84 years,30,5,133
46061,"White, non-Hispanic",65-84 years,22,3,106
46063,"White, non-Hispanic",65-84 years,12,2,50
46065,"White, non-Hispanic",65-84 years,196,26,546
46067,"White, non-Hispanic",65-84 years,67,6,271
46069,"White, non-Hispanic",65-84 years,13,2,58
46071,"White, non-Hispanic",65-84 years,20,3,61
46073,"White, non-Hispanic",65-84 years,23,3,77
46075,"White, non-Hispanic",65-84 years,14,2,44
46077,"White, non-Hispanic",65-84 years,64,8,212
46079,"White, non-Hispanic",65-84 years,97,12,481
46081,"White, non-Hispanic",65-84 years,213,42,1037
46083,"White, non-Hispanic",65-84 years,296,34,1458
46085,"White, non-Hispanic",65-84 years,41,6,125
46087,"White, non-Hispanic",65-84 years,46,5,189
46089,"White, non-Hispanic",65-84 years,29,5,116
46091,"White, non-Hispanic",65-84 years,40,6,178
46093,"White, non-Hispanic",65-84 years,243,26,898
46095,"White, non-Hispanic",65-84 years,13,1,45
46097,"White, non-Hispanic",65-84 years,22,3,90
46099,"White, non-Hispanic",65-84 years,1177,145,4908
46101,"White, non-Hispanic",65-84 years,52,7,211
46103,"White, non-Hispanic",65-84 years,937,125,3737
46105,"White, non-Hispanic",65-84 years,24,5,135
46107,"White, non-Hispanic",65-84 years,37,5,121
46109,"White, non-Hispanic",65-84 years,137,13,371
46111,"White, non-Hispanic",65-84 years,25,4,95
46113,"White, non-Hispanic",65-84 years,15,2,47
46115,"White, non-Hispanic",65-84 years,61,8,243
46117,"White, non-Hispanic",65-84 years,30,5,121
46119,"White, non-Hispanic",65-84 years,25,2,68
46121,"White, non-Hispanic",65-84 years,19,3,60
46123,"White, non-Hispanic",65-84 years,51,8,214
46125,"White, non-Hispanic",65-84 years,70,8,323
46127,"White, non-Hispanic",65-84 years,138,13,499
46129,"White, non-Hispanic",65-84 years,79,10,238
46135,"White, non-Hispanic",65-84 years,211,22,773
46137,"White, non-Hispanic",65-84 years,9,1,34
47001,"White, non-Hispanic",65-84 years,669,98,3421
47003,"White, non-Hispanic",65-84 years,416,66,1726
47005,"White, non-Hispanic",65-84 years,203,34,893
47007,"White, non-Hispanic",65-84 years,165,34,723
47009,"White, non-Hispanic",65-84 years,1328,171,6233
47011,"White, non-Hispanic",65-84 years,850,113,4396
47013,"White, non-Hispanic",65-84 years,569,64,2080
47015,"White, non-Hispanic",65-84 years,103,15,586
47017,"White, non-Hispanic",65-84 years,412,57,1252
47019,"White, non-Hispanic",65-84 years,671,86,3176
47021,"White, non-Hispanic",65-84 years,330,56,1430
47023,"White, non-Hispanic",65-84 years,127,22,707
47025,"White, non-Hispanic",65-84 years,366,50,1685
47027,"White, non-Hispanic",65-84 years,81,16,457
47029,"White, non-Hispanic",65-84 years,595,80,2007
47031,"White, non-Hispanic",65-84 years,536,75,2202
47033,"White, non-Hispanic",65-84 years,152,26,556
47035,"White, non-Hispanic",65-84 years,805,116,4654
47037,"White, non-Hispanic",65-84 years,3929,608,15396
47039,"White, non-Hispanic",65-84 years,141,22,593
47041,"White, non-Hispanic",65-84 years,191,25,929
47043,"White, non-Hispanic",65-84 years,383,53,2033
47045,"White, non-Hispanic",65-84 years,282,47,1376
47047,"White, non-Hispanic",65-84 years,341,50,1877
47049,"White, non-Hispanic",65-84 years,228,30,1112
47051,"White, non-Hispanic",65-84 years,332,47,1888
47053,"White, non-Hispanic",65-84 years,532,61,1918
47055,"White, non-Hispanic",65-84 years,328,47,1310
47057,"White, non-Hispanic",65-84 years,333,32,1300
47059,"White, non-Hispanic",65-84 years,893,107,3782
47061,"White, non-Hispanic",65-84 years,138,25,702
47063,"White, non-Hispanic",65-84 years,1071,97,2804
47065,"White, non-Hispanic",65-84 years,2720,366,12431
47067,"White, non-Hispanic",65-84 years,143,14,404
47069,"White, non-Hispanic",65-84 years,255,39,1018
47071,"White, non-Hispanic",65-84 years,365,43,1486
47073,"White, non-Hispanic",65-84 years,897,78,3081
47075,"White, non-Hispanic",65-84 years,157,23,586
47077,"White, non-Hispanic",65-84 years,253,43,1207
47079,"White, non-Hispanic",65-84 years,417,49,1644
47081,"White, non-Hispanic",65-84 years,238,36,1047
47083,"White, non-Hispanic",65-84 years,108,11,384
47085,"White, non-Hispanic",65-84 years,195,27,866
47087,"White, non-Hispanic",65-84 years,134,17,671
47089,"White, non-Hispanic",65-84 years,938,103,2621
47091,"White, non-Hispanic",65-84 years,238,32,1087
47093,"White, non-Hispanic",65-84 years,3796,459,15335
47095,"White, non-Hispanic",65-84 years,59,8,279
47097,"White, non-Hispanic",65-84 years,260,35,915
47099,"White, non-Hispanic",65-84 years,586,64,1799
47101,"White, non-Hispanic",65-84 years,171,18,594
47103,"White, non-Hispanic",65-84 years,432,77,1515
47105,"White, non-Hispanic",65-84 years,832,103,3399
47107,"White, non-Hispanic",65-84 years,682,90,2479
47109,"White, non-Hispanic",65-84 years,370,45,1312
47111,"White, non-Hispanic",65-84 years,183,28,996
47113,"White, non-Hispanic",65-84 years,648,110,3193
47115,"White, non-Hispanic",65-84 years,271,44,1363
47117,"White, non-Hispanic",65-84 years,399,48,1282
47119,"White, non-Hispanic",65-84 years,1174,123,3680
47121,"White, non-Hispanic",65-84 years,163,21,677
47123,"White, non-Hispanic",65-84 years,631,82,2347
47125,"White, non-Hispanic",65-84 years,1217,189,4268
47127,"White, non-Hispanic",65-84 years,75,15,314
47129,"White, non-Hispanic",65-84 years,181,24,1011
47131,"White, non-Hispanic",65-84 years,305,45,1422
47133,"White, non-Hispanic",65-84 years,212,32,1086
47135,"White, non-Hispanic",65-84 years,98,12,418
47137,"White, non-Hispanic",65-84 years,82,15,342
47139,"White, non-Hispanic",65-84 years,165,29,855
47141,"White, non-Hispanic",65-84 years,702,120,3103
47143,"White, non-Hispanic",65-84 years,348,55,1544
47145,"White, non-Hispanic",65-84 years,523,69,2879
47147,"White, non-Hispanic",65-84 years,578,88,2467
47149,"White, non-Hispanic",65-84 years,1720,270,7739
47151,"White, non-Hispanic",65-84 years,194,22,991
47153,"White, non-Hispanic",65-84 years,210,31,840
47155,"White, non-Hispanic",65-84 years,1290,158,4764
47157,"White, non-Hispanic",65-84 years,4037,622,18504
47159,"White, non-Hispanic",65-84 years,159,25,797
47161,"White, non-Hispanic",65-84 years,244,30,638
47163,"White, non-Hispanic",65-84 years,1502,184,7676
47165,"White, non-Hispanic",65-84 years,1430,210,6775
47167,"White, non-Hispanic",65-84 years,409,57,1976
47169,"White, non-Hispanic",65-84 years,72,11,357
47171,"White, non-Hispanic",65-84 years,176,23,964
47173,"White, non-Hispanic",65-84 years,256,28,974
47175,"White, non-Hispanic",65-84 years,88,10,384
47177,"White, non-Hispanic",65-84 years,471,46,1782
47179,"White, non-Hispanic",65-84 years,1382,131,5249
47181,"White, non-Hispanic",65-84 years,178,25,766
47183,"White, non-Hispanic",65-84 years,515,60,1354
47185,"White, non-Hispanic",65-84 years,269,44,1290
47187,"White, non-Hispanic",65-84 years,1169,172,5786
47189,"White, non-Hispanic",65-84 years,1037,160,5141
48001,"White, non-Hispanic",65-84 years,452,63,1936
48003,"White, non-Hispanic",65-84 years,86,15,274
48005,"White, non-Hispanic",65-84 years,672,93,2894
48007,"White, non-Hispanic",65-84 years,298,41,1393
48009,"White, non-Hispanic",65-84 years,81,12,348
48011,"White, non-Hispanic",65-84 years,34,4,80
48013,"White, non-Hispanic",65-84 years,234,43,973
48015,"White, non-Hispanic",65-84 years,232,40,1178
48017,"White, non-Hispanic",65-84 years,51,8,172
48019,"White, non-Hispanic",65-84 years,231,33,1230
48021,"White, non-Hispanic",65-84 years,569,114,2942
48023,"White, non-Hispanic",65-84 years,36,5,151
48025,"White, non-Hispanic",65-84 years,163,27,567
48027,"White, non-Hispanic",65-84 years,1694,266,6576
48029,"White, non-Hispanic",65-84 years,8152,1339,28951
48031,"White, non-Hispanic",65-84 years,134,19,576
48035,"White, non-Hispanic",65-84 years,237,39,953
48037,"White, non-Hispanic",65-84 years,625,118,2930
48039,"White, non-Hispanic",65-84 years,1837,285,7127
48041,"White, non-Hispanic",65-84 years,974,171,4229
48043,"White, non-Hispanic",65-84 years,66,11,371
48045,"White, non-Hispanic",65-84 years,22,3,66
48047,"White, non-Hispanic",65-84 years,18,3,56
48049,"White, non-Hispanic",65-84 years,425,71,1537
48051,"White, non-Hispanic",65-84 years,179,25,741
48053,"White, non-Hispanic",65-84 years,513,89,2298
48055,"White, non-Hispanic",65-84 years,291,56,1105
48057,"White, non-Hispanic",65-84 years,127,16,625
48059,"White, non-Hispanic",65-84 years,176,30,616
48061,"White, non-Hispanic",65-84 years,1705,244,4655
48063,"White, non-Hispanic",65-84 years,129,16,487
48065,"White, non-Hispanic",65-84 years,83,12,224
48067,"White, non-Hispanic",65-84 years,410,65,1302
48069,"White, non-Hispanic",65-84 years,65,10,164
48071,"White, non-Hispanic",65-84 years,222,36,1097
48073,"White, non-Hispanic",65-84 years,506,87,1892
48075,"White, non-Hispanic",65-84 years,59,9,181
48077,"White, non-Hispanic",65-84 years,115,21,478
48079,"White, non-Hispanic",65-84 years,15,3,52
48081,"White, non-Hispanic",65-84 years,42,5,153
48083,"White, non-Hispanic",65-84 years,137,23,412
48085,"White, non-Hispanic",65-84 years,4578,594,18827
48087,"White, non-Hispanic",65-84 years,31,4,98
48089,"White, non-Hispanic",65-84 years,204,29,859
48091,"White, non-Hispanic",65-84 years,1360,224,5572
48093,"White, non-Hispanic",65-84 years,138,23,663
48095,"White, non-Hispanic",65-84 years,57,9,197
48097,"White, non-Hispanic",65-84 years,457,66,1611
48099,"White, non-Hispanic",65-84 years,362,57,1766
48101,"White, non-Hispanic",65-84 years,17,3,72
48103,"White, non-Hispanic",65-84 years,18,4,67
48105,"White, non-Hispanic",65-84 years,15,2,71
48107,"White, non-Hispanic",65-84 years,41,6,155
48109,"White, non-Hispanic",65-84 years,8,2,36
48111,"White, non-Hispanic",65-84 years,54,7,139
48113,"White, non-Hispanic",65-84 years,11893,1819,40060
48115,"White, non-Hispanic",65-84 years,66,11,262
48117,"White, non-Hispanic",65-84 years,116,18,314
48119,"White, non-Hispanic",65-84 years,65,8,233
48121,"White, non-Hispanic",65-84 years,4442,578,17531
48123,"White, non-Hispanic",65-84 years,148,20,740
48125,"White, non-Hispanic",65-84 years,27,4,90
48127,"White, non-Hispanic",65-84 years,19,3,62
48129,"White, non-Hispanic",65-84 years,60,7,164
48131,"White, non-Hispanic",65-84 years,21,3,76
48133,"White, non-Hispanic",65-84 years,203,31,810
48135,"White, non-Hispanic",65-84 years,486,103,2169
48137,"White, non-Hispanic",65-84 years,22,3,77
48139,"White, non-Hispanic",65-84 years,1313,186,4981
48141,"White, non-Hispanic",65-84 years,1608,250,5900
48143,"White, non-Hispanic",65-84 years,264,48,1276
48145,"White, non-Hispanic",65-84 years,160,26,632
48147,"White, non-Hispanic",65-84 years,360,41,1405
48149,"White, non-Hispanic",65-84 years,246,44,1259
48151,"White, non-Hispanic",65-84 years,36,6,154
48153,"White, non-Hispanic",65-84 years,44,6,159
48155,"White, non-Hispanic",65-84 years,13,2,58
48157,"White, non-Hispanic",65-84 years,3147,406,10490
48159,"White, non-Hispanic",65-84 years,144,20,471
48161,"White, non-Hispanic",65-84 years,155,22,798
48163,"White, non-Hispanic",65-84 years,54,10,211
48165,"White, non-Hispanic",65-84 years,90,15,289
48167,"White, non-Hispanic",65-84 years,1807,306,8527
48169,"White, non-Hispanic",65-84 years,32,6,143
48171,"White, non-Hispanic",65-84 years,358,56,1368
48175,"White, non-Hispanic",65-84 years,61,10,294
48177,"White, non-Hispanic",65-84 years,126,21,609
48179,"White, non-Hispanic",65-84 years,254,41,678
48181,"White, non-Hispanic",65-84 years,1197,177,4974
48183,"White, non-Hispanic",65-84 years,921,131,3573
48185,"White, non-Hispanic",65-84 years,288,43,1144
48187,"White, non-Hispanic",65-84 years,1079,175,4097
48189,"White, non-Hispanic",65-84 years,213,34,677
48191,"White, non-Hispanic",65-84 years,37,5,127
48193,"White, non-Hispanic",65-84 years,73,13,390
48195,"White, non-Hispanic",65-84 years,54,7,136
48197,"White, non-Hispanic",65-84 years,33,5,149
48199,"White, non-Hispanic",65-84 years,442,58,2035
48201,"White, non-Hispanic",65-84 years,16893,2972,68158
48203,"White, non-Hispanic",65-84 years,571,87,2355
48205,"White, non-Hispanic",65-84 years,48,5,153
48207,"White, non-Hispanic",65-84 years,90,9,232
48209,"White, non-Hispanic",65-84 years,1467,236,5153
48211,"White, non-Hispanic",65-84 years,37,6,96
48213,"White, non-Hispanic",65-84 years,1016,151,4028
48215,"White, non-Hispanic",65-84 years,2402,321,6553
48217,"White, non-Hispanic",65-84 years,364,57,1548
48219,"White, non-Hispanic",65-84 years,184,29,522
48221,"White, non-Hispanic",65-84 years,834,96,3303
48223,"White, non-Hispanic",65-84 years,369,46,1359
48225,"White, non-Hispanic",65-84 years,219,28,1044
48227,"White, non-Hispanic",65-84 years,156,33,760
48229,"White, non-Hispanic",65-84 years,14,2,46
48231,"White, non-Hispanic",65-84 years,1276,133,3492
48233,"White, non-Hispanic",65-84 years,256,43,712
48235,"White, non-Hispanic",65-84 years,16,2,56
48237,"White, non-Hispanic",65-84 years,73,9,316
48239,"White, non-Hispanic",65-84 years,118,18,530
48241,"White, non-Hispanic",65-84 years,347,53,1450
48243,"White, non-Hispanic",65-84 years,27,4,135
48245,"White, non-Hispanic",65-84 years,1326,183,5949
48249,"White, non-Hispanic",65-84 years,148,23,501
48251,"White, non-Hispanic",65-84 years,1688,215,5454
48253,"White, non-Hispanic",65-84 years,261,32,642
48255,"White, non-Hispanic",65-84 years,81,13,349
48257,"White, non-Hispanic",65-84 years,863,122,3410
48259,"White, non-Hispanic",65-84 years,337,58,1392
48263,"White, non-Hispanic",65-84 years,12,1,31
48265,"White, non-Hispanic",65-84 years,637,116,2775
48267,"White, non-Hispanic",65-84 years,73,12,267
48271,"White, non-Hispanic",65-84 years,27,5,125
48273,"White, non-Hispanic",65-84 years,110,17,370
48275,"White, non-Hispanic",65-84 years,42,6,124
48277,"White, non-Hispanic",65-84 years,612,75,1974
48279,"White, non-Hispanic",65-84 years,99,16,344
48281,"White, non-Hispanic",65-84 years,186,31,822
48283,"White, non-Hispanic",65-84 years,15,3,69
48285,"White, non-Hispanic",65-84 years,172,29,901
48287,"White, non-Hispanic",65-84 years,148,29,692
48289,"White, non-Hispanic",65-84 years,170,30,797
48291,"White, non-Hispanic",65-84 years,442,74,2508
48293,"White, non-Hispanic",65-84 years,167,20,912
48295,"White, non-Hispanic",65-84 years,37,5,108
48297,"White, non-Hispanic",65-84 years,125,21,441
48299,"White, non-Hispanic",65-84 years,317,43,1538
48303,"White, non-Hispanic",65-84 years,1907,255,6545
48305,"White, non-Hispanic",65-84 years,45,7,147
48307,"White, non-Hispanic",65-84 years,80,14,342
48309,"White, non-Hispanic",65-84 years,1935,298,6978
48313,"White, non-Hispanic",65-84 years,104,20,420
48315,"White, non-Hispanic",65-84 years,149,21,538
48317,"White, non-Hispanic",65-84 years,19,3,91
48319,"White, non-Hispanic",65-84 years,56,9,234
48321,"White, non-Hispanic",65-84 years,240,46,1124
48323,"White, non-Hispanic",65-84 years,33,5,94
48325,"White, non-Hispanic",65-84 years,314,54,1421
48327,"White, non-Hispanic",65-84 years,25,4,116
48329,"White, non-Hispanic",65-84 years,525,98,2572
48331,"White, non-Hispanic",65-84 years,302,53,1048
48333,"White, non-Hispanic",65-84 years,48,9,245
48335,"White, non-Hispanic",65-84 years,80,14,246
48337,"White, non-Hispanic",65-84 years,223,37,951
48339,"White, non-Hispanic",65-84 years,3411,556,16356
48341,"White, non-Hispanic",65-84 years,146,23,377
48343,"White, non-Hispanic",65-84 years,114,16,513
48345,"White, non-Hispanic",65-84 years,17,2,62
48347,"White, non-Hispanic",65-84 years,471,82,1953
48349,"White, non-Hispanic",65-84 years,495,54,1783
48351,"White, non-Hispanic",65-84 years,114,19,567
48353,"White, non-Hispanic",65-84 years,140,19,461
48355,"White, non-Hispanic",65-84 years,2135,288,6316
48357,"White, non-Hispanic",65-84 years,82,13,225
48359,"White, non-Hispanic",65-84 years,17,2,51
48361,"White, non-Hispanic",65-84 years,615,75,2905
48363,"White, non-Hispanic",65-84 years,298,36,1213
48365,"White, non-Hispanic",65-84 years,216,32,928
48367,"White, non-Hispanic",65-84 years,1681,184,4957
48369,"White, non-Hispanic",65-84 years,66,9,213
48371,"White, non-Hispanic",65-84 years,43,8,192
48373,"White, non-Hispanic",65-84 years,454,74,2284
48375,"White, non-Hispanic",65-84 years,963,153,2578
48377,"White, non-Hispanic",65-84 years,18,3,78
48379,"White, non-Hispanic",65-84 years,201,26,666
48381,"White, non-Hispanic",65-84 years,1574,247,3980
48383,"White, non-Hispanic",65-84 years,13,2,49
48385,"White, non-Hispanic",65-84 years,37,8,173
48387,"White, non-Hispanic",65-84 years,156,23,591
48389,"White, non-Hispanic",65-84 years,22,4,109
48391,"White, non-Hispanic",65-84 years,53,8,224
48393,"White, non-Hispanic",65-84 years,11,1,32
48395,"White, non-Hispanic",65-84 years,145,25,649
48397,"White, non-Hispanic",65-84 years,617,86,2507
48399,"White, non-Hispanic",65-84 years,108,18,368
48401,"White, non-Hispanic",65-84 years,455,66,1782
48403,"White, non-Hispanic",65-84 years,146,17,695
48405,"White, non-Hispanic",65-84 years,123,15,451
48407,"White, non-Hispanic",65-84 years,229,31,1362
48409,"White, non-Hispanic",65-84 years,469,71,1596
48411,"White, non-Hispanic",65-84 years,73,11,276
48413,"White, non-Hispanic",65-84 years,28,4,82
48415,"White, non-Hispanic",65-84 years,118,16,418
48417,"White, non-Hispanic",65-84 years,34,5,132
48419,"White, non-Hispanic",65-84 years,286,37,885
48421,"White, non-Hispanic",65-84 years,27,4,75
48423,"White, non-Hispanic",65-84 years,1791,267,7106
48425,"White, non-Hispanic",65-84 years,98,13,352
48427,"White, non-Hispanic",65-84 years,49,7,156
48429,"White, non-Hispanic",65-84 years,81,15,388
48433,"White, non-Hispanic",65-84 years,19,2,58
48435,"White, non-Hispanic",65-84 years,27,5,87
48437,"White, non-Hispanic",65-84 years,72,11,206
48439,"White, non-Hispanic",65-84 years,13342,1993,43979
48441,"White, non-Hispanic",65-84 years,1020,156,3662
48443,"White, non-Hispanic",65-84 years,8,1,34
48445,"White, non-Hispanic",65-84 years,70,9,279
48447,"White, non-Hispanic",65-84 years,16,2,69
48449,"White, non-Hispanic",65-84 years,203,35,834
48451,"White, non-Hispanic",65-84 years,860,137,3226
48453,"White, non-Hispanic",65-84 years,5218,896,20057
48455,"White, non-Hispanic",65-84 years,160,24,824
48457,"White, non-Hispanic",65-84 years,243,31,1007
48459,"White, non-Hispanic",65-84 years,381,46,1627
48461,"White, non-Hispanic",65-84 years,15,2,69
48463,"White, non-Hispanic",65-84 years,184,28,527
48465,"White, non-Hispanic",65-84 years,144,23,458
48467,"White, non-Hispanic",65-84 years,695,102,2599
48469,"White, non-Hispanic",65-84 years,468,71,2384
48471,"White, non-Hispanic",65-84 years,491,80,2277
48473,"White, non-Hispanic",65-84 years,312,59,1307
48475,"White, non-Hispanic",65-84 years,35,6,203
48477,"White, non-Hispanic",65-84 years,279,53,1455
48479,"White, non-Hispanic",65-84 years,321,46,907
48481,"White, non-Hispanic",65-84 years,281,49,1240
48483,"White, non-Hispanic",65-84 years,80,10,207
48485,"White, non-Hispanic",65-84 years,814,117,3637
48487,"White, non-Hispanic",65-84 years,122,20,435
48489,"White, non-Hispanic",65-84 years,69,11,180
48491,"White, non-Hispanic",65-84 years,3012,468,13175
48493,"White, non-Hispanic",65-84 years,313,57,1400
48495,"White, non-Hispanic",65-84 years,27,4,127
48497,"White, non-Hispanic",65-84 years,762,105,2220
48499,"White, non-Hispanic",65-84 years,658,92,2619
48501,"White, non-Hispanic",65-84 years,40,4,124
48503,"White, non-Hispanic",65-84 years,156,24,745
48505,"White, non-Hispanic",65-84 years,32,4,85
48507,"White, non-Hispanic",65-84 years,11,2,39
49001,"White, non-Hispanic",65-84 years,66,8,203
49003,"White, non-Hispanic",65-84 years,310,46,1447
49005,"White, non-Hispanic",65-84 years,656,97,2508
49007,"White, non-Hispanic",65-84 years,156,23,688
49009,"White, non-Hispanic",65-84 years,16,3,48
49011,"White, non-Hispanic",65-84 years,1864,233,6823
49013,"White, non-Hispanic",65-84 years,164,22,451
49015,"White, non-Hispanic",65-84 years,81,12,334
49017,"White, non-Hispanic",65-84 years,68,9,220
49019,"White, non-Hispanic",65-84 years,55,8,333
49021,"White, non-Hispanic",65-84 years,520,41,1502
49023,"White, non-Hispanic",65-84 years,65,10,265
49025,"White, non-Hispanic",65-84 years,93,11,330
49027,"White, non-Hispanic",65-84 years,128,20,409
49029,"White, non-Hispanic",65-84 years,73,8,261
49031,"White, non-Hispanic",65-84 years,26,3,85
49033,"White, non-Hispanic",65-84 years,26,4,95
49035,"White, non-Hispanic",65-84 years,6243,819,23003
49037,"White, non-Hispanic",65-84 years,66,13,309
49039,"White, non-Hispanic",65-84 years,231,24,800
49041,"White, non-Hispanic",65-84 years,273,34,712
49043,"White, non-Hispanic",65-84 years,176,21,937
49045,"White, non-Hispanic",65-84 years,404,50,1355
49047,"White, non-Hispanic",65-84 years,304,39,788
49049,"White, non-Hispanic",65-84 years,2468,346,9157
49051,"White, non-Hispanic",65-84 years,155,22,831
49053,"White, non-Hispanic",65-84 years,1863,213,6881
49055,"White, non-Hispanic",65-84 years,32,4,106
49057,"White, non-Hispanic",65-84 years,1373,192,6015
50001,"White, non-Hispanic",65-84 years,332,48,1355
50003,"White, non-Hispanic",65-84 years,333,47,1471
50005,"White, non-Hispanic",65-84 years,341,45,1177
50007,"White, non-Hispanic",65-84 years,1086,164,3994
50009,"White, non-Hispanic",65-84 years,73,8,326
50011,"White, non-Hispanic",65-84 years,470,64,1519
50013,"White, non-Hispanic",65-84 years,84,13,273
50015,"White, non-Hispanic",65-84 years,261,33,771
50017,"White, non-Hispanic",65-84 years,281,45,1120
50019,"White, non-Hispanic",65-84 years,354,37,1135
50021,"White, non-Hispanic",65-84 years,727,83,2654
50023,"White, non-Hispanic",65-84 years,592,78,1969
50025,"White, non-Hispanic",65-84 years,722,50,1952
50027,"White, non-Hispanic",65-84 years,437,66,2332
51001,"White, non-Hispanic",65-84 years,479,78,1707
51003,"White, non-Hispanic",65-84 years,1000,165,3744
51005,"White, non-Hispanic",65-84 years,191,30,747
51007,"White, non-Hispanic",65-84 years,141,18,481
51009,"White, non-Hispanic",65-84 years,478,67,1328
51011,"White, non-Hispanic",65-84 years,258,38,682
51013,"White, non-Hispanic",65-84 years,837,132,3182
51015,"White, non-Hispanic",65-84 years,986,141,3609
51017,"White, non-Hispanic",65-84 years,64,7,243
51019,"White, non-Hispanic",65-84 years,979,129,3359
51021,"White, non-Hispanic",65-84 years,78,10,348
51023,"White, non-Hispanic",65-84 years,423,61,1541
51025,"White, non-Hispanic",65-84 years,201,29,544
51027,"White, non-Hispanic",65-84 years,244,35,1271
51029,"White, non-Hispanic",65-84 years,155,22,655
51031,"White, non-Hispanic",65-84 years,795,110,2249
51033,"White, non-Hispanic",65-84 years,254,39,912
51035,"White, non-Hispanic",65-84 years,396,51,1646
51036,"White, non-Hispanic",65-84 years,65,10,230
51037,"White, non-Hispanic",65-84 years,122,18,457
51041,"White, non-Hispanic",65-84 years,2681,356,9575
51043,"White, non-Hispanic",65-84 years,208,30,594
51045,"White, non-Hispanic",65-84 years,82,7,255
51047,"White, non-Hispanic",65-84 years,614,63,1659
51049,"White, non-Hispanic",65-84 years,99,16,398
51051,"White, non-Hispanic",65-84 years,153,20,866
51053,"White, non-Hispanic",65-84 years,234,38,906
51057,"White, non-Hispanic",65-84 years,142,24,455
51059,"White, non-Hispanic",65-84 years,4779,727,18095
51061,"White, non-Hispanic",65-84 years,460,76,2216
51063,"White, non-Hispanic",65-84 years,242,32,829
51065,"White, non-Hispanic",65-84 years,273,35,1058
51067,"White, non-Hispanic",65-84 years,744,101,2843
51069,"White, non-Hispanic",65-84 years,1147,144,3274
51071,"White, non-Hispanic",65-84 years,157,22,799
51073,"White, non-Hispanic",65-84 years,422,52,1520
51075,"White, non-Hispanic",65-84 years,356,58,1000
51077,"White, non-Hispanic",65-84 years,242,25,895
51079,"White, non-Hispanic",65-84 years,201,26,733
51081,"White, non-Hispanic",65-84 years,92,12,270
51083,"White, non-Hispanic",65-84 years,441,63,1374
51085,"White, non-Hispanic",65-84 years,1163,154,3677
51087,"White, non-Hispanic",65-84 years,2436,330,7679
51089,"White, non-Hispanic",65-84 years,638,103,2381
51091,"White, non-Hispanic",65-84 years,38,6,179
51093,"White, non-Hispanic",65-84 years,344,50,1334
51095,"White, non-Hispanic",65-84 years,1155,135,3665
51097,"White, non-Hispanic",65-84 years,112,18,286
51099,"White, non-Hispanic",65-84 years,159,23,673
51101,"White, non-Hispanic",65-84 years,182,26,559
51103,"White, non-Hispanic",65-84 years,212,36,736
51105,"White, non-Hispanic",65-84 years,280,40,1355
51107,"White, non-Hispanic",65-84 years,1621,257,5661
51109,"White, non-Hispanic",65-84 years,450,69,1597
51111,"White, non-Hispanic",65-84 years,129,19,521
51113,"White, non-Hispanic",65-84 years,248,28,628
51115,"White, non-Hispanic",65-84 years,129,19,500
51117,"White, non-Hispanic",65-84 years,488,69,1426
51119,"White, non-Hispanic",65-84 years,180,23,676
51121,"White, non-Hispanic",65-84 years,731,84,2840
51125,"White, non-Hispanic",65-84 years,249,37,846
51127,"White, non-Hispanic",65-84 years,249,35,824
51131,"White, non-Hispanic",65-84 years,219,30,660
51133,"White, non-Hispanic",65-84 years,284,44,809
51135,"White, non-Hispanic",65-84 years,135,19,513
51137,"White, non-Hispanic",65-84 years,412,48,1410
51139,"White, non-Hispanic",65-84 years,348,37,1129
51141,"White, non-Hispanic",65-84 years,228,33,1070
51143,"White, non-Hispanic",65-84 years,875,128,2968
51145,"White, non-Hispanic",65-84 years,365,44,1136
51147,"White, non-Hispanic",65-84 years,125,21,596
51149,"White, non-Hispanic",65-84 years,319,47,1125
51153,"White, non-Hispanic",65-84 years,2034,282,7257
51155,"White, non-Hispanic",65-84 years,374,57,1709
51157,"White, non-Hispanic",65-84 years,120,16,396
51159,"White, non-Hispanic",65-84 years,97,15,367
51161,"White, non-Hispanic",65-84 years,956,116,3744
51163,"White, non-Hispanic",65-84 years,392,56,1272
51165,"White, non-Hispanic",65-84 years,733,112,3620
51167,"White, non-Hispanic",65-84 years,285,39,1485
51169,"White, non-Hispanic",65-84 years,288,30,1316
51171,"White, non-Hispanic",65-84 years,529,78,2005
51173,"White, non-Hispanic",65-84 years,488,54,1506
51175,"White, non-Hispanic",65-84 years,180,31,687
51177,"White, non-Hispanic",65-84 years,927,146,3820
51179,"White, non-Hispanic",65-84 years,725,104,2890
51181,"White, non-Hispanic",65-84 years,77,12,258
51183,"White, non-Hispanic",65-84 years,80,14,287
51185,"White, non-Hispanic",65-84 years,414,52,2245
51187,"White, non-Hispanic",65-84 years,408,59,1407
51191,"White, non-Hispanic",65-84 years,556,68,2834
51193,"White, non-Hispanic",65-84 years,246,41,991
51195,"White, non-Hispanic",65-84 years,378,48,1883
51197,"White, non-Hispanic",65-84 years,427,51,1357
51199,"White, non-Hispanic",65-84 years,795,89,2423
51510,"White, non-Hispanic",65-84 years,626,101,2426
51515,"White, non-Hispanic",65-84 years,79,11,304
51520,"White, non-Hispanic",65-84 years,182,26,903
51530,"White, non-Hispanic",65-84 years,77,11,251
51540,"White, non-Hispanic",65-84 years,216,30,879
51550,"White, non-Hispanic",65-84 years,1762,268,5778
51570,"White, non-Hispanic",65-84 years,146,18,613
51580,"White, non-Hispanic",65-84 years,64,8,243
51590,"White, non-Hispanic",65-84 years,368,62,1284
51595,"White, non-Hispanic",65-84 years,42,7,143
51600,"White, non-Hispanic",65-84 years,111,17,424
51610,"White, non-Hispanic",65-84 years,46,7,254
51620,"White, non-Hispanic",65-84 years,51,8,241
51630,"White, non-Hispanic",65-84 years,119,17,532
51640,"White, non-Hispanic",65-84 years,66,10,264
51650,"White, non-Hispanic",65-84 years,866,143,2910
51660,"White, non-Hispanic",65-84 years,196,27,959
51670,"White, non-Hispanic",65-84 years,169,25,695
51678,"White, non-Hispanic",65-84 years,64,8,237
51680,"White, non-Hispanic",65-84 years,629,82,1829
51683,"White, non-Hispanic",65-84 years,181,28,688
51685,"White, non-Hispanic",65-84 years,42,6,161
51690,"White, non-Hispanic",65-84 years,133,22,442
51700,"White, non-Hispanic",65-84 years,1035,153,3490
51710,"White, non-Hispanic",65-84 years,1108,161,4200
51720,"White, non-Hispanic",65-84 years,32,4,144
51730,"White, non-Hispanic",65-84 years,103,17,359
51735,"White, non-Hispanic",65-84 years,135,18,434
51740,"White, non-Hispanic",65-84 years,633,89,2223
51750,"White, non-Hispanic",65-84 years,121,15,349
51760,"White, non-Hispanic",65-84 years,1112,158,3870
51770,"White, non-Hispanic",65-84 years,893,115,3048
51775,"White, non-Hispanic",65-84 years,313,30,906
51790,"White, non-Hispanic",65-84 years,264,33,1019
51800,"White, non-Hispanic",65-84 years,600,95,2184
51810,"White, non-Hispanic",65-84 years,3452,408,11239
51820,"White, non-Hispanic",65-84 years,194,33,742
51830,"White, non-Hispanic",65-84 years,153,16,460
51840,"White, non-Hispanic",65-84 years,240,33,839
53001,"White, non-Hispanic",65-84 years,127,20,420
53003,"White, non-Hispanic",65-84 years,228,37,1061
53005,"White, non-Hispanic",65-84 years,1921,257,5907
53007,"White, non-Hispanic",65-84 years,856,125,2841
53009,"White, non-Hispanic",65-84 years,995,157,4292
53011,"White, non-Hispanic",65-84 years,4322,574,15470
53013,"White, non-Hispanic",65-84 years,69,7,221
53015,"White, non-Hispanic",65-84 years,1273,164,4303
53017,"White, non-Hispanic",65-84 years,496,69,1497
53019,"White, non-Hispanic",65-84 years,88,13,431
53021,"White, non-Hispanic",65-84 years,645,94,1781
53023,"White, non-Hispanic",65-84 years,26,4,115
53025,"White, non-Hispanic",65-84 years,820,118,2741
53027,"White, non-Hispanic",65-84 years,1216,161,3917
53029,"White, non-Hispanic",65-84 years,902,129,3983
53031,"White, non-Hispanic",65-84 years,571,71,2253
53033,"White, non-Hispanic",65-84 years,13435,2021,40964
53035,"White, non-Hispanic",65-84 years,2957,389,9043
53037,"White, non-Hispanic",65-84 years,425,44,1448
53039,"White, non-Hispanic",65-84 years,218,39,1137
53041,"White, non-Hispanic",65-84 years,1146,121,3604
53043,"White, non-Hispanic",65-84 years,136,18,527
53045,"White, non-Hispanic",65-84 years,693,104,3268
53047,"White, non-Hispanic",65-84 years,496,74,1847
53049,"White, non-Hispanic",65-84 years,651,45,1587
53051,"White, non-Hispanic",65-84 years,148,21,728
53053,"White, non-Hispanic",65-84 years,6219,988,23439
53055,"White, non-Hispanic",65-84 years,187,28,1032
53057,"White, non-Hispanic",65-84 years,1449,212,5147
53059,"White, non-Hispanic",65-84 years,112,16,566
53061,"White, non-Hispanic",65-84 years,6568,970,21060
53063,"White, non-Hispanic",65-84 years,4305,660,16590
53065,"White, non-Hispanic",65-84 years,582,79,2221
53067,"White, non-Hispanic",65-84 years,3084,458,9844
53069,"White, non-Hispanic",65-84 years,86,11,299
53071,"White, non-Hispanic",65-84 years,798,88,2133
53073,"White, non-Hispanic",65-84 years,2200,315,7170
53075,"White, non-Hispanic",65-84 years,244,34,1017
53077,"White, non-Hispanic",65-84 years,1764,262,6677
54001,"White, non-Hispanic",65-84 years,247,25,747
54003,"White, non-Hispanic",65-84 years,965,169,4130
54005,"White, non-Hispanic",65-84 years,303,58,1220
54007,"White, non-Hispanic",65-84 years,222,22,729
54009,"White, non-Hispanic",65-84 years,378,53,1241
54011,"White, non-Hispanic",65-84 years,1337,166,4084
54013,"White, non-Hispanic",65-84 years,119,15,413
54015,"White, non-Hispanic",65-84 years,140,16,466
54017,"White, non-Hispanic",65-84 years,93,13,411
54019,"White, non-Hispanic",65-84 years,597,81,2127
54021,"White, non-Hispanic",65-84 years,84,11,320
54023,"White, non-Hispanic",65-84 years,148,20,606
54025,"White, non-Hispanic",65-84 years,332,54,1660
54027,"White, non-Hispanic",65-84 years,391,52,1340
54029,"White, non-Hispanic",65-84 years,417,56,1473
54031,"White, non-Hispanic",65-84 years,165,20,753
54033,"White, non-Hispanic",65-84 years,760,98,2802
54035,"White, non-Hispanic",65-84 years,339,55,1388
54037,"White, non-Hispanic",65-84 years,674,99,2034
54039,"White, non-Hispanic",65-84 years,2599,381,8188
54041,"White, non-Hispanic",65-84 years,212,26,810
54043,"White, non-Hispanic",65-84 years,320,51,1147
54045,"White, non-Hispanic",65-84 years,438,60,1813
54047,"White, non-Hispanic",65-84 years,257,33,1220
54049,"White, non-Hispanic",65-84 years,667,110,2449
54051,"White, non-Hispanic",65-84 years,388,78,1604
54053,"White, non-Hispanic",65-84 years,410,59,1392
54055,"White, non-Hispanic",65-84 years,549,78,3186
54057,"White, non-Hispanic",65-84 years,334,40,1366
54059,"White, non-Hispanic",65-84 years,412,44,1288
54061,"White, non-Hispanic",65-84 years,713,117,2925
54063,"White, non-Hispanic",65-84 years,148,19,726
54065,"White, non-Hispanic",65-84 years,254,45,944
54067,"White, non-Hispanic",65-84 years,450,49,1343
54069,"White, non-Hispanic",65-84 years,593,104,1824
54071,"White, non-Hispanic",65-84 years,80,12,363
54073,"White, non-Hispanic",65-84 years,88,19,355
54075,"White, non-Hispanic",65-84 years,116,14,483
54077,"White, non-Hispanic",65-84 years,419,66,1678
54079,"White, non-Hispanic",65-84 years,730,101,2554
54081,"White, non-Hispanic",65-84 years,743,116,3662
54083,"White, non-Hispanic",65-84 years,377,55,1339
54085,"White, non-Hispanic",65-84 years,128,21,482
54087,"White, non-Hispanic",65-84 years,153,24,818
54089,"White, non-Hispanic",65-84 years,142,26,782
54091,"White, non-Hispanic",65-84 years,194,27,796
54093,"White, non-Hispanic",65-84 years,81,12,411
54095,"White, non-Hispanic",65-84 years,119,16,462
54097,"White, non-Hispanic",65-84 years,256,33,1117
54099,"White, non-Hispanic",65-84 years,751,92,2270
54101,"White, non-Hispanic",65-84 years,166,17,506
54103,"White, non-Hispanic",65-84 years,186,29,749
54105,"White, non-Hispanic",65-84 years,70,11,281
54107,"White, non-Hispanic",65-84 years,1030,152,4141
54109,"White, non-Hispanic",65-84 years,251,29,1278
55001,"White, non-Hispanic",65-84 years,332,47,1376
55003,"White, non-Hispanic",65-84 years,136,26,598
55005,"White, non-Hispanic",65-84 years,702,88,1973
55007,"White, non-Hispanic",65-84 years,222,44,898
55009,"White, non-Hispanic",65-84 years,2184,322,8013
55011,"White, non-Hispanic",65-84 years,143,22,578
55013,"White, non-Hispanic",65-84 years,190,26,1011
55015,"White, non-Hispanic",65-84 years,543,69,1670
55017,"White, non-Hispanic",65-84 years,612,84,2367
55019,"White, non-Hispanic",65-84 years,366,58,1196
55021,"White, non-Hispanic",65-84 years,569,77,2122
55023,"White, non-Hispanic",65-84 years,182,23,759
55025,"White, non-Hispanic",65-84 years,3254,443,12910
55027,"White, non-Hispanic",65-84 years,986,131,3230
55029,"White, non-Hispanic",65-84 years,366,50,1721
55031,"White, non-Hispanic",65-84 years,447,49,1720
55033,"White, non-Hispanic",65-84 years,405,62,1369
55035,"White, non-Hispanic",65-84 years,812,109,2881
55037,"White, non-Hispanic",65-84 years,85,11,277
55039,"White, non-Hispanic",65-84 years,1127,156,3764
55041,"White, non-Hispanic",65-84 years,124,14,459
55043,"White, non-Hispanic",65-84 years,397,56,1750
55045,"White, non-Hispanic",65-84 years,319,43,1347
55047,"White, non-Hispanic",65-84 years,247,33,824
55049,"White, non-Hispanic",65-84 years,267,44,897
55051,"White, non-Hispanic",65-84 years,70,12,390
55053,"White, non-Hispanic",65-84 years,193,30,795
55055,"White, non-Hispanic",65-84 years,1020,109,2973
55057,"White, non-Hispanic",65-84 years,258,39,1136
55059,"White, non-Hispanic",65-84 years,1611,193,4963
55061,"White, non-Hispanic",65-84 years,274,37,876
55063,"White, non-Hispanic",65-84 years,841,107,3317
55065,"White, non-Hispanic",65-84 years,148,25,656
55067,"White, non-Hispanic",65-84 years,230,37,947
55069,"White, non-Hispanic",65-84 years,287,46,1221
55071,"White, non-Hispanic",65-84 years,718,115,3495
55073,"White, non-Hispanic",65-84 years,1403,152,4754
55075,"White, non-Hispanic",65-84 years,581,66,2098
55077,"White, non-Hispanic",65-84 years,201,27,808
55078,"White, non-Hispanic",65-84 years,18,2,71
55079,"White, non-Hispanic",65-84 years,5483,796,21562
55081,"White, non-Hispanic",65-84 years,407,63,1539
55083,"White, non-Hispanic",65-84 years,425,63,1724
55085,"White, non-Hispanic",65-84 years,454,60,1809
55087,"White, non-Hispanic",65-84 years,1807,238,5423
55089,"White, non-Hispanic",65-84 years,684,95,2899
55091,"White, non-Hispanic",65-84 years,90,17,324
55093,"White, non-Hispanic",65-84 years,317,54,1232
55095,"White, non-Hispanic",65-84 years,573,67,1825
55097,"White, non-Hispanic",65-84 years,609,87,2387
55099,"White, non-Hispanic",65-84 years,220,29,779
55101,"White, non-Hispanic",65-84 years,1495,208,6475
55103,"White, non-Hispanic",65-84 years,187,23,790
55105,"White, non-Hispanic",65-84 years,1263,196,5481
55107,"White, non-Hispanic",65-84 years,243,31,701
55109,"White, non-Hispanic",65-84 years,526,86,2628
55111,"White, non-Hispanic",65-84 years,750,99,2401
55113,"White, non-Hispanic",65-84 years,209,36,931
55115,"White, non-Hispanic",65-84 years,541,65,1700
55117,"White, non-Hispanic",65-84 years,1184,164,4376
55119,"White, non-Hispanic",65-84 years,227,30,786
55121,"White, non-Hispanic",65-84 years,297,39,1088
55123,"White, non-Hispanic",65-84 years,378,53,1141
55125,"White, non-Hispanic",65-84 years,338,43,1403
55127,"White, non-Hispanic",65-84 years,808,118,3914
55129,"White, non-Hispanic",65-84 years,250,35,845
55131,"White, non-Hispanic",65-84 years,1204,194,4812
55133,"White, non-Hispanic",65-84 years,3650,413,11981
55135,"White, non-Hispanic",65-84 years,615,82,2069
55137,"White, non-Hispanic",65-84 years,332,48,1267
55139,"White, non-Hispanic",65-84 years,1584,214,5274
55141,"White, non-Hispanic",65-84 years,709,105,2726
56001,"White, non-Hispanic",65-84 years,249,41,828
56003,"White, non-Hispanic",65-84 years,132,18,454
56005,"White, non-Hispanic",65-84 years,259,40,1063
56007,"White, non-Hispanic",65-84 years,133,25,464
56009,"White, non-Hispanic",65-84 years,116,15,445
56011,"White, non-Hispanic",65-84 years,63,10,286
56013,"White, non-Hispanic",65-84 years,438,72,1369
56015,"White, non-Hispanic",65-84 years,119,16,517
56017,"White, non-Hispanic",65-84 years,59,10,215
56019,"White, non-Hispanic",65-84 years,91,11,399
56021,"White, non-Hispanic",65-84 years,721,113,2934
56023,"White, non-Hispanic",65-84 years,196,24,708
56025,"White, non-Hispanic",65-84 years,772,102,2434
56027,"White, non-Hispanic",65-84 years,27,4,112
56029,"White, non-Hispanic",65-84 years,326,48,1218
56031,"White, non-Hispanic",65-84 years,88,12,416
56033,"White, non-Hispanic",65-84 years,250,36,1181
56035,"White, non-Hispanic",65-84 years,94,9,343
56037,"White, non-Hispanic",65-84 years,221,33,1121
56039,"White, non-Hispanic",65-84 years,223,14,570
56041,"White, non-Hispanic",65-84 years,146,25,628
56043,"White, non-Hispanic",65-84 years,61,10,316
56045,"White, non-Hispanic",65-84 years,70,10,262
01001,"Black, non-Hispanic",40-64 years,336,55,826
01003,"Black, non-Hispanic",40-64 years,335,86,1211
01005,"Black, non-Hispanic",40-64 years,402,115,978
01007,"Black, non-Hispanic",40-64 years,167,32,360
01009,"Black, non-Hispanic",40-64 years,18,4,61
01011,"Black, non-Hispanic",40-64 years,229,79,765
01013,"Black, non-Hispanic",40-64 years,220,59,673
01015,"Black, non-Hispanic",40-64 years,599,151,1734
01017,"Black, non-Hispanic",40-64 years,360,90,1259
01019,"Black, non-Hispanic",40-64 years,24,4,83
01021,"Black, non-Hispanic",40-64 years,116,28,327
01023,"Black, non-Hispanic",40-64 years,169,57,535
01025,"Black, non-Hispanic",40-64 years,271,86,954
01027,"Black, non-Hispanic",40-64 years,58,13,150
01029,"Black, non-Hispanic",40-64 years,10,3,29
01031,"Black, non-Hispanic",40-64 years,252,53,661
01033,"Black, non-Hispanic",40-64 years,182,38,704
01035,"Black, non-Hispanic",40-64 years,122,32,483
01037,"Black, non-Hispanic",40-64 years,97,22,314
01039,"Black, non-Hispanic",40-64 years,96,19,299
01041,"Black, non-Hispanic",40-64 years,91,21,259
01043,"Black, non-Hispanic",40-64 years,22,5,73
01045,"Black, non-Hispanic",40-64 years,241,56,732
01047,"Black, non-Hispanic",40-64 years,1120,301,2689
01049,"Black, non-Hispanic",40-64 years,24,5,83
01051,"Black, non-Hispanic",40-64 years,361,77,1314
01053,"Black, non-Hispanic",40-64 years,245,68,883
01055,"Black, non-Hispanic",40-64 years,367,68,1159
01057,"Black, non-Hispanic",40-64 years,36,10,148
01059,"Black, non-Hispanic",40-64 years,36,5,90
01061,"Black, non-Hispanic",40-64 years,50,13,188
01063,"Black, non-Hispanic",40-64 years,232,65,629
01065,"Black, non-Hispanic",40-64 years,248,70,780
01067,"Black, non-Hispanic",40-64 years,138,33,357
01069,"Black, non-Hispanic",40-64 years,607,167,1939
01071,"Black, non-Hispanic",40-64 years,45,11,128
01073,"Black, non-Hispanic",40-64 years,6078,1522,20585
01075,"Black, non-Hispanic",40-64 years,32,9,119
01077,"Black, non-Hispanic",40-64 years,145,31,561
01079,"Black, non-Hispanic",40-64 years,81,20,328
01081,"Black, non-Hispanic",40-64 years,942,220,2863
01083,"Black, non-Hispanic",40-64 years,339,89,1238
01085,"Black, non-Hispanic",40-64 years,280,69,780
01087,"Black, non-Hispanic",40-64 years,484,129,1432
01089,"Black, non-Hispanic",40-64 years,1857,475,6049
01091,"Black, non-Hispanic",40-64 years,340,73,886
01093,"Black, non-Hispanic",40-64 years,29,6,102
01095,"Black, non-Hispanic",40-64 years,53,13,191
01097,"Black, non-Hispanic",40-64 years,3678,979,10796
01099,"Black, non-Hispanic",40-64 years,262,53,696
01101,"Black, non-Hispanic",40-64 years,3298,783,10182
01103,"Black, non-Hispanic",40-64 years,273,65,1152
01105,"Black, non-Hispanic",40-64 years,262,57,582
01107,"Black, non-Hispanic",40-64 years,224,63,661
01109,"Black, non-Hispanic",40-64 years,350,64,840
01111,"Black, non-Hispanic",40-64 years,86,22,319
01113,"Black, non-Hispanic",40-64 years,635,164,2487
01115,"Black, non-Hispanic",40-64 years,197,56,706
01117,"Black, non-Hispanic",40-64 years,466,123,1750
01119,"Black, non-Hispanic",40-64 years,393,91,947
01121,"Black, non-Hispanic",40-64 years,651,187,2140
01123,"Black, non-Hispanic",40-64 years,251,67,817
01125,"Black, non-Hispanic",40-64 years,1335,371,4599
01127,"Black, non-Hispanic",40-64 years,70,16,284
01129,"Black, non-Hispanic",40-64 years,111,37,308
01131,"Black, non-Hispanic",40-64 years,249,60,739
02020,"Black, non-Hispanic",40-64 years,230,65,748
02090,"Black, non-Hispanic",40-64 years,53,14,124
02170,"Black, non-Hispanic",40-64 years,27,6,80
04001,"Black, non-Hispanic",40-64 years,16,4,33
04003,"Black, non-Hispanic",40-64 years,80,23,308
04005,"Black, non-Hispanic",40-64 years,32,8,91
04009,"Black, non-Hispanic",40-64 years,16,4,52
04013,"Black, non-Hispanic",40-64 years,4327,1138,14513
04015,"Black, non-Hispanic",40-64 years,43,11,183
04017,"Black, non-Hispanic",40-64 years,32,9,79
04019,"Black, non-Hispanic",40-64 years,630,167,2092
04021,"Black, non-Hispanic",40-64 years,617,162,1689
04025,"Black, non-Hispanic",40-64 years,45,11,145
04027,"Black, non-Hispanic",40-64 years,77,20,269
05001,"Black, non-Hispanic",40-64 years,115,26,314
05003,"Black, non-Hispanic",40-64 years,186,48,369
05007,"Black, non-Hispanic",40-64 years,85,23,283
05011,"Black, non-Hispanic",40-64 years,110,32,241
05013,"Black, non-Hispanic",40-64 years,25,9,79
05017,"Black, non-Hispanic",40-64 years,238,49,515
05019,"Black, non-Hispanic",40-64 years,89,30,322
05025,"Black, non-Hispanic",40-64 years,20,5,51
05027,"Black, non-Hispanic",40-64 years,199,62,536
05029,"Black, non-Hispanic",40-64 years,59,15,188
05031,"Black, non-Hispanic",40-64 years,225,48,714
05033,"Black, non-Hispanic",40-64 years,16,5,63
05035,"Black, non-Hispanic",40-64 years,691,204,2109
05037,"Black, non-Hispanic",40-64 years,130,30,297
05039,"Black, non-Hispanic",40-64 years,84,28,216
05041,"Black, non-Hispanic",40-64 years,174,39,453
05043,"Black, non-Hispanic",40-64 years,131,41,299
05045,"Black, non-Hispanic",40-64 years,295,65,744
05051,"Black, non-Hispanic",40-64 years,137,36,502
05053,"Black, non-Hispanic",40-64 years,13,2,33
05055,"Black, non-Hispanic",40-64 years,19,3,41
05057,"Black, non-Hispanic",40-64 years,156,45,491
05059,"Black, non-Hispanic",40-64 years,74,21,256
05061,"Black, non-Hispanic",40-64 years,63,17,197
05063,"Black, non-Hispanic",40-64 years,22,5,57
05067,"Black, non-Hispanic",40-64 years,60,15,214
05069,"Black, non-Hispanic",40-64 years,1081,275,3093
05071,"Black, non-Hispanic",40-64 years,12,2,31
05073,"Black, non-Hispanic",40-64 years,54,14,208
05077,"Black, non-Hispanic",40-64 years,134,32,460
05079,"Black, non-Hispanic",40-64 years,139,34,317
05081,"Black, non-Hispanic",40-64 years,59,20,176
05085,"Black, non-Hispanic",40-64 years,99,23,294
05091,"Black, non-Hispanic",40-64 years,255,73,745
05093,"Black, non-Hispanic",40-64 years,538,115,1075
05095,"Black, non-Hispanic",40-64 years,62,15,240
05099,"Black, non-Hispanic",40-64 years,59,14,209
05103,"Black, non-Hispanic",40-64 years,300,78,746
05107,"Black, non-Hispanic",40-64 years,339,109,917
05109,"Black, non-Hispanic",40-64 years,10,3,29
05111,"Black, non-Hispanic",40-64 years,35,8,131
05115,"Black, non-Hispanic",40-64 years,46,7,96
05117,"Black, non-Hispanic",40-64 years,24,6,75
05119,"Black, non-Hispanic",40-64 years,3066,823,9238
05123,"Black, non-Hispanic",40-64 years,447,109,984
05125,"Black, non-Hispanic",40-64 years,249,54,584
05131,"Black, non-Hispanic",40-64 years,161,39,569
05133,"Black, non-Hispanic",40-64 years,21,6,54
05139,"Black, non-Hispanic",40-64 years,276,95,917
05143,"Black, non-Hispanic",40-64 years,104,29,358
05145,"Black, non-Hispanic",40-64 years,58,14,207
05147,"Black, non-Hispanic",40-64 years,48,14,145
06001,"Black, non-Hispanic",40-64 years,3958,978,11246
06005,"Black, non-Hispanic",40-64 years,32,8,108
06007,"Black, non-Hispanic",40-64 years,50,12,176
06013,"Black, non-Hispanic",40-64 years,1940,560,6317
06015,"Black, non-Hispanic",40-64 years,21,6,73
06017,"Black, non-Hispanic",40-64 years,33,9,117
06019,"Black, non-Hispanic",40-64 years,891,261,3264
06023,"Black, non-Hispanic",40-64 years,23,6,90
06025,"Black, non-Hispanic",40-64 years,219,57,413
06029,"Black, non-Hispanic",40-64 years,1194,323,3175
06031,"Black, non-Hispanic",40-64 years,278,71,859
06033,"Black, non-Hispanic",40-64 years,39,7,80
06035,"Black, non-Hispanic",40-64 years,40,12,156
06037,"Black, non-Hispanic",40-64 years,22128,6239,62506
06039,"Black, non-Hispanic",40-64 years,130,41,371
06041,"Black, non-Hispanic",40-64 years,137,28,413
06045,"Black, non-Hispanic",40-64 years,13,4,46
06047,"Black, non-Hispanic",40-64 years,297,81,653
06053,"Black, non-Hispanic",40-64 years,410,128,1007
06055,"Black, non-Hispanic",40-64 years,78,24,216
06059,"Black, non-Hispanic",40-64 years,1303,327,3773
06061,"Black, non-Hispanic",40-64 years,138,37,424
06065,"Black, non-Hispanic",40-64 years,3543,1076,12390
06067,"Black, non-Hispanic",40-64 years,3359,942,9761
06069,"Black, non-Hispanic",40-64 years,32,9,76
06071,"Black, non-Hispanic",40-64 years,4130,1232,13270
06073,"Black, non-Hispanic",40-64 years,3504,963,9494
06075,"Black, non-Hispanic",40-64 years,781,176,2640
06077,"Black, non-Hispanic",40-64 years,1374,377,4200
06079,"Black, non-Hispanic",40-64 years,153,41,381
06081,"Black, non-Hispanic",40-64 years,310,95,1010
06083,"Black, non-Hispanic",40-64 years,202,62,469
06085,"Black, non-Hispanic",40-64 years,1068,262,2895
06087,"Black, non-Hispanic",40-64 years,69,20,159
06089,"Black, non-Hispanic",40-64 years,26,6,105
06093,"Black, non-Hispanic",40-64 years,12,3,37
06095,"Black, non-Hispanic",40-64 years,1390,423,4540
06097,"Black, non-Hispanic",40-64 years,152,46,493
06099,"Black, non-Hispanic",40-64 years,381,112,1130
06101,"Black, non-Hispanic",40-64 years,41,11,134
06103,"Black, non-Hispanic",40-64 years,16,4,34
06107,"Black, non-Hispanic",40-64 years,153,48,470
06109,"Black, non-Hispanic",40-64 years,22,7,89
06111,"Black, non-Hispanic",40-64 years,398,122,1070
06113,"Black, non-Hispanic",40-64 years,109,32,296
06115,"Black, non-Hispanic",40-64 years,60,17,194
08001,"Black, non-Hispanic",40-64 years,349,92,879
08005,"Black, non-Hispanic",40-64 years,1282,347,3750
08011,"Black, non-Hispanic",40-64 years,11,4,33
08013,"Black, non-Hispanic",40-64 years,64,18,159
08014,"Black, non-Hispanic",40-64 years,23,4,55
08025,"Black, non-Hispanic",40-64 years,22,8,68
08031,"Black, non-Hispanic",40-64 years,999,289,3206
08035,"Black, non-Hispanic",40-64 years,93,28,282
08041,"Black, non-Hispanic",40-64 years,653,168,1968
08043,"Black, non-Hispanic",40-64 years,43,11,135
08059,"Black, non-Hispanic",40-64 years,126,32,348
08069,"Black, non-Hispanic",40-64 years,52,11,143
08075,"Black, non-Hispanic",40-64 years,20,5,53
08077,"Black, non-Hispanic",40-64 years,16,4,48
08087,"Black, non-Hispanic",40-64 years,22,5,51
08101,"Black, non-Hispanic",40-64 years,54,16,206
08123,"Black, non-Hispanic",40-64 years,71,16,171
09001,"Black, non-Hispanic",40-64 years,2405,600,6214
09003,"Black, non-Hispanic",40-64 years,3229,757,7392
09005,"Black, non-Hispanic",40-64 years,78,22,219
09007,"Black, non-Hispanic",40-64 years,177,35,481
09009,"Black, non-Hispanic",40-64 years,2400,630,6928
09011,"Black, non-Hispanic",40-64 years,415,113,868
09013,"Black, non-Hispanic",40-64 years,108,25,265
09015,"Black, non-Hispanic",40-64 years,64,13,144
10001,"Black, non-Hispanic",40-64 years,1033,279,3189
10003,"Black, non-Hispanic",40-64 years,3086,876,9149
10005,"Black, non-Hispanic",40-64 years,644,185,1929
12001,"Black, non-Hispanic",40-64 years,941,242,2875
12003,"Black, non-Hispanic",40-64 years,76,19,298
12005,"Black, non-Hispanic",40-64 years,337,66,1215
12007,"Black, non-Hispanic",40-64 years,133,41,441
12009,"Black, non-Hispanic",40-64 years,1138,274,3875
12011,"Black, non-Hispanic",40-64 years,12387,3425,37867
12013,"Black, non-Hispanic",40-64 years,36,10,138
12015,"Black, non-Hispanic",40-64 years,192,51,628
12017,"Black, non-Hispanic",40-64 years,103,21,292
12019,"Black, non-Hispanic",40-64 years,454,136,1933
12021,"Black, non-Hispanic",40-64 years,381,122,1494
12023,"Black, non-Hispanic",40-64 years,327,83,895
12027,"Black, non-Hispanic",40-64 years,151,29,315
12029,"Black, non-Hispanic",40-64 years,31,9,134
12031,"Black, non-Hispanic",40-64 years,6388,1656,20650
12033,"Black, non-Hispanic",40-64 years,1207,417,4550
12035,"Black, non-Hispanic",40-64 years,244,63,797
12037,"Black, non-Hispanic",40-64 years,31,8,100
12039,"Black, non-Hispanic",40-64 years,882,226,2311
12041,"Black, non-Hispanic",40-64 years,11,2,37
12043,"Black, non-Hispanic",40-64 years,42,10,131
12045,"Black, non-Hispanic",40-64 years,38,8,124
12047,"Black, non-Hispanic",40-64 years,140,33,356
12049,"Black, non-Hispanic",40-64 years,63,12,121
12051,"Black, non-Hispanic",40-64 years,137,40,332
12053,"Black, non-Hispanic",40-64 years,196,46,738
12055,"Black, non-Hispanic",40-64 years,301,65,643
12057,"Black, non-Hispanic",40-64 years,4772,1230,15501
12059,"Black, non-Hispanic",40-64 years,23,6,85
12061,"Black, non-Hispanic",40-64 years,191,57,809
12063,"Black, non-Hispanic",40-64 years,207,58,950
12065,"Black, non-Hispanic",40-64 years,127,31,401
12067,"Black, non-Hispanic",40-64 years,25,6,76
12069,"Black, non-Hispanic",40-64 years,676,167,2822
12071,"Black, non-Hispanic",40-64 years,1062,293,3463
12073,"Black, non-Hispanic",40-64 years,1705,352,4567
12075,"Black, non-Hispanic",40-64 years,87,21,276
12077,"Black, non-Hispanic",40-64 years,35,9,130
12079,"Black, non-Hispanic",40-64 years,146,40,582
12081,"Black, non-Hispanic",40-64 years,519,144,2064
12083,"Black, non-Hispanic",40-64 years,821,255,2990
12085,"Black, non-Hispanic",40-64 years,138,30,473
12086,"Black, non-Hispanic",40-64 years,9527,2498,30783
12087,"Black, non-Hispanic",40-64 years,71,18,321
12089,"Black, non-Hispanic",40-64 years,102,27,414
12091,"Black, non-Hispanic",40-64 years,272,79,1104
12093,"Black, non-Hispanic",40-64 years,63,18,256
12095,"Black, non-Hispanic",40-64 years,5979,1391,19445
12097,"Black, non-Hispanic",40-64 years,1551,259,3296
12099,"Black, non-Hispanic",40-64 years,4997,1171,16405
12101,"Black, non-Hispanic",40-64 years,752,192,2541
12103,"Black, non-Hispanic",40-64 years,2130,473,6127
12105,"Black, non-Hispanic",40-64 years,3077,497,7176
12107,"Black, non-Hispanic",40-64 years,219,61,824
12109,"Black, non-Hispanic",40-64 years,279,68,910
12111,"Black, non-Hispanic",40-64 years,1307,359,4762
12113,"Black, non-Hispanic",40-64 years,166,49,700
12115,"Black, non-Hispanic",40-64 years,252,67,1015
12117,"Black, non-Hispanic",40-64 years,840,227,3298
12119,"Black, non-Hispanic",40-64 years,162,42,626
12121,"Black, non-Hispanic",40-64 years,123,28,357
12123,"Black, non-Hispanic",40-64 years,126,21,323
12125,"Black, non-Hispanic",40-64 years,135,34,412
12127,"Black, non-Hispanic",40-64 years,999,265,3542
12129,"Black, non-Hispanic",40-64 years,134,27,386
12131,"Black, non-Hispanic",40-64 years,70,24,256
12133,"Black, non-Hispanic",40-64 years,66,17,276
13001,"Black, non-Hispanic",40-64 years,92,26,254
13003,"Black, non-Hispanic",40-64 years,44,16,125
13005,"Black, non-Hispanic",40-64 years,32,10,102
13007,"Black, non-Hispanic",40-64 years,49,10,114
13009,"Black, non-Hispanic",40-64 years,375,83,1538
13011,"Black, non-Hispanic",40-64 years,8,2,33
13013,"Black, non-Hispanic",40-64 years,274,70,805
13015,"Black, non-Hispanic",40-64 years,286,63,869
13017,"Black, non-Hispanic",40-64 years,135,41,538
13019,"Black, non-Hispanic",40-64 years,43,12,144
13021,"Black, non-Hispanic",40-64 years,1545,407,6152
13023,"Black, non-Hispanic",40-64 years,50,13,198
13025,"Black, non-Hispanic",40-64 years,16,4,45
13027,"Black, non-Hispanic",40-64 years,188,40,483
13029,"Black, non-Hispanic",40-64 years,137,35,419
13031,"Black, non-Hispanic",40-64 years,305,81,1299
13033,"Black, non-Hispanic",40-64 years,380,124,964
13035,"Black, non-Hispanic",40-64 years,134,29,537
13037,"Black, non-Hispanic",40-64 years,128,42,355
13039,"Black, non-Hispanic",40-64 years,225,61,670
13043,"Black, non-Hispanic",40-64 years,52,14,208
13045,"Black, non-Hispanic",40-64 years,567,112,1506
13047,"Black, non-Hispanic",40-64 years,34,7,136
13049,"Black, non-Hispanic",40-64 years,78,18,303
13051,"Black, non-Hispanic",40-64 years,2690,783,7594
13053,"Black, non-Hispanic",40-64 years,23,6,67
13055,"Black, non-Hispanic",40-64 years,44,9,190
13057,"Black, non-Hispanic",40-64 years,364,104,1337
13059,"Black, non-Hispanic",40-64 years,808,222,2454
13061,"Black, non-Hispanic",40-64 years,65,18,156
13063,"Black, non-Hispanic",40-64 years,6983,1985,19379
13065,"Black, non-Hispanic",40-64 years,45,16,144
13067,"Black, non-Hispanic",40-64 years,4021,1217,14393
13069,"Black, non-Hispanic",40-64 years,264,93,906
13071,"Black, non-Hispanic",40-64 years,224,47,774
13073,"Black, non-Hispanic",40-64 years,716,191,1845
13075,"Black, non-Hispanic",40-64 years,115,32,387
13077,"Black, non-Hispanic",40-64 years,535,142,1847
13079,"Black, non-Hispanic",40-64 years,55,20,231
13081,"Black, non-Hispanic",40-64 years,222,66,671
13087,"Black, non-Hispanic",40-64 years,325,73,1005
13089,"Black, non-Hispanic",40-64 years,10325,2933,29220
13091,"Black, non-Hispanic",40-64 years,152,34,517
13093,"Black, non-Hispanic",40-64 years,158,49,581
13095,"Black, non-Hispanic",40-64 years,1585,423,4912
13097,"Black, non-Hispanic",40-64 years,2100,477,6073
13099,"Black, non-Hispanic",40-64 years,163,42,469
13103,"Black, non-Hispanic",40-64 years,167,41,629
13105,"Black, non-Hispanic",40-64 years,127,29,438
13107,"Black, non-Hispanic",40-64 years,138,30,556
13109,"Black, non-Hispanic",40-64 years,69,20,240
13113,"Black, non-Hispanic",40-64 years,738,188,2054
13115,"Black, non-Hispanic",40-64 years,206,46,937
13117,"Black, non-Hispanic",40-64 years,245,61,744
13119,"Black, non-Hispanic",40-64 years,35,9,123
13121,"Black, non-Hispanic",40-64 years,9889,2539,28464
13127,"Black, non-Hispanic",40-64 years,551,109,1415
13129,"Black, non-Hispanic",40-64 years,51,14,170
13131,"Black, non-Hispanic",40-64 years,169,41,605
13133,"Black, non-Hispanic",40-64 years,123,31,456
13135,"Black, non-Hispanic",40-64 years,6124,1619,19661
13137,"Black, non-Hispanic",40-64 years,26,7,107
13139,"Black, non-Hispanic",40-64 years,278,67,1061
13141,"Black, non-Hispanic",40-64 years,217,54,651
13143,"Black, non-Hispanic",40-64 years,29,6,106
13145,"Black, non-Hispanic",40-64 years,130,30,453
13147,"Black, non-Hispanic",40-64 years,102,29,368
13149,"Black, non-Hispanic",40-64 years,35,9,96
13151,"Black, non-Hispanic",40-64 years,3239,886,9562
13153,"Black, non-Hispanic",40-64 years,914,242,3781
13155,"Black, non-Hispanic",40-64 years,53,14,192
13157,"Black, non-Hispanic",40-64 years,120,30,425
13159,"Black, non-Hispanic",40-64 years,42,10,194
13161,"Black, non-Hispanic",40-64 years,62,15,161
13163,"Black, non-Hispanic",40-64 years,256,59,730
13165,"Black, non-Hispanic",40-64 years,101,35,314
13167,"Black, non-Hispanic",40-64 years,78,20,298
13169,"Black, non-Hispanic",40-64 years,137,36,571
13171,"Black, non-Hispanic",40-64 years,98,28,362
13173,"Black, non-Hispanic",40-64 years,53,16,191
13175,"Black, non-Hispanic",40-64 years,335,81,1343
13177,"Black, non-Hispanic",40-64 years,168,47,516
13179,"Black, non-Hispanic",40-64 years,809,199,1885
13181,"Black, non-Hispanic",40-64 years,66,17,192
13183,"Black, non-Hispanic",40-64 years,178,39,368
13185,"Black, non-Hispanic",40-64 years,698,218,2678
13189,"Black, non-Hispanic",40-64 years,333,57,673
13191,"Black, non-Hispanic",40-64 years,137,26,319
13193,"Black, non-Hispanic",40-64 years,228,56,767
13195,"Black, non-Hispanic",40-64 years,58,12,205
13197,"Black, non-Hispanic",40-64 years,68,16,207
13199,"Black, non-Hispanic",40-64 years,224,74,642
13201,"Black, non-Hispanic",40-64 years,48,10,129
13205,"Black, non-Hispanic",40-64 years,434,122,924
13207,"Black, non-Hispanic",40-64 years,102,36,440
13209,"Black, non-Hispanic",40-64 years,57,14,192
13211,"Black, non-Hispanic",40-64 years,101,26,314
13213,"Black, non-Hispanic",40-64 years,12,2,33
13215,"Black, non-Hispanic",40-64 years,1931,508,7150
13217,"Black, non-Hispanic",40-64 years,1387,383,4414
13219,"Black, non-Hispanic",40-64 years,29,7,107
13221,"Black, non-Hispanic",40-64 years,58,13,209
13223,"Black, non-Hispanic",40-64 years,785,195,3093
13225,"Black, non-Hispanic",40-64 years,241,69,902
13227,"Black, non-Hispanic",40-64 years,7,2,30
13229,"Black, non-Hispanic",40-64 years,39,13,115
13231,"Black, non-Hispanic",40-64 years,29,9,124
13233,"Black, non-Hispanic",40-64 years,87,18,383
13235,"Black, non-Hispanic",40-64 years,63,14,252
13237,"Black, non-Hispanic",40-64 years,125,32,449
13239,"Black, non-Hispanic",40-64 years,36,9,102
13243,"Black, non-Hispanic",40-64 years,149,43,377
13245,"Black, non-Hispanic",40-64 years,3227,921,8875
13247,"Black, non-Hispanic",40-64 years,1577,452,4717
13249,"Black, non-Hispanic",40-64 years,16,5,70
13251,"Black, non-Hispanic",40-64 years,113,34,497
13253,"Black, non-Hispanic",40-64 years,79,17,227
13255,"Black, non-Hispanic",40-64 years,401,142,1727
13257,"Black, non-Hispanic",40-64 years,52,14,189
13259,"Black, non-Hispanic",40-64 years,68,19,241
13261,"Black, non-Hispanic",40-64 years,330,104,1224
13263,"Black, non-Hispanic",40-64 years,119,34,328
13265,"Black, non-Hispanic",40-64 years,39,11,108
13267,"Black, non-Hispanic",40-64 years,143,44,528
13269,"Black, non-Hispanic",40-64 years,69,23,266
13271,"Black, non-Hispanic",40-64 years,97,22,392
13273,"Black, non-Hispanic",40-64 years,207,54,496
13275,"Black, non-Hispanic",40-64 years,402,109,1284
13277,"Black, non-Hispanic",40-64 years,246,72,905
13279,"Black, non-Hispanic",40-64 years,120,31,475
13283,"Black, non-Hispanic",40-64 years,53,13,154
13285,"Black, non-Hispanic",40-64 years,553,131,1803
13287,"Black, non-Hispanic",40-64 years,90,22,269
13289,"Black, non-Hispanic",40-64 years,103,28,316
13293,"Black, non-Hispanic",40-64 years,157,48,616
13295,"Black, non-Hispanic",40-64 years,62,16,228
13297,"Black, non-Hispanic",40-64 years,408,109,1307
13299,"Black, non-Hispanic",40-64 years,233,62,711
13301,"Black, non-Hispanic",40-64 years,111,25,300
13303,"Black, non-Hispanic",40-64 years,276,74,977
13305,"Black, non-Hispanic",40-64 years,127,34,421
13307,"Black, non-Hispanic",40-64 years,36,9,116
13309,"Black, non-Hispanic",40-64 years,88,23,256
13311,"Black, non-Hispanic",40-64 years,8,2,31
13313,"Black, non-Hispanic",40-64 years,116,27,307
13315,"Black, non-Hispanic",40-64 years,71,21,270
13317,"Black, non-Hispanic",40-64 years,109,36,344
13319,"Black, non-Hispanic",40-64 years,91,21,310
13321,"Black, non-Hispanic",40-64 years,168,51,458
15001,"Black, non-Hispanic",40-64 years,48,13,92
15003,"Black, non-Hispanic",40-64 years,468,105,1041
15007,"Black, non-Hispanic",40-64 years,12,3,29
15009,"Black, non-Hispanic",40-64 years,32,9,87
16001,"Black, non-Hispanic",40-64 years,106,21,280
16005,"Black, non-Hispanic",40-64 years,8,2,31
16019,"Black, non-Hispanic",40-64 years,16,4,50
16027,"Black, non-Hispanic",40-64 years,38,8,81
16039,"Black, non-Hispanic",40-64 years,16,3,31
16055,"Black, non-Hispanic",40-64 years,13,3,37
17001,"Black, non-Hispanic",40-64 years,47,11,129
17003,"Black, non-Hispanic",40-64 years,60,17,153
17005,"Black, non-Hispanic",40-64 years,22,6,63
17007,"Black, non-Hispanic",40-64 years,26,7,80
17009,"Black, non-Hispanic",40-64 years,28,7,90
17017,"Black, non-Hispanic",40-64 years,13,4,34
17019,"Black, non-Hispanic",40-64 years,385,130,1189
17021,"Black, non-Hispanic",40-64 years,18,6,55
17027,"Black, non-Hispanic",40-64 years,27,6,77
17029,"Black, non-Hispanic",40-64 years,26,5,56
17031,"Black, non-Hispanic",40-64 years,30880,8346,79137
17033,"Black, non-Hispanic",40-64 years,26,6,69
17037,"Black, non-Hispanic",40-64 years,76,19,215
17043,"Black, non-Hispanic",40-64 years,846,210,2250
17051,"Black, non-Hispanic",40-64 years,24,4,61
17057,"Black, non-Hispanic",40-64 years,31,8,91
17063,"Black, non-Hispanic",40-64 years,18,5,51
17073,"Black, non-Hispanic",40-64 years,15,3,39
17077,"Black, non-Hispanic",40-64 years,134,35,294
17081,"Black, non-Hispanic",40-64 years,65,18,164
17087,"Black, non-Hispanic",40-64 years,35,9,82
17089,"Black, non-Hispanic",40-64 years,605,168,1580
17091,"Black, non-Hispanic",40-64 years,323,75,965
17093,"Black, non-Hispanic",40-64 years,220,53,662
17095,"Black, non-Hispanic",40-64 years,80,20,199
17097,"Black, non-Hispanic",40-64 years,1039,250,2605
17099,"Black, non-Hispanic",40-64 years,68,15,162
17101,"Black, non-Hispanic",40-64 years,39,9,99
17103,"Black, non-Hispanic",40-64 years,79,17,187
17105,"Black, non-Hispanic",40-64 years,41,9,110
17107,"Black, non-Hispanic",40-64 years,41,12,137
17109,"Black, non-Hispanic",40-64 years,17,4,39
17111,"Black, non-Hispanic",40-64 years,112,25,294
17113,"Black, non-Hispanic",40-64 years,205,53,648
17115,"Black, non-Hispanic",40-64 years,337,81,1059
17117,"Black, non-Hispanic",40-64 years,11,3,29
17119,"Black, non-Hispanic",40-64 years,419,109,1291
17121,"Black, non-Hispanic",40-64 years,29,8,94
17127,"Black, non-Hispanic",40-64 years,19,4,77
17135,"Black, non-Hispanic",40-64 years,28,6,73
17137,"Black, non-Hispanic",40-64 years,44,13,128
17141,"Black, non-Hispanic",40-64 years,15,3,33
17143,"Black, non-Hispanic",40-64 years,494,133,1499
17145,"Black, non-Hispanic",40-64 years,54,14,118
17153,"Black, non-Hispanic",40-64 years,47,12,128
17157,"Black, non-Hispanic",40-64 years,86,22,230
17161,"Black, non-Hispanic",40-64 years,305,65,830
17163,"Black, non-Hispanic",40-64 years,1808,566,5363
17165,"Black, non-Hispanic",40-64 years,19,3,42
17167,"Black, non-Hispanic",40-64 years,415,118,1209
17169,"Black, non-Hispanic",40-64 years,12,3,31
17177,"Black, non-Hispanic",40-64 years,82,22,256
17179,"Black, non-Hispanic",40-64 years,34,7,92
17183,"Black, non-Hispanic",40-64 years,182,64,548
17187,"Black, non-Hispanic",40-64 years,10,3,22
17195,"Black, non-Hispanic",40-64 years,14,3,44
17197,"Black, non-Hispanic",40-64 years,2072,544,5471
17199,"Black, non-Hispanic",40-64 years,65,17,160
17201,"Black, non-Hispanic",40-64 years,649,164,1980
18003,"Black, non-Hispanic",40-64 years,906,217,2494
18005,"Black, non-Hispanic",40-64 years,39,8,101
18011,"Black, non-Hispanic",40-64 years,38,9,99
18017,"Black, non-Hispanic",40-64 years,27,5,56
18019,"Black, non-Hispanic",40-64 years,210,54,666
18027,"Black, non-Hispanic",40-64 years,19,5,59
18035,"Black, non-Hispanic",40-64 years,170,32,467
18039,"Black, non-Hispanic",40-64 years,204,53,649
18043,"Black, non-Hispanic",40-64 years,82,19,264
18051,"Black, non-Hispanic",40-64 years,18,4,54
18053,"Black, non-Hispanic",40-64 years,162,23,342
18057,"Black, non-Hispanic",40-64 years,294,60,903
18059,"Black, non-Hispanic",40-64 years,76,18,207
18063,"Black, non-Hispanic",40-64 years,349,90,955
18065,"Black, non-Hispanic",40-64 years,31,7,113
18067,"Black, non-Hispanic",40-64 years,158,30,400
18071,"Black, non-Hispanic",40-64 years,15,4,35
18077,"Black, non-Hispanic",40-64 years,10,3,37
18081,"Black, non-Hispanic",40-64 years,80,16,224
18083,"Black, non-Hispanic",40-64 years,18,5,45
18085,"Black, non-Hispanic",40-64 years,17,4,46
18089,"Black, non-Hispanic",40-64 years,2539,715,8090
18091,"Black, non-Hispanic",40-64 years,277,61,739
18095,"Black, non-Hispanic",40-64 years,327,60,777
18097,"Black, non-Hispanic",40-64 years,6495,1568,17876
18103,"Black, non-Hispanic",40-64 years,55,9,115
18105,"Black, non-Hispanic",40-64 years,61,17,224
18107,"Black, non-Hispanic",40-64 years,10,3,27
18109,"Black, non-Hispanic",40-64 years,8,2,30
18113,"Black, non-Hispanic",40-64 years,9,3,25
18123,"Black, non-Hispanic",40-64 years,12,3,37
18127,"Black, non-Hispanic",40-64 years,102,30,384
18133,"Black, non-Hispanic",40-64 years,21,6,72
18141,"Black, non-Hispanic",40-64 years,744,158,1850
18145,"Black, non-Hispanic",40-64 years,16,3,42
18153,"Black, non-Hispanic",40-64 years,24,6,60
18157,"Black, non-Hispanic",40-64 years,128,29,381
18163,"Black, non-Hispanic",40-64 years,373,99,1065
18167,"Black, non-Hispanic",40-64 years,129,26,407
18173,"Black, non-Hispanic",40-64 years,30,9,73
18177,"Black, non-Hispanic",40-64 years,97,25,230
19013,"Black, non-Hispanic",40-64 years,264,56,550
19021,"Black, non-Hispanic",40-64 years,15,3,41
19045,"Black, non-Hispanic",40-64 years,24,5,62
19047,"Black, non-Hispanic",40-64 years,17,3,34
19049,"Black, non-Hispanic",40-64 years,51,11,125
19057,"Black, non-Hispanic",40-64 years,48,10,97
19061,"Black, non-Hispanic",40-64 years,31,7,98
19099,"Black, non-Hispanic",40-64 years,22,6,49
19103,"Black, non-Hispanic",40-64 years,137,29,411
19105,"Black, non-Hispanic",40-64 years,10,4,29
19111,"Black, non-Hispanic",40-64 years,30,6,61
19113,"Black, non-Hispanic",40-64 years,258,53,555
19127,"Black, non-Hispanic",40-64 years,21,5,42
19139,"Black, non-Hispanic",40-64 years,24,6,47
19153,"Black, non-Hispanic",40-64 years,690,148,1634
19155,"Black, non-Hispanic",40-64 years,25,6,72
19163,"Black, non-Hispanic",40-64 years,260,55,608
19169,"Black, non-Hispanic",40-64 years,46,10,94
19179,"Black, non-Hispanic",40-64 years,20,5,49
19187,"Black, non-Hispanic",40-64 years,31,7,66
19193,"Black, non-Hispanic",40-64 years,76,16,235
20005,"Black, non-Hispanic",40-64 years,14,3,44
20015,"Black, non-Hispanic",40-64 years,26,7,77
20035,"Black, non-Hispanic",40-64 years,16,4,52
20037,"Black, non-Hispanic",40-64 years,11,3,40
20045,"Black, non-Hispanic",40-64 years,70,17,231
20055,"Black, non-Hispanic",40-64 years,27,8,87
20057,"Black, non-Hispanic",40-64 years,13,4,46
20061,"Black, non-Hispanic",40-64 years,61,17,234
20091,"Black, non-Hispanic",40-64 years,445,111,1404
20099,"Black, non-Hispanic",40-64 years,14,4,57
20103,"Black, non-Hispanic",40-64 years,155,38,454
20111,"Black, non-Hispanic",40-64 years,18,4,36
20121,"Black, non-Hispanic",40-64 years,11,2,32
20125,"Black, non-Hispanic",40-64 years,25,6,90
20155,"Black, non-Hispanic",40-64 years,27,7,112
20161,"Black, non-Hispanic",40-64 years,49,13,142
20169,"Black, non-Hispanic",40-64 years,48,9,107
20173,"Black, non-Hispanic",40-64 years,1064,214,2721
20175,"Black, non-Hispanic",40-64 years,17,5,47
20177,"Black, non-Hispanic",40-64 years,301,68,859
20209,"Black, non-Hispanic",40-64 years,1110,311,2993
21001,"Black, non-Hispanic",40-64 years,9,2,35
21005,"Black, non-Hispanic",40-64 years,14,3,42
21009,"Black, non-Hispanic",40-64 years,37,8,131
21013,"Black, non-Hispanic",40-64 years,13,3,47
21015,"Black, non-Hispanic",40-64 years,145,37,351
21017,"Black, non-Hispanic",40-64 years,34,7,90
21019,"Black, non-Hispanic",40-64 years,40,9,100
21021,"Black, non-Hispanic",40-64 years,52,12,169
21027,"Black, non-Hispanic",40-64 years,8,2,34
21029,"Black, non-Hispanic",40-64 years,28,7,77
21033,"Black, non-Hispanic",40-64 years,13,4,47
21035,"Black, non-Hispanic",40-64 years,28,6,74
21037,"Black, non-Hispanic",40-64 years,51,11,116
21047,"Black, non-Hispanic",40-64 years,253,61,851
21049,"Black, non-Hispanic",40-64 years,51,13,118
21051,"Black, non-Hispanic",40-64 years,13,2,48
21059,"Black, non-Hispanic",40-64 years,69,15,293
21067,"Black, non-Hispanic",40-64 years,992,245,3042
21073,"Black, non-Hispanic",40-64 years,96,19,281
21075,"Black, non-Hispanic",40-64 years,45,14,122
21079,"Black, non-Hispanic",40-64 years,9,2,30
21083,"Black, non-Hispanic",40-64 years,47,13,107
21089,"Black, non-Hispanic",40-64 years,10,3,24
21093,"Black, non-Hispanic",40-64 years,243,65,1004
21095,"Black, non-Hispanic",40-64 years,12,3,48
21097,"Black, non-Hispanic",40-64 years,10,3,32
21099,"Black, non-Hispanic",40-64 years,31,7,95
21101,"Black, non-Hispanic",40-64 years,89,29,256
21103,"Black, non-Hispanic",40-64 years,8,2,30
21105,"Black, non-Hispanic",40-64 years,12,2,32
21107,"Black, non-Hispanic",40-64 years,59,14,201
21111,"Black, non-Hispanic",40-64 years,3685,928,10782
21113,"Black, non-Hispanic",40-64 years,64,14,163
21117,"Black, non-Hispanic",40-64 years,184,44,476
21123,"Black, non-Hispanic",40-64 years,9,2,35
21125,"Black, non-Hispanic",40-64 years,10,3,40
21137,"Black, non-Hispanic",40-64 years,14,4,47
21141,"Black, non-Hispanic",40-64 years,43,9,132
21143,"Black, non-Hispanic",40-64 years,11,3,41
21145,"Black, non-Hispanic",40-64 years,125,28,401
21147,"Black, non-Hispanic",40-64 years,17,5,67
21151,"Black, non-Hispanic",40-64 years,92,18,250
21155,"Black, non-Hispanic",40-64 years,32,8,102
21159,"Black, non-Hispanic",40-64 years,11,3,35
21161,"Black, non-Hispanic",40-64 years,25,6,85
21163,"Black, non-Hispanic",40-64 years,19,6,65
21167,"Black, non-Hispanic",40-64 years,22,6,64
21173,"Black, non-Hispanic",40-64 years,25,6,62
21175,"Black, non-Hispanic",40-64 years,10,3,42
21177,"Black, non-Hispanic",40-64 years,18,5,77
21179,"Black, non-Hispanic",40-64 years,89,19,174
21185,"Black, non-Hispanic",40-64 years,64,16,197
21193,"Black, non-Hispanic",40-64 years,10,3,39
21199,"Black, non-Hispanic",40-64 years,15,4,59
21209,"Black, non-Hispanic",40-64 years,79,19,220
21211,"Black, non-Hispanic",40-64 years,86,20,229
21213,"Black, non-Hispanic",40-64 years,45,12,143
21217,"Black, non-Hispanic",40-64 years,17,4,74
21219,"Black, non-Hispanic",40-64 years,21,6,74
21221,"Black, non-Hispanic",40-64 years,21,7,75
21225,"Black, non-Hispanic",40-64 years,20,4,59
21227,"Black, non-Hispanic",40-64 years,236,50,682
21229,"Black, non-Hispanic",40-64 years,16,4,51
21233,"Black, non-Hispanic",40-64 years,10,3,34
21239,"Black, non-Hispanic",40-64 years,35,8,86
22001,"Black, non-Hispanic",40-64 years,175,48,668
22003,"Black, non-Hispanic",40-64 years,140,34,415
22005,"Black, non-Hispanic",40-64 years,898,215,1975
22007,"Black, non-Hispanic",40-64 years,163,48,473
22009,"Black, non-Hispanic",40-64 years,332,71,890
22011,"Black, non-Hispanic",40-64 years,66,15,282
22013,"Black, non-Hispanic",40-64 years,143,35,459
22015,"Black, non-Hispanic",40-64 years,510,143,1793
22017,"Black, non-Hispanic",40-64 years,2278,699,7778
22019,"Black, non-Hispanic",40-64 years,998,215,3438
22021,"Black, non-Hispanic",40-64 years,27,9,106
22025,"Black, non-Hispanic",40-64 years,98,22,223
22027,"Black, non-Hispanic",40-64 years,155,58,627
22029,"Black, non-Hispanic",40-64 years,227,62,557
22031,"Black, non-Hispanic",40-64 years,239,74,766
22033,"Black, non-Hispanic",40-64 years,5033,1546,13351
22035,"Black, non-Hispanic",40-64 years,119,39,463
22037,"Black, non-Hispanic",40-64 years,306,95,778
22039,"Black, non-Hispanic",40-64 years,202,40,617
22041,"Black, non-Hispanic",40-64 years,116,39,432
22043,"Black, non-Hispanic",40-64 years,78,18,209
22045,"Black, non-Hispanic",40-64 years,392,106,1544
22047,"Black, non-Hispanic",40-64 years,621,124,1208
22049,"Black, non-Hispanic",40-64 years,118,30,312
22051,"Black, non-Hispanic",40-64 years,3512,931,7947
22053,"Black, non-Hispanic",40-64 years,107,23,367
22055,"Black, non-Hispanic",40-64 years,929,249,3581
22057,"Black, non-Hispanic",40-64 years,256,78,787
22059,"Black, non-Hispanic",40-64 years,30,7,108
22061,"Black, non-Hispanic",40-64 years,419,101,914
22063,"Black, non-Hispanic",40-64 years,218,58,642
22065,"Black, non-Hispanic",40-64 years,220,70,541
22067,"Black, non-Hispanic",40-64 years,252,91,1002
22069,"Black, non-Hispanic",40-64 years,236,68,947
22071,"Black, non-Hispanic",40-64 years,8115,2140,18658
22073,"Black, non-Hispanic",40-64 years,1046,325,3632
22075,"Black, non-Hispanic",40-64 years,172,42,356
22077,"Black, non-Hispanic",40-64 years,251,66,532
22079,"Black, non-Hispanic",40-64 years,1054,212,2786
22081,"Black, non-Hispanic",40-64 years,66,24,233
22083,"Black, non-Hispanic",40-64 years,166,52,495
22085,"Black, non-Hispanic",40-64 years,77,24,265
22087,"Black, non-Hispanic",40-64 years,273,75,702
22089,"Black, non-Hispanic",40-64 years,442,124,1005
22091,"Black, non-Hispanic",40-64 years,210,59,476
22093,"Black, non-Hispanic",40-64 years,295,89,774
22095,"Black, non-Hispanic",40-64 years,1041,277,2149
22097,"Black, non-Hispanic",40-64 years,728,196,2618
22099,"Black, non-Hispanic",40-64 years,315,82,1126
22101,"Black, non-Hispanic",40-64 years,325,97,1313
22103,"Black, non-Hispanic",40-64 years,1038,215,2075
22105,"Black, non-Hispanic",40-64 years,1203,271,2644
22107,"Black, non-Hispanic",40-64 years,74,21,218
22109,"Black, non-Hispanic",40-64 years,486,148,1433
22111,"Black, non-Hispanic",40-64 years,118,34,373
22113,"Black, non-Hispanic",40-64 years,168,39,511
22115,"Black, non-Hispanic",40-64 years,122,22,340
22117,"Black, non-Hispanic",40-64 years,449,102,1070
22119,"Black, non-Hispanic",40-64 years,238,76,925
22121,"Black, non-Hispanic",40-64 years,350,105,845
22123,"Black, non-Hispanic",40-64 years,26,7,103
22125,"Black, non-Hispanic",40-64 years,286,69,812
22127,"Black, non-Hispanic",40-64 years,100,27,325
23001,"Black, non-Hispanic",40-64 years,68,18,181
23005,"Black, non-Hispanic",40-64 years,147,34,355
23009,"Black, non-Hispanic",40-64 years,14,4,32
23011,"Black, non-Hispanic",40-64 years,20,5,53
23019,"Black, non-Hispanic",40-64 years,25,6,58
23031,"Black, non-Hispanic",40-64 years,55,12,135
24001,"Black, non-Hispanic",40-64 years,113,21,305
24003,"Black, non-Hispanic",40-64 years,2460,580,6638
24005,"Black, non-Hispanic",40-64 years,5105,1517,15191
24009,"Black, non-Hispanic",40-64 years,297,82,925
24011,"Black, non-Hispanic",40-64 years,86,23,318
24013,"Black, non-Hispanic",40-64 years,135,35,429
24015,"Black, non-Hispanic",40-64 years,192,51,521
24017,"Black, non-Hispanic",40-64 years,2945,869,7113
24019,"Black, non-Hispanic",40-64 years,226,67,661
24021,"Black, non-Hispanic",40-64 years,804,211,1860
24025,"Black, non-Hispanic",40-64 years,805,223,2399
24027,"Black, non-Hispanic",40-64 years,1147,329,3608
24029,"Black, non-Hispanic",40-64 years,51,13,170
24031,"Black, non-Hispanic",40-64 years,5028,1177,13426
24033,"Black, non-Hispanic",40-64 years,16896,5119,43318
24035,"Black, non-Hispanic",40-64 years,69,16,203
24037,"Black, non-Hispanic",40-64 years,329,103,1076
24039,"Black, non-Hispanic",40-64 years,242,79,646
24041,"Black, non-Hispanic",40-64 years,67,16,267
24043,"Black, non-Hispanic",40-64 years,400,106,1214
24045,"Black, non-Hispanic",40-64 years,574,157,1750
24047,"Black, non-Hispanic",40-64 years,151,36,430
24510,"Black, non-Hispanic",40-64 years,10407,3033,31698
25001,"Black, non-Hispanic",40-64 years,167,38,416
25003,"Black, non-Hispanic",40-64 years,45,15,199
25005,"Black, non-Hispanic",40-64 years,781,170,1878
25007,"Black, non-Hispanic",40-64 years,14,4,49
25009,"Black, non-Hispanic",40-64 years,779,182,1745
25011,"Black, non-Hispanic",40-64 years,20,5,52
25013,"Black, non-Hispanic",40-64 years,1003,211,2334
25015,"Black, non-Hispanic",40-64 years,65,17,167
25017,"Black, non-Hispanic",40-64 years,1969,469,4489
25019,"Black, non-Hispanic",40-64 years,46,9,106
25021,"Black, non-Hispanic",40-64 years,1165,286,2896
25023,"Black, non-Hispanic",40-64 years,1347,319,3313
25025,"Black, non-Hispanic",40-64 years,4879,1105,10334
25027,"Black, non-Hispanic",40-64 years,928,254,2335
26003,"Black, non-Hispanic",40-64 years,9,2,33
26005,"Black, non-Hispanic",40-64 years,27,9,85
26013,"Black, non-Hispanic",40-64 years,8,2,35
26017,"Black, non-Hispanic",40-64 years,40,9,114
26021,"Black, non-Hispanic",40-64 years,354,96,1304
26023,"Black, non-Hispanic",40-64 years,33,8,103
26025,"Black, non-Hispanic",40-64 years,288,69,916
26027,"Black, non-Hispanic",40-64 years,46,11,171
26033,"Black, non-Hispanic",40-64 years,56,15,204
26037,"Black, non-Hispanic",40-64 years,44,10,90
26045,"Black, non-Hispanic",40-64 years,176,55,485
26049,"Black, non-Hispanic",40-64 years,1815,519,5481
26055,"Black, non-Hispanic",40-64 years,14,3,39
26057,"Black, non-Hispanic",40-64 years,81,18,173
26065,"Black, non-Hispanic",40-64 years,606,179,1671
26067,"Black, non-Hispanic",40-64 years,70,21,203
26073,"Black, non-Hispanic",40-64 years,21,5,58
26075,"Black, non-Hispanic",40-64 years,268,73,803
26077,"Black, non-Hispanic",40-64 years,314,93,1364
26081,"Black, non-Hispanic",40-64 years,1208,304,3369
26085,"Black, non-Hispanic",40-64 years,21,6,59
26087,"Black, non-Hispanic",40-64 years,22,6,68
26091,"Black, non-Hispanic",40-64 years,83,20,177
26093,"Black, non-Hispanic",40-64 years,27,8,73
26095,"Black, non-Hispanic",40-64 years,16,6,49
26097,"Black, non-Hispanic",40-64 years,12,3,40
26099,"Black, non-Hispanic",40-64 years,2237,619,6582
26101,"Black, non-Hispanic",40-64 years,16,4,46
26103,"Black, non-Hispanic",40-64 years,15,4,57
26107,"Black, non-Hispanic",40-64 years,13,3,33
26111,"Black, non-Hispanic",40-64 years,20,3,46
26115,"Black, non-Hispanic",40-64 years,93,23,253
26117,"Black, non-Hispanic",40-64 years,44,11,128
26121,"Black, non-Hispanic",40-64 years,542,143,1503
26125,"Black, non-Hispanic",40-64 years,3341,889,9940
26139,"Black, non-Hispanic",40-64 years,78,22,215
26145,"Black, non-Hispanic",40-64 years,675,176,2112
26147,"Black, non-Hispanic",40-64 years,114,21,228
26149,"Black, non-Hispanic",40-64 years,25,6,96
26157,"Black, non-Hispanic",40-64 years,13,3,38
26159,"Black, non-Hispanic",40-64 years,54,16,195
26161,"Black, non-Hispanic",40-64 years,789,172,2128
26163,"Black, non-Hispanic",40-64 years,18314,5063,49123
27003,"Black, non-Hispanic",40-64 years,463,121,1320
27009,"Black, non-Hispanic",40-64 years,30,8,72
27013,"Black, non-Hispanic",40-64 years,29,6,86
27017,"Black, non-Hispanic",40-64 years,11,2,43
27019,"Black, non-Hispanic",40-64 years,28,9,89
27025,"Black, non-Hispanic",40-64 years,13,3,40
27027,"Black, non-Hispanic",40-64 years,32,7,90
27037,"Black, non-Hispanic",40-64 years,481,139,1350
27053,"Black, non-Hispanic",40-64 years,2129,542,6578
27067,"Black, non-Hispanic",40-64 years,29,7,62
27099,"Black, non-Hispanic",40-64 years,30,8,65
27103,"Black, non-Hispanic",40-64 years,21,5,56
27105,"Black, non-Hispanic",40-64 years,17,3,58
27109,"Black, non-Hispanic",40-64 years,102,25,363
27115,"Black, non-Hispanic",40-64 years,11,3,31
27123,"Black, non-Hispanic",40-64 years,933,234,2723
27131,"Black, non-Hispanic",40-64 years,49,13,152
27137,"Black, non-Hispanic",40-64 years,34,7,113
27139,"Black, non-Hispanic",40-64 years,121,33,343
27141,"Black, non-Hispanic",40-64 years,54,15,132
27145,"Black, non-Hispanic",40-64 years,136,33,365
27147,"Black, non-Hispanic",40-64 years,12,3,42
27163,"Black, non-Hispanic",40-64 years,221,63,655
27171,"Black, non-Hispanic",40-64 years,66,16,146
28001,"Black, non-Hispanic",40-64 years,478,151,1374
28003,"Black, non-Hispanic",40-64 years,120,27,300
28005,"Black, non-Hispanic",40-64 years,162,29,461
28007,"Black, non-Hispanic",40-64 years,194,53,601
28009,"Black, non-Hispanic",40-64 years,106,26,278
28011,"Black, non-Hispanic",40-64 years,585,162,1675
28013,"Black, non-Hispanic",40-64 years,139,36,326
28015,"Black, non-Hispanic",40-64 years,98,23,276
28017,"Black, non-Hispanic",40-64 years,165,47,606
28019,"Black, non-Hispanic",40-64 years,54,13,208
28021,"Black, non-Hispanic",40-64 years,202,37,650
28023,"Black, non-Hispanic",40-64 years,197,55,441
28025,"Black, non-Hispanic",40-64 years,329,81,896
28027,"Black, non-Hispanic",40-64 years,490,113,1438
28029,"Black, non-Hispanic",40-64 years,428,122,1295
28031,"Black, non-Hispanic",40-64 years,178,44,498
28033,"Black, non-Hispanic",40-64 years,1032,298,4319
28035,"Black, non-Hispanic",40-64 years,832,219,1837
28037,"Black, non-Hispanic",40-64 years,72,19,211
28039,"Black, non-Hispanic",40-64 years,34,11,136
28041,"Black, non-Hispanic",40-64 years,100,29,290
28043,"Black, non-Hispanic",40-64 years,209,51,751
28045,"Black, non-Hispanic",40-64 years,109,24,271
28047,"Black, non-Hispanic",40-64 years,1075,272,3606
28049,"Black, non-Hispanic",40-64 years,4904,1320,12958
28051,"Black, non-Hispanic",40-64 years,561,155,1490
28053,"Black, non-Hispanic",40-64 years,292,82,606
28055,"Black, non-Hispanic",40-64 years,36,9,96
28057,"Black, non-Hispanic",40-64 years,27,7,93
28059,"Black, non-Hispanic",40-64 years,574,178,2289
28061,"Black, non-Hispanic",40-64 years,291,63,770
28063,"Black, non-Hispanic",40-64 years,235,80,686
28065,"Black, non-Hispanic",40-64 years,259,67,625
28067,"Black, non-Hispanic",40-64 years,479,118,1373
28069,"Black, non-Hispanic",40-64 years,191,47,493
28071,"Black, non-Hispanic",40-64 years,251,52,816
28073,"Black, non-Hispanic",40-64 years,254,58,683
28075,"Black, non-Hispanic",40-64 years,1060,281,2515
28077,"Black, non-Hispanic",40-64 years,99,24,311
28079,"Black, non-Hispanic",40-64 years,272,75,707
28081,"Black, non-Hispanic",40-64 years,510,114,1626
28083,"Black, non-Hispanic",40-64 years,591,127,1865
28085,"Black, non-Hispanic",40-64 years,226,65,869
28087,"Black, non-Hispanic",40-64 years,911,206,2154
28089,"Black, non-Hispanic",40-64 years,782,218,2557
28091,"Black, non-Hispanic",40-64 years,242,61,617
28093,"Black, non-Hispanic",40-64 years,431,122,1445
28095,"Black, non-Hispanic",40-64 years,324,92,836
28097,"Black, non-Hispanic",40-64 years,136,39,390
28099,"Black, non-Hispanic",40-64 years,214,53,443
28101,"Black, non-Hispanic",40-64 years,215,62,489
28103,"Black, non-Hispanic",40-64 years,365,92,775
28105,"Black, non-Hispanic",40-64 years,332,93,1220
28107,"Black, non-Hispanic",40-64 years,554,128,1345
28109,"Black, non-Hispanic",40-64 years,238,48,474
28111,"Black, non-Hispanic",40-64 years,74,19,168
28113,"Black, non-Hispanic",40-64 years,622,109,1775
28115,"Black, non-Hispanic",40-64 years,112,29,348
28117,"Black, non-Hispanic",40-64 years,117,21,243
28119,"Black, non-Hispanic",40-64 years,189,47,458
28121,"Black, non-Hispanic",40-64 years,759,183,2309
28123,"Black, non-Hispanic",40-64 years,268,76,899
28125,"Black, non-Hispanic",40-64 years,97,26,285
28127,"Black, non-Hispanic",40-64 years,212,62,736
28129,"Black, non-Hispanic",40-64 years,98,25,251
28131,"Black, non-Hispanic",40-64 years,93,23,246
28133,"Black, non-Hispanic",40-64 years,900,176,1828
28135,"Black, non-Hispanic",40-64 years,222,47,687
28137,"Black, non-Hispanic",40-64 years,171,46,611
28139,"Black, non-Hispanic",40-64 years,103,24,291
28141,"Black, non-Hispanic",40-64 years,15,3,42
28143,"Black, non-Hispanic",40-64 years,207,51,683
28145,"Black, non-Hispanic",40-64 years,103,19,286
28147,"Black, non-Hispanic",40-64 years,206,39,527
28149,"Black, non-Hispanic",40-64 years,668,150,1696
28151,"Black, non-Hispanic",40-64 years,1006,274,3005
28153,"Black, non-Hispanic",40-64 years,290,83,658
28155,"Black, non-Hispanic",40-64 years,41,9,139
28157,"Black, non-Hispanic",40-64 years,213,49,574
28159,"Black, non-Hispanic",40-64 years,280,67,718
28161,"Black, non-Hispanic",40-64 years,141,33,431
28163,"Black, non-Hispanic",40-64 years,426,161,1255
29001,"Black, non-Hispanic",40-64 years,9,3,31
29007,"Black, non-Hispanic",40-64 years,29,8,93
29019,"Black, non-Hispanic",40-64 years,257,63,789
29021,"Black, non-Hispanic",40-64 years,73,16,290
29023,"Black, non-Hispanic",40-64 years,53,11,132
29027,"Black, non-Hispanic",40-64 years,52,7,122
29031,"Black, non-Hispanic",40-64 years,73,17,260
29037,"Black, non-Hispanic",40-64 years,100,26,336
29043,"Black, non-Hispanic",40-64 years,15,4,44
29047,"Black, non-Hispanic",40-64 years,317,84,1079
29051,"Black, non-Hispanic",40-64 years,194,26,422
29053,"Black, non-Hispanic",40-64 years,24,6,63
29063,"Black, non-Hispanic",40-64 years,17,4,70
29069,"Black, non-Hispanic",40-64 years,68,16,170
29071,"Black, non-Hispanic",40-64 years,29,7,66
29077,"Black, non-Hispanic",40-64 years,173,40,491
29089,"Black, non-Hispanic",40-64 years,16,5,34
29095,"Black, non-Hispanic",40-64 years,3511,994,11215
29097,"Black, non-Hispanic",40-64 years,43,8,142
29099,"Black, non-Hispanic",40-64 years,53,14,157
29101,"Black, non-Hispanic",40-64 years,44,7,87
29107,"Black, non-Hispanic",40-64 years,18,4,52
29113,"Black, non-Hispanic",40-64 years,34,7,82
29119,"Black, non-Hispanic",40-64 years,9,2,32
29121,"Black, non-Hispanic",40-64 years,11,3,34
29127,"Black, non-Hispanic",40-64 years,26,7,75
29133,"Black, non-Hispanic",40-64 years,94,26,249
29135,"Black, non-Hispanic",40-64 years,14,2,34
29143,"Black, non-Hispanic",40-64 years,65,12,197
29145,"Black, non-Hispanic",40-64 years,13,3,37
29155,"Black, non-Hispanic",40-64 years,99,25,269
29159,"Black, non-Hispanic",40-64 years,30,7,86
29161,"Black, non-Hispanic",40-64 years,21,6,45
29163,"Black, non-Hispanic",40-64 years,26,8,83
29165,"Black, non-Hispanic",40-64 years,137,37,445
29169,"Black, non-Hispanic",40-64 years,129,24,260
29175,"Black, non-Hispanic",40-64 years,51,11,106
29183,"Black, non-Hispanic",40-64 years,594,133,1345
29187,"Black, non-Hispanic",40-64 years,55,12,209
29189,"Black, non-Hispanic",40-64 years,4772,1222,13060
29195,"Black, non-Hispanic",40-64 years,20,4,69
29201,"Black, non-Hispanic",40-64 years,88,21,269
29213,"Black, non-Hispanic",40-64 years,23,3,58
29215,"Black, non-Hispanic",40-64 years,16,4,57
29219,"Black, non-Hispanic",40-64 years,27,6,54
29221,"Black, non-Hispanic",40-64 years,18,4,56
29510,"Black, non-Hispanic",40-64 years,3157,908,10257
30013,"Black, non-Hispanic",40-64 years,9,2,32
30111,"Black, non-Hispanic",40-64 years,13,3,41
31037,"Black, non-Hispanic",40-64 years,9,2,30
31043,"Black, non-Hispanic",40-64 years,27,7,60
31047,"Black, non-Hispanic",40-64 years,21,6,65
31055,"Black, non-Hispanic",40-64 years,1277,295,3261
31079,"Black, non-Hispanic",40-64 years,31,8,87
31109,"Black, non-Hispanic",40-64 years,194,46,568
31153,"Black, non-Hispanic",40-64 years,151,37,407
32001,"Black, non-Hispanic",40-64 years,8,3,30
32003,"Black, non-Hispanic",40-64 years,4697,1308,17333
32007,"Black, non-Hispanic",40-64 years,12,4,40
32019,"Black, non-Hispanic",40-64 years,15,4,45
32023,"Black, non-Hispanic",40-64 years,32,8,121
32027,"Black, non-Hispanic",40-64 years,8,3,27
32031,"Black, non-Hispanic",40-64 years,180,51,607
32510,"Black, non-Hispanic",40-64 years,28,7,86
33009,"Black, non-Hispanic",40-64 years,11,2,31
33011,"Black, non-Hispanic",40-64 years,260,56,656
33013,"Black, non-Hispanic",40-64 years,41,10,121
33015,"Black, non-Hispanic",40-64 years,70,17,188
33017,"Black, non-Hispanic",40-64 years,28,7,91
34001,"Black, non-Hispanic",40-64 years,873,275,2851
34003,"Black, non-Hispanic",40-64 years,1079,261,3193
34005,"Black, non-Hispanic",40-64 years,1753,458,5187
34007,"Black, non-Hispanic",40-64 years,2206,610,6306
34009,"Black, non-Hispanic",40-64 years,74,22,253
34011,"Black, non-Hispanic",40-64 years,769,208,2218
34013,"Black, non-Hispanic",40-64 years,8809,2415,23725
34015,"Black, non-Hispanic",40-64 years,729,183,2151
34017,"Black, non-Hispanic",40-64 years,1825,563,5632
34019,"Black, non-Hispanic",40-64 years,56,15,165
34021,"Black, non-Hispanic",40-64 years,1576,389,4613
34023,"Black, non-Hispanic",40-64 years,2117,482,5999
34025,"Black, non-Hispanic",40-64 years,672,176,2387
34027,"Black, non-Hispanic",40-64 years,382,94,987
34029,"Black, non-Hispanic",40-64 years,427,108,1291
34031,"Black, non-Hispanic",40-64 years,1426,391,3635
34033,"Black, non-Hispanic",40-64 years,156,45,555
34035,"Black, non-Hispanic",40-64 years,710,180,2063
34037,"Black, non-Hispanic",40-64 years,84,24,243
34039,"Black, non-Hispanic",40-64 years,3728,833,8787
34041,"Black, non-Hispanic",40-64 years,137,39,405
35001,"Black, non-Hispanic",40-64 years,395,104,1129
35005,"Black, non-Hispanic",40-64 years,19,6,74
35006,"Black, non-Hispanic",40-64 years,10,3,26
35009,"Black, non-Hispanic",40-64 years,49,12,149
35013,"Black, non-Hispanic",40-64 years,94,23,262
35015,"Black, non-Hispanic",40-64 years,17,5,67
35025,"Black, non-Hispanic",40-64 years,54,18,174
35031,"Black, non-Hispanic",40-64 years,16,4,35
35035,"Black, non-Hispanic",40-64 years,38,9,127
35043,"Black, non-Hispanic",40-64 years,82,25,241
35045,"Black, non-Hispanic",40-64 years,28,8,65
35049,"Black, non-Hispanic",40-64 years,23,7,89
35061,"Black, non-Hispanic",40-64 years,33,10,98
36001,"Black, non-Hispanic",40-64 years,699,176,1973
36005,"Black, non-Hispanic",40-64 years,13897,3625,40055
36007,"Black, non-Hispanic",40-64 years,122,36,533
36009,"Black, non-Hispanic",40-64 years,16,4,59
36011,"Black, non-Hispanic",40-64 years,77,26,188
36013,"Black, non-Hispanic",40-64 years,59,15,158
36015,"Black, non-Hispanic",40-64 years,86,21,296
36019,"Black, non-Hispanic",40-64 years,55,16,202
36021,"Black, non-Hispanic",40-64 years,62,14,160
36023,"Black, non-Hispanic",40-64 years,14,4,44
36025,"Black, non-Hispanic",40-64 years,12,3,36
36027,"Black, non-Hispanic",40-64 years,575,148,1974
36029,"Black, non-Hispanic",40-64 years,2169,562,6547
36031,"Black, non-Hispanic",40-64 years,15,5,45
36033,"Black, non-Hispanic",40-64 years,44,14,150
36035,"Black, non-Hispanic",40-64 years,18,5,70
36037,"Black, non-Hispanic",40-64 years,33,9,96
36039,"Black, non-Hispanic",40-64 years,62,13,132
36043,"Black, non-Hispanic",40-64 years,12,3,32
36045,"Black, non-Hispanic",40-64 years,95,15,216
36047,"Black, non-Hispanic",40-64 years,22114,5123,61234
36051,"Black, non-Hispanic",40-64 years,35,10,115
36053,"Black, non-Hispanic",40-64 years,13,3,37
36055,"Black, non-Hispanic",40-64 years,1696,495,5738
36057,"Black, non-Hispanic",40-64 years,24,8,69
36059,"Black, non-Hispanic",40-64 years,2946,713,9573
36061,"Black, non-Hispanic",40-64 years,3607,809,13029
36063,"Black, non-Hispanic",40-64 years,286,83,921
36065,"Black, non-Hispanic",40-64 years,250,67,730
36067,"Black, non-Hispanic",40-64 years,832,217,2543
36069,"Black, non-Hispanic",40-64 years,47,14,140
36071,"Black, non-Hispanic",40-64 years,1139,288,3119
36073,"Black, non-Hispanic",40-64 years,40,9,138
36075,"Black, non-Hispanic",40-64 years,23,5,64
36077,"Black, non-Hispanic",40-64 years,14,4,42
36079,"Black, non-Hispanic",40-64 years,76,19,212
36081,"Black, non-Hispanic",40-64 years,12312,2960,34849
36083,"Black, non-Hispanic",40-64 years,244,61,562
36085,"Black, non-Hispanic",40-64 years,947,250,2747
36087,"Black, non-Hispanic",40-64 years,944,233,2324
36089,"Black, non-Hispanic",40-64 years,31,9,120
36091,"Black, non-Hispanic",40-64 years,89,20,251
36093,"Black, non-Hispanic",40-64 years,337,91,1062
36099,"Black, non-Hispanic",40-64 years,26,7,87
36101,"Black, non-Hispanic",40-64 years,35,8,108
36103,"Black, non-Hispanic",40-64 years,2194,534,6776
36105,"Black, non-Hispanic",40-64 years,163,42,485
36109,"Black, non-Hispanic",40-64 years,82,14,179
36111,"Black, non-Hispanic",40-64 years,239,61,716
36113,"Black, non-Hispanic",40-64 years,16,3,43
36115,"Black, non-Hispanic",40-64 years,38,9,103
36117,"Black, non-Hispanic",40-64 years,48,17,166
36119,"Black, non-Hispanic",40-64 years,2679,657,8199
36121,"Black, non-Hispanic",40-64 years,45,12,148
37001,"Black, non-Hispanic",40-64 years,882,222,2675
37003,"Black, non-Hispanic",40-64 years,44,12,146
37007,"Black, non-Hispanic",40-64 years,342,97,929
37011,"Black, non-Hispanic",40-64 years,18,5,64
37013,"Black, non-Hispanic",40-64 years,304,66,743
37015,"Black, non-Hispanic",40-64 years,294,93,1017
37017,"Black, non-Hispanic",40-64 years,282,66,837
37019,"Black, non-Hispanic",40-64 years,359,69,970
37021,"Black, non-Hispanic",40-64 years,318,72,963
37023,"Black, non-Hispanic",40-64 years,102,29,397
37025,"Black, non-Hispanic",40-64 years,886,184,2930
37027,"Black, non-Hispanic",40-64 years,73,22,297
37029,"Black, non-Hispanic",40-64 years,37,8,87
37031,"Black, non-Hispanic",40-64 years,61,17,244
37033,"Black, non-Hispanic",40-64 years,223,53,641
37035,"Black, non-Hispanic",40-64 years,237,65,982
37037,"Black, non-Hispanic",40-64 years,191,57,563
37039,"Black, non-Hispanic",40-64 years,8,2,30
37041,"Black, non-Hispanic",40-64 years,137,32,330
37045,"Black, non-Hispanic",40-64 years,475,128,1539
37047,"Black, non-Hispanic",40-64 years,421,80,1119
37049,"Black, non-Hispanic",40-64 years,492,112,1283
37051,"Black, non-Hispanic",40-64 years,2925,711,8801
37053,"Black, non-Hispanic",40-64 years,41,9,121
37055,"Black, non-Hispanic",40-64 years,20,6,62
37057,"Black, non-Hispanic",40-64 years,409,117,1237
37059,"Black, non-Hispanic",40-64 years,82,17,193
37061,"Black, non-Hispanic",40-64 years,393,94,972
37063,"Black, non-Hispanic",40-64 years,2535,743,7658
37065,"Black, non-Hispanic",40-64 years,980,214,2553
37067,"Black, non-Hispanic",40-64 years,2803,774,6534
37069,"Black, non-Hispanic",40-64 years,541,136,1354
37071,"Black, non-Hispanic",40-64 years,1044,210,3010
37073,"Black, non-Hispanic",40-64 years,108,23,299
37077,"Black, non-Hispanic",40-64 years,689,210,1623
37079,"Black, non-Hispanic",40-64 years,347,58,665
37081,"Black, non-Hispanic",40-64 years,4428,1209,11997
37083,"Black, non-Hispanic",40-64 years,945,281,2368
37085,"Black, non-Hispanic",40-64 years,976,268,2111
37087,"Black, non-Hispanic",40-64 years,14,3,53
37089,"Black, non-Hispanic",40-64 years,79,21,264
37091,"Black, non-Hispanic",40-64 years,285,87,1217
37093,"Black, non-Hispanic",40-64 years,625,157,1787
37095,"Black, non-Hispanic",40-64 years,37,8,99
37097,"Black, non-Hispanic",40-64 years,516,118,1510
37099,"Black, non-Hispanic",40-64 years,10,4,36
37101,"Black, non-Hispanic",40-64 years,1028,241,2906
37103,"Black, non-Hispanic",40-64 years,94,23,218
37105,"Black, non-Hispanic",40-64 years,256,62,868
37107,"Black, non-Hispanic",40-64 years,919,145,1844
37109,"Black, non-Hispanic",40-64 years,110,31,377
37111,"Black, non-Hispanic",40-64 years,34,9,138
37113,"Black, non-Hispanic",40-64 years,9,3,35
37117,"Black, non-Hispanic",40-64 years,308,77,755
37119,"Black, non-Hispanic",40-64 years,9086,2317,23060
37123,"Black, non-Hispanic",40-64 years,145,30,367
37125,"Black, non-Hispanic",40-64 years,210,50,692
37127,"Black, non-Hispanic",40-64 years,1004,267,3159
37129,"Black, non-Hispanic",40-64 years,497,112,1594
37131,"Black, non-Hispanic",40-64 years,380,118,1013
37133,"Black, non-Hispanic",40-64 years,538,154,1537
37135,"Black, non-Hispanic",40-64 years,329,85,866
37137,"Black, non-Hispanic",40-64 years,65,15,169
37139,"Black, non-Hispanic",40-64 years,370,99,1076
37141,"Black, non-Hispanic",40-64 years,226,64,638
37143,"Black, non-Hispanic",40-64 years,94,24,236
37145,"Black, non-Hispanic",40-64 years,449,95,856
37147,"Black, non-Hispanic",40-64 years,1262,290,3573
37149,"Black, non-Hispanic",40-64 years,18,5,55
37151,"Black, non-Hispanic",40-64 years,211,47,685
37153,"Black, non-Hispanic",40-64 years,257,58,1036
37155,"Black, non-Hispanic",40-64 years,941,201,2530
37157,"Black, non-Hispanic",40-64 years,531,125,1472
37159,"Black, non-Hispanic",40-64 years,521,124,1655
37161,"Black, non-Hispanic",40-64 years,182,62,488
37163,"Black, non-Hispanic",40-64 years,415,118,1255
37165,"Black, non-Hispanic",40-64 years,310,71,1027
37167,"Black, non-Hispanic",40-64 years,160,27,459
37169,"Black, non-Hispanic",40-64 years,66,19,156
37171,"Black, non-Hispanic",40-64 years,78,15,207
37175,"Black, non-Hispanic",40-64 years,15,4,61
37177,"Black, non-Hispanic",40-64 years,36,8,100
37179,"Black, non-Hispanic",40-64 years,862,198,1971
37181,"Black, non-Hispanic",40-64 years,823,205,1797
37183,"Black, non-Hispanic",40-64 years,4832,1325,13687
37185,"Black, non-Hispanic",40-64 years,413,87,852
37187,"Black, non-Hispanic",40-64 years,215,52,479
37189,"Black, non-Hispanic",40-64 years,9,2,34
37191,"Black, non-Hispanic",40-64 years,1314,343,2812
37193,"Black, non-Hispanic",40-64 years,55,12,209
37195,"Black, non-Hispanic",40-64 years,728,197,2552
37197,"Black, non-Hispanic",40-64 years,40,10,94
38015,"Black, non-Hispanic",40-64 years,27,8,82
38017,"Black, non-Hispanic",40-64 years,125,26,336
38035,"Black, non-Hispanic",40-64 years,29,7,78
38089,"Black, non-Hispanic",40-64 years,14,3,36
38101,"Black, non-Hispanic",40-64 years,42,8,98
38105,"Black, non-Hispanic",40-64 years,39,9,94
39003,"Black, non-Hispanic",40-64 years,309,62,826
39007,"Black, non-Hispanic",40-64 years,80,22,239
39009,"Black, non-Hispanic",40-64 years,25,6,79
39013,"Black, non-Hispanic",40-64 years,63,16,141
39015,"Black, non-Hispanic",40-64 years,10,3,35
39017,"Black, non-Hispanic",40-64 years,755,166,2382
39021,"Black, non-Hispanic",40-64 years,16,4,56
39023,"Black, non-Hispanic",40-64 years,201,56,807
39025,"Black, non-Hispanic",40-64 years,81,23,224
39027,"Black, non-Hispanic",40-64 years,19,5,55
39029,"Black, non-Hispanic",40-64 years,53,12,173
39031,"Black, non-Hispanic",40-64 years,9,2,30
39033,"Black, non-Hispanic",40-64 years,17,3,34
39035,"Black, non-Hispanic",40-64 years,9187,2152,23754
39039,"Black, non-Hispanic",40-64 years,18,4,41
39041,"Black, non-Hispanic",40-64 years,227,45,550
39043,"Black, non-Hispanic",40-64 years,131,34,387
39045,"Black, non-Hispanic",40-64 years,324,80,947
39047,"Black, non-Hispanic",40-64 years,22,5,61
39049,"Black, non-Hispanic",40-64 years,6604,1453,18231
39053,"Black, non-Hispanic",40-64 years,24,6,53
39055,"Black, non-Hispanic",40-64 years,28,8,82
39057,"Black, non-Hispanic",40-64 years,186,42,558
39059,"Black, non-Hispanic",40-64 years,16,3,42
39061,"Black, non-Hispanic",40-64 years,5447,1194,14037
39063,"Black, non-Hispanic",40-64 years,25,5,83
39071,"Black, non-Hispanic",40-64 years,17,5,56
39077,"Black, non-Hispanic",40-64 years,21,5,51
39081,"Black, non-Hispanic",40-64 years,78,16,237
39083,"Black, non-Hispanic",40-64 years,11,3,36
39085,"Black, non-Hispanic",40-64 years,206,54,643
39087,"Black, non-Hispanic",40-64 years,48,12,99
39089,"Black, non-Hispanic",40-64 years,199,52,584
39091,"Black, non-Hispanic",40-64 years,23,5,69
39093,"Black, non-Hispanic",40-64 years,736,155,1575
39095,"Black, non-Hispanic",40-64 years,2164,407,5247
39097,"Black, non-Hispanic",40-64 years,69,22,202
39099,"Black, non-Hispanic",40-64 years,525,146,1951
39101,"Black, non-Hispanic",40-64 years,164,31,383
39103,"Black, non-Hispanic",40-64 years,57,14,158
39109,"Black, non-Hispanic",40-64 years,78,17,206
39113,"Black, non-Hispanic",40-64 years,2761,690,7725
39115,"Black, non-Hispanic",40-64 years,9,2,31
39119,"Black, non-Hispanic",40-64 years,79,17,245
39121,"Black, non-Hispanic",40-64 years,28,7,75
39129,"Black, non-Hispanic",40-64 years,42,12,160
39133,"Black, non-Hispanic",40-64 years,114,29,394
39139,"Black, non-Hispanic",40-64 years,275,71,760
39141,"Black, non-Hispanic",40-64 years,126,30,406
39143,"Black, non-Hispanic",40-64 years,48,9,117
39145,"Black, non-Hispanic",40-64 years,35,9,119
39147,"Black, non-Hispanic",40-64 years,24,4,69
39149,"Black, non-Hispanic",40-64 years,40,8,84
39151,"Black, non-Hispanic",40-64 years,543,113,1670
39153,"Black, non-Hispanic",40-64 years,1645,362,4488
39155,"Black, non-Hispanic",40-64 years,430,90,1047
39157,"Black, non-Hispanic",40-64 years,16,3,52
39159,"Black, non-Hispanic",40-64 years,41,12,101
39165,"Black, non-Hispanic",40-64 years,195,44,546
39167,"Black, non-Hispanic",40-64 years,16,4,53
39169,"Black, non-Hispanic",40-64 years,43,9,113
39173,"Black, non-Hispanic",40-64 years,53,11,132
40003,"Black, non-Hispanic",40-64 years,16,3,35
40005,"Black, non-Hispanic",40-64 years,9,3,35
40009,"Black, non-Hispanic",40-64 years,19,5,63
40013,"Black, non-Hispanic",40-64 years,15,4,46
40015,"Black, non-Hispanic",40-64 years,23,6,63
40017,"Black, non-Hispanic",40-64 years,139,34,349
40019,"Black, non-Hispanic",40-64 years,107,24,241
40021,"Black, non-Hispanic",40-64 years,13,3,34
40023,"Black, non-Hispanic",40-64 years,32,8,109
40027,"Black, non-Hispanic",40-64 years,311,72,900
40031,"Black, non-Hispanic",40-64 years,433,113,1377
40035,"Black, non-Hispanic",40-64 years,13,4,44
40037,"Black, non-Hispanic",40-64 years,34,9,107
40039,"Black, non-Hispanic",40-64 years,16,4,35
40047,"Black, non-Hispanic",40-64 years,62,11,123
40049,"Black, non-Hispanic",40-64 years,16,4,46
40051,"Black, non-Hispanic",40-64 years,24,7,81
40055,"Black, non-Hispanic",40-64 years,10,3,37
40063,"Black, non-Hispanic",40-64 years,22,5,57
40065,"Black, non-Hispanic",40-64 years,34,10,111
40071,"Black, non-Hispanic",40-64 years,24,5,61
40079,"Black, non-Hispanic",40-64 years,19,6,66
40081,"Black, non-Hispanic",40-64 years,19,5,48
40083,"Black, non-Hispanic",40-64 years,70,15,171
40087,"Black, non-Hispanic",40-64 years,9,2,31
40089,"Black, non-Hispanic",40-64 years,52,15,178
40091,"Black, non-Hispanic",40-64 years,13,4,45
40097,"Black, non-Hispanic",40-64 years,12,3,23
40101,"Black, non-Hispanic",40-64 years,134,40,502
40107,"Black, non-Hispanic",40-64 years,25,7,70
40109,"Black, non-Hispanic",40-64 years,2932,682,7365
40111,"Black, non-Hispanic",40-64 years,77,19,222
40113,"Black, non-Hispanic",40-64 years,126,28,361
40119,"Black, non-Hispanic",40-64 years,45,9,113
40121,"Black, non-Hispanic",40-64 years,28,8,97
40123,"Black, non-Hispanic",40-64 years,18,4,44
40125,"Black, non-Hispanic",40-64 years,48,13,148
40131,"Black, non-Hispanic",40-64 years,36,7,77
40133,"Black, non-Hispanic",40-64 years,39,9,83
40135,"Black, non-Hispanic",40-64 years,23,6,66
40137,"Black, non-Hispanic",40-64 years,30,6,58
40139,"Black, non-Hispanic",40-64 years,26,7,63
40141,"Black, non-Hispanic",40-64 years,15,4,40
40143,"Black, non-Hispanic",40-64 years,1457,365,4010
40145,"Black, non-Hispanic",40-64 years,77,18,222
40147,"Black, non-Hispanic",40-64 years,22,6,83
41003,"Black, non-Hispanic",40-64 years,10,3,30
41005,"Black, non-Hispanic",40-64 years,104,26,269
41017,"Black, non-Hispanic",40-64 years,18,4,49
41019,"Black, non-Hispanic",40-64 years,11,2,32
41029,"Black, non-Hispanic",40-64 years,37,10,104
41033,"Black, non-Hispanic",40-64 years,11,3,27
41039,"Black, non-Hispanic",40-64 years,75,21,215
41043,"Black, non-Hispanic",40-64 years,12,3,45
41047,"Black, non-Hispanic",40-64 years,83,22,253
41051,"Black, non-Hispanic",40-64 years,882,215,2349
41053,"Black, non-Hispanic",40-64 years,14,4,45
41059,"Black, non-Hispanic",40-64 years,16,4,49
41067,"Black, non-Hispanic",40-64 years,319,81,743
41071,"Black, non-Hispanic",40-64 years,28,6,60
42001,"Black, non-Hispanic",40-64 years,40,10,110
42003,"Black, non-Hispanic",40-64 years,2594,646,8172
42005,"Black, non-Hispanic",40-64 years,12,3,46
42007,"Black, non-Hispanic",40-64 years,257,60,612
42011,"Black, non-Hispanic",40-64 years,497,131,1141
42013,"Black, non-Hispanic",40-64 years,51,9,132
42017,"Black, non-Hispanic",40-64 years,602,174,1474
42019,"Black, non-Hispanic",40-64 years,52,11,144
42021,"Black, non-Hispanic",40-64 years,77,21,268
42025,"Black, non-Hispanic",40-64 years,32,9,85
42027,"Black, non-Hispanic",40-64 years,91,25,279
42029,"Black, non-Hispanic",40-64 years,564,143,1559
42033,"Black, non-Hispanic",40-64 years,41,10,137
42035,"Black, non-Hispanic",40-64 years,10,3,25
42037,"Black, non-Hispanic",40-64 years,19,4,39
42039,"Black, non-Hispanic",40-64 years,41,10,91
42041,"Black, non-Hispanic",40-64 years,241,45,579
42043,"Black, non-Hispanic",40-64 years,1102,246,2926
42045,"Black, non-Hispanic",40-64 years,2094,622,6370
42049,"Black, non-Hispanic",40-64 years,450,113,1000
42051,"Black, non-Hispanic",40-64 years,125,33,400
42053,"Black, non-Hispanic",40-64 years,25,5,70
42055,"Black, non-Hispanic",40-64 years,143,34,344
42059,"Black, non-Hispanic",40-64 years,29,7,100
42061,"Black, non-Hispanic",40-64 years,55,14,175
42063,"Black, non-Hispanic",40-64 years,19,5,61
42069,"Black, non-Hispanic",40-64 years,112,28,353
42071,"Black, non-Hispanic",40-64 years,457,112,1184
42073,"Black, non-Hispanic",40-64 years,74,16,202
42075,"Black, non-Hispanic",40-64 years,77,16,193
42077,"Black, non-Hispanic",40-64 years,501,134,1269
42079,"Black, non-Hispanic",40-64 years,314,63,709
42081,"Black, non-Hispanic",40-64 years,92,25,309
42083,"Black, non-Hispanic",40-64 years,17,4,43
42085,"Black, non-Hispanic",40-64 years,128,26,368
42089,"Black, non-Hispanic",40-64 years,792,214,1920
42091,"Black, non-Hispanic",40-64 years,1592,384,4277
42095,"Black, non-Hispanic",40-64 years,512,139,1163
42097,"Black, non-Hispanic",40-64 years,65,14,140
42099,"Black, non-Hispanic",40-64 years,15,3,34
42101,"Black, non-Hispanic",40-64 years,18651,4856,50218
42103,"Black, non-Hispanic",40-64 years,105,26,266
42107,"Black, non-Hispanic",40-64 years,148,39,304
42109,"Black, non-Hispanic",40-64 years,13,3,26
42111,"Black, non-Hispanic",40-64 years,53,15,156
42119,"Black, non-Hispanic",40-64 years,77,18,169
42121,"Black, non-Hispanic",40-64 years,11,3,30
42125,"Black, non-Hispanic",40-64 years,137,30,410
42127,"Black, non-Hispanic",40-64 years,40,9,118
42129,"Black, non-Hispanic",40-64 years,189,47,495
42133,"Black, non-Hispanic",40-64 years,643,137,1686
44001,"Black, non-Hispanic",40-64 years,13,3,37
44003,"Black, non-Hispanic",40-64 years,82,17,217
44005,"Black, non-Hispanic",40-64 years,66,15,162
44007,"Black, non-Hispanic",40-64 years,1486,356,3570
44009,"Black, non-Hispanic",40-64 years,31,8,71
45001,"Black, non-Hispanic",40-64 years,181,43,545
45003,"Black, non-Hispanic",40-64 years,1046,254,2878
45005,"Black, non-Hispanic",40-64 years,193,57,569
45007,"Black, non-Hispanic",40-64 years,708,172,2263
45009,"Black, non-Hispanic",40-64 years,195,62,699
45011,"Black, non-Hispanic",40-64 years,248,68,729
45013,"Black, non-Hispanic",40-64 years,732,167,1785
45015,"Black, non-Hispanic",40-64 years,1393,368,4196
45017,"Black, non-Hispanic",40-64 years,143,41,501
45019,"Black, non-Hispanic",40-64 years,2321,595,6367
45021,"Black, non-Hispanic",40-64 years,251,68,844
45023,"Black, non-Hispanic",40-64 years,322,88,965
45025,"Black, non-Hispanic",40-64 years,358,90,1157
45027,"Black, non-Hispanic",40-64 years,401,127,1274
45029,"Black, non-Hispanic",40-64 years,393,104,1096
45031,"Black, non-Hispanic",40-64 years,772,150,2083
45033,"Black, non-Hispanic",40-64 years,298,83,1068
45035,"Black, non-Hispanic",40-64 years,869,216,2747
45037,"Black, non-Hispanic",40-64 years,284,71,724
45039,"Black, non-Hispanic",40-64 years,334,101,1188
45041,"Black, non-Hispanic",40-64 years,935,307,4108
45043,"Black, non-Hispanic",40-64 years,500,103,1362
45045,"Black, non-Hispanic",40-64 years,2035,540,6018
45047,"Black, non-Hispanic",40-64 years,572,105,1486
45049,"Black, non-Hispanic",40-64 years,397,96,878
45051,"Black, non-Hispanic",40-64 years,841,213,2814
45053,"Black, non-Hispanic",40-64 years,471,123,1087
45055,"Black, non-Hispanic",40-64 years,314,84,1200
45057,"Black, non-Hispanic",40-64 years,393,109,1533
45059,"Black, non-Hispanic",40-64 years,456,113,1336
45061,"Black, non-Hispanic",40-64 years,270,84,976
45063,"Black, non-Hispanic",40-64 years,919,262,2953
45065,"Black, non-Hispanic",40-64 years,145,35,402
45067,"Black, non-Hispanic",40-64 years,405,115,1363
45069,"Black, non-Hispanic",40-64 years,284,80,1247
45071,"Black, non-Hispanic",40-64 years,261,77,841
45073,"Black, non-Hispanic",40-64 years,120,29,412
45075,"Black, non-Hispanic",40-64 years,1207,426,4379
45077,"Black, non-Hispanic",40-64 years,164,40,600
45079,"Black, non-Hispanic",40-64 years,4268,1311,14262
45081,"Black, non-Hispanic",40-64 years,165,40,379
45083,"Black, non-Hispanic",40-64 years,1543,355,4660
45085,"Black, non-Hispanic",40-64 years,1235,329,3932
45087,"Black, non-Hispanic",40-64 years,234,62,719
45089,"Black, non-Hispanic",40-64 years,508,152,1944
45091,"Black, non-Hispanic",40-64 years,1092,307,3563
46083,"Black, non-Hispanic",40-64 years,11,2,44
46099,"Black, non-Hispanic",40-64 years,123,26,404
46103,"Black, non-Hispanic",40-64 years,20,5,60
47001,"Black, non-Hispanic",40-64 years,55,14,215
47003,"Black, non-Hispanic",40-64 years,94,26,296
47005,"Black, non-Hispanic",40-64 years,9,3,30
47007,"Black, non-Hispanic",40-64 years,27,10,92
47009,"Black, non-Hispanic",40-64 years,73,17,262
47011,"Black, non-Hispanic",40-64 years,95,22,380
47017,"Black, non-Hispanic",40-64 years,88,22,203
47019,"Black, non-Hispanic",40-64 years,20,5,74
47021,"Black, non-Hispanic",40-64 years,24,7,78
47023,"Black, non-Hispanic",40-64 years,24,7,106
47029,"Black, non-Hispanic",40-64 years,23,5,58
47031,"Black, non-Hispanic",40-64 years,54,13,168
47033,"Black, non-Hispanic",40-64 years,63,19,173
47035,"Black, non-Hispanic",40-64 years,8,2,33
47037,"Black, non-Hispanic",40-64 years,4044,1094,12206
47039,"Black, non-Hispanic",40-64 years,9,3,29
47043,"Black, non-Hispanic",40-64 years,41,10,167
47045,"Black, non-Hispanic",40-64 years,89,26,336
47047,"Black, non-Hispanic",40-64 years,224,58,948
47051,"Black, non-Hispanic",40-64 years,36,9,154
47053,"Black, non-Hispanic",40-64 years,245,49,677
47055,"Black, non-Hispanic",40-64 years,80,20,239
47059,"Black, non-Hispanic",40-64 years,31,6,98
47063,"Black, non-Hispanic",40-64 years,103,17,206
47065,"Black, non-Hispanic",40-64 years,1269,300,4463
47069,"Black, non-Hispanic",40-64 years,301,83,926
47071,"Black, non-Hispanic",40-64 years,25,5,78
47073,"Black, non-Hispanic",40-64 years,25,4,64
47075,"Black, non-Hispanic",40-64 years,303,77,867
47077,"Black, non-Hispanic",40-64 years,53,16,190
47079,"Black, non-Hispanic",40-64 years,60,13,178
47081,"Black, non-Hispanic",40-64 years,29,8,97
47085,"Black, non-Hispanic",40-64 years,9,2,32
47089,"Black, non-Hispanic",40-64 years,37,7,77
47091,"Black, non-Hispanic",40-64 years,11,3,39
47093,"Black, non-Hispanic",40-64 years,767,163,2388
47095,"Black, non-Hispanic",40-64 years,51,13,186
47097,"Black, non-Hispanic",40-64 years,280,67,760
47099,"Black, non-Hispanic",40-64 years,23,4,53
47103,"Black, non-Hispanic",40-64 years,65,20,171
47105,"Black, non-Hispanic",40-64 years,17,4,52
47107,"Black, non-Hispanic",40-64 years,56,13,155
47109,"Black, non-Hispanic",40-64 years,47,10,127
47113,"Black, non-Hispanic",40-64 years,687,205,2607
47115,"Black, non-Hispanic",40-64 years,23,6,86
47117,"Black, non-Hispanic",40-64 years,72,15,175
47119,"Black, non-Hispanic",40-64 years,340,62,822
47123,"Black, non-Hispanic",40-64 years,25,6,71
47125,"Black, non-Hispanic",40-64 years,1087,294,2941
47129,"Black, non-Hispanic",40-64 years,11,3,49
47131,"Black, non-Hispanic",40-64 years,67,17,239
47141,"Black, non-Hispanic",40-64 years,29,9,99
47143,"Black, non-Hispanic",40-64 years,16,4,53
47145,"Black, non-Hispanic",40-64 years,25,6,104
47147,"Black, non-Hispanic",40-64 years,118,31,390
47149,"Black, non-Hispanic",40-64 years,978,269,3443
47155,"Black, non-Hispanic",40-64 years,27,6,77
47157,"Black, non-Hispanic",40-64 years,10473,2834,37117
47159,"Black, non-Hispanic",40-64 years,11,3,42
47163,"Black, non-Hispanic",40-64 years,57,12,223
47165,"Black, non-Hispanic",40-64 years,281,73,1033
47167,"Black, non-Hispanic",40-64 years,228,56,842
47169,"Black, non-Hispanic",40-64 years,36,10,136
47177,"Black, non-Hispanic",40-64 years,40,7,116
47179,"Black, non-Hispanic",40-64 years,117,20,337
47181,"Black, non-Hispanic",40-64 years,24,6,79
47183,"Black, non-Hispanic",40-64 years,69,14,140
47185,"Black, non-Hispanic",40-64 years,10,3,39
47187,"Black, non-Hispanic",40-64 years,165,42,633
47189,"Black, non-Hispanic",40-64 years,202,55,777
48001,"Black, non-Hispanic",40-64 years,346,85,1145
48005,"Black, non-Hispanic",40-64 years,284,69,938
48007,"Black, non-Hispanic",40-64 years,8,2,30
48013,"Black, non-Hispanic",40-64 years,11,4,36
48015,"Black, non-Hispanic",40-64 years,48,14,184
48021,"Black, non-Hispanic",40-64 years,129,45,508
48025,"Black, non-Hispanic",40-64 years,102,30,276
48027,"Black, non-Hispanic",40-64 years,1628,452,4897
48029,"Black, non-Hispanic",40-64 years,4308,1245,11779
48037,"Black, non-Hispanic",40-64 years,413,137,1493
48039,"Black, non-Hispanic",40-64 years,1426,388,4308
48041,"Black, non-Hispanic",40-64 years,424,130,1425
48049,"Black, non-Hispanic",40-64 years,31,9,86
48051,"Black, non-Hispanic",40-64 years,47,12,148
48053,"Black, non-Hispanic",40-64 years,15,4,50
48055,"Black, non-Hispanic",40-64 years,70,23,203
48057,"Black, non-Hispanic",40-64 years,10,2,40
48061,"Black, non-Hispanic",40-64 years,85,22,177
48063,"Black, non-Hispanic",40-64 years,49,11,143
48067,"Black, non-Hispanic",40-64 years,138,39,336
48071,"Black, non-Hispanic",40-64 years,68,19,259
48073,"Black, non-Hispanic",40-64 years,181,55,519
48075,"Black, non-Hispanic",40-64 years,12,3,28
48085,"Black, non-Hispanic",40-64 years,2175,499,7060
48089,"Black, non-Hispanic",40-64 years,52,13,168
48091,"Black, non-Hispanic",40-64 years,131,38,406
48097,"Black, non-Hispanic",40-64 years,31,8,83
48099,"Black, non-Hispanic",40-64 years,221,62,856
48113,"Black, non-Hispanic",40-64 years,17278,4644,45059
48115,"Black, non-Hispanic",40-64 years,16,5,49
48121,"Black, non-Hispanic",40-64 years,1971,451,6113
48123,"Black, non-Hispanic",40-64 years,36,9,139
48135,"Black, non-Hispanic",40-64 years,131,48,454
48139,"Black, non-Hispanic",40-64 years,702,175,2066
48141,"Black, non-Hispanic",40-64 years,713,196,2010
48145,"Black, non-Hispanic",40-64 years,97,27,297
48147,"Black, non-Hispanic",40-64 years,59,12,175
48149,"Black, non-Hispanic",40-64 years,25,8,95
48157,"Black, non-Hispanic",40-64 years,4852,1092,12572
48159,"Black, non-Hispanic",40-64 years,12,3,29
48161,"Black, non-Hispanic",40-64 years,63,16,249
48163,"Black, non-Hispanic",40-64 years,9,3,28
48165,"Black, non-Hispanic",40-64 years,12,3,29
48167,"Black, non-Hispanic",40-64 years,761,224,2764
48169,"Black, non-Hispanic",40-64 years,8,3,29
48177,"Black, non-Hispanic",40-64 years,24,7,86
48179,"Black, non-Hispanic",40-64 years,55,16,112
48181,"Black, non-Hispanic",40-64 years,153,40,486
48183,"Black, non-Hispanic",40-64 years,566,142,1690
48185,"Black, non-Hispanic",40-64 years,120,31,362
48187,"Black, non-Hispanic",40-64 years,428,122,1245
48189,"Black, non-Hispanic",40-64 years,50,14,121
48199,"Black, non-Hispanic",40-64 years,54,12,189
48201,"Black, non-Hispanic",40-64 years,20150,6208,63247
48203,"Black, non-Hispanic",40-64 years,330,89,1041
48205,"Black, non-Hispanic",40-64 years,15,3,36
48209,"Black, non-Hispanic",40-64 years,208,58,562
48213,"Black, non-Hispanic",40-64 years,128,33,387
48215,"Black, non-Hispanic",40-64 years,187,46,391
48217,"Black, non-Hispanic",40-64 years,45,12,148
48219,"Black, non-Hispanic",40-64 years,21,6,45
48221,"Black, non-Hispanic",40-64 years,15,3,45
48223,"Black, non-Hispanic",40-64 years,63,14,176
48225,"Black, non-Hispanic",40-64 years,136,31,501
48227,"Black, non-Hispanic",40-64 years,57,21,208
48231,"Black, non-Hispanic",40-64 years,229,42,485
48233,"Black, non-Hispanic",40-64 years,15,4,32
48239,"Black, non-Hispanic",40-64 years,16,4,53
48241,"Black, non-Hispanic",40-64 years,120,32,385
48245,"Black, non-Hispanic",40-64 years,1947,473,6696
48249,"Black, non-Hispanic",40-64 years,9,3,24
48251,"Black, non-Hispanic",40-64 years,236,53,592
48253,"Black, non-Hispanic",40-64 years,94,21,180
48255,"Black, non-Hispanic",40-64 years,23,7,78
48257,"Black, non-Hispanic",40-64 years,540,134,1674
48259,"Black, non-Hispanic",40-64 years,14,4,43
48265,"Black, non-Hispanic",40-64 years,18,6,60
48273,"Black, non-Hispanic",40-64 years,24,6,61
48277,"Black, non-Hispanic",40-64 years,184,40,457
48279,"Black, non-Hispanic",40-64 years,17,5,44
48281,"Black, non-Hispanic",40-64 years,24,7,81
48285,"Black, non-Hispanic",40-64 years,17,5,68
48287,"Black, non-Hispanic",40-64 years,41,14,143
48289,"Black, non-Hispanic",40-64 years,23,7,82
48291,"Black, non-Hispanic",40-64 years,150,44,654
48293,"Black, non-Hispanic",40-64 years,67,14,282
48297,"Black, non-Hispanic",40-64 years,9,3,26
48303,"Black, non-Hispanic",40-64 years,443,104,1168
48309,"Black, non-Hispanic",40-64 years,799,216,2218
48313,"Black, non-Hispanic",40-64 years,43,14,134
48315,"Black, non-Hispanic",40-64 years,62,15,169
48321,"Black, non-Hispanic",40-64 years,82,28,295
48323,"Black, non-Hispanic",40-64 years,9,3,19
48325,"Black, non-Hispanic",40-64 years,40,12,138
48329,"Black, non-Hispanic",40-64 years,161,52,611
48331,"Black, non-Hispanic",40-64 years,58,18,153
48335,"Black, non-Hispanic",40-64 years,20,6,47
48339,"Black, non-Hispanic",40-64 years,611,175,2293
48341,"Black, non-Hispanic",40-64 years,30,8,61
48343,"Black, non-Hispanic",40-64 years,59,15,204
48347,"Black, non-Hispanic",40-64 years,196,60,629
48349,"Black, non-Hispanic",40-64 years,182,35,501
48351,"Black, non-Hispanic",40-64 years,51,15,194
48353,"Black, non-Hispanic",40-64 years,18,4,45
48355,"Black, non-Hispanic",40-64 years,407,96,919
48361,"Black, non-Hispanic",40-64 years,127,27,461
48363,"Black, non-Hispanic",40-64 years,15,3,47
48365,"Black, non-Hispanic",40-64 years,76,20,251
48367,"Black, non-Hispanic",40-64 years,69,13,156
48371,"Black, non-Hispanic",40-64 years,21,7,73
48373,"Black, non-Hispanic",40-64 years,103,29,398
48375,"Black, non-Hispanic",40-64 years,379,107,782
48381,"Black, non-Hispanic",40-64 years,120,33,235
48387,"Black, non-Hispanic",40-64 years,54,14,155
48389,"Black, non-Hispanic",40-64 years,14,5,55
48391,"Black, non-Hispanic",40-64 years,10,2,30
48395,"Black, non-Hispanic",40-64 years,68,21,237
48397,"Black, non-Hispanic",40-64 years,199,49,629
48401,"Black, non-Hispanic",40-64 years,253,64,757
48403,"Black, non-Hispanic",40-64 years,16,3,59
48405,"Black, non-Hispanic",40-64 years,56,12,157
48407,"Black, non-Hispanic",40-64 years,45,11,204
48409,"Black, non-Hispanic",40-64 years,40,11,102
48415,"Black, non-Hispanic",40-64 years,23,6,62
48419,"Black, non-Hispanic",40-64 years,138,32,328
48423,"Black, non-Hispanic",40-64 years,799,210,2439
48437,"Black, non-Hispanic",40-64 years,15,4,33
48439,"Black, non-Hispanic",40-64 years,9996,2619,25603
48441,"Black, non-Hispanic",40-64 years,180,49,499
48445,"Black, non-Hispanic",40-64 years,12,3,37
48449,"Black, non-Hispanic",40-64 years,63,19,200
48451,"Black, non-Hispanic",40-64 years,84,24,240
48453,"Black, non-Hispanic",40-64 years,2137,635,6350
48455,"Black, non-Hispanic",40-64 years,23,6,89
48457,"Black, non-Hispanic",40-64 years,35,8,114
48459,"Black, non-Hispanic",40-64 years,69,14,226
48465,"Black, non-Hispanic",40-64 years,17,5,41
48467,"Black, non-Hispanic",40-64 years,45,12,127
48469,"Black, non-Hispanic",40-64 years,93,25,360
48471,"Black, non-Hispanic",40-64 years,436,125,1546
48473,"Black, non-Hispanic",40-64 years,172,56,552
48475,"Black, non-Hispanic",40-64 years,7,2,33
48477,"Black, non-Hispanic",40-64 years,85,28,338
48479,"Black, non-Hispanic",40-64 years,41,11,91
48481,"Black, non-Hispanic",40-64 years,114,35,383
48485,"Black, non-Hispanic",40-64 years,227,57,776
48487,"Black, non-Hispanic",40-64 years,24,7,66
48489,"Black, non-Hispanic",40-64 years,17,5,33
48491,"Black, non-Hispanic",40-64 years,783,215,2666
48493,"Black, non-Hispanic",40-64 years,26,8,87
48497,"Black, non-Hispanic",40-64 years,30,7,68
48499,"Black, non-Hispanic",40-64 years,37,9,112
49005,"Black, non-Hispanic",40-64 years,12,3,37
49011,"Black, non-Hispanic",40-64 years,69,15,194
49035,"Black, non-Hispanic",40-64 years,326,75,926
49045,"Black, non-Hispanic",40-64 years,16,3,41
49049,"Black, non-Hispanic",40-64 years,40,10,117
49053,"Black, non-Hispanic",40-64 years,16,3,45
49057,"Black, non-Hispanic",40-64 years,59,14,194
50007,"Black, non-Hispanic",40-64 years,43,12,126
50025,"Black, non-Hispanic",40-64 years,27,3,53
50027,"Black, non-Hispanic",40-64 years,7,2,30
51001,"Black, non-Hispanic",40-64 years,282,81,764
51003,"Black, non-Hispanic",40-64 years,193,56,554
51005,"Black, non-Hispanic",40-64 years,15,4,45
51007,"Black, non-Hispanic",40-64 years,79,17,205
51009,"Black, non-Hispanic",40-64 years,225,56,474
51011,"Black, non-Hispanic",40-64 years,104,27,211
51013,"Black, non-Hispanic",40-64 years,389,108,1152
51015,"Black, non-Hispanic",40-64 years,92,23,255
51019,"Black, non-Hispanic",40-64 years,125,29,325
51023,"Black, non-Hispanic",40-64 years,29,7,79
51025,"Black, non-Hispanic",40-64 years,361,93,754
51027,"Black, non-Hispanic",40-64 years,10,3,40
51029,"Black, non-Hispanic",40-64 years,162,40,522
51031,"Black, non-Hispanic",40-64 years,288,71,623
51033,"Black, non-Hispanic",40-64 years,253,67,694
51036,"Black, non-Hispanic",40-64 years,125,32,334
51037,"Black, non-Hispanic",40-64 years,91,24,258
51041,"Black, non-Hispanic",40-64 years,2053,479,5679
51043,"Black, non-Hispanic",40-64 years,18,5,39
51047,"Black, non-Hispanic",40-64 years,263,48,542
51049,"Black, non-Hispanic",40-64 years,78,22,238
51053,"Black, non-Hispanic",40-64 years,271,77,798
51057,"Black, non-Hispanic",40-64 years,141,42,343
51059,"Black, non-Hispanic",40-64 years,2132,571,6251
51061,"Black, non-Hispanic",40-64 years,101,29,369
51065,"Black, non-Hispanic",40-64 years,93,21,277
51067,"Black, non-Hispanic",40-64 years,108,26,310
51069,"Black, non-Hispanic",40-64 years,130,29,284
51073,"Black, non-Hispanic",40-64 years,81,17,219
51075,"Black, non-Hispanic",40-64 years,124,35,263
51077,"Black, non-Hispanic",40-64 years,24,4,68
51079,"Black, non-Hispanic",40-64 years,38,9,106
51081,"Black, non-Hispanic",40-64 years,295,69,665
51083,"Black, non-Hispanic",40-64 years,386,97,912
51085,"Black, non-Hispanic",40-64 years,278,65,670
51087,"Black, non-Hispanic",40-64 years,2647,631,6435
51089,"Black, non-Hispanic",40-64 years,340,97,962
51093,"Black, non-Hispanic",40-64 years,237,60,697
51095,"Black, non-Hispanic",40-64 years,280,58,682
51097,"Black, non-Hispanic",40-64 years,82,23,158
51099,"Black, non-Hispanic",40-64 years,97,24,313
51101,"Black, non-Hispanic",40-64 years,93,23,215
51103,"Black, non-Hispanic",40-64 years,79,24,208
51105,"Black, non-Hispanic",40-64 years,11,3,41
51107,"Black, non-Hispanic",40-64 years,799,224,2161
51109,"Black, non-Hispanic",40-64 years,179,48,479
51111,"Black, non-Hispanic",40-64 years,117,31,357
51113,"Black, non-Hispanic",40-64 years,49,10,95
51115,"Black, non-Hispanic",40-64 years,20,5,58
51117,"Black, non-Hispanic",40-64 years,344,85,768
51119,"Black, non-Hispanic",40-64 years,43,10,122
51121,"Black, non-Hispanic",40-64 years,69,14,206
51125,"Black, non-Hispanic",40-64 years,43,11,110
51127,"Black, non-Hispanic",40-64 years,99,24,248
51131,"Black, non-Hispanic",40-64 years,141,35,322
51133,"Black, non-Hispanic",40-64 years,93,25,201
51135,"Black, non-Hispanic",40-64 years,167,42,484
51137,"Black, non-Hispanic",40-64 years,132,27,344
51139,"Black, non-Hispanic",40-64 years,17,3,41
51141,"Black, non-Hispanic",40-64 years,23,6,81
51143,"Black, non-Hispanic",40-64 years,437,113,1125
51145,"Black, non-Hispanic",40-64 years,90,19,213
51147,"Black, non-Hispanic",40-64 years,133,40,485
51149,"Black, non-Hispanic",40-64 years,348,91,948
51153,"Black, non-Hispanic",40-64 years,2686,658,7409
51155,"Black, non-Hispanic",40-64 years,40,11,137
51159,"Black, non-Hispanic",40-64 years,75,21,216
51161,"Black, non-Hispanic",40-64 years,113,24,340
51163,"Black, non-Hispanic",40-64 years,14,4,36
51165,"Black, non-Hispanic",40-64 years,34,9,129
51171,"Black, non-Hispanic",40-64 years,27,7,76
51173,"Black, non-Hispanic",40-64 years,20,4,48
51175,"Black, non-Hispanic",40-64 years,226,67,644
51177,"Black, non-Hispanic",40-64 years,577,159,1815
51179,"Black, non-Hispanic",40-64 years,724,182,2234
51181,"Black, non-Hispanic",40-64 years,106,29,269
51183,"Black, non-Hispanic",40-64 years,187,56,513
51185,"Black, non-Hispanic",40-64 years,24,5,99
51187,"Black, non-Hispanic",40-64 years,49,12,127
51191,"Black, non-Hispanic",40-64 years,12,3,47
51193,"Black, non-Hispanic",40-64 years,119,35,365
51195,"Black, non-Hispanic",40-64 years,29,6,112
51197,"Black, non-Hispanic",40-64 years,24,5,57
51199,"Black, non-Hispanic",40-64 years,303,61,712
51510,"Black, non-Hispanic",40-64 years,627,178,1898
51515,"Black, non-Hispanic",40-64 years,28,7,82
51520,"Black, non-Hispanic",40-64 years,17,4,66
51540,"Black, non-Hispanic",40-64 years,149,35,459
51550,"Black, non-Hispanic",40-64 years,2141,570,5413
51570,"Black, non-Hispanic",40-64 years,46,10,152
51580,"Black, non-Hispanic",40-64 years,18,4,53
51590,"Black, non-Hispanic",40-64 years,622,185,1655
51595,"Black, non-Hispanic",40-64 years,120,36,315
51600,"Black, non-Hispanic",40-64 years,24,7,71
51610,"Black, non-Hispanic",40-64 years,7,2,30
51620,"Black, non-Hispanic",40-64 years,100,29,361
51630,"Black, non-Hispanic",40-64 years,108,27,373
51640,"Black, non-Hispanic",40-64 years,11,3,34
51650,"Black, non-Hispanic",40-64 years,2180,631,5625
51660,"Black, non-Hispanic",40-64 years,58,14,220
51670,"Black, non-Hispanic",40-64 years,251,66,803
51678,"Black, non-Hispanic",40-64 years,12,3,33
51680,"Black, non-Hispanic",40-64 years,546,126,1223
51683,"Black, non-Hispanic",40-64 years,144,39,420
51685,"Black, non-Hispanic",40-64 years,60,15,175
51690,"Black, non-Hispanic",40-64 years,234,67,593
51700,"Black, non-Hispanic",40-64 years,1969,513,5108
51710,"Black, non-Hispanic",40-64 years,2190,553,6386
51730,"Black, non-Hispanic",40-64 years,1037,298,2743
51740,"Black, non-Hispanic",40-64 years,1632,403,4419
51750,"Black, non-Hispanic",40-64 years,31,6,67
51760,"Black, non-Hispanic",40-64 years,2945,724,7799
51770,"Black, non-Hispanic",40-64 years,801,180,2089
51775,"Black, non-Hispanic",40-64 years,51,8,112
51790,"Black, non-Hispanic",40-64 years,65,14,188
51800,"Black, non-Hispanic",40-64 years,1131,314,3176
51810,"Black, non-Hispanic",40-64 years,2103,438,5292
51820,"Black, non-Hispanic",40-64 years,63,19,184
51830,"Black, non-Hispanic",40-64 years,63,12,144
51840,"Black, non-Hispanic",40-64 years,68,17,182
53005,"Black, non-Hispanic",40-64 years,67,16,157
53009,"Black, non-Hispanic",40-64 years,13,4,42
53011,"Black, non-Hispanic",40-64 years,270,63,737
53015,"Black, non-Hispanic",40-64 years,24,5,61
53021,"Black, non-Hispanic",40-64 years,63,16,134
53025,"Black, non-Hispanic",40-64 years,26,7,64
53027,"Black, non-Hispanic",40-64 years,32,7,76
53029,"Black, non-Hispanic",40-64 years,26,7,87
53033,"Black, non-Hispanic",40-64 years,3268,862,7686
53035,"Black, non-Hispanic",40-64 years,168,39,389
53041,"Black, non-Hispanic",40-64 years,16,3,38
53045,"Black, non-Hispanic",40-64 years,16,4,57
53053,"Black, non-Hispanic",40-64 years,1459,405,4200
53057,"Black, non-Hispanic",40-64 years,21,5,57
53061,"Black, non-Hispanic",40-64 years,816,211,2014
53063,"Black, non-Hispanic",40-64 years,176,47,515
53067,"Black, non-Hispanic",40-64 years,240,63,584
53071,"Black, non-Hispanic",40-64 years,35,7,71
53073,"Black, non-Hispanic",40-64 years,54,14,133
53075,"Black, non-Hispanic",40-64 years,10,2,33
53077,"Black, non-Hispanic",40-64 years,52,14,148
54003,"Black, non-Hispanic",40-64 years,241,74,783
54011,"Black, non-Hispanic",40-64 years,105,23,248
54019,"Black, non-Hispanic",40-64 years,50,12,133
54021,"Black, non-Hispanic",40-64 years,19,4,56
54025,"Black, non-Hispanic",40-64 years,17,5,61
54029,"Black, non-Hispanic",40-64 years,18,4,49
54031,"Black, non-Hispanic",40-64 years,9,2,32
54033,"Black, non-Hispanic",40-64 years,34,8,94
54037,"Black, non-Hispanic",40-64 years,126,32,288
54039,"Black, non-Hispanic",40-64 years,349,90,839
54045,"Black, non-Hispanic",40-64 years,14,3,44
54047,"Black, non-Hispanic",40-64 years,43,10,153
54049,"Black, non-Hispanic",40-64 years,37,11,104
54055,"Black, non-Hispanic",40-64 years,54,14,240
54057,"Black, non-Hispanic",40-64 years,15,3,45
54059,"Black, non-Hispanic",40-64 years,16,3,36
54061,"Black, non-Hispanic",40-64 years,61,18,194
54069,"Black, non-Hispanic",40-64 years,35,11,81
54077,"Black, non-Hispanic",40-64 years,10,3,30
54079,"Black, non-Hispanic",40-64 years,16,4,43
54081,"Black, non-Hispanic",40-64 years,103,28,389
54083,"Black, non-Hispanic",40-64 years,12,3,31
54089,"Black, non-Hispanic",40-64 years,8,3,37
54107,"Black, non-Hispanic",40-64 years,25,6,75
55005,"Black, non-Hispanic",40-64 years,19,4,40
55009,"Black, non-Hispanic",40-64 years,106,27,301
55017,"Black, non-Hispanic",40-64 years,23,6,69
55021,"Black, non-Hispanic",40-64 years,20,5,56
55025,"Black, non-Hispanic",40-64 years,365,87,1130
55027,"Black, non-Hispanic",40-64 years,57,13,145
55035,"Black, non-Hispanic",40-64 years,17,4,46
55039,"Black, non-Hispanic",40-64 years,26,6,70
55043,"Black, non-Hispanic",40-64 years,10,2,32
55055,"Black, non-Hispanic",40-64 years,16,3,36
55057,"Black, non-Hispanic",40-64 years,15,4,50
55059,"Black, non-Hispanic",40-64 years,268,56,639
55063,"Black, non-Hispanic",40-64 years,23,5,69
55071,"Black, non-Hispanic",40-64 years,11,3,41
55073,"Black, non-Hispanic",40-64 years,22,4,58
55079,"Black, non-Hispanic",40-64 years,4682,1187,14239
55081,"Black, non-Hispanic",40-64 years,16,4,47
55087,"Black, non-Hispanic",40-64 years,49,11,113
55089,"Black, non-Hispanic",40-64 years,27,7,87
55101,"Black, non-Hispanic",40-64 years,344,84,1152
55105,"Black, non-Hispanic",40-64 years,124,34,411
55109,"Black, non-Hispanic",40-64 years,9,3,34
55111,"Black, non-Hispanic",40-64 years,12,3,30
55117,"Black, non-Hispanic",40-64 years,37,9,109
55127,"Black, non-Hispanic",40-64 years,11,3,41
55131,"Black, non-Hispanic",40-64 years,35,10,106
55133,"Black, non-Hispanic",40-64 years,123,24,313
55137,"Black, non-Hispanic",40-64 years,13,3,39
55139,"Black, non-Hispanic",40-64 years,70,17,182
56021,"Black, non-Hispanic",40-64 years,31,8,96
56025,"Black, non-Hispanic",40-64 years,15,3,37
01001,"Black, non-Hispanic",65-84 years,214,33,483
01003,"Black, non-Hispanic",65-84 years,223,56,751
01005,"Black, non-Hispanic",65-84 years,334,91,758
01007,"Black, non-Hispanic",65-84 years,89,16,180
01009,"Black, non-Hispanic",65-84 years,16,3,48
01011,"Black, non-Hispanic",65-84 years,184,61,578
01013,"Black, non-Hispanic",65-84 years,187,48,527
01015,"Black, non-Hispanic",65-84 years,425,104,1145
01017,"Black, non-Hispanic",65-84 years,274,65,898
01019,"Black, non-Hispanic",65-84 years,23,4,74
01021,"Black, non-Hispanic",65-84 years,84,20,221
01023,"Black, non-Hispanic",65-84 years,160,51,480
01025,"Black, non-Hispanic",65-84 years,191,58,626
01027,"Black, non-Hispanic",65-84 years,48,10,116
01029,"Black, non-Hispanic",65-84 years,13,3,33
01031,"Black, non-Hispanic",65-84 years,180,36,440
01033,"Black, non-Hispanic",65-84 years,162,32,581
01035,"Black, non-Hispanic",65-84 years,117,29,427
01037,"Black, non-Hispanic",65-84 years,74,16,223
01039,"Black, non-Hispanic",65-84 years,81,15,236
01041,"Black, non-Hispanic",65-84 years,71,16,189
01043,"Black, non-Hispanic",65-84 years,16,4,51
01045,"Black, non-Hispanic",65-84 years,167,38,470
01047,"Black, non-Hispanic",65-84 years,917,235,2053
01049,"Black, non-Hispanic",65-84 years,19,4,62
01051,"Black, non-Hispanic",65-84 years,170,35,572
01053,"Black, non-Hispanic",65-84 years,174,46,585
01055,"Black, non-Hispanic",65-84 years,273,49,800
01057,"Black, non-Hispanic",65-84 years,34,9,131
01059,"Black, non-Hispanic",65-84 years,35,5,83
01061,"Black, non-Hispanic",65-84 years,44,11,153
01063,"Black, non-Hispanic",65-84 years,272,73,690
01065,"Black, non-Hispanic",65-84 years,215,58,630
01067,"Black, non-Hispanic",65-84 years,136,31,327
01069,"Black, non-Hispanic",65-84 years,410,108,1211
01071,"Black, non-Hispanic",65-84 years,43,10,113
01073,"Black, non-Hispanic",65-84 years,4542,1097,14306
01075,"Black, non-Hispanic",65-84 years,27,7,95
01077,"Black, non-Hispanic",65-84 years,116,23,420
01079,"Black, non-Hispanic",65-84 years,72,17,277
01081,"Black, non-Hispanic",65-84 years,558,126,1575
01083,"Black, non-Hispanic",65-84 years,167,42,569
01085,"Black, non-Hispanic",65-84 years,229,54,597
01087,"Black, non-Hispanic",65-84 years,561,142,1562
01089,"Black, non-Hispanic",65-84 years,1147,282,3478
01091,"Black, non-Hispanic",65-84 years,292,60,700
01093,"Black, non-Hispanic",65-84 years,15,3,50
01095,"Black, non-Hispanic",65-84 years,21,5,74
01097,"Black, non-Hispanic",65-84 years,2723,695,7432
01099,"Black, non-Hispanic",65-84 years,226,44,559
01101,"Black, non-Hispanic",65-84 years,2245,512,6413
01103,"Black, non-Hispanic",65-84 years,161,37,632
01105,"Black, non-Hispanic",65-84 years,234,48,484
01107,"Black, non-Hispanic",65-84 years,181,49,496
01109,"Black, non-Hispanic",65-84 years,253,44,563
01111,"Black, non-Hispanic",65-84 years,65,16,224
01113,"Black, non-Hispanic",65-84 years,388,97,1417
01115,"Black, non-Hispanic",65-84 years,92,25,304
01117,"Black, non-Hispanic",65-84 years,219,56,753
01119,"Black, non-Hispanic",65-84 years,361,80,816
01121,"Black, non-Hispanic",65-84 years,469,130,1432
01123,"Black, non-Hispanic",65-84 years,205,53,625
01125,"Black, non-Hispanic",65-84 years,864,232,2736
01127,"Black, non-Hispanic",65-84 years,48,10,181
01129,"Black, non-Hispanic",65-84 years,97,31,254
01131,"Black, non-Hispanic",65-84 years,223,51,612
02020,"Black, non-Hispanic",65-84 years,131,36,399
02090,"Black, non-Hispanic",65-84 years,31,8,66
02170,"Black, non-Hispanic",65-84 years,11,3,31
04003,"Black, non-Hispanic",65-84 years,56,16,202
04005,"Black, non-Hispanic",65-84 years,18,4,47
04013,"Black, non-Hispanic",65-84 years,2388,604,7389
04015,"Black, non-Hispanic",65-84 years,36,9,146
04017,"Black, non-Hispanic",65-84 years,23,6,54
04019,"Black, non-Hispanic",65-84 years,433,110,1343
04021,"Black, non-Hispanic",65-84 years,370,93,935
04025,"Black, non-Hispanic",65-84 years,32,8,98
04027,"Black, non-Hispanic",65-84 years,47,11,152
05001,"Black, non-Hispanic",65-84 years,86,19,219
05003,"Black, non-Hispanic",65-84 years,160,40,298
05007,"Black, non-Hispanic",65-84 years,31,8,93
05011,"Black, non-Hispanic",65-84 years,90,25,185
05013,"Black, non-Hispanic",65-84 years,24,8,70
05017,"Black, non-Hispanic",65-84 years,202,40,412
05019,"Black, non-Hispanic",65-84 years,76,25,260
05025,"Black, non-Hispanic",65-84 years,22,5,53
05027,"Black, non-Hispanic",65-84 years,146,44,368
05029,"Black, non-Hispanic",65-84 years,51,13,156
05031,"Black, non-Hispanic",65-84 years,84,17,241
05033,"Black, non-Hispanic",65-84 years,9,3,32
05035,"Black, non-Hispanic",65-84 years,420,120,1193
05037,"Black, non-Hispanic",65-84 years,97,22,209
05039,"Black, non-Hispanic",65-84 years,87,28,210
05041,"Black, non-Hispanic",65-84 years,161,35,391
05043,"Black, non-Hispanic",65-84 years,120,36,256
05045,"Black, non-Hispanic",65-84 years,129,28,297
05051,"Black, non-Hispanic",65-84 years,103,26,353
05057,"Black, non-Hispanic",65-84 years,127,35,373
05059,"Black, non-Hispanic",65-84 years,52,14,167
05061,"Black, non-Hispanic",65-84 years,50,13,148
05063,"Black, non-Hispanic",65-84 years,12,3,29
05067,"Black, non-Hispanic",65-84 years,39,9,129
05069,"Black, non-Hispanic",65-84 years,859,211,2290
05073,"Black, non-Hispanic",65-84 years,49,11,175
05077,"Black, non-Hispanic",65-84 years,120,27,386
05079,"Black, non-Hispanic",65-84 years,70,16,149
05081,"Black, non-Hispanic",65-84 years,56,18,153
05085,"Black, non-Hispanic",65-84 years,79,17,216
05091,"Black, non-Hispanic",65-84 years,179,49,482
05093,"Black, non-Hispanic",65-84 years,350,73,655
05095,"Black, non-Hispanic",65-84 years,57,13,210
05099,"Black, non-Hispanic",65-84 years,50,11,168
05103,"Black, non-Hispanic",65-84 years,248,63,584
05107,"Black, non-Hispanic",65-84 years,298,92,756
05111,"Black, non-Hispanic",65-84 years,20,4,72
05115,"Black, non-Hispanic",65-84 years,29,4,57
05117,"Black, non-Hispanic",65-84 years,21,5,61
05119,"Black, non-Hispanic",65-84 years,1997,520,5560
05123,"Black, non-Hispanic",65-84 years,350,83,718
05125,"Black, non-Hispanic",65-84 years,106,23,225
05131,"Black, non-Hispanic",65-84 years,96,23,319
05133,"Black, non-Hispanic",65-84 years,19,5,45
05139,"Black, non-Hispanic",65-84 years,203,68,630
05143,"Black, non-Hispanic",65-84 years,36,10,115
05145,"Black, non-Hispanic",65-84 years,32,7,106
05147,"Black, non-Hispanic",65-84 years,49,14,141
06001,"Black, non-Hispanic",65-84 years,3025,713,8015
06007,"Black, non-Hispanic",65-84 years,33,8,107
06013,"Black, non-Hispanic",65-84 years,1331,368,4051
06017,"Black, non-Hispanic",65-84 years,25,7,83
06019,"Black, non-Hispanic",65-84 years,547,153,1862
06023,"Black, non-Hispanic",65-84 years,11,3,42
06025,"Black, non-Hispanic",65-84 years,84,21,147
06029,"Black, non-Hispanic",65-84 years,685,179,1695
06031,"Black, non-Hispanic",65-84 years,88,22,253
06033,"Black, non-Hispanic",65-84 years,48,9,93
06037,"Black, non-Hispanic",65-84 years,15610,4185,41320
06039,"Black, non-Hispanic",65-84 years,85,25,217
06041,"Black, non-Hispanic",65-84 years,65,13,183
06047,"Black, non-Hispanic",65-84 years,230,61,474
06053,"Black, non-Hispanic",65-84 years,210,64,487
06055,"Black, non-Hispanic",65-84 years,45,13,117
06059,"Black, non-Hispanic",65-84 years,727,176,1972
06061,"Black, non-Hispanic",65-84 years,90,23,258
06065,"Black, non-Hispanic",65-84 years,2280,665,7455
06067,"Black, non-Hispanic",65-84 years,2097,565,5681
06069,"Black, non-Hispanic",65-84 years,16,5,35
06071,"Black, non-Hispanic",65-84 years,2667,765,8001
06073,"Black, non-Hispanic",65-84 years,2064,546,5232
06075,"Black, non-Hispanic",65-84 years,654,140,2077
06077,"Black, non-Hispanic",65-84 years,843,223,2407
06079,"Black, non-Hispanic",65-84 years,54,14,124
06081,"Black, non-Hispanic",65-84 years,273,80,838
06083,"Black, non-Hispanic",65-84 years,130,38,284
06085,"Black, non-Hispanic",65-84 years,622,146,1575
06087,"Black, non-Hispanic",65-84 years,46,13,99
06089,"Black, non-Hispanic",65-84 years,16,4,61
06093,"Black, non-Hispanic",65-84 years,11,3,32
06095,"Black, non-Hispanic",65-84 years,1025,300,3152
06097,"Black, non-Hispanic",65-84 years,90,26,271
06099,"Black, non-Hispanic",65-84 years,224,64,626
06101,"Black, non-Hispanic",65-84 years,28,7,86
06107,"Black, non-Hispanic",65-84 years,94,28,271
06111,"Black, non-Hispanic",65-84 years,249,74,631
06113,"Black, non-Hispanic",65-84 years,65,19,166
06115,"Black, non-Hispanic",65-84 years,37,11,114
08001,"Black, non-Hispanic",65-84 years,156,40,365
08005,"Black, non-Hispanic",65-84 years,638,168,1734
08013,"Black, non-Hispanic",65-84 years,35,9,79
08031,"Black, non-Hispanic",65-84 years,712,197,2133
08035,"Black, non-Hispanic",65-84 years,37,11,106
08041,"Black, non-Hispanic",65-84 years,350,87,979
08059,"Black, non-Hispanic",65-84 years,62,15,157
08069,"Black, non-Hispanic",65-84 years,24,5,60
08077,"Black, non-Hispanic",65-84 years,10,3,28
08101,"Black, non-Hispanic",65-84 years,37,10,130
08123,"Black, non-Hispanic",65-84 years,27,6,59
09001,"Black, non-Hispanic",65-84 years,1411,335,3379
09003,"Black, non-Hispanic",65-84 years,1916,428,4075
09005,"Black, non-Hispanic",65-84 years,46,13,119
09007,"Black, non-Hispanic",65-84 years,111,21,282
09009,"Black, non-Hispanic",65-84 years,1376,343,3688
09011,"Black, non-Hispanic",65-84 years,234,61,454
09013,"Black, non-Hispanic",65-84 years,45,10,101
09015,"Black, non-Hispanic",65-84 years,33,7,69
10001,"Black, non-Hispanic",65-84 years,825,212,2371
10003,"Black, non-Hispanic",65-84 years,1914,521,5287
10005,"Black, non-Hispanic",65-84 years,498,138,1400
12001,"Black, non-Hispanic",65-84 years,677,167,1922
12003,"Black, non-Hispanic",65-84 years,35,9,125
12005,"Black, non-Hispanic",65-84 years,194,37,653
12007,"Black, non-Hispanic",65-84 years,66,19,203
12009,"Black, non-Hispanic",65-84 years,949,216,3010
12011,"Black, non-Hispanic",65-84 years,7886,2085,22303
12013,"Black, non-Hispanic",65-84 years,22,6,80
12015,"Black, non-Hispanic",65-84 years,193,47,591
12017,"Black, non-Hispanic",65-84 years,114,22,301
12019,"Black, non-Hispanic",65-84 years,213,62,843
12021,"Black, non-Hispanic",65-84 years,247,76,899
12023,"Black, non-Hispanic",65-84 years,206,50,525
12027,"Black, non-Hispanic",65-84 years,101,19,196
12029,"Black, non-Hispanic",65-84 years,11,3,45
12031,"Black, non-Hispanic",65-84 years,3905,973,11730
12033,"Black, non-Hispanic",65-84 years,845,279,2971
12035,"Black, non-Hispanic",65-84 years,279,67,848
12037,"Black, non-Hispanic",65-84 years,18,4,55
12039,"Black, non-Hispanic",65-84 years,677,166,1649
12043,"Black, non-Hispanic",65-84 years,23,5,66
12045,"Black, non-Hispanic",65-84 years,34,7,105
12047,"Black, non-Hispanic",65-84 years,99,22,237
12049,"Black, non-Hispanic",65-84 years,58,11,106
12051,"Black, non-Hispanic",65-84 years,101,28,225
12053,"Black, non-Hispanic",65-84 years,163,36,566
12055,"Black, non-Hispanic",65-84 years,286,59,568
12057,"Black, non-Hispanic",65-84 years,2793,691,8385
12059,"Black, non-Hispanic",65-84 years,10,2,33
12061,"Black, non-Hispanic",65-84 years,149,42,586
12063,"Black, non-Hispanic",65-84 years,152,41,654
12065,"Black, non-Hispanic",65-84 years,116,27,341
12069,"Black, non-Hispanic",65-84 years,493,116,1902
12071,"Black, non-Hispanic",65-84 years,741,194,2228
12073,"Black, non-Hispanic",65-84 years,1084,214,2679
12075,"Black, non-Hispanic",65-84 years,77,18,229
12077,"Black, non-Hispanic",65-84 years,13,3,45
12079,"Black, non-Hispanic",65-84 years,120,31,449
12081,"Black, non-Hispanic",65-84 years,352,94,1303
12083,"Black, non-Hispanic",65-84 years,706,207,2380
12085,"Black, non-Hispanic",65-84 years,90,19,285
12086,"Black, non-Hispanic",65-84 years,7247,1817,21797
12087,"Black, non-Hispanic",65-84 years,35,8,146
12089,"Black, non-Hispanic",65-84 years,83,21,312
12091,"Black, non-Hispanic",65-84 years,158,45,595
12093,"Black, non-Hispanic",65-84 years,28,7,104
12095,"Black, non-Hispanic",65-84 years,3487,775,10446
12097,"Black, non-Hispanic",65-84 years,980,157,1921
12099,"Black, non-Hispanic",65-84 years,3261,731,9912
12101,"Black, non-Hispanic",65-84 years,427,105,1327
12103,"Black, non-Hispanic",65-84 years,1456,309,3906
12105,"Black, non-Hispanic",65-84 years,2207,341,4760
12107,"Black, non-Hispanic",65-84 years,174,46,611
12109,"Black, non-Hispanic",65-84 years,170,40,516
12111,"Black, non-Hispanic",65-84 years,1029,268,3460
12113,"Black, non-Hispanic",65-84 years,70,20,275
12115,"Black, non-Hispanic",65-84 years,210,53,786
12117,"Black, non-Hispanic",65-84 years,554,143,1994
12119,"Black, non-Hispanic",65-84 years,112,27,398
12121,"Black, non-Hispanic",65-84 years,91,19,248
12123,"Black, non-Hispanic",65-84 years,78,13,189
12125,"Black, non-Hispanic",65-84 years,42,10,122
12127,"Black, non-Hispanic",65-84 years,732,185,2400
12129,"Black, non-Hispanic",65-84 years,55,11,147
12131,"Black, non-Hispanic",65-84 years,43,14,148
12133,"Black, non-Hispanic",65-84 years,38,10,148
13001,"Black, non-Hispanic",65-84 years,74,20,190
13003,"Black, non-Hispanic",65-84 years,34,12,93
13005,"Black, non-Hispanic",65-84 years,27,8,80
13007,"Black, non-Hispanic",65-84 years,60,12,130
13009,"Black, non-Hispanic",65-84 years,254,54,974
13011,"Black, non-Hispanic",65-84 years,9,2,30
13013,"Black, non-Hispanic",65-84 years,138,34,373
13015,"Black, non-Hispanic",65-84 years,149,32,420
13017,"Black, non-Hispanic",65-84 years,97,28,365
13019,"Black, non-Hispanic",65-84 years,28,7,90
13021,"Black, non-Hispanic",65-84 years,1109,280,4100
13023,"Black, non-Hispanic",65-84 years,29,7,106
13025,"Black, non-Hispanic",65-84 years,13,3,35
13027,"Black, non-Hispanic",65-84 years,164,33,391
13029,"Black, non-Hispanic",65-84 years,61,15,172
13031,"Black, non-Hispanic",65-84 years,200,51,786
13033,"Black, non-Hispanic",65-84 years,288,90,684
13035,"Black, non-Hispanic",65-84 years,77,16,287
13037,"Black, non-Hispanic",65-84 years,84,26,214
13039,"Black, non-Hispanic",65-84 years,151,39,419
13043,"Black, non-Hispanic",65-84 years,48,13,180
13045,"Black, non-Hispanic",65-84 years,319,61,783
13047,"Black, non-Hispanic",65-84 years,22,4,79
13049,"Black, non-Hispanic",65-84 years,43,9,153
13051,"Black, non-Hispanic",65-84 years,1945,542,5094
13053,"Black, non-Hispanic",65-84 years,21,5,56
13055,"Black, non-Hispanic",65-84 years,33,7,134
13057,"Black, non-Hispanic",65-84 years,143,40,481
13059,"Black, non-Hispanic",65-84 years,507,134,1432
13061,"Black, non-Hispanic",65-84 years,75,20,166
13063,"Black, non-Hispanic",65-84 years,3433,952,8821
13065,"Black, non-Hispanic",65-84 years,29,10,87
13067,"Black, non-Hispanic",65-84 years,1654,486,5466
13069,"Black, non-Hispanic",65-84 years,154,52,493
13071,"Black, non-Hispanic",65-84 years,153,31,494
13073,"Black, non-Hispanic",65-84 years,358,92,851
13075,"Black, non-Hispanic",65-84 years,79,21,247
13077,"Black, non-Hispanic",65-84 years,333,85,1063
13079,"Black, non-Hispanic",65-84 years,47,16,186
13081,"Black, non-Hispanic",65-84 years,163,47,459
13087,"Black, non-Hispanic",65-84 years,207,44,600
13089,"Black, non-Hispanic",65-84 years,7007,1918,18437
13091,"Black, non-Hispanic",65-84 years,95,20,300
13093,"Black, non-Hispanic",65-84 years,117,34,400
13095,"Black, non-Hispanic",65-84 years,1235,317,3532
13097,"Black, non-Hispanic",65-84 years,849,187,2257
13099,"Black, non-Hispanic",65-84 years,120,29,321
13103,"Black, non-Hispanic",65-84 years,83,20,289
13105,"Black, non-Hispanic",65-84 years,103,22,331
13107,"Black, non-Hispanic",65-84 years,106,22,394
13109,"Black, non-Hispanic",65-84 years,55,15,176
13113,"Black, non-Hispanic",65-84 years,517,128,1338
13115,"Black, non-Hispanic",65-84 years,140,30,591
13117,"Black, non-Hispanic",65-84 years,91,22,249
13119,"Black, non-Hispanic",65-84 years,26,7,86
13121,"Black, non-Hispanic",65-84 years,6669,1629,17677
13127,"Black, non-Hispanic",65-84 years,363,69,866
13129,"Black, non-Hispanic",65-84 years,32,9,99
13131,"Black, non-Hispanic",65-84 years,124,29,418
13133,"Black, non-Hispanic",65-84 years,101,24,348
13135,"Black, non-Hispanic",65-84 years,2171,555,6411
13137,"Black, non-Hispanic",65-84 years,14,3,51
13139,"Black, non-Hispanic",65-84 years,150,35,536
13141,"Black, non-Hispanic",65-84 years,214,51,601
13143,"Black, non-Hispanic",65-84 years,21,4,72
13145,"Black, non-Hispanic",65-84 years,99,22,326
13147,"Black, non-Hispanic",65-84 years,74,20,248
13149,"Black, non-Hispanic",65-84 years,26,7,68
13151,"Black, non-Hispanic",65-84 years,1474,391,4005
13153,"Black, non-Hispanic",65-84 years,502,129,1916
13155,"Black, non-Hispanic",65-84 years,35,8,117
13157,"Black, non-Hispanic",65-84 years,63,15,206
13159,"Black, non-Hispanic",65-84 years,41,9,179
13161,"Black, non-Hispanic",65-84 years,52,12,127
13163,"Black, non-Hispanic",65-84 years,216,48,581
13165,"Black, non-Hispanic",65-84 years,72,24,209
13167,"Black, non-Hispanic",65-84 years,52,13,189
13169,"Black, non-Hispanic",65-84 years,113,29,440
13171,"Black, non-Hispanic",65-84 years,73,20,254
13173,"Black, non-Hispanic",65-84 years,31,9,105
13175,"Black, non-Hispanic",65-84 years,257,59,958
13177,"Black, non-Hispanic",65-84 years,90,24,250
13179,"Black, non-Hispanic",65-84 years,529,126,1146
13181,"Black, non-Hispanic",65-84 years,59,14,161
13183,"Black, non-Hispanic",65-84 years,76,17,146
13185,"Black, non-Hispanic",65-84 years,487,146,1730
13189,"Black, non-Hispanic",65-84 years,263,43,499
13191,"Black, non-Hispanic",65-84 years,152,27,335
13193,"Black, non-Hispanic",65-84 years,169,39,532
13195,"Black, non-Hispanic",65-84 years,47,9,152
13197,"Black, non-Hispanic",65-84 years,56,13,160
13199,"Black, non-Hispanic",65-84 years,197,62,529
13201,"Black, non-Hispanic",65-84 years,37,7,92
13205,"Black, non-Hispanic",65-84 years,298,80,597
13207,"Black, non-Hispanic",65-84 years,82,28,327
13209,"Black, non-Hispanic",65-84 years,39,9,124
13211,"Black, non-Hispanic",65-84 years,78,19,229
13215,"Black, non-Hispanic",65-84 years,1348,341,4634
13217,"Black, non-Hispanic",65-84 years,705,187,2064
13219,"Black, non-Hispanic",65-84 years,25,6,86
13221,"Black, non-Hispanic",65-84 years,41,8,140
13223,"Black, non-Hispanic",65-84 years,271,65,983
13225,"Black, non-Hispanic",65-84 years,187,51,653
13229,"Black, non-Hispanic",65-84 years,36,11,99
13231,"Black, non-Hispanic",65-84 years,25,7,99
13233,"Black, non-Hispanic",65-84 years,65,13,269
13235,"Black, non-Hispanic",65-84 years,54,11,197
13237,"Black, non-Hispanic",65-84 years,81,20,276
13239,"Black, non-Hispanic",65-84 years,34,8,91
13243,"Black, non-Hispanic",65-84 years,145,40,344
13245,"Black, non-Hispanic",65-84 years,2334,641,5975
13247,"Black, non-Hispanic",65-84 years,846,235,2350
13249,"Black, non-Hispanic",65-84 years,17,5,70
13251,"Black, non-Hispanic",65-84 years,94,27,387
13253,"Black, non-Hispanic",65-84 years,64,13,171
13255,"Black, non-Hispanic",65-84 years,280,95,1117
13257,"Black, non-Hispanic",65-84 years,47,12,159
13259,"Black, non-Hispanic",65-84 years,52,14,175
13261,"Black, non-Hispanic",65-84 years,251,76,864
13263,"Black, non-Hispanic",65-84 years,123,34,319
13265,"Black, non-Hispanic",65-84 years,38,10,100
13267,"Black, non-Hispanic",65-84 years,74,22,256
13269,"Black, non-Hispanic",65-84 years,62,20,223
13271,"Black, non-Hispanic",65-84 years,81,18,304
13273,"Black, non-Hispanic",65-84 years,165,41,369
13275,"Black, non-Hispanic",65-84 years,308,80,917
13277,"Black, non-Hispanic",65-84 years,168,47,572
13279,"Black, non-Hispanic",65-84 years,88,22,323
13283,"Black, non-Hispanic",65-84 years,41,10,110
13285,"Black, non-Hispanic",65-84 years,340,78,1028
13287,"Black, non-Hispanic",65-84 years,75,17,206
13289,"Black, non-Hispanic",65-84 years,103,27,298
13293,"Black, non-Hispanic",65-84 years,109,32,398
13295,"Black, non-Hispanic",65-84 years,41,10,140
13297,"Black, non-Hispanic",65-84 years,216,56,642
13299,"Black, non-Hispanic",65-84 years,168,43,478
13301,"Black, non-Hispanic",65-84 years,103,22,261
13303,"Black, non-Hispanic",65-84 years,189,49,631
13305,"Black, non-Hispanic",65-84 years,79,21,243
13307,"Black, non-Hispanic",65-84 years,25,6,75
13309,"Black, non-Hispanic",65-84 years,50,12,133
13313,"Black, non-Hispanic",65-84 years,85,19,208
13315,"Black, non-Hispanic",65-84 years,45,13,159
13317,"Black, non-Hispanic",65-84 years,107,34,316
13319,"Black, non-Hispanic",65-84 years,72,16,233
13321,"Black, non-Hispanic",65-84 years,139,40,354
15001,"Black, non-Hispanic",65-84 years,42,11,75
15003,"Black, non-Hispanic",65-84 years,203,44,413
15009,"Black, non-Hispanic",65-84 years,20,5,51
16001,"Black, non-Hispanic",65-84 years,32,7,78
16027,"Black, non-Hispanic",65-84 years,14,3,28
17001,"Black, non-Hispanic",65-84 years,33,8,86
17003,"Black, non-Hispanic",65-84 years,52,14,125
17007,"Black, non-Hispanic",65-84 years,11,3,33
17019,"Black, non-Hispanic",65-84 years,246,80,696
17031,"Black, non-Hispanic",65-84 years,23690,6078,56689
17037,"Black, non-Hispanic",65-84 years,32,8,84
17043,"Black, non-Hispanic",65-84 years,421,101,1032
17073,"Black, non-Hispanic",65-84 years,12,3,28
17077,"Black, non-Hispanic",65-84 years,104,26,209
17081,"Black, non-Hispanic",65-84 years,35,9,82
17089,"Black, non-Hispanic",65-84 years,382,102,927
17091,"Black, non-Hispanic",65-84 years,210,47,582
17093,"Black, non-Hispanic",65-84 years,67,16,185
17095,"Black, non-Hispanic",65-84 years,43,10,98
17097,"Black, non-Hispanic",65-84 years,606,142,1418
17099,"Black, non-Hispanic",65-84 years,15,3,32
17103,"Black, non-Hispanic",65-84 years,16,3,34
17111,"Black, non-Hispanic",65-84 years,36,8,89
17113,"Black, non-Hispanic",65-84 years,92,23,268
17115,"Black, non-Hispanic",65-84 years,252,58,734
17119,"Black, non-Hispanic",65-84 years,267,67,760
17121,"Black, non-Hispanic",65-84 years,20,5,59
17127,"Black, non-Hispanic",65-84 years,13,3,49
17137,"Black, non-Hispanic",65-84 years,16,4,43
17143,"Black, non-Hispanic",65-84 years,353,92,992
17145,"Black, non-Hispanic",65-84 years,11,3,23
17153,"Black, non-Hispanic",65-84 years,55,14,139
17157,"Black, non-Hispanic",65-84 years,19,5,46
17161,"Black, non-Hispanic",65-84 years,195,39,488
17163,"Black, non-Hispanic",65-84 years,1276,383,3513
17165,"Black, non-Hispanic",65-84 years,22,4,45
17167,"Black, non-Hispanic",65-84 years,249,68,672
17177,"Black, non-Hispanic",65-84 years,52,13,153
17183,"Black, non-Hispanic",65-84 years,115,39,319
17197,"Black, non-Hispanic",65-84 years,1134,288,2772
17199,"Black, non-Hispanic",65-84 years,34,9,77
17201,"Black, non-Hispanic",65-84 years,425,103,1203
18003,"Black, non-Hispanic",65-84 years,605,139,1540
18005,"Black, non-Hispanic",65-84 years,26,6,64
18011,"Black, non-Hispanic",65-84 years,13,3,33
18019,"Black, non-Hispanic",65-84 years,120,30,353
18035,"Black, non-Hispanic",65-84 years,113,20,291
18039,"Black, non-Hispanic",65-84 years,122,31,360
18043,"Black, non-Hispanic",65-84 years,46,10,139
18053,"Black, non-Hispanic",65-84 years,135,18,269
18057,"Black, non-Hispanic",65-84 years,103,20,289
18059,"Black, non-Hispanic",65-84 years,27,6,69
18063,"Black, non-Hispanic",65-84 years,102,26,256
18067,"Black, non-Hispanic",65-84 years,106,19,251
18077,"Black, non-Hispanic",65-84 years,10,3,33
18081,"Black, non-Hispanic",65-84 years,19,4,47
18089,"Black, non-Hispanic",65-84 years,2095,562,6179
18091,"Black, non-Hispanic",65-84 years,145,31,358
18095,"Black, non-Hispanic",65-84 years,197,35,438
18097,"Black, non-Hispanic",65-84 years,3852,893,9841
18103,"Black, non-Hispanic",65-84 years,18,3,34
18105,"Black, non-Hispanic",65-84 years,29,8,98
18113,"Black, non-Hispanic",65-84 years,20,6,54
18127,"Black, non-Hispanic",65-84 years,48,14,164
18141,"Black, non-Hispanic",65-84 years,450,92,1034
18157,"Black, non-Hispanic",65-84 years,47,10,128
18163,"Black, non-Hispanic",65-84 years,233,60,617
18167,"Black, non-Hispanic",65-84 years,68,13,200
18173,"Black, non-Hispanic",65-84 years,16,4,36
18177,"Black, non-Hispanic",65-84 years,77,19,173
19013,"Black, non-Hispanic",65-84 years,189,39,364
19045,"Black, non-Hispanic",65-84 years,14,3,33
19049,"Black, non-Hispanic",65-84 years,16,3,35
19057,"Black, non-Hispanic",65-84 years,35,7,65
19103,"Black, non-Hispanic",65-84 years,36,7,98
19111,"Black, non-Hispanic",65-84 years,19,4,37
19113,"Black, non-Hispanic",65-84 years,87,17,170
19139,"Black, non-Hispanic",65-84 years,14,3,25
19153,"Black, non-Hispanic",65-84 years,264,55,576
19155,"Black, non-Hispanic",65-84 years,12,3,31
19163,"Black, non-Hispanic",65-84 years,141,28,305
19169,"Black, non-Hispanic",65-84 years,13,3,25
19187,"Black, non-Hispanic",65-84 years,11,3,23
19193,"Black, non-Hispanic",65-84 years,22,5,61
20005,"Black, non-Hispanic",65-84 years,12,2,33
20035,"Black, non-Hispanic",65-84 years,12,3,35
20045,"Black, non-Hispanic",65-84 years,38,9,116
20061,"Black, non-Hispanic",65-84 years,41,11,144
20091,"Black, non-Hispanic",65-84 years,179,43,520
20099,"Black, non-Hispanic",65-84 years,10,3,38
20103,"Black, non-Hispanic",65-84 years,73,18,201
20111,"Black, non-Hispanic",65-84 years,13,3,25
20125,"Black, non-Hispanic",65-84 years,23,5,79
20155,"Black, non-Hispanic",65-84 years,14,3,55
20161,"Black, non-Hispanic",65-84 years,26,7,69
20169,"Black, non-Hispanic",65-84 years,28,5,58
20173,"Black, non-Hispanic",65-84 years,689,133,1648
20175,"Black, non-Hispanic",65-84 years,11,3,27
20177,"Black, non-Hispanic",65-84 years,202,44,539
20209,"Black, non-Hispanic",65-84 years,941,252,2384
21009,"Black, non-Hispanic",65-84 years,26,5,87
21013,"Black, non-Hispanic",65-84 years,12,2,38
21015,"Black, non-Hispanic",65-84 years,45,12,101
21017,"Black, non-Hispanic",65-84 years,32,6,81
21019,"Black, non-Hispanic",65-84 years,18,4,41
21021,"Black, non-Hispanic",65-84 years,35,8,107
21027,"Black, non-Hispanic",65-84 years,9,2,35
21029,"Black, non-Hispanic",65-84 years,13,3,32
21033,"Black, non-Hispanic",65-84 years,9,2,31
21035,"Black, non-Hispanic",65-84 years,19,4,48
21037,"Black, non-Hispanic",65-84 years,23,5,48
21047,"Black, non-Hispanic",65-84 years,172,40,537
21049,"Black, non-Hispanic",65-84 years,47,11,100
21059,"Black, non-Hispanic",65-84 years,45,10,180
21067,"Black, non-Hispanic",65-84 years,582,139,1666
21073,"Black, non-Hispanic",65-84 years,69,14,188
21075,"Black, non-Hispanic",65-84 years,33,10,82
21083,"Black, non-Hispanic",65-84 years,29,8,63
21093,"Black, non-Hispanic",65-84 years,114,30,438
21095,"Black, non-Hispanic",65-84 years,14,4,51
21099,"Black, non-Hispanic",65-84 years,21,4,61
21101,"Black, non-Hispanic",65-84 years,65,20,173
21103,"Black, non-Hispanic",65-84 years,11,2,37
21105,"Black, non-Hispanic",65-84 years,12,2,30
21107,"Black, non-Hispanic",65-84 years,44,10,140
21111,"Black, non-Hispanic",65-84 years,2422,590,6598
21113,"Black, non-Hispanic",65-84 years,34,7,80
21117,"Black, non-Hispanic",65-84 years,95,22,227
21137,"Black, non-Hispanic",65-84 years,11,3,34
21141,"Black, non-Hispanic",65-84 years,38,8,109
21145,"Black, non-Hispanic",65-84 years,102,23,306
21151,"Black, non-Hispanic",65-84 years,65,12,165
21155,"Black, non-Hispanic",65-84 years,25,6,76
21161,"Black, non-Hispanic",65-84 years,19,5,61
21163,"Black, non-Hispanic",65-84 years,11,4,36
21167,"Black, non-Hispanic",65-84 years,19,5,54
21173,"Black, non-Hispanic",65-84 years,28,7,66
21177,"Black, non-Hispanic",65-84 years,17,4,64
21179,"Black, non-Hispanic",65-84 years,54,11,100
21185,"Black, non-Hispanic",65-84 years,28,7,80
21199,"Black, non-Hispanic",65-84 years,12,3,44
21209,"Black, non-Hispanic",65-84 years,42,10,110
21211,"Black, non-Hispanic",65-84 years,52,12,130
21213,"Black, non-Hispanic",65-84 years,32,8,96
21217,"Black, non-Hispanic",65-84 years,20,5,79
21219,"Black, non-Hispanic",65-84 years,18,5,59
21221,"Black, non-Hispanic",65-84 years,17,5,58
21225,"Black, non-Hispanic",65-84 years,18,4,50
21227,"Black, non-Hispanic",65-84 years,136,28,365
21229,"Black, non-Hispanic",65-84 years,13,3,38
21231,"Black, non-Hispanic",65-84 years,9,2,35
21233,"Black, non-Hispanic",65-84 years,12,3,38
21239,"Black, non-Hispanic",65-84 years,32,7,74
22001,"Black, non-Hispanic",65-84 years,125,33,444
22003,"Black, non-Hispanic",65-84 years,75,17,206
22005,"Black, non-Hispanic",65-84 years,532,123,1076
22007,"Black, non-Hispanic",65-84 years,147,41,396
22009,"Black, non-Hispanic",65-84 years,213,43,534
22011,"Black, non-Hispanic",65-84 years,50,11,201
22013,"Black, non-Hispanic",65-84 years,125,29,378
22015,"Black, non-Hispanic",65-84 years,338,91,1096
22017,"Black, non-Hispanic",65-84 years,1820,535,5769
22019,"Black, non-Hispanic",65-84 years,712,147,2289
22021,"Black, non-Hispanic",65-84 years,22,7,80
22025,"Black, non-Hispanic",65-84 years,62,13,132
22027,"Black, non-Hispanic",65-84 years,106,37,400
22029,"Black, non-Hispanic",65-84 years,180,47,410
22031,"Black, non-Hispanic",65-84 years,197,59,590
22033,"Black, non-Hispanic",65-84 years,3525,1040,8657
22035,"Black, non-Hispanic",65-84 years,83,26,304
22037,"Black, non-Hispanic",65-84 years,213,64,510
22039,"Black, non-Hispanic",65-84 years,128,24,365
22041,"Black, non-Hispanic",65-84 years,90,29,314
22043,"Black, non-Hispanic",65-84 years,44,10,108
22045,"Black, non-Hispanic",65-84 years,282,73,1034
22047,"Black, non-Hispanic",65-84 years,402,77,733
22049,"Black, non-Hispanic",65-84 years,97,23,239
22051,"Black, non-Hispanic",65-84 years,2358,605,4950
22053,"Black, non-Hispanic",65-84 years,85,18,272
22055,"Black, non-Hispanic",65-84 years,527,136,1881
22057,"Black, non-Hispanic",65-84 years,163,48,467
22059,"Black, non-Hispanic",65-84 years,23,5,78
22061,"Black, non-Hispanic",65-84 years,341,78,691
22063,"Black, non-Hispanic",65-84 years,95,24,256
22065,"Black, non-Hispanic",65-84 years,146,44,333
22067,"Black, non-Hispanic",65-84 years,191,67,707
22069,"Black, non-Hispanic",65-84 years,190,52,710
22071,"Black, non-Hispanic",65-84 years,6907,1750,14860
22073,"Black, non-Hispanic",65-84 years,677,204,2175
22075,"Black, non-Hispanic",65-84 years,113,26,219
22077,"Black, non-Hispanic",65-84 years,249,63,499
22079,"Black, non-Hispanic",65-84 years,758,147,1871
22081,"Black, non-Hispanic",65-84 years,51,18,170
22083,"Black, non-Hispanic",65-84 years,116,35,324
22085,"Black, non-Hispanic",65-84 years,50,15,160
22087,"Black, non-Hispanic",65-84 years,131,35,310
22089,"Black, non-Hispanic",65-84 years,286,77,610
22091,"Black, non-Hispanic",65-84 years,201,53,426
22093,"Black, non-Hispanic",65-84 years,267,77,656
22095,"Black, non-Hispanic",65-84 years,660,170,1263
22097,"Black, non-Hispanic",65-84 years,550,142,1850
22099,"Black, non-Hispanic",65-84 years,223,56,745
22101,"Black, non-Hispanic",65-84 years,270,78,1023
22103,"Black, non-Hispanic",65-84 years,609,122,1123
22105,"Black, non-Hispanic",65-84 years,793,172,1608
22107,"Black, non-Hispanic",65-84 years,75,20,207
22109,"Black, non-Hispanic",65-84 years,331,97,912
22111,"Black, non-Hispanic",65-84 years,98,27,289
22113,"Black, non-Hispanic",65-84 years,107,24,304
22115,"Black, non-Hispanic",65-84 years,84,15,216
22117,"Black, non-Hispanic",65-84 years,373,82,832
22119,"Black, non-Hispanic",65-84 years,195,59,707
22121,"Black, non-Hispanic",65-84 years,237,68,531
22123,"Black, non-Hispanic",65-84 years,21,6,79
22125,"Black, non-Hispanic",65-84 years,100,23,266
22127,"Black, non-Hispanic",65-84 years,59,15,178
23001,"Black, non-Hispanic",65-84 years,22,6,52
23005,"Black, non-Hispanic",65-84 years,54,12,118
23019,"Black, non-Hispanic",65-84 years,13,3,27
23031,"Black, non-Hispanic",65-84 years,18,4,39
24001,"Black, non-Hispanic",65-84 years,35,6,87
24003,"Black, non-Hispanic",65-84 years,1291,293,3219
24005,"Black, non-Hispanic",65-84 years,3270,930,9029
24009,"Black, non-Hispanic",65-84 years,197,52,576
24011,"Black, non-Hispanic",65-84 years,68,17,234
24013,"Black, non-Hispanic",65-84 years,75,18,220
24015,"Black, non-Hispanic",65-84 years,81,21,206
24017,"Black, non-Hispanic",65-84 years,1309,372,2935
24019,"Black, non-Hispanic",65-84 years,194,56,534
24021,"Black, non-Hispanic",65-84 years,329,83,705
24025,"Black, non-Hispanic",65-84 years,397,106,1103
24027,"Black, non-Hispanic",65-84 years,586,159,1703
24029,"Black, non-Hispanic",65-84 years,51,12,163
24031,"Black, non-Hispanic",65-84 years,2861,638,7065
24033,"Black, non-Hispanic",65-84 years,12059,3497,28917
24035,"Black, non-Hispanic",65-84 years,65,15,181
24037,"Black, non-Hispanic",65-84 years,201,61,615
24039,"Black, non-Hispanic",65-84 years,143,45,356
24041,"Black, non-Hispanic",65-84 years,70,16,263
24043,"Black, non-Hispanic",65-84 years,134,34,374
24045,"Black, non-Hispanic",65-84 years,387,102,1100
24047,"Black, non-Hispanic",65-84 years,137,31,367
24510,"Black, non-Hispanic",65-84 years,8005,2225,22874
25001,"Black, non-Hispanic",65-84 years,83,18,193
25003,"Black, non-Hispanic",65-84 years,24,8,98
25005,"Black, non-Hispanic",65-84 years,328,69,726
25007,"Black, non-Hispanic",65-84 years,15,4,48
25009,"Black, non-Hispanic",65-84 years,345,78,714
25011,"Black, non-Hispanic",65-84 years,10,3,24
25013,"Black, non-Hispanic",65-84 years,676,135,1469
25015,"Black, non-Hispanic",65-84 years,39,10,93
25017,"Black, non-Hispanic",65-84 years,1036,237,2185
25021,"Black, non-Hispanic",65-84 years,602,142,1392
25023,"Black, non-Hispanic",65-84 years,720,164,1645
25025,"Black, non-Hispanic",65-84 years,3602,776,7122
25027,"Black, non-Hispanic",65-84 years,377,101,879
26005,"Black, non-Hispanic",65-84 years,18,5,52
26017,"Black, non-Hispanic",65-84 years,22,4,59
26021,"Black, non-Hispanic",65-84 years,258,67,883
26025,"Black, non-Hispanic",65-84 years,223,51,664
26027,"Black, non-Hispanic",65-84 years,47,11,165
26037,"Black, non-Hispanic",65-84 years,20,5,39
26045,"Black, non-Hispanic",65-84 years,118,36,305
26049,"Black, non-Hispanic",65-84 years,1378,377,3875
26065,"Black, non-Hispanic",65-84 years,399,114,1024
26067,"Black, non-Hispanic",65-84 years,8,3,22
26075,"Black, non-Hispanic",65-84 years,121,32,338
26077,"Black, non-Hispanic",65-84 years,187,53,747
26081,"Black, non-Hispanic",65-84 years,669,163,1735
26085,"Black, non-Hispanic",65-84 years,40,11,108
26091,"Black, non-Hispanic",65-84 years,19,4,38
26093,"Black, non-Hispanic",65-84 years,12,3,30
26099,"Black, non-Hispanic",65-84 years,1094,294,2963
26111,"Black, non-Hispanic",65-84 years,14,2,30
26115,"Black, non-Hispanic",65-84 years,53,13,136
26121,"Black, non-Hispanic",65-84 years,344,87,890
26123,"Black, non-Hispanic",65-84 years,13,3,31
26125,"Black, non-Hispanic",65-84 years,2747,699,7598
26139,"Black, non-Hispanic",65-84 years,30,8,78
26145,"Black, non-Hispanic",65-84 years,573,144,1669
26147,"Black, non-Hispanic",65-84 years,74,14,141
26149,"Black, non-Hispanic",65-84 years,14,3,53
26159,"Black, non-Hispanic",65-84 years,42,12,142
26161,"Black, non-Hispanic",65-84 years,559,117,1399
26163,"Black, non-Hispanic",65-84 years,14046,3705,35081
27003,"Black, non-Hispanic",65-84 years,130,33,339
27019,"Black, non-Hispanic",65-84 years,9,3,25
27037,"Black, non-Hispanic",65-84 years,154,44,397
27053,"Black, non-Hispanic",65-84 years,991,243,2814
27109,"Black, non-Hispanic",65-84 years,41,10,133
27123,"Black, non-Hispanic",65-84 years,433,105,1161
27131,"Black, non-Hispanic",65-84 years,11,3,31
27137,"Black, non-Hispanic",65-84 years,14,3,43
27139,"Black, non-Hispanic",65-84 years,28,8,73
27141,"Black, non-Hispanic",65-84 years,10,3,23
27145,"Black, non-Hispanic",65-84 years,38,9,93
27163,"Black, non-Hispanic",65-84 years,67,19,182
27171,"Black, non-Hispanic",65-84 years,13,3,26
28001,"Black, non-Hispanic",65-84 years,423,129,1144
28003,"Black, non-Hispanic",65-84 years,81,17,187
28005,"Black, non-Hispanic",65-84 years,161,28,430
28007,"Black, non-Hispanic",65-84 years,160,41,458
28009,"Black, non-Hispanic",65-84 years,66,16,162
28011,"Black, non-Hispanic",65-84 years,480,128,1281
28013,"Black, non-Hispanic",65-84 years,99,25,216
28015,"Black, non-Hispanic",65-84 years,92,21,241
28017,"Black, non-Hispanic",65-84 years,127,35,434
28019,"Black, non-Hispanic",65-84 years,44,10,158
28021,"Black, non-Hispanic",65-84 years,176,31,527
28023,"Black, non-Hispanic",65-84 years,175,47,366
28025,"Black, non-Hispanic",65-84 years,248,59,631
28027,"Black, non-Hispanic",65-84 years,359,80,979
28029,"Black, non-Hispanic",65-84 years,312,86,882
28031,"Black, non-Hispanic",65-84 years,125,29,320
28033,"Black, non-Hispanic",65-84 years,461,130,1750
28035,"Black, non-Hispanic",65-84 years,506,128,1032
28037,"Black, non-Hispanic",65-84 years,56,14,155
28039,"Black, non-Hispanic",65-84 years,22,7,83
28041,"Black, non-Hispanic",65-84 years,44,12,120
28043,"Black, non-Hispanic",65-84 years,160,38,536
28045,"Black, non-Hispanic",65-84 years,73,16,172
28047,"Black, non-Hispanic",65-84 years,639,156,1970
28049,"Black, non-Hispanic",65-84 years,3451,894,8468
28051,"Black, non-Hispanic",65-84 years,422,111,1044
28053,"Black, non-Hispanic",65-84 years,215,57,418
28055,"Black, non-Hispanic",65-84 years,15,4,39
28057,"Black, non-Hispanic",65-84 years,23,6,74
28059,"Black, non-Hispanic",65-84 years,404,121,1494
28061,"Black, non-Hispanic",65-84 years,244,50,604
28063,"Black, non-Hispanic",65-84 years,189,61,517
28065,"Black, non-Hispanic",65-84 years,254,63,567
28067,"Black, non-Hispanic",65-84 years,330,78,884
28069,"Black, non-Hispanic",65-84 years,171,40,407
28071,"Black, non-Hispanic",65-84 years,162,33,490
28073,"Black, non-Hispanic",65-84 years,118,26,289
28075,"Black, non-Hispanic",65-84 years,740,189,1631
28077,"Black, non-Hispanic",65-84 years,86,20,249
28079,"Black, non-Hispanic",65-84 years,201,53,482
28081,"Black, non-Hispanic",65-84 years,273,58,801
28083,"Black, non-Hispanic",65-84 years,418,86,1221
28085,"Black, non-Hispanic",65-84 years,150,42,538
28087,"Black, non-Hispanic",65-84 years,615,134,1353
28089,"Black, non-Hispanic",65-84 years,436,118,1309
28091,"Black, non-Hispanic",65-84 years,187,46,446
28093,"Black, non-Hispanic",65-84 years,338,92,1060
28095,"Black, non-Hispanic",65-84 years,263,72,632
28097,"Black, non-Hispanic",65-84 years,121,33,324
28099,"Black, non-Hispanic",65-84 years,164,39,313
28101,"Black, non-Hispanic",65-84 years,157,43,332
28103,"Black, non-Hispanic",65-84 years,267,65,531
28105,"Black, non-Hispanic",65-84 years,225,61,770
28107,"Black, non-Hispanic",65-84 years,347,78,784
28109,"Black, non-Hispanic",65-84 years,184,36,342
28111,"Black, non-Hispanic",65-84 years,65,16,135
28113,"Black, non-Hispanic",65-84 years,458,78,1217
28115,"Black, non-Hispanic",65-84 years,79,20,227
28117,"Black, non-Hispanic",65-84 years,83,14,161
28119,"Black, non-Hispanic",65-84 years,130,31,294
28121,"Black, non-Hispanic",65-84 years,381,88,1060
28123,"Black, non-Hispanic",65-84 years,184,50,573
28125,"Black, non-Hispanic",65-84 years,75,19,208
28127,"Black, non-Hispanic",65-84 years,171,49,551
28129,"Black, non-Hispanic",65-84 years,78,19,187
28131,"Black, non-Hispanic",65-84 years,59,14,145
28133,"Black, non-Hispanic",65-84 years,586,111,1109
28135,"Black, non-Hispanic",65-84 years,144,29,412
28137,"Black, non-Hispanic",65-84 years,123,32,411
28139,"Black, non-Hispanic",65-84 years,67,15,175
28141,"Black, non-Hispanic",65-84 years,16,3,42
28143,"Black, non-Hispanic",65-84 years,130,31,397
28145,"Black, non-Hispanic",65-84 years,69,12,176
28147,"Black, non-Hispanic",65-84 years,167,30,397
28149,"Black, non-Hispanic",65-84 years,465,101,1097
28151,"Black, non-Hispanic",65-84 years,769,203,2141
28153,"Black, non-Hispanic",65-84 years,189,52,399
28155,"Black, non-Hispanic",65-84 years,33,8,107
28157,"Black, non-Hispanic",65-84 years,166,36,418
28159,"Black, non-Hispanic",65-84 years,230,53,552
28161,"Black, non-Hispanic",65-84 years,107,24,306
28163,"Black, non-Hispanic",65-84 years,265,96,722
29007,"Black, non-Hispanic",65-84 years,21,6,63
29019,"Black, non-Hispanic",65-84 years,131,31,371
29021,"Black, non-Hispanic",65-84 years,33,7,122
29023,"Black, non-Hispanic",65-84 years,36,7,84
29027,"Black, non-Hispanic",65-84 years,28,4,63
29031,"Black, non-Hispanic",65-84 years,43,10,141
29037,"Black, non-Hispanic",65-84 years,51,13,161
29047,"Black, non-Hispanic",65-84 years,126,32,393
29051,"Black, non-Hispanic",65-84 years,84,11,166
29053,"Black, non-Hispanic",65-84 years,15,4,37
29069,"Black, non-Hispanic",65-84 years,45,10,103
29071,"Black, non-Hispanic",65-84 years,22,5,47
29077,"Black, non-Hispanic",65-84 years,75,17,196
29089,"Black, non-Hispanic",65-84 years,13,4,27
29095,"Black, non-Hispanic",65-84 years,2421,656,7217
29097,"Black, non-Hispanic",65-84 years,20,3,62
29099,"Black, non-Hispanic",65-84 years,24,6,65
29101,"Black, non-Hispanic",65-84 years,34,5,63
29107,"Black, non-Hispanic",65-84 years,12,2,33
29113,"Black, non-Hispanic",65-84 years,24,5,54
29127,"Black, non-Hispanic",65-84 years,19,5,51
29133,"Black, non-Hispanic",65-84 years,48,13,119
29143,"Black, non-Hispanic",65-84 years,45,8,128
29155,"Black, non-Hispanic",65-84 years,69,16,174
29159,"Black, non-Hispanic",65-84 years,22,5,59
29161,"Black, non-Hispanic",65-84 years,12,3,24
29163,"Black, non-Hispanic",65-84 years,12,3,35
29165,"Black, non-Hispanic",65-84 years,49,13,147
29169,"Black, non-Hispanic",65-84 years,51,9,94
29175,"Black, non-Hispanic",65-84 years,25,5,48
29183,"Black, non-Hispanic",65-84 years,288,62,601
29189,"Black, non-Hispanic",65-84 years,3452,842,8768
29195,"Black, non-Hispanic",65-84 years,16,3,52
29201,"Black, non-Hispanic",65-84 years,60,14,170
29219,"Black, non-Hispanic",65-84 years,15,3,29
29510,"Black, non-Hispanic",65-84 years,2406,664,7310
31055,"Black, non-Hispanic",65-84 years,745,164,1764
31109,"Black, non-Hispanic",65-84 years,77,18,205
31153,"Black, non-Hispanic",65-84 years,87,21,218
32003,"Black, non-Hispanic",65-84 years,3108,826,10609
32023,"Black, non-Hispanic",65-84 years,38,9,135
32031,"Black, non-Hispanic",65-84 years,113,31,355
33011,"Black, non-Hispanic",65-84 years,87,18,204
33013,"Black, non-Hispanic",65-84 years,13,3,35
33015,"Black, non-Hispanic",65-84 years,33,8,82
33017,"Black, non-Hispanic",65-84 years,14,4,42
34001,"Black, non-Hispanic",65-84 years,612,183,1868
34003,"Black, non-Hispanic",65-84 years,654,150,1804
34005,"Black, non-Hispanic",65-84 years,1115,277,3088
34007,"Black, non-Hispanic",65-84 years,1477,389,3927
34009,"Black, non-Hispanic",65-84 years,55,16,179
34011,"Black, non-Hispanic",65-84 years,445,115,1188
34013,"Black, non-Hispanic",65-84 years,5495,1432,13796
34015,"Black, non-Hispanic",65-84 years,474,114,1307
34017,"Black, non-Hispanic",65-84 years,1012,296,2896
34019,"Black, non-Hispanic",65-84 years,29,7,79
34021,"Black, non-Hispanic",65-84 years,1000,235,2729
34023,"Black, non-Hispanic",65-84 years,1130,246,2984
34025,"Black, non-Hispanic",65-84 years,479,120,1597
34027,"Black, non-Hispanic",65-84 years,211,50,509
34029,"Black, non-Hispanic",65-84 years,262,63,740
34031,"Black, non-Hispanic",65-84 years,941,244,2241
34033,"Black, non-Hispanic",65-84 years,127,35,421
34035,"Black, non-Hispanic",65-84 years,410,100,1107
34037,"Black, non-Hispanic",65-84 years,37,10,100
34039,"Black, non-Hispanic",65-84 years,2358,500,5182
34041,"Black, non-Hispanic",65-84 years,54,15,148
35001,"Black, non-Hispanic",65-84 years,275,70,738
35005,"Black, non-Hispanic",65-84 years,15,4,56
35009,"Black, non-Hispanic",65-84 years,37,9,107
35013,"Black, non-Hispanic",65-84 years,66,16,170
35015,"Black, non-Hispanic",65-84 years,15,5,56
35025,"Black, non-Hispanic",65-84 years,37,11,111
35029,"Black, non-Hispanic",65-84 years,10,3,28
35035,"Black, non-Hispanic",65-84 years,35,8,111
35043,"Black, non-Hispanic",65-84 years,62,18,171
35045,"Black, non-Hispanic",65-84 years,12,4,28
35049,"Black, non-Hispanic",65-84 years,23,7,84
35061,"Black, non-Hispanic",65-84 years,26,7,71
36001,"Black, non-Hispanic",65-84 years,430,103,1127
36005,"Black, non-Hispanic",65-84 years,9312,2309,25098
36007,"Black, non-Hispanic",65-84 years,64,18,255
36009,"Black, non-Hispanic",65-84 years,9,2,31
36011,"Black, non-Hispanic",65-84 years,25,8,55
36013,"Black, non-Hispanic",65-84 years,35,8,87
36015,"Black, non-Hispanic",65-84 years,49,11,157
36019,"Black, non-Hispanic",65-84 years,13,4,45
36021,"Black, non-Hispanic",65-84 years,43,9,104
36027,"Black, non-Hispanic",65-84 years,292,72,934
36029,"Black, non-Hispanic",65-84 years,1531,380,4322
36037,"Black, non-Hispanic",65-84 years,18,4,48
36039,"Black, non-Hispanic",65-84 years,31,6,60
36045,"Black, non-Hispanic",65-84 years,23,3,46
36047,"Black, non-Hispanic",65-84 years,17848,3913,46013
36051,"Black, non-Hispanic",65-84 years,11,3,32
36055,"Black, non-Hispanic",65-84 years,1090,303,3428
36057,"Black, non-Hispanic",65-84 years,12,4,31
36059,"Black, non-Hispanic",65-84 years,1772,408,5377
36061,"Black, non-Hispanic",65-84 years,2645,560,8976
36063,"Black, non-Hispanic",65-84 years,190,54,573
36065,"Black, non-Hispanic",65-84 years,118,30,320
36067,"Black, non-Hispanic",65-84 years,503,126,1430
36069,"Black, non-Hispanic",65-84 years,30,9,84
36071,"Black, non-Hispanic",65-84 years,520,127,1323
36073,"Black, non-Hispanic",65-84 years,22,5,70
36079,"Black, non-Hispanic",65-84 years,33,8,85
36081,"Black, non-Hispanic",65-84 years,9056,2066,24035
36083,"Black, non-Hispanic",65-84 years,118,29,251
36085,"Black, non-Hispanic",65-84 years,535,136,1452
36087,"Black, non-Hispanic",65-84 years,664,157,1531
36091,"Black, non-Hispanic",65-84 years,40,9,106
36093,"Black, non-Hispanic",65-84 years,138,36,403
36101,"Black, non-Hispanic",65-84 years,21,5,60
36103,"Black, non-Hispanic",65-84 years,1158,269,3332
36105,"Black, non-Hispanic",65-84 years,87,21,241
36109,"Black, non-Hispanic",65-84 years,56,9,115
36111,"Black, non-Hispanic",65-84 years,127,31,353
36117,"Black, non-Hispanic",65-84 years,38,13,124
36119,"Black, non-Hispanic",65-84 years,1761,409,5036
37001,"Black, non-Hispanic",65-84 years,610,147,1728
37003,"Black, non-Hispanic",65-84 years,31,8,95
37007,"Black, non-Hispanic",65-84 years,280,77,712
37013,"Black, non-Hispanic",65-84 years,318,66,730
37015,"Black, non-Hispanic",65-84 years,299,91,981
37017,"Black, non-Hispanic",65-84 years,312,70,869
37019,"Black, non-Hispanic",65-84 years,324,60,820
37021,"Black, non-Hispanic",65-84 years,253,55,717
37023,"Black, non-Hispanic",65-84 years,83,23,309
37025,"Black, non-Hispanic",65-84 years,430,86,1307
37027,"Black, non-Hispanic",65-84 years,61,18,232
37029,"Black, non-Hispanic",65-84 years,39,8,88
37031,"Black, non-Hispanic",65-84 years,53,14,197
37033,"Black, non-Hispanic",65-84 years,259,58,702
37035,"Black, non-Hispanic",65-84 years,160,42,619
37037,"Black, non-Hispanic",65-84 years,194,55,545
37039,"Black, non-Hispanic",65-84 years,10,3,33
37041,"Black, non-Hispanic",65-84 years,150,34,338
37045,"Black, non-Hispanic",65-84 years,380,98,1153
37047,"Black, non-Hispanic",65-84 years,403,73,1002
37049,"Black, non-Hispanic",65-84 years,431,94,1055
37051,"Black, non-Hispanic",65-84 years,2097,487,5858
37053,"Black, non-Hispanic",65-84 years,31,7,88
37055,"Black, non-Hispanic",65-84 years,13,4,39
37057,"Black, non-Hispanic",65-84 years,289,79,818
37059,"Black, non-Hispanic",65-84 years,67,14,152
37061,"Black, non-Hispanic",65-84 years,428,98,995
37063,"Black, non-Hispanic",65-84 years,1702,479,4776
37065,"Black, non-Hispanic",65-84 years,950,199,2323
37067,"Black, non-Hispanic",65-84 years,1951,518,4239
37069,"Black, non-Hispanic",65-84 years,434,105,1013
37071,"Black, non-Hispanic",65-84 years,611,119,1631
37073,"Black, non-Hispanic",65-84 years,111,23,293
37077,"Black, non-Hispanic",65-84 years,547,158,1205
37079,"Black, non-Hispanic",65-84 years,270,44,487
37081,"Black, non-Hispanic",65-84 years,2765,724,6939
37083,"Black, non-Hispanic",65-84 years,879,250,2075
37085,"Black, non-Hispanic",65-84 years,604,160,1216
37087,"Black, non-Hispanic",65-84 years,15,3,53
37089,"Black, non-Hispanic",65-84 years,55,14,173
37091,"Black, non-Hispanic",65-84 years,262,76,1055
37093,"Black, non-Hispanic",65-84 years,378,92,1010
37095,"Black, non-Hispanic",65-84 years,45,9,114
37097,"Black, non-Hispanic",65-84 years,329,72,898
37101,"Black, non-Hispanic",65-84 years,606,137,1586
37103,"Black, non-Hispanic",65-84 years,116,28,254
37105,"Black, non-Hispanic",65-84 years,203,47,642
37107,"Black, non-Hispanic",65-84 years,884,135,1674
37109,"Black, non-Hispanic",65-84 years,77,21,245
37111,"Black, non-Hispanic",65-84 years,23,6,90
37117,"Black, non-Hispanic",65-84 years,384,93,885
37119,"Black, non-Hispanic",65-84 years,4860,1195,11393
37123,"Black, non-Hispanic",65-84 years,118,24,280
37125,"Black, non-Hispanic",65-84 years,187,43,578
37127,"Black, non-Hispanic",65-84 years,755,193,2230
37129,"Black, non-Hispanic",65-84 years,420,91,1261
37131,"Black, non-Hispanic",65-84 years,428,127,1084
37133,"Black, non-Hispanic",65-84 years,387,107,1029
37135,"Black, non-Hispanic",65-84 years,246,61,608
37137,"Black, non-Hispanic",65-84 years,69,16,172
37139,"Black, non-Hispanic",65-84 years,281,71,769
37141,"Black, non-Hispanic",65-84 years,204,55,544
37143,"Black, non-Hispanic",65-84 years,91,23,217
37145,"Black, non-Hispanic",65-84 years,396,81,714
37147,"Black, non-Hispanic",65-84 years,972,215,2545
37149,"Black, non-Hispanic",65-84 years,22,6,65
37151,"Black, non-Hispanic",65-84 years,145,31,440
37153,"Black, non-Hispanic",65-84 years,202,44,758
37155,"Black, non-Hispanic",65-84 years,780,160,1962
37157,"Black, non-Hispanic",65-84 years,453,103,1183
37159,"Black, non-Hispanic",65-84 years,389,88,1153
37161,"Black, non-Hispanic",65-84 years,138,45,348
37163,"Black, non-Hispanic",65-84 years,398,108,1134
37165,"Black, non-Hispanic",65-84 years,281,62,871
37167,"Black, non-Hispanic",65-84 years,113,19,304
37169,"Black, non-Hispanic",65-84 years,60,16,133
37171,"Black, non-Hispanic",65-84 years,70,13,178
37175,"Black, non-Hispanic",65-84 years,15,4,59
37177,"Black, non-Hispanic",65-84 years,35,7,93
37179,"Black, non-Hispanic",65-84 years,484,107,1027
37181,"Black, non-Hispanic",65-84 years,697,167,1423
37183,"Black, non-Hispanic",65-84 years,2605,686,6813
37185,"Black, non-Hispanic",65-84 years,457,92,888
37187,"Black, non-Hispanic",65-84 years,230,53,483
37191,"Black, non-Hispanic",65-84 years,1193,299,2389
37193,"Black, non-Hispanic",65-84 years,49,10,177
37195,"Black, non-Hispanic",65-84 years,607,158,1993
37197,"Black, non-Hispanic",65-84 years,33,8,74
38017,"Black, non-Hispanic",65-84 years,20,4,48
38035,"Black, non-Hispanic",65-84 years,13,3,31
38101,"Black, non-Hispanic",65-84 years,14,3,30
39003,"Black, non-Hispanic",65-84 years,217,42,539
39007,"Black, non-Hispanic",65-84 years,53,14,148
39009,"Black, non-Hispanic",65-84 years,17,4,48
39013,"Black, non-Hispanic",65-84 years,36,9,76
39017,"Black, non-Hispanic",65-84 years,376,80,1097
39021,"Black, non-Hispanic",65-84 years,12,3,41
39023,"Black, non-Hispanic",65-84 years,172,46,644
39025,"Black, non-Hispanic",65-84 years,43,12,112
39027,"Black, non-Hispanic",65-84 years,18,4,48
39029,"Black, non-Hispanic",65-84 years,21,5,65
39035,"Black, non-Hispanic",65-84 years,7343,1644,17773
39039,"Black, non-Hispanic",65-84 years,15,3,32
39041,"Black, non-Hispanic",65-84 years,115,22,255
39043,"Black, non-Hispanic",65-84 years,106,26,293
39045,"Black, non-Hispanic",65-84 years,108,26,290
39047,"Black, non-Hispanic",65-84 years,16,4,42
39049,"Black, non-Hispanic",65-84 years,3678,777,9395
39053,"Black, non-Hispanic",65-84 years,21,5,43
39055,"Black, non-Hispanic",65-84 years,17,5,49
39057,"Black, non-Hispanic",65-84 years,125,27,352
39061,"Black, non-Hispanic",65-84 years,3825,804,9206
39063,"Black, non-Hispanic",65-84 years,11,2,33
39071,"Black, non-Hispanic",65-84 years,14,4,44
39081,"Black, non-Hispanic",65-84 years,70,14,200
39085,"Black, non-Hispanic",65-84 years,121,30,350
39087,"Black, non-Hispanic",65-84 years,50,12,96
39089,"Black, non-Hispanic",65-84 years,97,25,265
39093,"Black, non-Hispanic",65-84 years,487,99,974
39095,"Black, non-Hispanic",65-84 years,1475,266,3336
39097,"Black, non-Hispanic",65-84 years,18,5,48
39099,"Black, non-Hispanic",65-84 years,471,125,1630
39101,"Black, non-Hispanic",65-84 years,40,7,87
39103,"Black, non-Hispanic",65-84 years,32,8,81
39109,"Black, non-Hispanic",65-84 years,48,10,120
39113,"Black, non-Hispanic",65-84 years,2151,512,5620
39119,"Black, non-Hispanic",65-84 years,57,12,165
39121,"Black, non-Hispanic",65-84 years,28,7,74
39129,"Black, non-Hispanic",65-84 years,9,2,30
39133,"Black, non-Hispanic",65-84 years,67,17,215
39139,"Black, non-Hispanic",65-84 years,172,43,445
39141,"Black, non-Hispanic",65-84 years,56,13,169
39143,"Black, non-Hispanic",65-84 years,28,5,64
39145,"Black, non-Hispanic",65-84 years,23,6,75
39147,"Black, non-Hispanic",65-84 years,16,3,44
39149,"Black, non-Hispanic",65-84 years,20,4,39
39151,"Black, non-Hispanic",65-84 years,425,85,1220
39153,"Black, non-Hispanic",65-84 years,1244,263,3165
39155,"Black, non-Hispanic",65-84 years,367,74,834
39157,"Black, non-Hispanic",65-84 years,12,2,37
39159,"Black, non-Hispanic",65-84 years,10,3,21
39165,"Black, non-Hispanic",65-84 years,73,16,188
39167,"Black, non-Hispanic",65-84 years,15,4,47
39169,"Black, non-Hispanic",65-84 years,26,5,65
39173,"Black, non-Hispanic",65-84 years,22,4,51
40011,"Black, non-Hispanic",65-84 years,13,3,27
40015,"Black, non-Hispanic",65-84 years,14,4,36
40017,"Black, non-Hispanic",65-84 years,51,12,117
40019,"Black, non-Hispanic",65-84 years,70,15,150
40023,"Black, non-Hispanic",65-84 years,32,8,103
40027,"Black, non-Hispanic",65-84 years,126,28,337
40031,"Black, non-Hispanic",65-84 years,237,60,707
40037,"Black, non-Hispanic",65-84 years,29,7,85
40039,"Black, non-Hispanic",65-84 years,13,3,26
40047,"Black, non-Hispanic",65-84 years,34,6,64
40049,"Black, non-Hispanic",65-84 years,14,3,38
40051,"Black, non-Hispanic",65-84 years,17,5,54
40065,"Black, non-Hispanic",65-84 years,21,6,64
40071,"Black, non-Hispanic",65-84 years,18,4,43
40079,"Black, non-Hispanic",65-84 years,20,6,62
40081,"Black, non-Hispanic",65-84 years,16,4,39
40083,"Black, non-Hispanic",65-84 years,54,11,124
40089,"Black, non-Hispanic",65-84 years,44,12,142
40091,"Black, non-Hispanic",65-84 years,17,5,54
40101,"Black, non-Hispanic",65-84 years,109,32,383
40107,"Black, non-Hispanic",65-84 years,24,6,61
40109,"Black, non-Hispanic",65-84 years,1974,442,4606
40111,"Black, non-Hispanic",65-84 years,79,19,215
40113,"Black, non-Hispanic",65-84 years,157,33,416
40119,"Black, non-Hispanic",65-84 years,27,5,64
40121,"Black, non-Hispanic",65-84 years,23,6,75
40123,"Black, non-Hispanic",65-84 years,17,4,40
40125,"Black, non-Hispanic",65-84 years,25,6,72
40131,"Black, non-Hispanic",65-84 years,20,4,41
40133,"Black, non-Hispanic",65-84 years,38,8,76
40135,"Black, non-Hispanic",65-84 years,16,4,45
40137,"Black, non-Hispanic",65-84 years,24,5,43
40141,"Black, non-Hispanic",65-84 years,12,3,31
40143,"Black, non-Hispanic",65-84 years,884,214,2255
40145,"Black, non-Hispanic",65-84 years,58,13,153
40147,"Black, non-Hispanic",65-84 years,19,5,64
41005,"Black, non-Hispanic",65-84 years,52,13,125
41029,"Black, non-Hispanic",65-84 years,21,6,55
41033,"Black, non-Hispanic",65-84 years,10,3,23
41039,"Black, non-Hispanic",65-84 years,46,12,120
41047,"Black, non-Hispanic",65-84 years,35,9,98
41051,"Black, non-Hispanic",65-84 years,563,132,1395
41067,"Black, non-Hispanic",65-84 years,116,28,246
42001,"Black, non-Hispanic",65-84 years,27,6,69
42003,"Black, non-Hispanic",65-84 years,2058,490,6063
42005,"Black, non-Hispanic",65-84 years,9,2,31
42007,"Black, non-Hispanic",65-84 years,207,46,458
42011,"Black, non-Hispanic",65-84 years,281,72,600
42013,"Black, non-Hispanic",65-84 years,26,5,64
42017,"Black, non-Hispanic",65-84 years,320,89,726
42019,"Black, non-Hispanic",65-84 years,27,5,70
42021,"Black, non-Hispanic",65-84 years,49,13,160
42025,"Black, non-Hispanic",65-84 years,20,5,48
42027,"Black, non-Hispanic",65-84 years,24,6,69
42029,"Black, non-Hispanic",65-84 years,385,93,996
42039,"Black, non-Hispanic",65-84 years,27,6,54
42041,"Black, non-Hispanic",65-84 years,89,16,197
42043,"Black, non-Hispanic",65-84 years,768,164,1904
42045,"Black, non-Hispanic",65-84 years,1199,342,3383
42049,"Black, non-Hispanic",65-84 years,267,65,555
42051,"Black, non-Hispanic",65-84 years,93,24,276
42055,"Black, non-Hispanic",65-84 years,83,19,186
42061,"Black, non-Hispanic",65-84 years,12,3,35
42063,"Black, non-Hispanic",65-84 years,14,4,42
42069,"Black, non-Hispanic",65-84 years,45,11,129
42071,"Black, non-Hispanic",65-84 years,232,55,557
42073,"Black, non-Hispanic",65-84 years,52,11,132
42075,"Black, non-Hispanic",65-84 years,33,7,77
42077,"Black, non-Hispanic",65-84 years,230,59,540
42079,"Black, non-Hispanic",65-84 years,112,22,233
42081,"Black, non-Hispanic",65-84 years,41,11,127
42085,"Black, non-Hispanic",65-84 years,87,17,234
42089,"Black, non-Hispanic",65-84 years,420,110,956
42091,"Black, non-Hispanic",65-84 years,1037,238,2586
42095,"Black, non-Hispanic",65-84 years,224,59,473
42097,"Black, non-Hispanic",65-84 years,16,3,33
42101,"Black, non-Hispanic",65-84 years,13841,3431,34810
42103,"Black, non-Hispanic",65-84 years,63,15,150
42107,"Black, non-Hispanic",65-84 years,19,5,37
42125,"Black, non-Hispanic",65-84 years,107,23,301
42127,"Black, non-Hispanic",65-84 years,14,3,38
42129,"Black, non-Hispanic",65-84 years,133,32,325
42133,"Black, non-Hispanic",65-84 years,317,65,773
44003,"Black, non-Hispanic",65-84 years,43,9,105
44005,"Black, non-Hispanic",65-84 years,46,10,104
44007,"Black, non-Hispanic",65-84 years,792,183,1767
44009,"Black, non-Hispanic",65-84 years,17,4,37
45001,"Black, non-Hispanic",65-84 years,169,38,476
45003,"Black, non-Hispanic",65-84 years,780,182,1996
45005,"Black, non-Hispanic",65-84 years,204,58,561
45007,"Black, non-Hispanic",65-84 years,509,119,1512
45009,"Black, non-Hispanic",65-84 years,211,64,713
45011,"Black, non-Hispanic",65-84 years,223,59,610
45013,"Black, non-Hispanic",65-84 years,607,134,1389
45015,"Black, non-Hispanic",65-84 years,951,241,2652
45017,"Black, non-Hispanic",65-84 years,154,42,505
45019,"Black, non-Hispanic",65-84 years,2051,505,5286
45021,"Black, non-Hispanic",65-84 years,173,45,543
45023,"Black, non-Hispanic",65-84 years,269,70,752
45025,"Black, non-Hispanic",65-84 years,296,71,891
45027,"Black, non-Hispanic",65-84 years,419,126,1253
45029,"Black, non-Hispanic",65-84 years,398,100,1036
45031,"Black, non-Hispanic",65-84 years,701,131,1762
45033,"Black, non-Hispanic",65-84 years,226,61,756
45035,"Black, non-Hispanic",65-84 years,586,139,1713
45037,"Black, non-Hispanic",65-84 years,228,55,546
45039,"Black, non-Hispanic",65-84 years,280,81,936
45041,"Black, non-Hispanic",65-84 years,750,235,3053
45043,"Black, non-Hispanic",65-84 years,496,98,1266
45045,"Black, non-Hispanic",65-84 years,1310,333,3591
45047,"Black, non-Hispanic",65-84 years,421,74,1015
45049,"Black, non-Hispanic",65-84 years,361,83,744
45051,"Black, non-Hispanic",65-84 years,612,150,1894
45053,"Black, non-Hispanic",65-84 years,354,88,770
45055,"Black, non-Hispanic",65-84 years,272,70,972
45057,"Black, non-Hispanic",65-84 years,279,74,1011
45059,"Black, non-Hispanic",65-84 years,363,86,992
45061,"Black, non-Hispanic",65-84 years,244,73,825
45063,"Black, non-Hispanic",65-84 years,485,134,1443
45065,"Black, non-Hispanic",65-84 years,137,31,357
45067,"Black, non-Hispanic",65-84 years,384,105,1205
45069,"Black, non-Hispanic",65-84 years,232,62,956
45071,"Black, non-Hispanic",65-84 years,216,61,654
45073,"Black, non-Hispanic",65-84 years,92,22,298
45075,"Black, non-Hispanic",65-84 years,1145,384,3891
45077,"Black, non-Hispanic",65-84 years,97,22,331
45079,"Black, non-Hispanic",65-84 years,2714,801,8395
45081,"Black, non-Hispanic",65-84 years,152,35,326
45083,"Black, non-Hispanic",65-84 years,1054,233,2955
45085,"Black, non-Hispanic",65-84 years,1079,275,3211
45087,"Black, non-Hispanic",65-84 years,204,52,588
45089,"Black, non-Hispanic",65-84 years,538,153,1913
45091,"Black, non-Hispanic",65-84 years,659,178,1983
46099,"Black, non-Hispanic",65-84 years,22,5,66
46103,"Black, non-Hispanic",65-84 years,16,3,45
47001,"Black, non-Hispanic",65-84 years,38,9,139
47003,"Black, non-Hispanic",65-84 years,60,16,179
47009,"Black, non-Hispanic",65-84 years,54,12,181
47011,"Black, non-Hispanic",65-84 years,57,13,210
47017,"Black, non-Hispanic",65-84 years,86,20,188
47019,"Black, non-Hispanic",65-84 years,12,3,41
47021,"Black, non-Hispanic",65-84 years,12,3,38
47023,"Black, non-Hispanic",65-84 years,18,5,74
47029,"Black, non-Hispanic",65-84 years,21,5,51
47031,"Black, non-Hispanic",65-84 years,30,7,88
47033,"Black, non-Hispanic",65-84 years,50,14,131
47035,"Black, non-Hispanic",65-84 years,7,2,30
47037,"Black, non-Hispanic",65-84 years,2522,659,7077
47039,"Black, non-Hispanic",65-84 years,10,3,30
47043,"Black, non-Hispanic",65-84 years,26,6,98
47045,"Black, non-Hispanic",65-84 years,59,17,207
47047,"Black, non-Hispanic",65-84 years,184,46,726
47051,"Black, non-Hispanic",65-84 years,36,9,147
47053,"Black, non-Hispanic",65-84 years,191,37,493
47055,"Black, non-Hispanic",65-84 years,75,18,212
47059,"Black, non-Hispanic",65-84 years,26,5,79
47063,"Black, non-Hispanic",65-84 years,81,12,152
47065,"Black, non-Hispanic",65-84 years,977,224,3206
47069,"Black, non-Hispanic",65-84 years,207,55,594
47071,"Black, non-Hispanic",65-84 years,21,4,61
47073,"Black, non-Hispanic",65-84 years,28,4,69
47075,"Black, non-Hispanic",65-84 years,257,64,690
47077,"Black, non-Hispanic",65-84 years,36,10,125
47079,"Black, non-Hispanic",65-84 years,51,10,145
47081,"Black, non-Hispanic",65-84 years,14,3,43
47089,"Black, non-Hispanic",65-84 years,27,5,55
47093,"Black, non-Hispanic",65-84 years,491,101,1420
47095,"Black, non-Hispanic",65-84 years,24,6,80
47097,"Black, non-Hispanic",65-84 years,157,37,399
47099,"Black, non-Hispanic",65-84 years,18,3,39
47103,"Black, non-Hispanic",65-84 years,48,14,119
47105,"Black, non-Hispanic",65-84 years,15,3,43
47107,"Black, non-Hispanic",65-84 years,42,9,109
47109,"Black, non-Hispanic",65-84 years,35,7,89
47113,"Black, non-Hispanic",65-84 years,463,134,1636
47115,"Black, non-Hispanic",65-84 years,15,4,55
47117,"Black, non-Hispanic",65-84 years,53,11,122
47119,"Black, non-Hispanic",65-84 years,221,39,498
47123,"Black, non-Hispanic",65-84 years,23,5,61
47125,"Black, non-Hispanic",65-84 years,481,127,1205
47131,"Black, non-Hispanic",65-84 years,42,11,143
47141,"Black, non-Hispanic",65-84 years,17,5,55
47143,"Black, non-Hispanic",65-84 years,14,4,45
47145,"Black, non-Hispanic",65-84 years,30,7,117
47147,"Black, non-Hispanic",65-84 years,73,19,224
47149,"Black, non-Hispanic",65-84 years,378,101,1221
47155,"Black, non-Hispanic",65-84 years,13,3,35
47157,"Black, non-Hispanic",65-84 years,7007,1826,23052
47163,"Black, non-Hispanic",65-84 years,44,9,158
47165,"Black, non-Hispanic",65-84 years,158,40,536
47167,"Black, non-Hispanic",65-84 years,131,31,453
47169,"Black, non-Hispanic",65-84 years,17,4,59
47177,"Black, non-Hispanic",65-84 years,26,4,70
47179,"Black, non-Hispanic",65-84 years,77,12,209
47183,"Black, non-Hispanic",65-84 years,53,11,101
47185,"Black, non-Hispanic",65-84 years,9,3,31
47187,"Black, non-Hispanic",65-84 years,96,24,339
47189,"Black, non-Hispanic",65-84 years,111,29,396
48001,"Black, non-Hispanic",65-84 years,117,27,356
48005,"Black, non-Hispanic",65-84 years,173,41,536
48015,"Black, non-Hispanic",65-84 years,36,10,131
48021,"Black, non-Hispanic",65-84 years,90,30,334
48025,"Black, non-Hispanic",65-84 years,16,4,38
48027,"Black, non-Hispanic",65-84 years,732,198,2033
48029,"Black, non-Hispanic",65-84 years,2524,703,6412
48037,"Black, non-Hispanic",65-84 years,295,94,989
48039,"Black, non-Hispanic",65-84 years,654,173,1819
48041,"Black, non-Hispanic",65-84 years,219,65,682
48049,"Black, non-Hispanic",65-84 years,19,5,49
48051,"Black, non-Hispanic",65-84 years,41,10,123
48055,"Black, non-Hispanic",65-84 years,52,17,141
48057,"Black, non-Hispanic",65-84 years,10,2,35
48061,"Black, non-Hispanic",65-84 years,49,12,95
48063,"Black, non-Hispanic",65-84 years,50,11,136
48067,"Black, non-Hispanic",65-84 years,134,36,305
48071,"Black, non-Hispanic",65-84 years,48,13,171
48073,"Black, non-Hispanic",65-84 years,128,38,342
48085,"Black, non-Hispanic",65-84 years,767,170,2268
48089,"Black, non-Hispanic",65-84 years,45,11,135
48091,"Black, non-Hispanic",65-84 years,58,16,169
48097,"Black, non-Hispanic",65-84 years,21,5,53
48099,"Black, non-Hispanic",65-84 years,84,22,291
48113,"Black, non-Hispanic",65-84 years,9971,2580,24126
48115,"Black, non-Hispanic",65-84 years,10,3,29
48121,"Black, non-Hispanic",65-84 years,657,147,1866
48123,"Black, non-Hispanic",65-84 years,25,6,90
48135,"Black, non-Hispanic",65-84 years,70,25,224
48139,"Black, non-Hispanic",65-84 years,320,78,869
48141,"Black, non-Hispanic",65-84 years,412,109,1072
48145,"Black, non-Hispanic",65-84 years,72,19,203
48147,"Black, non-Hispanic",65-84 years,29,6,82
48149,"Black, non-Hispanic",65-84 years,22,7,81
48157,"Black, non-Hispanic",65-84 years,2695,593,6462
48161,"Black, non-Hispanic",65-84 years,48,12,178
48167,"Black, non-Hispanic",65-84 years,551,156,1867
48177,"Black, non-Hispanic",65-84 years,23,6,77
48179,"Black, non-Hispanic",65-84 years,20,5,37
48181,"Black, non-Hispanic",65-84 years,119,30,353
48183,"Black, non-Hispanic",65-84 years,376,91,1042
48185,"Black, non-Hispanic",65-84 years,73,18,206
48187,"Black, non-Hispanic",65-84 years,209,58,567
48189,"Black, non-Hispanic",65-84 years,26,7,59
48199,"Black, non-Hispanic",65-84 years,44,10,146
48201,"Black, non-Hispanic",65-84 years,12159,3602,35231
48203,"Black, non-Hispanic",65-84 years,296,76,875
48209,"Black, non-Hispanic",65-84 years,90,25,224
48213,"Black, non-Hispanic",65-84 years,89,22,252
48215,"Black, non-Hispanic",65-84 years,76,18,146
48217,"Black, non-Hispanic",65-84 years,37,10,113
48219,"Black, non-Hispanic",65-84 years,18,5,37
48223,"Black, non-Hispanic",65-84 years,60,13,159
48225,"Black, non-Hispanic",65-84 years,82,18,281
48227,"Black, non-Hispanic",65-84 years,15,5,50
48231,"Black, non-Hispanic",65-84 years,156,28,306
48233,"Black, non-Hispanic",65-84 years,15,4,30
48239,"Black, non-Hispanic",65-84 years,19,5,60
48241,"Black, non-Hispanic",65-84 years,98,25,293
48245,"Black, non-Hispanic",65-84 years,1404,327,4515
48251,"Black, non-Hispanic",65-84 years,93,20,213
48253,"Black, non-Hispanic",65-84 years,26,5,45
48257,"Black, non-Hispanic",65-84 years,226,54,639
48265,"Black, non-Hispanic",65-84 years,13,4,40
48273,"Black, non-Hispanic",65-84 years,20,5,47
48277,"Black, non-Hispanic",65-84 years,124,26,288
48279,"Black, non-Hispanic",65-84 years,12,3,29
48281,"Black, non-Hispanic",65-84 years,13,4,42
48285,"Black, non-Hispanic",65-84 years,21,6,81
48287,"Black, non-Hispanic",65-84 years,33,11,109
48289,"Black, non-Hispanic",65-84 years,25,8,85
48291,"Black, non-Hispanic",65-84 years,97,27,393
48293,"Black, non-Hispanic",65-84 years,52,11,206
48303,"Black, non-Hispanic",65-84 years,278,63,682
48309,"Black, non-Hispanic",65-84 years,574,150,1486
48313,"Black, non-Hispanic",65-84 years,35,11,99
48315,"Black, non-Hispanic",65-84 years,66,15,169
48321,"Black, non-Hispanic",65-84 years,70,22,234
48325,"Black, non-Hispanic",65-84 years,14,4,44
48329,"Black, non-Hispanic",65-84 years,88,27,307
48331,"Black, non-Hispanic",65-84 years,55,16,137
48339,"Black, non-Hispanic",65-84 years,285,79,979
48343,"Black, non-Hispanic",65-84 years,50,12,161
48347,"Black, non-Hispanic",65-84 years,151,44,449
48349,"Black, non-Hispanic",65-84 years,136,25,350
48351,"Black, non-Hispanic",65-84 years,46,13,164
48353,"Black, non-Hispanic",65-84 years,17,4,40
48355,"Black, non-Hispanic",65-84 years,314,72,665
48361,"Black, non-Hispanic",65-84 years,94,19,315
48363,"Black, non-Hispanic",65-84 years,13,3,39
48365,"Black, non-Hispanic",65-84 years,68,17,208
48367,"Black, non-Hispanic",65-84 years,33,6,69
48373,"Black, non-Hispanic",65-84 years,44,12,158
48375,"Black, non-Hispanic",65-84 years,183,50,353
48379,"Black, non-Hispanic",65-84 years,12,3,28
48381,"Black, non-Hispanic",65-84 years,38,10,68
48387,"Black, non-Hispanic",65-84 years,50,13,135
48391,"Black, non-Hispanic",65-84 years,13,3,39
48395,"Black, non-Hispanic",65-84 years,58,17,186
48397,"Black, non-Hispanic",65-84 years,59,14,172
48401,"Black, non-Hispanic",65-84 years,157,38,439
48403,"Black, non-Hispanic",65-84 years,14,3,47
48405,"Black, non-Hispanic",65-84 years,43,9,113
48407,"Black, non-Hispanic",65-84 years,41,9,172
48409,"Black, non-Hispanic",65-84 years,21,5,51
48419,"Black, non-Hispanic",65-84 years,99,22,220
48423,"Black, non-Hispanic",65-84 years,591,150,1682
48439,"Black, non-Hispanic",65-84 years,4566,1159,10810
48441,"Black, non-Hispanic",65-84 years,120,31,306
48449,"Black, non-Hispanic",65-84 years,48,14,142
48451,"Black, non-Hispanic",65-84 years,69,19,184
48453,"Black, non-Hispanic",65-84 years,1153,333,3181
48455,"Black, non-Hispanic",65-84 years,24,6,89
48457,"Black, non-Hispanic",65-84 years,28,6,84
48459,"Black, non-Hispanic",65-84 years,68,14,208
48465,"Black, non-Hispanic",65-84 years,20,5,44
48467,"Black, non-Hispanic",65-84 years,37,9,99
48469,"Black, non-Hispanic",65-84 years,78,20,284
48471,"Black, non-Hispanic",65-84 years,166,46,552
48473,"Black, non-Hispanic",65-84 years,129,40,387
48477,"Black, non-Hispanic",65-84 years,74,24,276
48479,"Black, non-Hispanic",65-84 years,21,5,42
48481,"Black, non-Hispanic",65-84 years,105,31,332
48485,"Black, non-Hispanic",65-84 years,133,32,424
48487,"Black, non-Hispanic",65-84 years,23,7,58
48491,"Black, non-Hispanic",65-84 years,303,81,954
48493,"Black, non-Hispanic",65-84 years,19,6,60
48497,"Black, non-Hispanic",65-84 years,11,3,24
48499,"Black, non-Hispanic",65-84 years,35,8,100
49011,"Black, non-Hispanic",65-84 years,34,7,88
49035,"Black, non-Hispanic",65-84 years,113,25,293
49049,"Black, non-Hispanic",65-84 years,11,3,30
49053,"Black, non-Hispanic",65-84 years,11,2,30
49057,"Black, non-Hispanic",65-84 years,30,7,93
50007,"Black, non-Hispanic",65-84 years,15,4,39
51001,"Black, non-Hispanic",65-84 years,238,66,608
51003,"Black, non-Hispanic",65-84 years,139,39,373
51005,"Black, non-Hispanic",65-84 years,17,4,48
51007,"Black, non-Hispanic",65-84 years,98,20,240
51009,"Black, non-Hispanic",65-84 years,196,46,391
51011,"Black, non-Hispanic",65-84 years,100,25,189
51013,"Black, non-Hispanic",65-84 years,193,51,526
51015,"Black, non-Hispanic",65-84 years,49,12,128
51019,"Black, non-Hispanic",65-84 years,98,22,242
51023,"Black, non-Hispanic",65-84 years,28,7,73
51025,"Black, non-Hispanic",65-84 years,329,80,642
51029,"Black, non-Hispanic",65-84 years,127,30,385
51031,"Black, non-Hispanic",65-84 years,240,56,487
51033,"Black, non-Hispanic",65-84 years,225,56,578
51036,"Black, non-Hispanic",65-84 years,140,35,355
51037,"Black, non-Hispanic",65-84 years,91,23,244
51041,"Black, non-Hispanic",65-84 years,1192,271,3057
51043,"Black, non-Hispanic",65-84 years,21,5,44
51047,"Black, non-Hispanic",65-84 years,171,30,331
51049,"Black, non-Hispanic",65-84 years,87,23,249
51053,"Black, non-Hispanic",65-84 years,220,60,610
51057,"Black, non-Hispanic",65-84 years,125,35,287
51059,"Black, non-Hispanic",65-84 years,1154,298,3123
51061,"Black, non-Hispanic",65-84 years,83,23,285
51065,"Black, non-Hispanic",65-84 years,63,14,174
51067,"Black, non-Hispanic",65-84 years,98,22,269
51069,"Black, non-Hispanic",65-84 years,64,14,130
51073,"Black, non-Hispanic",65-84 years,88,18,226
51075,"Black, non-Hispanic",65-84 years,104,28,209
51077,"Black, non-Hispanic",65-84 years,12,2,31
51079,"Black, non-Hispanic",65-84 years,27,6,70
51081,"Black, non-Hispanic",65-84 years,199,44,421
51083,"Black, non-Hispanic",65-84 years,454,109,1012
51085,"Black, non-Hispanic",65-84 years,231,52,522
51087,"Black, non-Hispanic",65-84 years,1878,430,4245
51089,"Black, non-Hispanic",65-84 years,355,96,944
51093,"Black, non-Hispanic",65-84 years,207,50,573
51095,"Black, non-Hispanic",65-84 years,205,41,466
51097,"Black, non-Hispanic",65-84 years,78,21,144
51099,"Black, non-Hispanic",65-84 years,64,16,195
51101,"Black, non-Hispanic",65-84 years,84,20,185
51103,"Black, non-Hispanic",65-84 years,77,22,194
51107,"Black, non-Hispanic",65-84 years,312,84,780
51109,"Black, non-Hispanic",65-84 years,159,41,404
51111,"Black, non-Hispanic",65-84 years,114,28,331
51113,"Black, non-Hispanic",65-84 years,48,9,87
51115,"Black, non-Hispanic",65-84 years,23,6,63
51117,"Black, non-Hispanic",65-84 years,366,87,767
51119,"Black, non-Hispanic",65-84 years,55,12,149
51121,"Black, non-Hispanic",65-84 years,45,9,125
51125,"Black, non-Hispanic",65-84 years,56,14,135
51127,"Black, non-Hispanic",65-84 years,72,17,171
51131,"Black, non-Hispanic",65-84 years,147,35,322
51133,"Black, non-Hispanic",65-84 years,92,24,188
51135,"Black, non-Hispanic",65-84 years,135,33,371
51137,"Black, non-Hispanic",65-84 years,87,17,213
51139,"Black, non-Hispanic",65-84 years,14,2,31
51141,"Black, non-Hispanic",65-84 years,23,6,77
51143,"Black, non-Hispanic",65-84 years,450,111,1094
51145,"Black, non-Hispanic",65-84 years,76,16,169
51147,"Black, non-Hispanic",65-84 years,118,34,404
51149,"Black, non-Hispanic",65-84 years,218,55,550
51153,"Black, non-Hispanic",65-84 years,1148,273,2934
51155,"Black, non-Hispanic",65-84 years,32,8,105
51159,"Black, non-Hispanic",65-84 years,56,14,151
51161,"Black, non-Hispanic",65-84 years,82,17,230
51163,"Black, non-Hispanic",65-84 years,19,4,44
51165,"Black, non-Hispanic",65-84 years,20,5,71
51171,"Black, non-Hispanic",65-84 years,16,4,44
51175,"Black, non-Hispanic",65-84 years,177,50,482
51177,"Black, non-Hispanic",65-84 years,315,84,928
51179,"Black, non-Hispanic",65-84 years,259,63,740
51181,"Black, non-Hispanic",65-84 years,112,29,270
51183,"Black, non-Hispanic",65-84 years,167,47,430
51185,"Black, non-Hispanic",65-84 years,15,3,56
51187,"Black, non-Hispanic",65-84 years,37,9,91
51191,"Black, non-Hispanic",65-84 years,11,2,42
51193,"Black, non-Hispanic",65-84 years,141,39,405
51195,"Black, non-Hispanic",65-84 years,9,2,30
51197,"Black, non-Hispanic",65-84 years,23,5,52
51199,"Black, non-Hispanic",65-84 years,241,46,527
51510,"Black, non-Hispanic",65-84 years,302,82,841
51515,"Black, non-Hispanic",65-84 years,20,5,54
51520,"Black, non-Hispanic",65-84 years,16,4,57
51540,"Black, non-Hispanic",65-84 years,107,25,311
51550,"Black, non-Hispanic",65-84 years,1451,370,3413
51570,"Black, non-Hispanic",65-84 years,20,4,62
51580,"Black, non-Hispanic",65-84 years,23,5,62
51590,"Black, non-Hispanic",65-84 years,496,142,1236
51595,"Black, non-Hispanic",65-84 years,100,28,245
51620,"Black, non-Hispanic",65-84 years,73,20,248
51630,"Black, non-Hispanic",65-84 years,64,15,206
51650,"Black, non-Hispanic",65-84 years,1806,498,4351
51660,"Black, non-Hispanic",65-84 years,24,6,82
51670,"Black, non-Hispanic",65-84 years,143,36,420
51678,"Black, non-Hispanic",65-84 years,12,3,33
51680,"Black, non-Hispanic",65-84 years,413,91,865
51683,"Black, non-Hispanic",65-84 years,81,21,219
51685,"Black, non-Hispanic",65-84 years,28,7,77
51690,"Black, non-Hispanic",65-84 years,152,42,358
51700,"Black, non-Hispanic",65-84 years,1245,312,3009
51710,"Black, non-Hispanic",65-84 years,1523,369,4145
51730,"Black, non-Hispanic",65-84 years,902,247,2244
51740,"Black, non-Hispanic",65-84 years,1201,284,3030
51750,"Black, non-Hispanic",65-84 years,19,4,39
51760,"Black, non-Hispanic",65-84 years,2324,552,5800
51770,"Black, non-Hispanic",65-84 years,606,130,1470
51775,"Black, non-Hispanic",65-84 years,33,5,69
51790,"Black, non-Hispanic",65-84 years,53,11,145
51800,"Black, non-Hispanic",65-84 years,710,189,1857
51810,"Black, non-Hispanic",65-84 years,1317,263,3082
51820,"Black, non-Hispanic",65-84 years,38,11,103
51830,"Black, non-Hispanic",65-84 years,37,7,80
51840,"Black, non-Hispanic",65-84 years,51,12,128
53005,"Black, non-Hispanic",65-84 years,41,9,90
53011,"Black, non-Hispanic",65-84 years,133,30,337
53015,"Black, non-Hispanic",65-84 years,14,3,32
53021,"Black, non-Hispanic",65-84 years,36,9,72
53025,"Black, non-Hispanic",65-84 years,18,4,42
53027,"Black, non-Hispanic",65-84 years,15,3,33
53029,"Black, non-Hispanic",65-84 years,14,4,45
53033,"Black, non-Hispanic",65-84 years,1717,437,3738
53035,"Black, non-Hispanic",65-84 years,87,20,188
53053,"Black, non-Hispanic",65-84 years,767,207,2049
53057,"Black, non-Hispanic",65-84 years,11,3,27
53061,"Black, non-Hispanic",65-84 years,249,63,566
53063,"Black, non-Hispanic",65-84 years,95,25,258
53067,"Black, non-Hispanic",65-84 years,129,33,290
53073,"Black, non-Hispanic",65-84 years,26,6,59
53077,"Black, non-Hispanic",65-84 years,31,8,82
54003,"Black, non-Hispanic",65-84 years,120,36,364
54011,"Black, non-Hispanic",65-84 years,100,21,217
54019,"Black, non-Hispanic",65-84 years,56,13,144
54025,"Black, non-Hispanic",65-84 years,17,5,62
54029,"Black, non-Hispanic",65-84 years,24,5,59
54033,"Black, non-Hispanic",65-84 years,18,4,47
54037,"Black, non-Hispanic",65-84 years,82,20,177
54039,"Black, non-Hispanic",65-84 years,286,71,643
54045,"Black, non-Hispanic",65-84 years,16,4,48
54047,"Black, non-Hispanic",65-84 years,50,11,170
54049,"Black, non-Hispanic",65-84 years,35,10,91
54055,"Black, non-Hispanic",65-84 years,56,14,233
54057,"Black, non-Hispanic",65-84 years,16,3,46
54059,"Black, non-Hispanic",65-84 years,20,3,44
54061,"Black, non-Hispanic",65-84 years,29,8,84
54069,"Black, non-Hispanic",65-84 years,32,9,70
54081,"Black, non-Hispanic",65-84 years,83,22,294
54107,"Black, non-Hispanic",65-84 years,17,4,48
55009,"Black, non-Hispanic",65-84 years,28,7,73
55025,"Black, non-Hispanic",65-84 years,151,35,429
55059,"Black, non-Hispanic",65-84 years,109,22,241
55079,"Black, non-Hispanic",65-84 years,2901,707,8174
55087,"Black, non-Hispanic",65-84 years,13,3,28
55089,"Black, non-Hispanic",65-84 years,16,4,50
55101,"Black, non-Hispanic",65-84 years,211,49,654
55105,"Black, non-Hispanic",65-84 years,77,20,240
55131,"Black, non-Hispanic",65-84 years,15,4,42
55133,"Black, non-Hispanic",65-84 years,66,13,156
55139,"Black, non-Hispanic",65-84 years,17,4,40
56021,"Black, non-Hispanic",65-84 years,15,4,44
56025,"Black, non-Hispanic",65-84 years,14,3,33
01001,"Hispanic, any race",40-64 years,34,5,102
01003,"Hispanic, any race",40-64 years,139,34,603
01005,"Hispanic, any race",40-64 years,28,8,82
01007,"Hispanic, any race",40-64 years,13,2,34
01009,"Hispanic, any race",40-64 years,75,15,297
01011,"Hispanic, any race",40-64 years,12,4,50
01015,"Hispanic, any race",40-64 years,79,19,271
01017,"Hispanic, any race",40-64 years,13,3,53
01021,"Hispanic, any race",40-64 years,61,14,209
01027,"Hispanic, any race",40-64 years,10,2,30
01031,"Hispanic, any race",40-64 years,71,14,228
01033,"Hispanic, any race",40-64 years,24,5,111
01039,"Hispanic, any race",40-64 years,14,3,51
01043,"Hispanic, any race",40-64 years,50,11,202
01045,"Hispanic, any race",40-64 years,51,11,183
01047,"Hispanic, any race",40-64 years,12,3,35
01049,"Hispanic, any race",40-64 years,130,29,552
01051,"Hispanic, any race",40-64 years,32,7,141
01053,"Hispanic, any race",40-64 years,15,4,63
01055,"Hispanic, any race",40-64 years,59,10,222
01059,"Hispanic, any race",40-64 years,101,15,311
01061,"Hispanic, any race",40-64 years,14,4,64
01067,"Hispanic, any race",40-64 years,11,3,34
01069,"Hispanic, any race",40-64 years,53,14,203
01071,"Hispanic, any race",40-64 years,26,6,90
01073,"Hispanic, any race",40-64 years,330,80,1352
01077,"Hispanic, any race",40-64 years,27,5,127
01079,"Hispanic, any race",40-64 years,9,2,45
01081,"Hispanic, any race",40-64 years,100,22,364
01083,"Hispanic, any race",40-64 years,73,18,326
01089,"Hispanic, any race",40-64 years,281,69,1095
01091,"Hispanic, any race",40-64 years,12,3,38
01093,"Hispanic, any race",40-64 years,9,2,40
01095,"Hispanic, any race",40-64 years,140,34,626
01097,"Hispanic, any race",40-64 years,228,58,796
01101,"Hispanic, any race",40-64 years,112,25,409
01103,"Hispanic, any race",40-64 years,104,24,529
01107,"Hispanic, any race",40-64 years,22,6,79
01109,"Hispanic, any race",40-64 years,16,3,47
01111,"Hispanic, any race",40-64 years,8,2,36
01113,"Hispanic, any race",40-64 years,42,11,201
01115,"Hispanic, any race",40-64 years,29,8,127
01117,"Hispanic, any race",40-64 years,131,33,579
01121,"Hispanic, any race",40-64 years,30,8,117
01123,"Hispanic, any race",40-64 years,16,4,63
01125,"Hispanic, any race",40-64 years,103,27,423
01127,"Hispanic, any race",40-64 years,18,4,87
01133,"Hispanic, any race",40-64 years,13,3,45
02013,"Hispanic, any race",40-64 years,16,4,56
02016,"Hispanic, any race",40-64 years,21,5,72
02020,"Hispanic, any race",40-64 years,247,67,983
02090,"Hispanic, any race",40-64 years,66,17,187
02110,"Hispanic, any race",40-64 years,20,5,83
02122,"Hispanic, any race",40-64 years,27,7,98
02130,"Hispanic, any race",40-64 years,8,2,36
02150,"Hispanic, any race",40-64 years,15,4,49
02170,"Hispanic, any race",40-64 years,61,14,220
04001,"Hispanic, any race",40-64 years,124,30,311
04003,"Hispanic, any race",40-64 years,509,142,2360
04005,"Hispanic, any race",40-64 years,270,63,936
04007,"Hispanic, any race",40-64 years,180,42,634
04009,"Hispanic, any race",40-64 years,191,42,746
04011,"Hispanic, any race",40-64 years,75,16,249
04012,"Hispanic, any race",40-64 years,82,20,321
04013,"Hispanic, any race",40-64 years,17278,4354,69438
04015,"Hispanic, any race",40-64 years,418,104,2172
04017,"Hispanic, any race",40-64 years,263,71,782
04019,"Hispanic, any race",40-64 years,4796,1218,19340
04021,"Hispanic, any race",40-64 years,2405,606,7898
04023,"Hispanic, any race",40-64 years,841,259,2688
04025,"Hispanic, any race",40-64 years,456,108,1791
04027,"Hispanic, any race",40-64 years,1900,466,8015
05001,"Hispanic, any race",40-64 years,11,2,35
05003,"Hispanic, any race",40-64 years,32,8,76
05005,"Hispanic, any race",40-64 years,18,3,60
05007,"Hispanic, any race",40-64 years,655,172,2576
05009,"Hispanic, any race",40-64 years,16,2,52
05011,"Hispanic, any race",40-64 years,37,10,99
05015,"Hispanic, any race",40-64 years,67,13,237
05017,"Hispanic, any race",40-64 years,18,4,48
05019,"Hispanic, any race",40-64 years,11,4,51
05023,"Hispanic, any race",40-64 years,9,2,34
05027,"Hispanic, any race",40-64 years,12,4,38
05029,"Hispanic, any race",40-64 years,14,3,54
05031,"Hispanic, any race",40-64 years,69,14,256
05033,"Hispanic, any race",40-64 years,66,19,314
05035,"Hispanic, any race",40-64 years,27,8,98
05041,"Hispanic, any race",40-64 years,16,3,51
05043,"Hispanic, any race",40-64 years,14,4,39
05045,"Hispanic, any race",40-64 years,86,18,253
05047,"Hispanic, any race",40-64 years,9,3,36
05051,"Hispanic, any race",40-64 years,73,18,321
05053,"Hispanic, any race",40-64 years,10,2,30
05055,"Hispanic, any race",40-64 years,24,3,60
05057,"Hispanic, any race",40-64 years,41,11,156
05059,"Hispanic, any race",40-64 years,16,4,66
05061,"Hispanic, any race",40-64 years,23,6,89
05063,"Hispanic, any race",40-64 years,33,8,104
05069,"Hispanic, any race",40-64 years,27,7,93
05071,"Hispanic, any race",40-64 years,59,11,187
05079,"Hispanic, any race",40-64 years,13,3,37
05083,"Hispanic, any race",40-64 years,9,2,34
05085,"Hispanic, any race",40-64 years,46,10,165
05087,"Hispanic, any race",40-64 years,18,4,54
05091,"Hispanic, any race",40-64 years,26,7,89
05093,"Hispanic, any race",40-64 years,54,11,128
05103,"Hispanic, any race",40-64 years,11,3,34
05109,"Hispanic, any race",40-64 years,12,3,44
05111,"Hispanic, any race",40-64 years,9,2,42
05113,"Hispanic, any race",40-64 years,22,5,72
05115,"Hispanic, any race",40-64 years,127,18,322
05119,"Hispanic, any race",40-64 years,324,83,1165
05123,"Hispanic, any race",40-64 years,42,10,108
05125,"Hispanic, any race",40-64 years,108,22,299
05127,"Hispanic, any race",40-64 years,14,3,50
05131,"Hispanic, any race",40-64 years,237,54,1015
05133,"Hispanic, any race",40-64 years,106,31,327
05139,"Hispanic, any race",40-64 years,21,7,84
05141,"Hispanic, any race",40-64 years,8,2,30
05143,"Hispanic, any race",40-64 years,481,128,1979
05145,"Hispanic, any race",40-64 years,40,9,173
05149,"Hispanic, any race",40-64 years,107,18,255
06001,"Hispanic, any race",40-64 years,6150,1457,21000
06005,"Hispanic, any race",40-64 years,91,20,363
06007,"Hispanic, any race",40-64 years,379,91,1620
06009,"Hispanic, any race",40-64 years,80,19,324
06011,"Hispanic, any race",40-64 years,261,77,785
06013,"Hispanic, any race",40-64 years,4085,1131,16015
06015,"Hispanic, any race",40-64 years,69,21,294
06017,"Hispanic, any race",40-64 years,293,79,1250
06019,"Hispanic, any race",40-64 years,7457,2095,32772
06021,"Hispanic, any race",40-64 years,182,47,658
06023,"Hispanic, any race",40-64 years,138,37,667
06025,"Hispanic, any race",40-64 years,5101,1260,11428
06027,"Hispanic, any race",40-64 years,47,16,229
06029,"Hispanic, any race",40-64 years,9159,2371,29259
06031,"Hispanic, any race",40-64 years,1380,334,5116
06033,"Hispanic, any race",40-64 years,329,61,833
06035,"Hispanic, any race",40-64 years,57,16,265
06037,"Hispanic, any race",40-64 years,98779,26715,334716
06039,"Hispanic, any race",40-64 years,1689,507,5537
06041,"Hispanic, any race",40-64 years,502,99,1837
06043,"Hispanic, any race",40-64 years,26,7,120
06045,"Hispanic, any race",40-64 years,275,86,1212
06047,"Hispanic, any race",40-64 years,4168,1092,11077
06049,"Hispanic, any race",40-64 years,18,4,74
06051,"Hispanic, any race",40-64 years,36,9,188
06053,"Hispanic, any race",40-64 years,4932,1481,14906
06055,"Hispanic, any race",40-64 years,697,205,2362
06057,"Hispanic, any race",40-64 years,109,31,465
06059,"Hispanic, any race",40-64 years,17197,4138,60031
06061,"Hispanic, any race",40-64 years,703,182,2633
06063,"Hispanic, any race",40-64 years,38,5,96
06065,"Hispanic, any race",40-64 years,18350,5354,77711
06067,"Hispanic, any race",40-64 years,5518,1486,19337
06069,"Hispanic, any race",40-64 years,850,239,2489
06071,"Hispanic, any race",40-64 years,20598,5893,79545
06073,"Hispanic, any race",40-64 years,18213,4802,59810
06075,"Hispanic, any race",40-64 years,1737,376,7107
06077,"Hispanic, any race",40-64 years,5290,1395,19537
06079,"Hispanic, any race",40-64 years,961,246,2900
06081,"Hispanic, any race",40-64 years,2366,701,9356
06083,"Hispanic, any race",40-64 years,3484,1019,9840
06085,"Hispanic, any race",40-64 years,7519,1769,24647
06087,"Hispanic, any race",40-64 years,1491,418,4212
06089,"Hispanic, any race",40-64 years,182,41,900
06093,"Hispanic, any race",40-64 years,73,21,285
06095,"Hispanic, any race",40-64 years,1754,513,6953
06097,"Hispanic, any race",40-64 years,1607,465,6310
06099,"Hispanic, any race",40-64 years,4226,1202,15261
06101,"Hispanic, any race",40-64 years,419,109,1652
06103,"Hispanic, any race",40-64 years,350,71,879
06105,"Hispanic, any race",40-64 years,13,3,64
06107,"Hispanic, any race",40-64 years,5103,1531,19056
06109,"Hispanic, any race",40-64 years,75,23,358
06111,"Hispanic, any race",40-64 years,6071,1795,19877
06113,"Hispanic, any race",40-64 years,964,275,3173
06115,"Hispanic, any race",40-64 years,292,82,1161
08001,"Hispanic, any race",40-64 years,2910,733,8875
08003,"Hispanic, any race",40-64 years,126,27,370
08005,"Hispanic, any race",40-64 years,1504,391,5332
08007,"Hispanic, any race",40-64 years,31,9,131
08011,"Hispanic, any race",40-64 years,36,12,122
08013,"Hispanic, any race",40-64 years,624,164,1878
08014,"Hispanic, any race",40-64 years,146,27,420
08015,"Hispanic, any race",40-64 years,17,4,78
08019,"Hispanic, any race",40-64 years,9,2,33
08021,"Hispanic, any race",40-64 years,103,24,290
08023,"Hispanic, any race",40-64 years,52,13,181
08025,"Hispanic, any race",40-64 years,38,13,137
08029,"Hispanic, any race",40-64 years,64,19,235
08031,"Hispanic, any race",40-64 years,2246,624,8696
08035,"Hispanic, any race",40-64 years,358,104,1336
08037,"Hispanic, any race",40-64 years,171,51,689
08039,"Hispanic, any race",40-64 years,30,7,109
08041,"Hispanic, any race",40-64 years,1293,321,4742
08043,"Hispanic, any race",40-64 years,97,24,360
08045,"Hispanic, any race",40-64 years,169,47,772
08049,"Hispanic, any race",40-64 years,13,3,56
08051,"Hispanic, any race",40-64 years,13,3,59
08055,"Hispanic, any race",40-64 years,41,12,146
08059,"Hispanic, any race",40-64 years,1209,290,4046
08063,"Hispanic, any race",40-64 years,11,3,49
08065,"Hispanic, any race",40-64 years,32,10,133
08067,"Hispanic, any race",40-64 years,68,24,268
08069,"Hispanic, any race",40-64 years,433,91,1444
08071,"Hispanic, any race",40-64 years,75,21,357
08073,"Hispanic, any race",40-64 years,13,2,44
08075,"Hispanic, any race",40-64 years,52,11,163
08077,"Hispanic, any race",40-64 years,258,65,954
08081,"Hispanic, any race",40-64 years,26,6,103
08083,"Hispanic, any race",40-64 years,53,16,153
08085,"Hispanic, any race",40-64 years,111,28,395
08087,"Hispanic, any race",40-64 years,199,39,526
08089,"Hispanic, any race",40-64 years,131,38,465
08093,"Hispanic, any race",40-64 years,19,4,66
08095,"Hispanic, any race",40-64 years,17,2,47
08097,"Hispanic, any race",40-64 years,16,4,78
08099,"Hispanic, any race",40-64 years,64,16,241
08101,"Hispanic, any race",40-64 years,930,259,4245
08103,"Hispanic, any race",40-64 years,13,4,34
08105,"Hispanic, any race",40-64 years,102,23,292
08107,"Hispanic, any race",40-64 years,20,5,69
08109,"Hispanic, any race",40-64 years,58,14,155
08113,"Hispanic, any race",40-64 years,10,2,31
08117,"Hispanic, any race",40-64 years,32,9,168
08119,"Hispanic, any race",40-64 years,29,7,102
08123,"Hispanic, any race",40-64 years,1388,293,4000
08125,"Hispanic, any race",40-64 years,31,7,103
09001,"Hispanic, any race",40-64 years,3400,813,10495
09003,"Hispanic, any race",40-64 years,3015,678,8302
09005,"Hispanic, any race",40-64 years,194,54,665
09007,"Hispanic, any race",40-64 years,160,30,528
09009,"Hispanic, any race",40-64 years,2432,614,8465
09011,"Hispanic, any race",40-64 years,541,141,1365
09013,"Hispanic, any race",40-64 years,128,28,379
09015,"Hispanic, any race",40-64 years,260,51,711
10001,"Hispanic, any race",40-64 years,193,50,723
10003,"Hispanic, any race",40-64 years,831,227,2973
10005,"Hispanic, any race",40-64 years,310,86,1139
12001,"Hispanic, any race",40-64 years,368,91,1354
12003,"Hispanic, any race",40-64 years,15,4,71
12005,"Hispanic, any race",40-64 years,170,32,739
12007,"Hispanic, any race",40-64 years,25,7,98
12009,"Hispanic, any race",40-64 years,1068,247,4369
12011,"Hispanic, any race",40-64 years,13392,3538,48523
12013,"Hispanic, any race",40-64 years,12,3,55
12015,"Hispanic, any race",40-64 years,238,60,933
12017,"Hispanic, any race",40-64 years,190,38,642
12019,"Hispanic, any race",40-64 years,289,83,1480
12021,"Hispanic, any race",40-64 years,1357,417,6377
12023,"Hispanic, any race",40-64 years,97,23,313
12027,"Hispanic, any race",40-64 years,314,57,780
12029,"Hispanic, any race",40-64 years,10,3,53
12031,"Hispanic, any race",40-64 years,1884,468,7270
12033,"Hispanic, any race",40-64 years,239,79,1074
12035,"Hispanic, any race",40-64 years,226,56,886
12037,"Hispanic, any race",40-64 years,13,3,50
12039,"Hispanic, any race",40-64 years,112,27,351
12041,"Hispanic, any race",40-64 years,19,4,79
12043,"Hispanic, any race",40-64 years,56,13,210
12045,"Hispanic, any race",40-64 years,9,2,34
12047,"Hispanic, any race",40-64 years,32,7,97
12049,"Hispanic, any race",40-64 years,312,58,728
12051,"Hispanic, any race",40-64 years,642,180,1825
12053,"Hispanic, any race",40-64 years,467,105,2105
12055,"Hispanic, any race",40-64 years,574,118,1452
12057,"Hispanic, any race",40-64 years,7720,1902,29843
12059,"Hispanic, any race",40-64 years,8,2,34
12061,"Hispanic, any race",40-64 years,257,73,1302
12063,"Hispanic, any race",40-64 years,31,8,171
12065,"Hispanic, any race",40-64 years,15,4,57
12067,"Hispanic, any race",40-64 years,23,5,81
12069,"Hispanic, any race",40-64 years,876,208,4374
12071,"Hispanic, any race",40-64 years,2803,741,10927
12073,"Hispanic, any race",40-64 years,279,55,893
12075,"Hispanic, any race",40-64 years,72,17,273
12077,"Hispanic, any race",40-64 years,9,2,40
12079,"Hispanic, any race",40-64 years,19,5,89
12081,"Hispanic, any race",40-64 years,805,214,3851
12083,"Hispanic, any race",40-64 years,870,259,3767
12085,"Hispanic, any race",40-64 years,294,61,1202
12086,"Hispanic, any race",40-64 years,46319,11601,177408
12087,"Hispanic, any race",40-64 years,258,62,1384
12089,"Hispanic, any race",40-64 years,62,16,308
12091,"Hispanic, any race",40-64 years,183,51,907
12093,"Hispanic, any race",40-64 years,154,41,743
12095,"Hispanic, any race",40-64 years,8259,1841,32149
12097,"Hispanic, any race",40-64 years,6862,1098,17496
12099,"Hispanic, any race",40-64 years,5670,1272,22182
12101,"Hispanic, any race",40-64 years,1665,407,6719
12103,"Hispanic, any race",40-64 years,1815,387,6251
12105,"Hispanic, any race",40-64 years,4311,669,12115
12107,"Hispanic, any race",40-64 years,106,28,473
12109,"Hispanic, any race",40-64 years,340,80,1350
12111,"Hispanic, any race",40-64 years,1082,285,4713
12113,"Hispanic, any race",40-64 years,122,34,620
12115,"Hispanic, any race",40-64 years,497,127,2409
12117,"Hispanic, any race",40-64 years,1472,381,6872
12119,"Hispanic, any race",40-64 years,119,29,539
12121,"Hispanic, any race",40-64 years,95,20,328
12123,"Hispanic, any race",40-64 years,24,4,74
12125,"Hispanic, any race",40-64 years,23,6,84
12127,"Hispanic, any race",40-64 years,1342,341,5676
12129,"Hispanic, any race",40-64 years,30,6,106
12131,"Hispanic, any race",40-64 years,69,22,308
12133,"Hispanic, any race",40-64 years,16,4,78
13001,"Hispanic, any race",40-64 years,28,8,96
13003,"Hispanic, any race",40-64 years,47,16,161
13005,"Hispanic, any race",40-64 years,12,4,45
13009,"Hispanic, any race",40-64 years,15,3,76
13011,"Hispanic, any race",40-64 years,19,5,87
13013,"Hispanic, any race",40-64 years,193,48,682
13015,"Hispanic, any race",40-64 years,170,36,621
13017,"Hispanic, any race",40-64 years,13,4,66
13019,"Hispanic, any race",40-64 years,15,4,61
13021,"Hispanic, any race",40-64 years,69,18,331
13025,"Hispanic, any race",40-64 years,13,3,39
13027,"Hispanic, any race",40-64 years,27,6,84
13029,"Hispanic, any race",40-64 years,46,11,173
13031,"Hispanic, any race",40-64 years,37,9,186
13033,"Hispanic, any race",40-64 years,25,8,75
13035,"Hispanic, any race",40-64 years,13,3,61
13039,"Hispanic, any race",40-64 years,43,11,155
13043,"Hispanic, any race",40-64 years,16,4,74
13045,"Hispanic, any race",40-64 years,164,31,525
13047,"Hispanic, any race",40-64 years,25,5,118
13049,"Hispanic, any race",40-64 years,12,3,57
13051,"Hispanic, any race",40-64 years,307,86,1045
13053,"Hispanic, any race",40-64 years,9,2,31
13055,"Hispanic, any race",40-64 years,14,3,73
13057,"Hispanic, any race",40-64 years,400,109,1752
13059,"Hispanic, any race",40-64 years,225,59,824
13063,"Hispanic, any race",40-64 years,844,230,2801
13067,"Hispanic, any race",40-64 years,1319,382,5641
13069,"Hispanic, any race",40-64 years,77,26,320
13071,"Hispanic, any race",40-64 years,141,28,589
13073,"Hispanic, any race",40-64 years,173,44,541
13075,"Hispanic, any race",40-64 years,16,4,66
13077,"Hispanic, any race",40-64 years,176,45,732
13081,"Hispanic, any race",40-64 years,14,4,48
13085,"Hispanic, any race",40-64 years,22,6,92
13087,"Hispanic, any race",40-64 years,37,8,137
13089,"Hispanic, any race",40-64 years,1027,280,3493
13091,"Hispanic, any race",40-64 years,13,3,54
13093,"Hispanic, any race",40-64 years,14,4,61
13095,"Hispanic, any race",40-64 years,41,11,152
13097,"Hispanic, any race",40-64 years,289,63,1000
13101,"Hispanic, any race",40-64 years,18,5,76
13103,"Hispanic, any race",40-64 years,43,10,196
13105,"Hispanic, any race",40-64 years,16,3,66
13107,"Hispanic, any race",40-64 years,13,3,63
13109,"Hispanic, any race",40-64 years,17,5,70
13111,"Hispanic, any race",40-64 years,10,3,49
13113,"Hispanic, any race",40-64 years,141,35,478
13115,"Hispanic, any race",40-64 years,111,24,613
13117,"Hispanic, any race",40-64 years,385,92,1388
13119,"Hispanic, any race",40-64 years,13,3,56
13121,"Hispanic, any race",40-64 years,1251,308,4292
13123,"Hispanic, any race",40-64 years,37,10,199
13127,"Hispanic, any race",40-64 years,99,19,305
13129,"Hispanic, any race",40-64 years,146,40,589
13131,"Hispanic, any race",40-64 years,38,9,166
13133,"Hispanic, any race",40-64 years,21,5,93
13135,"Hispanic, any race",40-64 years,3225,817,12360
13137,"Hispanic, any race",40-64 years,72,18,344
13139,"Hispanic, any race",40-64 years,714,165,3296
13143,"Hispanic, any race",40-64 years,8,2,38
13145,"Hispanic, any race",40-64 years,22,5,96
13147,"Hispanic, any race",40-64 years,13,4,57
13151,"Hispanic, any race",40-64 years,317,83,1123
13153,"Hispanic, any race",40-64 years,129,33,639
13157,"Hispanic, any race",40-64 years,87,21,377
13159,"Hispanic, any race",40-64 years,7,2,37
13161,"Hispanic, any race",40-64 years,38,9,117
13163,"Hispanic, any race",40-64 years,14,3,49
13165,"Hispanic, any race",40-64 years,9,3,33
13169,"Hispanic, any race",40-64 years,6,2,31
13171,"Hispanic, any race",40-64 years,7,2,33
13173,"Hispanic, any race",40-64 years,10,3,45
13175,"Hispanic, any race",40-64 years,17,4,82
13177,"Hispanic, any race",40-64 years,15,4,55
13179,"Hispanic, any race",40-64 years,122,29,346
13183,"Hispanic, any race",40-64 years,47,10,116
13185,"Hispanic, any race",40-64 years,80,24,367
13187,"Hispanic, any race",40-64 years,17,4,81
13189,"Hispanic, any race",40-64 years,17,3,41
13193,"Hispanic, any race",40-64 years,10,2,41
13195,"Hispanic, any race",40-64 years,18,4,78
13197,"Hispanic, any race",40-64 years,11,3,42
13199,"Hispanic, any race",40-64 years,14,4,48
13205,"Hispanic, any race",40-64 years,34,9,87
13207,"Hispanic, any race",40-64 years,8,3,41
13209,"Hispanic, any race",40-64 years,9,2,35
13211,"Hispanic, any race",40-64 years,10,2,37
13213,"Hispanic, any race",40-64 years,108,21,366
13215,"Hispanic, any race",40-64 years,211,54,944
13217,"Hispanic, any race",40-64 years,103,27,398
13219,"Hispanic, any race",40-64 years,23,6,104
13221,"Hispanic, any race",40-64 years,11,2,49
13223,"Hispanic, any race",40-64 years,177,42,835
13225,"Hispanic, any race",40-64 years,37,10,165
13227,"Hispanic, any race",40-64 years,12,3,62
13229,"Hispanic, any race",40-64 years,15,5,54
13233,"Hispanic, any race",40-64 years,58,12,308
13237,"Hispanic, any race",40-64 years,17,4,77
13241,"Hispanic, any race",40-64 years,18,6,86
13245,"Hispanic, any race",40-64 years,171,47,566
13247,"Hispanic, any race",40-64 years,169,47,610
13255,"Hispanic, any race",40-64 years,42,14,215
13257,"Hispanic, any race",40-64 years,13,3,56
13259,"Hispanic, any race",40-64 years,19,5,80
13261,"Hispanic, any race",40-64 years,22,7,98
13267,"Hispanic, any race",40-64 years,37,11,164
13271,"Hispanic, any race",40-64 years,46,10,221
13275,"Hispanic, any race",40-64 years,25,7,97
13277,"Hispanic, any race",40-64 years,65,18,285
13279,"Hispanic, any race",40-64 years,37,9,175
13285,"Hispanic, any race",40-64 years,41,9,160
13287,"Hispanic, any race",40-64 years,10,2,35
13291,"Hispanic, any race",40-64 years,17,3,62
13293,"Hispanic, any race",40-64 years,11,3,50
13295,"Hispanic, any race",40-64 years,27,7,120
13297,"Hispanic, any race",40-64 years,75,19,289
13299,"Hispanic, any race",40-64 years,23,6,87
13303,"Hispanic, any race",40-64 years,10,3,42
13305,"Hispanic, any race",40-64 years,30,8,118
13309,"Hispanic, any race",40-64 years,8,2,30
13311,"Hispanic, any race",40-64 years,12,3,55
13313,"Hispanic, any race",40-64 years,758,168,2422
13315,"Hispanic, any race",40-64 years,6,2,30
13317,"Hispanic, any race",40-64 years,8,3,30
13321,"Hispanic, any race",40-64 years,11,3,35
15001,"Hispanic, any race",40-64 years,436,110,1024
15003,"Hispanic, any race",40-64 years,1325,285,3594
15007,"Hispanic, any race",40-64 years,115,25,342
15009,"Hispanic, any race",40-64 years,249,66,814
16001,"Hispanic, any race",40-64 years,571,110,1830
16005,"Hispanic, any race",40-64 years,75,21,338
16011,"Hispanic, any race",40-64 years,104,31,445
16013,"Hispanic, any race",40-64 years,67,16,284
16017,"Hispanic, any race",40-64 years,19,5,79
16019,"Hispanic, any race",40-64 years,165,40,654
16021,"Hispanic, any race",40-64 years,9,2,37
16027,"Hispanic, any race",40-64 years,1103,219,2874
16031,"Hispanic, any race",40-64 years,88,19,336
16039,"Hispanic, any race",40-64 years,91,16,219
16041,"Hispanic, any race",40-64 years,15,5,53
16043,"Hispanic, any race",40-64 years,23,6,83
16045,"Hispanic, any race",40-64 years,22,4,83
16047,"Hispanic, any race",40-64 years,105,17,243
16049,"Hispanic, any race",40-64 years,9,2,30
16051,"Hispanic, any race",40-64 years,44,12,146
16053,"Hispanic, any race",40-64 years,129,27,457
16055,"Hispanic, any race",40-64 years,117,27,423
16057,"Hispanic, any race",40-64 years,12,2,47
16063,"Hispanic, any race",40-64 years,30,8,99
16065,"Hispanic, any race",40-64 years,26,7,100
16067,"Hispanic, any race",40-64 years,131,31,451
16069,"Hispanic, any race",40-64 years,20,5,68
16073,"Hispanic, any race",40-64 years,80,18,195
16075,"Hispanic, any race",40-64 years,68,14,203
16077,"Hispanic, any race",40-64 years,31,9,128
16081,"Hispanic, any race",40-64 years,24,7,92
16083,"Hispanic, any race",40-64 years,170,38,651
16085,"Hispanic, any race",40-64 years,6,1,30
16087,"Hispanic, any race",40-64 years,25,4,96
17001,"Hispanic, any race",40-64 years,13,3,44
17005,"Hispanic, any race",40-64 years,11,3,37
17007,"Hispanic, any race",40-64 years,161,43,615
17011,"Hispanic, any race",40-64 years,51,12,154
17015,"Hispanic, any race",40-64 years,7,2,31
17017,"Hispanic, any race",40-64 years,44,13,134
17019,"Hispanic, any race",40-64 years,119,39,442
17021,"Hispanic, any race",40-64 years,8,2,30
17027,"Hispanic, any race",40-64 years,15,3,50
17029,"Hispanic, any race",40-64 years,21,4,55
17031,"Hispanic, any race",40-64 years,25786,6685,79172
17037,"Hispanic, any race",40-64 years,149,36,503
17041,"Hispanic, any race",40-64 years,20,6,80
17043,"Hispanic, any race",40-64 years,1927,457,6089
17049,"Hispanic, any race",40-64 years,13,2,34
17055,"Hispanic, any race",40-64 years,13,3,43
17057,"Hispanic, any race",40-64 years,13,3,47
17063,"Hispanic, any race",40-64 years,79,20,265
17073,"Hispanic, any race",40-64 years,51,11,153
17075,"Hispanic, any race",40-64 years,22,5,93
17077,"Hispanic, any race",40-64 years,34,8,87
17081,"Hispanic, any race",40-64 years,17,4,50
17085,"Hispanic, any race",40-64 years,7,2,30
17089,"Hispanic, any race",40-64 years,2827,751,8873
17091,"Hispanic, any race",40-64 years,168,38,604
17093,"Hispanic, any race",40-64 years,369,85,1333
17095,"Hispanic, any race",40-64 years,48,11,142
17097,"Hispanic, any race",40-64 years,2565,594,7757
17099,"Hispanic, any race",40-64 years,194,40,549
17101,"Hispanic, any race",40-64 years,10,2,30
17103,"Hispanic, any race",40-64 years,37,8,108
17105,"Hispanic, any race",40-64 years,25,5,80
17107,"Hispanic, any race",40-64 years,11,3,44
17109,"Hispanic, any race",40-64 years,10,3,28
17111,"Hispanic, any race",40-64 years,658,141,2081
17113,"Hispanic, any race",40-64 years,89,22,342
17115,"Hispanic, any race",40-64 years,33,8,126
17119,"Hispanic, any race",40-64 years,134,33,488
17121,"Hispanic, any race",40-64 years,8,2,33
17135,"Hispanic, any race",40-64 years,10,2,31
17137,"Hispanic, any race",40-64 years,13,4,46
17141,"Hispanic, any race",40-64 years,100,17,268
17143,"Hispanic, any race",40-64 years,108,28,392
17145,"Hispanic, any race",40-64 years,11,3,28
17157,"Hispanic, any race",40-64 years,17,4,54
17161,"Hispanic, any race",40-64 years,309,63,1000
17163,"Hispanic, any race",40-64 years,172,52,609
17167,"Hispanic, any race",40-64 years,63,17,219
17177,"Hispanic, any race",40-64 years,20,5,77
17179,"Hispanic, any race",40-64 years,44,9,143
17181,"Hispanic, any race",40-64 years,16,4,44
17183,"Hispanic, any race",40-64 years,53,18,191
17187,"Hispanic, any race",40-64 years,30,8,84
17195,"Hispanic, any race",40-64 years,95,19,347
17197,"Hispanic, any race",40-64 years,2152,543,6838
17199,"Hispanic, any race",40-64 years,34,9,97
17201,"Hispanic, any race",40-64 years,519,126,1902
17203,"Hispanic, any race",40-64 years,7,2,30
18001,"Hispanic, any race",40-64 years,27,7,83
18003,"Hispanic, any race",40-64 years,434,100,1438
18005,"Hispanic, any race",40-64 years,82,17,264
18011,"Hispanic, any race",40-64 years,36,8,115
18015,"Hispanic, any race",40-64 years,11,3,47
18017,"Hispanic, any race",40-64 years,130,23,322
18019,"Hispanic, any race",40-64 years,100,25,382
18023,"Hispanic, any race",40-64 years,60,18,243
18027,"Hispanic, any race",40-64 years,18,5,68
18029,"Hispanic, any race",40-64 years,9,2,37
18033,"Hispanic, any race",40-64 years,20,4,57
18035,"Hispanic, any race",40-64 years,36,7,121
18037,"Hispanic, any race",40-64 years,48,12,177
18039,"Hispanic, any race",40-64 years,444,111,1713
18043,"Hispanic, any race",40-64 years,40,9,156
18049,"Hispanic, any race",40-64 years,23,4,59
18053,"Hispanic, any race",40-64 years,69,9,176
18057,"Hispanic, any race",40-64 years,181,35,675
18059,"Hispanic, any race",40-64 years,38,9,123
18061,"Hispanic, any race",40-64 years,8,2,36
18063,"Hispanic, any race",40-64 years,116,29,379
18065,"Hispanic, any race",40-64 years,13,3,56
18067,"Hispanic, any race",40-64 years,49,9,149
18069,"Hispanic, any race",40-64 years,15,3,49
18071,"Hispanic, any race",40-64 years,57,14,164
18073,"Hispanic, any race",40-64 years,23,6,102
18075,"Hispanic, any race",40-64 years,10,2,32
18077,"Hispanic, any race",40-64 years,9,2,39
18079,"Hispanic, any race",40-64 years,10,3,43
18081,"Hispanic, any race",40-64 years,91,18,303
18083,"Hispanic, any race",40-64 years,11,3,35
18085,"Hispanic, any race",40-64 years,98,20,319
18087,"Hispanic, any race",40-64 years,20,4,81
18089,"Hispanic, any race",40-64 years,1699,459,6461
18091,"Hispanic, any race",40-64 years,121,26,388
18093,"Hispanic, any race",40-64 years,10,2,36
18095,"Hispanic, any race",40-64 years,103,18,298
18097,"Hispanic, any race",40-64 years,1625,377,5408
18099,"Hispanic, any race",40-64 years,54,14,249
18103,"Hispanic, any race",40-64 years,28,4,68
18105,"Hispanic, any race",40-64 years,44,12,199
18107,"Hispanic, any race",40-64 years,26,8,91
18109,"Hispanic, any race",40-64 years,18,5,78
18111,"Hispanic, any race",40-64 years,12,3,46
18113,"Hispanic, any race",40-64 years,68,19,247
18127,"Hispanic, any race",40-64 years,216,60,952
18133,"Hispanic, any race",40-64 years,7,2,32
18135,"Hispanic, any race",40-64 years,12,2,37
18137,"Hispanic, any race",40-64 years,10,3,26
18141,"Hispanic, any race",40-64 years,355,73,1064
18143,"Hispanic, any race",40-64 years,8,2,34
18145,"Hispanic, any race",40-64 years,35,7,113
18149,"Hispanic, any race",40-64 years,10,3,50
18151,"Hispanic, any race",40-64 years,16,3,55
18157,"Hispanic, any race",40-64 years,206,44,724
18163,"Hispanic, any race",40-64 years,68,17,235
18167,"Hispanic, any race",40-64 years,34,7,132
18169,"Hispanic, any race",40-64 years,16,2,40
18173,"Hispanic, any race",40-64 years,21,6,63
18177,"Hispanic, any race",40-64 years,35,9,102
18179,"Hispanic, any race",40-64 years,13,3,43
18181,"Hispanic, any race",40-64 years,21,5,90
18183,"Hispanic, any race",40-64 years,10,2,38
19005,"Hispanic, any race",40-64 years,8,2,31
19013,"Hispanic, any race",40-64 years,99,20,245
19021,"Hispanic, any race",40-64 years,86,19,282
19033,"Hispanic, any race",40-64 years,26,5,94
19039,"Hispanic, any race",40-64 years,30,8,82
19045,"Hispanic, any race",40-64 years,21,4,65
19047,"Hispanic, any race",40-64 years,97,15,240
19049,"Hispanic, any race",40-64 years,94,19,274
19057,"Hispanic, any race",40-64 years,25,5,60
19061,"Hispanic, any race",40-64 years,22,5,82
19063,"Hispanic, any race",40-64 years,10,2,32
19067,"Hispanic, any race",40-64 years,10,2,36
19069,"Hispanic, any race",40-64 years,20,4,53
19079,"Hispanic, any race",40-64 years,11,2,39
19083,"Hispanic, any race",40-64 years,14,3,34
19087,"Hispanic, any race",40-64 years,16,3,39
19099,"Hispanic, any race",40-64 years,17,4,44
19103,"Hispanic, any race",40-64 years,84,17,302
19109,"Hispanic, any race",40-64 years,9,2,31
19111,"Hispanic, any race",40-64 years,26,5,63
19113,"Hispanic, any race",40-64 years,120,24,308
19115,"Hispanic, any race",40-64 years,51,9,117
19127,"Hispanic, any race",40-64 years,174,37,424
19139,"Hispanic, any race",40-64 years,172,38,399
19149,"Hispanic, any race",40-64 years,14,4,62
19153,"Hispanic, any race",40-64 years,592,121,1681
19155,"Hispanic, any race",40-64 years,103,22,358
19163,"Hispanic, any race",40-64 years,183,37,513
19167,"Hispanic, any race",40-64 years,53,7,125
19169,"Hispanic, any race",40-64 years,45,9,111
19171,"Hispanic, any race",40-64 years,30,7,75
19179,"Hispanic, any race",40-64 years,70,16,197
19181,"Hispanic, any race",40-64 years,20,4,66
19183,"Hispanic, any race",40-64 years,22,4,54
19187,"Hispanic, any race",40-64 years,35,8,91
19193,"Hispanic, any race",40-64 years,221,45,805
19197,"Hispanic, any race",40-64 years,14,3,53
20009,"Hispanic, any race",40-64 years,47,8,175
20015,"Hispanic, any race",40-64 years,41,10,148
20035,"Hispanic, any race",40-64 years,48,13,191
20037,"Hispanic, any race",40-64 years,23,6,99
20041,"Hispanic, any race",40-64 years,15,3,51
20045,"Hispanic, any race",40-64 years,67,16,271
20047,"Hispanic, any race",40-64 years,9,3,34
20051,"Hispanic, any race",40-64 years,11,3,54
20055,"Hispanic, any race",40-64 years,294,79,1085
20057,"Hispanic, any race",40-64 years,260,71,1102
20059,"Hispanic, any race",40-64 years,17,3,51
20061,"Hispanic, any race",40-64 years,34,9,160
20067,"Hispanic, any race",40-64 years,57,16,196
20069,"Hispanic, any race",40-64 years,13,3,42
20075,"Hispanic, any race",40-64 years,11,3,43
20079,"Hispanic, any race",40-64 years,61,13,192
20081,"Hispanic, any race",40-64 years,16,5,70
20087,"Hispanic, any race",40-64 years,10,2,31
20091,"Hispanic, any race",40-64 years,491,117,1863
20093,"Hispanic, any race",40-64 years,23,6,66
20099,"Hispanic, any race",40-64 years,10,3,49
20103,"Hispanic, any race",40-64 years,77,18,277
20111,"Hispanic, any race",40-64 years,169,37,406
20113,"Hispanic, any race",40-64 years,13,3,52
20119,"Hispanic, any race",40-64 years,10,2,34
20121,"Hispanic, any race",40-64 years,14,3,53
20125,"Hispanic, any race",40-64 years,26,6,111
20129,"Hispanic, any race",40-64 years,10,2,36
20133,"Hispanic, any race",40-64 years,16,3,40
20149,"Hispanic, any race",40-64 years,14,3,47
20151,"Hispanic, any race",40-64 years,9,2,30
20155,"Hispanic, any race",40-64 years,63,15,313
20159,"Hispanic, any race",40-64 years,10,2,43
20161,"Hispanic, any race",40-64 years,45,12,160
20169,"Hispanic, any race",40-64 years,103,18,280
20171,"Hispanic, any race",40-64 years,7,2,34
20173,"Hispanic, any race",40-64 years,1198,231,3719
20175,"Hispanic, any race",40-64 years,252,65,831
20177,"Hispanic, any race",40-64 years,311,67,1075
20181,"Hispanic, any race",40-64 years,12,3,36
20187,"Hispanic, any race",40-64 years,14,4,40
20189,"Hispanic, any race",40-64 years,35,11,109
20191,"Hispanic, any race",40-64 years,16,4,70
20209,"Hispanic, any race",40-64 years,998,269,3272
21009,"Hispanic, any race",40-64 years,15,3,68
21015,"Hispanic, any race",40-64 years,97,24,286
21017,"Hispanic, any race",40-64 years,23,5,75
21019,"Hispanic, any race",40-64 years,18,4,52
21021,"Hispanic, any race",40-64 years,12,3,46
21029,"Hispanic, any race",40-64 years,34,8,115
21035,"Hispanic, any race",40-64 years,15,3,47
21037,"Hispanic, any race",40-64 years,40,8,105
21041,"Hispanic, any race",40-64 years,7,2,35
21047,"Hispanic, any race",40-64 years,36,8,146
21049,"Hispanic, any race",40-64 years,20,5,56
21059,"Hispanic, any race",40-64 years,25,5,132
21067,"Hispanic, any race",40-64 years,299,71,1107
21073,"Hispanic, any race",40-64 years,24,5,84
21081,"Hispanic, any race",40-64 years,12,3,40
21083,"Hispanic, any race",40-64 years,44,12,123
21093,"Hispanic, any race",40-64 years,64,17,322
21097,"Hispanic, any race",40-64 years,8,2,32
21101,"Hispanic, any race",40-64 years,17,5,58
21103,"Hispanic, any race",40-64 years,8,2,36
21107,"Hispanic, any race",40-64 years,10,2,42
21111,"Hispanic, any race",40-64 years,786,190,2762
21113,"Hispanic, any race",40-64 years,30,6,93
21117,"Hispanic, any race",40-64 years,78,18,243
21125,"Hispanic, any race",40-64 years,11,3,51
21141,"Hispanic, any race",40-64 years,13,3,47
21145,"Hispanic, any race",40-64 years,21,5,80
21151,"Hispanic, any race",40-64 years,43,8,141
21157,"Hispanic, any race",40-64 years,8,2,30
21163,"Hispanic, any race",40-64 years,13,4,57
21167,"Hispanic, any race",40-64 years,16,4,54
21173,"Hispanic, any race",40-64 years,15,4,46
21179,"Hispanic, any race",40-64 years,21,4,50
21183,"Hispanic, any race",40-64 years,6,1,33
21185,"Hispanic, any race",40-64 years,34,8,129
21199,"Hispanic, any race",40-64 years,16,4,78
21207,"Hispanic, any race",40-64 years,8,2,36
21209,"Hispanic, any race",40-64 years,35,8,119
21211,"Hispanic, any race",40-64 years,79,18,258
21227,"Hispanic, any race",40-64 years,107,22,377
21231,"Hispanic, any race",40-64 years,8,2,40
21233,"Hispanic, any race",40-64 years,8,2,33
21239,"Hispanic, any race",40-64 years,30,6,90
22001,"Hispanic, any race",40-64 years,21,5,94
22003,"Hispanic, any race",40-64 years,12,3,45
22005,"Hispanic, any race",40-64 years,169,39,439
22007,"Hispanic, any race",40-64 years,13,4,45
22009,"Hispanic, any race",40-64 years,20,4,67
22011,"Hispanic, any race",40-64 years,16,3,79
22015,"Hispanic, any race",40-64 years,94,25,395
22017,"Hispanic, any race",40-64 years,103,30,419
22019,"Hispanic, any race",40-64 years,117,24,484
22031,"Hispanic, any race",40-64 years,16,5,61
22033,"Hispanic, any race",40-64 years,325,96,1023
22037,"Hispanic, any race",40-64 years,9,3,26
22039,"Hispanic, any race",40-64 years,18,3,66
22043,"Hispanic, any race",40-64 years,21,5,67
22045,"Hispanic, any race",40-64 years,40,10,184
22047,"Hispanic, any race",40-64 years,36,7,83
22051,"Hispanic, any race",40-64 years,1517,385,4075
22053,"Hispanic, any race",40-64 years,12,2,48
22055,"Hispanic, any race",40-64 years,130,33,600
22057,"Hispanic, any race",40-64 years,76,22,276
22061,"Hispanic, any race",40-64 years,28,6,73
22063,"Hispanic, any race",40-64 years,91,23,320
22065,"Hispanic, any race",40-64 years,9,3,26
22069,"Hispanic, any race",40-64 years,10,3,49
22071,"Hispanic, any race",40-64 years,572,145,1578
22073,"Hispanic, any race",40-64 years,49,15,202
22075,"Hispanic, any race",40-64 years,39,9,100
22077,"Hispanic, any race",40-64 years,18,5,46
22079,"Hispanic, any race",40-64 years,79,15,251
22083,"Hispanic, any race",40-64 years,9,3,32
22085,"Hispanic, any race",40-64 years,14,4,57
22087,"Hispanic, any race",40-64 years,118,31,354
22089,"Hispanic, any race",40-64 years,82,22,225
22095,"Hispanic, any race",40-64 years,95,24,233
22097,"Hispanic, any race",40-64 years,28,7,122
22099,"Hispanic, any race",40-64 years,24,6,102
22101,"Hispanic, any race",40-64 years,57,16,272
22103,"Hispanic, any race",40-64 years,380,75,900
22105,"Hispanic, any race",40-64 years,148,32,388
22109,"Hispanic, any race",40-64 years,96,28,338
22111,"Hispanic, any race",40-64 years,19,5,73
22113,"Hispanic, any race",40-64 years,35,8,128
22115,"Hispanic, any race",40-64 years,46,8,155
22117,"Hispanic, any race",40-64 years,30,7,86
22119,"Hispanic, any race",40-64 years,8,3,39
22121,"Hispanic, any race",40-64 years,23,6,64
23001,"Hispanic, any race",40-64 years,30,8,97
23003,"Hispanic, any race",40-64 years,21,4,57
23005,"Hispanic, any race",40-64 years,88,19,256
23009,"Hispanic, any race",40-64 years,15,4,39
23011,"Hispanic, any race",40-64 years,29,7,96
23017,"Hispanic, any race",40-64 years,17,3,47
23019,"Hispanic, any race",40-64 years,35,8,100
23023,"Hispanic, any race",40-64 years,9,2,39
23025,"Hispanic, any race",40-64 years,9,2,32
23027,"Hispanic, any race",40-64 years,15,4,38
23029,"Hispanic, any race",40-64 years,12,3,37
23031,"Hispanic, any race",40-64 years,61,12,181
24001,"Hispanic, any race",40-64 years,21,4,67
24003,"Hispanic, any race",40-64 years,727,165,2375
24005,"Hispanic, any race",40-64 years,664,190,2380
24009,"Hispanic, any race",40-64 years,63,17,243
24011,"Hispanic, any race",40-64 years,28,7,126
24013,"Hispanic, any race",40-64 years,90,22,345
24015,"Hispanic, any race",40-64 years,72,18,238
24017,"Hispanic, any race",40-64 years,220,63,646
24019,"Hispanic, any race",40-64 years,32,9,117
24021,"Hispanic, any race",40-64 years,532,135,1495
24025,"Hispanic, any race",40-64 years,173,46,626
24027,"Hispanic, any race",40-64 years,287,79,1090
24029,"Hispanic, any race",40-64 years,14,3,55
24031,"Hispanic, any race",40-64 years,3981,893,12680
24033,"Hispanic, any race",40-64 years,3476,1014,10817
24035,"Hispanic, any race",40-64 years,29,7,106
24037,"Hispanic, any race",40-64 years,76,23,303
24039,"Hispanic, any race",40-64 years,17,5,56
24041,"Hispanic, any race",40-64 years,24,6,120
24043,"Hispanic, any race",40-64 years,135,34,497
24045,"Hispanic, any race",40-64 years,75,20,276
24047,"Hispanic, any race",40-64 years,28,7,98
24510,"Hispanic, any race",40-64 years,564,158,2085
25001,"Hispanic, any race",40-64 years,125,27,369
25003,"Hispanic, any race",40-64 years,52,17,282
25005,"Hispanic, any race",40-64 years,748,156,2178
25007,"Hispanic, any race",40-64 years,8,2,33
25009,"Hispanic, any race",40-64 years,3330,746,8955
25011,"Hispanic, any race",40-64 years,39,10,127
25013,"Hispanic, any race",40-64 years,2222,449,6289
25015,"Hispanic, any race",40-64 years,108,26,336
25017,"Hispanic, any race",40-64 years,2227,507,6091
25019,"Hispanic, any race",40-64 years,34,7,99
25021,"Hispanic, any race",40-64 years,551,130,1660
25023,"Hispanic, any race",40-64 years,372,85,1097
25025,"Hispanic, any race",40-64 years,4199,912,10682
25027,"Hispanic, any race",40-64 years,1626,426,4919
26005,"Hispanic, any race",40-64 years,111,34,428
26015,"Hispanic, any race",40-64 years,20,5,98
26017,"Hispanic, any race",40-64 years,79,16,277
26021,"Hispanic, any race",40-64 years,100,26,441
26023,"Hispanic, any race",40-64 years,33,8,131
26025,"Hispanic, any race",40-64 years,100,23,389
26027,"Hispanic, any race",40-64 years,20,5,91
26033,"Hispanic, any race",40-64 years,10,3,45
26035,"Hispanic, any race",40-64 years,7,2,36
26037,"Hispanic, any race",40-64 years,76,17,187
26045,"Hispanic, any race",40-64 years,99,30,329
26049,"Hispanic, any race",40-64 years,237,65,864
26055,"Hispanic, any race",40-64 years,32,7,106
26057,"Hispanic, any race",40-64 years,51,11,129
26059,"Hispanic, any race",40-64 years,17,4,50
26063,"Hispanic, any race",40-64 years,9,2,36
26065,"Hispanic, any race",40-64 years,325,92,1074
26067,"Hispanic, any race",40-64 years,49,14,171
26069,"Hispanic, any race",40-64 years,9,2,35
26073,"Hispanic, any race",40-64 years,31,6,105
26075,"Hispanic, any race",40-64 years,82,21,296
26077,"Hispanic, any race",40-64 years,88,25,465
26081,"Hispanic, any race",40-64 years,930,225,3129
26087,"Hispanic, any race",40-64 years,60,16,222
26089,"Hispanic, any race",40-64 years,15,2,42
26091,"Hispanic, any race",40-64 years,168,38,436
26093,"Hispanic, any race",40-64 years,80,22,261
26099,"Hispanic, any race",40-64 years,368,97,1279
26101,"Hispanic, any race",40-64 years,13,3,47
26103,"Hispanic, any race",40-64 years,8,2,37
26105,"Hispanic, any race",40-64 years,21,5,58
26107,"Hispanic, any race",40-64 years,13,3,40
26111,"Hispanic, any race",40-64 years,40,6,110
26115,"Hispanic, any race",40-64 years,98,23,323
26117,"Hispanic, any race",40-64 years,34,8,121
26121,"Hispanic, any race",40-64 years,153,39,516
26123,"Hispanic, any race",40-64 years,45,11,140
26125,"Hispanic, any race",40-64 years,715,183,2577
26127,"Hispanic, any race",40-64 years,65,18,189
26139,"Hispanic, any race",40-64 years,390,106,1299
26143,"Hispanic, any race",40-64 years,8,2,34
26145,"Hispanic, any race",40-64 years,231,58,865
26147,"Hispanic, any race",40-64 years,121,22,297
26149,"Hispanic, any race",40-64 years,47,10,224
26151,"Hispanic, any race",40-64 years,23,6,84
26155,"Hispanic, any race",40-64 years,34,8,101
26157,"Hispanic, any race",40-64 years,28,7,103
26159,"Hispanic, any race",40-64 years,103,29,442
26161,"Hispanic, any race",40-64 years,224,47,735
26163,"Hispanic, any race",40-64 years,2074,551,6689
26165,"Hispanic, any race",40-64 years,13,2,33
27003,"Hispanic, any race",40-64 years,221,55,752
27007,"Hispanic, any race",40-64 years,14,3,38
27009,"Hispanic, any race",40-64 years,14,3,40
27013,"Hispanic, any race",40-64 years,24,5,86
27015,"Hispanic, any race",40-64 years,16,3,40
27019,"Hispanic, any race",40-64 years,49,15,186
27025,"Hispanic, any race",40-64 years,15,3,59
27027,"Hispanic, any race",40-64 years,31,7,101
27033,"Hispanic, any race",40-64 years,7,2,35
27035,"Hispanic, any race",40-64 years,10,2,40
27037,"Hispanic, any race",40-64 years,357,99,1205
27039,"Hispanic, any race",40-64 years,11,2,38
27043,"Hispanic, any race",40-64 years,14,3,45
27047,"Hispanic, any race",40-64 years,35,8,133
27049,"Hispanic, any race",40-64 years,15,4,64
27053,"Hispanic, any race",40-64 years,876,214,3258
27059,"Hispanic, any race",40-64 years,12,3,37
27067,"Hispanic, any race",40-64 years,82,19,207
27079,"Hispanic, any race",40-64 years,22,5,74
27083,"Hispanic, any race",40-64 years,14,3,58
27085,"Hispanic, any race",40-64 years,19,5,88
27091,"Hispanic, any race",40-64 years,10,2,39
27093,"Hispanic, any race",40-64 years,9,3,39
27099,"Hispanic, any race",40-64 years,70,18,179
27103,"Hispanic, any race",40-64 years,19,4,58
27105,"Hispanic, any race",40-64 years,64,11,261
27109,"Hispanic, any race",40-64 years,69,16,288
27111,"Hispanic, any race",40-64 years,28,6,87
27115,"Hispanic, any race",40-64 years,12,3,42
27119,"Hispanic, any race",40-64 years,27,7,83
27123,"Hispanic, any race",40-64 years,466,112,1617
27129,"Hispanic, any race",40-64 years,17,4,49
27131,"Hispanic, any race",40-64 years,59,15,216
27137,"Hispanic, any race",40-64 years,30,6,121
27139,"Hispanic, any race",40-64 years,100,27,339
27141,"Hispanic, any race",40-64 years,36,10,104
27143,"Hispanic, any race",40-64 years,14,4,54
27145,"Hispanic, any race",40-64 years,56,13,180
27147,"Hispanic, any race",40-64 years,27,6,114
27153,"Hispanic, any race",40-64 years,15,4,68
27161,"Hispanic, any race",40-64 years,14,3,45
27163,"Hispanic, any race",40-64 years,137,37,489
27165,"Hispanic, any race",40-64 years,51,11,142
27169,"Hispanic, any race",40-64 years,11,3,50
27171,"Hispanic, any race",40-64 years,62,15,165
28001,"Hispanic, any race",40-64 years,98,29,326
28003,"Hispanic, any race",40-64 years,19,4,56
28011,"Hispanic, any race",40-64 years,15,4,50
28013,"Hispanic, any race",40-64 years,17,4,47
28017,"Hispanic, any race",40-64 years,13,4,57
28029,"Hispanic, any race",40-64 years,19,5,69
28033,"Hispanic, any race",40-64 years,112,31,558
28035,"Hispanic, any race",40-64 years,49,12,129
28039,"Hispanic, any race",40-64 years,8,3,39
28045,"Hispanic, any race",40-64 years,42,9,126
28047,"Hispanic, any race",40-64 years,163,39,647
28049,"Hispanic, any race",40-64 years,48,12,154
28053,"Hispanic, any race",40-64 years,13,4,31
28059,"Hispanic, any race",40-64 years,133,40,636
28067,"Hispanic, any race",40-64 years,48,11,166
28071,"Hispanic, any race",40-64 years,19,4,75
28073,"Hispanic, any race",40-64 years,28,6,91
28075,"Hispanic, any race",40-64 years,35,9,101
28079,"Hispanic, any race",40-64 years,20,5,62
28081,"Hispanic, any race",40-64 years,32,7,123
28083,"Hispanic, any race",40-64 years,15,3,59
28087,"Hispanic, any race",40-64 years,24,5,68
28089,"Hispanic, any race",40-64 years,37,10,147
28091,"Hispanic, any race",40-64 years,10,2,30
28093,"Hispanic, any race",40-64 years,27,7,110
28099,"Hispanic, any race",40-64 years,11,3,27
28105,"Hispanic, any race",40-64 years,9,2,39
28107,"Hispanic, any race",40-64 years,13,3,38
28109,"Hispanic, any race",40-64 years,51,10,121
28113,"Hispanic, any race",40-64 years,13,2,44
28115,"Hispanic, any race",40-64 years,27,7,103
28121,"Hispanic, any race",40-64 years,65,15,235
28123,"Hispanic, any race",40-64 years,54,15,216
28133,"Hispanic, any race",40-64 years,18,3,42
28135,"Hispanic, any race",40-64 years,12,2,45
28137,"Hispanic, any race",40-64 years,10,3,44
28139,"Hispanic, any race",40-64 years,17,4,60
28141,"Hispanic, any race",40-64 years,11,2,41
28145,"Hispanic, any race",40-64 years,18,3,60
28149,"Hispanic, any race",40-64 years,20,4,61
28151,"Hispanic, any race",40-64 years,16,4,58
28163,"Hispanic, any race",40-64 years,45,16,155
29007,"Hispanic, any race",40-64 years,9,2,34
29009,"Hispanic, any race",40-64 years,36,8,165
29015,"Hispanic, any race",40-64 years,7,2,33
29019,"Hispanic, any race",40-64 years,66,16,246
29021,"Hispanic, any race",40-64 years,63,13,306
29023,"Hispanic, any race",40-64 years,12,2,37
29027,"Hispanic, any race",40-64 years,14,2,39
29029,"Hispanic, any race",40-64 years,22,4,73
29031,"Hispanic, any race",40-64 years,19,4,79
29037,"Hispanic, any race",40-64 years,61,15,251
29043,"Hispanic, any race",40-64 years,43,10,150
29047,"Hispanic, any race",40-64 years,245,63,999
29051,"Hispanic, any race",40-64 years,39,5,101
29055,"Hispanic, any race",40-64 years,12,3,32
29069,"Hispanic, any race",40-64 years,35,8,104
29071,"Hispanic, any race",40-64 years,39,9,104
29077,"Hispanic, any race",40-64 years,138,31,473
29091,"Hispanic, any race",40-64 years,8,2,40
29095,"Hispanic, any race",40-64 years,941,256,3618
29097,"Hispanic, any race",40-64 years,108,19,445
29099,"Hispanic, any race",40-64 years,70,17,250
29101,"Hispanic, any race",40-64 years,29,4,73
29105,"Hispanic, any race",40-64 years,13,3,47
29107,"Hispanic, any race",40-64 years,14,3,51
29109,"Hispanic, any race",40-64 years,34,7,132
29113,"Hispanic, any race",40-64 years,25,5,74
29119,"Hispanic, any race",40-64 years,34,8,147
29135,"Hispanic, any race",40-64 years,14,2,43
29145,"Hispanic, any race",40-64 years,44,9,160
29159,"Hispanic, any race",40-64 years,55,11,187
29161,"Hispanic, any race",40-64 years,20,5,53
29165,"Hispanic, any race",40-64 years,90,23,349
29167,"Hispanic, any race",40-64 years,11,2,37
29169,"Hispanic, any race",40-64 years,70,13,175
29177,"Hispanic, any race",40-64 years,11,2,33
29183,"Hispanic, any race",40-64 years,236,51,644
29187,"Hispanic, any race",40-64 years,13,3,58
29189,"Hispanic, any race",40-64 years,428,105,1400
29195,"Hispanic, any race",40-64 years,36,8,154
29201,"Hispanic, any race",40-64 years,12,3,43
29209,"Hispanic, any race",40-64 years,11,2,42
29211,"Hispanic, any race",40-64 years,19,5,76
29213,"Hispanic, any race",40-64 years,55,8,168
29215,"Hispanic, any race",40-64 years,7,1,30
29219,"Hispanic, any race",40-64 years,24,5,59
29225,"Hispanic, any race",40-64 years,12,3,46
29510,"Hispanic, any race",40-64 years,191,53,744
30003,"Hispanic, any race",40-64 years,16,4,44
30013,"Hispanic, any race",40-64 years,27,6,117
30029,"Hispanic, any race",40-64 years,34,9,139
30031,"Hispanic, any race",40-64 years,42,11,157
30047,"Hispanic, any race",40-64 years,16,3,63
30049,"Hispanic, any race",40-64 years,21,5,83
30053,"Hispanic, any race",40-64 years,7,2,35
30063,"Hispanic, any race",40-64 years,29,7,120
30081,"Hispanic, any race",40-64 years,16,4,72
30093,"Hispanic, any race",40-64 years,16,3,68
30111,"Hispanic, any race",40-64 years,84,20,323
31001,"Hispanic, any race",40-64 years,26,6,130
31013,"Hispanic, any race",40-64 years,19,6,54
31019,"Hispanic, any race",40-64 years,46,11,158
31025,"Hispanic, any race",40-64 years,13,4,41
31029,"Hispanic, any race",40-64 years,8,2,30
31033,"Hispanic, any race",40-64 years,12,3,28
31037,"Hispanic, any race",40-64 years,68,15,253
31039,"Hispanic, any race",40-64 years,8,2,39
31043,"Hispanic, any race",40-64 years,163,42,443
31047,"Hispanic, any race",40-64 years,126,32,448
31051,"Hispanic, any race",40-64 years,13,4,40
31053,"Hispanic, any race",40-64 years,59,12,217
31055,"Hispanic, any race",40-64 years,1011,224,3107
31079,"Hispanic, any race",40-64 years,259,64,861
31097,"Hispanic, any race",40-64 years,9,2,31
31109,"Hispanic, any race",40-64 years,231,52,810
31111,"Hispanic, any race",40-64 years,31,8,122
31119,"Hispanic, any race",40-64 years,55,11,224
31123,"Hispanic, any race",40-64 years,10,2,36
31131,"Hispanic, any race",40-64 years,19,3,54
31141,"Hispanic, any race",40-64 years,97,19,293
31151,"Hispanic, any race",40-64 years,46,9,175
31153,"Hispanic, any race",40-64 years,238,56,784
31157,"Hispanic, any race",40-64 years,127,28,412
32001,"Hispanic, any race",40-64 years,35,10,151
32003,"Hispanic, any race",40-64 years,9459,2525,41854
32005,"Hispanic, any race",40-64 years,96,23,341
32007,"Hispanic, any race",40-64 years,164,50,667
32013,"Hispanic, any race",40-64 years,62,21,239
32015,"Hispanic, any race",40-64 years,20,5,67
32019,"Hispanic, any race",40-64 years,152,39,583
32021,"Hispanic, any race",40-64 years,6,2,30
32023,"Hispanic, any race",40-64 years,110,26,503
32027,"Hispanic, any race",40-64 years,26,8,104
32031,"Hispanic, any race",40-64 years,1366,374,5566
32033,"Hispanic, any race",40-64 years,14,4,74
32510,"Hispanic, any race",40-64 years,192,44,710
33001,"Hispanic, any race",40-64 years,24,3,59
33003,"Hispanic, any race",40-64 years,15,2,38
33005,"Hispanic, any race",40-64 years,17,3,62
33007,"Hispanic, any race",40-64 years,9,2,31
33009,"Hispanic, any race",40-64 years,24,5,80
33011,"Hispanic, any race",40-64 years,477,98,1455
33013,"Hispanic, any race",40-64 years,46,10,163
33015,"Hispanic, any race",40-64 years,162,38,536
33017,"Hispanic, any race",40-64 years,43,10,167
33019,"Hispanic, any race",40-64 years,8,3,37
34001,"Hispanic, any race",40-64 years,845,256,3312
34003,"Hispanic, any race",40-64 years,3157,733,11218
34005,"Hispanic, any race",40-64 years,602,151,2154
34007,"Hispanic, any race",40-64 years,1455,386,4999
34009,"Hispanic, any race",40-64 years,81,23,337
34011,"Hispanic, any race",40-64 years,935,242,3227
34013,"Hispanic, any race",40-64 years,4238,1115,13660
34015,"Hispanic, any race",40-64 years,304,74,1094
34017,"Hispanic, any race",40-64 years,6251,1843,22791
34019,"Hispanic, any race",40-64 years,127,33,447
34021,"Hispanic, any race",40-64 years,1143,271,4007
34023,"Hispanic, any race",40-64 years,3328,726,11309
34025,"Hispanic, any race",40-64 years,826,208,3548
34027,"Hispanic, any race",40-64 years,1239,291,3844
34029,"Hispanic, any race",40-64 years,887,215,3233
34031,"Hispanic, any race",40-64 years,4959,1301,15079
34033,"Hispanic, any race",40-64 years,79,22,341
34035,"Hispanic, any race",40-64 years,831,203,2896
34037,"Hispanic, any race",40-64 years,234,64,818
34039,"Hispanic, any race",40-64 years,4496,962,12643
34041,"Hispanic, any race",40-64 years,190,52,674
35001,"Hispanic, any race",40-64 years,5335,1350,18508
35003,"Hispanic, any race",40-64 years,17,3,49
35005,"Hispanic, any race",40-64 years,517,153,2454
35006,"Hispanic, any race",40-64 years,270,72,793
35007,"Hispanic, any race",40-64 years,81,21,419
35009,"Hispanic, any race",40-64 years,318,73,1173
35011,"Hispanic, any race",40-64 years,15,4,54
35013,"Hispanic, any race",40-64 years,2718,644,9033
35015,"Hispanic, any race",40-64 years,412,124,1974
35017,"Hispanic, any race",40-64 years,250,59,840
35019,"Hispanic, any race",40-64 years,80,20,294
35023,"Hispanic, any race",40-64 years,54,12,183
35025,"Hispanic, any race",40-64 years,701,224,2728
35027,"Hispanic, any race",40-64 years,111,34,443
35028,"Hispanic, any race",40-64 years,28,7,136
35029,"Hispanic, any race",40-64 years,331,85,1165
35031,"Hispanic, any race",40-64 years,301,71,795
35033,"Hispanic, any race",40-64 years,122,18,330
35035,"Hispanic, any race",40-64 years,398,92,1633
35037,"Hispanic, any race",40-64 years,104,22,276
35039,"Hispanic, any race",40-64 years,606,191,2477
35041,"Hispanic, any race",40-64 years,131,36,463
35043,"Hispanic, any race",40-64 years,991,289,3554
35045,"Hispanic, any race",40-64 years,511,143,1477
35047,"Hispanic, any race",40-64 years,743,142,2033
35049,"Hispanic, any race",40-64 years,962,266,4463
35051,"Hispanic, any race",40-64 years,60,14,243
35053,"Hispanic, any race",40-64 years,185,55,640
35055,"Hispanic, any race",40-64 years,407,128,1399
35057,"Hispanic, any race",40-64 years,131,39,476
35059,"Hispanic, any race",40-64 years,37,9,103
35061,"Hispanic, any race",40-64 years,1017,289,3638
36001,"Hispanic, any race",40-64 years,228,55,778
36003,"Hispanic, any race",40-64 years,7,2,34
36005,"Hispanic, any race",40-64 years,19902,4980,68734
36007,"Hispanic, any race",40-64 years,63,18,330
36009,"Hispanic, any race",40-64 years,16,4,74
36011,"Hispanic, any race",40-64 years,40,13,116
36013,"Hispanic, any race",40-64 years,150,36,486
36015,"Hispanic, any race",40-64 years,30,7,126
36017,"Hispanic, any race",40-64 years,20,4,60
36019,"Hispanic, any race",40-64 years,26,7,114
36021,"Hispanic, any race",40-64 years,53,11,163
36023,"Hispanic, any race",40-64 years,13,3,47
36025,"Hispanic, any race",40-64 years,28,6,98
36027,"Hispanic, any race",40-64 years,517,128,2141
36029,"Hispanic, any race",40-64 years,650,162,2365
36031,"Hispanic, any race",40-64 years,16,5,60
36033,"Hispanic, any race",40-64 years,22,7,89
36035,"Hispanic, any race",40-64 years,18,5,83
36037,"Hispanic, any race",40-64 years,26,7,93
36039,"Hispanic, any race",40-64 years,68,13,172
36043,"Hispanic, any race",40-64 years,21,6,67
36045,"Hispanic, any race",40-64 years,80,12,218
36047,"Hispanic, any race",40-64 years,10513,2336,34681
36051,"Hispanic, any race",40-64 years,27,7,105
36053,"Hispanic, any race",40-64 years,20,5,67
36055,"Hispanic, any race",40-64 years,777,218,3159
36057,"Hispanic, any race",40-64 years,97,32,341
36059,"Hispanic, any race",40-64 years,3295,766,12858
36061,"Hispanic, any race",40-64 years,5590,1203,24152
36063,"Hispanic, any race",40-64 years,88,25,345
36065,"Hispanic, any race",40-64 years,186,48,654
36067,"Hispanic, any race",40-64 years,261,65,959
36069,"Hispanic, any race",40-64 years,63,18,231
36071,"Hispanic, any race",40-64 years,1535,373,5064
36073,"Hispanic, any race",40-64 years,23,5,96
36075,"Hispanic, any race",40-64 years,40,9,136
36077,"Hispanic, any race",40-64 years,25,6,84
36079,"Hispanic, any race",40-64 years,279,67,932
36081,"Hispanic, any race",40-64 years,14988,3456,50580
36083,"Hispanic, any race",40-64 years,121,29,335
36085,"Hispanic, any race",40-64 years,1496,378,5193
36087,"Hispanic, any race",40-64 years,1126,268,3362
36089,"Hispanic, any race",40-64 years,28,8,127
36091,"Hispanic, any race",40-64 years,108,24,372
36093,"Hispanic, any race",40-64 years,131,34,504
36095,"Hispanic, any race",40-64 years,22,6,55
36099,"Hispanic, any race",40-64 years,16,4,65
36101,"Hispanic, any race",40-64 years,21,5,78
36103,"Hispanic, any race",40-64 years,4453,1039,16500
36105,"Hispanic, any race",40-64 years,219,53,780
36107,"Hispanic, any race",40-64 years,11,2,47
36109,"Hispanic, any race",40-64 years,61,10,165
36111,"Hispanic, any race",40-64 years,284,69,1024
36113,"Hispanic, any race",40-64 years,27,6,87
36115,"Hispanic, any race",40-64 years,30,7,97
36117,"Hispanic, any race",40-64 years,53,18,223
36119,"Hispanic, any race",40-64 years,3754,884,13805
36121,"Hispanic, any race",40-64 years,25,6,96
37001,"Hispanic, any race",40-64 years,337,82,1241
37003,"Hispanic, any race",40-64 years,24,6,95
37005,"Hispanic, any race",40-64 years,20,3,63
37007,"Hispanic, any race",40-64 years,17,5,55
37009,"Hispanic, any race",40-64 years,32,5,77
37011,"Hispanic, any race",40-64 years,11,3,46
37013,"Hispanic, any race",40-64 years,72,15,217
37017,"Hispanic, any race",40-64 years,40,9,144
37019,"Hispanic, any race",40-64 years,123,23,401
37021,"Hispanic, any race",40-64 years,233,51,866
37023,"Hispanic, any race",40-64 years,68,19,324
37025,"Hispanic, any race",40-64 years,316,63,1253
37027,"Hispanic, any race",40-64 years,63,18,308
37031,"Hispanic, any race",40-64 years,33,9,163
37033,"Hispanic, any race",40-64 years,18,4,64
37035,"Hispanic, any race",40-64 years,182,48,909
37037,"Hispanic, any race",40-64 years,118,34,432
37039,"Hispanic, any race",40-64 years,18,5,76
37045,"Hispanic, any race",40-64 years,61,16,236
37047,"Hispanic, any race",40-64 years,48,9,154
37049,"Hispanic, any race",40-64 years,88,19,282
37051,"Hispanic, any race",40-64 years,531,124,1944
37053,"Hispanic, any race",40-64 years,20,4,73
37055,"Hispanic, any race",40-64 years,33,9,128
37057,"Hispanic, any race",40-64 years,192,53,702
37059,"Hispanic, any race",40-64 years,55,11,160
37061,"Hispanic, any race",40-64 years,237,55,714
37063,"Hispanic, any race",40-64 years,623,176,2274
37065,"Hispanic, any race",40-64 years,55,12,175
37067,"Hispanic, any race",40-64 years,885,235,2508
37069,"Hispanic, any race",40-64 years,129,31,388
37071,"Hispanic, any race",40-64 years,328,63,1133
37077,"Hispanic, any race",40-64 years,112,33,324
37079,"Hispanic, any race",40-64 years,82,13,193
37081,"Hispanic, any race",40-64 years,726,190,2371
37083,"Hispanic, any race",40-64 years,33,9,101
37085,"Hispanic, any race",40-64 years,336,89,881
37087,"Hispanic, any race",40-64 years,31,6,139
37089,"Hispanic, any race",40-64 years,151,39,617
37091,"Hispanic, any race",40-64 years,10,3,54
37093,"Hispanic, any race",40-64 years,129,31,448
37095,"Hispanic, any race",40-64 years,10,2,33
37097,"Hispanic, any race",40-64 years,243,53,859
37099,"Hispanic, any race",40-64 years,27,9,111
37101,"Hispanic, any race",40-64 years,516,116,1762
37105,"Hispanic, any race",40-64 years,187,43,762
37107,"Hispanic, any race",40-64 years,115,17,278
37109,"Hispanic, any race",40-64 years,107,29,443
37111,"Hispanic, any race",40-64 years,28,7,139
37113,"Hispanic, any race",40-64 years,29,8,134
37115,"Hispanic, any race",40-64 years,7,1,35
37117,"Hispanic, any race",40-64 years,22,5,64
37119,"Hispanic, any race",40-64 years,2771,678,8447
37121,"Hispanic, any race",40-64 years,12,3,49
37123,"Hispanic, any race",40-64 years,62,13,192
37125,"Hispanic, any race",40-64 years,80,19,321
37127,"Hispanic, any race",40-64 years,104,27,400
37129,"Hispanic, any race",40-64 years,143,31,564
37133,"Hispanic, any race",40-64 years,212,59,741
37135,"Hispanic, any race",40-64 years,169,42,539
37137,"Hispanic, any race",40-64 years,11,3,36
37139,"Hispanic, any race",40-64 years,42,11,151
37141,"Hispanic, any race",40-64 years,64,18,227
37145,"Hispanic, any race",40-64 years,52,11,119
37147,"Hispanic, any race",40-64 years,165,36,567
37149,"Hispanic, any race",40-64 years,18,5,68
37151,"Hispanic, any race",40-64 years,246,53,970
37153,"Hispanic, any race",40-64 years,38,8,182
37155,"Hispanic, any race",40-64 years,190,39,618
37157,"Hispanic, any race",40-64 years,104,24,348
37159,"Hispanic, any race",40-64 years,203,46,783
37161,"Hispanic, any race",40-64 years,60,20,194
37163,"Hispanic, any race",40-64 years,190,52,699
37165,"Hispanic, any race",40-64 years,17,4,69
37167,"Hispanic, any race",40-64 years,39,6,134
37169,"Hispanic, any race",40-64 years,29,8,83
37171,"Hispanic, any race",40-64 years,122,23,401
37173,"Hispanic, any race",40-64 years,14,4,46
37175,"Hispanic, any race",40-64 years,11,3,54
37179,"Hispanic, any race",40-64 years,537,119,1493
37181,"Hispanic, any race",40-64 years,79,19,211
37183,"Hispanic, any race",40-64 years,1667,439,5699
37185,"Hispanic, any race",40-64 years,22,4,54
37187,"Hispanic, any race",40-64 years,14,3,38
37189,"Hispanic, any race",40-64 years,24,5,112
37191,"Hispanic, any race",40-64 years,301,76,783
37193,"Hispanic, any race",40-64 years,49,10,226
37195,"Hispanic, any race",40-64 years,116,30,497
37197,"Hispanic, any race",40-64 years,74,18,213
37199,"Hispanic, any race",40-64 years,10,3,40
38015,"Hispanic, any race",40-64 years,20,6,75
38017,"Hispanic, any race",40-64 years,43,9,138
38035,"Hispanic, any race",40-64 years,24,6,79
38053,"Hispanic, any race",40-64 years,18,3,52
38059,"Hispanic, any race",40-64 years,20,4,47
38061,"Hispanic, any race",40-64 years,13,3,34
38089,"Hispanic, any race",40-64 years,21,4,65
38099,"Hispanic, any race",40-64 years,23,4,58
38101,"Hispanic, any race",40-64 years,37,7,107
38105,"Hispanic, any race",40-64 years,42,10,123
39003,"Hispanic, any race",40-64 years,53,10,173
39005,"Hispanic, any race",40-64 years,10,2,36
39007,"Hispanic, any race",40-64 years,67,18,248
39009,"Hispanic, any race",40-64 years,13,3,50
39011,"Hispanic, any race",40-64 years,14,2,42
39013,"Hispanic, any race",40-64 years,15,4,39
39017,"Hispanic, any race",40-64 years,239,51,915
39021,"Hispanic, any race",40-64 years,8,2,36
39023,"Hispanic, any race",40-64 years,50,13,241
39025,"Hispanic, any race",40-64 years,71,20,240
39027,"Hispanic, any race",40-64 years,12,3,43
39029,"Hispanic, any race",40-64 years,24,5,95
39033,"Hispanic, any race",40-64 years,15,3,36
39035,"Hispanic, any race",40-64 years,1401,316,4384
39037,"Hispanic, any race",40-64 years,14,3,39
39039,"Hispanic, any race",40-64 years,72,15,209
39041,"Hispanic, any race",40-64 years,93,18,275
39043,"Hispanic, any race",40-64 years,52,13,182
39045,"Hispanic, any race",40-64 years,65,15,225
39047,"Hispanic, any race",40-64 years,11,2,37
39049,"Hispanic, any race",40-64 years,1039,220,3471
39051,"Hispanic, any race",40-64 years,65,12,201
39055,"Hispanic, any race",40-64 years,22,6,79
39057,"Hispanic, any race",40-64 years,66,14,243
39059,"Hispanic, any race",40-64 years,10,2,31
39061,"Hispanic, any race",40-64 years,434,91,1358
39063,"Hispanic, any race",40-64 years,56,11,218
39069,"Hispanic, any race",40-64 years,40,9,114
39077,"Hispanic, any race",40-64 years,65,14,195
39081,"Hispanic, any race",40-64 years,13,3,48
39083,"Hispanic, any race",40-64 years,14,3,56
39085,"Hispanic, any race",40-64 years,135,34,502
39087,"Hispanic, any race",40-64 years,14,3,36
39089,"Hispanic, any race",40-64 years,57,14,203
39091,"Hispanic, any race",40-64 years,14,3,50
39093,"Hispanic, any race",40-64 years,657,133,1694
39095,"Hispanic, any race",40-64 years,543,98,1583
39097,"Hispanic, any race",40-64 years,15,5,54
39099,"Hispanic, any race",40-64 years,190,51,844
39101,"Hispanic, any race",40-64 years,35,6,99
39103,"Hispanic, any race",40-64 years,61,14,207
39107,"Hispanic, any race",40-64 years,13,2,31
39109,"Hispanic, any race",40-64 years,30,6,97
39113,"Hispanic, any race",40-64 years,281,67,947
39117,"Hispanic, any race",40-64 years,10,2,31
39119,"Hispanic, any race",40-64 years,15,3,57
39123,"Hispanic, any race",40-64 years,32,7,116
39125,"Hispanic, any race",40-64 years,16,3,47
39129,"Hispanic, any race",40-64 years,11,3,50
39133,"Hispanic, any race",40-64 years,35,9,149
39137,"Hispanic, any race",40-64 years,44,7,106
39139,"Hispanic, any race",40-64 years,40,10,134
39141,"Hispanic, any race",40-64 years,15,3,58
39143,"Hispanic, any race",40-64 years,123,23,353
39145,"Hispanic, any race",40-64 years,12,3,50
39147,"Hispanic, any race",40-64 years,43,7,147
39149,"Hispanic, any race",40-64 years,14,3,36
39151,"Hispanic, any race",40-64 years,110,22,402
39153,"Hispanic, any race",40-64 years,196,41,644
39155,"Hispanic, any race",40-64 years,69,14,201
39157,"Hispanic, any race",40-64 years,22,5,91
39159,"Hispanic, any race",40-64 years,29,8,84
39161,"Hispanic, any race",40-64 years,20,3,50
39165,"Hispanic, any race",40-64 years,121,26,415
39167,"Hispanic, any race",40-64 years,7,2,31
39169,"Hispanic, any race",40-64 years,40,8,125
39171,"Hispanic, any race",40-64 years,31,6,84
39173,"Hispanic, any race",40-64 years,119,23,359
39175,"Hispanic, any race",40-64 years,11,2,39
40001,"Hispanic, any race",40-64 years,27,6,76
40005,"Hispanic, any race",40-64 years,6,2,30
40007,"Hispanic, any race",40-64 years,29,6,72
40009,"Hispanic, any race",40-64 years,40,10,154
40011,"Hispanic, any race",40-64 years,23,6,64
40013,"Hispanic, any race",40-64 years,34,9,130
40015,"Hispanic, any race",40-64 years,61,16,203
40017,"Hispanic, any race",40-64 years,235,55,713
40019,"Hispanic, any race",40-64 years,72,15,198
40021,"Hispanic, any race",40-64 years,51,11,161
40023,"Hispanic, any race",40-64 years,10,2,40
40025,"Hispanic, any race",40-64 years,12,3,29
40027,"Hispanic, any race",40-64 years,347,77,1215
40031,"Hispanic, any race",40-64 years,211,53,818
40033,"Hispanic, any race",40-64 years,10,3,30
40035,"Hispanic, any race",40-64 years,9,3,35
40037,"Hispanic, any race",40-64 years,53,13,203
40039,"Hispanic, any race",40-64 years,88,23,240
40041,"Hispanic, any race",40-64 years,23,6,88
40047,"Hispanic, any race",40-64 years,152,27,368
40049,"Hispanic, any race",40-64 years,37,9,129
40051,"Hispanic, any race",40-64 years,45,12,185
40055,"Hispanic, any race",40-64 years,9,2,38
40057,"Hispanic, any race",40-64 years,15,4,48
40059,"Hispanic, any race",40-64 years,12,3,39
40061,"Hispanic, any race",40-64 years,7,2,33
40063,"Hispanic, any race",40-64 years,14,3,41
40065,"Hispanic, any race",40-64 years,83,23,329
40067,"Hispanic, any race",40-64 years,14,3,37
40069,"Hispanic, any race",40-64 years,10,3,34
40071,"Hispanic, any race",40-64 years,58,11,179
40073,"Hispanic, any race",40-64 years,24,7,113
40075,"Hispanic, any race",40-64 years,13,3,56
40079,"Hispanic, any race",40-64 years,44,13,180
40081,"Hispanic, any race",40-64 years,21,5,64
40083,"Hispanic, any race",40-64 years,72,15,216
40085,"Hispanic, any race",40-64 years,34,8,96
40087,"Hispanic, any race",40-64 years,48,12,197
40089,"Hispanic, any race",40-64 years,23,6,91
40091,"Hispanic, any race",40-64 years,10,3,40
40093,"Hispanic, any race",40-64 years,16,2,39
40095,"Hispanic, any race",40-64 years,44,11,165
40097,"Hispanic, any race",40-64 years,31,7,76
40099,"Hispanic, any race",40-64 years,17,3,64
40101,"Hispanic, any race",40-64 years,54,16,245
40107,"Hispanic, any race",40-64 years,11,3,36
40109,"Hispanic, any race",40-64 years,2150,480,6497
40111,"Hispanic, any race",40-64 years,27,6,92
40113,"Hispanic, any race",40-64 years,31,7,108
40115,"Hispanic, any race",40-64 years,19,5,97
40119,"Hispanic, any race",40-64 years,46,9,141
40121,"Hispanic, any race",40-64 years,28,8,119
40123,"Hispanic, any race",40-64 years,36,8,104
40125,"Hispanic, any race",40-64 years,51,13,192
40131,"Hispanic, any race",40-64 years,97,19,258
40133,"Hispanic, any race",40-64 years,26,6,70
40135,"Hispanic, any race",40-64 years,26,6,93
40137,"Hispanic, any race",40-64 years,79,15,183
40139,"Hispanic, any race",40-64 years,198,48,573
40141,"Hispanic, any race",40-64 years,43,11,138
40143,"Hispanic, any race",40-64 years,1244,299,4116
40145,"Hispanic, any race",40-64 years,87,20,308
40147,"Hispanic, any race",40-64 years,39,10,178
40149,"Hispanic, any race",40-64 years,14,4,50
40153,"Hispanic, any race",40-64 years,28,8,130
41003,"Hispanic, any race",40-64 years,60,16,232
41005,"Hispanic, any race",40-64 years,522,125,1654
41007,"Hispanic, any race",40-64 years,37,10,156
41009,"Hispanic, any race",40-64 years,46,10,162
41011,"Hispanic, any race",40-64 years,56,14,215
41013,"Hispanic, any race",40-64 years,26,7,104
41015,"Hispanic, any race",40-64 years,41,7,101
41017,"Hispanic, any race",40-64 years,195,45,635
41019,"Hispanic, any race",40-64 years,94,20,343
41027,"Hispanic, any race",40-64 years,80,22,342
41029,"Hispanic, any race",40-64 years,365,96,1262
41031,"Hispanic, any race",40-64 years,82,23,262
41033,"Hispanic, any race",40-64 years,108,29,329
41035,"Hispanic, any race",40-64 years,125,26,412
41037,"Hispanic, any race",40-64 years,13,3,40
41039,"Hispanic, any race",40-64 years,431,116,1500
41041,"Hispanic, any race",40-64 years,63,17,253
41043,"Hispanic, any race",40-64 years,124,33,551
41045,"Hispanic, any race",40-64 years,209,35,524
41047,"Hispanic, any race",40-64 years,1216,310,4476
41049,"Hispanic, any race",40-64 years,68,18,249
41051,"Hispanic, any race",40-64 years,1315,308,4260
41053,"Hispanic, any race",40-64 years,127,35,520
41057,"Hispanic, any race",40-64 years,37,10,129
41059,"Hispanic, any race",40-64 years,288,72,1091
41061,"Hispanic, any race",40-64 years,14,4,51
41065,"Hispanic, any race",40-64 years,44,13,225
41067,"Hispanic, any race",40-64 years,1628,393,4561
41071,"Hispanic, any race",40-64 years,343,68,883
42001,"Hispanic, any race",40-64 years,107,25,358
42003,"Hispanic, any race",40-64 years,321,77,1230
42005,"Hispanic, any race",40-64 years,7,2,31
42007,"Hispanic, any race",40-64 years,56,13,161
42009,"Hispanic, any race",40-64 years,12,3,36
42011,"Hispanic, any race",40-64 years,1723,436,4795
42013,"Hispanic, any race",40-64 years,24,4,76
42015,"Hispanic, any race",40-64 years,11,3,42
42017,"Hispanic, any race",40-64 years,625,173,1840
42019,"Hispanic, any race",40-64 years,45,9,152
42021,"Hispanic, any race",40-64 years,27,7,114
42025,"Hispanic, any race",40-64 years,60,16,192
42027,"Hispanic, any race",40-64 years,46,12,169
42029,"Hispanic, any race",40-64 years,500,122,1675
42033,"Hispanic, any race",40-64 years,48,11,190
42037,"Hispanic, any race",40-64 years,37,7,92
42039,"Hispanic, any race",40-64 years,22,5,56
42041,"Hispanic, any race",40-64 years,175,31,512
42043,"Hispanic, any race",40-64 years,404,87,1311
42045,"Hispanic, any race",40-64 years,278,79,1021
42049,"Hispanic, any race",40-64 years,191,46,517
42051,"Hispanic, any race",40-64 years,20,5,77
42055,"Hispanic, any race",40-64 years,138,32,411
42059,"Hispanic, any race",40-64 years,9,2,35
42061,"Hispanic, any race",40-64 years,12,3,45
42063,"Hispanic, any race",40-64 years,11,3,45
42067,"Hispanic, any race",40-64 years,19,3,48
42069,"Hispanic, any race",40-64 years,219,53,840
42071,"Hispanic, any race",40-64 years,927,218,2909
42073,"Hispanic, any race",40-64 years,20,4,69
42075,"Hispanic, any race",40-64 years,294,59,920
42077,"Hispanic, any race",40-64 years,1590,407,4847
42079,"Hispanic, any race",40-64 years,841,162,2290
42081,"Hispanic, any race",40-64 years,24,6,100
42083,"Hispanic, any race",40-64 years,14,3,43
42085,"Hispanic, any race",40-64 years,24,5,81
42087,"Hispanic, any race",40-64 years,11,2,33
42089,"Hispanic, any race",40-64 years,680,176,1988
42091,"Hispanic, any race",40-64 years,589,137,1916
42095,"Hispanic, any race",40-64 years,857,224,2350
42097,"Hispanic, any race",40-64 years,67,14,176
42099,"Hispanic, any race",40-64 years,17,3,46
42101,"Hispanic, any race",40-64 years,4850,1212,15679
42103,"Hispanic, any race",40-64 years,150,36,459
42107,"Hispanic, any race",40-64 years,160,40,399
42109,"Hispanic, any race",40-64 years,15,3,40
42111,"Hispanic, any race",40-64 years,19,5,69
42115,"Hispanic, any race",40-64 years,10,3,44
42119,"Hispanic, any race",40-64 years,50,11,130
42125,"Hispanic, any race",40-64 years,54,11,198
42127,"Hispanic, any race",40-64 years,41,8,143
42129,"Hispanic, any race",40-64 years,72,17,229
42133,"Hispanic, any race",40-64 years,544,111,1734
44001,"Hispanic, any race",40-64 years,19,4,66
44003,"Hispanic, any race",40-64 years,136,27,436
44005,"Hispanic, any race",40-64 years,61,13,181
44007,"Hispanic, any race",40-64 years,2875,661,8315
44009,"Hispanic, any race",40-64 years,58,15,166
45003,"Hispanic, any race",40-64 years,178,41,586
45007,"Hispanic, any race",40-64 years,126,29,488
45011,"Hispanic, any race",40-64 years,11,3,40
45013,"Hispanic, any race",40-64 years,333,73,988
45015,"Hispanic, any race",40-64 years,267,68,976
45017,"Hispanic, any race",40-64 years,9,3,38
45019,"Hispanic, any race",40-64 years,319,79,1068
45021,"Hispanic, any race",40-64 years,40,10,162
45023,"Hispanic, any race",40-64 years,13,3,46
45025,"Hispanic, any race",40-64 years,35,8,135
45027,"Hispanic, any race",40-64 years,20,6,78
45029,"Hispanic, any race",40-64 years,28,7,91
45031,"Hispanic, any race",40-64 years,27,5,89
45033,"Hispanic, any race",40-64 years,11,3,49
45035,"Hispanic, any race",40-64 years,141,34,540
45037,"Hispanic, any race",40-64 years,38,9,118
45039,"Hispanic, any race",40-64 years,10,3,45
45041,"Hispanic, any race",40-64 years,45,14,238
45043,"Hispanic, any race",40-64 years,38,8,124
45045,"Hispanic, any race",40-64 years,786,200,2800
45047,"Hispanic, any race",40-64 years,63,11,196
45049,"Hispanic, any race",40-64 years,18,4,49
45051,"Hispanic, any race",40-64 years,306,74,1227
45053,"Hispanic, any race",40-64 years,102,26,286
45055,"Hispanic, any race",40-64 years,39,10,184
45057,"Hispanic, any race",40-64 years,88,23,418
45059,"Hispanic, any race",40-64 years,65,16,230
45063,"Hispanic, any race",40-64 years,256,70,990
45067,"Hispanic, any race",40-64 years,14,4,57
45069,"Hispanic, any race",40-64 years,12,3,62
45071,"Hispanic, any race",40-64 years,44,13,177
45073,"Hispanic, any race",40-64 years,56,13,234
45075,"Hispanic, any race",40-64 years,29,10,128
45077,"Hispanic, any race",40-64 years,64,15,280
45079,"Hispanic, any race",40-64 years,293,87,1176
45081,"Hispanic, any race",40-64 years,55,13,156
45083,"Hispanic, any race",40-64 years,400,88,1444
45085,"Hispanic, any race",40-64 years,58,15,222
45089,"Hispanic, any race",40-64 years,10,3,45
45091,"Hispanic, any race",40-64 years,268,72,1057
46005,"Hispanic, any race",40-64 years,18,4,71
46011,"Hispanic, any race",40-64 years,11,2,40
46013,"Hispanic, any race",40-64 years,9,2,45
46029,"Hispanic, any race",40-64 years,7,1,34
46081,"Hispanic, any race",40-64 years,7,2,32
46083,"Hispanic, any race",40-64 years,10,2,46
46093,"Hispanic, any race",40-64 years,9,2,33
46099,"Hispanic, any race",40-64 years,106,22,407
46103,"Hispanic, any race",40-64 years,58,13,212
46113,"Hispanic, any race",40-64 years,11,3,33
46135,"Hispanic, any race",40-64 years,13,2,44
47001,"Hispanic, any race",40-64 years,30,7,143
47003,"Hispanic, any race",40-64 years,70,19,275
47009,"Hispanic, any race",40-64 years,64,14,278
47011,"Hispanic, any race",40-64 years,84,19,404
47013,"Hispanic, any race",40-64 years,15,3,52
47017,"Hispanic, any race",40-64 years,17,4,48
47019,"Hispanic, any race",40-64 years,14,3,61
47021,"Hispanic, any race",40-64 years,22,6,88
47029,"Hispanic, any race",40-64 years,21,5,64
47031,"Hispanic, any race",40-64 years,36,8,135
47033,"Hispanic, any race",40-64 years,29,8,97
47035,"Hispanic, any race",40-64 years,18,4,98
47037,"Hispanic, any race",40-64 years,1012,263,3682
47041,"Hispanic, any race",40-64 years,22,5,98
47043,"Hispanic, any race",40-64 years,20,5,102
47045,"Hispanic, any race",40-64 years,14,4,62
47047,"Hispanic, any race",40-64 years,15,4,75
47051,"Hispanic, any race",40-64 years,16,4,85
47053,"Hispanic, any race",40-64 years,26,5,87
47055,"Hispanic, any race",40-64 years,11,3,40
47057,"Hispanic, any race",40-64 years,13,2,48
47059,"Hispanic, any race",40-64 years,31,6,121
47063,"Hispanic, any race",40-64 years,150,23,371
47065,"Hispanic, any race",40-64 years,250,57,1059
47069,"Hispanic, any race",40-64 years,8,2,30
47071,"Hispanic, any race",40-64 years,11,2,42
47073,"Hispanic, any race",40-64 years,18,3,57
47075,"Hispanic, any race",40-64 years,17,4,60
47077,"Hispanic, any race",40-64 years,9,3,39
47079,"Hispanic, any race",40-64 years,14,3,51
47081,"Hispanic, any race",40-64 years,9,2,37
47085,"Hispanic, any race",40-64 years,8,2,32
47089,"Hispanic, any race",40-64 years,41,8,107
47093,"Hispanic, any race",40-64 years,256,52,973
47097,"Hispanic, any race",40-64 years,16,4,52
47099,"Hispanic, any race",40-64 years,17,3,50
47103,"Hispanic, any race",40-64 years,18,6,60
47105,"Hispanic, any race",40-64 years,64,14,244
47107,"Hispanic, any race",40-64 years,39,9,133
47109,"Hispanic, any race",40-64 years,12,3,40
47111,"Hispanic, any race",40-64 years,11,3,56
47113,"Hispanic, any race",40-64 years,45,13,206
47115,"Hispanic, any race",40-64 years,8,2,36
47117,"Hispanic, any race",40-64 years,31,6,94
47119,"Hispanic, any race",40-64 years,122,22,358
47123,"Hispanic, any race",40-64 years,32,7,108
47125,"Hispanic, any race",40-64 years,295,77,981
47131,"Hispanic, any race",40-64 years,16,4,68
47141,"Hispanic, any race",40-64 years,62,18,254
47143,"Hispanic, any race",40-64 years,21,5,84
47145,"Hispanic, any race",40-64 years,15,3,75
47147,"Hispanic, any race",40-64 years,68,17,269
47149,"Hispanic, any race",40-64 years,362,96,1540
47153,"Hispanic, any race",40-64 years,10,3,38
47155,"Hispanic, any race",40-64 years,92,19,317
47157,"Hispanic, any race",40-64 years,764,199,3268
47159,"Hispanic, any race",40-64 years,6,2,30
47163,"Hispanic, any race",40-64 years,37,8,176
47165,"Hispanic, any race",40-64 years,130,32,580
47167,"Hispanic, any race",40-64 years,23,5,104
47171,"Hispanic, any race",40-64 years,9,2,47
47177,"Hispanic, any race",40-64 years,62,10,216
47179,"Hispanic, any race",40-64 years,66,11,234
47183,"Hispanic, any race",40-64 years,20,4,48
47185,"Hispanic, any race",40-64 years,9,3,41
47187,"Hispanic, any race",40-64 years,128,32,598
47189,"Hispanic, any race",40-64 years,84,22,393
48001,"Hispanic, any race",40-64 years,179,42,711
48003,"Hispanic, any race",40-64 years,218,62,639
48005,"Hispanic, any race",40-64 years,296,69,1170
48007,"Hispanic, any race",40-64 years,112,26,477
48009,"Hispanic, any race",40-64 years,10,3,39
48013,"Hispanic, any race",40-64 years,662,203,2509
48015,"Hispanic, any race",40-64 years,101,29,469
48017,"Hispanic, any race",40-64 years,91,24,282
48019,"Hispanic, any race",40-64 years,66,16,319
48021,"Hispanic, any race",40-64 years,498,165,2360
48023,"Hispanic, any race",40-64 years,8,2,31
48025,"Hispanic, any race",40-64 years,429,121,1374
48027,"Hispanic, any race",40-64 years,1282,341,4636
48029,"Hispanic, any race",40-64 years,26745,7414,87658
48031,"Hispanic, any race",40-64 years,38,9,149
48035,"Hispanic, any race",40-64 years,55,15,202
48037,"Hispanic, any race",40-64 years,89,28,385
48039,"Hispanic, any race",40-64 years,1917,499,6908
48041,"Hispanic, any race",40-64 years,709,209,2865
48043,"Hispanic, any race",40-64 years,56,15,285
48047,"Hispanic, any race",40-64 years,210,53,586
48049,"Hispanic, any race",40-64 years,160,45,528
48051,"Hispanic, any race",40-64 years,65,16,247
48053,"Hispanic, any race",40-64 years,152,44,623
48055,"Hispanic, any race",40-64 years,505,163,1756
48057,"Hispanic, any race",40-64 years,149,31,676
48059,"Hispanic, any race",40-64 years,28,8,91
48061,"Hispanic, any race",40-64 years,12822,3171,32593
48063,"Hispanic, any race",40-64 years,55,12,190
48065,"Hispanic, any race",40-64 years,14,4,36
48067,"Hispanic, any race",40-64 years,29,8,86
48069,"Hispanic, any race",40-64 years,134,34,309
48071,"Hispanic, any race",40-64 years,131,36,609
48073,"Hispanic, any race",40-64 years,195,57,672
48075,"Hispanic, any race",40-64 years,32,9,92
48077,"Hispanic, any race",40-64 years,11,3,42
48079,"Hispanic, any race",40-64 years,31,9,98
48081,"Hispanic, any race",40-64 years,14,3,47
48083,"Hispanic, any race",40-64 years,31,9,84
48085,"Hispanic, any race",40-64 years,2307,506,8865
48087,"Hispanic, any race",40-64 years,19,4,55
48089,"Hispanic, any race",40-64 years,101,24,388
48091,"Hispanic, any race",40-64 years,747,206,2836
48093,"Hispanic, any race",40-64 years,57,16,251
48095,"Hispanic, any race",40-64 years,30,8,97
48097,"Hispanic, any race",40-64 years,114,28,372
48099,"Hispanic, any race",40-64 years,169,45,778
48103,"Hispanic, any race",40-64 years,57,19,199
48105,"Hispanic, any race",40-64 years,39,10,164
48107,"Hispanic, any race",40-64 years,60,16,208
48109,"Hispanic, any race",40-64 years,35,13,144
48111,"Hispanic, any race",40-64 years,78,16,184
48113,"Hispanic, any race",40-64 years,22264,5730,69150
48115,"Hispanic, any race",40-64 years,140,40,506
48117,"Hispanic, any race",40-64 years,364,96,903
48121,"Hispanic, any race",40-64 years,2638,577,9719
48123,"Hispanic, any race",40-64 years,117,26,535
48125,"Hispanic, any race",40-64 years,10,2,31
48127,"Hispanic, any race",40-64 years,202,54,631
48131,"Hispanic, any race",40-64 years,248,65,807
48133,"Hispanic, any race",40-64 years,51,13,184
48135,"Hispanic, any race",40-64 years,1478,521,6086
48137,"Hispanic, any race",40-64 years,19,5,62
48139,"Hispanic, any race",40-64 years,882,210,3098
48141,"Hispanic, any race",40-64 years,17454,4599,59163
48143,"Hispanic, any race",40-64 years,112,34,491
48145,"Hispanic, any race",40-64 years,79,21,286
48147,"Hispanic, any race",40-64 years,67,13,243
48149,"Hispanic, any race",40-64 years,65,20,307
48151,"Hispanic, any race",40-64 years,19,5,72
48153,"Hispanic, any race",40-64 years,65,17,217
48157,"Hispanic, any race",40-64 years,4224,911,13113
48159,"Hispanic, any race",40-64 years,28,7,84
48161,"Hispanic, any race",40-64 years,43,10,203
48163,"Hispanic, any race",40-64 years,321,100,1148
48165,"Hispanic, any race",40-64 years,191,51,555
48167,"Hispanic, any race",40-64 years,1195,337,5212
48169,"Hispanic, any race",40-64 years,63,20,257
48171,"Hispanic, any race",40-64 years,90,24,318
48175,"Hispanic, any race",40-64 years,41,12,181
48177,"Hispanic, any race",40-64 years,163,45,716
48179,"Hispanic, any race",40-64 years,153,43,374
48181,"Hispanic, any race",40-64 years,256,64,980
48183,"Hispanic, any race",40-64 years,350,84,1245
48185,"Hispanic, any race",40-64 years,135,34,492
48187,"Hispanic, any race",40-64 years,1238,339,4361
48189,"Hispanic, any race",40-64 years,464,128,1360
48191,"Hispanic, any race",40-64 years,22,5,70
48193,"Hispanic, any race",40-64 years,12,4,60
48195,"Hispanic, any race",40-64 years,67,16,152
48197,"Hispanic, any race",40-64 years,11,3,46
48199,"Hispanic, any race",40-64 years,46,10,198
48201,"Hispanic, any race",40-64 years,37180,10951,138778
48203,"Hispanic, any race",40-64 years,132,34,500
48205,"Hispanic, any race",40-64 years,31,6,90
48207,"Hispanic, any race",40-64 years,44,7,104
48209,"Hispanic, any race",40-64 years,1627,436,5316
48211,"Hispanic, any race",40-64 years,25,7,60
48213,"Hispanic, any race",40-64 years,183,46,666
48215,"Hispanic, any race",40-64 years,26001,6107,66313
48217,"Hispanic, any race",40-64 years,119,31,461
48219,"Hispanic, any race",40-64 years,238,64,620
48221,"Hispanic, any race",40-64 years,124,24,448
48223,"Hispanic, any race",40-64 years,107,22,356
48225,"Hispanic, any race",40-64 years,45,10,196
48227,"Hispanic, any race",40-64 years,258,91,1144
48229,"Hispanic, any race",40-64 years,67,14,212
48231,"Hispanic, any race",40-64 years,417,73,1056
48233,"Hispanic, any race",40-64 years,111,31,283
48237,"Hispanic, any race",40-64 years,21,4,82
48239,"Hispanic, any race",40-64 years,74,19,301
48241,"Hispanic, any race",40-64 years,35,9,133
48243,"Hispanic, any race",40-64 years,13,3,57
48245,"Hispanic, any race",40-64 years,911,212,3763
48247,"Hispanic, any race",40-64 years,117,31,388
48249,"Hispanic, any race",40-64 years,831,216,2581
48251,"Hispanic, any race",40-64 years,810,174,2414
48253,"Hispanic, any race",40-64 years,160,33,361
48255,"Hispanic, any race",40-64 years,144,39,570
48257,"Hispanic, any race",40-64 years,532,126,1968
48259,"Hispanic, any race",40-64 years,156,45,598
48265,"Hispanic, any race",40-64 years,217,67,865
48267,"Hispanic, any race",40-64 years,20,6,69
48271,"Hispanic, any race",40-64 years,33,11,139
48273,"Hispanic, any race",40-64 years,474,124,1467
48275,"Hispanic, any race",40-64 years,28,7,74
48277,"Hispanic, any race",40-64 years,70,15,211
48279,"Hispanic, any race",40-64 years,158,43,503
48281,"Hispanic, any race",40-64 years,65,18,261
48283,"Hispanic, any race",40-64 years,110,33,474
48285,"Hispanic, any race",40-64 years,42,12,203
48287,"Hispanic, any race",40-64 years,64,21,274
48289,"Hispanic, any race",40-64 years,31,9,133
48291,"Hispanic, any race",40-64 years,330,93,1739
48293,"Hispanic, any race",40-64 years,63,13,315
48295,"Hispanic, any race",40-64 years,23,6,61
48297,"Hispanic, any race",40-64 years,98,29,318
48299,"Hispanic, any race",40-64 years,32,7,142
48303,"Hispanic, any race",40-64 years,1845,416,5833
48305,"Hispanic, any race",40-64 years,63,16,186
48307,"Hispanic, any race",40-64 years,41,12,157
48309,"Hispanic, any race",40-64 years,1143,297,3794
48313,"Hispanic, any race",40-64 years,46,15,174
48315,"Hispanic, any race",40-64 years,9,2,31
48317,"Hispanic, any race",40-64 years,34,9,144
48319,"Hispanic, any race",40-64 years,18,5,68
48321,"Hispanic, any race",40-64 years,249,80,1076
48323,"Hispanic, any race",40-64 years,1834,500,4832
48325,"Hispanic, any race",40-64 years,493,144,2043
48327,"Hispanic, any race",40-64 years,14,4,56
48329,"Hispanic, any race",40-64 years,891,277,4028
48331,"Hispanic, any race",40-64 years,129,38,413
48333,"Hispanic, any race",40-64 years,12,4,56
48335,"Hispanic, any race",40-64 years,81,24,228
48337,"Hispanic, any race",40-64 years,30,8,116
48339,"Hispanic, any race",40-64 years,1958,536,8737
48341,"Hispanic, any race",40-64 years,327,85,771
48343,"Hispanic, any race",40-64 years,17,4,71
48347,"Hispanic, any race",40-64 years,173,51,658
48349,"Hispanic, any race",40-64 years,268,50,888
48351,"Hispanic, any race",40-64 years,7,2,33
48353,"Hispanic, any race",40-64 years,119,27,365
48355,"Hispanic, any race",40-64 years,6209,1407,16894
48357,"Hispanic, any race",40-64 years,123,33,311
48361,"Hispanic, any race",40-64 years,93,19,405
48363,"Hispanic, any race",40-64 years,89,18,332
48365,"Hispanic, any race",40-64 years,28,7,112
48367,"Hispanic, any race",40-64 years,409,75,1117
48369,"Hispanic, any race",40-64 years,150,34,444
48371,"Hispanic, any race",40-64 years,188,56,776
48373,"Hispanic, any race",40-64 years,113,30,517
48375,"Hispanic, any race",40-64 years,1060,284,2606
48377,"Hispanic, any race",40-64 years,95,29,374
48379,"Hispanic, any race",40-64 years,21,4,63
48381,"Hispanic, any race",40-64 years,617,164,1460
48383,"Hispanic, any race",40-64 years,49,14,169
48385,"Hispanic, any race",40-64 years,14,5,57
48387,"Hispanic, any race",40-64 years,16,4,54
48389,"Hispanic, any race",40-64 years,199,62,892
48391,"Hispanic, any race",40-64 years,69,17,264
48395,"Hispanic, any race",40-64 years,55,16,227
48397,"Hispanic, any race",40-64 years,297,70,1130
48399,"Hispanic, any race",40-64 years,71,20,222
48401,"Hispanic, any race",40-64 years,151,37,547
48405,"Hispanic, any race",40-64 years,12,3,40
48407,"Hispanic, any race",40-64 years,49,11,269
48409,"Hispanic, any race",40-64 years,931,238,2919
48411,"Hispanic, any race",40-64 years,30,8,102
48413,"Hispanic, any race",40-64 years,30,8,81
48415,"Hispanic, any race",40-64 years,131,30,420
48419,"Hispanic, any race",40-64 years,93,21,267
48421,"Hispanic, any race",40-64 years,29,8,76
48423,"Hispanic, any race",40-64 years,634,160,2328
48425,"Hispanic, any race",40-64 years,29,7,96
48427,"Hispanic, any race",40-64 years,2053,534,6099
48429,"Hispanic, any race",40-64 years,29,9,125
48431,"Hispanic, any race",40-64 years,11,2,31
48435,"Hispanic, any race",40-64 years,56,17,165
48437,"Hispanic, any race",40-64 years,76,21,199
48439,"Hispanic, any race",40-64 years,12474,3128,38056
48441,"Hispanic, any race",40-64 years,506,132,1678
48443,"Hispanic, any race",40-64 years,8,2,32
48445,"Hispanic, any race",40-64 years,128,28,463
48449,"Hispanic, any race",40-64 years,218,63,822
48451,"Hispanic, any race",40-64 years,814,219,2802
48453,"Hispanic, any race",40-64 years,6263,1786,22356
48455,"Hispanic, any race",40-64 years,21,5,99
48457,"Hispanic, any race",40-64 years,21,4,80
48459,"Hispanic, any race",40-64 years,51,10,203
48461,"Hispanic, any race",40-64 years,29,7,119
48463,"Hispanic, any race",40-64 years,481,125,1276
48465,"Hispanic, any race",40-64 years,1008,278,2976
48467,"Hispanic, any race",40-64 years,119,29,408
48469,"Hispanic, any race",40-64 years,585,151,2734
48471,"Hispanic, any race",40-64 years,231,63,978
48473,"Hispanic, any race",40-64 years,302,95,1168
48475,"Hispanic, any race",40-64 years,82,23,432
48477,"Hispanic, any race",40-64 years,61,20,293
48479,"Hispanic, any race",40-64 years,8867,2158,23397
48481,"Hispanic, any race",40-64 years,295,86,1185
48483,"Hispanic, any race",40-64 years,27,6,66
48485,"Hispanic, any race",40-64 years,318,77,1304
48487,"Hispanic, any race",40-64 years,75,21,244
48489,"Hispanic, any race",40-64 years,618,166,1497
48491,"Hispanic, any race",40-64 years,1963,517,8048
48493,"Hispanic, any race",40-64 years,368,111,1503
48495,"Hispanic, any race",40-64 years,78,21,336
48497,"Hispanic, any race",40-64 years,287,66,770
48499,"Hispanic, any race",40-64 years,72,17,260
48501,"Hispanic, any race",40-64 years,102,19,293
48503,"Hispanic, any race",40-64 years,43,11,186
48505,"Hispanic, any race",40-64 years,448,103,1116
48507,"Hispanic, any race",40-64 years,255,82,798
49001,"Hispanic, any race",40-64 years,13,3,37
49003,"Hispanic, any race",40-64 years,53,13,228
49005,"Hispanic, any race",40-64 years,155,39,552
49007,"Hispanic, any race",40-64 years,29,7,117
49011,"Hispanic, any race",40-64 years,426,90,1463
49013,"Hispanic, any race",40-64 years,22,5,57
49019,"Hispanic, any race",40-64 years,7,2,40
49021,"Hispanic, any race",40-64 years,79,11,212
49027,"Hispanic, any race",40-64 years,25,7,74
49035,"Hispanic, any race",40-64 years,2782,611,9518
49037,"Hispanic, any race",40-64 years,10,3,43
49039,"Hispanic, any race",40-64 years,35,6,111
49041,"Hispanic, any race",40-64 years,18,4,45
49043,"Hispanic, any race",40-64 years,32,6,160
49045,"Hispanic, any race",40-64 years,150,31,469
49047,"Hispanic, any race",40-64 years,51,11,124
49049,"Hispanic, any race",40-64 years,875,207,3029
49051,"Hispanic, any race",40-64 years,34,8,175
49053,"Hispanic, any race",40-64 years,237,46,814
49057,"Hispanic, any race",40-64 years,544,128,2208
50001,"Hispanic, any race",40-64 years,9,2,35
50003,"Hispanic, any race",40-64 years,10,2,39
50007,"Hispanic, any race",40-64 years,40,10,136
50011,"Hispanic, any race",40-64 years,11,3,35
50021,"Hispanic, any race",40-64 years,13,3,44
50023,"Hispanic, any race",40-64 years,14,3,44
50025,"Hispanic, any race",40-64 years,18,2,44
50027,"Hispanic, any race",40-64 years,9,2,46
51001,"Hispanic, any race",40-64 years,47,13,158
51003,"Hispanic, any race",40-64 years,79,22,275
51007,"Hispanic, any race",40-64 years,10,2,32
51009,"Hispanic, any race",40-64 years,18,4,46
51013,"Hispanic, any race",40-64 years,493,130,1730
51015,"Hispanic, any race",40-64 years,39,9,133
51019,"Hispanic, any race",40-64 years,34,8,108
51023,"Hispanic, any race",40-64 years,11,3,38
51025,"Hispanic, any race",40-64 years,12,3,30
51031,"Hispanic, any race",40-64 years,34,8,89
51033,"Hispanic, any race",40-64 years,34,9,116
51035,"Hispanic, any race",40-64 years,15,3,58
51041,"Hispanic, any race",40-64 years,544,122,1821
51043,"Hispanic, any race",40-64 years,18,4,49
51047,"Hispanic, any race",40-64 years,146,25,368
51053,"Hispanic, any race",40-64 years,18,5,64
51057,"Hispanic, any race",40-64 years,9,3,27
51059,"Hispanic, any race",40-64 years,2536,651,8912
51061,"Hispanic, any race",40-64 years,92,25,413
51065,"Hispanic, any race",40-64 years,16,3,57
51067,"Hispanic, any race",40-64 years,24,6,85
51069,"Hispanic, any race",40-64 years,181,38,480
51073,"Hispanic, any race",40-64 years,24,5,81
51075,"Hispanic, any race",40-64 years,17,5,46
51077,"Hispanic, any race",40-64 years,10,2,36
51079,"Hispanic, any race",40-64 years,21,4,71
51083,"Hispanic, any race",40-64 years,15,4,42
51085,"Hispanic, any race",40-64 years,58,13,172
51087,"Hispanic, any race",40-64 years,355,82,1043
51089,"Hispanic, any race",40-64 years,45,12,157
51093,"Hispanic, any race",40-64 years,19,5,70
51095,"Hispanic, any race",40-64 years,86,17,254
51099,"Hispanic, any race",40-64 years,23,5,91
51107,"Hispanic, any race",40-64 years,941,253,3085
51109,"Hispanic, any race",40-64 years,25,6,81
51111,"Hispanic, any race",40-64 years,10,2,38
51117,"Hispanic, any race",40-64 years,25,6,65
51121,"Hispanic, any race",40-64 years,34,7,126
51125,"Hispanic, any race",40-64 years,13,3,41
51127,"Hispanic, any race",40-64 years,17,4,54
51131,"Hispanic, any race",40-64 years,24,6,66
51133,"Hispanic, any race",40-64 years,11,3,30
51135,"Hispanic, any race",40-64 years,14,3,49
51137,"Hispanic, any race",40-64 years,35,7,113
51141,"Hispanic, any race",40-64 years,10,2,42
51143,"Hispanic, any race",40-64 years,31,8,98
51145,"Hispanic, any race",40-64 years,16,3,47
51147,"Hispanic, any race",40-64 years,8,2,35
51149,"Hispanic, any race",40-64 years,54,14,181
51153,"Hispanic, any race",40-64 years,2186,514,7294
51155,"Hispanic, any race",40-64 years,7,2,30
51159,"Hispanic, any race",40-64 years,12,3,44
51161,"Hispanic, any race",40-64 years,39,8,146
51165,"Hispanic, any race",40-64 years,76,20,347
51171,"Hispanic, any race",40-64 years,51,13,180
51173,"Hispanic, any race",40-64 years,11,2,31
51177,"Hispanic, any race",40-64 years,232,62,892
51179,"Hispanic, any race",40-64 years,331,80,1253
51187,"Hispanic, any race",40-64 years,46,11,148
51191,"Hispanic, any race",40-64 years,12,2,56
51193,"Hispanic, any race",40-64 years,21,6,79
51199,"Hispanic, any race",40-64 years,92,18,269
51510,"Hispanic, any race",40-64 years,350,95,1255
51540,"Hispanic, any race",40-64 years,26,6,99
51550,"Hispanic, any race",40-64 years,289,74,896
51570,"Hispanic, any race",40-64 years,18,4,70
51590,"Hispanic, any race",40-64 years,33,10,107
51600,"Hispanic, any race",40-64 years,64,17,223
51610,"Hispanic, any race",40-64 years,15,4,75
51630,"Hispanic, any race",40-64 years,35,8,143
51640,"Hispanic, any race",40-64 years,15,4,58
51650,"Hispanic, any race",40-64 years,149,42,469
51660,"Hispanic, any race",40-64 years,123,29,559
51670,"Hispanic, any race",40-64 years,40,10,152
51680,"Hispanic, any race",40-64 years,51,11,139
51683,"Hispanic, any race",40-64 years,265,70,942
51685,"Hispanic, any race",40-64 years,133,32,473
51690,"Hispanic, any race",40-64 years,18,5,57
51700,"Hispanic, any race",40-64 years,278,70,877
51710,"Hispanic, any race",40-64 years,243,59,858
51730,"Hispanic, any race",40-64 years,45,12,143
51740,"Hispanic, any race",40-64 years,78,18,256
51760,"Hispanic, any race",40-64 years,272,64,876
51770,"Hispanic, any race",40-64 years,111,24,351
51775,"Hispanic, any race",40-64 years,14,2,39
51790,"Hispanic, any race",40-64 years,14,3,51
51800,"Hispanic, any race",40-64 years,71,19,243
51810,"Hispanic, any race",40-64 years,612,123,1868
51820,"Hispanic, any race",40-64 years,26,7,91
51830,"Hispanic, any race",40-64 years,12,2,34
51840,"Hispanic, any race",40-64 years,76,18,251
53001,"Hispanic, any race",40-64 years,220,59,671
53003,"Hispanic, any race",40-64 years,9,3,40
53005,"Hispanic, any race",40-64 years,642,145,1843
53007,"Hispanic, any race",40-64 years,318,78,971
53009,"Hispanic, any race",40-64 years,54,14,215
53011,"Hispanic, any race",40-64 years,657,147,2206
53015,"Hispanic, any race",40-64 years,142,31,445
53017,"Hispanic, any race",40-64 years,229,54,641
53021,"Hispanic, any race",40-64 years,1008,247,2598
53025,"Hispanic, any race",40-64 years,635,154,1969
53027,"Hispanic, any race",40-64 years,125,28,373
53029,"Hispanic, any race",40-64 years,59,14,242
53031,"Hispanic, any race",40-64 years,19,4,70
53033,"Hispanic, any race",40-64 years,3199,810,9108
53035,"Hispanic, any race",40-64 years,293,65,839
53037,"Hispanic, any race",40-64 years,48,8,152
53039,"Hispanic, any race",40-64 years,31,9,146
53041,"Hispanic, any race",40-64 years,137,24,401
53045,"Hispanic, any race",40-64 years,64,16,282
53047,"Hispanic, any race",40-64 years,118,29,404
53049,"Hispanic, any race",40-64 years,55,6,122
53051,"Hispanic, any race",40-64 years,8,2,37
53053,"Hispanic, any race",40-64 years,1251,335,4412
53055,"Hispanic, any race",40-64 years,11,3,55
53057,"Hispanic, any race",40-64 years,292,72,969
53059,"Hispanic, any race",40-64 years,7,2,36
53061,"Hispanic, any race",40-64 years,1403,347,4185
53063,"Hispanic, any race",40-64 years,357,92,1282
53065,"Hispanic, any race",40-64 years,25,6,87
53067,"Hispanic, any race",40-64 years,406,102,1209
53071,"Hispanic, any race",40-64 years,241,45,594
53073,"Hispanic, any race",40-64 years,286,69,872
53075,"Hispanic, any race",40-64 years,20,5,79
53077,"Hispanic, any race",40-64 years,1922,483,6726
54003,"Hispanic, any race",40-64 years,93,27,371
54011,"Hispanic, any race",40-64 years,23,5,65
54025,"Hispanic, any race",40-64 years,8,2,38
54031,"Hispanic, any race",40-64 years,10,2,43
54033,"Hispanic, any race",40-64 years,19,4,65
54037,"Hispanic, any race",40-64 years,75,19,213
54039,"Hispanic, any race",40-64 years,37,9,106
54047,"Hispanic, any race",40-64 years,7,2,33
54049,"Hispanic, any race",40-64 years,11,3,39
54055,"Hispanic, any race",40-64 years,7,2,35
54061,"Hispanic, any race",40-64 years,24,7,91
54079,"Hispanic, any race",40-64 years,11,3,37
54081,"Hispanic, any race",40-64 years,15,4,66
54107,"Hispanic, any race",40-64 years,16,4,60
55001,"Hispanic, any race",40-64 years,13,3,50
55005,"Hispanic, any race",40-64 years,19,4,51
55009,"Hispanic, any race",40-64 years,288,71,991
55015,"Hispanic, any race",40-64 years,34,7,97
55017,"Hispanic, any race",40-64 years,13,3,46
55019,"Hispanic, any race",40-64 years,22,6,67
55021,"Hispanic, any race",40-64 years,25,6,86
55025,"Hispanic, any race",40-64 years,342,78,1279
55027,"Hispanic, any race",40-64 years,69,15,210
55029,"Hispanic, any race",40-64 years,11,2,46
55031,"Hispanic, any race",40-64 years,9,2,33
55033,"Hispanic, any race",40-64 years,11,3,35
55035,"Hispanic, any race",40-64 years,22,5,75
55039,"Hispanic, any race",40-64 years,79,18,244
55043,"Hispanic, any race",40-64 years,8,2,34
55045,"Hispanic, any race",40-64 years,12,3,48
55047,"Hispanic, any race",40-64 years,14,3,43
55053,"Hispanic, any race",40-64 years,8,2,33
55055,"Hispanic, any race",40-64 years,107,19,292
55057,"Hispanic, any race",40-64 years,10,2,39
55059,"Hispanic, any race",40-64 years,402,81,1151
55063,"Hispanic, any race",40-64 years,22,5,80
55065,"Hispanic, any race",40-64 years,7,2,30
55071,"Hispanic, any race",40-64 years,31,9,144
55073,"Hispanic, any race",40-64 years,45,8,145
55075,"Hispanic, any race",40-64 years,13,2,43
55079,"Hispanic, any race",40-64 years,2090,509,7617
55081,"Hispanic, any race",40-64 years,20,5,72
55083,"Hispanic, any race",40-64 years,9,2,33
55087,"Hispanic, any race",40-64 years,124,27,346
55089,"Hispanic, any race",40-64 years,33,8,128
55093,"Hispanic, any race",40-64 years,11,3,41
55095,"Hispanic, any race",40-64 years,12,2,36
55097,"Hispanic, any race",40-64 years,23,6,85
55101,"Hispanic, any race",40-64 years,336,79,1346
55105,"Hispanic, any race",40-64 years,162,42,654
55109,"Hispanic, any race",40-64 years,22,6,101
55111,"Hispanic, any race",40-64 years,52,11,154
55115,"Hispanic, any race",40-64 years,14,3,40
55117,"Hispanic, any race",40-64 years,96,22,332
55121,"Hispanic, any race",40-64 years,22,5,74
55127,"Hispanic, any race",40-64 years,123,30,550
55131,"Hispanic, any race",40-64 years,52,14,194
55133,"Hispanic, any race",40-64 years,259,49,790
55135,"Hispanic, any race",40-64 years,24,6,77
55137,"Hispanic, any race",40-64 years,18,4,63
55139,"Hispanic, any race",40-64 years,91,21,283
55141,"Hispanic, any race",40-64 years,21,5,75
56001,"Hispanic, any race",40-64 years,45,12,138
56003,"Hispanic, any race",40-64 years,14,3,44
56005,"Hispanic, any race",40-64 years,42,10,155
56007,"Hispanic, any race",40-64 years,40,13,129
56009,"Hispanic, any race",40-64 years,14,3,47
56013,"Hispanic, any race",40-64 years,40,11,114
56015,"Hispanic, any race",40-64 years,16,4,67
56021,"Hispanic, any race",40-64 years,169,44,631
56023,"Hispanic, any race",40-64 years,12,3,42
56025,"Hispanic, any race",40-64 years,97,21,281
56029,"Hispanic, any race",40-64 years,21,5,73
56031,"Hispanic, any race",40-64 years,8,2,34
56033,"Hispanic, any race",40-64 years,14,3,60
56037,"Hispanic, any race",40-64 years,72,18,338
56039,"Hispanic, any race",40-64 years,55,6,135
56041,"Hispanic, any race",40-64 years,22,6,89
56043,"Hispanic, any race",40-64 years,11,3,54
01001,"Hispanic, any race",65-84 years,15,2,40
01003,"Hispanic, any race",65-84 years,67,16,263
01009,"Hispanic, any race",65-84 years,31,6,109
01015,"Hispanic, any race",65-84 years,32,7,102
01021,"Hispanic, any race",65-84 years,15,3,47
01031,"Hispanic, any race",65-84 years,31,6,89
01039,"Hispanic, any race",65-84 years,9,2,30
01043,"Hispanic, any race",65-84 years,17,3,63
01045,"Hispanic, any race",65-84 years,27,6,90
01049,"Hispanic, any race",65-84 years,24,5,94
01051,"Hispanic, any race",65-84 years,12,2,48
01055,"Hispanic, any race",65-84 years,20,3,68
01059,"Hispanic, any race",65-84 years,28,4,78
01069,"Hispanic, any race",65-84 years,27,7,92
01073,"Hispanic, any race",65-84 years,99,23,364
01077,"Hispanic, any race",65-84 years,13,2,55
01081,"Hispanic, any race",65-84 years,44,9,145
01083,"Hispanic, any race",65-84 years,20,5,81
01089,"Hispanic, any race",65-84 years,108,25,387
01095,"Hispanic, any race",65-84 years,36,8,145
01097,"Hispanic, any race",65-84 years,135,32,428
01101,"Hispanic, any race",65-84 years,50,11,170
01103,"Hispanic, any race",65-84 years,29,6,133
01113,"Hispanic, any race",65-84 years,17,4,73
01115,"Hispanic, any race",65-84 years,9,2,37
01117,"Hispanic, any race",65-84 years,38,9,154
01121,"Hispanic, any race",65-84 years,13,3,46
01125,"Hispanic, any race",65-84 years,35,9,130
02020,"Hispanic, any race",65-84 years,108,28,388
02090,"Hispanic, any race",65-84 years,26,7,67
02110,"Hispanic, any race",65-84 years,8,2,31
02122,"Hispanic, any race",65-84 years,16,4,51
02170,"Hispanic, any race",65-84 years,27,6,90
04001,"Hispanic, any race",65-84 years,101,23,233
04003,"Hispanic, any race",65-84 years,408,107,1745
04005,"Hispanic, any race",65-84 years,155,35,494
04007,"Hispanic, any race",65-84 years,175,38,572
04009,"Hispanic, any race",65-84 years,121,25,432
04011,"Hispanic, any race",65-84 years,57,12,172
04012,"Hispanic, any race",65-84 years,63,14,227
04013,"Hispanic, any race",65-84 years,7164,1723,26253
04015,"Hispanic, any race",65-84 years,336,80,1619
04017,"Hispanic, any race",65-84 years,184,47,503
04019,"Hispanic, any race",65-84 years,2925,704,10810
04021,"Hispanic, any race",65-84 years,1358,325,4060
04023,"Hispanic, any race",65-84 years,656,190,1934
04025,"Hispanic, any race",65-84 years,322,73,1171
04027,"Hispanic, any race",65-84 years,1259,290,4868
05003,"Hispanic, any race",65-84 years,12,3,27
05005,"Hispanic, any race",65-84 years,11,2,33
05007,"Hispanic, any race",65-84 years,190,49,679
05011,"Hispanic, any race",65-84 years,13,4,32
05015,"Hispanic, any race",65-84 years,27,5,86
05031,"Hispanic, any race",65-84 years,22,4,76
05033,"Hispanic, any race",65-84 years,20,6,87
05035,"Hispanic, any race",65-84 years,11,3,35
05045,"Hispanic, any race",65-84 years,23,5,61
05051,"Hispanic, any race",65-84 years,34,8,136
05057,"Hispanic, any race",65-84 years,17,5,61
05063,"Hispanic, any race",65-84 years,13,3,35
05069,"Hispanic, any race",65-84 years,13,3,41
05071,"Hispanic, any race",65-84 years,24,4,69
05085,"Hispanic, any race",65-84 years,13,3,41
05091,"Hispanic, any race",65-84 years,12,3,38
05093,"Hispanic, any race",65-84 years,19,4,41
05115,"Hispanic, any race",65-84 years,33,4,76
05119,"Hispanic, any race",65-84 years,120,30,391
05123,"Hispanic, any race",65-84 years,12,3,27
05125,"Hispanic, any race",65-84 years,39,8,97
05131,"Hispanic, any race",65-84 years,77,17,299
05133,"Hispanic, any race",65-84 years,35,10,96
05143,"Hispanic, any race",65-84 years,127,32,472
05145,"Hispanic, any race",65-84 years,14,3,55
05149,"Hispanic, any race",65-84 years,35,6,75
06001,"Hispanic, any race",65-84 years,2657,600,8326
06005,"Hispanic, any race",65-84 years,54,12,199
06007,"Hispanic, any race",65-84 years,208,47,812
06009,"Hispanic, any race",65-84 years,72,16,268
06011,"Hispanic, any race",65-84 years,133,37,367
06013,"Hispanic, any race",65-84 years,1792,473,6450
06015,"Hispanic, any race",65-84 years,30,9,118
06017,"Hispanic, any race",65-84 years,160,42,631
06019,"Hispanic, any race",65-84 years,3875,1035,15578
06021,"Hispanic, any race",65-84 years,93,23,307
06023,"Hispanic, any race",65-84 years,69,18,306
06025,"Hispanic, any race",65-84 years,3660,854,7590
06027,"Hispanic, any race",65-84 years,25,8,112
06029,"Hispanic, any race",65-84 years,4072,1008,11890
06031,"Hispanic, any race",65-84 years,686,158,2325
06033,"Hispanic, any race",65-84 years,182,32,423
06035,"Hispanic, any race",65-84 years,23,6,98
06037,"Hispanic, any race",65-84 years,50215,12939,156975
06039,"Hispanic, any race",65-84 years,836,239,2500
06041,"Hispanic, any race",65-84 years,195,37,656
06043,"Hispanic, any race",65-84 years,18,5,78
06045,"Hispanic, any race",65-84 years,120,36,481
06047,"Hispanic, any race",65-84 years,2023,505,4917
06049,"Hispanic, any race",65-84 years,12,2,45
06051,"Hispanic, any race",65-84 years,10,3,50
06053,"Hispanic, any race",65-84 years,2134,613,5888
06055,"Hispanic, any race",65-84 years,302,85,939
06057,"Hispanic, any race",65-84 years,72,19,281
06059,"Hispanic, any race",65-84 years,7333,1686,23605
06061,"Hispanic, any race",65-84 years,398,97,1360
06063,"Hispanic, any race",65-84 years,27,4,64
06065,"Hispanic, any race",65-84 years,8360,2324,32406
06067,"Hispanic, any race",65-84 years,2559,656,8200
06069,"Hispanic, any race",65-84 years,426,114,1143
06071,"Hispanic, any race",65-84 years,9483,2590,33584
06073,"Hispanic, any race",65-84 years,8712,2187,26286
06075,"Hispanic, any race",65-84 years,956,196,3619
06077,"Hispanic, any race",65-84 years,2430,610,8203
06079,"Hispanic, any race",65-84 years,501,122,1386
06081,"Hispanic, any race",65-84 years,1176,330,4293
06083,"Hispanic, any race",65-84 years,1703,474,4409
06085,"Hispanic, any race",65-84 years,3499,780,10537
06087,"Hispanic, any race",65-84 years,738,199,1914
06089,"Hispanic, any race",65-84 years,114,25,514
06093,"Hispanic, any race",65-84 years,50,13,179
06095,"Hispanic, any race",65-84 years,846,236,3076
06097,"Hispanic, any race",65-84 years,674,187,2416
06099,"Hispanic, any race",65-84 years,2037,552,6728
06101,"Hispanic, any race",65-84 years,204,51,737
06103,"Hispanic, any race",65-84 years,162,31,373
06105,"Hispanic, any race",65-84 years,11,3,48
06107,"Hispanic, any race",65-84 years,2518,719,8577
06109,"Hispanic, any race",65-84 years,56,16,244
06111,"Hispanic, any race",65-84 years,2980,837,8954
06113,"Hispanic, any race",65-84 years,483,131,1454
06115,"Hispanic, any race",65-84 years,149,40,538
08001,"Hispanic, any race",65-84 years,1223,293,3394
08003,"Hispanic, any race",65-84 years,100,21,271
08005,"Hispanic, any race",65-84 years,551,137,1774
08007,"Hispanic, any race",65-84 years,21,6,81
08011,"Hispanic, any race",65-84 years,27,8,85
08013,"Hispanic, any race",65-84 years,276,69,757
08014,"Hispanic, any race",65-84 years,60,11,156
08015,"Hispanic, any race",65-84 years,13,3,54
08021,"Hispanic, any race",65-84 years,104,23,274
08023,"Hispanic, any race",65-84 years,60,14,195
08025,"Hispanic, any race",65-84 years,16,5,54
08029,"Hispanic, any race",65-84 years,41,12,139
08031,"Hispanic, any race",65-84 years,1093,288,3868
08035,"Hispanic, any race",65-84 years,121,33,408
08037,"Hispanic, any race",65-84 years,48,14,175
08039,"Hispanic, any race",65-84 years,13,3,43
08041,"Hispanic, any race",65-84 years,585,138,1951
08043,"Hispanic, any race",65-84 years,47,11,160
08045,"Hispanic, any race",65-84 years,46,13,193
08055,"Hispanic, any race",65-84 years,43,12,143
08059,"Hispanic, any race",65-84 years,630,143,1923
08065,"Hispanic, any race",65-84 years,14,4,51
08067,"Hispanic, any race",65-84 years,42,14,152
08069,"Hispanic, any race",65-84 years,214,43,648
08071,"Hispanic, any race",65-84 years,84,22,367
08075,"Hispanic, any race",65-84 years,23,5,67
08077,"Hispanic, any race",65-84 years,158,38,533
08081,"Hispanic, any race",65-84 years,13,3,48
08083,"Hispanic, any race",65-84 years,33,9,88
08085,"Hispanic, any race",65-84 years,66,15,213
08087,"Hispanic, any race",65-84 years,87,16,212
08089,"Hispanic, any race",65-84 years,111,30,367
08093,"Hispanic, any race",65-84 years,10,2,34
08099,"Hispanic, any race",65-84 years,46,11,158
08101,"Hispanic, any race",65-84 years,722,191,3043
08105,"Hispanic, any race",65-84 years,88,19,232
08109,"Hispanic, any race",65-84 years,47,11,117
08119,"Hispanic, any race",65-84 years,13,3,43
08123,"Hispanic, any race",65-84 years,642,129,1680
09001,"Hispanic, any race",65-84 years,1382,314,3901
09003,"Hispanic, any race",65-84 years,1488,317,3735
09005,"Hispanic, any race",65-84 years,70,18,219
09007,"Hispanic, any race",65-84 years,66,12,199
09009,"Hispanic, any race",65-84 years,1039,249,3286
09011,"Hispanic, any race",65-84 years,218,54,504
09013,"Hispanic, any race",65-84 years,45,9,121
09015,"Hispanic, any race",65-84 years,115,22,287
10001,"Hispanic, any race",65-84 years,94,23,321
10003,"Hispanic, any race",65-84 years,322,84,1044
10005,"Hispanic, any race",65-84 years,140,37,464
12001,"Hispanic, any race",65-84 years,197,46,663
12005,"Hispanic, any race",65-84 years,69,12,278
12007,"Hispanic, any race",65-84 years,9,3,32
12009,"Hispanic, any race",65-84 years,728,158,2733
12011,"Hispanic, any race",65-84 years,7457,1859,24962
12015,"Hispanic, any race",65-84 years,189,45,684
12017,"Hispanic, any race",65-84 years,183,34,574
12019,"Hispanic, any race",65-84 years,139,38,647
12021,"Hispanic, any race",65-84 years,650,188,2806
12023,"Hispanic, any race",65-84 years,59,14,178
12027,"Hispanic, any race",65-84 years,111,19,251
12031,"Hispanic, any race",65-84 years,846,200,2996
12033,"Hispanic, any race",65-84 years,115,36,478
12035,"Hispanic, any race",65-84 years,218,50,787
12039,"Hispanic, any race",65-84 years,48,11,137
12041,"Hispanic, any race",65-84 years,10,2,40
12043,"Hispanic, any race",65-84 years,24,5,81
12047,"Hispanic, any race",65-84 years,13,3,38
12049,"Hispanic, any race",65-84 years,137,24,290
12051,"Hispanic, any race",65-84 years,294,78,761
12053,"Hispanic, any race",65-84 years,357,75,1467
12055,"Hispanic, any race",65-84 years,487,93,1131
12057,"Hispanic, any race",65-84 years,4166,969,14757
12059,"Hispanic, any race",65-84 years,8,2,30
12061,"Hispanic, any race",65-84 years,166,45,776
12063,"Hispanic, any race",65-84 years,9,2,47
12069,"Hispanic, any race",65-84 years,534,119,2424
12071,"Hispanic, any race",65-84 years,1368,341,4873
12073,"Hispanic, any race",65-84 years,147,28,430
12075,"Hispanic, any race",65-84 years,45,10,157
12079,"Hispanic, any race",65-84 years,13,3,57
12081,"Hispanic, any race",65-84 years,352,89,1539
12083,"Hispanic, any race",65-84 years,636,177,2528
12085,"Hispanic, any race",65-84 years,135,27,506
12086,"Hispanic, any race",65-84 years,32486,7590,115617
12087,"Hispanic, any race",65-84 years,171,38,844
12089,"Hispanic, any race",65-84 years,30,7,133
12091,"Hispanic, any race",65-84 years,76,21,344
12093,"Hispanic, any race",65-84 years,58,15,255
12095,"Hispanic, any race",65-84 years,4403,924,15645
12097,"Hispanic, any race",65-84 years,3953,593,9160
12099,"Hispanic, any race",65-84 years,3169,668,11402
12101,"Hispanic, any race",65-84 years,897,206,3305
12103,"Hispanic, any race",65-84 years,1101,222,3484
12105,"Hispanic, any race",65-84 years,2221,325,5644
12107,"Hispanic, any race",65-84 years,62,15,254
12109,"Hispanic, any race",65-84 years,184,41,662
12111,"Hispanic, any race",65-84 years,663,165,2642
12113,"Hispanic, any race",65-84 years,50,13,234
12115,"Hispanic, any race",65-84 years,318,77,1412
12117,"Hispanic, any race",65-84 years,797,194,3394
12119,"Hispanic, any race",65-84 years,114,26,480
12121,"Hispanic, any race",65-84 years,44,9,141
12125,"Hispanic, any race",65-84 years,9,2,33
12127,"Hispanic, any race",65-84 years,900,214,3492
12129,"Hispanic, any race",65-84 years,10,2,33
12131,"Hispanic, any race",65-84 years,29,9,116
13001,"Hispanic, any race",65-84 years,11,3,33
13003,"Hispanic, any race",65-84 years,13,4,40
13009,"Hispanic, any race",65-84 years,11,2,51
13013,"Hispanic, any race",65-84 years,59,14,189
13015,"Hispanic, any race",65-84 years,51,10,169
13021,"Hispanic, any race",65-84 years,30,7,129
13027,"Hispanic, any race",65-84 years,12,2,33
13029,"Hispanic, any race",65-84 years,14,3,47
13031,"Hispanic, any race",65-84 years,15,4,70
13033,"Hispanic, any race",65-84 years,11,3,31
13039,"Hispanic, any race",65-84 years,23,6,75
13045,"Hispanic, any race",65-84 years,43,8,124
13047,"Hispanic, any race",65-84 years,12,2,50
13051,"Hispanic, any race",65-84 years,137,37,421
13057,"Hispanic, any race",65-84 years,125,33,498
13059,"Hispanic, any race",65-84 years,61,16,203
13063,"Hispanic, any race",65-84 years,281,74,850
13067,"Hispanic, any race",65-84 years,395,110,1532
13069,"Hispanic, any race",65-84 years,21,7,78
13071,"Hispanic, any race",65-84 years,50,10,184
13073,"Hispanic, any race",65-84 years,63,15,177
13077,"Hispanic, any race",65-84 years,63,15,235
13087,"Hispanic, any race",65-84 years,9,2,31
13089,"Hispanic, any race",65-84 years,367,95,1132
13095,"Hispanic, any race",65-84 years,22,5,74
13097,"Hispanic, any race",65-84 years,94,19,290
13103,"Hispanic, any race",65-84 years,13,3,53
13113,"Hispanic, any race",65-84 years,68,16,208
13115,"Hispanic, any race",65-84 years,28,6,137
13117,"Hispanic, any race",65-84 years,120,27,392
13121,"Hispanic, any race",65-84 years,385,91,1206
13123,"Hispanic, any race",65-84 years,14,3,64
13127,"Hispanic, any race",65-84 years,47,8,132
13129,"Hispanic, any race",65-84 years,38,10,138
13131,"Hispanic, any race",65-84 years,11,3,43
13135,"Hispanic, any race",65-84 years,879,214,3049
13137,"Hispanic, any race",65-84 years,21,5,91
13139,"Hispanic, any race",65-84 years,190,42,789
13145,"Hispanic, any race",65-84 years,11,2,44
13151,"Hispanic, any race",65-84 years,114,29,366
13153,"Hispanic, any race",65-84 years,52,13,233
13157,"Hispanic, any race",65-84 years,28,7,111
13175,"Hispanic, any race",65-84 years,8,2,33
13179,"Hispanic, any race",65-84 years,60,14,155
13183,"Hispanic, any race",65-84 years,17,4,39
13185,"Hispanic, any race",65-84 years,29,8,123
13187,"Hispanic, any race",65-84 years,8,2,33
13195,"Hispanic, any race",65-84 years,10,2,38
13213,"Hispanic, any race",65-84 years,33,6,101
13215,"Hispanic, any race",65-84 years,97,24,394
13217,"Hispanic, any race",65-84 years,36,9,126
13219,"Hispanic, any race",65-84 years,12,3,48
13223,"Hispanic, any race",65-84 years,59,13,251
13225,"Hispanic, any race",65-84 years,13,3,51
13233,"Hispanic, any race",65-84 years,14,3,66
13237,"Hispanic, any race",65-84 years,8,2,31
13245,"Hispanic, any race",65-84 years,90,23,272
13247,"Hispanic, any race",65-84 years,51,13,167
13255,"Hispanic, any race",65-84 years,14,4,65
13261,"Hispanic, any race",65-84 years,16,4,62
13267,"Hispanic, any race",65-84 years,16,5,65
13275,"Hispanic, any race",65-84 years,11,3,37
13277,"Hispanic, any race",65-84 years,21,6,82
13279,"Hispanic, any race",65-84 years,12,3,50
13285,"Hispanic, any race",65-84 years,13,3,46
13291,"Hispanic, any race",65-84 years,12,2,40
13295,"Hispanic, any race",65-84 years,8,2,34
13297,"Hispanic, any race",65-84 years,27,7,94
13299,"Hispanic, any race",65-84 years,10,2,33
13305,"Hispanic, any race",65-84 years,9,2,33
13313,"Hispanic, any race",65-84 years,215,46,619
15001,"Hispanic, any race",65-84 years,250,60,538
15003,"Hispanic, any race",65-84 years,570,117,1409
15007,"Hispanic, any race",65-84 years,72,15,197
15009,"Hispanic, any race",65-84 years,131,33,392
16001,"Hispanic, any race",65-84 years,223,41,648
16005,"Hispanic, any race",65-84 years,42,11,169
16011,"Hispanic, any race",65-84 years,47,13,185
16013,"Hispanic, any race",65-84 years,16,4,59
16017,"Hispanic, any race",65-84 years,13,3,49
16019,"Hispanic, any race",65-84 years,63,15,226
16027,"Hispanic, any race",65-84 years,441,84,1048
16031,"Hispanic, any race",65-84 years,36,7,126
16039,"Hispanic, any race",65-84 years,45,7,98
16047,"Hispanic, any race",65-84 years,39,6,82
16051,"Hispanic, any race",65-84 years,15,4,45
16053,"Hispanic, any race",65-84 years,31,6,99
16055,"Hispanic, any race",65-84 years,61,14,202
16065,"Hispanic, any race",65-84 years,12,3,40
16067,"Hispanic, any race",65-84 years,59,13,190
16069,"Hispanic, any race",65-84 years,10,2,31
16073,"Hispanic, any race",65-84 years,36,8,80
16075,"Hispanic, any race",65-84 years,31,6,85
16077,"Hispanic, any race",65-84 years,12,3,45
16083,"Hispanic, any race",65-84 years,78,16,270
16087,"Hispanic, any race",65-84 years,15,2,54
17007,"Hispanic, any race",65-84 years,55,14,190
17011,"Hispanic, any race",65-84 years,27,6,75
17017,"Hispanic, any race",65-84 years,12,3,34
17019,"Hispanic, any race",65-84 years,43,13,143
17031,"Hispanic, any race",65-84 years,12307,3042,34535
17037,"Hispanic, any race",65-84 years,45,10,137
17041,"Hispanic, any race",65-84 years,8,2,30
17043,"Hispanic, any race",65-84 years,712,162,2049
17063,"Hispanic, any race",65-84 years,26,7,80
17073,"Hispanic, any race",65-84 years,18,4,49
17075,"Hispanic, any race",65-84 years,10,2,37
17077,"Hispanic, any race",65-84 years,20,5,46
17089,"Hispanic, any race",65-84 years,1058,269,3013
17091,"Hispanic, any race",65-84 years,62,13,199
17093,"Hispanic, any race",65-84 years,108,24,351
17095,"Hispanic, any race",65-84 years,29,7,80
17097,"Hispanic, any race",65-84 years,883,196,2431
17099,"Hispanic, any race",65-84 years,87,17,224
17103,"Hispanic, any race",65-84 years,19,4,51
17105,"Hispanic, any race",65-84 years,13,3,38
17111,"Hispanic, any race",65-84 years,192,40,555
17113,"Hispanic, any race",65-84 years,31,7,107
17115,"Hispanic, any race",65-84 years,14,3,47
17119,"Hispanic, any race",65-84 years,64,15,212
17141,"Hispanic, any race",65-84 years,42,7,103
17143,"Hispanic, any race",65-84 years,52,13,171
17161,"Hispanic, any race",65-84 years,173,33,509
17163,"Hispanic, any race",65-84 years,82,23,265
17167,"Hispanic, any race",65-84 years,28,7,90
17177,"Hispanic, any race",65-84 years,10,2,35
17179,"Hispanic, any race",65-84 years,20,4,57
17183,"Hispanic, any race",65-84 years,25,8,83
17187,"Hispanic, any race",65-84 years,12,3,29
17195,"Hispanic, any race",65-84 years,66,12,223
17197,"Hispanic, any race",65-84 years,756,181,2169
17199,"Hispanic, any race",65-84 years,11,3,30
17201,"Hispanic, any race",65-84 years,207,48,687
18001,"Hispanic, any race",65-84 years,18,4,50
18003,"Hispanic, any race",65-84 years,180,39,537
18005,"Hispanic, any race",65-84 years,19,4,56
18017,"Hispanic, any race",65-84 years,47,8,106
18019,"Hispanic, any race",65-84 years,26,6,88
18023,"Hispanic, any race",65-84 years,23,7,84
18033,"Hispanic, any race",65-84 years,12,2,31
18035,"Hispanic, any race",65-84 years,16,3,48
18039,"Hispanic, any race",65-84 years,121,29,422
18043,"Hispanic, any race",65-84 years,10,2,36
18053,"Hispanic, any race",65-84 years,33,4,76
18057,"Hispanic, any race",65-84 years,52,10,174
18059,"Hispanic, any race",65-84 years,13,3,39
18063,"Hispanic, any race",65-84 years,35,8,104
18067,"Hispanic, any race",65-84 years,30,5,83
18071,"Hispanic, any race",65-84 years,11,3,28
18073,"Hispanic, any race",65-84 years,8,2,34
18081,"Hispanic, any race",65-84 years,25,5,76
18085,"Hispanic, any race",65-84 years,34,7,100
18087,"Hispanic, any race",65-84 years,9,2,31
18089,"Hispanic, any race",65-84 years,955,246,3313
18091,"Hispanic, any race",65-84 years,50,10,145
18095,"Hispanic, any race",65-84 years,41,7,107
18097,"Hispanic, any race",65-84 years,389,87,1166
18099,"Hispanic, any race",65-84 years,22,6,91
18105,"Hispanic, any race",65-84 years,15,4,62
18107,"Hispanic, any race",65-84 years,11,3,33
18113,"Hispanic, any race",65-84 years,22,6,72
18127,"Hispanic, any race",65-84 years,107,29,431
18141,"Hispanic, any race",65-84 years,140,27,376
18149,"Hispanic, any race",65-84 years,7,2,31
18157,"Hispanic, any race",65-84 years,57,12,180
18163,"Hispanic, any race",65-84 years,30,8,95
18167,"Hispanic, any race",65-84 years,12,2,40
18177,"Hispanic, any race",65-84 years,13,3,33
19013,"Hispanic, any race",65-84 years,29,6,66
19021,"Hispanic, any race",65-84 years,25,5,76
19033,"Hispanic, any race",65-84 years,13,3,43
19047,"Hispanic, any race",65-84 years,23,3,50
19049,"Hispanic, any race",65-84 years,25,5,66
19061,"Hispanic, any race",65-84 years,10,2,34
19103,"Hispanic, any race",65-84 years,28,5,90
19111,"Hispanic, any race",65-84 years,19,4,43
19113,"Hispanic, any race",65-84 years,45,9,106
19115,"Hispanic, any race",65-84 years,17,3,36
19127,"Hispanic, any race",65-84 years,55,11,121
19139,"Hispanic, any race",65-84 years,85,18,179
19153,"Hispanic, any race",65-84 years,167,33,430
19155,"Hispanic, any race",65-84 years,46,10,147
19163,"Hispanic, any race",65-84 years,78,15,198
19169,"Hispanic, any race",65-84 years,13,3,30
19179,"Hispanic, any race",65-84 years,22,5,56
19193,"Hispanic, any race",65-84 years,67,13,223
20009,"Hispanic, any race",65-84 years,20,3,70
20015,"Hispanic, any race",65-84 years,19,4,61
20035,"Hispanic, any race",65-84 years,21,5,76
20045,"Hispanic, any race",65-84 years,27,6,98
20055,"Hispanic, any race",65-84 years,123,32,419
20057,"Hispanic, any race",65-84 years,77,21,298
20061,"Hispanic, any race",65-84 years,14,4,58
20067,"Hispanic, any race",65-84 years,25,7,79
20079,"Hispanic, any race",65-84 years,35,7,99
20081,"Hispanic, any race",65-84 years,8,2,32
20091,"Hispanic, any race",65-84 years,172,40,591
20103,"Hispanic, any race",65-84 years,27,6,89
20111,"Hispanic, any race",65-84 years,70,15,156
20125,"Hispanic, any race",65-84 years,10,2,40
20155,"Hispanic, any race",65-84 years,31,7,141
20161,"Hispanic, any race",65-84 years,14,4,46
20169,"Hispanic, any race",65-84 years,38,7,94
20173,"Hispanic, any race",65-84 years,469,87,1323
20175,"Hispanic, any race",65-84 years,88,22,266
20177,"Hispanic, any race",65-84 years,170,35,535
20189,"Hispanic, any race",65-84 years,12,4,34
20191,"Hispanic, any race",65-84 years,10,2,41
20209,"Hispanic, any race",65-84 years,359,93,1069
21015,"Hispanic, any race",65-84 years,31,7,82
21029,"Hispanic, any race",65-84 years,11,3,36
21037,"Hispanic, any race",65-84 years,19,4,47
21047,"Hispanic, any race",65-84 years,10,2,37
21059,"Hispanic, any race",65-84 years,8,2,39
21067,"Hispanic, any race",65-84 years,93,21,312
21083,"Hispanic, any race",65-84 years,14,4,35
21093,"Hispanic, any race",65-84 years,23,6,106
21101,"Hispanic, any race",65-84 years,9,3,27
21111,"Hispanic, any race",65-84 years,230,54,733
21117,"Hispanic, any race",65-84 years,27,6,78
21145,"Hispanic, any race",65-84 years,9,2,32
21151,"Hispanic, any race",65-84 years,17,3,52
21185,"Hispanic, any race",65-84 years,11,3,37
21199,"Hispanic, any race",65-84 years,8,2,34
21211,"Hispanic, any race",65-84 years,17,4,49
21227,"Hispanic, any race",65-84 years,29,6,92
22001,"Hispanic, any race",65-84 years,9,2,38
22005,"Hispanic, any race",65-84 years,71,15,168
22009,"Hispanic, any race",65-84 years,13,2,38
22015,"Hispanic, any race",65-84 years,42,11,162
22017,"Hispanic, any race",65-84 years,60,17,225
22019,"Hispanic, any race",65-84 years,51,10,192
22031,"Hispanic, any race",65-84 years,11,3,38
22033,"Hispanic, any race",65-84 years,189,53,546
22045,"Hispanic, any race",65-84 years,19,5,83
22047,"Hispanic, any race",65-84 years,18,3,39
22051,"Hispanic, any race",65-84 years,926,221,2290
22055,"Hispanic, any race",65-84 years,56,14,234
22057,"Hispanic, any race",65-84 years,29,8,96
22061,"Hispanic, any race",65-84 years,13,3,30
22063,"Hispanic, any race",65-84 years,44,11,139
22069,"Hispanic, any race",65-84 years,9,2,38
22071,"Hispanic, any race",65-84 years,343,82,861
22073,"Hispanic, any race",65-84 years,28,8,107
22075,"Hispanic, any race",65-84 years,19,4,44
22079,"Hispanic, any race",65-84 years,48,9,138
22085,"Hispanic, any race",65-84 years,15,4,55
22087,"Hispanic, any race",65-84 years,74,18,202
22089,"Hispanic, any race",65-84 years,42,11,105
22095,"Hispanic, any race",65-84 years,47,11,104
22097,"Hispanic, any race",65-84 years,17,4,66
22099,"Hispanic, any race",65-84 years,10,2,39
22101,"Hispanic, any race",65-84 years,25,7,113
22103,"Hispanic, any race",65-84 years,240,45,517
22105,"Hispanic, any race",65-84 years,67,14,159
22109,"Hispanic, any race",65-84 years,40,11,127
22113,"Hispanic, any race",65-84 years,15,3,50
22115,"Hispanic, any race",65-84 years,22,4,67
22117,"Hispanic, any race",65-84 years,19,4,48
22119,"Hispanic, any race",65-84 years,7,2,30
22121,"Hispanic, any race",65-84 years,11,3,30
23001,"Hispanic, any race",65-84 years,16,4,46
23005,"Hispanic, any race",65-84 years,37,8,97
23011,"Hispanic, any race",65-84 years,14,3,40
23019,"Hispanic, any race",65-84 years,18,4,48
23031,"Hispanic, any race",65-84 years,29,6,78
24003,"Hispanic, any race",65-84 years,219,48,647
24005,"Hispanic, any race",65-84 years,240,65,779
24009,"Hispanic, any race",65-84 years,18,5,64
24011,"Hispanic, any race",65-84 years,8,2,33
24013,"Hispanic, any race",65-84 years,27,6,95
24015,"Hispanic, any race",65-84 years,28,7,83
24017,"Hispanic, any race",65-84 years,67,18,177
24019,"Hispanic, any race",65-84 years,10,3,32
24021,"Hispanic, any race",65-84 years,170,41,431
24025,"Hispanic, any race",65-84 years,70,18,229
24027,"Hispanic, any race",65-84 years,93,24,318
24031,"Hispanic, any race",65-84 years,1727,369,5047
24033,"Hispanic, any race",65-84 years,994,280,2811
24037,"Hispanic, any race",65-84 years,26,7,93
24041,"Hispanic, any race",65-84 years,8,2,36
24043,"Hispanic, any race",65-84 years,40,10,133
24045,"Hispanic, any race",65-84 years,26,6,84
24047,"Hispanic, any race",65-84 years,15,3,48
24510,"Hispanic, any race",65-84 years,201,54,676
25001,"Hispanic, any race",65-84 years,56,12,153
25003,"Hispanic, any race",65-84 years,23,7,110
25005,"Hispanic, any race",65-84 years,301,59,787
25009,"Hispanic, any race",65-84 years,1531,326,3762
25011,"Hispanic, any race",65-84 years,19,5,54
25013,"Hispanic, any race",65-84 years,1160,221,2981
25015,"Hispanic, any race",65-84 years,46,11,134
25017,"Hispanic, any race",65-84 years,863,187,2151
25021,"Hispanic, any race",65-84 years,205,46,562
25023,"Hispanic, any race",65-84 years,164,35,438
25025,"Hispanic, any race",65-84 years,1950,403,4554
25027,"Hispanic, any race",65-84 years,684,171,1889
26005,"Hispanic, any race",65-84 years,49,14,172
26015,"Hispanic, any race",65-84 years,10,2,42
26017,"Hispanic, any race",65-84 years,50,10,159
26021,"Hispanic, any race",65-84 years,43,11,174
26025,"Hispanic, any race",65-84 years,43,9,151
26027,"Hispanic, any race",65-84 years,9,2,38
26037,"Hispanic, any race",65-84 years,42,9,96
26045,"Hispanic, any race",65-84 years,56,16,170
26049,"Hispanic, any race",65-84 years,123,32,408
26055,"Hispanic, any race",65-84 years,14,3,42
26057,"Hispanic, any race",65-84 years,27,6,63
26065,"Hispanic, any race",65-84 years,166,45,501
26067,"Hispanic, any race",65-84 years,15,4,49
26073,"Hispanic, any race",65-84 years,15,3,46
26075,"Hispanic, any race",65-84 years,45,11,148
26077,"Hispanic, any race",65-84 years,41,11,193
26081,"Hispanic, any race",65-84 years,346,80,1059
26087,"Hispanic, any race",65-84 years,30,8,102
26091,"Hispanic, any race",65-84 years,107,23,253
26093,"Hispanic, any race",65-84 years,32,8,94
26099,"Hispanic, any race",65-84 years,161,40,509
26111,"Hispanic, any race",65-84 years,19,3,49
26115,"Hispanic, any race",65-84 years,45,10,135
26117,"Hispanic, any race",65-84 years,16,4,50
26121,"Hispanic, any race",65-84 years,73,18,223
26123,"Hispanic, any race",65-84 years,19,5,55
26125,"Hispanic, any race",65-84 years,280,68,911
26127,"Hispanic, any race",65-84 years,28,8,73
26139,"Hispanic, any race",65-84 years,150,39,456
26145,"Hispanic, any race",65-84 years,174,41,596
26147,"Hispanic, any race",65-84 years,57,10,127
26149,"Hispanic, any race",65-84 years,13,3,55
26151,"Hispanic, any race",65-84 years,17,4,55
26155,"Hispanic, any race",65-84 years,21,5,57
26157,"Hispanic, any race",65-84 years,16,4,55
26159,"Hispanic, any race",65-84 years,40,11,155
26161,"Hispanic, any race",65-84 years,89,18,263
26163,"Hispanic, any race",65-84 years,958,243,2817
27003,"Hispanic, any race",65-84 years,64,15,197
27019,"Hispanic, any race",65-84 years,12,3,39
27027,"Hispanic, any race",65-84 years,12,3,36
27037,"Hispanic, any race",65-84 years,132,35,399
27047,"Hispanic, any race",65-84 years,13,3,45
27053,"Hispanic, any race",65-84 years,234,55,783
27067,"Hispanic, any race",65-84 years,24,5,55
27099,"Hispanic, any race",65-84 years,16,4,38
27105,"Hispanic, any race",65-84 years,16,3,58
27109,"Hispanic, any race",65-84 years,22,5,84
27111,"Hispanic, any race",65-84 years,12,2,33
27123,"Hispanic, any race",65-84 years,168,39,532
27131,"Hispanic, any race",65-84 years,15,4,51
27137,"Hispanic, any race",65-84 years,13,2,47
27139,"Hispanic, any race",65-84 years,25,6,75
27145,"Hispanic, any race",65-84 years,19,4,55
27147,"Hispanic, any race",65-84 years,8,2,31
27163,"Hispanic, any race",65-84 years,50,13,159
27165,"Hispanic, any race",65-84 years,15,3,37
27171,"Hispanic, any race",65-84 years,17,4,41
28001,"Hispanic, any race",65-84 years,11,3,34
28033,"Hispanic, any race",65-84 years,35,9,157
28035,"Hispanic, any race",65-84 years,20,5,47
28045,"Hispanic, any race",65-84 years,27,5,74
28047,"Hispanic, any race",65-84 years,76,17,277
28049,"Hispanic, any race",65-84 years,14,3,41
28059,"Hispanic, any race",65-84 years,42,12,183
28067,"Hispanic, any race",65-84 years,17,4,53
28073,"Hispanic, any race",65-84 years,11,2,32
28075,"Hispanic, any race",65-84 years,16,4,41
28081,"Hispanic, any race",65-84 years,13,3,45
28087,"Hispanic, any race",65-84 years,12,3,33
28089,"Hispanic, any race",65-84 years,14,4,49
28093,"Hispanic, any race",65-84 years,9,2,34
28109,"Hispanic, any race",65-84 years,33,6,71
28113,"Hispanic, any race",65-84 years,10,2,31
28121,"Hispanic, any race",65-84 years,22,5,74
28123,"Hispanic, any race",65-84 years,18,5,65
28149,"Hispanic, any race",65-84 years,13,3,36
29009,"Hispanic, any race",65-84 years,15,3,64
29019,"Hispanic, any race",65-84 years,26,6,88
29021,"Hispanic, any race",65-84 years,25,5,114
29029,"Hispanic, any race",65-84 years,10,2,30
29037,"Hispanic, any race",65-84 years,24,6,88
29043,"Hispanic, any race",65-84 years,14,3,44
29047,"Hispanic, any race",65-84 years,107,26,396
29051,"Hispanic, any race",65-84 years,17,2,41
29069,"Hispanic, any race",65-84 years,12,3,33
29071,"Hispanic, any race",65-84 years,16,3,40
29077,"Hispanic, any race",65-84 years,60,13,186
29095,"Hispanic, any race",65-84 years,405,105,1420
29097,"Hispanic, any race",65-84 years,41,7,150
29099,"Hispanic, any race",65-84 years,33,8,106
29109,"Hispanic, any race",65-84 years,13,3,46
29119,"Hispanic, any race",65-84 years,12,3,45
29145,"Hispanic, any race",65-84 years,18,3,60
29159,"Hispanic, any race",65-84 years,18,4,56
29161,"Hispanic, any race",65-84 years,11,3,25
29165,"Hispanic, any race",65-84 years,38,9,133
29169,"Hispanic, any race",65-84 years,24,4,52
29183,"Hispanic, any race",65-84 years,94,19,233
29187,"Hispanic, any race",65-84 years,7,1,30
29189,"Hispanic, any race",65-84 years,179,42,534
29195,"Hispanic, any race",65-84 years,16,3,62
29213,"Hispanic, any race",65-84 years,23,3,62
29510,"Hispanic, any race",65-84 years,82,22,291
30013,"Hispanic, any race",65-84 years,13,3,52
30029,"Hispanic, any race",65-84 years,19,5,69
30031,"Hispanic, any race",65-84 years,15,4,52
30047,"Hispanic, any race",65-84 years,9,2,33
30049,"Hispanic, any race",65-84 years,10,2,37
30063,"Hispanic, any race",65-84 years,15,4,55
30081,"Hispanic, any race",65-84 years,11,3,49
30093,"Hispanic, any race",65-84 years,9,2,37
30111,"Hispanic, any race",65-84 years,39,9,138
31001,"Hispanic, any race",65-84 years,8,2,38
31013,"Hispanic, any race",65-84 years,11,3,28
31019,"Hispanic, any race",65-84 years,18,4,57
31037,"Hispanic, any race",65-84 years,16,3,55
31043,"Hispanic, any race",65-84 years,51,13,126
31047,"Hispanic, any race",65-84 years,51,13,167
31053,"Hispanic, any race",65-84 years,13,2,42
31055,"Hispanic, any race",65-84 years,318,67,884
31079,"Hispanic, any race",65-84 years,83,20,254
31109,"Hispanic, any race",65-84 years,87,19,281
31111,"Hispanic, any race",65-84 years,22,5,78
31119,"Hispanic, any race",65-84 years,19,4,70
31141,"Hispanic, any race",65-84 years,29,6,79
31151,"Hispanic, any race",65-84 years,11,2,38
31153,"Hispanic, any race",65-84 years,86,19,254
31157,"Hispanic, any race",65-84 years,82,17,248
32001,"Hispanic, any race",65-84 years,21,6,83
32003,"Hispanic, any race",65-84 years,4006,1020,16193
32005,"Hispanic, any race",65-84 years,63,14,206
32007,"Hispanic, any race",65-84 years,74,22,275
32013,"Hispanic, any race",65-84 years,34,11,119
32015,"Hispanic, any race",65-84 years,11,3,35
32019,"Hispanic, any race",65-84 years,81,20,283
32023,"Hispanic, any race",65-84 years,80,18,338
32027,"Hispanic, any race",65-84 years,9,3,34
32031,"Hispanic, any race",65-84 years,573,150,2138
32033,"Hispanic, any race",65-84 years,9,2,43
32510,"Hispanic, any race",65-84 years,86,19,293
33005,"Hispanic, any race",65-84 years,9,2,30
33009,"Hispanic, any race",65-84 years,13,2,38
33011,"Hispanic, any race",65-84 years,160,31,445
33013,"Hispanic, any race",65-84 years,17,4,54
33015,"Hispanic, any race",65-84 years,51,11,154
33017,"Hispanic, any race",65-84 years,14,3,52
34001,"Hispanic, any race",65-84 years,372,108,1339
34003,"Hispanic, any race",65-84 years,1404,310,4582
34005,"Hispanic, any race",65-84 years,238,57,778
34007,"Hispanic, any race",65-84 years,641,161,2005
34009,"Hispanic, any race",65-84 years,34,9,129
34011,"Hispanic, any race",65-84 years,459,112,1439
34013,"Hispanic, any race",65-84 years,2049,511,6040
34015,"Hispanic, any race",65-84 years,123,28,401
34017,"Hispanic, any race",65-84 years,3916,1087,13214
34019,"Hispanic, any race",65-84 years,45,11,142
34021,"Hispanic, any race",65-84 years,401,90,1286
34023,"Hispanic, any race",65-84 years,1448,301,4514
34025,"Hispanic, any race",65-84 years,341,82,1343
34027,"Hispanic, any race",65-84 years,480,107,1367
34029,"Hispanic, any race",65-84 years,450,103,1504
34031,"Hispanic, any race",65-84 years,2653,662,7419
34033,"Hispanic, any race",65-84 years,29,8,115
34035,"Hispanic, any race",65-84 years,299,70,957
34037,"Hispanic, any race",65-84 years,87,23,280
34039,"Hispanic, any race",65-84 years,2027,413,5248
34041,"Hispanic, any race",65-84 years,71,18,230
35001,"Hispanic, any race",65-84 years,3521,843,11285
35003,"Hispanic, any race",65-84 years,28,5,74
35005,"Hispanic, any race",65-84 years,328,92,1429
35006,"Hispanic, any race",65-84 years,200,51,549
35007,"Hispanic, any race",65-84 years,78,19,379
35009,"Hispanic, any race",65-84 years,176,38,596
35011,"Hispanic, any race",65-84 years,16,4,54
35013,"Hispanic, any race",65-84 years,2000,448,6117
35015,"Hispanic, any race",65-84 years,269,77,1187
35017,"Hispanic, any race",65-84 years,268,59,831
35019,"Hispanic, any race",65-84 years,82,19,278
35023,"Hispanic, any race",65-84 years,46,9,148
35025,"Hispanic, any race",65-84 years,311,95,1109
35027,"Hispanic, any race",65-84 years,91,26,340
35028,"Hispanic, any race",65-84 years,14,3,61
35029,"Hispanic, any race",65-84 years,264,63,855
35031,"Hispanic, any race",65-84 years,250,56,612
35033,"Hispanic, any race",65-84 years,141,20,357
35035,"Hispanic, any race",65-84 years,257,56,975
35037,"Hispanic, any race",65-84 years,109,21,270
35039,"Hispanic, any race",65-84 years,554,164,2117
35041,"Hispanic, any race",65-84 years,80,21,258
35043,"Hispanic, any race",65-84 years,664,184,2184
35045,"Hispanic, any race",65-84 years,318,84,847
35047,"Hispanic, any race",65-84 years,690,124,1773
35049,"Hispanic, any race",65-84 years,723,188,3110
35051,"Hispanic, any race",65-84 years,59,13,220
35053,"Hispanic, any race",65-84 years,167,46,539
35055,"Hispanic, any race",65-84 years,405,120,1299
35057,"Hispanic, any race",65-84 years,102,29,344
35059,"Hispanic, any race",65-84 years,33,7,86
35061,"Hispanic, any race",65-84 years,752,202,2496
36001,"Hispanic, any race",65-84 years,115,26,357
36005,"Hispanic, any race",65-84 years,12704,2995,40538
36007,"Hispanic, any race",65-84 years,34,9,162
36011,"Hispanic, any race",65-84 years,15,5,40
36013,"Hispanic, any race",65-84 years,67,15,199
36015,"Hispanic, any race",65-84 years,13,3,50
36017,"Hispanic, any race",65-84 years,11,2,31
36019,"Hispanic, any race",65-84 years,10,3,41
36021,"Hispanic, any race",65-84 years,25,5,71
36025,"Hispanic, any race",65-84 years,18,4,56
36027,"Hispanic, any race",65-84 years,208,49,789
36029,"Hispanic, any race",65-84 years,322,76,1070
36035,"Hispanic, any race",65-84 years,8,2,34
36037,"Hispanic, any race",65-84 years,10,2,31
36039,"Hispanic, any race",65-84 years,27,5,65
36045,"Hispanic, any race",65-84 years,21,3,51
36047,"Hispanic, any race",65-84 years,7041,1471,21454
36051,"Hispanic, any race",65-84 years,9,2,32
36053,"Hispanic, any race",65-84 years,10,2,31
36055,"Hispanic, any race",65-84 years,384,102,1426
36057,"Hispanic, any race",65-84 years,58,18,185
36059,"Hispanic, any race",65-84 years,1477,327,5291
36061,"Hispanic, any race",65-84 years,4492,904,18042
36063,"Hispanic, any race",65-84 years,43,11,150
36065,"Hispanic, any race",65-84 years,81,20,258
36067,"Hispanic, any race",65-84 years,115,27,387
36069,"Hispanic, any race",65-84 years,25,7,82
36071,"Hispanic, any race",65-84 years,626,145,1886
36073,"Hispanic, any race",65-84 years,10,2,36
36075,"Hispanic, any race",65-84 years,14,3,45
36077,"Hispanic, any race",65-84 years,14,3,45
36079,"Hispanic, any race",65-84 years,94,21,286
36081,"Hispanic, any race",65-84 years,8906,1946,27900
36083,"Hispanic, any race",65-84 years,49,11,122
36085,"Hispanic, any race",65-84 years,671,162,2146
36087,"Hispanic, any race",65-84 years,456,103,1246
36089,"Hispanic, any race",65-84 years,9,2,38
36091,"Hispanic, any race",65-84 years,47,10,147
36093,"Hispanic, any race",65-84 years,58,14,202
36095,"Hispanic, any race",65-84 years,18,5,42
36101,"Hispanic, any race",65-84 years,10,2,35
36103,"Hispanic, any race",65-84 years,1727,384,5856
36105,"Hispanic, any race",65-84 years,102,23,333
36109,"Hispanic, any race",65-84 years,28,4,68
36111,"Hispanic, any race",65-84 years,138,32,454
36113,"Hispanic, any race",65-84 years,14,3,41
36117,"Hispanic, any race",65-84 years,21,7,79
36119,"Hispanic, any race",65-84 years,1665,373,5613
37001,"Hispanic, any race",65-84 years,103,24,341
37003,"Hispanic, any race",65-84 years,11,3,39
37005,"Hispanic, any race",65-84 years,10,2,30
37013,"Hispanic, any race",65-84 years,18,4,47
37017,"Hispanic, any race",65-84 years,12,3,41
37019,"Hispanic, any race",65-84 years,67,12,201
37021,"Hispanic, any race",65-84 years,86,18,288
37023,"Hispanic, any race",65-84 years,16,4,71
37025,"Hispanic, any race",65-84 years,96,18,343
37027,"Hispanic, any race",65-84 years,19,5,84
37031,"Hispanic, any race",65-84 years,11,3,49
37035,"Hispanic, any race",65-84 years,56,14,256
37037,"Hispanic, any race",65-84 years,34,9,112
37039,"Hispanic, any race",65-84 years,11,3,46
37045,"Hispanic, any race",65-84 years,26,6,93
37047,"Hispanic, any race",65-84 years,20,3,58
37049,"Hispanic, any race",65-84 years,38,8,108
37051,"Hispanic, any race",65-84 years,237,53,784
37055,"Hispanic, any race",65-84 years,10,3,36
37057,"Hispanic, any race",65-84 years,59,16,194
37059,"Hispanic, any race",65-84 years,18,4,47
37061,"Hispanic, any race",65-84 years,52,12,141
37063,"Hispanic, any race",65-84 years,154,41,506
37065,"Hispanic, any race",65-84 years,20,4,56
37067,"Hispanic, any race",65-84 years,268,68,687
37069,"Hispanic, any race",65-84 years,38,9,104
37071,"Hispanic, any race",65-84 years,105,19,329
37077,"Hispanic, any race",65-84 years,35,10,90
37079,"Hispanic, any race",65-84 years,24,4,51
37081,"Hispanic, any race",65-84 years,225,56,669
37083,"Hispanic, any race",65-84 years,12,3,34
37085,"Hispanic, any race",65-84 years,107,27,255
37087,"Hispanic, any race",65-84 years,15,3,62
37089,"Hispanic, any race",65-84 years,61,15,226
37093,"Hispanic, any race",65-84 years,38,9,119
37097,"Hispanic, any race",65-84 years,86,18,277
37099,"Hispanic, any race",65-84 years,11,4,42
37101,"Hispanic, any race",65-84 years,140,30,432
37105,"Hispanic, any race",65-84 years,52,12,196
37107,"Hispanic, any race",65-84 years,37,5,80
37109,"Hispanic, any race",65-84 years,40,10,150
37111,"Hispanic, any race",65-84 years,10,2,45
37113,"Hispanic, any race",65-84 years,12,3,51
37119,"Hispanic, any race",65-84 years,804,189,2229
37123,"Hispanic, any race",65-84 years,17,3,48
37125,"Hispanic, any race",65-84 years,26,6,93
37127,"Hispanic, any race",65-84 years,37,9,129
37129,"Hispanic, any race",65-84 years,57,12,202
37133,"Hispanic, any race",65-84 years,84,22,265
37135,"Hispanic, any race",65-84 years,52,12,151
37139,"Hispanic, any race",65-84 years,14,3,46
37141,"Hispanic, any race",65-84 years,21,5,66
37145,"Hispanic, any race",65-84 years,18,4,38
37147,"Hispanic, any race",65-84 years,47,10,146
37151,"Hispanic, any race",65-84 years,56,12,199
37153,"Hispanic, any race",65-84 years,12,3,54
37155,"Hispanic, any race",65-84 years,61,12,180
37157,"Hispanic, any race",65-84 years,30,7,93
37159,"Hispanic, any race",65-84 years,56,12,194
37161,"Hispanic, any race",65-84 years,23,7,67
37163,"Hispanic, any race",65-84 years,68,18,231
37165,"Hispanic, any race",65-84 years,9,2,34
37167,"Hispanic, any race",65-84 years,17,3,54
37169,"Hispanic, any race",65-84 years,13,3,35
37171,"Hispanic, any race",65-84 years,33,6,99
37175,"Hispanic, any race",65-84 years,8,2,35
37179,"Hispanic, any race",65-84 years,168,36,421
37181,"Hispanic, any race",65-84 years,23,5,55
37183,"Hispanic, any race",65-84 years,461,116,1424
37191,"Hispanic, any race",65-84 years,84,20,195
37193,"Hispanic, any race",65-84 years,18,3,75
37195,"Hispanic, any race",65-84 years,35,9,135
37197,"Hispanic, any race",65-84 years,20,5,52
38017,"Hispanic, any race",65-84 years,11,2,30
39003,"Hispanic, any race",65-84 years,25,5,74
39007,"Hispanic, any race",65-84 years,26,6,86
39017,"Hispanic, any race",65-84 years,86,17,299
39023,"Hispanic, any race",65-84 years,21,5,93
39025,"Hispanic, any race",65-84 years,36,9,110
39029,"Hispanic, any race",65-84 years,10,2,36
39035,"Hispanic, any race",65-84 years,704,151,2007
39039,"Hispanic, any race",65-84 years,43,9,113
39041,"Hispanic, any race",65-84 years,29,5,78
39043,"Hispanic, any race",65-84 years,24,6,77
39045,"Hispanic, any race",65-84 years,21,5,68
39049,"Hispanic, any race",65-84 years,327,66,983
39051,"Hispanic, any race",65-84 years,33,6,93
39055,"Hispanic, any race",65-84 years,10,3,34
39057,"Hispanic, any race",65-84 years,30,6,99
39061,"Hispanic, any race",65-84 years,172,34,488
39063,"Hispanic, any race",65-84 years,30,6,108
39069,"Hispanic, any race",65-84 years,19,4,50
39077,"Hispanic, any race",65-84 years,27,5,74
39085,"Hispanic, any race",65-84 years,51,12,171
39089,"Hispanic, any race",65-84 years,20,5,63
39093,"Hispanic, any race",65-84 years,414,80,976
39095,"Hispanic, any race",65-84 years,281,48,749
39099,"Hispanic, any race",65-84 years,100,25,405
39101,"Hispanic, any race",65-84 years,12,2,33
39103,"Hispanic, any race",65-84 years,28,6,85
39109,"Hispanic, any race",65-84 years,15,3,45
39113,"Hispanic, any race",65-84 years,117,27,361
39123,"Hispanic, any race",65-84 years,21,5,68
39125,"Hispanic, any race",65-84 years,12,2,32
39133,"Hispanic, any race",65-84 years,14,3,53
39137,"Hispanic, any race",65-84 years,23,3,50
39139,"Hispanic, any race",65-84 years,20,5,59
39143,"Hispanic, any race",65-84 years,75,13,199
39145,"Hispanic, any race",65-84 years,8,2,30
39147,"Hispanic, any race",65-84 years,24,4,76
39151,"Hispanic, any race",65-84 years,58,11,196
39153,"Hispanic, any race",65-84 years,83,17,250
39155,"Hispanic, any race",65-84 years,37,7,99
39161,"Hispanic, any race",65-84 years,13,2,31
39165,"Hispanic, any race",65-84 years,31,6,95
39169,"Hispanic, any race",65-84 years,16,3,48
39171,"Hispanic, any race",65-84 years,18,3,45
39173,"Hispanic, any race",65-84 years,59,11,163
40001,"Hispanic, any race",65-84 years,15,3,39
40009,"Hispanic, any race",65-84 years,10,2,36
40013,"Hispanic, any race",65-84 years,15,4,51
40015,"Hispanic, any race",65-84 years,25,6,74
40017,"Hispanic, any race",65-84 years,75,17,204
40019,"Hispanic, any race",65-84 years,30,6,77
40021,"Hispanic, any race",65-84 years,22,4,63
40027,"Hispanic, any race",65-84 years,153,32,484
40031,"Hispanic, any race",65-84 years,93,23,330
40037,"Hispanic, any race",65-84 years,17,4,58
40039,"Hispanic, any race",65-84 years,38,10,96
40041,"Hispanic, any race",65-84 years,13,3,45
40047,"Hispanic, any race",65-84 years,56,10,124
40049,"Hispanic, any race",65-84 years,15,4,48
40051,"Hispanic, any race",65-84 years,18,5,65
40057,"Hispanic, any race",65-84 years,11,2,33
40065,"Hispanic, any race",65-84 years,47,13,172
40071,"Hispanic, any race",65-84 years,29,5,83
40073,"Hispanic, any race",65-84 years,8,2,36
40075,"Hispanic, any race",65-84 years,8,2,32
40079,"Hispanic, any race",65-84 years,16,5,58
40083,"Hispanic, any race",65-84 years,26,5,70
40085,"Hispanic, any race",65-84 years,13,3,33
40087,"Hispanic, any race",65-84 years,15,4,57
40089,"Hispanic, any race",65-84 years,9,2,32
40095,"Hispanic, any race",65-84 years,17,4,56
40097,"Hispanic, any race",65-84 years,17,4,38
40101,"Hispanic, any race",65-84 years,18,5,75
40109,"Hispanic, any race",65-84 years,722,154,1977
40111,"Hispanic, any race",65-84 years,11,3,36
40113,"Hispanic, any race",65-84 years,17,3,52
40115,"Hispanic, any race",65-84 years,8,2,34
40119,"Hispanic, any race",65-84 years,15,3,43
40121,"Hispanic, any race",65-84 years,10,3,41
40123,"Hispanic, any race",65-84 years,16,4,44
40125,"Hispanic, any race",65-84 years,25,6,85
40131,"Hispanic, any race",65-84 years,34,6,82
40133,"Hispanic, any race",65-84 years,15,3,36
40135,"Hispanic, any race",65-84 years,10,2,33
40137,"Hispanic, any race",65-84 years,35,7,75
40139,"Hispanic, any race",65-84 years,61,14,162
40141,"Hispanic, any race",65-84 years,25,6,75
40143,"Hispanic, any race",65-84 years,409,94,1224
40145,"Hispanic, any race",65-84 years,30,7,96
40147,"Hispanic, any race",65-84 years,16,4,65
40153,"Hispanic, any race",65-84 years,9,2,39
41003,"Hispanic, any race",65-84 years,25,6,88
41005,"Hispanic, any race",65-84 years,204,46,584
41007,"Hispanic, any race",65-84 years,15,4,59
41009,"Hispanic, any race",65-84 years,22,5,69
41011,"Hispanic, any race",65-84 years,38,9,134
41013,"Hispanic, any race",65-84 years,11,3,39
41015,"Hispanic, any race",65-84 years,31,5,70
41017,"Hispanic, any race",65-84 years,83,18,244
41019,"Hispanic, any race",65-84 years,74,15,248
41027,"Hispanic, any race",65-84 years,33,9,128
41029,"Hispanic, any race",65-84 years,171,43,537
41031,"Hispanic, any race",65-84 years,31,9,91
41033,"Hispanic, any race",65-84 years,80,20,222
41035,"Hispanic, any race",65-84 years,73,14,221
41039,"Hispanic, any race",65-84 years,194,50,616
41041,"Hispanic, any race",65-84 years,27,7,101
41043,"Hispanic, any race",65-84 years,53,14,212
41045,"Hispanic, any race",65-84 years,98,16,227
41047,"Hispanic, any race",65-84 years,417,102,1389
41049,"Hispanic, any race",65-84 years,27,7,91
41051,"Hispanic, any race",65-84 years,387,87,1133
41053,"Hispanic, any race",65-84 years,56,15,208
41057,"Hispanic, any race",65-84 years,14,4,45
41059,"Hispanic, any race",65-84 years,107,25,368
41065,"Hispanic, any race",65-84 years,18,5,81
41067,"Hispanic, any race",65-84 years,502,116,1274
41071,"Hispanic, any race",65-84 years,134,26,313
42001,"Hispanic, any race",65-84 years,37,9,113
42003,"Hispanic, any race",65-84 years,152,34,530
42007,"Hispanic, any race",65-84 years,31,6,81
42011,"Hispanic, any race",65-84 years,691,167,1750
42013,"Hispanic, any race",65-84 years,14,2,42
42017,"Hispanic, any race",65-84 years,248,65,663
42019,"Hispanic, any race",65-84 years,18,3,56
42021,"Hispanic, any race",65-84 years,16,4,63
42025,"Hispanic, any race",65-84 years,27,7,80
42027,"Hispanic, any race",65-84 years,16,4,56
42029,"Hispanic, any race",65-84 years,183,42,557
42033,"Hispanic, any race",65-84 years,8,2,30
42037,"Hispanic, any race",65-84 years,16,3,35
42041,"Hispanic, any race",65-84 years,56,9,146
42043,"Hispanic, any race",65-84 years,184,38,538
42045,"Hispanic, any race",65-84 years,106,29,354
42049,"Hispanic, any race",65-84 years,86,20,211
42051,"Hispanic, any race",65-84 years,11,3,40
42055,"Hispanic, any race",65-84 years,50,11,134
42069,"Hispanic, any race",65-84 years,71,16,246
42071,"Hispanic, any race",65-84 years,426,96,1215
42075,"Hispanic, any race",65-84 years,138,27,390
42077,"Hispanic, any race",65-84 years,665,163,1851
42079,"Hispanic, any race",65-84 years,279,52,687
42081,"Hispanic, any race",65-84 years,10,2,37
42085,"Hispanic, any race",65-84 years,14,2,44
42089,"Hispanic, any race",65-84 years,316,79,851
42091,"Hispanic, any race",65-84 years,217,48,640
42095,"Hispanic, any race",65-84 years,397,99,989
42097,"Hispanic, any race",65-84 years,26,5,62
42101,"Hispanic, any race",65-84 years,2345,557,6945
42103,"Hispanic, any race",65-84 years,82,19,232
42107,"Hispanic, any race",65-84 years,40,10,91
42119,"Hispanic, any race",65-84 years,13,3,29
42125,"Hispanic, any race",65-84 years,25,5,84
42127,"Hispanic, any race",65-84 years,25,5,80
42129,"Hispanic, any race",65-84 years,40,9,115
42133,"Hispanic, any race",65-84 years,201,39,577
44003,"Hispanic, any race",65-84 years,55,11,160
44005,"Hispanic, any race",65-84 years,24,5,63
44007,"Hispanic, any race",65-84 years,1251,275,3311
44009,"Hispanic, any race",65-84 years,25,6,64
45003,"Hispanic, any race",65-84 years,75,16,225
45007,"Hispanic, any race",65-84 years,45,10,157
45013,"Hispanic, any race",65-84 years,127,27,344
45015,"Hispanic, any race",65-84 years,96,23,316
45019,"Hispanic, any race",65-84 years,111,26,338
45021,"Hispanic, any race",65-84 years,15,4,54
45025,"Hispanic, any race",65-84 years,13,3,45
45027,"Hispanic, any race",65-84 years,11,3,38
45029,"Hispanic, any race",65-84 years,12,3,36
45031,"Hispanic, any race",65-84 years,14,2,41
45035,"Hispanic, any race",65-84 years,50,12,174
45041,"Hispanic, any race",65-84 years,19,6,90
45043,"Hispanic, any race",65-84 years,23,4,70
45045,"Hispanic, any race",65-84 years,277,68,897
45047,"Hispanic, any race",65-84 years,20,3,56
45051,"Hispanic, any race",65-84 years,151,35,553
45053,"Hispanic, any race",65-84 years,30,7,76
45055,"Hispanic, any race",65-84 years,18,4,75
45057,"Hispanic, any race",65-84 years,38,10,163
45059,"Hispanic, any race",65-84 years,25,6,80
45063,"Hispanic, any race",65-84 years,82,21,286
45067,"Hispanic, any race",65-84 years,9,2,31
45071,"Hispanic, any race",65-84 years,11,3,37
45073,"Hispanic, any race",65-84 years,26,6,99
45075,"Hispanic, any race",65-84 years,17,5,66
45077,"Hispanic, any race",65-84 years,26,6,104
45079,"Hispanic, any race",65-84 years,133,38,487
45081,"Hispanic, any race",65-84 years,12,3,31
45083,"Hispanic, any race",65-84 years,134,29,441
45085,"Hispanic, any race",65-84 years,32,8,113
45091,"Hispanic, any race",65-84 years,91,23,323
46099,"Hispanic, any race",65-84 years,21,4,76
46103,"Hispanic, any race",65-84 years,27,6,93
47001,"Hispanic, any race",65-84 years,11,3,47
47003,"Hispanic, any race",65-84 years,18,4,61
47009,"Hispanic, any race",65-84 years,24,5,93
47011,"Hispanic, any race",65-84 years,29,6,126
47019,"Hispanic, any race",65-84 years,10,2,39
47029,"Hispanic, any race",65-84 years,11,2,32
47031,"Hispanic, any race",65-84 years,10,2,33
47035,"Hispanic, any race",65-84 years,16,4,79
47037,"Hispanic, any race",65-84 years,276,69,913
47043,"Hispanic, any race",65-84 years,7,2,31
47045,"Hispanic, any race",65-84 years,8,2,30
47047,"Hispanic, any race",65-84 years,6,2,31
47053,"Hispanic, any race",65-84 years,12,2,35
47059,"Hispanic, any race",65-84 years,14,3,51
47063,"Hispanic, any race",65-84 years,45,7,100
47065,"Hispanic, any race",65-84 years,96,21,370
47071,"Hispanic, any race",65-84 years,13,2,42
47089,"Hispanic, any race",65-84 years,17,3,39
47093,"Hispanic, any race",65-84 years,100,19,341
47103,"Hispanic, any race",65-84 years,9,3,27
47105,"Hispanic, any race",65-84 years,21,4,72
47107,"Hispanic, any race",65-84 years,19,4,58
47113,"Hispanic, any race",65-84 years,17,5,71
47119,"Hispanic, any race",65-84 years,45,8,120
47123,"Hispanic, any race",65-84 years,16,3,49
47125,"Hispanic, any race",65-84 years,110,28,325
47131,"Hispanic, any race",65-84 years,8,2,31
47141,"Hispanic, any race",65-84 years,21,6,79
47145,"Hispanic, any race",65-84 years,10,2,45
47147,"Hispanic, any race",65-84 years,18,4,65
47149,"Hispanic, any race",65-84 years,98,25,370
47155,"Hispanic, any race",65-84 years,34,7,105
47157,"Hispanic, any race",65-84 years,216,54,835
47163,"Hispanic, any race",65-84 years,19,4,84
47165,"Hispanic, any race",65-84 years,44,10,173
47167,"Hispanic, any race",65-84 years,7,2,30
47171,"Hispanic, any race",65-84 years,8,2,39
47177,"Hispanic, any race",65-84 years,16,2,49
47179,"Hispanic, any race",65-84 years,28,4,88
47187,"Hispanic, any race",65-84 years,39,9,164
47189,"Hispanic, any race",65-84 years,23,6,96
48001,"Hispanic, any race",65-84 years,48,11,172
48003,"Hispanic, any race",65-84 years,87,24,233
48005,"Hispanic, any race",65-84 years,133,30,480
48007,"Hispanic, any race",65-84 years,80,18,314
48013,"Hispanic, any race",65-84 years,445,129,1551
48015,"Hispanic, any race",65-84 years,49,14,208
48017,"Hispanic, any race",65-84 years,47,12,133
48019,"Hispanic, any race",65-84 years,49,11,218
48021,"Hispanic, any race",65-84 years,207,66,897
48025,"Hispanic, any race",65-84 years,288,77,852
48027,"Hispanic, any race",65-84 years,599,152,1965
48029,"Hispanic, any race",65-84 years,16042,4220,48278
48031,"Hispanic, any race",65-84 years,22,5,78
48035,"Hispanic, any race",65-84 years,30,8,103
48037,"Hispanic, any race",65-84 years,33,10,128
48039,"Hispanic, any race",65-84 years,848,212,2776
48041,"Hispanic, any race",65-84 years,287,81,1051
48043,"Hispanic, any race",65-84 years,43,11,202
48047,"Hispanic, any race",65-84 years,221,52,576
48049,"Hispanic, any race",65-84 years,80,22,245
48051,"Hispanic, any race",65-84 years,33,7,116
48053,"Hispanic, any race",65-84 years,70,20,264
48055,"Hispanic, any race",65-84 years,296,91,945
48057,"Hispanic, any race",65-84 years,93,19,391
48059,"Hispanic, any race",65-84 years,13,4,38
48061,"Hispanic, any race",65-84 years,9083,2116,21194
48063,"Hispanic, any race",65-84 years,20,4,63
48067,"Hispanic, any race",65-84 years,10,3,28
48069,"Hispanic, any race",65-84 years,108,26,229
48071,"Hispanic, any race",65-84 years,45,12,187
48073,"Hispanic, any race",65-84 years,73,20,226
48075,"Hispanic, any race",65-84 years,20,5,50
48079,"Hispanic, any race",65-84 years,23,6,67
48083,"Hispanic, any race",65-84 years,27,7,67
48085,"Hispanic, any race",65-84 years,716,150,2497
48089,"Hispanic, any race",65-84 years,55,13,194
48091,"Hispanic, any race",65-84 years,400,106,1390
48093,"Hispanic, any race",65-84 years,29,8,118
48095,"Hispanic, any race",65-84 years,23,6,67
48097,"Hispanic, any race",65-84 years,44,10,131
48099,"Hispanic, any race",65-84 years,67,17,279
48103,"Hispanic, any race",65-84 years,32,10,102
48105,"Hispanic, any race",65-84 years,33,8,128
48107,"Hispanic, any race",65-84 years,43,11,139
48109,"Hispanic, any race",65-84 years,32,11,126
48111,"Hispanic, any race",65-84 years,41,8,88
48113,"Hispanic, any race",65-84 years,8098,2005,22997
48115,"Hispanic, any race",65-84 years,88,23,293
48117,"Hispanic, any race",65-84 years,200,51,457
48121,"Hispanic, any race",65-84 years,830,174,2772
48123,"Hispanic, any race",65-84 years,63,13,265
48127,"Hispanic, any race",65-84 years,196,49,563
48131,"Hispanic, any race",65-84 years,242,58,728
48133,"Hispanic, any race",65-84 years,26,7,88
48135,"Hispanic, any race",65-84 years,680,229,2554
48137,"Hispanic, any race",65-84 years,18,5,53
48139,"Hispanic, any race",65-84 years,351,80,1119
48141,"Hispanic, any race",65-84 years,12129,3015,37963
48143,"Hispanic, any race",65-84 years,41,12,163
48145,"Hispanic, any race",65-84 years,42,11,141
48147,"Hispanic, any race",65-84 years,19,3,63
48149,"Hispanic, any race",65-84 years,36,10,156
48151,"Hispanic, any race",65-84 years,17,5,61
48153,"Hispanic, any race",65-84 years,48,12,146
48157,"Hispanic, any race",65-84 years,1801,372,5084
48159,"Hispanic, any race",65-84 years,13,3,35
48161,"Hispanic, any race",65-84 years,15,3,62
48163,"Hispanic, any race",65-84 years,233,68,767
48165,"Hispanic, any race",65-84 years,98,25,264
48167,"Hispanic, any race",65-84 years,581,157,2314
48169,"Hispanic, any race",65-84 years,15,4,56
48171,"Hispanic, any race",65-84 years,49,12,157
48175,"Hispanic, any race",65-84 years,35,9,144
48177,"Hispanic, any race",65-84 years,90,24,366
48179,"Hispanic, any race",65-84 years,61,16,136
48181,"Hispanic, any race",65-84 years,96,23,335
48183,"Hispanic, any race",65-84 years,112,26,365
48185,"Hispanic, any race",65-84 years,67,16,224
48187,"Hispanic, any race",65-84 years,695,181,2230
48189,"Hispanic, any race",65-84 years,276,73,739
48191,"Hispanic, any race",65-84 years,14,3,39
48193,"Hispanic, any race",65-84 years,7,2,31
48195,"Hispanic, any race",65-84 years,30,7,63
48197,"Hispanic, any race",65-84 years,9,2,32
48199,"Hispanic, any race",65-84 years,25,5,95
48201,"Hispanic, any race",65-84 years,14868,4207,50701
48203,"Hispanic, any race",65-84 years,48,12,166
48207,"Hispanic, any race",65-84 years,32,5,69
48209,"Hispanic, any race",65-84 years,672,172,2004
48213,"Hispanic, any race",65-84 years,87,21,288
48215,"Hispanic, any race",65-84 years,16193,3576,37720
48217,"Hispanic, any race",65-84 years,55,14,197
48219,"Hispanic, any race",65-84 years,138,35,330
48221,"Hispanic, any race",65-84 years,56,10,187
48223,"Hispanic, any race",65-84 years,35,7,109
48225,"Hispanic, any race",65-84 years,17,3,67
48227,"Hispanic, any race",65-84 years,112,38,460
48229,"Hispanic, any race",65-84 years,52,10,151
48231,"Hispanic, any race",65-84 years,148,25,340
48233,"Hispanic, any race",65-84 years,51,14,119
48239,"Hispanic, any race",65-84 years,46,11,172
48241,"Hispanic, any race",65-84 years,16,4,56
48243,"Hispanic, any race",65-84 years,10,3,43
48245,"Hispanic, any race",65-84 years,367,82,1383
48247,"Hispanic, any race",65-84 years,117,29,359
48249,"Hispanic, any race",65-84 years,692,168,1982
48251,"Hispanic, any race",65-84 years,313,64,850
48253,"Hispanic, any race",65-84 years,82,16,169
48255,"Hispanic, any race",65-84 years,89,23,326
48257,"Hispanic, any race",65-84 years,164,38,546
48259,"Hispanic, any race",65-84 years,72,20,251
48265,"Hispanic, any race",65-84 years,129,38,474
48267,"Hispanic, any race",65-84 years,18,5,54
48271,"Hispanic, any race",65-84 years,26,9,103
48273,"Hispanic, any race",65-84 years,411,101,1167
48275,"Hispanic, any race",65-84 years,19,4,47
48277,"Hispanic, any race",65-84 years,29,6,78
48279,"Hispanic, any race",65-84 years,102,26,296
48281,"Hispanic, any race",65-84 years,39,11,147
48283,"Hispanic, any race",65-84 years,85,24,335
48285,"Hispanic, any race",65-84 years,28,8,124
48287,"Hispanic, any race",65-84 years,24,8,96
48289,"Hispanic, any race",65-84 years,16,5,64
48291,"Hispanic, any race",65-84 years,103,28,489
48293,"Hispanic, any race",65-84 years,25,5,114
48297,"Hispanic, any race",65-84 years,76,21,228
48299,"Hispanic, any race",65-84 years,18,4,72
48303,"Hispanic, any race",65-84 years,972,209,2814
48305,"Hispanic, any race",65-84 years,39,9,107
48307,"Hispanic, any race",65-84 years,35,9,125
48309,"Hispanic, any race",65-84 years,550,136,1669
48313,"Hispanic, any race",65-84 years,18,5,61
48317,"Hispanic, any race",65-84 years,17,4,68
48319,"Hispanic, any race",65-84 years,12,3,44
48321,"Hispanic, any race",65-84 years,148,46,589
48323,"Hispanic, any race",65-84 years,1384,354,3355
48325,"Hispanic, any race",65-84 years,330,92,1265
48327,"Hispanic, any race",65-84 years,15,4,56
48329,"Hispanic, any race",65-84 years,349,104,1447
48331,"Hispanic, any race",65-84 years,73,20,213
48333,"Hispanic, any race",65-84 years,7,2,31
48335,"Hispanic, any race",65-84 years,54,15,138
48337,"Hispanic, any race",65-84 years,11,3,40
48339,"Hispanic, any race",65-84 years,652,172,2651
48341,"Hispanic, any race",65-84 years,161,41,350
48343,"Hispanic, any race",65-84 years,10,2,37
48347,"Hispanic, any race",65-84 years,68,19,237
48349,"Hispanic, any race",65-84 years,105,19,320
48353,"Hispanic, any race",65-84 years,90,20,251
48355,"Hispanic, any race",65-84 years,4342,931,10887
48357,"Hispanic, any race",65-84 years,45,12,103
48361,"Hispanic, any race",65-84 years,42,8,167
48363,"Hispanic, any race",65-84 years,42,8,144
48365,"Hispanic, any race",65-84 years,11,3,39
48367,"Hispanic, any race",65-84 years,151,27,377
48369,"Hispanic, any race",65-84 years,81,18,222
48371,"Hispanic, any race",65-84 years,143,40,542
48373,"Hispanic, any race",65-84 years,42,11,178
48375,"Hispanic, any race",65-84 years,500,129,1128
48377,"Hispanic, any race",65-84 years,125,35,446
48379,"Hispanic, any race",65-84 years,12,3,36
48381,"Hispanic, any race",65-84 years,224,57,481
48383,"Hispanic, any race",65-84 years,23,6,74
48385,"Hispanic, any race",65-84 years,13,4,50
48389,"Hispanic, any race",65-84 years,143,42,591
48391,"Hispanic, any race",65-84 years,61,14,216
48395,"Hispanic, any race",65-84 years,33,9,125
48397,"Hispanic, any race",65-84 years,88,20,300
48399,"Hispanic, any race",65-84 years,53,14,152
48401,"Hispanic, any race",65-84 years,54,13,178
48407,"Hispanic, any race",65-84 years,24,5,121
48409,"Hispanic, any race",65-84 years,638,154,1831
48411,"Hispanic, any race",65-84 years,19,5,61
48413,"Hispanic, any race",65-84 years,27,7,67
48415,"Hispanic, any race",65-84 years,70,15,205
48419,"Hispanic, any race",65-84 years,34,7,87
48421,"Hispanic, any race",65-84 years,13,4,31
48423,"Hispanic, any race",65-84 years,231,56,770
48425,"Hispanic, any race",65-84 years,12,3,36
48427,"Hispanic, any race",65-84 years,1495,362,4062
48429,"Hispanic, any race",65-84 years,13,4,51
48435,"Hispanic, any race",65-84 years,41,12,112
48437,"Hispanic, any race",65-84 years,47,12,114
48439,"Hispanic, any race",65-84 years,4600,1103,12788
48441,"Hispanic, any race",65-84 years,297,73,897
48443,"Hispanic, any race",65-84 years,11,3,41
48445,"Hispanic, any race",65-84 years,76,16,255
48449,"Hispanic, any race",65-84 years,69,19,238
48451,"Hispanic, any race",65-84 years,513,132,1629
48453,"Hispanic, any race",65-84 years,2375,651,7729
48455,"Hispanic, any race",65-84 years,13,3,56
48457,"Hispanic, any race",65-84 years,10,2,33
48459,"Hispanic, any race",65-84 years,20,4,72
48461,"Hispanic, any race",65-84 years,21,5,80
48463,"Hispanic, any race",65-84 years,369,90,897
48465,"Hispanic, any race",65-84 years,777,199,2106
48467,"Hispanic, any race",65-84 years,58,14,180
48469,"Hispanic, any race",65-84 years,410,100,1766
48471,"Hispanic, any race",65-84 years,79,21,312
48473,"Hispanic, any race",65-84 years,114,34,401
48475,"Hispanic, any race",65-84 years,51,13,245
48477,"Hispanic, any race",65-84 years,28,9,124
48479,"Hispanic, any race",65-84 years,5194,1192,12558
48481,"Hispanic, any race",65-84 years,171,48,639
48485,"Hispanic, any race",65-84 years,164,38,615
48487,"Hispanic, any race",65-84 years,42,11,125
48489,"Hispanic, any race",65-84 years,510,128,1133
48491,"Hispanic, any race",65-84 years,708,178,2631
48493,"Hispanic, any race",65-84 years,225,65,850
48495,"Hispanic, any race",65-84 years,42,11,169
48497,"Hispanic, any race",65-84 years,109,24,267
48499,"Hispanic, any race",65-84 years,42,9,139
48501,"Hispanic, any race",65-84 years,56,10,147
48503,"Hispanic, any race",65-84 years,16,4,66
48505,"Hispanic, any race",65-84 years,351,75,794
48507,"Hispanic, any race",65-84 years,221,67,639
49003,"Hispanic, any race",65-84 years,25,6,98
49005,"Hispanic, any race",65-84 years,53,13,173
49007,"Hispanic, any race",65-84 years,29,7,108
49011,"Hispanic, any race",65-84 years,175,35,542
49021,"Hispanic, any race",65-84 years,38,5,93
49035,"Hispanic, any race",65-84 years,975,205,3038
49039,"Hispanic, any race",65-84 years,11,2,34
49043,"Hispanic, any race",65-84 years,7,1,33
49045,"Hispanic, any race",65-84 years,68,13,191
49047,"Hispanic, any race",65-84 years,19,4,41
49049,"Hispanic, any race",65-84 years,294,67,923
49053,"Hispanic, any race",65-84 years,123,23,385
49057,"Hispanic, any race",65-84 years,212,48,785
50007,"Hispanic, any race",65-84 years,16,4,51
51001,"Hispanic, any race",65-84 years,16,4,48
51003,"Hispanic, any race",65-84 years,30,8,96
51013,"Hispanic, any race",65-84 years,215,55,697
51015,"Hispanic, any race",65-84 years,14,3,43
51019,"Hispanic, any race",65-84 years,12,3,36
51031,"Hispanic, any race",65-84 years,13,3,32
51033,"Hispanic, any race",65-84 years,12,3,37
51041,"Hispanic, any race",65-84 years,168,36,506
51043,"Hispanic, any race",65-84 years,12,3,26
51047,"Hispanic, any race",65-84 years,41,7,95
51059,"Hispanic, any race",65-84 years,1036,255,3340
51061,"Hispanic, any race",65-84 years,23,6,94
51067,"Hispanic, any race",65-84 years,10,2,31
51069,"Hispanic, any race",65-84 years,57,12,137
51073,"Hispanic, any race",65-84 years,11,2,34
51083,"Hispanic, any race",65-84 years,11,3,29
51085,"Hispanic, any race",65-84 years,22,5,58
51087,"Hispanic, any race",65-84 years,130,28,343
51089,"Hispanic, any race",65-84 years,12,3,38
51095,"Hispanic, any race",65-84 years,36,7,99
51107,"Hispanic, any race",65-84 years,286,73,847
51117,"Hispanic, any race",65-84 years,12,3,30
51121,"Hispanic, any race",65-84 years,12,2,40
51137,"Hispanic, any race",65-84 years,13,2,38
51143,"Hispanic, any race",65-84 years,14,3,41
51149,"Hispanic, any race",65-84 years,16,4,47
51153,"Hispanic, any race",65-84 years,616,140,1869
51161,"Hispanic, any race",65-84 years,15,3,50
51165,"Hispanic, any race",65-84 years,25,6,105
51171,"Hispanic, any race",65-84 years,17,4,54
51177,"Hispanic, any race",65-84 years,71,18,249
51179,"Hispanic, any race",65-84 years,90,21,304
51187,"Hispanic, any race",65-84 years,13,3,38
51199,"Hispanic, any race",65-84 years,29,5,74
51510,"Hispanic, any race",65-84 years,126,33,415
51540,"Hispanic, any race",65-84 years,9,2,30
51550,"Hispanic, any race",65-84 years,92,22,258
51590,"Hispanic, any race",65-84 years,12,3,33
51600,"Hispanic, any race",65-84 years,23,6,74
51630,"Hispanic, any race",65-84 years,10,2,38
51650,"Hispanic, any race",65-84 years,77,20,220
51660,"Hispanic, any race",65-84 years,30,7,122
51670,"Hispanic, any race",65-84 years,15,4,52
51680,"Hispanic, any race",65-84 years,19,4,47
51683,"Hispanic, any race",65-84 years,67,17,213
51685,"Hispanic, any race",65-84 years,26,6,85
51700,"Hispanic, any race",65-84 years,114,28,328
51710,"Hispanic, any race",65-84 years,92,21,297
51730,"Hispanic, any race",65-84 years,14,4,40
51740,"Hispanic, any race",65-84 years,24,6,72
51760,"Hispanic, any race",65-84 years,85,19,249
51770,"Hispanic, any race",65-84 years,42,9,121
51800,"Hispanic, any race",65-84 years,22,6,68
51810,"Hispanic, any race",65-84 years,252,48,700
51820,"Hispanic, any race",65-84 years,10,3,33
51840,"Hispanic, any race",65-84 years,21,5,63
53001,"Hispanic, any race",65-84 years,90,23,252
53005,"Hispanic, any race",65-84 years,227,49,590
53007,"Hispanic, any race",65-84 years,113,27,313
53009,"Hispanic, any race",65-84 years,38,10,139
53011,"Hispanic, any race",65-84 years,247,53,744
53015,"Hispanic, any race",65-84 years,54,11,155
53017,"Hispanic, any race",65-84 years,71,16,180
53021,"Hispanic, any race",65-84 years,347,82,811
53025,"Hispanic, any race",65-84 years,229,53,645
53027,"Hispanic, any race",65-84 years,50,11,135
53029,"Hispanic, any race",65-84 years,30,7,114
53031,"Hispanic, any race",65-84 years,13,3,45
53033,"Hispanic, any race",65-84 years,1016,246,2619
53035,"Hispanic, any race",65-84 years,143,30,372
53037,"Hispanic, any race",65-84 years,14,2,39
53039,"Hispanic, any race",65-84 years,13,4,56
53041,"Hispanic, any race",65-84 years,58,10,152
53045,"Hispanic, any race",65-84 years,31,8,124
53047,"Hispanic, any race",65-84 years,42,10,131
53049,"Hispanic, any race",65-84 years,45,5,95
53053,"Hispanic, any race",65-84 years,427,110,1366
53055,"Hispanic, any race",65-84 years,6,2,30
53057,"Hispanic, any race",65-84 years,118,28,352
53061,"Hispanic, any race",65-84 years,425,102,1158
53063,"Hispanic, any race",65-84 years,157,39,514
53065,"Hispanic, any race",65-84 years,14,3,47
53067,"Hispanic, any race",65-84 years,170,41,460
53071,"Hispanic, any race",65-84 years,103,18,231
53073,"Hispanic, any race",65-84 years,123,28,338
53077,"Hispanic, any race",65-84 years,840,201,2673
54003,"Hispanic, any race",65-84 years,39,11,141
54011,"Hispanic, any race",65-84 years,14,3,35
54033,"Hispanic, any race",65-84 years,13,3,42
54037,"Hispanic, any race",65-84 years,29,7,73
54039,"Hispanic, any race",65-84 years,16,4,40
54061,"Hispanic, any race",65-84 years,13,4,46
54081,"Hispanic, any race",65-84 years,7,2,30
55009,"Hispanic, any race",65-84 years,90,22,278
55025,"Hispanic, any race",65-84 years,101,22,337
55027,"Hispanic, any race",65-84 years,24,5,65
55039,"Hispanic, any race",65-84 years,24,5,68
55055,"Hispanic, any race",65-84 years,32,5,78
55059,"Hispanic, any race",65-84 years,127,25,333
55071,"Hispanic, any race",65-84 years,11,3,43
55073,"Hispanic, any race",65-84 years,13,2,37
55079,"Hispanic, any race",65-84 years,819,191,2709
55087,"Hispanic, any race",65-84 years,41,9,104
55089,"Hispanic, any race",65-84 years,11,3,40
55097,"Hispanic, any race",65-84 years,10,2,32
55101,"Hispanic, any race",65-84 years,142,32,514
55105,"Hispanic, any race",65-84 years,53,13,194
55111,"Hispanic, any race",65-84 years,13,3,35
55117,"Hispanic, any race",65-84 years,37,8,117
55127,"Hispanic, any race",65-84 years,43,10,175
55131,"Hispanic, any race",65-84 years,20,5,65
55133,"Hispanic, any race",65-84 years,109,20,302
55137,"Hispanic, any race",65-84 years,10,2,32
55139,"Hispanic, any race",65-84 years,28,6,78
55141,"Hispanic, any race",65-84 years,10,2,32
56001,"Hispanic, any race",65-84 years,31,8,88
56005,"Hispanic, any race",65-84 years,17,4,59
56007,"Hispanic, any race",65-84 years,29,9,86
56013,"Hispanic, any race",65-84 years,24,6,63
56015,"Hispanic, any race",65-84 years,12,3,43
56021,"Hispanic, any race",65-84 years,114,28,391
56025,"Hispanic, any race",65-84 years,50,11,134
56029,"Hispanic, any race",65-84 years,12,3,39
56033,"Hispanic, any race",65-84 years,8,2,33
56037,"Hispanic, any race",65-84 years,38,9,161
56041,"Hispanic, any race",65-84 years,12,3,43
