fips,county,state,dm_pop,dr_cases,vtdr_cases,dr_prev_dm,vtdr_prev_dm,vtdr_share_crude,vtdr_share_std,n_strata,dr_cases_6584,vtdr_cases_6584,dm_pop_6584,vtdr_share_6584,glauc_pop,glauc_cases,vag_cases,glauc_share
01001,Autauga County,AL,6591,2104,242,31.92231831285086,3.6716734941587013,0.1150190114068441,0.1148084754312201,5,841,93,2460,0.11058263971462545,59759,779,274,0.35173299101412064
01003,Baldwin County,AL,25924,5355,892,20.656534485418916,3.4408270328652986,0.16657329598506068,0.1675036570107351,5,2525,402,11547,0.1592079207920792,246435,3535,1216,0.343988684582744
01005,Barbour County,AL,4163,1458,339,35.022820081671874,8.14316598606774,0.23251028806584362,0.23335743121713332,5,648,144,1748,0.2222222222222222,24706,461,167,0.36225596529284165
01007,Bibb County,AL,2804,1011,137,36.055634807417974,4.885877318116976,0.13550939663699307,0.1355604538257797,4,399,51,1046,0.12781954887218044,22005,304,107,0.3519736842105263
01009,Blount County,AL,6509,1451,192,22.292210785066832,2.9497618681825166,0.13232253618194348,0.132826415448181,5,644,82,2704,0.12732919254658384,59512,736,253,0.34375
01011,Bullock County,AL,2139,582,181,27.20897615708275,8.461898083216456,0.31099656357388317,0.3110402535567476,4,238,72,815,0.3025210084033613,10202,208,77,0.3701923076923077
01013,Butler County,AL,3053,845,180,27.677694071405174,5.895840157222405,0.21301775147928995,0.2152086583111838,4,382,78,1297,0.20418848167539266,18650,352,128,0.36363636363636365
01015,Calhoun County,AL,14483,3903,699,26.948836567009597,4.826348132293033,0.17909300538047657,0.1796671813073341,5,1704,293,5961,0.17194835680751175,115788,1611,565,0.3507138423339541
01017,Chambers County,AL,5571,1331,263,23.89158140369772,4.7208759648178065,0.19759579263711496,0.1968878253524787,5,583,110,2308,0.18867924528301888,34088,620,223,0.3596774193548387
01019,Cherokee County,AL,3257,679,79,20.847405587964385,2.4255449800429845,0.11634756995581738,0.11918722956763923,4,333,38,1516,0.11411411411411411,25302,390,134,0.3435897435897436
01021,Chilton County,AL,5177,1379,225,26.637048483677805,4.346146416843732,0.16316171138506164,0.16350997027603312,5,583,91,2056,0.15608919382504288,45884,565,195,0.34513274336283184
01023,Choctaw County,AL,2300,618,167,26.869565217391305,7.260869565217392,0.2702265372168285,0.27237780174400944,4,292,77,1031,0.2636986301369863,12439,274,100,0.36496350364963503
01025,Clarke County,AL,3730,901,229,24.155495978552278,6.13941018766756,0.2541620421753607,0.2566143152670485,4,393,95,1548,0.24173027989821882,22515,431,157,0.3642691415313225
01027,Clay County,AL,1826,539,82,29.518072289156628,4.490690032858708,0.15213358070500926,0.152549246806016,4,245,36,783,0.1469387755102041,14198,219,77,0.3515981735159817
01029,Cleburne County,AL,1690,434,76,25.680473372781066,4.497041420118343,0.17511520737327188,0.17568436449341035,4,198,34,720,0.1717171717171717,15346,196,68,0.3469387755102041
01031,Coffee County,AL,6297,1841,277,29.236144195648723,4.398920120692393,0.15046170559478544,0.15007181237338052,5,772,111,2466,0.14378238341968913,54805,724,255,0.35220994475138123
01033,Colbert County,AL,7557,1511,218,19.994706894270212,2.884742622733889,0.1442753143613501,0.14497828527417775,5,683,96,3203,0.14055636896046853,58033,876,308,0.3515981735159817
01035,Conecuh County,AL,2126,462,96,21.730950141110068,4.51552210724365,0.2077922077922078,0.20994580571084695,4,224,45,978,0.20089285714285715,11206,244,89,0.36475409836065575
01037,Coosa County,AL,1803,453,77,25.124792013311147,4.270660011092623,0.16997792494481237,0.17087661620941227,4,209,34,795,0.16267942583732056,10166,211,76,0.36018957345971564
01039,Covington County,AL,4531,1100,144,24.277201500772456,3.1781063782829397,0.13090909090909092,0.1305248342435142,5,514,65,1992,0.1264591439688716,37602,581,204,0.35111876075731496
01041,Crenshaw County,AL,1810,503,84,27.790055248618785,4.640883977900552,0.16699801192842942,0.16823431372468728,4,223,36,756,0.16143497757847533,13025,202,71,0.35148514851485146
01043,Cullman County,AL,9791,2093,283,21.37677458890818,2.8904095597998163,0.13521261347348304,0.1349260961833615,5,944,123,4134,0.13029661016949154,90665,1108,379,0.34205776173285196
01045,Dale County,AL,6202,1591,266,25.65301515640116,4.288939051918736,0.1671904462602137,0.16825217340158988,5,686,110,2512,0.16034985422740525,49544,675,236,0.3496296296296296
01047,Dallas County,AL,7570,2877,684,38.00528401585205,9.035667107001322,0.23774765380604795,0.2375228651012007,5,1263,290,3135,0.22961203483768805,36767,801,296,0.36953807740324596
01049,DeKalb County,AL,8318,1731,254,20.810290935320992,3.0536186583313296,0.14673599075678798,0.14714946772854032,5,741,102,3343,0.13765182186234817,71998,841,288,0.34244946492271106
01051,Elmore County,AL,10168,2170,327,21.341463414634145,3.2159716758457906,0.15069124423963134,0.15017182261126888,5,865,122,3837,0.14104046242774568,89563,1147,399,0.34786399302528337
01053,Escambia County,AL,5126,1141,241,22.2590714007023,4.701521654311354,0.2112182296231376,0.2114508076627532,5,487,98,2066,0.20123203285420946,36666,570,204,0.35789473684210527
01055,Etowah County,AL,12822,3121,395,24.340976446732178,3.0806426454531275,0.12656199935917975,0.12640817042339034,5,1398,170,5415,0.12160228898426323,103088,1462,508,0.34746922024623805
01057,Fayette County,AL,2111,390,73,18.474656560871626,3.458076740881099,0.18717948717948718,0.18843287319601393,4,188,34,961,0.18085106382978725,16118,246,86,0.34959349593495936
01059,Franklin County,AL,3688,1076,108,29.175704989154013,2.928416485900217,0.10037174721189591,0.09945254989252764,5,452,43,1451,0.09513274336283185,31932,381,132,0.3464566929133858
01061,Geneva County,AL,3381,682,118,20.171546879621413,3.4900916888494526,0.17302052785923755,0.1727496869382391,4,319,53,1488,0.16614420062695925,26783,384,134,0.3489583333333333
01063,Greene County,AL,1876,650,167,34.64818763326226,8.901918976545842,0.2569230769230769,0.25723382076017237,4,325,82,878,0.2523076923076923,7422,204,78,0.38235294117647056
01065,Hale County,AL,2644,746,179,28.21482602118003,6.770045385779123,0.23994638069705093,0.2431745381379739,4,334,78,1112,0.23353293413173654,14595,294,109,0.3707482993197279
01067,Henry County,AL,2563,799,140,31.174404994147483,5.462348809988295,0.17521902377972465,0.17655293958340829,4,389,66,1174,0.16966580976863754,17655,317,113,0.35646687697160884
01069,Houston County,AL,13039,3248,652,24.909885727433085,5.000383464989646,0.20073891625615764,0.2012921598637249,5,1400,267,5300,0.19071428571428573,108079,1593,562,0.35279347143753925
01071,Jackson County,AL,6338,1628,241,25.68633638371726,3.802461344272641,0.14803439803439802,0.1482357912396012,5,762,110,2785,0.14435695538057744,52891,715,245,0.34265734265734266
01073,Jefferson County,AL,83355,20778,4242,24.92711894907324,5.089076840021594,0.20415824429685245,0.20426272878667584,5,8520,1682,31806,0.19741784037558685,665409,10632,3837,0.36089164785553046
01075,Lamar County,AL,1807,365,69,20.199225235196458,3.8184836745987827,0.18904109589041096,0.1911965063471446,4,175,32,817,0.18285714285714286,13705,212,74,0.3490566037735849
01077,Lauderdale County,AL,10796,2067,282,19.145979992589847,2.612078547610226,0.13642960812772134,0.13712280305408242,5,970,128,4761,0.13195876288659794,95878,1332,462,0.34684684684684686
01079,Lawrence County,AL,4605,838,140,18.197611292073834,3.040173724212812,0.16706443914081145,0.16670786353163974,5,370,60,1896,0.16216216216216217,33214,467,164,0.3511777301927195
01081,Lee County,AL,18539,4764,828,25.697178920114354,4.466260316090404,0.17380352644836272,0.17289682366778408,5,1815,301,6517,0.16584022038567492,180773,2040,716,0.3509803921568627
01083,Limestone County,AL,12253,2545,463,20.770423569738025,3.77866644903289,0.18192534381139489,0.1809789781151131,5,961,165,4345,0.1716961498439126,110900,1356,472,0.3480825958702065
01085,Lowndes County,AL,2148,708,155,32.960893854748605,7.216014897579144,0.2189265536723164,0.2215119981317968,4,305,65,873,0.21311475409836064,9777,225,84,0.37333333333333335
01087,Macon County,AL,4185,1328,323,31.73237753882915,7.718040621266428,0.24322289156626506,0.2430298282975516,5,651,157,1909,0.2411674347158218,18516,458,173,0.3777292576419214
01089,Madison County,AL,42621,10233,1931,24.009291194481595,4.530630440393233,0.18870321508843937,0.18802127508092878,5,3902,705,15171,0.18067657611481291,403565,5336,1885,0.3532608695652174
01091,Marengo County,AL,3246,1091,195,33.61059765865681,6.007393715341959,0.17873510540788268,0.18002897103111157,4,485,84,1352,0.1731958762886598,18745,369,135,0.36585365853658536
01093,Marion County,AL,3561,739,87,20.75259758494805,2.443133951137321,0.11772665764546685,0.11905743186984145,4,338,38,1535,0.11242603550295859,29156,412,143,0.3470873786407767
01095,Marshall County,AL,11095,2202,350,19.84677782785038,3.1545741324921135,0.1589464123524069,0.15973082338601746,5,934,140,4419,0.14989293361884368,99423,1127,386,0.34250221827861577
01097,Mobile County,AL,54319,15161,3150,27.911044017747013,5.799075829820136,0.20776993602005145,0.20792577519490643,5,6362,1271,21315,0.19977994341402075,411411,6219,2223,0.35745296671490595
01099,Monroe County,AL,3161,1003,163,31.730465042708005,5.156596013919645,0.1625124626121635,0.16389639544149587,4,457,72,1359,0.1575492341356674,19404,375,137,0.36533333333333334
01101,Montgomery County,AL,32518,9206,1876,28.310474198905222,5.7691124915431455,0.20378014338474906,0.20366573448189124,5,3646,711,12027,0.1950082281952825,226361,3805,1384,0.36373193166885676
01103,Morgan County,AL,14857,2675,435,18.00498081712324,2.927912768392004,0.16261682242990655,0.1623991237483333,5,1130,173,5925,0.15309734513274337,124211,1631,567,0.34763948497854075
01105,Perry County,AL,1748,716,137,40.961098398169334,7.837528604118993,0.19134078212290503,0.1920706763648656,4,328,60,755,0.18292682926829268,8035,183,69,0.3770491803278688
01107,Pickens County,AL,3071,874,195,28.45978508629111,6.349723217193096,0.2231121281464531,0.2242524679970439,4,376,81,1244,0.2154255319148936,18697,329,119,0.3617021276595745
01109,Pike County,AL,4075,1392,198,34.15950920245399,4.858895705521473,0.14224137931034483,0.1421254936235868,5,597,81,1633,0.135678391959799,33014,454,163,0.3590308370044053
01111,Randolph County,AL,2982,626,110,20.992622401073106,3.6887994634473507,0.1757188498402556,0.17748186390142268,4,285,48,1288,0.16842105263157894,22479,352,124,0.3522727272727273
01113,Russell County,AL,8854,1920,412,21.685114072735487,4.653264061441156,0.21458333333333332,0.2131678846043743,5,728,149,3148,0.20467032967032966,58555,897,324,0.3612040133779264
01115,St. Clair County,AL,10117,2117,392,20.925175447266977,3.874666403083918,0.18516769012753898,0.18461689019412764,5,887,155,4001,0.17474633596392333,93932,1185,409,0.34514767932489454
01117,Shelby County,AL,20170,4119,738,20.421417947446702,3.6588993554784333,0.17916970138383104,0.1785878420287323,5,1649,277,7594,0.16798059429957551,230115,2853,987,0.3459516298633018
01119,Sumter County,AL,2622,1000,208,38.13882532418002,7.932875667429443,0.208,0.21072696804225174,4,454,93,1110,0.20484581497797358,11853,256,96,0.375
01121,Talladega County,AL,11361,2823,618,24.84816477422762,5.4396620015843675,0.21891604675876727,0.21900540949184064,5,1217,255,4627,0.209531635168447,80704,1300,460,0.35384615384615387
01123,Tallapoosa County,AL,5859,1440,278,24.577572964669738,4.744837002901519,0.19305555555555556,0.19404046812604012,5,681,126,2645,0.18502202643171806,40977,733,259,0.3533424283765348
01125,Tuscaloosa County,AL,24415,5751,1218,23.555191480647142,4.988736432520991,0.21178925404277518,0.2118040903483108,5,2273,462,8972,0.20325560932688078,236780,2867,1014,0.3536798046738751
01127,Walker County,AL,7693,1394,199,18.12036916677499,2.586767190952814,0.14275466284074606,0.1430010905945271,5,644,89,3348,0.13819875776397517,64339,844,290,0.34360189573459715
01129,Washington County,AL,2271,640,157,28.181417877586966,6.913254073095553,0.2453125,0.24593310427322848,4,288,69,958,0.23958333333333334,15122,249,88,0.3534136546184739
01131,Wilcox County,AL,2224,684,144,30.755395683453237,6.474820143884892,0.21052631578947367,0.21213407290655142,4,315,64,967,0.20317460317460317,10059,229,85,0.37117903930131
01133,Winston County,AL,3078,810,121,26.31578947368421,3.931124106562703,0.14938271604938272,0.14889270198419763,4,380,55,1361,0.14473684210526316,23755,334,115,0.344311377245509
02013,Aleutians East Borough,AK,508,114,25,22.440944881889763,4.921259842519685,0.21929824561403508,0.21060453886191557,3,31,6,130,0.1935483870967742,3398,34,13,0.38235294117647056
02016,Aleutians West Census Area,AK,648,148,31,22.839506172839506,4.783950617283951,0.20945945945945946,0.21254078048374847,3,32,7,135,0.21875,5122,41,14,0.34146341463414637
02020,Anchorage Municipality,AK,23517,4996,1007,21.244206318833186,4.2820087596207,0.20156124899919936,0.20060501427604718,5,1825,353,7812,0.19342465753424656,287145,2642,914,0.3459500378501135
02050,Bethel Census Area,AK,2062,329,83,15.955383123181377,4.025218234723569,0.25227963525835867,0.25215897739876375,4,109,27,612,0.24770642201834864,18257,121,43,0.35537190082644626
02060,Bristol Bay Borough,AK,103,29,4,28.155339805825243,3.883495145631068,0.13793103448275862,0.1482332537173118,2,12,2,39,0.16666666666666666,865,11,4,0.36363636363636365
02068,Denali Borough,AK,165,39,7,23.636363636363637,4.242424242424242,0.1794871794871795,0.16931475212533276,2,13,2,51,0.15384615384615385,1585,16,5,0.3125
02070,Dillingham Census Area,AK,552,92,21,16.666666666666668,3.8043478260869565,0.22826086956521738,0.23072947461405102,3,34,8,185,0.23529411764705882,4723,40,14,0.35
02090,Fairbanks North Star Borough,AK,5833,1760,322,30.173152751585803,5.520315446596949,0.18295454545454545,0.18232313538714678,5,684,120,2056,0.17543859649122806,95356,807,276,0.3420074349442379
02100,Haines Borough,AK,185,43,8,23.243243243243242,4.324324324324325,0.18604651162790697,0.20156395766377233,2,21,4,88,0.19047619047619047,2056,32,11,0.34375
02105,Hoonah-Angoon Census Area,AK,294,70,13,23.80952380952381,4.421768707482993,0.18571428571428572,0.18496024084364004,2,33,6,133,0.18181818181818182,2287,37,13,0.35135135135135137
02110,Juneau City and Borough,AK,2467,500,84,20.267531414673694,3.4049452776651803,0.168,0.16772832348515213,4,194,31,885,0.15979381443298968,31685,341,117,0.34310850439882695
02122,Kenai Peninsula Borough,AK,4861,1173,186,24.1308372762806,3.8263731742439826,0.1585677749360614,0.15885632007496722,5,542,83,2097,0.15313653136531366,60690,738,250,0.33875338753387535
02130,Ketchikan Gateway Borough,AK,1317,234,40,17.767653758542142,3.0372057706909645,0.17094017094017094,0.17103981186643707,4,100,17,521,0.17,13741,162,56,0.345679012345679
02150,Kodiak Island Borough,AK,1120,271,52,24.196428571428573,4.642857142857143,0.1918819188191882,0.19155912726602164,3,103,19,394,0.18446601941747573,12720,120,42,0.35
02164,Lake and Peninsula Borough,AK,180,38,8,21.11111111111111,4.444444444444445,0.21052631578947367,0.2214675634867616,2,14,3,59,0.21428571428571427,1381,13,5,0.38461538461538464
02170,Matanuska-Susitna Borough,AK,8197,1953,298,23.82578992314261,3.6354763938026107,0.1525857654889913,0.15128642665592032,5,747,110,2888,0.14725568942436412,113325,1033,349,0.3378509196515005
02180,Nome Census Area,AK,1001,168,36,16.783216783216783,3.5964035964035963,0.21428571428571427,0.21329892808876236,3,55,12,296,0.21818181818181817,9835,66,23,0.3484848484848485
02185,North Slope Borough,AK,1123,246,48,21.90560997328584,4.27426536064114,0.1951219512195122,0.2011320674915856,3,66,14,284,0.21212121212121213,10805,79,28,0.35443037974683544
02188,Northwest Arctic Borough,AK,787,163,34,20.71156289707751,4.320203303684879,0.2085889570552147,0.20827829819991153,3,49,10,214,0.20408163265306123,7423,52,19,0.36538461538461536
02195,Petersburg Borough,AK,333,80,13,24.024024024024023,3.903903903903904,0.1625,0.16093592805744417,2,39,6,149,0.15384615384615385,3360,44,15,0.3409090909090909
02198,Prince of Wales-Hyder Census Area,AK,635,147,27,23.1496062992126,4.251968503937008,0.1836734693877551,0.1798212995582237,3,66,12,267,0.18181818181818182,5650,74,26,0.35135135135135137
02220,Sitka City and Borough,AK,745,148,30,19.86577181208054,4.026845637583893,0.20270270270270271,0.20850577816264085,3,61,12,283,0.19672131147540983,8382,100,35,0.35
02230,Skagway Municipality,AK,101,20,4,19.801980198019802,3.9603960396039604,0.2,0.2223498805759677,2,8,2,37,0.25,1081,13,5,0.38461538461538464
02240,Southeast Fairbanks Census Area,AK,552,133,26,24.094202898550726,4.7101449275362315,0.19548872180451127,0.19292251397973087,3,56,10,215,0.17857142857142858,7021,70,24,0.34285714285714286
02261,Valdez-Cordova Census Area,AK,827,198,34,23.941958887545344,4.111245465538089,0.1717171717171717,0.175345222741804,3,82,14,319,0.17073170731707318,9463,104,36,0.34615384615384615
02270,Kusilvak Census Area,AK,856,145,32,16.939252336448597,3.7383177570093458,0.2206896551724138,0.22056175158165267,3,44,10,232,0.22727272727272727,NA,NA,NA,NA
02275,Wrangell City and Borough,AK,230,55,9,23.91304347826087,3.9130434782608696,0.16363636363636364,0.15602386639239632,2,28,4,108,0.14285714285714285,2070,36,12,0.3333333333333333
02282,Yakutat City and Borough,AK,80,18,4,22.5,5,0.2222222222222222,0.178764121102285,2,8,1,33,0.125,700,10,3,0.3
02290,Yukon-Koyukuk Census Area,AK,646,120,24,18.575851393188856,3.7151702786377707,0.2,0.20467123190626701,3,53,11,265,0.20754716981132076,5179,58,21,0.3620689655172414
04001,Apache County,AZ,11800,3620,729,30.677966101694917,6.177966101694915,0.20138121546961327,0.20160353111677282,5,1523,295,4548,0.19369665134602757,65432,738,264,0.35772357723577236
04003,Cochise County,AZ,15370,3014,635,19.609629147690306,4.13142485361093,0.21068347710683477,0.21440779795260292,5,1514,300,7300,0.19815059445178335,125663,1901,664,0.3492898474487112
04005,Coconino County,AZ,13658,3251,573,23.80289939961927,4.1953433884902624,0.1762534604737004,0.17642972998217046,5,1337,225,5122,0.1682872101720269,144060,1375,476,0.3461818181818182
04007,Gila County,AZ,7778,1934,319,24.865003857032658,4.101311391103112,0.16494312306101344,0.1680470627702408,5,1063,166,4037,0.1561618062088429,53922,968,334,0.3450413223140496
04009,Graham County,AZ,4276,959,166,22.427502338634238,3.882132834424696,0.17309697601668406,0.17319984123653126,5,380,62,1559,0.1631578947368421,38779,378,133,0.35185185185185186
04011,Greenlee County,AZ,1033,284,50,27.49273959341723,4.84027105517909,0.176056338028169,0.17732109520891365,4,114,20,375,0.17543859649122806,9302,93,33,0.3548387096774194
04012,La Paz County,AZ,3157,719,122,22.774786189420336,3.864428254672157,0.16968011126564672,0.18139362095103512,4,448,71,1876,0.15848214285714285,16506,409,145,0.3545232273838631
04013,Maricopa County,AZ,444526,99164,18954,22.307806517504037,4.263867580299015,0.19113791295228108,0.19091783344330182,5,39009,6859,162551,0.175831218436771,4551524,51202,17877,0.3491465177141518
04015,Mohave County,AZ,30019,5124,867,17.06918951330824,2.8881708251440754,0.16920374707259953,0.17338395294814335,5,2867,463,16055,0.1614928496686432,220816,4179,1438,0.34410145967934913
04017,Navajo County,AZ,15408,4247,882,27.563603322949117,5.724299065420561,0.2076760065928891,0.2089579658246835,5,1967,386,6586,0.1962379257752923,108650,1358,473,0.3483063328424153
04019,Pima County,AZ,111188,25003,4841,22.48713889988128,4.353887110119797,0.19361676598808142,0.1959264663581368,5,11530,2073,48101,0.1797918473547268,1057597,14340,5020,0.3500697350069735
04021,Pinal County,AZ,58254,16081,3014,27.60497133244069,5.173893638205102,0.1874261550898576,0.1897505317400879,5,7648,1317,26080,0.17220188284518828,464154,6221,2154,0.3462465841504581
04023,Santa Cruz County,AZ,6994,2106,576,30.111524163568774,8.235630540463255,0.27350427350427353,0.2762169781043731,5,944,244,2935,0.2584745762711864,48759,618,222,0.3592233009708738
04025,Yavapai County,AZ,29766,6709,1054,22.539138614526642,3.54095276489955,0.15710239976151438,0.160741718241456,5,3856,580,16413,0.1504149377593361,246191,4771,1626,0.3408090547055125
04027,Yuma County,AZ,27924,6154,1238,22.03838991548489,4.433462254691305,0.20116997075073123,0.2050484524009288,5,2824,519,11988,0.18378186968838528,207842,2746,981,0.35724690458849234
05001,Arkansas County,AR,2199,640,107,29.104138244656664,4.865848112778536,0.1671875,0.16840995766355724,4,286,46,930,0.16083916083916083,16512,262,93,0.3549618320610687
05003,Ashley County,AR,2583,1048,199,40.572977158343015,7.704219899341851,0.1898854961832061,0.19138251771192086,4,486,88,1131,0.18106995884773663,18354,318,114,0.3584905660377358
05005,Baxter County,AR,5025,1298,121,25.83084577114428,2.4079601990049753,0.09322033898305085,0.09528088390166377,4,723,66,2654,0.0912863070539419,42435,775,267,0.3445161290322581
05007,Benton County,AR,26692,5873,1074,22.002847295069685,4.02367750636895,0.18287076451557976,0.1822975367156584,5,2206,374,9217,0.16953762466001812,302863,2863,985,0.3440447083478868
05009,Boone County,AR,3916,1050,94,26.813074565883554,2.400408580183861,0.08952380952380952,0.0901586515356161,4,495,43,1725,0.08686868686868687,38284,503,172,0.341948310139165
05011,Bradley County,AR,1461,540,124,36.96098562628337,8.487337440109513,0.22962962962962963,0.23093630318415848,4,234,51,594,0.21794871794871795,10135,163,58,0.3558282208588957
05013,Calhoun County,AR,666,167,44,25.075075075075077,6.606606606606607,0.2634730538922156,0.26129789910545875,3,75,19,282,0.25333333333333335,4695,82,30,0.36585365853658536
05015,Carroll County,AR,3398,849,112,24.985285462036494,3.29605650382578,0.13191990577149587,0.13508384258923045,4,423,53,1602,0.12529550827423167,28742,415,142,0.3421686746987952
05017,Chicot County,AR,1888,755,131,39.98940677966102,6.938559322033898,0.17350993377483442,0.1735672968738341,4,339,56,802,0.16519174041297935,9873,212,78,0.36792452830188677
05019,Clark County,AR,2345,509,126,21.705756929637527,5.373134328358209,0.2475442043222004,0.24956089326945774,4,229,55,982,0.24017467248908297,21250,279,99,0.3548387096774194
05021,Clay County,AR,1628,406,59,24.938574938574938,3.6240786240786242,0.14532019704433496,0.1458012487821336,4,191,27,720,0.14136125654450263,14265,195,67,0.3435897435897436
05023,Cleburne County,AR,3077,714,91,23.204419889502763,2.9574260643483914,0.12745098039215685,0.12918721201095013,4,368,46,1500,0.125,25284,422,145,0.34360189573459715
05025,Cleveland County,AR,897,262,42,29.208472686733558,4.682274247491639,0.16030534351145037,0.16232340239698648,4,122,19,390,0.1557377049180328,7467,113,40,0.35398230088495575
05027,Columbia County,AR,2723,824,199,30.26074182886522,7.308116048475946,0.24150485436893204,0.24356635795388995,4,354,82,1095,0.23163841807909605,22216,335,121,0.3611940298507463
05029,Conway County,AR,2522,584,103,23.156225218080888,4.08406026962728,0.17636986301369864,0.1791840344796685,4,260,45,1051,0.17307692307692307,21046,302,106,0.3509933774834437
05031,Craighead County,AR,9858,2371,333,24.051531750862242,3.377967133292757,0.14044706874736398,0.14025093422137727,5,918,120,3552,0.13071895424836602,113017,1153,397,0.3443191673894189
05033,Crawford County,AR,6632,1214,234,18.30518697225573,3.528347406513872,0.1927512355848435,0.1921299538284072,5,519,95,2654,0.18304431599229287,61075,714,245,0.3431372549019608
05035,Crittenden County,AR,7049,1987,489,28.188395517094623,6.937154206270393,0.24609964771011575,0.24587102535086247,5,758,178,2529,0.23482849604221637,47061,712,256,0.3595505617977528
05037,Cross County,AR,2141,736,125,34.37645959831854,5.838393274170948,0.16983695652173914,0.17078052463315666,4,321,52,877,0.16199376947040497,16601,249,89,0.357429718875502
05039,Dallas County,AR,1076,351,94,32.62081784386617,8.736059479553903,0.2678062678062678,0.27406071401875226,4,172,45,501,0.2616279069767442,6191,136,50,0.36764705882352944
05041,Desha County,AR,1811,602,112,33.241303147432355,6.184428492545555,0.18604651162790697,0.18681661707488997,4,276,50,779,0.18115942028985507,10771,202,73,0.3613861386138614
05043,Drew County,AR,2064,721,166,34.93217054263566,8.042635658914728,0.2302357836338419,0.2320074249449577,4,317,71,842,0.22397476340694006,16911,253,91,0.35968379446640314
05045,Faulkner County,AR,11048,3285,479,29.73388848660391,4.335626357711803,0.14581430745814308,0.14531455401633445,5,1256,173,3924,0.1377388535031847,127665,1300,449,0.3453846153846154
05047,Franklin County,AR,1852,406,74,21.922246220302377,3.9956803455723544,0.18226600985221675,0.18368250299582775,4,184,33,786,0.1793478260869565,17271,223,77,0.3452914798206278
05049,Fulton County,AR,1474,357,46,24.219810040705564,3.1207598371777476,0.12885154061624648,0.12686710657138464,4,185,23,724,0.12432432432432433,12382,195,67,0.3435897435897436
05051,Garland County,AR,12166,2478,416,20.368239355581128,3.4193654446819,0.1678773204196933,0.16989141847895148,5,1238,199,5756,0.16074313408723748,100089,1604,554,0.34538653366583544
05053,Grant County,AR,1798,529,61,29.42157953281424,3.3926585094549497,0.11531190926275993,0.11566075530718353,4,229,26,726,0.11353711790393013,18160,226,78,0.34513274336283184
05055,Greene County,AR,4651,1573,141,33.82068372393034,3.0316061062137174,0.08963763509218055,0.0890169263050658,5,663,57,1818,0.08597285067873303,46448,512,176,0.34375
05057,Hempstead County,AR,2886,747,168,25.883575883575883,5.8212058212058215,0.2248995983935743,0.2249381393047587,4,327,70,1186,0.21406727828746178,19453,314,113,0.35987261146496813
05059,Hot Spring County,AR,3869,837,158,21.633497027655725,4.0837425691393126,0.18876941457586618,0.1898470113584574,4,371,67,1616,0.18059299191374664,33203,457,159,0.3479212253829322
05061,Howard County,AR,1585,396,80,24.98422712933754,5.047318611987381,0.20202020202020202,0.2059721987264174,4,170,33,638,0.19411764705882353,12557,184,65,0.3532608695652174
05063,Independence County,AR,3722,1048,158,28.15690488984417,4.245029554003224,0.15076335877862596,0.15048484506423732,5,465,67,1540,0.14408602150537633,37945,454,156,0.3436123348017621
05065,Izard County,AR,1752,362,52,20.662100456621005,2.9680365296803655,0.143646408839779,0.144298858589695,4,177,25,810,0.14124293785310735,14048,223,77,0.3452914798206278
05067,Jackson County,AR,2164,464,78,21.44177449168207,3.6044362292051755,0.16810344827586207,0.16936410541780617,4,201,32,883,0.15920398009950248,16624,222,77,0.34684684684684686
05069,Jefferson County,AR,10610,3243,699,30.56550424128181,6.588124410933082,0.21554116558741906,0.21586215166933814,5,1397,291,4297,0.20830350751610593,64246,1199,435,0.3628023352793995
05071,Johnson County,AR,2750,756,91,27.490909090909092,3.309090909090909,0.12037037037037036,0.11952204035674947,4,324,37,1100,0.11419753086419752,26001,302,104,0.3443708609271523
05073,Lafayette County,AR,1099,238,46,21.656050955414013,4.185623293903548,0.19327731092436976,0.19659079924864195,4,113,21,498,0.18584070796460178,6101,130,48,0.36923076923076925
05075,Lawrence County,AR,1762,330,39,18.728717366628832,2.213393870601589,0.11818181818181818,0.11959579527101999,4,149,17,740,0.11409395973154363,16205,204,71,0.3480392156862745
05077,Lee County,AR,1724,437,87,25.348027842227378,5.046403712296984,0.19908466819221968,0.20103223005885104,4,191,37,705,0.193717277486911,8364,169,63,0.3727810650887574
05079,Lincoln County,AR,1778,619,114,34.81439820022497,6.411698537682789,0.1841680129240711,0.1833661827382655,4,224,38,607,0.16964285714285715,12916,170,61,0.3588235294117647
05081,Little River County,AR,1569,416,99,26.51370299553856,6.309751434034417,0.23798076923076922,0.23709247197396596,4,196,45,690,0.22959183673469388,11821,190,67,0.3526315789473684
05083,Logan County,AR,2440,568,84,23.278688524590162,3.442622950819672,0.14788732394366197,0.14809732450903354,4,257,37,1034,0.14396887159533073,21253,283,97,0.34275618374558303
05085,Lonoke County,AR,7236,1788,262,24.70978441127695,3.6207849640685463,0.1465324384787472,0.14565577473251054,5,710,101,2648,0.14225352112676057,75225,797,276,0.3462986198243413
05087,Madison County,AR,1911,563,72,29.46101517530089,3.767660910518053,0.12788632326820604,0.12654284768988333,4,256,31,813,0.12109375,17486,218,75,0.3440366972477064
05089,Marion County,AR,2262,649,62,28.691423519009724,2.7409372236958442,0.09553158705701079,0.09732719431434764,4,352,33,1169,0.09375,17254,295,100,0.3389830508474576
05091,Miller County,AR,5261,1429,297,27.16213647595514,5.645314578977381,0.20783764870538837,0.2072249866000082,5,603,120,2077,0.19900497512437812,42552,586,207,0.3532423208191126
05093,Mississippi County,AR,5338,2185,361,40.93293368302735,6.7628325215436496,0.16521739130434782,0.16495882694432362,5,860,137,1970,0.15930232558139534,38896,539,191,0.35435992578849723
05095,Monroe County,AR,1162,249,48,21.428571428571427,4.130808950086059,0.1927710843373494,0.19545588900089472,4,118,22,524,0.1864406779661017,6564,136,50,0.36764705882352944
05097,Montgomery County,AR,1141,191,34,16.739702015775634,2.9798422436459244,0.17801047120418848,0.17410220386059674,4,96,16,544,0.16666666666666666,8556,143,49,0.34265734265734266
05099,Nevada County,AR,1207,274,50,22.700911350455677,4.142502071251036,0.18248175182481752,0.18436586202082014,4,125,22,520,0.176,8181,147,53,0.36054421768707484
05101,Newton County,AR,967,293,28,30.29989658738366,2.8955532574974145,0.09556313993174062,0.10029643532793787,4,158,15,494,0.0949367088607595,7078,116,40,0.3448275862068966
05103,Ouachita County,AR,3346,1122,234,33.53257621040048,6.993424985056784,0.20855614973262032,0.2096927551707285,4,503,102,1421,0.20278330019880716,22049,416,150,0.3605769230769231
05105,Perry County,AR,1127,304,40,26.97426796805679,3.54924578527063,0.13157894736842105,0.13660181994956214,4,139,18,486,0.12949640287769784,10063,137,47,0.34306569343065696
05107,Phillips County,AR,3007,990,274,32.923179248420354,9.112071832391088,0.2767676767676768,0.27773442623563316,4,453,121,1298,0.2671081677704194,15304,324,120,0.37037037037037035
05109,Pike County,AR,1182,294,48,24.873096446700508,4.060913705583756,0.16326530612244897,0.16457747131505815,4,133,21,507,0.15789473684210525,10179,139,48,0.34532374100719426
05111,Poinsett County,AR,2666,529,76,19.84246061515379,2.8507126781695424,0.14366729678638943,0.14634596289804644,4,233,32,1105,0.13733905579399142,22495,282,97,0.34397163120567376
05113,Polk County,AR,2301,608,83,26.42329421990439,3.6071273359408953,0.13651315789473684,0.13791361954491413,4,304,40,1086,0.13157894736842105,19337,276,94,0.34057971014492755
05115,Pope County,AR,6136,2128,195,34.680573663624514,3.1779661016949152,0.09163533834586467,0.09143122739968833,5,894,78,2399,0.087248322147651,64065,706,243,0.34419263456090654
05117,Prairie County,AR,1120,272,45,24.285714285714285,4.017857142857143,0.16544117647058823,0.16951097724466171,4,131,21,511,0.16030534351145037,8069,135,48,0.35555555555555557
05119,Pulaski County,AR,44513,12131,2560,27.252712690674635,5.7511288836968975,0.21102959360316545,0.21091545868311487,5,4898,984,16842,0.2008983258472846,399145,5849,2079,0.35544537527782527
05121,Randolph County,AR,1884,406,53,21.549893842887474,2.813163481953291,0.13054187192118227,0.1315015755506524,4,185,23,794,0.12432432432432433,18837,235,81,0.3446808510638298
05123,St. Francis County,AR,3748,1471,300,39.24759871931697,8.0042689434365,0.20394289598912305,0.20308480885676286,5,602,118,1429,0.19601328903654486,22451,381,138,0.36220472440944884
05125,Saline County,AR,12397,4003,553,32.290070178268934,4.4607566346696785,0.13814639020734448,0.13864281812257784,5,1767,230,5142,0.13016411997736277,127357,1588,545,0.3431989924433249
05127,Scott County,AR,1223,282,37,23.058053965658218,3.0253475061324613,0.13120567375886524,0.13676982317620953,4,131,17,535,0.1297709923664122,9805,135,47,0.34814814814814815
05129,Searcy County,AR,1022,290,31,28.37573385518591,3.0332681017612524,0.10689655172413794,0.11116344662378214,4,147,16,490,0.10884353741496598,7918,124,43,0.3467741935483871
05131,Sebastian County,AR,14012,2885,477,20.589494718812446,3.4042249500428206,0.16533795493934142,0.1654530461252182,5,1184,184,5371,0.1554054054054054,129059,1516,526,0.3469656992084433
05133,Sevier County,AR,1929,561,124,29.082426127527217,6.428201140487299,0.22103386809269163,0.221382572006844,4,219,45,702,0.2054794520547945,15686,160,56,0.35
05135,Sharp County,AR,2195,525,64,23.917995444191344,2.915717539863326,0.1219047619047619,0.12289870793748704,4,270,32,1066,0.11851851851851852,17810,275,94,0.3418181818181818
05137,Stone County,AR,1612,454,67,28.16377171215881,4.156327543424317,0.14757709251101322,0.14877303431316002,4,244,36,819,0.14754098360655737,12575,208,71,0.34134615384615385
05139,Union County,AR,4816,1183,315,24.563953488372093,6.540697674418604,0.26627218934911245,0.2671379116094307,5,513,131,1974,0.2553606237816764,37752,611,218,0.3567921440261866
05141,Van Buren County,AR,2043,490,64,23.984336759667155,3.1326480665687715,0.1306122448979592,0.13164944563132316,4,250,32,986,0.128,16102,260,89,0.3423076923076923
05143,Washington County,AR,20729,4357,812,21.018862463215786,3.9172174248637175,0.18636676612347947,0.18528210194758918,5,1598,275,6978,0.172090112640801,256054,2216,761,0.3434115523465704
05145,White County,AR,7655,1559,230,20.365774003919007,3.0045721750489878,0.14753046824887747,0.14781021179634612,5,656,93,3006,0.14176829268292682,77755,894,307,0.3434004474272931
05147,Woodruff County,AR,985,259,57,26.294416243654823,5.786802030456853,0.22007722007722008,0.2250841349783882,4,129,28,466,0.21705426356589147,6049,115,41,0.3565217391304348
05149,Yell County,AR,2346,862,99,36.74339300937766,4.219948849104859,0.1148491879350348,0.11528829859201166,4,358,39,915,0.10893854748603352,20129,244,85,0.3483606557377049
06001,Alameda County,CA,190857,48069,9722,25.18587214511388,5.09386608822312,0.20225093095342112,0.201808212579854,5,17732,3440,64328,0.1939995488382585,1628997,20167,7310,0.3624733475479744
06003,Alpine County,CA,150,42,8,28,5.333333333333333,0.19047619047619047,0.20803182185652844,2,21,4,70,0.19047619047619047,1190,18,6,0.3333333333333333
06005,Amador County,CA,4795,1064,165,22.18978102189781,3.441084462982273,0.1550751879699248,0.15757436883471504,4,528,77,2276,0.14583333333333334,41412,698,240,0.3438395415472779
06007,Butte County,CA,19215,3890,650,20.244600572469427,3.382773874577153,0.16709511568123395,0.16839775335109633,5,1758,279,8056,0.15870307167235495,207303,2414,833,0.34507042253521125
06009,Calaveras County,CA,5365,1166,184,21.733457595526563,3.429636533084809,0.15780445969125215,0.16103412185065888,4,615,94,2690,0.15284552845528454,46563,801,275,0.3433208489388265
06011,Colusa County,CA,2594,790,194,30.454895913646876,7.478797224363917,0.24556962025316456,0.2468878438736947,5,309,71,946,0.2297734627831715,21914,236,83,0.3516949152542373
06013,Contra Costa County,CA,121763,27477,6177,22.56596831549814,5.072969621313535,0.2248062015503876,0.2244744000607673,5,10643,2256,43818,0.21197030912336748,1156966,14828,5290,0.3567574858376045
06015,Del Norte County,CA,3185,655,142,20.56514913657771,4.45839874411303,0.216793893129771,0.21788566180652832,4,280,56,1283,0.2,27082,347,119,0.34293948126801155
06017,El Dorado County,CA,18829,3851,719,20.452493494078283,3.8185777258484253,0.18670475201246428,0.1875250895584386,5,1789,319,8245,0.17831190609278927,192646,2816,968,0.34375
06019,Fresno County,CA,120349,24801,5955,20.607566327929604,4.948109248934349,0.24011128583524857,0.2393608907584907,5,8945,2025,39739,0.22638345444382338,1015190,9549,3397,0.35574405696931616
06021,Glenn County,CA,3142,776,155,24.697644812221515,4.933163590070019,0.19974226804123713,0.1989921526574141,5,325,60,1230,0.18461538461538463,28339,316,110,0.34810126582278483
06023,Humboldt County,CA,12914,2311,417,17.895307418305716,3.229053740126994,0.18044136737343142,0.180993686219882,5,1066,183,5532,0.17166979362101314,135010,1653,566,0.3424077434966727
06025,Imperial County,CA,27718,11841,2707,42.71953243379753,9.766216898766144,0.2286124482729499,0.2291668428711438,5,4466,990,9536,0.22167487684729065,178713,1764,643,0.3645124716553288
06027,Inyo County,CA,2195,392,93,17.85876993166287,4.236902050113895,0.2372448979591837,0.24394900487176677,4,187,42,984,0.22459893048128343,18718,286,100,0.34965034965034963
06029,Kern County,CA,103571,29574,6491,28.55432505237953,6.267198347027643,0.21948332995198486,0.21797976179462117,5,10104,2076,32543,0.20546318289786222,916108,7980,2815,0.35275689223057644
06031,Kings County,CA,17832,4415,921,24.758860475549575,5.164872139973082,0.20860702151755378,0.20718171524166965,5,1430,281,5288,0.1965034965034965,152981,1289,458,0.35531419705197825
06033,Lake County,CA,8226,2887,380,35.09603695599319,4.619499149039631,0.1316245237270523,0.13286983027368923,5,1399,175,3766,0.12508934953538242,68191,1006,348,0.34592445328031807
06035,Lassen County,CA,3234,618,124,19.109461966604822,3.83426097711812,0.20064724919093851,0.20007216862451158,4,237,43,1169,0.18143459915611815,29904,346,119,0.3439306358381503
06037,Los Angeles County,CA,1321384,354078,84183,26.79599571358515,6.3708202914519925,0.23775269855794487,0.2371689586857775,5,127626,29106,440659,0.22805697898547317,9721138,114851,41664,0.3627656703032625
06039,Madera County,CA,19231,5393,1351,28.04326348083823,7.025115698611617,0.2505099202670128,0.24974481552973535,5,2072,481,6860,0.23214285714285715,160256,1603,564,0.3518402994385527
06041,Marin County,CA,22359,5398,742,24.142403506418,3.3185741759470457,0.13745831789551685,0.13904345478189728,5,2428,311,9504,0.12808896210873147,256018,4037,1408,0.34877384196185285
06043,Mariposa County,CA,2106,396,78,18.803418803418804,3.7037037037037037,0.19696969696969696,0.2002463890435015,4,210,40,1065,0.19047619047619047,17020,306,106,0.3464052287581699
06045,Mendocino County,CA,10298,2061,459,20.013594872790833,4.457176150708875,0.22270742358078602,0.2259328321950863,5,1008,208,4761,0.20634920634920634,89783,1320,454,0.34393939393939393
06047,Merced County,CA,34862,11987,2720,34.384143193161606,7.80219149790603,0.22691248852924,0.22595093701668748,5,4153,890,11038,0.21430291355646522,290014,2516,897,0.3565182829888712
06049,Modoc County,CA,1058,227,31,21.455576559546312,2.9300567107750473,0.13656387665198239,0.1392917998934254,4,121,16,538,0.1322314049586777,8511,153,53,0.3464052287581699
06051,Mono County,CA,1302,218,40,16.74347158218126,3.0721966205837172,0.1834862385321101,0.1848158079007478,4,86,15,488,0.1744186046511628,12978,156,53,0.33974358974358976
06053,Monterey County,CA,50459,15226,3865,30.174993559127213,7.6596840999623454,0.2538421121765401,0.2529246644063988,5,5570,1304,17224,0.2341113105924596,432858,4582,1629,0.35552160628546486
06055,Napa County,CA,13931,3651,820,26.207738137965688,5.886153183547484,0.22459600109559025,0.22557332979992206,5,1548,320,5558,0.20671834625322996,134300,1886,665,0.35259809119830327
06057,Nevada County,CA,10077,2084,383,20.680758162151434,3.800734345539347,0.18378119001919385,0.18578019067929363,5,1113,198,5102,0.1778975741239892,102293,1766,605,0.34258210645526616
06059,Orange County,CA,347697,85437,16695,24.572256878834157,4.801594491755753,0.19540714210470872,0.19483714048204528,5,31728,5833,120221,0.18384392334846192,3151184,36432,12962,0.3557861220904699
06061,Placer County,CA,35299,8208,1495,23.252783364967847,4.2352474574350545,0.18213937621832357,0.18329641845025663,5,3632,626,14535,0.1723568281938326,417772,5612,1956,0.34853884533143265
06063,Plumas County,CA,2235,773,73,34.58612975391499,3.266219239373602,0.0944372574385511,0.09666838429871906,4,430,39,1186,0.09069767441860466,19351,352,120,0.3409090909090909
06065,Riverside County,CA,303465,65925,16158,21.724086797489,5.324502001878305,0.2450967007963595,0.2442485082315093,5,24557,5583,105160,0.2273486175021379,2473902,27710,9859,0.35579213280404187
06067,Sacramento County,CA,168108,42228,9199,25.119565993290028,5.472077474004807,0.21784124277730416,0.21742269149814436,5,15920,3293,58466,0.20684673366834172,1584169,18180,6460,0.35533553355335534
06069,San Benito County,CA,7752,2435,583,31.41124871001032,7.520639834881321,0.23942505133470227,0.2380760074927659,5,851,192,2499,0.2256169212690952,67579,655,232,0.35419847328244275
06071,San Bernardino County,CA,275748,65921,16510,23.906247733437777,5.987350769543206,0.2504512977655072,0.24892043605841108,5,22534,5356,86741,0.23768527558356262,2193656,21281,7592,0.3567501527183873
06073,San Diego County,CA,338901,91059,19294,26.86890861933131,5.693108016795465,0.21188460229082243,0.21146596991718422,5,34169,6809,117495,0.1992741959085721,3276208,36000,12739,0.3538611111111111
06075,San Francisco County,CA,94058,18902,3391,20.096110910289397,3.6052223096387337,0.17939900539625436,0.179974867390343,5,7552,1329,34609,0.17597987288135594,808437,10820,3953,0.36534195933456565
06077,San Joaquin County,CA,93131,22505,5055,24.164886020766446,5.42783820639744,0.224616751832926,0.22365290816745573,5,8013,1701,30527,0.21228004492699362,793229,8098,2893,0.35724870338355147
06079,San Luis Obispo County,CA,26432,7759,1406,29.354570217917676,5.3193099273607745,0.18120891867508698,0.183340960257966,5,3657,620,11749,0.1695378725731474,282013,3847,1328,0.3452040551078763
06081,San Mateo County,CA,76879,16305,3926,21.208652557915684,5.106726154086291,0.24078503526525605,0.24099891118967143,5,6406,1472,27895,0.22978457695910084,729181,9392,3375,0.35934838160136284
06083,Santa Barbara County,CA,42697,13561,3143,31.761013654355107,7.361172916129939,0.23176756876336554,0.23266366967869873,5,5435,1166,15907,0.21453541858325667,443837,4953,1751,0.35352311730264485
06085,Santa Clara County,CA,199151,50264,9864,25.239140149936482,4.953025593645023,0.19624383256406175,0.19569439365889044,5,17963,3351,65101,0.18655013082447253,1870945,20791,7499,0.36068491174065703
06087,Santa Cruz County,CA,25288,7946,1667,31.422018348623855,6.592059474849731,0.20979108985653158,0.21032832906525012,5,3419,672,10199,0.19654869844983913,264370,3210,1111,0.34610591900311527
06089,Shasta County,CA,17804,3116,476,17.50168501460346,2.673556504156369,0.1527599486521181,0.15362007402656455,5,1480,216,7903,0.14594594594594595,180930,2425,833,0.34350515463917525
06091,Sierra County,CA,392,115,22,29.336734693877553,5.612244897959184,0.19130434782608696,0.18750214733555173,2,62,11,201,0.1774193548387097,3217,61,21,0.3442622950819672
06093,Siskiyou County,CA,4927,1109,212,22.508625938705094,4.302821189364725,0.19116321009918846,0.19353169505478865,5,592,109,2491,0.18412162162162163,43660,714,245,0.3431372549019608
06095,Solano County,CA,54821,12537,3086,22.86897356852301,5.629229674759673,0.2461513918800351,0.2462140014476845,5,5049,1189,20636,0.23549217666864725,448747,6018,2157,0.3584247258225324
06097,Sonoma County,CA,47206,10649,2240,22.558573062746262,4.74515951362115,0.21034838952014273,0.21181650746356026,5,4723,921,19739,0.195003175947491,482650,6648,2297,0.345517448856799
06099,Stanislaus County,CA,61958,15442,3597,24.923335162529455,5.8055456922431325,0.23293614816733585,0.23200299881095454,5,5637,1229,20894,0.21802377150966826,551275,5391,1899,0.35225375626043404
06101,Sutter County,CA,10854,2374,489,21.872120877096002,4.505251520176893,0.2059814658803707,0.2063696688695129,5,952,185,4043,0.19432773109243698,98503,1114,396,0.35547576301615796
06103,Tehama County,CA,7125,2490,359,34.94736842105263,5.03859649122807,0.14417670682730924,0.1458952233553389,5,1120,151,3019,0.13482142857142856,65245,844,292,0.3459715639810427
06105,Trinity County,CA,1969,348,60,17.673946165566278,3.047232097511427,0.1724137931034483,0.1747939205179258,4,188,32,1013,0.1702127659574468,15781,279,95,0.34050179211469533
06107,Tulare County,CA,56391,13851,3570,24.56243017502793,6.330797467681013,0.25774312324019927,0.2565647042505763,5,4836,1170,18045,0.24193548387096775,477544,4035,1427,0.3536555142503098
06109,Tuolumne County,CA,6268,1158,237,18.47479259731972,3.7811104020421187,0.20466321243523317,0.2072102642183478,5,604,117,3108,0.19370860927152317,54531,904,310,0.34292035398230086
06111,Ventura County,CA,90569,24787,5849,27.368084002252427,6.458059600967219,0.23597046839068866,0.2357191452681084,5,9603,2117,32770,0.22045194210142663,832605,9943,3506,0.35260987629488083
06113,Yolo County,CA,18153,4801,1080,26.4474191593676,5.949429846306396,0.2249531347635909,0.22490159906406548,5,1823,385,6291,0.21119034558420186,222115,2068,727,0.3515473887814313
06115,Yuba County,CA,8096,1794,387,22.15909090909091,4.780138339920948,0.2157190635451505,0.21632361715211368,5,693,142,2874,0.2049062049062049,84310,779,271,0.3478818998716303
08001,Adams County,CO,39197,11518,2314,29.384901905758095,5.903513023955915,0.20090293453724606,0.19900128362569486,5,3746,706,11659,0.18846769887880405,527575,4428,1543,0.3484643179765131
08003,Alamosa County,CO,1589,491,86,30.899937067337948,5.412208936438011,0.17515274949083504,0.17614759784513295,4,209,35,622,0.1674641148325359,16592,164,58,0.35365853658536583
08005,Arapahoe County,CO,52520,13377,2655,25.47029702970297,5.055217060167555,0.19847499439336175,0.1972201543313935,5,4910,909,17874,0.18513238289205702,655808,7076,2466,0.34850197851893727
08007,Archuleta County,CO,1467,308,59,20.995228357191547,4.021813224267212,0.19155844155844157,0.19227570499775537,4,159,29,721,0.18238993710691823,14003,230,78,0.3391304347826087
08009,Baca County,CO,373,86,15,23.056300268096514,4.021447721179625,0.1744186046511628,0.1851000796160215,2,42,7,173,0.16666666666666666,3432,52,18,0.34615384615384615
08011,Bent County,CO,790,212,54,26.835443037974684,6.8354430379746836,0.25471698113207547,0.2522697588097405,4,88,21,305,0.23863636363636365,5399,71,25,0.352112676056338
08013,Boulder County,CO,26054,7480,1337,28.709603131956705,5.131649650725416,0.1787433155080214,0.17871235935630247,5,3051,520,9827,0.17043592264831203,327468,3535,1215,0.3437057991513437
08014,Broomfield County,CO,5927,1788,228,30.167032225409145,3.8468027669984814,0.12751677852348994,0.12718341454864737,5,690,83,2100,0.12028985507246377,76121,805,278,0.3453416149068323
08015,Chaffee County,CO,1879,371,62,19.744544970729113,3.2996274614156467,0.16711590296495957,0.1662611039682336,4,188,30,900,0.1595744680851064,20223,309,105,0.33980582524271846
08017,Cheyenne County,CO,161,42,6,26.08695652173913,3.7267080745341614,0.14285714285714285,0.15789473684210525,2,19,3,71,0.15789473684210525,1732,24,8,0.3333333333333333
08019,Clear Creek County,CO,854,203,29,23.770491803278688,3.395784543325527,0.14285714285714285,0.14530378736233496,3,92,13,367,0.14130434782608695,9355,132,45,0.3409090909090909
08021,Conejos County,CO,1054,350,68,33.20683111954459,6.451612903225806,0.19428571428571428,0.1925230513686229,4,165,31,465,0.18787878787878787,7579,97,34,0.35051546391752575
08023,Costilla County,CO,685,185,39,27.00729927007299,5.693430656934306,0.21081081081081082,0.2044846777303659,3,96,19,337,0.19791666666666666,3603,63,22,0.3492063492063492
08025,Crowley County,CO,819,205,57,25.03052503052503,6.95970695970696,0.2780487804878049,0.28116271276114196,3,63,16,238,0.25396825396825395,5614,57,20,0.3508771929824561
08027,Custer County,CO,583,145,17,24.871355060034304,2.9159519725557463,0.11724137931034483,0.11818601201952204,2,82,9,317,0.10975609756097561,5335,101,34,0.33663366336633666
08029,Delta County,CO,3344,801,158,23.95334928229665,4.72488038277512,0.1972534332084894,0.20035325187900813,4,422,80,1678,0.1895734597156398,31602,514,175,0.3404669260700389
08031,Denver County,CO,53640,12488,2768,23.281133482475763,5.160328113348248,0.2216527866752082,0.2212907302390162,5,4449,943,17246,0.21195774331310407,713252,6843,2416,0.35306152272395147
08033,Dolores County,CO,263,79,12,30.03802281368821,4.562737642585551,0.1518987341772152,0.16759553054256598,2,40,6,127,0.15,2455,38,13,0.34210526315789475
08035,Douglas County,CO,22286,5204,1022,23.350982679709233,4.585838643094319,0.19638739431206764,0.19496421645967674,5,1837,342,7246,0.18617310832879694,375988,3715,1276,0.34347240915208616
08037,Eagle County,CO,4111,907,198,22.06275845293116,4.816346387740209,0.21830209481808158,0.21579116098223072,5,324,65,1370,0.2006172839506173,55285,548,186,0.33941605839416056
08039,Elbert County,CO,2207,530,84,24.01449932034436,3.8060715903942004,0.15849056603773584,0.1559341155607843,4,216,33,851,0.1527777777777778,27799,342,116,0.3391812865497076
08041,El Paso County,CO,54452,13128,2347,24.109307279806067,4.310218173804452,0.17877818403412554,0.17823204147040325,5,4996,845,19095,0.16913530824659728,740567,7276,2513,0.3453820780648708
08043,Fremont County,CO,5392,1277,212,23.683234421364986,3.9317507418397626,0.16601409553641347,0.16749973363336854,4,580,89,2323,0.15344827586206897,49621,702,240,0.3418803418803419
08045,Garfield County,CO,4984,966,193,19.382022471910112,3.8723916532905296,0.1997929606625259,0.1987743757681657,5,362,67,1750,0.1850828729281768,62271,611,208,0.3404255319148936
08047,Gilpin County,CO,559,114,21,20.39355992844365,3.7567084078711988,0.18421052631578946,0.18580983873494505,3,46,8,215,0.17391304347826086,5891,76,25,0.32894736842105265
08049,Grand County,CO,1324,272,45,20.54380664652568,3.3987915407854983,0.16544117647058823,0.16559920835730027,4,122,20,557,0.16393442622950818,15769,201,67,0.3333333333333333
08051,Gunnison County,CO,1112,206,31,18.52517985611511,2.787769784172662,0.15048543689320387,0.148639980115958,3,84,12,418,0.14285714285714285,17267,162,55,0.3395061728395062
08053,Hinsdale County,CO,68,18,3,26.470588235294116,4.411764705882353,0.16666666666666666,0.10000000000000002,1,10,1,37,0.1,775,15,5,0.3333333333333333
08055,Huerfano County,CO,1039,263,56,25.312800769971126,5.389797882579403,0.21292775665399238,0.21830720387972496,4,143,29,540,0.20279720279720279,7082,131,45,0.3435114503816794
08057,Jackson County,CO,146,35,5,23.972602739726028,3.4246575342465753,0.14285714285714285,0.18948240914072106,2,17,3,67,0.17647058823529413,1302,20,7,0.35
08059,Jefferson County,CO,49274,12902,2127,26.184194504201,4.316678166984617,0.1648581615253449,0.164823328294321,5,5333,838,18930,0.1571348209263079,576143,6732,2308,0.34284016636957815
08061,Kiowa County,CO,142,31,5,21.830985915492956,3.5211267605633805,0.16129032258064516,0.14467697207139787,2,15,2,65,0.13333333333333333,1424,23,8,0.34782608695652173
08063,Kit Carson County,CO,681,135,26,19.823788546255507,3.81791483113069,0.1925925925925926,0.18780688495785178,4,62,11,295,0.1774193548387097,6961,93,32,0.34408602150537637
08065,Lake County,CO,671,145,35,21.609538002980624,5.216095380029806,0.2413793103448276,0.23839173639524844,3,56,12,240,0.21428571428571427,7327,73,25,0.3424657534246575
08067,La Plata County,CO,4332,950,225,21.92982456140351,5.193905817174516,0.23684210526315788,0.23725060759327093,5,434,99,1846,0.22811059907834103,56607,718,244,0.3398328690807799
08069,Larimer County,CO,25098,6553,913,26.109650171328393,3.6377400589688422,0.1393254997710972,0.13962021845343386,5,2886,385,10232,0.1334026334026334,366778,4008,1366,0.3408183632734531
08071,Las Animas County,CO,2019,390,85,19.316493313521544,4.210004952947004,0.21794871794871795,0.22065023869994893,4,198,42,965,0.21212121212121213,14327,230,81,0.3521739130434783
08073,Lincoln County,CO,549,140,18,25.500910746812387,3.278688524590164,0.12857142857142856,0.13303420682633535,3,52,6,192,0.11538461538461539,5510,70,25,0.35714285714285715
08075,Logan County,CO,2076,575,87,27.697495183044317,4.190751445086705,0.15130434782608695,0.15076999314751496,4,236,33,799,0.13983050847457626,20823,262,90,0.3435114503816794
08077,Mesa County,CO,13862,3289,551,23.726734958880392,3.9748953974895396,0.16752812404986317,0.1687613563640845,5,1540,248,6071,0.16103896103896104,158636,2046,700,0.3421309872922776
08079,Mineral County,CO,83,21,3,25.301204819277107,3.6144578313253013,0.14285714285714285,0.14271700283470176,2,11,2,41,0.18181818181818182,931,16,5,0.3125
08081,Moffat County,CO,1198,260,43,21.702838063439064,3.5893155258764606,0.16538461538461538,0.16645296306890142,4,109,17,468,0.1559633027522936,13177,144,49,0.3402777777777778
08083,Montezuma County,CO,2674,790,159,29.543754674644727,5.946148092744951,0.20126582278481012,0.20375584535903252,4,396,76,1258,0.1919191919191919,26468,382,130,0.3403141361256545
08085,Montrose County,CO,4325,1078,181,24.92485549132948,4.184971098265896,0.1679035250463822,0.17025654173338725,5,540,86,2050,0.15925925925925927,43811,684,235,0.3435672514619883
08087,Morgan County,CO,2807,950,139,33.84396152475953,4.9519059494121835,0.1463157894736842,0.14669178577677097,5,368,50,1018,0.1358695652173913,29239,315,110,0.3492063492063492
08089,Otero County,CO,2292,587,132,25.6108202443281,5.7591623036649215,0.22487223168654175,0.2273904925961616,4,273,59,994,0.21611721611721613,18303,247,87,0.3522267206477733
08091,Ouray County,CO,455,133,17,29.23076923076923,3.7362637362637363,0.12781954887218044,0.12679478937392596,2,73,9,237,0.1232876712328767,5100,90,30,0.3333333333333333
08093,Park County,CO,1722,430,65,24.97096399535424,3.7746806039488967,0.1511627906976744,0.15018062493732617,3,196,29,749,0.14795918367346939,17939,259,86,0.33204633204633205
08095,Phillips County,CO,429,138,14,32.16783216783217,3.2634032634032635,0.10144927536231885,0.10729085266870175,3,62,6,178,0.0967741935483871,4449,64,23,0.359375
08097,Pitkin County,CO,1319,235,44,17.81652767247915,3.335860500379075,0.18723404255319148,0.18893601649635366,4,108,19,574,0.17592592592592593,16876,239,81,0.3389121338912134
08099,Prowers County,CO,1309,313,61,23.911382734912145,4.660045836516424,0.19488817891373802,0.19730246092006642,4,138,26,539,0.18840579710144928,11854,137,47,0.34306569343065696
08101,Pueblo County,CO,19952,3992,877,20.00801924619086,4.395549318364074,0.21968937875751504,0.22077508033650986,5,1765,371,8229,0.21019830028328612,169544,2131,746,0.35007038948850305
08103,Rio Blanco County,CO,547,175,35,31.992687385740403,6.39853747714808,0.2,0.2018349033059955,3,77,15,226,0.19480519480519481,6569,76,26,0.34210526315789475
08105,Rio Grande County,CO,1416,451,81,31.850282485875706,5.720338983050848,0.17960088691796008,0.18474977432167472,4,215,37,635,0.17209302325581396,11325,154,54,0.35064935064935066
08107,Routt County,CO,1777,460,70,25.886325267304446,3.939223410241981,0.15217391304347827,0.15071565592453098,4,195,28,707,0.14358974358974358,25007,294,99,0.336734693877551
08109,Saguache County,CO,911,307,57,33.69923161361142,6.256860592755214,0.18566775244299674,0.18848250870567007,3,154,27,437,0.17532467532467533,6623,103,35,0.33980582524271846
08111,San Juan County,CO,74,17,3,22.972972972972972,4.054054054054054,0.17647058823529413,0.125,2,8,1,31,0.125,803,12,4,0.3333333333333333
08113,San Miguel County,CO,604,167,26,27.649006622516556,4.304635761589404,0.15568862275449102,0.1588744797797994,3,69,10,234,0.14492753623188406,8003,91,31,0.34065934065934067
08115,Sedgwick County,CO,274,79,13,28.83211678832117,4.744525547445256,0.16455696202531644,0.16551059900726375,2,41,7,135,0.17073170731707318,2295,43,15,0.3488372093023256
08117,Summit County,CO,2173,360,71,16.566958122411414,3.267372296364473,0.19722222222222222,0.19687269296760404,3,138,26,782,0.18840579710144928,30565,313,105,0.3354632587859425
08119,Teller County,CO,2332,583,91,25,3.902229845626072,0.15608919382504288,0.15604724264508754,4,282,43,1079,0.1524822695035461,24857,376,126,0.3351063829787234
08121,Washington County,CO,461,148,17,32.10412147505423,3.6876355748373104,0.11486486486486487,0.12009354796177177,3,71,8,207,0.11267605633802817,4812,66,23,0.3484848484848485
08123,Weld County,CO,24981,7640,1186,30.58324326488131,4.747608182218486,0.15523560209424084,0.1545148868429093,5,2780,406,8352,0.1460431654676259,350176,3104,1068,0.3440721649484536
08125,Yuma County,CO,895,237,35,26.480446927374302,3.910614525139665,0.14767932489451477,0.1450482889373847,4,103,14,366,0.13592233009708737,9899,117,40,0.3418803418803419
09001,Fairfield County,CT,89024,26349,4808,29.597636592379583,5.400790797987059,0.1824737181676724,0.18207187981380762,5,9824,1680,30964,0.17100977198697068,966609,12283,4341,0.3534152894244077
09003,Hartford County,CT,90149,30142,5144,33.435756358916905,5.706108775471719,0.1706588812952027,0.17082654730622163,5,11982,1918,33447,0.1600734434985812,903562,12017,4238,0.352667055005409
09005,Litchfield County,CT,17843,4624,826,25.914924620299278,4.6292663789721455,0.17863321799307957,0.17952093390155754,5,2098,359,7649,0.171115347950429,184751,2722,932,0.3423952975753123
09007,Middlesex County,CT,15896,4305,537,27.08228485153498,3.3782083543029695,0.12473867595818815,0.1250616939914273,5,1885,225,6552,0.11936339522546419,164710,2407,832,0.3456584960531782
09009,New Haven County,CT,89559,23711,4487,26.475284449357407,5.010105070400518,0.1892370629665556,0.18952140407755996,5,9516,1679,33726,0.17643968053804118,870178,11632,4087,0.35135832187070154
09011,New London County,CT,26486,9311,1667,35.15442120365476,6.293891112285736,0.17903554935023092,0.1796934344068236,5,3969,673,10588,0.16956412194507434,269586,3539,1224,0.34586041254591693
09013,Tolland County,CT,12830,3811,542,29.70381917381138,4.224473889321902,0.14221988979270533,0.1424934608632376,5,1592,215,4986,0.1350502512562814,150395,1714,588,0.34305717619603265
09015,Windham County,CT,12283,3948,519,32.141984857119596,4.225352112676056,0.13145896656534956,0.13146737978413348,5,1616,203,4702,0.12561881188118812,116414,1400,480,0.34285714285714286
10001,Kent County,DE,21522,5543,1129,25.755041353034105,5.245795000464641,0.20368031751758975,0.20404996278305365,5,2434,474,8839,0.19474116680361545,186946,2768,985,0.35585260115606937
10003,New Castle County,DE,58763,15670,3405,26.666439766519748,5.79446250191447,0.21729419272495215,0.2169681285878543,5,6143,1263,21564,0.20559986977047046,575494,8145,2899,0.35592387968078576
10005,Sussex County,DE,34951,8843,1686,25.301135875940602,4.823896311979628,0.1906592785253873,0.19369834004367514,5,4787,867,18239,0.18111552120325883,255956,4810,1647,0.3424116424116424
12001,Alachua County,FL,26618,6680,1264,25.095799834698326,4.748666316026749,0.18922155688622755,0.1899492563053944,5,2837,510,10439,0.1797673598872048,284030,3312,1168,0.3526570048309179
12003,Baker County,FL,3210,619,107,19.28348909657321,3.3333333333333335,0.172859450726979,0.17268397324320847,4,234,38,1139,0.1623931623931624,27803,312,108,0.34615384615384615
12005,Bay County,FL,20529,4238,562,20.64396707097277,2.7375907253154073,0.13260972156677678,0.13281531634319416,5,1762,222,8031,0.12599318955732122,185134,2422,843,0.34805945499587115
12007,Bradford County,FL,3755,874,189,23.275632490013315,5.033288948069241,0.21624713958810068,0.21719013830504819,4,357,72,1455,0.20168067226890757,27313,384,135,0.3515625
12009,Brevard County,FL,76937,17089,2805,22.21167968597684,3.6458401029413676,0.1641406752881971,0.16575560117964033,5,8060,1265,34299,0.15694789081885857,630693,10505,3685,0.3507853403141361
12011,Broward County,FL,261161,70378,16150,26.948127783244818,6.18392485861212,0.22947512006592968,0.229117216393368,5,27055,5859,93949,0.21655886157826648,1947026,30006,10890,0.3629274145170966
12013,Calhoun County,FL,1802,354,69,19.644839067702552,3.8290788013318533,0.19491525423728814,0.19588850576104683,4,151,28,723,0.18543046357615894,13464,186,66,0.3548387096774194
12015,Charlotte County,FL,28425,6543,1074,23.018469656992085,3.778364116094987,0.16414488766620816,0.16928200783372765,5,3905,616,16312,0.15774647887323945,202661,4903,1708,0.3483581480726086
12017,Citrus County,FL,22361,5861,749,26.210813469880595,3.3495818612763295,0.12779389182733322,0.13056809413092893,5,3474,430,12681,0.12377662636729994,162529,3491,1206,0.3454597536522486
12019,Clay County,FL,25037,4458,938,17.805647641490594,3.746455246235571,0.2104082548227905,0.20963723768598563,5,1786,354,9460,0.19820828667413215,226589,2817,977,0.346822861199858
12021,Collier County,FL,50319,9826,2138,19.527415091714857,4.248892068602317,0.21758599633625075,0.22715058223964044,5,5263,1045,25911,0.19855595667870035,397994,8375,2956,0.352955223880597
12023,Columbia County,FL,9100,2562,454,28.153846153846153,4.989010989010989,0.17720530835284934,0.178095011090409,5,1141,192,3843,0.16827344434706398,71908,1043,365,0.34995206136145734
12027,DeSoto County,FL,5183,1924,266,37.12135828670654,5.132162840054023,0.13825363825363826,0.13973727596120922,5,868,108,2229,0.12442396313364056,35312,553,195,0.352622061482821
12029,Dixie County,FL,2460,426,77,17.317073170731707,3.130081300813008,0.1807511737089202,0.18306922442157056,4,205,35,1134,0.17073170731707318,17124,275,95,0.34545454545454546
12031,Duval County,FL,123424,30451,6180,24.671862846772104,5.007129893699767,0.20294900003283964,0.20232264446989967,5,11620,2240,43916,0.1927710843373494,1016536,13393,4772,0.3563055327409841
12033,Escambia County,FL,37748,7759,1958,20.55473137649677,5.187029776411995,0.2523521072303132,0.252758983439486,5,3288,793,15001,0.24118004866180048,324878,4495,1589,0.353503893214683
12035,Flagler County,FL,17716,4162,727,23.49288778505306,4.1036351320839914,0.1746756367131187,0.17727586513006255,5,2284,384,9280,0.1681260945709282,126705,2549,896,0.3515103962338172
12037,Franklin County,FL,1766,425,70,24.065685164212912,3.9637599093997733,0.16470588235294117,0.16680235204044488,4,208,32,832,0.15384615384615385,12498,213,73,0.3427230046948357
12039,Gadsden County,FL,8072,2711,593,33.58523290386521,7.346382556987116,0.21873847288823312,0.21947360012231645,5,1144,240,3211,0.2097902097902098,43403,861,316,0.3670150987224158
12041,Gilchrist County,FL,2148,451,62,20.99627560521415,2.8864059590316575,0.13747228381374724,0.14108705891753764,4,209,28,938,0.1339712918660287,18992,257,89,0.3463035019455253
12043,Glades County,FL,1975,487,82,24.658227848101266,4.151898734177215,0.16837782340862423,0.17307636987656871,4,240,36,934,0.15,12454,231,82,0.354978354978355
12045,Gulf County,FL,2122,488,70,22.99717247879359,3.298774740810556,0.14344262295081966,0.14790218386830387,4,244,34,1011,0.13934426229508196,15314,244,84,0.3442622950819672
12047,Hamilton County,FL,2168,684,124,31.54981549815498,5.719557195571956,0.18128654970760233,0.18187909011589984,4,289,50,869,0.17301038062283736,13217,213,76,0.3568075117370892
12049,Hardee County,FL,3398,1345,195,39.58210712183637,5.738669805768099,0.1449814126394052,0.14504313628254437,5,555,74,1307,0.13333333333333333,25645,295,104,0.3525423728813559
12051,Hendry County,FL,5826,1938,471,33.26467559217302,8.084449021627188,0.24303405572755418,0.24160413667589825,5,695,157,1931,0.22589928057553957,41339,439,158,0.35990888382687924
12053,Hernando County,FL,27170,5474,854,20.14722119985278,3.1431726168568273,0.15601023017902813,0.1588939887172383,5,2805,416,13196,0.1483065953654189,206896,3466,1207,0.3482400461627236
12055,Highlands County,FL,16705,6042,878,36.16881173301407,5.255911403771326,0.145316120489904,0.15194852341119214,5,3496,477,9255,0.136441647597254,105618,2391,846,0.35382685069008785
12057,Hillsborough County,FL,174639,42183,8524,24.154398502052807,4.8809257954981415,0.202071924709006,0.20132739715024908,5,15750,3003,60449,0.19066666666666668,1513301,17941,6371,0.3551084109024023
12059,Holmes County,FL,2348,470,78,20.01703577512777,3.3219761499148213,0.16595744680851063,0.16537973785064203,4,210,33,989,0.15714285714285714,19651,267,93,0.34831460674157305
12061,Indian River County,FL,22392,4015,779,17.93051089674884,3.478921043229725,0.19402241594022415,0.20071977033665522,5,2235,410,11953,0.18344519015659955,167352,3627,1266,0.3490488006617039
12063,Jackson County,FL,6544,1131,236,17.283007334963326,3.606356968215159,0.20866489832007074,0.20878687396479764,5,494,97,2704,0.19635627530364372,48211,799,287,0.3591989987484355
12065,Jefferson County,FL,2457,639,119,26.007326007326007,4.843304843304844,0.18622848200312989,0.18773753368018106,4,302,54,1103,0.17880794701986755,15042,296,106,0.3581081081081081
12067,Lafayette County,FL,1055,266,44,25.213270142180093,4.170616113744076,0.16541353383458646,0.1658337830940774,4,105,16,398,0.1523809523809524,7786,101,35,0.3465346534653465
12069,Lake County,FL,52622,9719,1656,18.469461441982443,3.146972749040325,0.17038789998971088,0.17391922311574362,5,4930,784,25409,0.159026369168357,410139,7204,2528,0.35091615769017215
12071,Lee County,FL,100662,23704,4443,23.5481115018577,4.413780771294033,0.18743671954100574,0.19278969113384067,5,12325,2128,50098,0.17265720081135902,822453,15187,5315,0.3499703693948772
12073,Leon County,FL,28554,8466,1321,29.64908594242488,4.626322056454438,0.1560359083392393,0.15626116400875825,5,3480,513,10916,0.14741379310344827,297369,3585,1269,0.35397489539748955
12075,Levy County,FL,6102,1449,235,23.746312684365783,3.8511963290724354,0.1621808143547274,0.16298590385460532,5,736,114,2949,0.15489130434782608,45260,750,260,0.3466666666666667
12077,Liberty County,FL,1036,217,41,20.945945945945947,3.9575289575289574,0.1889400921658986,0.19296296222186562,3,81,14,371,0.1728395061728395,7603,96,33,0.34375
12079,Madison County,FL,3050,634,135,20.78688524590164,4.426229508196721,0.21293375394321767,0.21580215067902586,4,289,59,1317,0.2041522491349481,18198,338,121,0.35798816568047337
12081,Manatee County,FL,52391,9957,1839,19.00517264415644,3.510144872210876,0.18469418499548057,0.1891393862395623,5,5066,872,25441,0.1721279115673115,429125,7889,2754,0.34909367473697556
12083,Marion County,FL,54176,11509,2451,21.24372415829888,4.524143532191376,0.21296376748631507,0.21831719050653411,5,6191,1239,27832,0.2001292198352447,396415,7420,2602,0.35067385444743937
12085,Martin County,FL,19379,4252,586,21.94127663966149,3.0238918416842973,0.13781749764816556,0.14215292401724683,5,2227,289,9682,0.1297709923664122,162006,3309,1160,0.35055908129344215
12086,Miami-Dade County,FL,454978,117680,27682,25.864986878486434,6.084250227483527,0.235231135282121,0.23510145502958635,5,44899,10234,159557,0.2279338069890198,2673837,37776,14048,0.3718763235916984
12087,Monroe County,FL,10166,1731,307,17.027346055479047,3.0198701554200276,0.17735413056036972,0.17902563081466633,5,785,131,4383,0.16687898089171974,81708,1310,458,0.34961832061068704
12089,Nassau County,FL,11487,2113,356,18.394707060154957,3.09915556716288,0.16848083293894936,0.16943390389895127,5,1023,166,5260,0.16226783968719452,97899,1500,516,0.344
12091,Okaloosa County,FL,20439,3710,734,18.15157297323744,3.5911737364841723,0.19784366576819407,0.19792552944686384,5,1528,287,7859,0.18782722513089006,216482,2530,874,0.34545454545454546
12093,Okeechobee County,FL,5327,1007,199,18.90369814154308,3.7356861272761406,0.19761668321747766,0.19994097917328135,5,432,78,2173,0.18055555555555555,40412,557,194,0.348294434470377
12095,Orange County,FL,170699,41662,7946,24.40670419861862,4.654977474970562,0.19072536124045894,0.18979894641772646,5,14480,2646,54395,0.18273480662983427,1452726,16363,5870,0.3587361730733973
12097,Osceola County,FL,56553,21247,2983,37.57006701678072,5.274698070836207,0.14039629124111638,0.13974736823590347,5,7699,1028,18786,0.13352383426419015,422545,4464,1600,0.35842293906810035
12099,Palm Beach County,FL,180980,43420,7543,23.991601281909603,4.1678638523593765,0.17372178719484108,0.17684062858720392,5,19701,3158,77925,0.16029643165321558,1518477,27570,9892,0.3587957925281103
12101,Pasco County,FL,72019,16117,2795,22.37881670114831,3.880920312695261,0.1734193708506546,0.17526688250148997,5,7422,1201,31283,0.16181622204257612,608794,8879,3097,0.3488005406014191
12103,Pinellas County,FL,123768,32397,4829,26.175586581345744,3.9016547088100317,0.14905701145167763,0.15096481872587067,5,15318,2165,55418,0.14133698916307613,961739,17088,6002,0.35124063670411987
12105,Polk County,FL,94061,31480,3758,33.467643337833955,3.9952796589447273,0.11937738246505718,0.12039140535421938,5,14090,1558,39661,0.11057487579843861,787404,11005,3884,0.3529304861426624
12107,Putnam County,FL,10864,2230,425,20.526509572901325,3.9120029455081,0.1905829596412556,0.19201507361254136,5,1086,197,5043,0.18139963167587478,74731,1228,428,0.3485342019543974
12109,St. Johns County,FL,28023,6341,1016,22.62784141597973,3.6255932626770866,0.1602270935183725,0.1608982090714344,5,2854,435,11846,0.15241765942536792,306841,4278,1479,0.34572230014025246
12111,St. Lucie County,FL,47032,10299,2108,21.897856778363668,4.4820547712195955,0.20468006602582775,0.20765057311632049,5,4919,941,21378,0.19129904452124416,358704,6363,2263,0.3556498506993557
12113,Santa Rosa County,FL,18179,3150,605,17.32768579129765,3.3280158424555806,0.19206349206349208,0.19193121945178698,5,1271,232,6878,0.18253343823760818,198268,2279,780,0.34225537516454585
12115,Sarasota County,FL,56197,10418,1726,18.538356140007473,3.071338327668737,0.16567479362641582,0.17175287066622963,5,6000,950,30917,0.15833333333333333,462286,10534,3686,0.34991456236947027
12117,Seminole County,FL,53062,10414,2088,19.62609777241717,3.9350194112547587,0.20049932782792396,0.20036073523539943,5,4061,771,19178,0.18985471558729378,478772,5941,2100,0.3534758458172025
12119,Sumter County,FL,26333,5240,820,19.898986063114723,3.1139634678919985,0.15648854961832062,0.16831543405682925,5,3814,571,18778,0.1497115888830624,144970,4570,1568,0.34310722100656454
12121,Suwannee County,FL,6107,1595,242,26.117570001637464,3.962665793351891,0.15172413793103448,0.15300155528552944,5,737,106,2671,0.14382632293080055,45411,680,238,0.35
12123,Taylor County,FL,3093,930,109,30.067895247332686,3.5240866472680246,0.11720430107526882,0.11845695049463936,4,420,46,1331,0.10952380952380952,21283,330,116,0.3515151515151515
12125,Union County,FL,2206,559,107,25.339981867633725,4.850407978241161,0.19141323792486584,0.1891126099648344,4,188,33,725,0.17553191489361702,15460,196,69,0.3520408163265306
12127,Volusia County,FL,74905,16156,2932,21.56865362792871,3.9142914358187038,0.18148056449616243,0.18387438112146928,5,7857,1348,34590,0.1715667557591956,579192,9651,3371,0.34929022899181433
12129,Wakulla County,FL,4007,1054,147,26.30396805590217,3.668579985026204,0.13946869070208728,0.13917520702964878,4,411,53,1482,0.12895377128953772,35178,425,146,0.34352941176470586
12131,Walton County,FL,9314,1870,406,20.077302984754134,4.3590294180803095,0.21711229946524063,0.21693262580238643,5,827,172,3885,0.2079806529625151,83304,1112,380,0.34172661870503596
12133,Washington County,FL,3183,575,103,18.064718818724472,3.235940936223688,0.1791304347826087,0.1794080429859611,4,237,40,1238,0.16877637130801687,25414,332,115,0.3463855421686747
13001,Appling County,GA,2407,676,137,28.084752804320733,5.691732447029497,0.20266272189349113,0.20585595651884936,4,297,58,996,0.19528619528619529,18428,254,89,0.35039370078740156
13003,Atkinson County,GA,1156,315,88,27.249134948096884,7.612456747404845,0.27936507936507937,0.27918103037076486,3,119,31,407,0.2605042016806723,8183,97,34,0.35051546391752575
13005,Bacon County,GA,1294,314,68,24.26584234930448,5.255023183925811,0.21656050955414013,0.21755498032239096,4,140,29,536,0.20714285714285716,11191,138,48,0.34782608695652173
13007,Baker County,GA,549,203,33,36.97632058287796,6.0109289617486334,0.1625615763546798,0.16401018192097253,3,100,16,254,0.16,2788,66,24,0.36363636363636365
13009,Baldwin County,GA,6277,1283,228,20.439700493866496,3.632308427592799,0.17770849571317227,0.17803613220779338,5,541,92,2510,0.17005545286506468,43635,686,247,0.36005830903790087
13011,Banks County,GA,2036,392,69,19.25343811394892,3.388998035363458,0.1760204081632653,0.1734189986388615,4,172,29,837,0.1686046511627907,19328,228,78,0.34210526315789475
13013,Barrow County,GA,8919,2309,426,25.88855252831035,4.77632021527077,0.1844954525768731,0.1834542761561776,5,828,143,2966,0.17270531400966183,89299,903,313,0.34662236987818384
13015,Bartow County,GA,12223,3034,458,24.822056778205024,3.7470342796367504,0.15095583388266315,0.15051694035217594,5,1144,164,4314,0.14335664335664336,112816,1250,431,0.3448
13017,Ben Hill County,GA,2615,538,128,20.5736137667304,4.894837476099426,0.2379182156133829,0.2364906037367189,4,231,52,1065,0.22510822510822512,17069,269,96,0.35687732342007433
13019,Berrien County,GA,2198,493,89,22.4294813466788,4.0491355777979985,0.18052738336713997,0.18352719594772102,4,206,36,861,0.17475728155339806,18214,229,79,0.34497816593886466
13021,Bibb County,GA,21167,4598,1023,21.722492559172295,4.832994755988095,0.22248803827751196,0.2225444940551911,5,1866,399,8018,0.21382636655948553,156197,2587,941,0.36374178585233863
13023,Bleckley County,GA,1517,294,53,19.38035596572182,3.4937376400791034,0.18027210884353742,0.17831914581789854,4,120,20,580,0.16666666666666666,12257,176,62,0.3522727272727273
13025,Brantley County,GA,2035,534,73,26.240786240786242,3.5872235872235874,0.13670411985018727,0.1365896720664203,4,228,31,812,0.13596491228070176,18183,216,74,0.3425925925925926
13027,Brooks County,GA,2687,867,142,32.26646818012654,5.284704131001116,0.1637831603229527,0.1644496695446684,4,391,62,1143,0.1585677749360614,16253,282,100,0.3546099290780142
13029,Bryan County,GA,3786,939,171,24.801901743264658,4.516640253565769,0.18210862619808307,0.17973141194412956,5,315,54,1164,0.17142857142857143,48225,435,151,0.3471264367816092
13031,Bulloch County,GA,8287,1536,303,18.53505490527332,3.6563291902980573,0.197265625,0.1977356343262388,5,593,113,2943,0.1905564924114671,83059,870,307,0.3528735632183908
13033,Burke County,GA,3828,1282,342,33.49007314524556,8.934169278996865,0.2667706708268331,0.2657087836945859,5,536,139,1503,0.2593283582089552,24388,403,145,0.3598014888337469
13035,Butts County,GA,3194,631,102,19.755792110206638,3.1934877896055105,0.16164817749603805,0.16169471874506855,4,241,37,1150,0.15352697095435686,26649,341,120,0.3519061583577713
13037,Calhoun County,GA,1075,342,97,31.813953488372093,9.023255813953488,0.28362573099415206,0.2820240998085313,4,126,34,370,0.2698412698412698,5469,100,37,0.37
13039,Camden County,GA,5758,1485,289,25.79020493226815,5.019103855505384,0.19461279461279463,0.19422741714322656,5,622,115,2245,0.18488745980707397,57013,657,229,0.3485540334855403
13043,Candler County,GA,1532,307,64,20.03916449086162,4.177545691906006,0.20846905537459284,0.20595147422382576,4,139,28,644,0.2014388489208633,11000,162,58,0.35802469135802467
13045,Carroll County,GA,12901,3757,529,29.121773505929774,4.100457328889234,0.14080383284535533,0.14052995772664137,5,1442,192,4620,0.13314840499306518,124592,1386,483,0.3484848484848485
13047,Catoosa County,GA,7568,1401,179,18.51215644820296,2.3652219873150107,0.12776588151320487,0.12736226772571452,5,620,76,3124,0.12258064516129032,68826,846,290,0.34278959810874704
13049,Charlton County,GA,1848,381,64,20.616883116883116,3.463203463203463,0.1679790026246719,0.16791596878903242,4,145,23,663,0.15862068965517243,12781,176,62,0.3522727272727273
13051,Chatham County,GA,35849,10489,2443,29.258835671845798,6.814694970571006,0.23291066831919152,0.23329365766353213,5,4324,962,13773,0.22247918593894542,301107,4557,1640,0.3598858898398069
13053,Chattahoochee County,GA,544,136,27,25,4.963235294117647,0.19852941176470587,0.20800884689142965,3,41,8,135,0.1951219512195122,8819,49,18,0.3673469387755102
13055,Chattooga County,GA,3249,557,78,17.14373653431825,2.4007386888273317,0.1400359066427289,0.1404569550480957,4,243,33,1329,0.13580246913580246,24936,327,114,0.3486238532110092
13057,Cherokee County,GA,27251,5582,1067,20.483651976074274,3.915452643939672,0.19115012540308132,0.18990835453453234,5,2161,386,9912,0.1786210087922258,281278,3169,1087,0.343010413379615
13059,Clarke County,GA,13025,3424,742,26.287907869481767,5.696737044145873,0.2167056074766355,0.21690030426153314,5,1313,269,4589,0.2048743335872049,129875,1389,492,0.3542116630669546
13061,Clay County,GA,641,237,54,36.973478939157566,8.424336973478939,0.22784810126582278,0.2307116791626326,3,128,28,331,0.21875,2845,76,28,0.3684210526315789
13063,Clayton County,GA,46259,15013,3991,32.4542251237597,8.627510322315658,0.26583627522813563,0.26359848749891,5,4717,1213,13426,0.2571549713801145,296564,4214,1523,0.3614143331751305
13065,Clinch County,GA,907,225,59,24.807056229327454,6.504961411245866,0.26222222222222225,0.26249122170165745,3,96,24,363,0.25,6662,88,31,0.3522727272727273
13067,Cobb County,GA,79968,17785,4202,22.24014605842337,5.254601840736295,0.23626651672757942,0.23350851210933504,5,6053,1316,25625,0.217412853130679,771952,9292,3273,0.35223848471803704
13069,Coffee County,GA,5415,1255,339,23.176361957525394,6.260387811634349,0.2701195219123506,0.2679807324729538,5,469,119,1898,0.2537313432835821,43172,531,188,0.3540489642184557
13071,Colquitt County,GA,6009,1383,219,23.015476784822766,3.6445332001997004,0.15835140997830802,0.1584775564790848,5,557,83,2267,0.1490125673249551,45762,582,206,0.3539518900343643
13073,Columbia County,GA,14363,4292,840,29.88233655921465,5.848360370396157,0.195712954333644,0.194673644194972,5,1640,302,5131,0.18414634146341463,162419,1934,680,0.3516028955532575
13075,Cook County,GA,2333,556,117,23.83197599657094,5.015002143163309,0.210431654676259,0.21091976116067762,4,231,46,906,0.19913419913419914,17404,243,86,0.35390946502057613
13077,Coweta County,GA,16116,3626,694,22.499379498634898,4.306279473814842,0.19139547710976282,0.19033386212539083,5,1379,251,5708,0.18201595358955766,152882,1872,655,0.34989316239316237
13079,Crawford County,GA,1753,329,88,18.76782658300057,5.019965772960639,0.2674772036474164,0.26784346198464803,4,145,38,729,0.2620689655172414,12140,195,69,0.35384615384615387
13081,Crisp County,GA,3072,847,199,27.571614583333332,6.477864583333333,0.23494687131050768,0.23719292418506296,4,373,84,1280,0.225201072386059,19708,333,119,0.35735735735735735
13083,Dade County,GA,1845,353,57,19.132791327913278,3.089430894308943,0.16147308781869688,0.16579595031393038,4,168,27,822,0.16071428571428573,16081,212,72,0.33962264150943394
13085,Dawson County,GA,2822,603,94,21.367824238128986,3.330970942593905,0.1558872305140962,0.1545929082308231,4,283,42,1249,0.14840989399293286,30138,382,130,0.3403141361256545
13087,Decatur County,GA,4185,1131,203,27.025089605734767,4.850657108721625,0.1794871794871795,0.17929744823142418,5,453,77,1587,0.16997792494481237,28982,457,165,0.3610503282275711
13089,DeKalb County,GA,92833,28440,7113,30.63565757866276,7.662146004114916,0.2501054852320675,0.24927892591897832,5,10415,2544,31009,0.2442630820931349,762820,11905,4347,0.3651406971860563
13091,Dodge County,GA,2873,682,115,23.738252697528715,4.002784545770971,0.16862170087976538,0.1691419682683823,4,283,45,1133,0.15901060070671377,19802,319,114,0.3573667711598746
13093,Dooly County,GA,2203,519,131,23.558783477076712,5.946436677258284,0.2524084778420039,0.25407590506470284,4,224,53,911,0.23660714285714285,10572,223,82,0.36771300448430494
13095,Dougherty County,GA,14035,4107,970,29.26255789098682,6.911293195582473,0.23618212807401998,0.23609167291379507,5,1724,394,5492,0.228538283062645,82966,1548,567,0.36627906976744184
13097,Douglas County,GA,18960,5623,1081,29.65717299578059,5.701476793248945,0.19224613195802953,0.18952127548898132,5,1803,321,5762,0.17803660565723795,147316,1945,693,0.3562982005141388
13099,Early County,GA,1786,532,111,29.78723404255319,6.215005599104144,0.20864661654135339,0.2105054957693895,4,230,45,731,0.1956521739130435,10574,197,72,0.36548223350253806
13101,Echols County,GA,462,101,21,21.861471861471863,4.545454545454546,0.2079207920792079,0.21320602195602345,3,35,7,149,0.2,3686,38,13,0.34210526315789475
13103,Effingham County,GA,6231,1252,213,20.093082972235596,3.4183919114106884,0.17012779552715654,0.16913123798699922,5,439,71,2024,0.16173120728929385,69041,690,239,0.3463768115942029
13105,Elbert County,GA,2796,655,110,23.426323319027183,3.9341917024320456,0.16793893129770993,0.16957390883428142,4,300,48,1211,0.16,19814,333,118,0.35435435435435436
13107,Emanuel County,GA,3054,621,103,20.333988212180746,3.372626064178127,0.16586151368760063,0.16786960279194768,5,263,42,1211,0.1596958174904943,22929,316,112,0.35443037974683544
13109,Evans County,GA,1451,341,75,23.501033769813922,5.168849069607168,0.21994134897360704,0.21751629382327686,4,140,29,556,0.20714285714285716,10695,154,55,0.35714285714285715
13111,Fannin County,GA,3519,633,107,17.988064791133844,3.0406365444728616,0.16903633491311215,0.171400641529049,4,346,57,1840,0.16473988439306358,25737,471,160,0.33970276008492567
13113,Fayette County,GA,12617,3634,709,28.80240944757074,5.619402393595942,0.19510181618051733,0.19540893698930165,5,1557,289,5099,0.18561335902376364,122030,1982,704,0.35519677093844604
13115,Floyd County,GA,11175,1869,293,16.7248322147651,2.621923937360179,0.15676832530765114,0.15707358467082322,5,777,115,4360,0.148005148005148,99443,1236,432,0.34951456310679613
13117,Forsyth County,GA,23153,5527,949,23.871636504988555,4.098820887142055,0.17170255111271937,0.16966683213818595,5,1849,292,7056,0.15792320173066524,267237,2588,901,0.348145285935085
13119,Franklin County,GA,2683,567,98,21.133060007454343,3.6526276556093924,0.1728395061728395,0.1740127832457746,4,257,43,1140,0.16731517509727625,24128,310,107,0.34516129032258064
13121,Fulton County,GA,114466,33266,7151,29.061904845106845,6.24726993168277,0.21496422774003487,0.21416758111887688,5,11574,2421,35847,0.20917573872472783,1074634,14579,5307,0.36401673640167365
13123,Gilmer County,GA,4136,690,118,16.682785299806575,2.852998065764023,0.17101449275362318,0.1716278764248328,4,352,57,2009,0.16193181818181818,32407,521,177,0.3397312859884837
13125,Glascock County,GA,346,106,13,30.63583815028902,3.7572254335260116,0.12264150943396226,0.12248067793024602,2,44,5,135,0.11363636363636363,2939,39,14,0.358974358974359
13127,Glynn County,GA,10613,3271,467,30.820691604635822,4.400263827381513,0.1427697951696729,0.14409793567050094,5,1496,200,4624,0.13368983957219252,85079,1444,512,0.3545706371191136
13129,Gordon County,GA,6462,1425,269,22.051996285979573,4.162797895388425,0.1887719298245614,0.1880701246420453,5,556,98,2355,0.17625899280575538,58954,643,222,0.3452566096423017
13131,Grady County,GA,3697,830,153,22.450635650527456,4.138490668109278,0.18433734939759036,0.18398770707198775,5,360,63,1520,0.175,26008,411,146,0.35523114355231145
13133,Greene County,GA,3201,701,130,21.89940643548891,4.061230865354577,0.18544935805991442,0.18934176967884914,4,370,64,1645,0.17297297297297298,20139,434,152,0.35023041474654376
13135,Gwinnett County,GA,105715,26076,5716,24.666319822163363,5.406990493307478,0.21920539960116583,0.21564691789884488,5,7875,1597,30055,0.2027936507936508,975353,10492,3724,0.35493709492947007
13137,Habersham County,GA,5073,937,156,18.470333136211316,3.075103489059728,0.1664887940234792,0.16728492842507703,5,414,64,2101,0.15458937198067632,47475,578,199,0.34429065743944637
13139,Hall County,GA,23026,4541,779,19.72118474767654,3.383132111526101,0.17154811715481172,0.17101225750733565,5,1764,275,8416,0.15589569160997732,212692,2412,838,0.3474295190713101
13141,Hancock County,GA,2139,648,140,30.294530154277698,6.545114539504441,0.21604938271604937,0.21990469071533694,4,306,64,959,0.20915032679738563,8387,214,79,0.3691588785046729
13143,Haralson County,GA,3201,625,77,19.52514839112777,2.4054982817869415,0.1232,0.12301537046231142,4,259,31,1232,0.11969111969111969,31337,341,117,0.34310850439882695
13145,Harris County,GA,4103,905,151,22.057031440409457,3.6802339751401414,0.16685082872928178,0.16807521103883502,5,393,64,1682,0.1628498727735369,36276,531,187,0.352165725047081
13147,Hart County,GA,3591,780,152,21.72096908939014,4.232804232804233,0.19487179487179487,0.1957336206814929,4,368,68,1610,0.18478260869565216,26909,439,154,0.35079726651480636
13149,Heard County,GA,1366,368,66,26.939970717423133,4.831625183016105,0.1793478260869565,0.17669192735780342,4,156,27,542,0.17307692307692307,11725,148,51,0.34459459459459457
13151,Henry County,GA,29416,8560,1998,29.099809627413652,6.792221920043514,0.23341121495327102,0.23065788822559824,5,2799,617,9027,0.22043586995355485,248364,3420,1226,0.3584795321637427
13153,Houston County,GA,19030,3712,770,19.506043089858117,4.046242774566474,0.20743534482758622,0.20625293568451428,5,1349,266,6441,0.19718309859154928,169631,2084,737,0.3536468330134357
13155,Irwin County,GA,1273,277,52,21.75962293794187,4.08483896307934,0.18772563176895307,0.18935679084365636,4,116,21,499,0.1810344827586207,9126,138,49,0.35507246376811596
13157,Jackson County,GA,7589,1584,270,20.87231519304256,3.557780998814073,0.17045454545454544,0.16914391171679688,5,614,98,2735,0.15960912052117263,83936,885,306,0.34576271186440677
13159,Jasper County,GA,1863,309,53,16.586151368760063,2.844873859366613,0.1715210355987055,0.17301939317672987,4,130,22,729,0.16923076923076924,15951,222,79,0.35585585585585583
13161,Jeff Davis County,GA,1812,538,91,29.690949227373068,5.022075055187638,0.1691449814126394,0.16988600854081712,4,226,36,712,0.1592920353982301,14889,182,64,0.3516483516483517
13163,Jefferson County,GA,2656,809,157,30.45933734939759,5.911144578313253,0.19406674907292953,0.1947944683003352,4,357,67,1103,0.1876750700280112,15314,280,102,0.36428571428571427
13165,Jenkins County,GA,1375,369,101,26.836363636363636,7.345454545454546,0.27371273712737126,0.27438007878411447,4,150,39,523,0.26,8689,137,49,0.35766423357664234
13167,Johnson County,GA,1462,311,62,21.27222982216142,4.240766073871409,0.19935691318327975,0.20395842413539042,4,130,25,584,0.19230769230769232,9242,158,57,0.36075949367088606
13169,Jones County,GA,3496,673,134,19.25057208237986,3.8329519450800915,0.19910846953937592,0.19822690117998587,4,291,56,1411,0.19243986254295534,28472,439,157,0.357630979498861
13171,Lamar County,GA,2284,490,106,21.453590192644484,4.640980735551664,0.2163265306122449,0.21723928821851682,4,206,43,900,0.2087378640776699,19467,277,98,0.35379061371841153
13173,Lanier County,GA,1264,273,60,21.598101265822784,4.746835443037975,0.21978021978021978,0.21970611006559884,3,107,22,463,0.205607476635514,10171,128,45,0.3515625
13175,Laurens County,GA,6761,1386,261,20.499926046442834,3.8603756840704038,0.18831168831168832,0.18883918671651015,5,596,108,2727,0.18120805369127516,49660,786,283,0.36005089058524176
13177,Lee County,GA,3328,856,177,25.721153846153847,5.318509615384615,0.20677570093457945,0.2047194808765937,5,322,63,1168,0.1956521739130435,33642,385,134,0.34805194805194806
13179,Liberty County,GA,7201,2577,542,35.78669629218164,7.526732398278017,0.2103220799379123,0.21002994067947767,5,950,194,2416,0.20421052631578948,68030,707,253,0.3578500707213578
13181,Lincoln County,GA,1265,352,66,27.82608695652174,5.217391304347826,0.1875,0.1926489421496848,4,173,31,592,0.1791907514450867,7841,151,53,0.3509933774834437
13183,Long County,GA,1915,734,128,38.3289817232376,6.684073107049608,0.17438692098092642,0.17222137525690445,4,230,38,555,0.16521739130434782,18348,174,61,0.3505747126436782
13185,Lowndes County,GA,13447,2845,699,21.1571354205399,5.198185468877816,0.24569420035149384,0.2458610233778672,5,1112,264,4844,0.23741007194244604,119739,1420,507,0.3570422535211268
13187,Lumpkin County,GA,3249,578,95,17.7900892582333,2.9239766081871346,0.1643598615916955,0.1672349755084568,4,272,44,1432,0.16176470588235295,34796,401,136,0.33915211970074816
13189,McDuffie County,GA,3150,1298,175,41.20634920634921,5.555555555555555,0.13482280431432975,0.1350276995640582,5,571,74,1309,0.1295971978984238,21713,352,126,0.35795454545454547
13191,McIntosh County,GA,2043,722,102,35.34018600097895,4.992657856093979,0.14127423822714683,0.1408888591735809,4,370,51,999,0.13783783783783785,11180,261,95,0.36398467432950193
13193,Macon County,GA,2389,628,134,26.287149434910003,5.609041439933026,0.21337579617834396,0.21380751802621575,4,264,54,954,0.20454545454545456,11765,229,83,0.3624454148471616
13195,Madison County,GA,3391,725,97,21.380123857269243,2.8605131229725744,0.13379310344827586,0.13460843704533024,4,319,41,1394,0.12852664576802508,31473,393,136,0.3460559796437659
13197,Marion County,GA,1223,324,59,26.492232215862632,4.82420278004906,0.18209876543209877,0.18326924667027314,4,146,25,522,0.17123287671232876,7449,136,49,0.3602941176470588
13199,Meriwether County,GA,3281,950,244,28.95458701615361,7.4367570862541905,0.25684210526315787,0.2584058586144372,4,430,107,1400,0.24883720930232558,20845,378,136,0.35978835978835977
13201,Miller County,GA,852,254,37,29.812206572769952,4.342723004694836,0.14566929133858267,0.14882479710197047,4,113,16,359,0.1415929203539823,5807,106,39,0.36792452830188677
13205,Mitchell County,GA,3532,1409,326,39.892412231030576,9.229898074745186,0.2313697657913414,0.23118484569268247,5,568,125,1346,0.22007042253521128,21116,367,133,0.36239782016348776
13207,Monroe County,GA,3515,641,162,18.236130867709814,4.608819345661451,0.25273010920436817,0.2534949048363356,4,279,68,1431,0.24372759856630824,29427,441,156,0.35374149659863946
13209,Montgomery County,GA,1209,288,54,23.82133995037221,4.4665012406947895,0.1875,0.1875103708732905,4,123,22,488,0.17886178861788618,8655,126,45,0.35714285714285715
13211,Morgan County,GA,2507,627,113,25.009972078181093,4.507379337854009,0.18022328548644337,0.1830199693319393,4,283,49,1072,0.17314487632508835,21031,336,120,0.35714285714285715
13213,Murray County,GA,4503,1165,149,25.871641128136798,3.308905174328226,0.1278969957081545,0.12661648595979694,5,460,55,1664,0.11956521739130435,40472,430,147,0.34186046511627904
13215,Muscogee County,GA,26823,6141,1364,22.894530813108155,5.085188084852552,0.2221136622699886,0.2220266119660781,5,2367,508,9527,0.21461765948457964,202616,3004,1091,0.36318242343541945
13217,Newton County,GA,14426,3888,895,26.951337862193263,6.204075973935949,0.23019547325102882,0.22835486369619962,5,1364,296,4746,0.21700879765395895,117621,1647,591,0.3588342440801457
13219,Oconee County,GA,3412,670,112,19.636576787807737,3.28253223915592,0.16716417910447762,0.16727863739853016,5,283,46,1330,0.1625441696113074,43588,515,178,0.34563106796116505
13221,Oglethorpe County,GA,1888,404,62,21.39830508474576,3.2838983050847457,0.15346534653465346,0.1513829330550093,4,174,25,765,0.14367816091954022,15469,228,81,0.35526315789473684
13223,Paulding County,GA,18490,3698,681,20,3.6830719307733912,0.18415359653866956,0.18128261835846032,5,1170,200,5492,0.17094017094017094,178421,1861,651,0.34981192907039227
13225,Peach County,GA,4138,925,215,22.35379410343161,5.195746737554374,0.23243243243243245,0.2324778290573051,5,382,86,1604,0.225130890052356,28562,448,161,0.359375
13227,Pickens County,GA,3702,632,112,17.071853052404105,3.0253916801728797,0.17721518987341772,0.17779781530005123,4,304,53,1687,0.17434210526315788,34826,491,166,0.3380855397148676
13229,Pierce County,GA,2235,568,119,25.41387024608501,5.324384787472035,0.20950704225352113,0.21200555451905248,4,250,51,915,0.204,20168,247,86,0.3481781376518219
13231,Pike County,GA,1993,347,72,17.41093828399398,3.6126442548921225,0.207492795389049,0.20775154492924028,4,143,29,759,0.20279720279720279,19990,239,83,0.3472803347280335
13233,Polk County,GA,5125,884,131,17.24878048780488,2.55609756097561,0.14819004524886878,0.14696467164565388,5,358,50,1938,0.13966480446927373,43709,503,175,0.34791252485089463
13235,Pulaski County,GA,1557,319,52,20.488118175979448,3.3397559409120103,0.16300940438871472,0.16575603587720422,4,150,23,691,0.15333333333333332,9984,178,63,0.3539325842696629
13237,Putnam County,GA,3271,722,132,22.07276062366249,4.035463161112809,0.18282548476454294,0.18403645486288667,4,348,59,1529,0.16954022988505746,22984,417,146,0.3501199040767386
13239,Quitman County,GA,481,145,28,30.145530145530145,5.8212058212058215,0.19310344827586207,0.19665189599872449,2,78,14,251,0.1794871794871795,2249,59,21,0.3559322033898305
13241,Rabun County,GA,2215,413,81,18.645598194130926,3.6568848758465013,0.19612590799031476,0.199503538424051,4,220,41,1125,0.18636363636363637,17206,293,99,0.3378839590443686
13243,Randolph County,GA,1328,466,115,35.09036144578313,8.659638554216867,0.24678111587982832,0.24986807939865757,4,225,54,608,0.24,6116,156,58,0.3717948717948718
13245,Richmond County,GA,28187,8968,2223,31.816085429453295,7.886614396707702,0.2478813559322034,0.2474949148977129,5,3569,859,10414,0.24068366489212664,206640,3316,1202,0.36248492159227985
13247,Rockdale County,GA,13221,3908,984,29.55903486876938,7.442704787837531,0.2517911975435005,0.24940532182531416,5,1419,337,4561,0.23749119097956306,94984,1626,589,0.36223862238622384
13249,Schley County,GA,594,109,24,18.35016835016835,4.040404040404041,0.22018348623853212,0.21676823370968326,3,47,10,237,0.2127659574468085,4496,69,25,0.36231884057971014
13251,Screven County,GA,2253,430,103,19.08566355969818,4.571682201509099,0.23953488372093024,0.2374645496287495,4,192,44,949,0.22916666666666666,13977,257,92,0.35797665369649806
13253,Seminole County,GA,1395,395,64,28.315412186379927,4.587813620071684,0.1620253164556962,0.16454654685511289,4,188,29,633,0.15425531914893617,9127,179,64,0.3575418994413408
13255,Spalding County,GA,9345,1774,479,18.983413590155163,5.1257356875334406,0.27001127395715896,0.2709413373271901,5,777,198,3881,0.2548262548262548,68919,1062,376,0.3540489642184557
13257,Stephens County,GA,3089,641,114,20.75105212042732,3.6905147296859826,0.17784711388455537,0.1771876818562696,4,306,52,1385,0.16993464052287582,26767,384,134,0.3489583333333333
13259,Stewart County,GA,985,232,57,23.553299492385786,5.786802030456853,0.24568965517241378,0.24331568258544872,4,83,19,321,0.2289156626506024,4648,76,29,0.3815789473684211
13261,Sumter County,GA,4519,1053,276,23.30161540163753,6.107545917238327,0.2621082621082621,0.2628555270831506,5,458,115,1847,0.25109170305676853,28877,484,174,0.359504132231405
13263,Talbot County,GA,1260,404,97,32.06349206349206,7.698412698412699,0.2400990099009901,0.2408048126156042,4,200,47,597,0.235,5747,145,53,0.36551724137931035
13265,Taliaferro County,GA,388,123,28,31.701030927835053,7.216494845360825,0.22764227642276422,0.23249157778356566,2,60,13,181,0.21666666666666667,1600,43,16,0.37209302325581395
13267,Tattnall County,GA,3091,667,156,21.57877709479133,5.046910384988677,0.23388305847076463,0.23270267391592225,4,248,54,1090,0.21774193548387097,24064,306,108,0.35294117647058826
13269,Taylor County,GA,1340,289,76,21.567164179104477,5.6716417910447765,0.2629757785467128,0.2607264368134233,4,131,33,573,0.25190839694656486,7737,145,52,0.3586206896551724
13271,Telfair County,GA,2241,458,85,20.437304774654173,3.792949576082106,0.185589519650655,0.18624123862821262,4,182,32,833,0.17582417582417584,12354,200,72,0.36
13273,Terrell County,GA,1674,616,136,36.79808841099164,8.124253285543608,0.22077922077922077,0.22230263211133183,4,276,58,713,0.21014492753623187,8754,174,63,0.3620689655172414
13275,Thomas County,GA,6314,1628,343,25.78397212543554,5.4323725055432375,0.2106879606879607,0.21132078631539317,5,712,144,2605,0.20224719101123595,45561,752,271,0.3603723404255319
13277,Tift County,GA,5312,1167,262,21.969126506024097,4.932228915662651,0.22450728363324765,0.2247912050628333,5,473,101,2015,0.2135306553911205,41412,561,200,0.35650623885918004
13279,Toombs County,GA,3368,677,133,20.100950118764846,3.9489311163895486,0.1964549483013294,0.1970722328006604,5,282,52,1314,0.18439716312056736,26837,357,127,0.3557422969187675
13281,Towns County,GA,1702,414,44,24.324324324324323,2.5851938895417157,0.10628019323671498,0.11091889446483677,4,246,26,969,0.10569105691056911,12972,274,94,0.34306569343065696
13283,Treutlen County,GA,904,252,48,27.876106194690266,5.3097345132743365,0.19047619047619047,0.19275798598728114,4,108,20,366,0.18518518518518517,6365,95,34,0.35789473684210527
13285,Troup County,GA,8794,2198,404,24.994314305208096,4.594041391858085,0.18380345768880801,0.1837543479142666,5,860,150,3221,0.1744186046511628,70191,986,351,0.35598377281947263
13287,Turner County,GA,1365,382,73,27.985347985347985,5.347985347985348,0.19109947643979058,0.19264416842033505,4,170,31,569,0.18235294117647058,8842,146,53,0.363013698630137
13289,Twiggs County,GA,1483,410,90,27.646662171274443,6.068779501011464,0.21951219512195122,0.21931580386201616,4,196,42,673,0.21428571428571427,7680,167,61,0.3652694610778443
13291,Union County,GA,3459,831,93,24.024284475281874,2.6886383347788376,0.11191335740072202,0.11315891692919944,4,478,52,1907,0.1087866108786611,26388,518,176,0.33976833976833976
13293,Upson County,GA,3653,749,172,20.503695592663565,4.7084588009854915,0.22963951935914553,0.2305139978822093,4,320,70,1478,0.21875,28086,423,150,0.3546099290780142
13295,Walker County,GA,8332,1642,265,19.70715314450312,3.1805088814210274,0.16138855054811205,0.16117434469729855,5,728,113,3458,0.15521978021978022,68915,881,303,0.3439273552780931
13297,Walton County,GA,10761,2607,494,24.22637301366044,4.590651426447356,0.18948983505945532,0.1888935321380109,5,1039,185,4033,0.17805582290664101,103065,1313,460,0.3503427265803503
13299,Ware County,GA,4605,1199,238,26.036916395222583,5.16829533116178,0.19849874895746455,0.19890494196814826,5,506,96,1822,0.18972332015810275,35614,504,179,0.3551587301587302
13301,Warren County,GA,1082,352,67,32.53234750462107,6.1922365988909425,0.1903409090909091,0.19237586380442687,4,163,30,476,0.18404907975460122,5155,118,43,0.3644067796610169
13303,Washington County,GA,3323,809,181,24.345470959975927,5.4468853445681615,0.22373300370828184,0.2255797589504668,4,324,70,1260,0.21604938271604937,19738,354,129,0.3644067796610169
13305,Wayne County,GA,3621,843,163,23.28086164043082,4.501518917426125,0.1933570581257414,0.19321307058571457,5,340,62,1370,0.18235294117647058,30896,382,134,0.3507853403141361
13307,Webster County,GA,453,119,23,26.26931567328918,5.077262693156733,0.19327731092436976,0.20446159095561858,2,52,10,192,0.19230769230769232,2328,52,19,0.36538461538461536
13309,Wheeler County,GA,1199,337,70,28.10675562969141,5.838198498748957,0.20771513353115728,0.2037820467123066,4,126,24,420,0.19047619047619047,7314,106,38,0.3584905660377358
13311,White County,GA,3130,591,96,18.881789137380192,3.0670926517571884,0.16243654822335024,0.16599739352737305,4,290,46,1449,0.15862068965517243,28806,416,142,0.34134615384615385
13313,Whitfield County,GA,12453,3527,588,28.32249257207099,4.721753794266442,0.16671392117947265,0.16572898121544682,5,1306,198,4305,0.15160796324655437,103132,1073,374,0.34855545200372784
13315,Wilcox County,GA,1381,293,67,21.216509775524983,4.851556842867487,0.22866894197952217,0.23243573788082939,4,121,26,540,0.21487603305785125,8761,148,54,0.36486486486486486
13317,Wilkes County,GA,1668,444,117,26.618705035971225,7.014388489208633,0.2635135135135135,0.2664235293223753,4,211,54,746,0.2559241706161137,9599,200,73,0.365
13319,Wilkinson County,GA,1427,349,63,24.45690259285214,4.414856341976174,0.18051575931232092,0.18447005180791382,4,154,27,600,0.17532467532467533,8681,162,59,0.36419753086419754
13321,Worth County,GA,2980,878,197,29.463087248322147,6.610738255033557,0.224373576309795,0.22584176329502778,4,393,85,1257,0.21628498727735368,20424,333,118,0.35435435435435436
15001,Hawaii County,HI,22635,7837,1587,34.623370885796334,7.011265738899934,0.2025009569988516,0.20409714307005103,5,3746,730,10045,0.19487453283502404,206315,3030,1077,0.35544554455445543
15003,Honolulu County,HI,117942,33915,6262,28.755659561479373,5.309389360872293,0.18463806575261685,0.18584699997600188,5,14505,2623,46653,0.18083419510513615,995638,13730,5100,0.37144938091769847
15007,Kauai County,HI,8283,2217,389,26.765664614270193,4.6963660509477245,0.17546233649075327,0.17608775431803658,5,1019,173,3515,0.16977428851815504,73810,1082,391,0.3613678373382625
15009,Maui County,HI,17963,4403,949,24.51149585258587,5.283081890552803,0.21553486259368612,0.2162009364000346,5,1923,398,7259,0.20696827873114926,164351,2243,802,0.35755684351315203
16001,Ada County,ID,41101,11098,1404,27.001776112503347,3.4159752804068026,0.1265092809515228,0.12640170666479045,5,4540,548,15531,0.12070484581497798,518907,5513,1884,0.34173771086522764
16003,Adams County,ID,565,98,17,17.345132743362832,3.0088495575221237,0.17346938775510204,0.17636846295580078,2,54,9,301,0.16666666666666666,4817,84,28,0.3333333333333333
16005,Bannock County,ID,7765,1487,269,19.15003219575016,3.4642627173213136,0.1809011432414257,0.18143336750352254,5,645,113,3095,0.17519379844961241,89517,867,295,0.3402537485582468
16007,Bear Lake County,ID,577,105,22,18.197573656845755,3.8128249566724435,0.20952380952380953,0.2082470021659913,3,52,10,266,0.19230769230769232,6722,85,29,0.3411764705882353
16009,Benewah County,ID,1122,234,42,20.855614973262032,3.7433155080213902,0.1794871794871795,0.18864648506838444,4,117,20,533,0.17094017094017094,10370,145,49,0.33793103448275863
16011,Bingham County,ID,4572,911,189,19.925634295713035,4.133858267716535,0.2074643249176729,0.2078407493976166,5,379,75,1760,0.19788918205804748,49923,484,166,0.34297520661157027
16013,Blaine County,ID,2212,475,79,21.47377938517179,3.5714285714285716,0.16631578947368422,0.16499466463526435,4,213,32,939,0.15023474178403756,24866,348,119,0.34195402298850575
16015,Boise County,ID,973,220,33,22.61048304213772,3.3915724563206577,0.15,0.151702879321245,3,113,16,478,0.1415929203539823,8333,138,47,0.34057971014492755
16017,Bonner County,ID,5063,1055,159,20.837448153268813,3.1404305747580485,0.15071090047393365,0.15153374897413013,4,554,82,2517,0.148014440433213,51414,794,269,0.33879093198992444
16019,Bonneville County,ID,9497,2062,330,21.71211961672107,3.474781509950511,0.1600387972841901,0.16012230970845678,5,843,128,3573,0.15183867141162516,129496,1171,400,0.3415883859948762
16021,Boundary County,ID,1284,260,45,20.24922118380062,3.5046728971962615,0.17307692307692307,0.1757451025097151,4,131,22,610,0.16793893129770993,13345,188,64,0.3404255319148936
16023,Butte County,ID,278,80,13,28.776978417266186,4.676258992805756,0.1625,0.17686255419601604,2,41,7,136,0.17073170731707318,2684,41,14,0.34146341463414637
16025,Camas County,ID,123,31,5,25.203252032520325,4.065040650406504,0.16129032258064516,0.13860002274743471,2,15,2,56,0.13333333333333333,1153,16,5,0.3125
16027,Canyon County,ID,23001,7724,1079,33.58114864571105,4.6911003869396986,0.13969445882962195,0.13949730442241975,5,3111,406,8585,0.13050466088074575,251065,2393,820,0.34266610948600085
16029,Caribou County,ID,608,102,17,16.776315789473685,2.7960526315789473,0.16666666666666666,0.17466508817839177,3,48,8,268,0.16666666666666666,7190,80,27,0.3375
16031,Cassia County,ID,2238,510,79,22.788203753351205,3.5299374441465594,0.15490196078431373,0.15526703760752392,5,211,30,861,0.14218009478672985,25655,244,84,0.3442622950819672
16033,Clark County,ID,92,22,4,23.91304347826087,4.3478260869565215,0.18181818181818182,0.15021229009459114,2,9,1,36,0.1111111111111111,806,10,3,0.3
16035,Clearwater County,ID,994,276,26,27.766599597585515,2.6156941649899395,0.09420289855072464,0.09499648371075056,4,143,13,486,0.09090909090909091,9015,161,55,0.3416149068322981
16037,Custer County,ID,536,140,23,26.119402985074625,4.291044776119403,0.16428571428571428,0.16093592805744417,2,78,12,284,0.15384615384615385,4506,79,27,0.34177215189873417
16039,Elmore County,ID,2549,924,110,36.249509611612396,4.315417810906237,0.11904761904761904,0.12056339743536137,4,383,44,975,0.11488250652741515,29403,286,98,0.34265734265734266
16041,Franklin County,ID,1142,275,58,24.080560420315237,5.078809106830122,0.2109090909090909,0.20905008068599096,4,116,23,444,0.19827586206896552,15189,146,50,0.3424657534246575
16043,Fremont County,ID,1161,277,45,23.858742463393625,3.875968992248062,0.1624548736462094,0.1631083524121814,4,122,19,478,0.1557377049180328,13978,159,54,0.33962264150943394
16045,Gem County,ID,2043,466,61,22.809593734703867,2.98580518844836,0.13090128755364808,0.13287256691621316,4,226,28,933,0.12389380530973451,20418,285,97,0.34035087719298246
16047,Gooding County,ID,1627,621,73,38.16840811309158,4.486785494775661,0.11755233494363929,0.11720133534933969,4,273,29,673,0.10622710622710622,15715,180,62,0.34444444444444444
16049,Idaho County,ID,1955,518,78,26.49616368286445,3.989769820971867,0.15057915057915058,0.14984521482541932,4,286,42,1020,0.14685314685314685,17593,296,101,0.34121621621621623
16051,Jefferson County,ID,2291,595,103,25.971191619380182,4.495853339153208,0.173109243697479,0.17308160076826778,5,231,38,816,0.1645021645021645,33428,272,93,0.34191176470588236
16053,Jerome County,ID,2329,581,89,24.94632889652211,3.8213825676255904,0.153184165232358,0.15000411060948188,5,215,29,810,0.13488372093023257,25311,227,78,0.3436123348017621
16055,Kootenai County,ID,16415,3952,583,24.075540664026803,3.5516296070667073,0.14752024291497975,0.14798438506255582,5,1851,264,7177,0.1426256077795786,183578,2273,773,0.34007919049714036
16057,Latah County,ID,2712,613,75,22.603244837758112,2.765486725663717,0.12234910277324633,0.12477050381276965,4,273,33,1104,0.12087912087912088,40978,388,132,0.3402061855670103
16059,Lemhi County,ID,901,259,32,28.74583795782464,3.551609322974473,0.12355212355212356,0.12498651779410964,4,147,18,484,0.12244897959183673,8240,149,51,0.3422818791946309
16061,Lewis County,ID,436,126,18,28.89908256880734,4.128440366972477,0.14285714285714285,0.13895021793856066,2,69,9,228,0.13043478260869565,3763,62,21,0.3387096774193548
16063,Lincoln County,ID,528,141,27,26.704545454545453,5.113636363636363,0.19148936170212766,0.18902404672955717,3,54,9,191,0.16666666666666666,5329,51,18,0.35294117647058826
16065,Madison County,ID,2459,527,89,21.4314762098414,3.6193574623830824,0.16888045540796964,0.17226731755481148,5,199,33,818,0.1658291457286432,54976,225,76,0.3377777777777778
16067,Minidoka County,ID,2348,600,106,25.55366269165247,4.514480408858603,0.17666666666666667,0.17634672856419265,4,246,40,902,0.16260162601626016,22194,233,81,0.34763948497854075
16069,Nez Perce County,ID,4057,1015,160,25.018486566428397,3.943800838057678,0.15763546798029557,0.16027833651851225,4,476,73,1771,0.15336134453781514,43004,569,196,0.3444639718804921
16071,Oneida County,ID,443,73,14,16.478555304740407,3.160270880361174,0.1917808219178082,0.19394892259096716,2,36,7,204,0.19444444444444445,4712,60,21,0.35
16073,Owyhee County,ID,1404,505,80,35.96866096866097,5.698005698005698,0.15841584158415842,0.1614831054894422,4,216,33,566,0.1527777777777778,12613,146,50,0.3424657534246575
16075,Payette County,ID,2516,738,103,29.33227344992051,4.093799682034976,0.13956639566395665,0.14107731485913158,4,339,45,1081,0.13274336283185842,26956,327,112,0.3425076452599388
16077,Power County,ID,832,176,37,21.153846153846153,4.447115384615385,0.21022727272727273,0.21721337104181979,3,76,15,336,0.19736842105263158,8068,86,30,0.3488372093023256
16079,Shoshone County,ID,1420,492,43,34.647887323943664,3.028169014084507,0.08739837398373984,0.09084341039554762,4,245,21,667,0.08571428571428572,14012,200,68,0.34
16081,Teton County,ID,978,220,43,22.494887525562373,4.396728016359918,0.19545454545454546,0.19830187434723737,3,80,15,330,0.1875,12544,119,40,0.33613445378151263
16083,Twin Falls County,ID,7951,1812,270,22.789586215570367,3.3957992705320086,0.1490066225165563,0.14953984479510393,5,785,111,3187,0.14140127388535031,93696,989,340,0.3437815975733064
16085,Valley County,ID,1213,228,32,18.796372629843365,2.6380873866446826,0.14035087719298245,0.1454356769158676,4,121,17,611,0.14049586776859505,12464,194,65,0.33505154639175255
16087,Washington County,ID,1271,294,33,23.131392604248624,2.5963808025177024,0.11224489795918367,0.11263663288383474,4,155,17,635,0.10967741935483871,11087,168,58,0.34523809523809523
17001,Adams County,IL,6202,1620,234,26.120606256046436,3.7729764592067077,0.14444444444444443,0.1450419925850867,5,734,103,2620,0.14032697547683923,64725,891,310,0.3479236812570146
17003,Alexander County,IL,883,282,61,31.936579841449603,6.908267270668176,0.21631205673758866,0.21677588520227378,4,132,28,393,0.21212121212121213,4858,97,35,0.36082474226804123
17005,Bond County,IL,1809,457,73,25.262576008844665,4.035378662244334,0.15973741794310722,0.1609921111180109,4,194,29,723,0.14948453608247422,16566,207,71,0.34299516908212563
17007,Boone County,IL,5179,1214,227,23.440818690866962,4.3830855377486,0.18698517298187808,0.1858959367307825,5,485,84,1942,0.1731958762886598,53154,611,211,0.3453355155482815
17009,Brown County,IL,681,161,27,23.641703377386197,3.9647577092511015,0.16770186335403728,0.16781877861439684,3,50,7,208,0.14,6330,69,24,0.34782608695652173
17011,Bureau County,IL,3415,989,148,28.960468521229867,4.333821376281112,0.14964610717896865,0.15150351371942103,4,462,66,1499,0.14285714285714285,32828,474,164,0.3459915611814346
17013,Calhoun County,IL,494,174,17,35.22267206477733,3.4412955465587043,0.09770114942528736,0.09928939478740399,2,84,8,224,0.09523809523809523,4360,68,23,0.3382352941176471
17015,Carroll County,IL,1776,360,52,20.27027027027027,2.9279279279279278,0.14444444444444443,0.14614828434823973,4,183,26,854,0.14207650273224043,15529,237,81,0.34177215189873417
17017,Cass County,IL,1417,408,81,28.793225123500353,5.716302046577276,0.19852941176470587,0.19996364155076743,4,170,31,558,0.18235294117647058,12657,151,52,0.3443708609271523
17019,Champaign County,IL,16513,3957,922,23.96293829104342,5.583479682674256,0.2330048016173869,0.23360809784810468,5,1603,356,6108,0.22208359326263255,206542,2112,735,0.34801136363636365
17021,Christian County,IL,3709,870,158,23.456457266109464,4.259908331086546,0.18160919540229886,0.18284761257389415,4,382,67,1534,0.17539267015706805,33436,448,155,0.34598214285714285
17023,Clark County,IL,1543,444,51,28.7751134154245,3.305249513933895,0.11486486486486487,0.11332852023369211,4,199,22,647,0.11055276381909548,15229,195,67,0.3435897435897436
17025,Clay County,IL,1354,433,67,31.979320531757754,4.948301329394387,0.15473441108545036,0.1581349705654649,4,201,31,588,0.15422885572139303,13047,174,60,0.3448275862068966
17027,Clinton County,IL,3668,952,134,25.954198473282442,3.653217011995638,0.1407563025210084,0.14146892361989252,4,391,53,1414,0.13554987212276215,36909,451,155,0.3436807095343681
17029,Coles County,IL,4398,1475,157,33.53797180536608,3.569804456571169,0.1064406779661017,0.10692904166353392,5,655,68,1815,0.10381679389312977,46334,551,189,0.3430127041742287
17031,Cook County,IL,595730,184873,40527,31.033018313665586,6.802914071811055,0.2192153532424962,0.21915548449764438,5,71283,15003,211703,0.210470939775262,5109292,70293,25457,0.36215554891667734
17033,Crawford County,IL,1937,539,72,27.826535880227155,3.7170882808466703,0.13358070500927643,0.13625556010557793,4,229,29,779,0.12663755458515283,18536,241,83,0.34439834024896265
17035,Cumberland County,IL,1088,375,52,34.466911764705884,4.779411764705882,0.13866666666666666,0.1388444729308713,4,171,23,462,0.13450292397660818,10324,137,47,0.34306569343065696
17037,DeKalb County,IL,8035,2087,337,25.9738643434972,4.194150591163659,0.1614758025874461,0.16127106944801334,5,805,122,2859,0.1515527950310559,100232,966,332,0.34368530020703936
17039,De Witt County,IL,1537,371,61,24.137931034482758,3.9687703318152243,0.16442048517520216,0.16582546296426393,4,164,26,640,0.15853658536585366,15310,199,68,0.3417085427135678
17041,Douglas County,IL,1860,397,75,21.344086021505376,4.032258064516129,0.1889168765743073,0.1916242774255355,4,174,32,760,0.1839080459770115,19755,240,83,0.3458333333333333
17043,DuPage County,IL,78518,21634,3733,27.552917802287375,4.754323849308439,0.17255246371452343,0.1724178270021537,5,8587,1403,29115,0.16338651449866076,920901,11109,3868,0.3481861553695202
17045,Edgar County,IL,1843,417,70,22.626153011394464,3.798155181768855,0.16786570743405277,0.1702507362000698,4,200,33,833,0.165,16433,248,85,0.34274193548387094
17047,Edwards County,IL,668,224,37,33.532934131736525,5.538922155688622,0.16517857142857142,0.16061146077105684,4,108,17,301,0.1574074074074074,6071,85,29,0.3411764705882353
17049,Effingham County,IL,3036,1005,80,33.10276679841897,2.635046113306983,0.07960199004975124,0.08099705320467496,4,444,35,1252,0.07882882882882883,34325,413,141,0.3414043583535109
17051,Fayette County,IL,2268,663,71,29.232804232804234,3.130511463844797,0.10708898944193061,0.10664571982951102,4,284,29,916,0.10211267605633803,21305,267,92,0.3445692883895131
17053,Ford County,IL,1296,212,39,16.358024691358025,3.009259259259259,0.18396226415094338,0.18280598376932702,4,92,16,526,0.17391304347826086,13249,166,57,0.3433734939759036
17055,Franklin County,IL,4080,1069,166,26.20098039215686,4.068627450980392,0.15528531337698784,0.15648256498818017,4,500,76,1789,0.152,37242,495,169,0.3414141414141414
17057,Fulton County,IL,3534,878,143,24.84436898698359,4.046406338426712,0.16287015945330297,0.16343574700976254,4,395,61,1503,0.15443037974683543,33021,443,152,0.3431151241534989
17059,Gallatin County,IL,585,203,19,34.7008547008547,3.247863247863248,0.09359605911330049,0.09407023964846777,3,103,9,282,0.08737864077669903,4855,73,25,0.3424657534246575
17061,Greene County,IL,1266,426,46,33.649289099526065,3.6334913112164298,0.107981220657277,0.10873671978818267,4,191,20,532,0.10471204188481675,11651,154,53,0.34415584415584416
17063,Grundy County,IL,4626,1200,204,25.940337224383917,4.409857328145266,0.17,0.17035527415780571,5,462,75,1654,0.16233766233766234,53041,548,188,0.34306569343065696
17065,Hamilton County,IL,841,194,30,23.067776456599287,3.56718192627824,0.15463917525773196,0.15488944208015967,4,92,14,373,0.15217391304347827,7984,111,38,0.34234234234234234
17067,Hancock County,IL,1835,570,70,31.06267029972752,3.8147138964577656,0.12280701754385964,0.12659196915047022,4,280,34,849,0.12142857142857143,17244,258,88,0.34108527131782945
17069,Hardin County,IL,478,140,20,29.288702928870293,4.184100418410042,0.14285714285714285,0.1470432649770925,2,73,10,238,0.136986301369863,3597,59,20,0.3389830508474576
17071,Henderson County,IL,744,211,25,28.36021505376344,3.360215053763441,0.11848341232227488,0.12041493153713982,4,105,12,349,0.11428571428571428,6151,105,36,0.34285714285714286
17073,Henry County,IL,5041,1448,198,28.724459432652253,3.9277921047411226,0.13674033149171272,0.13746552291312666,5,665,88,2172,0.13233082706766916,48419,664,228,0.3433734939759036
17075,Iroquois County,IL,2874,590,95,20.528879610299235,3.305497564370216,0.16101694915254236,0.1614615984904119,4,274,42,1254,0.15328467153284672,26473,381,131,0.3438320209973753
17077,Jackson County,IL,4880,1669,288,34.200819672131146,5.901639344262295,0.1725584182144997,0.17329466677589983,5,748,125,2022,0.16711229946524064,52617,613,214,0.34910277324632955
17079,Jasper County,IL,947,292,27,30.834213305174234,2.851108764519535,0.09246575342465753,0.09245771824126028,4,131,12,399,0.0916030534351145,9212,125,43,0.344
17081,Jefferson County,IL,3728,1095,193,29.372317596566525,5.177038626609442,0.17625570776255708,0.17850829353440542,4,486,82,1555,0.16872427983539096,36400,480,165,0.34375
17083,Jersey County,IL,2158,726,77,33.64226135310473,3.568118628359592,0.10606060606060606,0.10627145269474779,4,324,34,901,0.10493827160493827,21246,281,96,0.3416370106761566
17085,Jo Daviess County,IL,2478,551,86,22.235673930589186,3.4705407586763517,0.1560798548094374,0.1606246334860802,4,298,46,1275,0.15436241610738255,21758,389,133,0.34190231362467866
17087,Johnson County,IL,1544,490,78,31.735751295336787,5.051813471502591,0.15918367346938775,0.16101181305693799,4,218,32,659,0.14678899082568808,13381,182,63,0.34615384615384615
17089,Kane County,IL,51609,14847,3003,28.76823809800616,5.818752543161077,0.20226308345120225,0.2011400878669366,5,5469,1029,17728,0.18815139879319803,514182,5716,1995,0.34902029391182643
17091,Kankakee County,IL,11525,2947,477,25.570498915401302,4.13882863340564,0.16185951815405497,0.16270213629873603,5,1214,187,4447,0.15403624382207579,106074,1379,482,0.3495286439448876
17093,Kendall County,IL,10972,2735,470,24.9270871308786,4.283631060882246,0.17184643510054845,0.1694130795699269,5,868,137,3219,0.1578341013824885,137254,1202,417,0.3469217970049917
17095,Knox County,IL,5385,1604,251,29.78644382544104,4.6610956360259985,0.15648379052369077,0.1575254708277355,5,753,112,2385,0.14873837981407703,48640,701,242,0.34522111269614836
17097,Lake County,IL,65981,19427,3358,29.443324593443567,5.089343902032403,0.17285221598805786,0.17227827246250477,5,7228,1168,22873,0.16159380188157166,709150,8151,2846,0.34915961231750703
17099,LaSalle County,IL,11466,3558,475,31.030873888016746,4.142682714111285,0.13350196739741427,0.1334900686816449,5,1529,194,4628,0.12688031393067364,108078,1393,478,0.3431442928930366
17101,Lawrence County,IL,1664,495,73,29.747596153846153,4.387019230769231,0.14747474747474748,0.14739428050191436,4,197,26,629,0.1319796954314721,14914,186,64,0.34408602150537637
17103,Lee County,IL,3493,1070,147,30.632693959347264,4.208416833667335,0.13738317757009347,0.1372426431839385,4,455,58,1417,0.12747252747252746,33848,471,162,0.34394904458598724
17105,Livingston County,IL,3662,1011,141,27.60786455488804,3.850354997269252,0.1394658753709199,0.13967043476817864,4,434,57,1481,0.1313364055299539,35521,465,160,0.34408602150537637
17107,Logan County,IL,2862,647,122,22.60656883298393,4.262753319357093,0.18856259659969088,0.1890011973303081,4,271,47,1132,0.17343173431734318,27591,355,122,0.3436619718309859
17109,McDonough County,IL,2400,742,119,30.916666666666668,4.958333333333333,0.16037735849056603,0.1623188001621453,4,342,53,1026,0.15497076023391812,26861,326,112,0.34355828220858897
17111,McHenry County,IL,27945,7758,1121,27.761674718196456,4.011451064591161,0.14449600412477442,0.14391821874763688,5,2976,405,10050,0.13608870967741934,311747,3491,1196,0.342595244915497
17113,McLean County,IL,13517,3111,525,23.015462010801212,3.883997928534438,0.16875602700096431,0.16878683817127418,5,1227,197,4922,0.16055419722901385,171141,1755,605,0.34472934472934474
17115,Macon County,IL,11806,2881,467,24.402846010503133,3.955615788582077,0.16209649427282194,0.16378740963294042,5,1324,206,5097,0.1555891238670695,101483,1516,532,0.35092348284960423
17117,Macoupin County,IL,4840,1219,184,25.18595041322314,3.8016528925619837,0.1509433962264151,0.15056808670168642,5,558,83,2078,0.14874551971326164,44245,610,209,0.34262295081967215
17119,Madison County,IL,28041,6772,1136,24.150351271352662,4.051210727149531,0.16774955699940933,0.16821662079508912,5,2868,464,11111,0.16178521617852162,263864,3365,1162,0.3453194650817236
17121,Marion County,IL,3952,887,157,22.444331983805668,3.972672064777328,0.17700112739571588,0.1767148353525216,5,402,69,1678,0.17164179104477612,36914,489,169,0.3456032719836401
17123,Marshall County,IL,1216,268,41,22.039473684210527,3.3717105263157894,0.15298507462686567,0.16053618362980718,4,131,20,560,0.15267175572519084,11678,174,60,0.3448275862068966
17125,Mason County,IL,1401,393,58,28.051391862955033,4.139900071377587,0.1475826972010178,0.1484149401132504,4,188,27,629,0.14361702127659576,12748,182,63,0.34615384615384615
17127,Massac County,IL,1633,296,40,18.12614819350888,2.449479485609308,0.13513513513513514,0.13466219970655097,4,129,17,670,0.13178294573643412,13896,210,74,0.3523809523809524
17129,Menard County,IL,1222,261,40,21.358428805237317,3.2733224222585924,0.1532567049808429,0.15587553434150747,4,116,17,511,0.14655172413793102,12121,162,55,0.3395061728395062
17131,Mercer County,IL,1573,493,58,31.34138588684043,3.6872218690400507,0.11764705882352941,0.1182584607741743,4,229,26,684,0.11353711790393013,15504,217,75,0.3456221198156682
17133,Monroe County,IL,3295,790,117,23.975720789074355,3.550834597875569,0.14810126582278482,0.1488028286981346,4,335,49,1306,0.14626865671641792,35033,446,153,0.3430493273542601
17135,Montgomery County,IL,3052,866,109,28.37483617300131,3.5714285714285716,0.1258660508083141,0.12692812128204323,4,380,46,1263,0.12105263157894737,28020,384,132,0.34375
17137,Morgan County,IL,3517,900,161,25.589991470002843,4.577765140744953,0.17888888888888888,0.17950050618367103,4,397,67,1460,0.16876574307304787,32209,445,153,0.3438202247191011
17139,Moultrie County,IL,1344,372,51,27.678571428571427,3.794642857142857,0.13709677419354838,0.13753680402226406,4,164,22,550,0.13414634146341464,14323,176,61,0.3465909090909091
17141,Ogle County,IL,5126,1685,190,32.871634802965275,3.7065938353492003,0.11275964391691394,0.1129961479164198,5,734,79,2092,0.10762942779291552,51351,662,228,0.34441087613293053
17143,Peoria County,IL,16859,4230,792,25.090456136188386,4.6977875318820805,0.18723404255319148,0.18822907302018638,5,1835,328,6807,0.1787465940054496,178383,2392,839,0.35075250836120403
17145,Perry County,IL,2296,781,127,34.01567944250871,5.531358885017422,0.16261203585147246,0.16399653559721952,4,334,50,932,0.1497005988023952,20588,276,95,0.3442028985507246
17147,Piatt County,IL,1549,318,55,20.52937378954164,3.5506778566817303,0.17295597484276728,0.177749759010022,4,145,25,665,0.1724137931034483,16723,225,77,0.3422222222222222
17149,Pike County,IL,1531,457,60,29.84977139124755,3.9190071848465053,0.13129102844638948,0.13216789138937682,4,218,28,682,0.12844036697247707,14484,198,68,0.3434343434343434
17151,Pope County,IL,549,154,17,28.051001821493625,3.096539162112933,0.11038961038961038,0.11503323421682161,3,75,8,255,0.10666666666666667,3770,73,25,0.3424657534246575
17153,Pulaski County,IL,822,248,49,30.170316301703163,5.961070559610706,0.1975806451612903,0.19919803315476384,4,123,24,382,0.1951219512195122,4991,96,35,0.3645833333333333
17155,Putnam County,IL,600,169,22,28.166666666666668,3.6666666666666665,0.1301775147928994,0.13620016804537347,3,83,11,278,0.13253012048192772,5572,85,29,0.3411764705882353
17157,Randolph County,IL,3368,933,153,27.701900237529692,4.542755344418052,0.1639871382636656,0.1648217386912711,4,376,57,1297,0.15159574468085107,30068,418,145,0.34688995215311
17159,Richland County,IL,1541,303,44,19.662556781310837,2.855288773523686,0.14521452145214522,0.14670757951712873,4,138,19,653,0.13768115942028986,15435,209,72,0.3444976076555024
17161,Rock Island County,IL,15772,4397,632,27.878518894242962,4.0071011919857975,0.14373436433932227,0.1449571564725909,5,1986,270,6703,0.13595166163141995,141527,1947,678,0.34822804314329736
17163,St. Clair County,IL,31468,8538,2025,27.132324901487227,6.435108681835516,0.23717498243148277,0.23726483323384298,5,3453,790,11873,0.228786562409499,252671,3695,1316,0.3561569688768606
17165,Saline County,IL,2585,854,90,33.036750483559,3.481624758220503,0.1053864168618267,0.10737443114454426,4,393,41,1112,0.10432569974554708,23087,325,112,0.3446153846153846
17167,Sangamon County,IL,18675,4808,896,25.745649263721553,4.7978580990629185,0.18635607321131448,0.18689689438548016,5,2072,370,7563,0.17857142857142858,194534,2613,905,0.3463451970914658
17169,Schuyler County,IL,772,215,29,27.849740932642487,3.756476683937824,0.13488372093023257,0.13482977608392618,4,99,13,337,0.13131313131313133,6746,102,35,0.3431372549019608
17171,Scott County,IL,529,112,17,21.17202268431002,3.213610586011342,0.15178571428571427,0.1636715347909621,3,48,7,215,0.14583333333333334,4790,66,23,0.3484848484848485
17173,Shelby County,IL,2201,721,89,32.75783734666061,4.043616537937301,0.12343966712898752,0.1243307503620586,4,352,43,1008,0.12215909090909091,20761,304,104,0.34210526315789475
17175,Stark County,IL,536,148,15,27.611940298507463,2.798507462686567,0.10135135135135136,0.1073526664924743,3,72,7,246,0.09722222222222222,5345,76,26,0.34210526315789475
17177,Stephenson County,IL,4969,1187,201,23.888106258804587,4.045079492855705,0.16933445661331087,0.1706455848316416,5,561,91,2225,0.1622103386809269,43627,703,245,0.3485064011379801
17179,Tazewell County,IL,12179,3268,421,26.83307332293292,3.456769849741358,0.1288249694002448,0.1290958923173652,5,1456,182,5062,0.125,129911,1660,570,0.3433734939759036
17181,Union County,IL,1822,585,98,32.107574094401755,5.378704720087816,0.1675213675213675,0.16887014819661886,4,278,45,815,0.1618705035971223,16767,250,87,0.348
17183,Vermilion County,IL,8633,2183,502,25.286690605814897,5.814896328043554,0.22995877233165368,0.23202893931205035,5,985,216,3681,0.21928934010152284,72337,1013,352,0.3474827245804541
17185,Wabash County,IL,1173,409,38,34.86786018755328,3.239556692242114,0.09290953545232274,0.09713077885278382,4,195,18,523,0.09230769230769231,11087,159,55,0.34591194968553457
17187,Warren County,IL,1642,512,93,31.18148599269184,5.663824604141291,0.181640625,0.1823816536616491,4,239,41,718,0.17154811715481172,16354,209,72,0.3444976076555024
17189,Washington County,IL,1394,453,51,32.496413199426115,3.658536585365854,0.11258278145695365,0.11541253094546981,4,206,23,591,0.11165048543689321,13643,188,65,0.34574468085106386
17191,Wayne County,IL,1685,550,69,32.640949554896146,4.094955489614243,0.12545454545454546,0.12721289529970106,4,262,32,754,0.12213740458015267,15872,224,77,0.34375
17193,White County,IL,1465,354,59,24.16382252559727,4.027303754266212,0.16666666666666666,0.16461239817326528,4,162,26,627,0.16049382716049382,13614,204,71,0.3480392156862745
17195,Whiteside County,IL,5880,1404,182,23.877551020408163,3.0952380952380953,0.12962962962962962,0.12967460124947397,5,654,82,2570,0.12538226299694188,54658,754,260,0.3448275862068966
17197,Will County,IL,69672,20011,3841,28.72172465265817,5.512975083247215,0.19194443056319024,0.19063527796886617,5,7189,1297,23265,0.1804145221866741,696757,7904,2770,0.35045546558704455
17199,Williamson County,IL,6788,2048,336,30.170889805539186,4.949911608721273,0.1640625,0.16421185867037977,5,927,146,2880,0.1574973031283711,66695,871,299,0.34328358208955223
17201,Winnebago County,IL,29919,7437,1300,24.857114208362578,4.345065008857248,0.17480166733898078,0.17543544064566133,5,3149,520,11888,0.16513178786916483,282188,3735,1304,0.3491298527443106
17203,Woodford County,IL,3201,655,108,20.462355513901905,3.373945641986879,0.1648854961832061,0.16473257693165436,4,287,46,1306,0.1602787456445993,38128,473,163,0.34460887949260044
18001,Adams County,IN,3358,942,144,28.05241215008934,4.288266825491364,0.15286624203821655,0.1546201750715554,5,408,61,1344,0.14950980392156862,36068,384,133,0.3463541666666667
18003,Allen County,IN,37505,10170,1665,27.11638448206906,4.43940807892281,0.16371681415929204,0.1637772458269954,5,4123,645,14040,0.15643948581130246,391449,4396,1527,0.347361237488626
18005,Bartholomew County,IN,7852,2125,290,27.06316861946001,3.6933265410086604,0.13647058823529412,0.13632419104788826,5,890,115,3032,0.12921348314606743,83540,939,323,0.3439829605963791
18007,Benton County,IN,844,210,30,24.881516587677726,3.5545023696682465,0.14285714285714285,0.13827150401205507,4,90,12,336,0.13333333333333333,8719,103,35,0.33980582524271846
18009,Blackford County,IN,1383,437,48,31.597975415762836,3.470715835140998,0.10983981693363844,0.11328824352118917,4,209,23,621,0.11004784688995216,11919,164,56,0.34146341463414637
18011,Boone County,IN,5501,1500,218,27.26776949645519,3.962915833484821,0.14533333333333334,0.14484003798653236,5,572,79,1936,0.1381118881118881,74164,765,262,0.34248366013071896
18013,Brown County,IN,1932,424,58,21.946169772256727,3.002070393374741,0.13679245283018868,0.13846731438728352,4,212,28,917,0.1320754716981132,15570,248,84,0.3387096774193548
18015,Carroll County,IN,2131,461,76,21.633036133270764,3.5664007508212108,0.1648590021691974,0.1630742036732008,4,208,33,900,0.15865384615384615,20555,267,91,0.3408239700374532
18017,Cass County,IN,4119,1464,172,35.542607428987615,4.175770818159748,0.11748633879781421,0.11858672593339398,5,611,68,1617,0.11129296235679215,37540,466,161,0.34549356223175964
18019,Clark County,IN,13148,3074,515,23.3799817462732,3.916945543048372,0.1675341574495771,0.16714071848502485,5,1250,200,4995,0.16,124237,1462,502,0.3433652530779754
18021,Clay County,IN,2676,442,65,16.517189835575486,2.428998505231689,0.14705882352941177,0.14769239572225729,4,197,28,1115,0.14213197969543148,26379,319,109,0.34169278996865204
18023,Clinton County,IN,3387,737,144,21.759669323885444,4.251550044286979,0.19538670284938942,0.19785589584605773,5,304,57,1301,0.1875,32843,361,124,0.34349030470914127
18025,Crawford County,IN,1237,226,37,18.270008084074373,2.9911075181891675,0.16371681415929204,0.16805543686356003,4,103,17,533,0.1650485436893204,10536,139,47,0.3381294964028777
18027,Daviess County,IN,3059,697,120,22.78522392938869,3.9228506047728016,0.17216642754662842,0.17272669739594118,5,297,49,1212,0.16498316498316498,33418,350,120,0.34285714285714286
18029,Dearborn County,IN,5326,1149,156,21.573413443484792,2.9290274126924523,0.13577023498694518,0.13442425059595056,5,505,67,2187,0.13267326732673268,51138,629,214,0.34022257551669316
18031,Decatur County,IN,2648,851,88,32.137462235649544,3.323262839879154,0.10340775558166862,0.10357695544731102,4,357,36,1035,0.10084033613445378,26416,303,104,0.3432343234323432
18033,DeKalb County,IN,4099,1218,161,29.714564527933643,3.927787265186631,0.13218390804597702,0.13202683570531676,5,516,67,1616,0.12984496124031009,43731,487,166,0.3408624229979466
18035,Delaware County,IN,11487,3037,362,26.438582745712544,3.151388526160007,0.11919657556799473,0.12009805604029654,5,1338,155,4711,0.11584454409566518,112031,1330,461,0.34661654135338343
18037,Dubois County,IN,4243,1005,155,23.68607117605468,3.6530756540183833,0.15422885572139303,0.1558275314620376,5,425,63,1685,0.14823529411764705,43632,531,182,0.3427495291902072
18039,Elkhart County,IN,19817,4580,795,23.111469950042892,4.011707120149366,0.17358078602620086,0.17350249181822983,5,1830,297,7376,0.16229508196721312,206890,2229,772,0.3463436518618214
18041,Fayette County,IN,2789,788,118,28.253854428110433,4.230907135173897,0.14974619289340102,0.15119293313442067,4,370,54,1228,0.14594594594594595,23349,304,104,0.34210526315789475
18043,Floyd County,IN,8052,1809,270,22.466467958271238,3.3532041728763042,0.14925373134328357,0.14915408049313997,5,748,108,3117,0.1443850267379679,80714,961,331,0.34443288241415193
18045,Fountain County,IN,1781,363,67,20.38180797304885,3.7619314991577766,0.18457300275482094,0.1889286094443584,4,165,30,756,0.18181818181818182,16574,217,75,0.3456221198156682
18047,Franklin County,IN,2499,809,129,32.37294917967187,5.162064825930372,0.15945611866501855,0.15984643187666048,4,362,57,1049,0.1574585635359116,23028,288,98,0.3402777777777778
18049,Fulton County,IN,2134,729,77,34.16119962511715,3.6082474226804124,0.1056241426611797,0.10617522920751038,4,337,35,925,0.10385756676557864,20327,262,90,0.3435114503816794
18051,Gibson County,IN,3252,780,113,23.985239852398525,3.4747847478474783,0.14487179487179488,0.1440340398390733,4,333,47,1297,0.14114114114114115,32993,387,132,0.34108527131782945
18053,Grant County,IN,7917,2757,250,34.82379689276241,3.157761778451434,0.09067827348567284,0.09105462288237162,5,1259,111,3389,0.08816521048451152,66022,872,303,0.3474770642201835
18055,Greene County,IN,3379,830,134,24.56348031962119,3.9656703166617344,0.1614457831325301,0.16067823320005525,4,377,59,1437,0.15649867374005305,31006,397,136,0.3425692695214106
18057,Hamilton County,IN,25962,6122,805,23.580617826053462,3.1006856174408752,0.13149297615158445,0.13069687167297897,5,2209,274,8627,0.12403802625622454,364921,3628,1250,0.34454244762954794
18059,Hancock County,IN,7599,2019,302,26.56928543229372,3.9742071325174364,0.1495789995047053,0.1488482720849207,5,832,119,2926,0.14302884615384615,83070,971,334,0.34397528321318227
18061,Harrison County,IN,4068,825,134,20.28023598820059,3.2940019665683384,0.16242424242424242,0.16283037604070583,4,363,58,1672,0.15977961432506887,39851,499,170,0.3406813627254509
18063,Hendricks County,IN,15725,4276,722,27.19236883942766,4.591414944356121,0.1688493919550982,0.1680629839637575,5,1619,256,5569,0.15812229771463868,182534,1953,671,0.34357398873527906
18065,Henry County,IN,5533,1085,145,19.609615037050425,2.6206397975781672,0.1336405529953917,0.13298364203679178,5,476,61,2285,0.12815126050420167,48915,626,215,0.34345047923322686
18067,Howard County,IN,9351,2719,328,29.077104053042454,3.5076462410437386,0.12063258550937844,0.120869652803984,5,1234,143,3980,0.11588330632090761,83574,1118,387,0.34615384615384615
18069,Huntington County,IN,3697,1008,139,27.265350284014065,3.7598052474979715,0.1378968253968254,0.13962955333528562,4,427,58,1464,0.1358313817330211,36834,443,152,0.3431151241534989
18071,Jackson County,IN,4775,1449,222,30.345549738219894,4.649214659685864,0.15320910973084886,0.15345341807859209,5,598,87,1835,0.1454849498327759,46300,534,183,0.34269662921348315
18073,Jasper County,IN,3130,606,104,19.361022364217252,3.3226837060702876,0.1716171617161716,0.1723354088845203,4,266,44,1284,0.16541353383458646,33281,401,137,0.341645885286783
18075,Jay County,IN,2147,604,70,28.13227759664648,3.2603632976245924,0.11589403973509933,0.11644394776277918,4,273,31,906,0.11355311355311355,20198,243,83,0.34156378600823045
18077,Jefferson County,IN,3582,703,121,19.625907314349526,3.378001116694584,0.1721194879089616,0.17280765701635428,4,313,53,1491,0.16932907348242812,32946,412,141,0.3422330097087379
18079,Jennings County,IN,2901,617,94,21.26852809376077,3.2402619786280593,0.15235008103727715,0.15263291567382054,4,260,38,1142,0.14615384615384616,27536,313,107,0.34185303514376997
18081,Johnson County,IN,14388,3734,473,25.952182374200724,3.287461773700306,0.12667380824852706,0.1267708126133497,5,1486,179,5294,0.12045760430686406,165782,1752,601,0.3430365296803653
18083,Knox County,IN,3535,995,152,28.147100424328148,4.2998585572843,0.1527638190954774,0.15440504288989104,5,441,66,1468,0.14965986394557823,35789,432,148,0.3425925925925926
18085,Kosciusko County,IN,7765,2084,279,26.838377334191886,3.5930457179652286,0.1338771593090211,0.134108170900133,5,910,117,3168,0.12857142857142856,80826,953,326,0.34207764952780695
18087,LaGrange County,IN,3370,731,92,21.69139465875371,2.7299703264094957,0.12585499316005472,0.1260856818566424,5,314,38,1338,0.12101910828025478,40866,379,129,0.3403693931398417
18089,Lake County,IN,64558,16316,3547,25.27339756498033,5.494284209548003,0.217393969110076,0.2177190670416316,5,6718,1409,24681,0.2097350401905329,499689,7162,2559,0.35730242948896956
18091,LaPorte County,IN,11983,3377,493,28.18159058666444,4.1141617291162484,0.14598756292567366,0.14625356177268284,5,1455,201,4885,0.13814432989690723,111675,1470,507,0.3448979591836735
18093,Lawrence County,IN,5057,1315,174,26.00355942258256,3.4407751631402017,0.132319391634981,0.13241973298884793,5,606,79,2183,0.13036303630363036,45222,589,201,0.34125636672325976
18095,Madison County,IN,15102,4702,556,31.13494901337571,3.6816315719772215,0.1182475542322416,0.11859673420445609,5,2043,231,6159,0.1130690161527166,131744,1695,585,0.34513274336283184
18097,Marion County,IN,104391,30112,5608,28.845398549683402,5.372110622563248,0.18623804463336877,0.18551253412560426,5,10869,1920,34799,0.1766491857576594,969466,11383,4037,0.35465167354827376
18099,Marshall County,IN,4510,848,144,18.802660753880264,3.1929046563192904,0.16981132075471697,0.17056207243524144,5,371,60,1847,0.16172506738544473,46332,558,192,0.34408602150537637
18101,Martin County,IN,1084,195,28,17.988929889298895,2.5830258302583027,0.14358974358974358,0.14397864847460673,4,91,13,474,0.14285714285714285,9803,128,43,0.3359375
18103,Miami County,IN,4009,1398,148,34.87153903716638,3.6916936891993015,0.10586552217453506,0.10573244696007553,4,595,60,1605,0.10084033613445378,35674,435,149,0.3425287356321839
18105,Monroe County,IN,11266,2170,374,19.26149476300373,3.3197230605361265,0.17235023041474654,0.1730331330490514,5,913,151,4328,0.16538882803943045,139745,1347,461,0.3422420193021529
18107,Montgomery County,IN,3910,979,194,25.0383631713555,4.961636828644501,0.19816138917262513,0.1977465991305309,5,426,81,1591,0.19014084507042253,38273,470,161,0.3425531914893617
18109,Morgan County,IN,7361,1491,235,20.255400081510665,3.192501018883304,0.15761234071093225,0.15723876736652728,5,634,98,2935,0.15457413249211358,72236,858,292,0.34032634032634035
18111,Newton County,IN,1504,336,48,22.340425531914892,3.1914893617021276,0.14285714285714285,0.14386041680107522,4,150,21,634,0.14,13823,181,62,0.3425414364640884
18113,Noble County,IN,4727,1159,210,24.518722233975037,4.442563994076582,0.181190681622088,0.18041770782969793,5,488,86,1855,0.1762295081967213,47367,540,184,0.34074074074074073
18115,Ohio County,IN,729,153,20,20.987654320987655,2.7434842249657065,0.13071895424836602,0.13632963027280132,3,73,9,327,0.1232876712328767,6114,88,30,0.3409090909090909
18117,Orange County,IN,2214,482,72,21.77055103884372,3.252032520325203,0.14937759336099585,0.15252604715662613,4,223,33,967,0.14798206278026907,19623,257,88,0.3424124513618677
18119,Owen County,IN,2437,490,88,20.106688551497744,3.610997127615921,0.17959183673469387,0.18006335127677323,4,222,39,1042,0.17567567567567569,21482,284,96,0.3380281690140845
18121,Parke County,IN,1777,339,49,19.07709622960045,2.7574563871693867,0.14454277286135694,0.14478677619896235,4,155,22,762,0.14193548387096774,16369,213,72,0.3380281690140845
18123,Perry County,IN,2030,484,75,23.842364532019705,3.6945812807881775,0.15495867768595042,0.15595823480403997,4,211,32,832,0.15165876777251186,19183,238,81,0.3403361344537815
18125,Pike County,IN,1308,331,45,25.30581039755352,3.4403669724770642,0.13595166163141995,0.13702327628944583,4,150,20,557,0.13333333333333333,12168,162,56,0.345679012345679
18127,Porter County,IN,16501,3310,627,20.059390339979394,3.7997697109266104,0.18942598187311177,0.18916938734404626,5,1394,252,6494,0.18077474892395984,174791,2095,718,0.34272076372315036
18129,Posey County,IN,2547,521,91,20.455437769925403,3.572830781311347,0.1746641074856046,0.17617352931452204,4,235,40,1077,0.1702127659574468,25063,331,113,0.3413897280966767
18131,Pulaski County,IN,1313,274,42,20.868240670220867,3.198781416603199,0.15328467153284672,0.15845235231690666,4,125,19,563,0.152,12485,172,59,0.3430232558139535
18133,Putnam County,IN,3609,743,123,20.587420338043778,3.408146300914381,0.1655450874831763,0.1662466018474326,4,308,49,1401,0.1590909090909091,37301,430,147,0.34186046511627904
18135,Randolph County,IN,2817,808,84,28.68299609513667,2.981895633652822,0.10396039603960396,0.10506685729417908,4,369,37,1203,0.1002710027100271,24437,322,110,0.3416149068322981
18137,Ripley County,IN,2919,1034,163,35.42309009934909,5.584104145255225,0.1576402321083172,0.15854104240789957,4,458,71,1207,0.15502183406113537,29087,356,122,0.34269662921348315
18139,Rush County,IN,1781,333,59,18.697361033127457,3.3127456485120717,0.17717717717717718,0.17823951447683578,4,145,25,725,0.1724137931034483,16673,210,72,0.34285714285714286
18141,St. Joseph County,IN,25714,7784,1132,30.27144746052734,4.402271136345959,0.14542651593011305,0.1461138530493643,5,3224,446,9925,0.13833746898263027,272234,3250,1132,0.3483076923076923
18143,Scott County,IN,2566,559,81,21.784879189399845,3.1566640685892438,0.1449016100178891,0.14472946545047138,4,234,33,1003,0.14102564102564102,24588,276,94,0.34057971014492755
18145,Shelby County,IN,4863,1319,167,27.12317499485914,3.4340941805469876,0.12661106899166036,0.1267349651997013,5,556,68,1920,0.1223021582733813,44991,546,187,0.3424908424908425
18147,Spencer County,IN,2067,425,76,20.561199806482826,3.676826318335752,0.17882352941176471,0.18024407308943838,4,192,33,879,0.171875,19967,263,90,0.34220532319391633
18149,Starke County,IN,2419,437,72,18.065316246382803,2.9764365440264573,0.16475972540045766,0.16298210915413167,4,202,32,1048,0.15841584158415842,23258,292,99,0.339041095890411
18151,Steuben County,IN,3579,921,122,25.73344509639564,3.408773400391171,0.13246471226927253,0.13463635709998525,4,438,57,1603,0.13013698630136986,34725,473,161,0.3403805496828753
18153,Sullivan County,IN,2223,651,98,29.284750337381915,4.408457040035987,0.15053763440860216,0.1498587515369062,4,275,39,885,0.14181818181818182,20670,255,87,0.3411764705882353
18155,Switzerland County,IN,1131,270,60,23.872679045092838,5.305039787798409,0.2222222222222222,0.21746389473296346,4,118,25,462,0.211864406779661,10006,123,42,0.34146341463414637
18157,Tippecanoe County,IN,14267,3457,507,24.230742272376812,3.5536552884278403,0.14665895284929129,0.14679303770498892,5,1332,184,5016,0.13813813813813813,188717,1594,547,0.34316185696361357
18159,Tipton County,IN,1684,412,65,24.465558194774346,3.8598574821852734,0.15776699029126215,0.1626150487657132,4,195,30,748,0.15384615384615385,15361,214,74,0.34579439252336447
18161,Union County,IN,762,217,31,28.477690288713912,4.0682414698162725,0.14285714285714285,0.14300241265561942,4,99,14,325,0.1414141414141414,6952,91,31,0.34065934065934067
18163,Vanderburgh County,IN,19000,4931,853,25.95263157894737,4.489473684210527,0.17298722368687894,0.17355885117546868,5,2106,351,7575,0.16666666666666666,179744,2249,778,0.34593152512227654
18165,Vermillion County,IN,1642,362,47,22.046285018270403,2.862362971985384,0.1298342541436464,0.13111034102114386,4,168,21,710,0.125,15451,196,67,0.34183673469387754
18167,Vigo County,IN,10055,2297,293,22.844356041770265,2.9139731476877175,0.12755768393556813,0.1284855515411669,5,986,121,4028,0.12271805273833672,106006,1226,423,0.3450244698205546
18169,Wabash County,IN,3253,1133,88,34.829388256993546,2.705195204426683,0.07766990291262135,0.07934012317650178,4,521,40,1396,0.07677543186180422,30828,432,149,0.3449074074074074
18171,Warren County,IN,868,233,29,26.84331797235023,3.3410138248847927,0.12446351931330472,0.12497943053252873,4,107,13,376,0.12149532710280374,8461,111,38,0.34234234234234234
18173,Warrick County,IN,5576,1642,285,29.447632711621235,5.111190817790531,0.1735688185140073,0.17312673458640668,5,708,119,2241,0.16807909604519775,65185,791,272,0.3438685208596713
18175,Washington County,IN,2987,637,91,21.32574489454302,3.046534984934717,0.14285714285714285,0.14333898841409096,4,277,39,1214,0.1407942238267148,28224,337,115,0.34124629080118696
18177,Wayne County,IN,7610,2310,370,30.35479632063075,4.862023653088042,0.16017316017316016,0.16023546991180262,5,1032,161,3178,0.1560077519379845,66273,855,295,0.34502923976608185
18179,Wells County,IN,2804,726,92,25.891583452211126,3.2810271041369474,0.12672176308539945,0.1258736947756794,4,319,39,1148,0.12225705329153605,28335,339,116,0.3421828908554572
18181,White County,IN,2556,521,79,20.38341158059468,3.0907668231611893,0.15163147792706333,0.1509566888219021,4,242,35,1116,0.1446280991735537,24598,326,111,0.34049079754601225
18183,Whitley County,IN,3392,780,115,22.995283018867923,3.390330188679245,0.14743589743589744,0.14774264523747338,4,345,50,1400,0.14492753623188406,34627,422,144,0.3412322274881517
19001,Adair County,IA,738,189,32,25.609756097560975,4.336043360433604,0.1693121693121693,0.16529195347477754,4,86,14,315,0.16279069767441862,7494,109,38,0.3486238532110092
19003,Adams County,IA,383,70,10,18.276762402088774,2.6109660574412534,0.14285714285714285,0.15492887649640388,2,34,5,176,0.14705882352941177,3611,55,19,0.34545454545454546
19005,Allamakee County,IA,1319,308,43,23.351023502653526,3.2600454890068233,0.1396103896103896,0.14268159782018552,4,152,20,616,0.13157894736842105,13960,201,69,0.34328358208955223
19007,Appanoose County,IA,1272,416,58,32.704402515723274,4.559748427672956,0.13942307692307693,0.14317330453232446,4,208,29,598,0.13942307692307693,12094,179,62,0.3463687150837989
19009,Audubon County,IA,591,233,24,39.424703891708965,4.060913705583756,0.10300429184549356,0.1058726662587459,4,113,11,271,0.09734513274336283,5598,88,30,0.3409090909090909
19011,Benton County,IA,2342,740,112,31.596925704526047,4.782237403928266,0.15135135135135136,0.15384269755769478,4,315,47,929,0.1492063492063492,25711,330,114,0.34545454545454546
19013,Black Hawk County,IA,11380,4054,558,35.62390158172232,4.9033391915641475,0.13764183522446966,0.13849084557915878,5,1810,239,4717,0.13204419889502764,130274,1551,537,0.34622823984526113
19015,Boone County,IA,2429,741,102,30.506381226842322,4.199258954302182,0.13765182186234817,0.13688971800861022,4,323,43,990,0.13312693498452013,26609,338,115,0.34023668639053256
19017,Bremer County,IA,2005,651,87,32.46882793017456,4.339152119700748,0.1336405529953917,0.13495809328682043,4,302,40,861,0.13245033112582782,25259,316,109,0.3449367088607595
19019,Buchanan County,IA,1797,511,83,28.43628269337785,4.618809126321647,0.162426614481409,0.163933764178353,4,228,36,748,0.15789473684210525,20714,248,85,0.34274193548387094
19021,Buena Vista County,IA,2032,540,88,26.5748031496063,4.330708661417323,0.16296296296296298,0.1637309547895121,4,213,31,747,0.14553990610328638,20600,231,80,0.3463203463203463
19023,Butler County,IA,1341,418,51,31.17076808351976,3.8031319910514543,0.12200956937799043,0.12375150069974483,4,202,24,606,0.1188118811881188,14269,207,72,0.34782608695652173
19025,Calhoun County,IA,965,319,40,33.056994818652846,4.1450777202072535,0.12539184952978055,0.1302175731683297,4,152,19,432,0.125,9725,143,50,0.34965034965034963
19027,Carroll County,IA,1888,502,84,26.588983050847457,4.4491525423728815,0.16733067729083664,0.16949704851483283,4,226,37,796,0.16371681415929204,20567,282,97,0.34397163120567376
19029,Cass County,IA,1272,453,50,35.613207547169814,3.930817610062893,0.11037527593818984,0.11120896739602072,4,221,24,581,0.1085972850678733,13104,190,65,0.34210526315789475
19031,Cedar County,IA,1746,612,73,35.05154639175258,4.180985108820161,0.119281045751634,0.1185933795705543,4,270,31,719,0.11481481481481481,18399,253,87,0.3438735177865613
19033,Cerro Gordo County,IA,3992,964,127,24.148296593186373,3.1813627254509016,0.13174273858921162,0.1337175938662576,4,455,58,1770,0.12747252747252746,42409,624,215,0.34455128205128205
19035,Cherokee County,IA,1120,179,30,15.982142857142858,2.6785714285714284,0.16759776536312848,0.1711197188981712,4,85,14,497,0.16470588235294117,11491,178,62,0.34831460674157305
19037,Chickasaw County,IA,1129,349,30,30.91231178033658,2.657218777679362,0.08595988538681948,0.08596480192852451,4,162,14,493,0.08641975308641975,11716,168,58,0.34523809523809523
19039,Clarke County,IA,974,316,56,32.4435318275154,5.749486652977413,0.17721518987341772,0.17861425811502693,4,135,22,391,0.16296296296296298,9692,120,41,0.3416666666666667
19041,Clay County,IA,1456,396,51,27.197802197802197,3.5027472527472527,0.12878787878787878,0.13040054043052451,4,186,23,642,0.12365591397849462,16475,232,80,0.3448275862068966
19043,Clayton County,IA,1703,395,62,23.194362889019377,3.64063417498532,0.1569620253164557,0.15631295224071992,4,191,29,777,0.1518324607329843,17027,261,90,0.3448275862068966
19045,Clinton County,IA,4747,1351,171,28.460080050558247,3.6022751211291344,0.12657290895632864,0.12793123062612136,5,608,75,2001,0.12335526315789473,46344,617,213,0.34521880064829824
19047,Crawford County,IA,1705,621,67,36.422287390029325,3.929618768328446,0.10789049919484701,0.10842613266369566,4,253,25,656,0.09881422924901186,16123,194,67,0.34536082474226804
19049,Dallas County,IA,7339,2168,293,29.54080937457419,3.992369532633874,0.13514760147601476,0.1345969709328096,5,777,99,2392,0.1274131274131274,108016,967,333,0.344364012409514
19051,Davis County,IA,834,254,41,30.455635491606714,4.916067146282973,0.16141732283464566,0.16717587393051395,4,116,19,355,0.16379310344827586,9130,106,36,0.33962264150943394
19053,Decatur County,IA,729,207,29,28.395061728395063,3.978052126200274,0.14009661835748793,0.14154349429971727,4,102,14,334,0.13725490196078433,7683,101,35,0.3465346534653465
19055,Delaware County,IA,1668,609,75,36.510791366906474,4.496402877697841,0.12315270935960591,0.1225325374491766,4,269,32,693,0.11895910780669144,17568,238,82,0.3445378151260504
19057,Des Moines County,IA,4033,1486,187,36.84602033225887,4.636746838581701,0.12584118438761777,0.12632551454272994,5,694,84,1766,0.12103746397694524,38293,528,182,0.3446969696969697
19059,Dickinson County,IA,1713,411,52,23.992994746059544,3.0356100408639812,0.12652068126520682,0.13076156521044516,4,216,27,849,0.125,18028,303,104,0.3432343234323432
19061,Dubuque County,IA,8374,1978,273,23.620730833532363,3.260090757105326,0.13801820020222447,0.1392937900083768,5,874,117,3450,0.13386727688787187,98677,1224,421,0.34395424836601307
19063,Emmet County,IA,913,253,35,27.710843373493976,3.833515881708653,0.1383399209486166,0.14450303302946596,4,117,16,395,0.13675213675213677,9176,132,45,0.3409090909090909
19065,Fayette County,IA,1865,503,79,26.970509383378015,4.2359249329758715,0.15705765407554673,0.1575437424657933,4,234,36,814,0.15384615384615385,19294,277,96,0.34657039711191334
19067,Floyd County,IA,1471,346,53,23.521414004078856,3.602991162474507,0.1531791907514451,0.1545406641088136,4,164,24,657,0.14634146341463414,15337,219,76,0.3470319634703196
19069,Franklin County,IA,999,340,46,34.034034034034036,4.604604604604605,0.13529411764705881,0.13415199226827423,4,161,21,446,0.13043478260869565,9916,138,48,0.34782608695652173
19071,Fremont County,IA,670,143,22,21.34328358208955,3.283582089552239,0.15384615384615385,0.15627779681120826,4,68,10,299,0.14705882352941177,6464,97,33,0.3402061855670103
19073,Greene County,IA,854,277,33,32.43559718969555,3.8641686182669788,0.11913357400722022,0.11996174044895065,4,135,16,390,0.11851851851851852,8741,130,45,0.34615384615384615
19075,Grundy County,IA,1098,389,43,35.428051001821494,3.916211293260474,0.11053984575835475,0.11187436430482454,4,182,20,479,0.10989010989010989,12356,166,57,0.3433734939759036
19077,Guthrie County,IA,1072,345,51,32.18283582089552,4.757462686567164,0.14782608695652175,0.15242178295037717,4,163,24,477,0.147239263803681,10647,157,54,0.34394904458598724
19079,Hamilton County,IA,1402,343,46,24.465049928673324,3.2810271041369474,0.13411078717201166,0.13515747705415615,4,150,19,574,0.12666666666666668,14820,206,71,0.3446601941747573
19081,Hancock County,IA,1027,233,32,22.687439143135347,3.11587147030185,0.13733905579399142,0.13919650301220346,4,112,15,464,0.13392857142857142,10685,161,56,0.34782608695652173
19083,Hardin County,IA,1652,582,82,35.23002421307506,4.963680387409201,0.140893470790378,0.14028673742066822,4,271,37,720,0.13653136531365315,16567,248,86,0.3467741935483871
19085,Harrison County,IA,1376,450,40,32.70348837209303,2.9069767441860463,0.08888888888888889,0.08982679083930746,4,198,17,565,0.08585858585858586,14658,189,65,0.3439153439153439
19087,Henry County,IA,2002,720,93,35.964035964035965,4.6453546453546455,0.12916666666666668,0.12898585858236994,4,322,40,838,0.12422360248447205,20196,259,89,0.3436293436293436
19089,Howard County,IA,857,193,24,22.520420070011667,2.8004667444574096,0.12435233160621761,0.1301161724465909,4,89,11,367,0.12359550561797752,9533,124,43,0.3467741935483871
19091,Humboldt County,IA,889,212,33,23.847019122609673,3.7120359955005626,0.15566037735849056,0.1578710922725385,4,98,15,383,0.15306122448979592,9572,133,46,0.3458646616541353
19093,Ida County,IA,627,157,24,25.039872408293462,3.827751196172249,0.15286624203821655,0.1534835128214925,4,74,11,276,0.14864864864864866,6888,96,33,0.34375
19095,Iowa County,IA,1505,465,66,30.897009966777407,4.385382059800665,0.14193548387096774,0.1428726068511748,4,197,27,596,0.13705583756345177,16475,214,74,0.34579439252336447
19097,Jackson County,IA,2022,503,64,24.876360039564787,3.1651829871414443,0.1272365805168986,0.12749183839086867,4,231,29,870,0.12554112554112554,19324,269,92,0.3420074349442379
19099,Jasper County,IA,3569,1168,181,32.726253852619784,5.0714485850378255,0.15496575342465754,0.15623943513105293,4,506,76,1446,0.15019762845849802,37938,484,167,0.3450413223140496
19101,Jefferson County,IA,1644,463,66,28.16301703163017,4.014598540145985,0.14254859611231102,0.14369233835548134,4,242,34,801,0.14049586776859505,15698,242,82,0.33884297520661155
19103,Johnson County,IA,9837,2373,325,24.123208295211956,3.303852800650605,0.1369574378423936,0.13690442793711627,5,929,119,3532,0.12809472551130247,156420,1430,491,0.34335664335664334
19105,Jones County,IA,2065,518,114,25.084745762711865,5.520581113801453,0.22007722007722008,0.22496169853758596,4,232,49,872,0.21120689655172414,20848,286,99,0.34615384615384615
19107,Keokuk County,IA,1002,318,41,31.736526946107784,4.091816367265469,0.1289308176100629,0.13168278404944345,4,151,19,446,0.12582781456953643,9904,139,48,0.34532374100719426
19109,Kossuth County,IA,1408,384,41,27.272727272727273,2.9119318181818183,0.10677083333333333,0.10871723420300408,4,185,19,637,0.10270270270270271,14475,231,81,0.35064935064935066
19111,Lee County,IA,3567,1268,159,35.54807961872722,4.457527333894029,0.1253943217665615,0.1254489074175483,4,592,72,1566,0.12162162162162163,32840,458,157,0.34279475982532753
19113,Linn County,IA,19220,6552,837,34.0894901144641,4.354838709677419,0.12774725274725274,0.12814656975804564,5,2696,328,7353,0.12166172106824925,229033,2674,921,0.3444278234854151
19115,Louisa County,IA,1196,461,53,38.54515050167224,4.431438127090301,0.11496746203904555,0.1163696558612161,4,195,21,476,0.1076923076923077,10677,141,49,0.3475177304964539
19117,Lucas County,IA,890,316,47,35.50561797752809,5.280898876404494,0.14873417721518986,0.14760736230634355,4,148,21,393,0.14189189189189189,8689,121,41,0.33884297520661155
19119,Lyon County,IA,955,304,25,31.832460732984295,2.6178010471204187,0.08223684210526316,0.08308065150857594,4,136,11,395,0.08088235294117647,12179,148,51,0.34459459459459457
19121,Madison County,IA,1459,356,31,24.400274160383823,2.1247429746401645,0.08707865168539326,0.08683685360791639,4,151,13,576,0.08609271523178808,17036,195,67,0.3435897435897436
19123,Mahaska County,IA,1958,496,59,25.33197139938713,3.0132788559754853,0.11895161290322581,0.11987739143519746,4,219,25,803,0.1141552511415525,21946,267,92,0.3445692883895131
19125,Marion County,IA,2916,743,84,25.480109739369,2.880658436213992,0.11305518169582772,0.11391273847495093,4,330,37,1207,0.11212121212121212,33642,423,146,0.34515366430260047
19127,Marshall County,IA,3935,1434,212,36.442185514612454,5.387547649301143,0.14783821478382148,0.14809127537367864,5,604,82,1551,0.1357615894039735,39879,467,161,0.34475374732334046
19129,Mills County,IA,1365,275,37,20.146520146520146,2.7106227106227108,0.13454545454545455,0.13059567171418449,4,123,16,572,0.13008130081300814,14553,187,64,0.3422459893048128
19131,Mitchell County,IA,980,203,33,20.714285714285715,3.36734693877551,0.1625615763546798,0.15831726723180084,4,90,14,407,0.15555555555555556,10532,148,52,0.35135135135135137
19133,Monona County,IA,869,266,26,30.609896432681243,2.991944764096663,0.09774436090225563,0.09973435170725399,4,128,12,392,0.09375,8486,130,45,0.34615384615384615
19135,Monroe County,IA,752,270,37,35.90425531914894,4.920212765957447,0.13703703703703704,0.13833738540097068,4,123,16,320,0.13008130081300814,7550,97,33,0.3402061855670103
19137,Montgomery County,IA,1034,191,30,18.471953578336556,2.9013539651837523,0.15706806282722513,0.1569633451021489,4,89,14,452,0.15730337078651685,10205,141,49,0.3475177304964539
19139,Muscatine County,IA,4445,1693,252,38.087739032620924,5.669291338582677,0.14884819846426461,0.1492875872482386,5,723,103,1775,0.14246196403872752,42377,503,173,0.34393638170974156
19141,O'Brien County,IA,1223,398,45,32.54292722812755,3.679476696647588,0.11306532663316583,0.11402684289016483,4,180,20,517,0.1111111111111111,14060,197,68,0.34517766497461927
19143,Osceola County,IA,607,153,17,25.205930807248766,2.800658978583196,0.1111111111111111,0.11327455563463285,4,70,7,262,0.1,6036,88,30,0.3409090909090909
19145,Page County,IA,1614,273,38,16.91449814126394,2.354399008674102,0.1391941391941392,0.1368574440935791,4,129,17,713,0.13178294573643412,15143,226,78,0.34513274336283184
19147,Palo Alto County,IA,814,243,36,29.852579852579854,4.422604422604422,0.14814814814814814,0.15326362720124828,4,115,17,358,0.14782608695652175,8764,127,44,0.3464566929133858
19149,Plymouth County,IA,2213,425,74,19.20469950293719,3.3438770899231813,0.17411764705882352,0.17636185985080421,4,186,31,908,0.16666666666666666,25681,323,111,0.34365325077399383
19151,Pocahontas County,IA,706,147,24,20.821529745042493,3.3994334277620397,0.16326530612244897,0.1634009182046122,4,70,11,315,0.15714285714285714,7053,107,37,0.34579439252336447
19153,Polk County,IA,40073,12341,1735,30.79629675841589,4.329598482768946,0.14058828295924156,0.14018210296975167,5,4576,605,13723,0.13221153846153846,501089,4981,1712,0.34370608311584017
19155,Pottawattamie County,IA,9164,2289,318,24.978175469227413,3.470100392841554,0.13892529488859764,0.13938543364528216,5,991,132,3707,0.13319878910191726,93173,1123,384,0.3419412288512912
19157,Poweshiek County,IA,1635,544,56,33.27217125382263,3.4250764525993884,0.10294117647058823,0.10645618294870782,4,256,26,718,0.1015625,18467,251,87,0.3466135458167331
19159,Ringgold County,IA,481,88,13,18.295218295218294,2.7027027027027026,0.14772727272727273,0.15499103425803934,3,42,6,215,0.14285714285714285,4670,67,23,0.34328358208955223
19161,Sac County,IA,948,229,28,24.156118143459917,2.9535864978902953,0.1222707423580786,0.12375586136785065,4,107,13,417,0.12149532710280374,9673,145,50,0.3448275862068966
19163,Scott County,IA,15365,4847,663,31.545720794012365,4.31500162707452,0.1367856406024345,0.13730477020534818,5,2023,264,5970,0.1304992585269402,173924,2075,716,0.3450602409638554
19165,Shelby County,IA,1141,409,35,35.845749342681856,3.067484662576687,0.08557457212713937,0.08673779412771475,4,186,16,487,0.08602150537634409,11645,175,61,0.3485714285714286
19167,Sioux County,IA,2601,959,80,36.87043444828912,3.0757400999615534,0.08342022940563086,0.083920038180089,5,404,32,1014,0.07920792079207921,36050,394,137,0.3477157360406091
19169,Story County,IA,6217,2129,279,34.244812610583885,4.487695029757117,0.13104744011272898,0.1317193258014707,5,883,111,2341,0.12570781426953567,99673,870,299,0.34367816091954023
19171,Tama County,IA,1775,609,90,34.309859154929576,5.070422535211268,0.1477832512315271,0.14872765996220033,4,268,38,731,0.1417910447761194,16903,220,76,0.34545454545454546
19173,Taylor County,IA,606,109,21,17.986798679867988,3.4653465346534653,0.1926605504587156,0.1932481211629677,4,53,10,277,0.18867924528301888,5858,81,28,0.345679012345679
19175,Union County,IA,1143,251,38,21.95975503062117,3.3245844269466316,0.15139442231075698,0.15429180500957407,4,117,17,497,0.1452991452991453,11887,160,55,0.34375
19177,Van Buren County,IA,752,230,34,30.585106382978722,4.5212765957446805,0.14782608695652175,0.14801497701048746,4,112,16,344,0.14285714285714285,7256,103,35,0.33980582524271846
19179,Wapello County,IA,3592,1120,166,31.180400890868597,4.621380846325167,0.14821428571428572,0.14907384482497818,5,488,68,1462,0.13934426229508196,35043,420,144,0.34285714285714286
19181,Warren County,IA,4360,1129,158,25.894495412844037,3.623853211009174,0.13994685562444642,0.14102438829255565,5,471,64,1685,0.13588110403397027,54327,605,208,0.343801652892562
19183,Washington County,IA,2042,716,89,35.06366307541626,4.35847208619001,0.12430167597765363,0.12734781700922254,4,326,39,869,0.1196319018404908,22571,291,100,0.3436426116838488
19185,Wayne County,IA,652,226,36,34.66257668711656,5.521472392638037,0.1592920353982301,0.15558254884017836,4,109,17,295,0.1559633027522936,6467,90,31,0.34444444444444444
19187,Webster County,IA,3451,1164,168,33.72935381048971,4.8681541582150105,0.14432989690721648,0.14511005401624316,5,507,70,1410,0.13806706114398423,36626,465,160,0.34408602150537637
19189,Winnebago County,IA,954,244,37,25.57651991614256,3.8784067085953877,0.15163934426229508,0.1541709765922082,4,116,17,423,0.14655172413793102,10617,145,50,0.3448275862068966
19191,Winneshiek County,IA,1655,490,85,29.60725075528701,5.13595166163142,0.17346938775510204,0.17490737055993788,4,234,40,741,0.17094017094017094,19974,285,98,0.34385964912280703
19193,Woodbury County,IA,9705,2322,331,23.9258114374034,3.4106130860381247,0.1425495262704565,0.14290617276973547,5,923,121,3600,0.13109425785482123,105671,1112,383,0.3444244604316547
19195,Worth County,IA,700,166,29,23.714285714285715,4.142857142857143,0.1746987951807229,0.17565865532621186,4,78,13,309,0.16666666666666666,7319,103,35,0.33980582524271846
19197,Wright County,IA,1242,297,44,23.91304347826087,3.5426731078904994,0.14814814814814814,0.15146789092080284,4,142,20,557,0.14084507042253522,12681,183,64,0.34972677595628415
20001,Allen County,KS,1326,381,36,28.733031674208146,2.7149321266968327,0.09448818897637795,0.09313770877747422,4,181,16,589,0.08839779005524862,12579,168,58,0.34523809523809523
20003,Anderson County,KS,796,233,18,29.271356783919597,2.2613065326633164,0.07725321888412018,0.07892023548961999,4,110,8,349,0.07272727272727272,7776,103,36,0.34951456310679613
20005,Atchison County,KS,1601,372,49,23.235477826358526,3.060587133041849,0.13172043010752688,0.1301639686644793,4,166,21,665,0.12650602409638553,16108,198,69,0.3484848484848485
20007,Barber County,KS,455,110,16,24.175824175824175,3.5164835164835164,0.14545454545454545,0.14875910064356537,2,57,8,222,0.14035087719298245,4122,61,21,0.3442622950819672
20009,Barton County,KS,2619,609,69,23.253150057273768,2.6345933562428407,0.11330049261083744,0.11656285287693231,4,272,30,1095,0.11029411764705882,25080,329,113,0.3434650455927052
20011,Bourbon County,KS,1398,239,38,17.09585121602289,2.7181688125894135,0.1589958158995816,0.1613599932653143,4,114,18,619,0.15789473684210525,14493,180,62,0.34444444444444444
20013,Brown County,KS,1003,256,39,25.523429710867397,3.8883349950149553,0.15234375,0.15377344758670203,4,124,18,453,0.14516129032258066,9364,125,43,0.344
20015,Butler County,KS,6057,1459,231,24.087832260194816,3.8137691926696387,0.15832762165867031,0.15927929649630285,5,592,91,2280,0.15371621621621623,68240,733,251,0.3424283765347885
20017,Chase County,KS,282,93,13,32.97872340425532,4.609929078014185,0.13978494623655913,0.1443796914770184,2,47,6,133,0.1276595744680851,2548,39,13,0.3333333333333333
20019,Chautauqua County,KS,440,85,18,19.318181818181817,4.090909090909091,0.21176470588235294,0.22218574840686636,2,42,9,207,0.21428571428571427,3415,54,19,0.35185185185185186
20021,Cherokee County,KS,2188,396,59,18.09872029250457,2.696526508226691,0.14898989898989898,0.1525706889638151,4,178,26,925,0.14606741573033707,19088,242,83,0.34297520661157027
20023,Cheyenne County,KS,257,51,11,19.844357976653697,4.280155642023346,0.21568627450980393,0.20238263460794698,2,26,5,124,0.19230769230769232,2583,41,14,0.34146341463414637
20025,Clark County,KS,181,31,6,17.12707182320442,3.314917127071823,0.1935483870967742,0.21428571428571427,2,14,3,77,0.21428571428571427,1933,26,9,0.34615384615384615
20027,Clay County,KS,770,182,25,23.636363636363637,3.2467532467532467,0.13736263736263737,0.1378345323111729,4,90,12,353,0.13333333333333333,8043,119,41,0.3445378151260504
20029,Cloud County,KS,844,250,32,29.620853080568722,3.7914691943127963,0.128,0.12167847606535381,4,117,14,370,0.11965811965811966,8946,118,41,0.3474576271186441
20031,Coffey County,KS,860,287,45,33.372093023255815,5.232558139534884,0.156794425087108,0.1586461654403462,4,137,21,385,0.15328467153284672,8280,116,40,0.3448275862068966
20033,Comanche County,KS,174,41,6,23.563218390804597,3.4482758620689653,0.14634146341463414,0.13468787155005865,2,22,3,87,0.13636363636363635,1681,26,9,0.34615384615384615
20035,Cowley County,KS,3817,841,151,22.033010217448258,3.9559863767356562,0.17954815695600476,0.18097890534520908,5,364,62,1536,0.17032967032967034,34453,423,147,0.3475177304964539
20037,Crawford County,KS,3588,731,126,20.37346711259755,3.511705685618729,0.17236662106703146,0.17177029870520494,5,311,51,1408,0.1639871382636656,39078,404,139,0.34405940594059403
20039,Decatur County,KS,282,95,11,33.687943262411345,3.900709219858156,0.11578947368421053,0.10634629319784038,2,48,5,133,0.10416666666666667,2689,48,17,0.3541666666666667
20041,Dickinson County,KS,1868,477,54,25.535331905781586,2.890792291220557,0.11320754716981132,0.11666016459255713,4,210,23,769,0.10952380952380952,18430,250,86,0.344
20043,Doniphan County,KS,752,149,23,19.81382978723404,3.0585106382978724,0.15436241610738255,0.15384938933373196,4,69,10,325,0.14492753623188406,7440,97,33,0.3402061855670103
20045,Douglas County,KS,8751,1871,296,21.380413667009485,3.3824705747914523,0.15820416889363975,0.1586721828359158,5,770,117,3282,0.15194805194805194,119964,1106,379,0.3426763110307414
20047,Edwards County,KS,323,75,14,23.21981424148607,4.3343653250774,0.18666666666666668,0.18948240914072106,2,34,6,139,0.17647058823529413,2739,38,13,0.34210526315789475
20049,Elk County,KS,307,62,11,20.19543973941368,3.583061889250814,0.1774193548387097,0.15989397558304008,2,33,5,154,0.15151515151515152,2441,40,14,0.35
20051,Ellis County,KS,2157,375,74,17.385257301808068,3.4306907742234585,0.19733333333333333,0.19645408827507937,4,167,32,884,0.19161676646706588,28941,297,101,0.3400673400673401
20053,Ellsworth County,KS,662,202,22,30.513595166163142,3.323262839879154,0.10891089108910891,0.1098701226885742,4,89,9,277,0.10112359550561797,6355,95,33,0.3473684210526316
20055,Finney County,KS,3989,973,214,24.3920782150915,5.364753070945099,0.2199383350462487,0.21797905206209028,5,332,67,1259,0.20180722891566266,37650,327,115,0.3516819571865443
20057,Ford County,KS,3628,777,173,21.4167585446527,4.768467475192944,0.22265122265122264,0.21893608908836612,5,248,50,1077,0.20161290322580644,33848,293,103,0.3515358361774744
20059,Franklin County,KS,2523,736,72,29.17162108600872,2.853745541022592,0.09782608695652174,0.09992474216554534,4,318,30,1017,0.09433962264150944,25992,310,106,0.3419354838709677
20061,Geary County,KS,2615,499,102,19.08221797323136,3.9005736137667304,0.20440881763527055,0.20600393676010248,5,189,37,883,0.19576719576719576,35691,256,90,0.3515625
20063,Gove County,KS,237,43,8,18.143459915611814,3.3755274261603376,0.18604651162790697,0.20803182185652844,2,21,4,107,0.19047619047619047,2717,40,14,0.35
20065,Graham County,KS,250,62,8,24.8,3.2,0.12903225806451613,0.14615749332069097,2,31,4,117,0.12903225806451613,2411,43,15,0.3488372093023256
20067,Grant County,KS,767,202,43,26.336375488917863,5.60625814863103,0.21287128712871287,0.21373539677708095,3,79,15,280,0.189873417721519,7197,71,25,0.352112676056338
20069,Gray County,KS,497,133,23,26.760563380281692,4.627766599597585,0.17293233082706766,0.17163299547062663,3,54,9,186,0.16666666666666666,5729,61,21,0.3442622950819672
20071,Greeley County,KS,115,24,5,20.869565217391305,4.3478260869565215,0.20833333333333334,0.18156658705064513,2,10,2,44,0.2,1223,15,5,0.3333333333333333
20073,Greenwood County,KS,737,133,16,18.046132971506104,2.1709633649932156,0.12030075187969924,0.12826423150950103,4,69,8,363,0.11594202898550725,5939,94,32,0.3404255319148936
20075,Hamilton County,KS,242,57,12,23.553719008264462,4.958677685950414,0.21052631578947367,0.21122205019734494,2,23,4,92,0.17391304347826086,2430,25,9,0.36
20077,Harper County,KS,571,155,20,27.145359019264447,3.502626970227671,0.12903225806451613,0.1380657737395624,4,77,10,266,0.12987012987012986,5323,73,25,0.3424657534246575
20079,Harvey County,KS,3259,911,124,27.953359926357777,3.804848112918073,0.13611416026344675,0.13796828728567298,5,409,54,1358,0.13202933985330073,33801,455,159,0.34945054945054943
20081,Haskell County,KS,369,75,18,20.32520325203252,4.878048780487805,0.24,0.23644123802248612,3,31,7,142,0.22580645161290322,3576,41,14,0.34146341463414637
20083,Hodgeman County,KS,171,39,6,22.80701754385965,3.508771929824561,0.15384615384615385,0.16666666666666666,2,18,3,74,0.16666666666666666,1755,26,9,0.34615384615384615
20085,Jackson County,KS,1333,396,53,29.70742685671418,3.975993998499625,0.13383838383838384,0.13185272207578042,4,181,23,569,0.1270718232044199,13286,168,58,0.34523809523809523
20087,Jefferson County,KS,1814,517,70,28.500551267916208,3.8588754134509373,0.13539651837524178,0.13589704667340838,4,229,30,753,0.13100436681222707,18344,240,82,0.3416666666666667
20089,Jewell County,KS,331,82,11,24.773413897280967,3.323262839879154,0.13414634146341464,0.134580227799705,2,46,6,174,0.13043478260869565,2898,54,19,0.35185185185185186
20091,Johnson County,KS,45618,10544,1708,23.113683195229953,3.7441360866324698,0.16198786039453716,0.16194363709591306,5,4160,637,16656,0.153125,619195,6785,2336,0.3442888725128961
20093,Kearny County,KS,363,112,21,30.853994490358126,5.785123966942149,0.1875,0.18875609693396533,3,45,8,137,0.17777777777777778,3855,44,15,0.3409090909090909
20095,Kingman County,KS,800,194,20,24.25,2.5,0.10309278350515463,0.10921483232492575,4,86,9,333,0.10465116279069768,7193,93,32,0.34408602150537637
20097,Kiowa County,KS,237,66,9,27.848101265822784,3.7974683544303796,0.13636363636363635,0.13610780844392312,2,33,4,111,0.12121212121212122,2404,34,12,0.35294117647058826
20099,Labette County,KS,2138,364,65,17.02525724976614,3.0402245088868103,0.17857142857142858,0.180074476911644,4,165,28,906,0.1696969696969697,19757,265,92,0.3471698113207547
20101,Lane County,KS,154,40,5,25.974025974025974,3.2467532467532467,0.125,0.13921944490670632,2,19,2,69,0.10526315789473684,1556,23,8,0.34782608695652173
20103,Leavenworth County,KS,7962,1987,328,24.95604119567948,4.119567947751821,0.1650729743331656,0.16414034743582284,5,776,121,2903,0.1559278350515464,82892,925,319,0.34486486486486484
20105,Lincoln County,KS,313,107,14,34.185303514377,4.472843450479234,0.1308411214953271,0.1327710721867681,2,53,7,146,0.1320754716981132,2899,46,16,0.34782608695652173
20107,Linn County,KS,1104,227,42,20.56159420289855,3.8043478260869565,0.18502202643171806,0.18088217158759348,4,105,19,482,0.18095238095238095,9796,138,47,0.34057971014492755
20109,Logan County,KS,244,58,8,23.770491803278688,3.278688524590164,0.13793103448275862,0.15470225053014097,2,27,4,107,0.14814814814814814,2705,35,12,0.34285714285714286
20111,Lyon County,KS,3273,1183,183,36.14421020470516,5.5912007332722276,0.15469146238377007,0.15564387076875785,5,498,73,1282,0.1465863453815261,31898,336,116,0.34523809523809523
20113,McPherson County,KS,2746,590,73,21.485797523670794,2.6584122359796067,0.12372881355932204,0.12711374594730018,4,266,32,1153,0.12030075187969924,30012,395,138,0.3493670886075949
20115,Marion County,KS,1225,290,41,23.6734693877551,3.3469387755102042,0.1413793103448276,0.14785003819330614,4,139,19,551,0.1366906474820144,11868,177,61,0.3446327683615819
20117,Marshall County,KS,989,276,45,27.906976744186046,4.550050556117291,0.16304347826086957,0.16576736545253187,4,132,21,442,0.1590909090909091,9982,139,48,0.34532374100719426
20119,Meade County,KS,382,95,13,24.869109947643977,3.4031413612565444,0.1368421052631579,0.1296083532373387,2,40,5,149,0.125,3897,47,16,0.3404255319148936
20121,Miami County,KS,3242,756,89,23.318938926588526,2.745219000616903,0.11772486772486772,0.11677603718419403,4,315,36,1260,0.11428571428571428,34867,426,147,0.34507042253521125
20123,Mitchell County,KS,531,141,16,26.55367231638418,3.0131826741996233,0.11347517730496454,0.12184015514904657,4,71,8,250,0.11267605633802817,5738,80,27,0.3375
20125,Montgomery County,KS,3744,750,114,20.03205128205128,3.0448717948717947,0.152,0.15346587138314094,5,349,51,1626,0.14613180515759314,30996,418,145,0.34688995215311
20127,Morris County,KS,593,173,26,29.17369308600337,4.3844856661045535,0.15028901734104047,0.145952879823663,4,86,12,277,0.13953488372093023,5349,83,28,0.3373493975903614
20129,Morton County,KS,284,67,10,23.591549295774648,3.5211267605633805,0.14925373134328357,0.15026342484572294,2,28,4,112,0.14285714285714285,2599,35,12,0.34285714285714286
20131,Nemaha County,KS,918,226,26,24.618736383442265,2.832244008714597,0.11504424778761062,0.11204135723233542,4,99,11,374,0.1111111111111111,10115,130,45,0.34615384615384615
20133,Neosho County,KS,1616,575,62,35.58168316831683,3.8366336633663365,0.10782608695652174,0.11055577178246503,4,263,28,689,0.10646387832699619,15606,201,70,0.3482587064676617
20135,Ness County,KS,277,44,7,15.884476534296029,2.527075812274368,0.1590909090909091,0.15117296824782928,2,21,3,125,0.14285714285714285,2645,40,14,0.35
20137,Norton County,KS,517,192,24,37.13733075435203,4.6421663442940035,0.125,0.13120822513601746,4,83,10,210,0.12048192771084337,5301,70,24,0.34285714285714286
20139,Osage County,KS,1615,457,62,28.29721362229102,3.8390092879256965,0.13566739606126915,0.13688910643972016,4,207,27,687,0.13043478260869565,15654,201,69,0.34328358208955223
20141,Osborne County,KS,366,106,16,28.961748633879782,4.371584699453552,0.1509433962264151,0.15749498222421124,2,53,8,172,0.1509433962264151,3490,56,19,0.3392857142857143
20143,Ottawa County,KS,558,143,17,25.627240143369175,3.046594982078853,0.11888111888111888,0.1243115697100967,3,66,8,243,0.12121212121212122,5795,76,26,0.34210526315789475
20145,Pawnee County,KS,674,186,22,27.596439169139465,3.264094955489614,0.11827956989247312,0.11886711413701363,4,79,9,273,0.11392405063291139,6179,98,34,0.3469387755102041
20147,Phillips County,KS,475,153,19,32.21052631578947,4,0.12418300653594772,0.1279371230424189,2,79,10,230,0.12658227848101267,4809,74,25,0.33783783783783783
20149,Pottawatomie County,KS,2058,525,80,25.510204081632654,3.8872691933916426,0.1523809523809524,0.15329386193771027,4,219,32,790,0.1461187214611872,26273,266,91,0.34210526315789475
20151,Pratt County,KS,859,232,32,27.0081490104773,3.7252619324796274,0.13793103448275862,0.13762187394741612,4,108,14,374,0.12962962962962962,9067,121,42,0.34710743801652894
20153,Rawlins County,KS,253,60,10,23.715415019762847,3.952569169960474,0.16666666666666666,0.16827071738615124,2,31,5,124,0.16129032258064516,2528,42,15,0.35714285714285715
20155,Reno County,KS,6411,1129,174,17.610357198564966,2.71408516612073,0.15411868910540302,0.15445374475285398,5,504,74,2679,0.14682539682539683,61516,812,281,0.3460591133004926
20157,Republic County,KS,467,158,15,33.83297644539615,3.2119914346895073,0.0949367088607595,0.09798682185261505,3,80,8,222,0.1,4642,76,26,0.34210526315789475
20159,Rice County,KS,915,191,30,20.87431693989071,3.278688524590164,0.15706806282722513,0.15970033223369814,4,87,13,390,0.14942528735632185,9407,121,42,0.34710743801652894
20161,Riley County,KS,4440,1075,188,24.21171171171171,4.2342342342342345,0.17488372093023255,0.1750066288395224,5,415,69,1532,0.16626506024096385,71108,511,175,0.3424657534246575
20163,Rooks County,KS,464,137,17,29.525862068965516,3.663793103448276,0.12408759124087591,0.12916490337825273,2,66,8,210,0.12121212121212122,4813,72,25,0.3472222222222222
20165,Rush County,KS,327,92,17,28.134556574923547,5.198776758409786,0.18478260869565216,0.19006671974401435,2,45,8,149,0.17777777777777778,2927,46,16,0.34782608695652173
20167,Russell County,KS,703,172,25,24.466571834992887,3.5561877667140824,0.14534883720930233,0.14839298745318585,4,85,12,328,0.1411764705882353,6639,100,34,0.34
20169,Saline County,KS,5390,1745,209,32.3747680890538,3.877551020408163,0.11977077363896849,0.12042491368229578,5,754,86,2178,0.11405835543766578,53596,693,240,0.3463203463203463
20171,Scott County,KS,461,83,15,18.004338394793926,3.2537960954446854,0.18072289156626506,0.1795996622047356,3,38,6,196,0.15789473684210525,5014,64,22,0.34375
20173,Sedgwick County,KS,53095,15239,2129,28.70138431114041,4.0097937658913265,0.13970732987728854,0.13989717964351617,5,6141,814,19845,0.13255170167725125,525525,5882,2045,0.3476708602516151
20175,Seward County,KS,2450,679,150,27.714285714285715,6.122448979591836,0.22091310751104565,0.2168469061732669,5,219,44,730,0.2009132420091324,21358,179,63,0.35195530726256985
20177,Shawnee County,KS,18512,4790,726,25.875108038029385,3.921780466724287,0.15156576200417538,0.15250547772262898,5,2126,307,7694,0.14440263405456255,177480,2313,802,0.346735840899265
20179,Sheridan County,KS,229,49,7,21.397379912663755,3.056768558951965,0.14285714285714285,0.15744996019198923,2,24,4,103,0.16666666666666666,2425,36,12,0.3333333333333333
20181,Sherman County,KS,558,166,26,29.74910394265233,4.659498207885305,0.1566265060240964,0.15273194403348153,3,77,11,243,0.14285714285714285,5830,78,27,0.34615384615384615
20183,Smith County,KS,375,139,11,37.06666666666667,2.933333333333333,0.07913669064748201,0.08967291101272523,3,71,6,181,0.08450704225352113,3533,63,22,0.3492063492063492
20185,Stafford County,KS,427,128,14,29.97658079625293,3.278688524590164,0.109375,0.11415370625007905,2,58,6,182,0.10344827586206896,3993,57,20,0.3508771929824561
20187,Stanton County,KS,211,64,14,30.33175355450237,6.6350710900473935,0.21875,0.21499496978382138,2,26,5,80,0.19230769230769232,1963,23,8,0.34782608695652173
20189,Stevens County,KS,518,145,36,27.99227799227799,6.94980694980695,0.2482758620689655,0.25000544137944,3,52,12,172,0.23076923076923078,5175,58,20,0.3448275862068966
20191,Sumner County,KS,2412,475,78,19.693200663349916,3.2338308457711444,0.16421052631578947,0.16611572184374673,4,214,34,1017,0.1588785046728972,22473,287,99,0.34494773519163763
20193,Thomas County,KS,612,167,24,27.287581699346404,3.9215686274509802,0.1437125748502994,0.1452193935571446,4,76,11,259,0.14473684210526316,7893,93,32,0.34408602150537637
20195,Trego County,KS,281,51,9,18.14946619217082,3.202846975088968,0.17647058823529413,0.17206550665775955,2,25,4,130,0.16,2752,44,15,0.3409090909090909
20197,Wabaunsee County,KS,710,201,33,28.309859154929576,4.647887323943662,0.16417910447761194,0.16443537453531193,4,92,15,308,0.16304347826086957,7019,98,34,0.3469387755102041
20199,Wallace County,KS,140,37,5,26.428571428571427,3.5714285714285716,0.13513513513513514,0.12340005307734768,2,18,2,63,0.1111111111111111,1488,22,7,0.3181818181818182
20201,Washington County,KS,546,121,19,22.16117216117216,3.47985347985348,0.15702479338842976,0.16843188423666897,4,58,9,245,0.15517241379310345,5501,81,28,0.345679012345679
20203,Wichita County,KS,222,52,8,23.423423423423422,3.6036036036036037,0.15384615384615385,0.170673930351309,2,24,4,96,0.16666666666666666,2064,27,10,0.37037037037037035
20205,Wilson County,KS,949,217,24,22.866174920969442,2.528977871443625,0.11059907834101383,0.11640400880377656,4,108,12,446,0.1111111111111111,8622,121,41,0.33884297520661155
20207,Woodson County,KS,380,98,18,25.789473684210527,4.7368421052631575,0.1836734693877551,0.1874353903978275,2,49,9,179,0.1836734693877551,3109,48,16,0.3333333333333333
20209,Wyandotte County,KS,22097,6514,1485,29.479114811965424,6.7203692808978595,0.22797052502302734,0.2275300630702375,5,2410,531,7427,0.22033195020746887,165746,1999,721,0.36068034017008505
21001,Adair County,KY,2153,376,56,17.46400371574547,2.601021830004645,0.14893617021276595,0.14655038331047215,4,169,24,907,0.14201183431952663,19067,243,83,0.34156378600823045
21003,Allen County,KY,2232,431,75,19.310035842293907,3.360215053763441,0.1740139211136891,0.17135239157786242,4,189,32,915,0.1693121693121693,21275,253,87,0.3438735177865613
21005,Anderson County,KY,2361,566,73,23.972892842016094,3.0919102075391782,0.12897526501766785,0.12673745224976252,4,233,29,906,0.12446351931330472,24224,277,95,0.34296028880866425
21007,Ballard County,KY,872,208,30,23.853211009174313,3.4403669724770642,0.14423076923076922,0.1440038738022424,4,97,14,382,0.14432989690721648,7650,110,38,0.34545454545454546
21009,Barren County,KY,4618,927,126,20.07362494586401,2.728453876136856,0.13592233009708737,0.1360214942648145,5,399,53,1858,0.13283208020050125,44854,547,188,0.3436928702010969
21011,Bath County,KY,1541,367,59,23.815704088254382,3.828682673588579,0.16076294277929154,0.16168369828343385,4,158,25,615,0.15822784810126583,12829,146,50,0.3424657534246575
21013,Bell County,KY,3124,633,83,20.262483994878362,2.6568501920614596,0.13112164296998421,0.13216442754134894,4,290,37,1339,0.12758620689655173,23568,300,103,0.3433333333333333
21015,Boone County,KY,12665,3769,616,29.759178839320963,4.863797868140545,0.16343857787211463,0.16277843690906998,5,1452,226,4538,0.15564738292011018,139093,1427,487,0.34127540294323755
21017,Bourbon County,KY,2509,686,92,27.341570346751695,3.6667995217218015,0.13411078717201166,0.13495553849312666,4,309,40,1055,0.12944983818770225,20093,277,97,0.35018050541516244
21019,Boyd County,KY,5719,1662,212,29.061024654659906,3.7069417730372445,0.12755716004813478,0.12797931585526245,5,760,94,2455,0.12368421052631579,48110,622,213,0.342443729903537
21021,Boyle County,KY,3150,706,104,22.41269841269841,3.3015873015873014,0.14730878186968838,0.148454532531484,4,317,45,1325,0.14195583596214512,30904,407,141,0.3464373464373464
21023,Bracken County,KY,966,223,43,23.08488612836439,4.451345755693581,0.19282511210762332,0.19386506926520264,3,96,18,390,0.1875,8452,98,33,0.336734693877551
21025,Breathitt County,KY,1779,353,61,19.842608206857786,3.428892636312535,0.17280453257790368,0.17249951215520837,4,155,26,729,0.16774193548387098,13351,160,54,0.3375
21027,Breckinridge County,KY,2455,441,70,17.963340122199593,2.8513238289205702,0.15873015873015872,0.16174687037070928,4,202,32,1057,0.15841584158415842,20943,270,92,0.34074074074074073
21029,Bullitt County,KY,8780,2290,351,26.082004555808656,3.997722095671982,0.15327510917030568,0.15291126439612363,5,951,141,3399,0.14826498422712933,83836,970,331,0.34123711340206186
21031,Butler County,KY,1408,290,56,20.59659090909091,3.977272727272727,0.19310344827586207,0.19445963721624218,4,132,25,599,0.1893939393939394,12295,148,50,0.33783783783783783
21033,Caldwell County,KY,1395,288,48,20.64516129032258,3.4408602150537635,0.16666666666666666,0.16448776379648508,4,136,22,619,0.16176470588235295,12570,174,60,0.3448275862068966
21035,Calloway County,KY,3427,929,118,27.108257951561132,3.443244820542749,0.12701829924650163,0.12689887730575258,4,422,52,1447,0.12322274881516587,37685,427,146,0.34192037470725994
21037,Campbell County,KY,9571,3080,393,32.180545397555115,4.1061540068958315,0.1275974025974026,0.12762710798835247,5,1283,160,3715,0.12470771628994544,93300,1070,364,0.3401869158878505
21039,Carlisle County,KY,525,149,14,28.38095238095238,2.6666666666666665,0.09395973154362416,0.10062858852952004,3,69,6,228,0.08695652173913043,4720,62,21,0.3387096774193548
21041,Carroll County,KY,1176,221,33,18.792517006802722,2.806122448979592,0.1493212669683258,0.1502248604309286,4,90,13,447,0.14444444444444443,10938,120,41,0.3416666666666667
21043,Carter County,KY,3352,844,120,25.178997613365155,3.579952267303103,0.14218009478672985,0.1427414738255671,4,389,54,1449,0.13881748071979436,26395,335,115,0.34328358208955223
21045,Casey County,KY,1889,410,57,21.704605611434623,3.0174695606140816,0.13902439024390245,0.1391125479544664,4,196,27,847,0.1377551020408163,15920,206,70,0.33980582524271846
21047,Christian County,KY,6702,1530,267,22.829006266786035,3.9838854073410923,0.17450980392156862,0.17570789497470826,5,626,105,2520,0.16773162939297126,73037,733,259,0.3533424283765348
21049,Clark County,KY,4126,1316,208,31.8952981095492,5.041202132816287,0.1580547112462006,0.15756765414864954,5,573,88,1673,0.15357766143106458,37061,466,161,0.34549356223175964
21051,Clay County,KY,2678,510,58,19.04406273338312,2.165795369678865,0.11372549019607843,0.11201414567603446,4,205,22,1004,0.1073170731707317,19913,217,74,0.34101382488479265
21053,Clinton County,KY,1124,233,37,20.729537366548044,3.2918149466192173,0.15879828326180256,0.1648144052461915,4,106,17,482,0.16037735849056603,9123,117,40,0.3418803418803419
21055,Crittenden County,KY,1006,169,27,16.79920477137177,2.68389662027833,0.15976331360946747,0.15944578605133963,4,82,13,458,0.15853658536585366,8981,121,41,0.33884297520661155
21057,Cumberland County,KY,765,122,19,15.947712418300654,2.4836601307189543,0.1557377049180328,0.16149507783603714,3,59,9,348,0.15254237288135594,5946,86,30,0.3488372093023256
21059,Daviess County,KY,9966,1692,234,16.977724262492476,2.3479831426851296,0.13829787234042554,0.1393691031144845,5,729,98,3998,0.13443072702331962,103222,1234,425,0.34440842787682335
21061,Edmonson County,KY,1427,362,47,25.367904695164682,3.2936229852838124,0.1298342541436464,0.13050728982494064,4,168,21,618,0.125,12269,167,57,0.3413173652694611
21063,Elliott County,KY,1077,223,34,20.705663881151345,3.1569173630454967,0.15246636771300448,0.15412938114519895,4,103,15,471,0.14563106796116504,7293,99,34,0.3434343434343434
21065,Estill County,KY,1816,498,52,27.422907488986784,2.8634361233480177,0.10441767068273092,0.10471123135966762,4,224,23,768,0.10267857142857142,14044,174,59,0.3390804597701149
21067,Fayette County,KY,30534,7490,1308,24.530032095369098,4.283749263116526,0.1746328437917223,0.17458529545937598,5,2937,487,11093,0.1658154579502894,320347,3652,1277,0.349671412924425
21069,Fleming County,KY,1733,407,82,23.48528563185228,4.731679169070975,0.20147420147420148,0.20357896515207333,4,186,37,741,0.1989247311827957,15288,183,62,0.33879781420765026
21071,Floyd County,KY,4631,756,133,16.32476786871086,2.8719499028287627,0.17592592592592593,0.17590741354338224,5,346,60,1984,0.17341040462427745,34978,426,144,0.3380281690140845
21073,Franklin County,KY,5669,1430,188,25.224907391074264,3.316281531134239,0.13146853146853146,0.13083339294202417,5,626,79,2317,0.12619808306709265,51607,655,225,0.3435114503816794
21075,Fulton County,KY,895,262,57,29.273743016759777,6.368715083798882,0.21755725190839695,0.21904617568933873,4,124,26,402,0.20967741935483872,6382,102,36,0.35294117647058826
21077,Gallatin County,KY,950,259,31,27.263157894736842,3.263157894736842,0.11969111969111969,0.12179984194956472,3,101,12,342,0.1188118811881188,8763,86,29,0.3372093023255814
21079,Garrard County,KY,1983,438,54,22.087745839636913,2.723146747352496,0.1232876712328767,0.12106196204487843,4,185,22,788,0.11891891891891893,17589,226,77,0.3407079646017699
21081,Grant County,KY,2457,640,88,26.04802604802605,3.5816035816035816,0.1375,0.137262288041209,4,255,34,907,0.13333333333333333,25502,250,85,0.34
21083,Graves County,KY,3864,1231,212,31.858178053830226,5.486542443064182,0.17221770917952883,0.173880757179018,5,549,91,1618,0.1657559198542805,36412,451,155,0.3436807095343681
21085,Grayson County,KY,2897,668,86,23.05833620987228,2.968588194684156,0.12874251497005987,0.13080135064418616,4,299,38,1216,0.12709030100334448,26631,313,106,0.33865814696485624
21087,Green County,KY,1378,254,43,18.432510885341074,3.1204644412191582,0.16929133858267717,0.1713940570212615,4,116,19,588,0.16379310344827586,11365,156,54,0.34615384615384615
21089,Greenup County,KY,4591,1401,208,30.516227401437597,4.530603354389022,0.14846538187009278,0.14889984506259815,5,669,97,2057,0.14499252615844543,35403,492,169,0.3434959349593496
21091,Hancock County,KY,917,160,24,17.448200654307524,2.6172300981461287,0.15,0.15102766426839345,4,70,10,376,0.14285714285714285,9021,109,38,0.3486238532110092
21093,Hardin County,KY,11617,2078,386,17.88757854867866,3.3227167082723597,0.18575553416746873,0.18515918497706602,5,796,140,4171,0.17587939698492464,111862,1262,438,0.347068145800317
21095,Harlan County,KY,3363,619,102,18.4061849539102,3.033006244424621,0.16478190630048464,0.16496059560795992,4,286,47,1454,0.16433566433566432,25662,315,107,0.3396825396825397
21097,Harrison County,KY,2172,464,80,21.36279926335175,3.6832412523020257,0.1724137931034483,0.17223084239557415,4,197,33,865,0.16751269035532995,19103,233,80,0.34334763948497854
21099,Hart County,KY,2253,523,71,23.213493120284067,3.151353750554816,0.13575525812619502,0.13579289683329873,4,219,29,886,0.1324200913242009,19600,234,80,0.3418803418803419
21101,Henderson County,KY,4893,1269,265,25.935009196811773,5.415900265685673,0.20882584712371946,0.20829753646303853,5,559,113,2021,0.20214669051878353,44046,577,199,0.34488734835355284
21103,Henry County,KY,1762,347,48,19.693530079455165,2.724177071509648,0.138328530259366,0.13576217889854417,4,152,20,719,0.13157894736842105,15771,195,67,0.3435897435897436
21105,Hickman County,KY,608,169,20,27.79605263157895,3.289473684210526,0.11834319526627218,0.12587456223828572,4,84,10,284,0.11904761904761904,4422,78,28,0.358974358974359
21107,Hopkins County,KY,4741,1021,155,21.53554102510019,3.269352457287492,0.15181194906953965,0.1532598389198646,5,457,68,1988,0.1487964989059081,44812,572,197,0.34440559440559443
21109,Jackson County,KY,1636,474,59,28.973105134474327,3.606356968215159,0.12447257383966245,0.12201076979653135,4,209,25,673,0.11961722488038277,12973,148,50,0.33783783783783783
21111,Jefferson County,KY,84779,22559,4127,26.609183878083016,4.86795078970028,0.18294250631676937,0.18309673930324918,5,9222,1603,32415,0.17382346562567771,773399,10480,3682,0.3513358778625954
21113,Jessamine County,KY,5091,1445,193,28.38342172461206,3.791003732076213,0.13356401384083044,0.13442266593929128,5,592,76,1939,0.12837837837837837,54254,616,212,0.34415584415584416
21115,Johnson County,KY,2834,530,99,18.701482004234297,3.4932956951305574,0.18679245283018867,0.1865286724641732,4,244,45,1216,0.18442622950819673,22244,271,92,0.33948339483394835
21117,Kenton County,KY,16099,4510,680,28.014162370333562,4.223864836325237,0.15077605321507762,0.15056467655793096,5,1814,264,6016,0.14553472987872107,170313,1824,622,0.34100877192982454
21119,Knott County,KY,1981,368,58,18.576476527006562,2.92781423523473,0.15760869565217392,0.15461902796676746,4,169,26,853,0.15384615384615385,13874,181,62,0.3425414364640884
21121,Knox County,KY,3686,672,90,18.231144872490503,2.441671188279978,0.13392857142857142,0.1338883972412879,5,297,39,1512,0.13131313131313133,29791,345,118,0.34202898550724636
21123,Larue County,KY,1668,321,42,19.244604316546763,2.5179856115107913,0.1308411214953271,0.13441633156036686,4,137,18,667,0.13138686131386862,15163,179,61,0.3407821229050279
21125,Laurel County,KY,6938,1232,200,17.757278754684346,2.882675122513693,0.16233766233766234,0.16231697381573404,5,529,84,2772,0.15879017013232513,62885,704,240,0.3409090909090909
21127,Lawrence County,KY,2068,465,66,22.485493230174082,3.1914893617021276,0.14193548387096774,0.14072739982477014,4,213,29,885,0.13615023474178403,16109,191,65,0.3403141361256545
21129,Lee County,KY,1066,234,31,21.951219512195124,2.9080675422138835,0.13247863247863248,0.13136303873003083,3,98,12,421,0.12244897959183673,7261,86,29,0.3372093023255814
21131,Leslie County,KY,1356,246,44,18.141592920353983,3.2448377581120944,0.17886178861788618,0.17905204211821166,4,108,19,557,0.17592592592592593,10093,127,43,0.33858267716535434
21133,Letcher County,KY,2821,496,81,17.582417582417584,2.871322226160936,0.16330645161290322,0.16401225165859212,4,231,37,1237,0.16017316017316016,20893,271,92,0.33948339483394835
21135,Lewis County,KY,1701,386,44,22.692533803644913,2.586713697824809,0.11398963730569948,0.11474510343885254,4,175,19,721,0.10857142857142857,12954,161,55,0.3416149068322981
21137,Lincoln County,KY,2815,609,105,21.634103019538188,3.730017761989343,0.1724137931034483,0.17275145152572513,4,271,46,1174,0.16974169741697417,24360,295,101,0.3423728813559322
21139,Livingston County,KY,999,200,28,20.02002002002002,2.8028028028028027,0.14,0.14661953479664422,4,95,13,449,0.1368421052631579,8963,126,43,0.3412698412698413
21141,Logan County,KY,3098,739,100,23.854099418979988,3.2278889606197545,0.13531799729364005,0.13612329378156512,4,330,43,1292,0.1303030303030303,27877,359,124,0.34540389972144847
21143,Lyon County,KY,1136,229,34,20.158450704225352,2.992957746478873,0.14847161572052403,0.1546950976305233,4,110,16,526,0.14545454545454545,9101,137,47,0.34306569343065696
21145,McCracken County,KY,6888,1604,238,23.286875725900117,3.4552845528455283,0.1483790523690773,0.1485870299114751,5,741,106,2979,0.14304993252361672,67490,963,334,0.34683281412253375
21147,McCreary County,KY,2198,416,72,18.926296633303004,3.275705186533212,0.17307692307692307,0.17075977665237316,4,169,27,841,0.15976331360946747,16701,183,62,0.33879781420765026
21149,McLean County,KY,984,166,21,16.869918699186993,2.1341463414634148,0.12650602409638553,0.13266274802024763,4,77,10,425,0.12987012987012986,9105,115,39,0.3391304347826087
21151,Madison County,KY,8992,2368,292,26.334519572953738,3.2473309608540926,0.12331081081081081,0.12239333586840838,5,975,117,3406,0.12,95187,956,327,0.34205020920502094
21153,Magoffin County,KY,1596,264,52,16.541353383458645,3.2581453634085213,0.19696969696969696,0.19371501362453325,4,116,22,660,0.1896551724137931,11357,138,47,0.34057971014492755
21155,Marion County,KY,2164,493,83,22.7818853974122,3.8354898336414047,0.16835699797160245,0.16710155963154866,4,205,33,836,0.16097560975609757,19775,245,85,0.3469387755102041
21157,Marshall County,KY,3334,766,103,22.975404919016196,3.0893821235752847,0.13446475195822455,0.13564811146755487,4,369,48,1510,0.13008130081300814,31777,443,151,0.34085778781038373
21159,Martin County,KY,1564,347,57,22.186700767263428,3.6445012787723785,0.1642651296829971,0.16149292875573987,4,145,22,613,0.15172413793103448,11095,129,44,0.34108527131782945
21161,Mason County,KY,2007,435,70,21.674140508221225,3.4877927254608867,0.16091954022988506,0.16146604825047095,4,197,31,855,0.15736040609137056,16930,217,75,0.3456221198156682
21163,Meade County,KY,3125,655,137,20.96,4.384,0.20916030534351146,0.20723737867433858,4,261,53,1158,0.20306513409961685,30001,323,110,0.34055727554179566
21165,Menifee County,KY,881,177,22,20.090805902383654,2.497162315550511,0.12429378531073447,0.1304735164122786,4,79,10,368,0.12658227848101267,6250,85,29,0.3411764705882353
21167,Mercer County,KY,2537,618,109,24.35947970043358,4.296413086322428,0.17637540453074432,0.1769442121299248,4,270,46,1040,0.17037037037037037,22902,295,101,0.3423728813559322
21169,Metcalfe County,KY,1196,195,27,16.304347826086957,2.25752508361204,0.13846153846153847,0.13852229444355915,4,90,12,512,0.13333333333333333,10370,132,45,0.3409090909090909
21171,Monroe County,KY,1325,268,33,20.22641509433962,2.490566037735849,0.12313432835820895,0.1230536846317892,4,122,14,565,0.11475409836065574,11355,143,49,0.34265734265734266
21173,Montgomery County,KY,3298,937,147,28.411158277744086,4.457246816252274,0.1568836712913554,0.1561527813954602,4,399,61,1299,0.15288220551378445,28367,322,110,0.3416149068322981
21175,Morgan County,KY,1836,310,49,16.884531590413943,2.6688453159041394,0.15806451612903225,0.1585051987327304,4,127,19,707,0.14960629921259844,14120,161,55,0.3416149068322981
21177,Muhlenberg County,KY,3437,604,93,17.573465231306372,2.705848123363398,0.15397350993377484,0.15413112131707254,4,278,42,1473,0.1510791366906475,30455,403,139,0.34491315136476425
21179,Nelson County,KY,4805,1790,238,37.2528616024974,4.953173777315296,0.1329608938547486,0.13210925231374993,5,745,96,1872,0.12885906040268458,47392,557,190,0.34111310592459604
21181,Nicholas County,KY,850,184,24,21.647058823529413,2.823529411764706,0.13043478260869565,0.13083590169886128,4,74,9,318,0.12162162162162163,7805,86,30,0.3488372093023256
21183,Ohio County,KY,2571,435,53,16.919486581096848,2.06145468689226,0.12183908045977011,0.11975719337550839,4,196,23,1080,0.11734693877551021,23527,284,97,0.3415492957746479
21185,Oldham County,KY,5851,1367,223,23.363527602119294,3.8113143052469662,0.16313094367227504,0.162104535856472,5,514,80,2041,0.1556420233463035,69431,718,246,0.3426183844011142
21187,Owen County,KY,1302,315,47,24.193548387096776,3.6098310291858677,0.1492063492063492,0.15313998637435342,4,142,21,548,0.14788732394366197,11290,146,50,0.3424657534246575
21189,Owsley County,KY,570,111,19,19.473684210526315,3.3333333333333335,0.17117117117117117,0.17666148669582196,3,52,9,248,0.17307692307692307,3929,51,17,0.3333333333333333
21191,Pendleton County,KY,1661,565,62,34.015653220951236,3.732691149909693,0.10973451327433628,0.10990757978682868,4,231,25,638,0.10822510822510822,14676,167,57,0.3413173652694611
21193,Perry County,KY,3222,583,114,18.0943513345748,3.538175046554935,0.1955403087478559,0.19600825926101798,4,255,49,1318,0.19215686274509805,27361,321,109,0.3395638629283489
21195,Pike County,KY,7281,1589,224,21.823925284988327,3.0765004807032,0.14096916299559473,0.14093308671074167,5,725,100,3116,0.13793103448275862,56286,714,242,0.3389355742296919
21197,Powell County,KY,1576,408,52,25.888324873096447,3.299492385786802,0.12745098039215685,0.13044076749313757,4,174,22,627,0.12643678160919541,13083,142,48,0.3380281690140845
21199,Pulaski County,KY,7433,1403,196,18.87528588725952,2.63688954661644,0.1397006414825374,0.1399414974897997,5,641,87,3174,0.1357254290171607,65795,827,282,0.34099153567110035
21201,Robertson County,KY,301,86,10,28.571428571428573,3.3222591362126246,0.11627906976744186,0.12540964595672696,2,41,5,135,0.12195121951219512,2229,33,11,0.3333333333333333
21203,Rockcastle County,KY,1968,389,51,19.766260162601625,2.591463414634146,0.13110539845758354,0.130774810021923,4,170,22,807,0.12941176470588237,16242,204,70,0.3431372549019608
21205,Rowan County,KY,2297,503,86,21.898127993034393,3.744013931214628,0.1709741550695825,0.1718826036974512,4,214,36,904,0.16822429906542055,24388,236,80,0.3389830508474576
21207,Russell County,KY,2192,432,63,19.708029197080293,2.874087591240876,0.14583333333333334,0.14533602685165814,4,201,29,955,0.14427860696517414,18178,238,81,0.3403361344537815
21209,Scott County,KY,5313,1376,214,25.898738942217204,4.027856201769246,0.1555232558139535,0.15469655967484683,5,507,76,1804,0.14990138067061143,59099,563,193,0.3428063943161634
21211,Shelby County,KY,5027,1393,212,27.71036403421524,4.217226974338572,0.15218951902368988,0.1521054856859156,5,562,81,1900,0.14412811387900357,48886,585,201,0.3435897435897436
21213,Simpson County,KY,2178,507,87,23.27823691460055,3.994490358126722,0.17159763313609466,0.17171395706223377,4,213,35,854,0.1643192488262911,19949,243,84,0.345679012345679
21215,Spencer County,KY,1901,519,75,27.301420305102578,3.945291951604419,0.14450867052023122,0.14470688207219862,4,199,28,678,0.1407035175879397,20204,218,74,0.3394495412844037
21217,Taylor County,KY,2717,460,75,16.930437983069563,2.7603974972396026,0.16304347826086957,0.16454972831788603,4,212,34,1166,0.16037735849056603,26407,323,111,0.34365325077399383
21219,Todd County,KY,1359,291,53,21.41280353200883,3.8999264164827077,0.18213058419243985,0.18307601733406992,4,124,22,538,0.1774193548387097,12404,148,51,0.34459459459459457
21221,Trigg County,KY,1680,350,70,20.833333333333332,4.166666666666667,0.2,0.20191240242503986,4,172,33,781,0.19186046511627908,14332,217,74,0.34101382488479265
21223,Trimble County,KY,948,221,33,23.31223628691983,3.481012658227848,0.1493212669683258,0.14904641286101042,4,92,13,369,0.14130434782608695,8539,101,34,0.33663366336633666
21225,Union County,KY,1477,368,53,24.915368991198374,3.5883547731888963,0.14402173913043478,0.1448471726165123,4,167,24,625,0.1437125748502994,12961,175,60,0.34285714285714286
21227,Warren County,KY,12079,3050,434,25.250434638629027,3.5930126666114743,0.1422950819672131,0.1421276882056337,5,1192,161,4339,0.13506711409395974,139843,1364,471,0.3453079178885631
21229,Washington County,KY,1335,312,49,23.370786516853933,3.6704119850187267,0.15705128205128205,0.1543408563984367,4,135,20,540,0.14814814814814814,12061,160,56,0.35
21231,Wayne County,KY,2547,437,61,17.157440125638004,2.3949744797801333,0.13958810068649885,0.1376554244308666,4,213,29,1165,0.13615023474178403,19681,278,95,0.34172661870503596
21233,Webster County,KY,1424,313,54,21.980337078651687,3.792134831460674,0.17252396166134185,0.17403374633674146,4,139,23,586,0.16546762589928057,12726,157,54,0.34394904458598724
21235,Whitley County,KY,3733,659,83,17.653361907313155,2.2234128047147066,0.125948406676783,0.12620517760181196,5,292,36,1533,0.1232876712328767,36873,379,129,0.3403693931398417
21237,Wolfe County,KY,905,152,23,16.795580110497237,2.541436464088398,0.1513157894736842,0.15361132237058017,4,70,10,391,0.14285714285714285,6400,82,28,0.34146341463414637
21239,Woodford County,KY,2813,827,115,29.399217916814788,4.088162104514753,0.13905683192261184,0.13972918746278315,4,377,51,1205,0.13527851458885942,27062,373,128,0.34316353887399464
22001,Acadia Parish,LA,6676,1343,252,20.116836428999402,3.774715398442181,0.18763961280714817,0.18783108163980095,5,556,101,2578,0.18165467625899281,56744,704,247,0.3508522727272727
22003,Allen Parish,LA,2827,742,131,26.246904846126636,4.633887513264945,0.1765498652291105,0.17804612380019347,4,280,47,1005,0.16785714285714284,22320,273,96,0.3516483516483517
22005,Ascension Parish,LA,13319,4801,849,36.04624971844733,6.374352428861026,0.17683815871693398,0.1755996880749329,5,1759,298,4508,0.1694144400227402,130458,1459,511,0.35023989033584646
22007,Assumption Parish,LA,3010,843,185,28.006644518272424,6.146179401993355,0.21945432977461446,0.2190361421690583,4,376,80,1252,0.2127659574468085,20604,342,122,0.3567251461988304
22009,Avoyelles Parish,LA,5447,1608,255,29.520837158068662,4.681476041857904,0.15858208955223882,0.15890152466443339,5,671,101,2145,0.15052160953800298,38751,565,201,0.35575221238938054
22011,Beauregard Parish,LA,3977,698,109,17.55091777721901,2.74075936635655,0.15616045845272206,0.15614690909229406,5,293,44,1551,0.15017064846416384,36570,426,148,0.3474178403755869
22013,Bienville Parish,LA,2043,534,105,26.138032305433185,5.139500734214391,0.19662921348314608,0.19819636526040416,4,240,46,863,0.19166666666666668,12641,250,92,0.368
22015,Bossier Parish,LA,13372,2977,612,22.262937481304217,4.576727490278193,0.20557608330534094,0.20567059827771986,5,1195,235,4989,0.19665271966527198,129276,1624,573,0.35283251231527096
22017,Caddo Parish,LA,30841,7723,1948,25.041341071949677,6.316267306507571,0.2522335879839441,0.25291385331516064,5,3326,809,12434,0.24323511725796754,229025,4039,1465,0.36271354295617725
22019,Calcasieu Parish,LA,23917,5458,864,22.820587866371202,3.6124932056696073,0.158299743495786,0.15830727559519073,5,2245,342,9178,0.15233853006681514,202418,2665,940,0.3527204502814259
22021,Caldwell Parish,LA,1163,225,52,19.346517626827172,4.471195184866724,0.2311111111111111,0.22846554369828492,4,101,22,490,0.21782178217821782,9554,131,46,0.3511450381679389
22023,Cameron Parish,LA,536,108,20,20.149253731343283,3.7313432835820897,0.18518518518518517,0.18175956609666138,3,47,8,217,0.1702127659574468,4902,62,21,0.3387096774193548
22025,Catahoula Parish,LA,1246,442,74,35.47351524879615,5.93900481540931,0.167420814479638,0.16782103999028436,4,188,30,506,0.1595744680851064,8566,131,46,0.3511450381679389
22027,Claiborne Parish,LA,2364,498,152,21.065989847715738,6.429780033840948,0.30522088353413657,0.30689021289568025,4,209,60,947,0.28708133971291866,13744,268,97,0.3619402985074627
22029,Concordia Parish,LA,2758,934,197,33.86511965192168,7.142857142857143,0.21092077087794434,0.2115682575810604,4,417,84,1160,0.2014388489208633,18116,299,107,0.35785953177257523
22031,De Soto Parish,LA,3920,1006,244,25.663265306122447,6.224489795918367,0.24254473161033796,0.24424171843464895,5,436,103,1588,0.23623853211009174,26853,445,161,0.36179775280898874
22033,East Baton Rouge Parish,LA,53753,17073,4296,31.76194817033468,7.992112068163637,0.25162537339659113,0.2517977994203762,5,6944,1674,20358,0.24107142857142858,450544,6497,2332,0.35893489302755116
22035,East Carroll Parish,LA,1353,310,89,22.912047302291203,6.577974870657798,0.2870967741935484,0.2868625954413246,4,124,34,507,0.27419354838709675,6990,118,43,0.3644067796610169
22037,East Feliciana Parish,LA,3207,1060,264,33.052697224820704,8.23199251637044,0.2490566037735849,0.24903217814189155,4,441,105,1268,0.23809523809523808,19135,338,121,0.35798816568047337
22039,Evangeline Parish,LA,3994,1033,151,25.86379569354031,3.7806710065097646,0.14617618586640851,0.14519860158787712,5,418,58,1517,0.13875598086124402,31986,416,147,0.35336538461538464
22041,Franklin Parish,LA,2678,575,143,21.47124719940254,5.339805825242719,0.24869565217391304,0.25191212731507107,4,253,61,1104,0.24110671936758893,19308,302,108,0.3576158940397351
22043,Grant Parish,LA,2582,731,116,28.31138652207591,4.492641363284275,0.15868673050615595,0.15837428666326478,4,288,43,953,0.14930555555555555,22000,256,89,0.34765625
22045,Iberia Parish,LA,8880,1816,376,20.45045045045045,4.2342342342342345,0.20704845814977973,0.20694533434413565,5,741,148,3381,0.19973009446693657,68327,955,338,0.3539267015706806
22047,Iberville Parish,LA,4564,1993,326,43.66783523225241,7.142857142857143,0.1635725037631711,0.16331777192432417,5,782,122,1689,0.15601023017902813,29506,492,178,0.3617886178861789
22049,Jackson Parish,LA,2012,613,113,30.467196819085487,5.616302186878728,0.18433931484502447,0.185238452355515,4,273,48,840,0.17582417582417584,14839,252,91,0.3611111111111111
22051,Jefferson Parish,LA,55177,19525,4008,35.38612102868949,7.26389618862932,0.2052752880921895,0.20552862682415798,5,8150,1588,21671,0.19484662576687117,425884,6396,2266,0.35428392745465914
22053,Jefferson Davis Parish,LA,3781,841,126,22.24279291192806,3.33245173234594,0.14982164090368608,0.149918795712054,5,355,52,1487,0.14647887323943662,32026,415,146,0.35180722891566263
22055,Lafayette Parish,LA,23424,4780,949,20.406420765027324,4.0514002732240435,0.19853556485355647,0.19782063372492456,5,1815,343,8287,0.18898071625344354,247866,3029,1064,0.3512710465500165
22057,Lafourche Parish,LA,10838,2645,546,24.4048717475549,5.037829857907363,0.2064272211720227,0.20632577199001417,5,1064,210,4068,0.19736842105263158,95870,1186,413,0.3482293423271501
22059,La Salle Parish,LA,1550,322,50,20.774193548387096,3.225806451612903,0.15527950310559005,0.15295945645372613,4,141,21,632,0.14893617021276595,14729,169,58,0.3431952662721893
22061,Lincoln Parish,LA,4863,1813,336,37.28151346905202,6.909315237507712,0.18532818532818532,0.18653223161267724,5,767,138,1892,0.17992177314211213,48129,608,220,0.3618421052631579
22063,Livingston Parish,LA,14677,3714,627,25.304898821285004,4.271990188730667,0.16882067851373184,0.16833170684882656,5,1435,231,5261,0.16097560975609757,148425,1479,506,0.34212305611899935
22065,Madison Parish,LA,1701,608,164,35.743680188124635,9.641387419165197,0.26973684210526316,0.27035530112424605,4,240,62,631,0.25833333333333336,9478,166,60,0.3614457831325301
22067,Morehouse Parish,LA,4024,863,252,21.446322067594433,6.262425447316104,0.29200463499420626,0.2918402956340002,5,385,108,1703,0.2805194805194805,24446,433,155,0.3579676674364896
22069,Natchitoches Parish,LA,4734,974,218,20.57456696239966,4.604985213350233,0.22381930184804927,0.22344723589347032,5,436,93,1991,0.21330275229357798,36663,539,194,0.35992578849721707
22071,Orleans Parish,LA,60338,23232,5418,38.50309920779608,8.979415956776824,0.23321280991735538,0.23330042778908747,5,9609,2209,22891,0.2298886460609845,369749,6961,2571,0.36934348513144666
22073,Ouachita Parish,LA,17960,4228,1012,23.54120267260579,5.634743875278397,0.23935666982024598,0.23958804424727054,5,1699,390,6749,0.22954679223072397,157702,2196,780,0.3551912568306011
22075,Plaquemines Parish,LA,2774,1035,189,37.31074260994953,6.813266041816871,0.1826086956521739,0.18263333814005112,4,393,69,978,0.17557251908396945,22516,280,100,0.35714285714285715
22077,Pointe Coupee Parish,LA,3150,1218,247,38.666666666666664,7.841269841269841,0.20279146141215107,0.2041666555817617,4,571,113,1392,0.1978984238178634,20151,375,135,0.36
22079,Rapides Parish,LA,16087,4890,747,30.397215142661775,4.64350096351091,0.15276073619631902,0.152753437079619,5,2043,300,6294,0.14684287812041116,127189,1835,653,0.355858310626703
22081,Red River Parish,LA,1143,266,77,23.27209098862642,6.73665791776028,0.2894736842105263,0.2943254274806404,4,116,32,468,0.27586206896551724,7420,126,45,0.35714285714285715
22083,Richland Parish,LA,2534,691,167,27.269139700078927,6.590370955011839,0.24167872648335745,0.2414213782422144,4,297,68,1030,0.22895622895622897,19826,310,111,0.3580645161290323
22085,Sabine Parish,LA,3029,664,147,21.921426213271708,4.853086827335755,0.2213855421686747,0.2233504906944205,4,313,66,1348,0.2108626198083067,21985,329,116,0.3525835866261398
22087,St. Bernard Parish,LA,5443,1662,343,30.53463163696491,6.30167187212934,0.20637785800240674,0.2044947300556624,5,590,116,1792,0.19661016949152543,44479,481,168,0.3492723492723493
22089,St. Charles Parish,LA,6353,2218,468,34.91263969778058,7.3665984574216905,0.2110009017132552,0.21010983050242465,5,842,172,2247,0.2042755344418052,50998,665,234,0.3518796992481203
22091,St. Helena Parish,LA,1948,743,171,38.14168377823409,8.7782340862423,0.23014804845222073,0.23212068355626567,4,338,76,831,0.22485207100591717,10822,221,81,0.3665158371040724
22093,St. James Parish,LA,3045,999,248,32.80788177339902,8.144499178981938,0.24824824824824826,0.24809124550654954,4,434,106,1230,0.24423963133640553,19423,366,133,0.3633879781420765
22095,St. John the Baptist Parish,LA,6647,2839,654,42.710997442455245,9.839025124116143,0.23036280380415639,0.22877244492477175,5,1087,240,2390,0.22079116835326587,39864,667,241,0.3613193403298351
22097,St. Landry Parish,LA,11744,2717,581,23.135217983651227,4.947207084468665,0.21383879278616122,0.21437101394722408,5,1148,237,4657,0.20644599303135888,81773,1258,453,0.3600953895071542
22099,St. Martin Parish,LA,6715,1503,295,22.382725241995534,4.393149664929263,0.19627411842980705,0.1960310387129213,5,615,116,2573,0.1886178861788618,51236,728,258,0.3543956043956044
22101,St. Mary Parish,LA,7457,1501,352,20.128738098431004,4.720396942470162,0.23451032644903397,0.2345806682217234,5,635,145,2949,0.2283464566929134,47789,776,279,0.3595360824742268
22103,St. Tammany Parish,LA,27175,10421,1465,38.34774609015639,5.390984360625575,0.1405815180884752,0.1407618977645522,5,4474,599,10980,0.13388466696468485,273263,3581,1240,0.3462719910639486
22105,Tangipahoa Parish,LA,16913,6159,1029,36.41577484775025,6.084077336959735,0.16707257671699952,0.16666317121700275,5,2502,400,6418,0.15987210231814547,137048,1713,600,0.3502626970227671
22107,Tensas Parish,LA,851,253,60,29.72972972972973,7.050528789659224,0.23715415019762845,0.23867414725873448,4,126,29,404,0.23015873015873015,3846,98,36,0.3673469387755102
22109,Terrebonne Parish,LA,13174,3405,751,25.846364050402308,5.700622438135722,0.22055800293685757,0.22014160576749858,5,1353,287,4865,0.21212121212121213,104786,1316,463,0.3518237082066869
22111,Union Parish,LA,2983,748,155,25.07542742205833,5.196111297351659,0.2072192513368984,0.20759314848516158,4,343,68,1295,0.19825072886297376,20721,347,123,0.35446685878962536
22113,Vermilion Parish,LA,6470,1591,252,24.590417310664606,3.894899536321484,0.1583909490886235,0.15778491715154103,5,643,98,2446,0.15241057542768274,56952,697,243,0.3486370157819225
22115,Vernon Parish,LA,4493,1192,152,26.530158023592254,3.383040284887603,0.12751677852348994,0.12784138923412267,5,489,60,1696,0.12269938650306748,47247,470,164,0.34893617021276596
22117,Washington Parish,LA,6530,2218,379,33.96630934150077,5.803981623277182,0.1708746618575293,0.1708680125338196,5,997,165,2762,0.16549648946840523,45025,696,247,0.35488505747126436
22119,Webster Parish,LA,5006,1055,256,21.0747103475829,5.113863363963244,0.24265402843601896,0.24270601544624215,5,476,111,2131,0.23319327731092437,35643,615,221,0.359349593495935
22121,West Baton Rouge Parish,LA,3714,1281,306,34.491114701130854,8.239095315024233,0.2388758782201405,0.2383961737124145,5,492,114,1322,0.23170731707317074,28034,393,141,0.35877862595419846
22123,West Carroll Parish,LA,1175,227,45,19.319148936170212,3.8297872340425534,0.19823788546255505,0.19555595194606595,4,101,19,494,0.18811881188118812,9475,142,50,0.352112676056338
22125,West Feliciana Parish,LA,2539,752,149,29.617959826703427,5.868452146514375,0.1981382978723404,0.19589393063365623,4,241,43,794,0.17842323651452283,15381,245,89,0.363265306122449
22127,Winn Parish,LA,1805,446,89,24.709141274238227,4.930747922437673,0.19955156950672645,0.20253631770352098,4,186,35,717,0.1881720430107527,13205,208,74,0.3557692307692308
23001,Androscoggin County,ME,10631,2907,479,27.344558367039788,4.505690903960117,0.1647746818025456,0.1655312039239561,5,1244,198,4254,0.15916398713826366,113023,1392,478,0.34339080459770116
23003,Aroostook County,ME,8078,2633,327,32.594701658826445,4.048031691012627,0.12419293581466008,0.12475145914504776,5,1297,158,3753,0.1218195836545875,67255,1061,364,0.34307257304429783
23005,Cumberland County,ME,24758,7424,1032,29.98626706519105,4.168349624363842,0.13900862068965517,0.13943111835759422,5,3280,440,10211,0.13414634146341464,307451,4043,1386,0.3428147415285679
23007,Franklin County,ME,2965,839,92,28.29679595278246,3.1028667790893762,0.10965435041716329,0.10871800870071109,4,410,44,1368,0.1073170731707317,30474,436,148,0.3394495412844037
23009,Hancock County,ME,5410,1786,304,33.01293900184843,5.619223659889094,0.1702127659574468,0.17105540974315914,4,912,151,2611,0.16557017543859648,56701,907,308,0.3395810363836825
23011,Kennebec County,ME,11982,3239,512,27.032214989150393,4.273076281088299,0.1580734794689719,0.158038616533927,5,1467,226,5087,0.15405589638718473,125540,1681,573,0.3408685306365259
23013,Knox County,ME,3866,1360,137,35.17847904811175,3.543714433523021,0.10073529411764706,0.10176312277922535,4,709,70,1903,0.09873060648801128,41164,681,232,0.3406754772393539
23015,Lincoln County,ME,3542,1214,124,34.27442123094297,3.5008469791078487,0.10214168039538715,0.10350464518689918,4,651,65,1801,0.09984639016897082,36215,632,215,0.3401898734177215
23017,Oxford County,ME,6329,2001,227,31.616369094643705,3.5866645599620792,0.11344327836081959,0.11311345536826942,5,928,103,2773,0.11099137931034483,59495,875,298,0.3405714285714286
23019,Penobscot County,ME,14879,4510,672,30.311176826399624,4.516432555951341,0.14900221729490024,0.1491915107110991,5,1994,291,6144,0.14593781344032097,153704,1984,678,0.34173387096774194
23021,Piscataquis County,ME,2205,668,90,30.294784580498867,4.081632653061225,0.1347305389221557,0.13676387185155692,4,342,45,1069,0.13157894736842105,17417,284,96,0.3380281690140845
23023,Sagadahoc County,ME,3523,724,99,20.55066704513199,2.8101050241271643,0.13674033149171272,0.13783943701560342,4,349,46,1597,0.1318051575931232,37393,570,195,0.34210526315789475
23025,Somerset County,ME,5668,1435,204,25.31757233592096,3.599153140437544,0.1421602787456446,0.1413093018837131,5,675,94,2514,0.13925925925925925,51098,722,245,0.33933518005540164
23027,Waldo County,ME,4005,1369,213,34.18227215980025,5.318352059925093,0.1555880204528853,0.15666355204857368,4,688,105,1901,0.15261627906976744,40241,598,202,0.3377926421404682
23029,Washington County,ME,3658,1049,180,28.676872607982503,4.920721705850191,0.17159199237368922,0.17318243078810713,4,541,90,1782,0.16635859519408502,31437,494,168,0.340080971659919
23031,York County,ME,21407,6327,799,29.555752791143085,3.732423973466623,0.12628417891575786,0.12702177943453083,5,2897,357,9212,0.12323092854677252,216732,3009,1024,0.3403123961448986
24001,Allegany County,MD,7333,2003,235,27.314877948997683,3.204691122323742,0.11732401397903146,0.11774416345353794,5,905,100,3131,0.11049723756906077,67267,925,319,0.34486486486486484
24003,Anne Arundel County,MD,57612,16436,2798,28.52877872665417,4.856627091578144,0.17023606716962764,0.16955197349898782,5,6254,997,20513,0.15941797249760153,593286,7526,2645,0.3514483125166091
24005,Baltimore County,MD,89324,23944,5445,26.8057856791008,6.095786126908782,0.22740561309722687,0.22794003263471527,5,9670,2084,33796,0.215511892450879,846161,12971,4640,0.3577210700794079
24009,Calvert County,MD,9590,2324,451,24.233576642335766,4.70281543274244,0.19406196213425128,0.1934962074545347,5,893,167,3434,0.187010078387458,94573,1220,429,0.3516393442622951
24011,Caroline County,MD,3795,778,142,20.500658761528328,3.7417654808959155,0.18251928020565553,0.18391311784261974,5,322,57,1467,0.17701863354037267,33433,444,155,0.3490990990990991
24013,Carroll County,MD,15630,3589,579,22.96225207933461,3.7044145873320535,0.16132627472833658,0.16156182667903166,5,1459,226,5950,0.1549006168608636,175305,2170,749,0.34516129032258064
24015,Cecil County,MD,10535,2861,492,27.157095396298054,4.67014712861889,0.17196784341139462,0.17184737695924887,5,1142,187,3959,0.1637478108581436,104942,1268,436,0.3438485804416404
24017,Charles County,MD,21619,7654,1927,35.40404274018225,8.913455756510476,0.2517637836425399,0.24876298215383677,5,2499,589,6672,0.23569427771108442,170102,2582,936,0.3625096824167312
24019,Dorchester County,MD,4712,1284,283,27.249575551782684,6.005942275042445,0.220404984423676,0.22189421039401713,5,595,126,2069,0.21176470588235294,32726,582,207,0.3556701030927835
24021,Frederick County,MD,25795,8324,1519,32.2698197325063,5.888738127544098,0.18248438250840943,0.18162555198143593,5,3071,521,8890,0.1696515792901335,287079,3304,1152,0.3486682808716707
24023,Garrett County,MD,3278,867,123,26.449054301403294,3.7522879804759,0.14186851211072665,0.14125814367944817,4,414,57,1474,0.13768115942028986,28579,428,146,0.3411214953271028
24025,Harford County,MD,25548,6478,1239,25.356192265539377,4.8496946923438236,0.19126273541216424,0.19063794823582667,5,2575,465,9569,0.18058252427184465,263867,3426,1193,0.34821949795680096
24027,Howard County,MD,29251,7033,1544,24.043622440258453,5.278452018734402,0.21953647092279255,0.21824246383413834,5,2571,527,9910,0.20497860754570207,335411,4265,1525,0.35756154747948415
24029,Kent County,MD,2305,522,88,22.64642082429501,3.8177874186550977,0.1685823754789272,0.17150604147139917,4,269,43,1129,0.15985130111524162,19320,371,131,0.353099730458221
24031,Montgomery County,MD,123449,35409,6549,28.683099903603917,5.305024747061539,0.18495297805642633,0.18472202605707685,5,13434,2340,43778,0.17418490397498884,1052521,14517,5227,0.36006061858510713
24033,Prince George's County,MD,119324,42130,11879,35.30723073312996,9.955247896483524,0.2819605981485877,0.2807843618148082,5,15483,4262,40235,0.275269650584512,946971,17788,6620,0.3721610074207331
24035,Queen Anne's County,MD,5244,1313,202,25.03813882532418,3.8520213577421814,0.15384615384615385,0.15397488539185417,5,577,86,2161,0.14904679376083188,51711,737,256,0.3473541383989145
24037,St. Mary's County,MD,11003,2531,562,23.0028174134327,5.107697900572571,0.2220466218885816,0.2208329048356008,5,925,197,3718,0.21297297297297296,114877,1310,460,0.3511450381679389
24039,Somerset County,MD,3437,1035,258,30.113471050334596,7.506546406750073,0.2492753623188406,0.2506496069569548,5,420,99,1329,0.2357142857142857,24546,365,130,0.3561643835616438
24041,Talbot County,MD,4381,829,131,18.92262040629993,2.9901848892946816,0.158021712907117,0.16228788282554002,4,438,66,2204,0.1506849315068493,37932,774,275,0.355297157622739
24043,Washington County,MD,16827,4151,724,24.66868722885838,4.302608902359304,0.17441580342086244,0.17471954478120455,5,1656,268,6350,0.16183574879227053,155590,1992,691,0.3468875502008032
24045,Wicomico County,MD,11424,2961,605,25.919117647058822,5.295868347338936,0.20432286389733198,0.2050274370212935,5,1242,242,4498,0.19484702093397746,104664,1419,501,0.35306553911205074
24047,Worcester County,MD,7158,1911,298,26.69740150880134,4.163174070969545,0.15593929879644167,0.15803547515714395,5,996,149,3557,0.1495983935742972,53866,1025,359,0.35024390243902437
24510,Baltimore city,MD,91505,26813,6997,29.302223922190045,7.646576689798372,0.2609555066572185,0.2610621895384733,5,10460,2675,32651,0.255736137667304,569931,10354,3846,0.371450647092911
25001,Barnstable County,MA,24082,7125,982,29.586413088613902,4.077734407441242,0.13782456140350877,0.14028319168417855,5,3843,511,12422,0.13296903460837886,232457,4572,1567,0.34273840769903763
25003,Berkshire County,MA,12388,2036,411,16.435259928963514,3.3177268324184697,0.2018664047151277,0.20310190695610975,5,976,190,5611,0.19467213114754098,127859,2029,698,0.3440118284869394
25005,Bristol County,MA,57247,17511,2444,30.58850245427708,4.269219347738746,0.13956941351150706,0.13973563275583467,5,7036,932,21485,0.13246162592382035,580068,7107,2451,0.3448712536935416
25007,Dukes County,MA,1965,422,73,21.47582697201018,3.7150127226463106,0.17298578199052134,0.17697128440578438,4,211,36,933,0.17061611374407584,20868,353,122,0.34560906515580736
25009,Essex County,MA,80789,26816,4280,33.19263761155603,5.297750931438686,0.15960620525059666,0.1597297061992102,5,10792,1615,30440,0.14964788732394366,806765,10010,3469,0.34655344655344655
25011,Franklin County,MA,7245,1990,326,27.467218771566596,4.499654934437543,0.16381909547738693,0.16394680487269725,5,972,155,3342,0.15946502057613168,70894,1053,357,0.33903133903133903
25013,Hampden County,MA,51680,16713,2508,32.33939628482972,4.852941176470588,0.1500628253455394,0.15035095817508404,5,6839,969,19734,0.1416873811960813,461041,5837,2041,0.34966592427616927
25015,Hampshire County,MA,12415,3447,550,27.764800644381797,4.4301248489730165,0.15955903684363215,0.16077315281575053,5,1585,245,5322,0.15457413249211358,162588,1958,670,0.3421859039836568
25017,Middlesex County,MA,140784,44517,7147,31.62078077054211,5.076571201272872,0.16054540961879732,0.16035943781027823,5,17159,2600,49959,0.1515239815840084,1617105,18716,6520,0.3483650352639453
25019,Nantucket County,MA,1234,395,56,32.0097244732577,4.538087520259319,0.14177215189873418,0.1407941563187673,4,141,18,421,0.1276595744680851,14421,175,61,0.3485714285714286
25021,Norfolk County,MA,60358,17646,2933,29.235561151794293,4.859339275655257,0.16621330613170124,0.16633201277922277,5,6973,1098,22138,0.1574645059515273,725531,9211,3221,0.34969058734122244
25023,Plymouth County,MA,51389,15718,2455,30.58631224581136,4.777286968028177,0.15619035500699835,0.15643832971160915,5,6660,988,20555,0.14834834834834834,533069,7347,2545,0.3463998911120185
25025,Suffolk County,MA,80720,29738,5471,36.84093161546085,6.7777502477700695,0.18397336740870268,0.18411215617578403,5,10863,1932,26726,0.17785142225904446,766381,8951,3238,0.3617472908054966
25027,Worcester County,MA,79007,23004,4180,29.116407406938627,5.290670446922425,0.1817075291253695,0.1813369605610207,5,8913,1530,28549,0.1716593739481656,862927,10149,3502,0.34505862646566166
26001,Alcona County,MI,1495,308,33,20.60200668896321,2.2073578595317724,0.10714285714285714,0.11109814719436038,4,174,18,810,0.10344827586206896,10417,219,75,0.3424657534246575
26003,Alger County,MI,1144,233,35,20.367132867132867,3.0594405594405596,0.15021459227467812,0.15667022432830802,4,118,17,552,0.1440677966101695,8807,145,50,0.3448275862068966
26005,Allegan County,MI,11667,2638,523,22.610782549070027,4.48272906488386,0.19825625473843822,0.19906681738997622,5,1130,217,4674,0.1920353982300885,121210,1424,484,0.3398876404494382
26007,Alpena County,MI,3133,854,96,27.258218959463772,3.064155761251197,0.11241217798594848,0.11286444226430035,4,416,46,1441,0.11057692307692307,28847,447,153,0.3422818791946309
26009,Antrim County,MI,2746,608,93,22.141296431172616,3.386744355426074,0.15296052631578946,0.1550119108525926,4,319,48,1370,0.15047021943573669,24249,409,139,0.33985330073349634
26011,Arenac County,MI,1872,503,55,26.86965811965812,2.9380341880341883,0.10934393638170974,0.11051470971243312,4,257,28,909,0.10894941634241245,15089,240,81,0.3375
26013,Baraga County,MI,1065,176,35,16.525821596244132,3.2863849765258215,0.19886363636363635,0.20026261720407298,4,81,15,463,0.18518518518518517,8277,119,41,0.3445378151260504
26015,Barry County,MI,6106,1113,178,18.227972486079267,2.9151654110710776,0.15992812219227315,0.15991074637026778,5,494,77,2541,0.15587044534412955,63554,802,273,0.3403990024937656
26017,Bay County,MI,11107,2773,370,24.966237507877914,3.331232556045737,0.13342949873782906,0.1336755896567339,5,1282,166,4823,0.1294851794071763,102821,1411,483,0.3423104181431609
26019,Benzie County,MI,2073,536,67,25.85624698504583,3.2320308731307286,0.125,0.12612305524747766,4,278,34,1019,0.1223021582733813,18297,307,105,0.34201954397394135
26021,Berrien County,MI,17787,3673,676,20.649912857705065,3.800528475853151,0.18404573917778383,0.18515618470206027,5,1664,293,7592,0.17608173076923078,152900,2266,790,0.34863195057369817
26023,Branch County,MI,4670,1048,160,22.441113490364025,3.4261241970021414,0.15267175572519084,0.15191997847741687,5,458,66,1928,0.14410480349344978,44531,552,188,0.34057971014492755
26025,Calhoun County,MI,14870,3465,561,23.301950235373234,3.772696704774714,0.1619047619047619,0.16238930554485695,5,1503,234,6017,0.15568862275449102,133289,1736,605,0.3485023041474654
26027,Cass County,MI,5944,1168,176,19.65006729475101,2.9609690444145356,0.1506849315068493,0.1511394468607582,5,557,82,2671,0.14721723518850988,51403,751,258,0.34354194407456723
26029,Charlevoix County,MI,2802,690,102,24.62526766595289,3.640256959314775,0.14782608695652175,0.14650557328052843,4,351,51,1348,0.1452991452991453,26293,430,147,0.34186046511627904
26031,Cheboygan County,MI,3262,706,106,21.64316370324954,3.249540159411404,0.1501416430594901,0.15146775102519153,4,371,54,1626,0.14555256064690028,25940,443,150,0.33860045146726864
26033,Chippewa County,MI,4405,873,155,19.81838819523269,3.5187287173666286,0.1775486827033219,0.1767444992456145,5,369,60,1757,0.16260162601626016,36293,464,160,0.3448275862068966
26035,Clare County,MI,3769,656,100,17.405147253913505,2.6532236667551072,0.1524390243902439,0.15270844229057007,4,332,50,1807,0.15060240963855423,31352,473,160,0.3382663847780127
26037,Clinton County,MI,7577,2653,384,35.01385772733272,5.06796885310809,0.14474180173388618,0.14471638926048913,5,1155,162,3079,0.14025974025974025,79748,979,335,0.3421859039836568
26039,Crawford County,MI,1610,468,47,29.06832298136646,2.919254658385093,0.10042735042735043,0.10018291299399873,4,232,23,759,0.09913793103448276,13491,221,75,0.3393665158371041
26041,Delta County,MI,4202,1017,160,24.202760590195144,3.8077106139933363,0.15732546705998032,0.15754776891269204,4,514,79,2003,0.15369649805447472,36741,574,196,0.34146341463414637
26043,Dickinson County,MI,2752,832,95,30.232558139534884,3.45203488372093,0.1141826923076923,0.11561617016527746,4,400,45,1244,0.1125,25874,382,131,0.34293193717277487
26045,Eaton County,MI,11579,3090,637,26.68624233526211,5.501338630278953,0.20614886731391585,0.20708746296647215,5,1385,275,4864,0.19855595667870035,108992,1469,506,0.3444520081688223
26047,Emmet County,MI,3143,810,133,25.771555838370983,4.23162583518931,0.16419753086419753,0.16424527823182278,4,401,64,1465,0.1596009975062344,34163,510,174,0.3411764705882353
26049,Genesee County,MI,49215,12628,2557,25.658843848420197,5.1955704561617395,0.2024865378523915,0.2028188406057779,5,5381,1055,19633,0.19606021185653225,401983,5768,2032,0.3522884882108183
26051,Gladwin County,MI,3162,751,84,23.75079063883618,2.6565464895635675,0.1118508655126498,0.11044631458244723,4,392,43,1567,0.1096938775510204,25728,419,142,0.33890214797136037
26053,Gogebic County,MI,1762,294,35,16.685584562996596,1.9863791146424516,0.11904761904761904,0.12044984990489,4,154,18,869,0.11688311688311688,14319,247,85,0.3441295546558704
26055,Grand Traverse County,MI,8364,2183,294,26.09995217599235,3.51506456241033,0.1346770499312872,0.135616272066992,5,1027,135,3688,0.1314508276533593,96464,1312,447,0.3407012195121951
26057,Gratiot County,MI,4136,1430,200,34.57446808510638,4.835589941972921,0.13986013986013987,0.1401934597363688,5,573,75,1565,0.13089005235602094,41100,488,169,0.3463114754098361
26059,Hillsdale County,MI,4856,1422,190,29.2833607907743,3.912685337726524,0.13361462728551335,0.13462183437816821,5,668,88,2140,0.1317365269461078,45762,598,203,0.3394648829431438
26061,Houghton County,MI,3196,644,82,20.150187734668336,2.565707133917397,0.12732919254658384,0.1282735647595636,5,309,39,1421,0.1262135922330097,37035,415,142,0.3421686746987952
26063,Huron County,MI,3617,794,108,21.951893834669615,2.985899917058336,0.13602015113350127,0.13511285665651065,4,404,54,1741,0.13366336633663367,31248,503,172,0.341948310139165
26065,Ingham County,MI,24885,6661,1372,26.76712879244525,5.513361462728551,0.20597507881699445,0.20638075524571342,5,2728,537,9371,0.1968475073313783,284108,2987,1037,0.3471710746568463
26067,Ionia County,MI,6616,1649,315,24.92442563482467,4.761185006045949,0.19102486355366888,0.18967671095977742,5,645,116,2434,0.17984496124031008,66809,716,243,0.3393854748603352
26069,Iosco County,MI,3339,783,91,23.450134770889488,2.7253668763102725,0.11621966794380588,0.11964898126916114,4,423,48,1722,0.11347517730496454,25521,460,156,0.3391304347826087
26071,Iron County,MI,1470,313,60,21.292517006802722,4.081632653061225,0.19169329073482427,0.19622286063726666,4,169,32,752,0.1893491124260355,11622,213,73,0.3427230046948357
26073,Isabella County,MI,5463,1380,186,25.260845689181767,3.4047226798462384,0.13478260869565217,0.13580415250174155,5,578,76,2101,0.1314878892733564,64447,584,199,0.3407534246575342
26075,Jackson County,MI,17378,4260,746,24.513753021061113,4.292783979744504,0.1751173708920188,0.17547487050620406,5,1819,304,6995,0.16712479384277076,160066,2059,708,0.3438562408936377
26077,Kalamazoo County,MI,21733,3707,727,17.05701007684167,3.345143330419178,0.19611545724305368,0.19702443170030506,5,1570,295,8532,0.18789808917197454,261173,2947,1022,0.34679334916864607
26079,Kalkaska County,MI,1974,506,67,25.63323201621074,3.3941236068895644,0.1324110671936759,0.13323086592368968,4,239,31,879,0.1297071129707113,18182,240,81,0.3375
26081,Kent County,MI,59251,15692,2687,26.483941199304653,4.534944557897757,0.17123374968136632,0.1711559290430607,5,6076,988,21239,0.16260697827518103,659083,7061,2443,0.345984987962045
26083,Keweenaw County,MI,277,75,9,27.075812274368232,3.2490974729241877,0.12,0.12618882343489188,2,47,6,167,0.1276595744680851,2180,44,15,0.3409090909090909
26085,Lake County,MI,1988,518,97,26.056338028169016,4.879275653923541,0.18725868725868725,0.18550287194747547,4,282,52,1030,0.18439716312056736,12594,230,79,0.34347826086956523
26087,Lapeer County,MI,8871,2078,356,23.424642092210572,4.013076316086123,0.17131857555341676,0.17050647171146235,5,902,150,3634,0.1662971175166297,88780,1141,387,0.33917616126205086
26089,Leelanau County,MI,2559,783,78,30.5978898007034,3.048065650644783,0.09961685823754789,0.10133617109142859,4,439,43,1370,0.0979498861047836,22870,442,151,0.3416289592760181
26091,Lenawee County,MI,10945,3710,549,33.896756509821834,5.015989036089539,0.14797843665768193,0.14907574586715788,5,1666,237,4628,0.14225690276110445,98567,1269,434,0.34200157604412923
26093,Livingston County,MI,18132,4862,834,26.814471652327377,4.599602911978822,0.17153434800493625,0.17129416318567833,5,2087,348,7307,0.16674652611403928,196161,2483,845,0.3403141361256545
26095,Luce County,MI,677,170,38,25.110782865583456,5.612998522895126,0.2235294117647059,0.22540837894433194,3,74,15,283,0.20270270270270271,5330,87,30,0.3448275862068966
26097,Mackinac County,MI,1601,353,64,22.048719550281074,3.9975015615240475,0.1813031161473088,0.18091810805874703,4,182,31,786,0.17032967032967034,10941,199,69,0.34673366834170855
26099,Macomb County,MI,90794,23301,4301,25.663590105073023,4.737097165010904,0.18458435260289258,0.18465917238247334,5,9509,1667,34798,0.17530760332316753,874195,11412,3954,0.34647739221871715
26101,Manistee County,MI,3028,752,112,24.834874504623514,3.6988110964332894,0.14893617021276595,0.1488258699174518,4,385,55,1477,0.14285714285714285,25287,419,143,0.3412887828162291
26103,Marquette County,MI,5956,1152,166,19.341840161182002,2.7871054398925454,0.1440972222222222,0.14320579377587858,5,551,77,2661,0.1397459165154265,66661,833,284,0.34093637454981995
26105,Mason County,MI,3196,1041,147,32.571964956195245,4.599499374217772,0.14121037463976946,0.1415469439107537,4,532,73,1545,0.13721804511278196,29409,454,155,0.34140969162995594
26107,Mecosta County,MI,3762,1022,130,27.166400850611378,3.4556087187666136,0.12720156555772993,0.12628745619693338,5,486,60,1676,0.12345679012345678,40720,514,174,0.33852140077821014
26109,Menominee County,MI,2857,753,103,26.356317815890794,3.6051802590129505,0.13678618857901725,0.13643229823834274,4,373,50,1338,0.13404825737265416,23266,377,129,0.3421750663129973
26111,Midland County,MI,7516,2353,232,31.306546035125066,3.0867482703565727,0.09859753506162346,0.09896582991634315,5,1031,99,3067,0.09602327837051407,83674,1095,378,0.3452054794520548
26113,Missaukee County,MI,1585,504,46,31.798107255520506,2.9022082018927446,0.09126984126984126,0.09225121177651271,4,240,21,709,0.0875,15213,204,69,0.3382352941176471
26115,Monroe County,MI,16415,4350,666,26.500152299725862,4.0572646969235455,0.15310344827586206,0.15321903398346803,5,1899,282,6725,0.1484992101105845,155609,2001,684,0.34182908545727136
26117,Montcalm County,MI,6809,1681,265,24.687913056249084,3.891907769129094,0.15764425936942297,0.1576953716031932,5,719,109,2743,0.15159944367176634,67433,811,276,0.3403205918618989
26119,Montmorency County,MI,1327,329,46,24.79276563677468,3.46646571213263,0.1398176291793313,0.14493235342816987,4,186,26,720,0.13978494623655913,9569,179,60,0.33519553072625696
26121,Muskegon County,MI,20150,5476,976,27.17617866004963,4.843672456575683,0.17823228634039445,0.1785033294476951,5,2339,399,8084,0.17058572039333048,176565,2284,791,0.34632224168126097
26123,Newaygo County,MI,5370,1514,239,28.19366852886406,4.450651769087523,0.15785997357992074,0.15887156373342587,5,692,107,2308,0.1546242774566474,50886,667,228,0.34182908545727136
26125,Oakland County,MI,119614,30433,5695,25.442673934489275,4.761148360559801,0.18713238918279498,0.18716680386238943,5,12623,2283,45891,0.1808603343103858,1269431,17570,6184,0.3519635742743312
26127,Oceana County,MI,3082,942,175,30.564568462037638,5.678131083711875,0.18577494692144372,0.18736753604048423,4,438,78,1357,0.1780821917808219,26973,372,127,0.34139784946236557
26129,Ogemaw County,MI,2603,549,74,21.091048789857858,2.8428736073761045,0.13479052823315119,0.1350389729190971,4,285,38,1284,0.13333333333333333,20970,342,116,0.3391812865497076
26131,Ontonagon County,MI,853,160,20,18.757327080890974,2.3446658851113718,0.125,0.13477364461782135,3,93,12,477,0.12903225806451613,5863,125,42,0.336
26133,Osceola County,MI,2502,739,94,29.53637090327738,3.7569944044764187,0.12719891745602166,0.12797687722960724,4,353,44,1124,0.12464589235127478,23274,317,108,0.34069400630914826
26135,Oscoda County,MI,1105,283,30,25.61085972850679,2.7149321266968327,0.10600706713780919,0.11141041871944492,4,151,16,564,0.10596026490066225,8404,142,48,0.3380281690140845
26137,Otsego County,MI,2514,699,75,27.804295942720763,2.983293556085919,0.1072961373390558,0.10784033293821788,4,332,35,1123,0.10542168674698796,25644,353,120,0.33994334277620397
26139,Ottawa County,MI,24622,6380,1143,25.911786207456746,4.642189911461295,0.17915360501567398,0.1796004183648739,5,2686,459,9611,0.17088607594936708,300873,3246,1115,0.3434996919285274
26141,Presque Isle County,MI,1786,444,75,24.860022396416575,4.1993281075028,0.16891891891891891,0.17500646777268736,4,250,42,960,0.168,13361,256,87,0.33984375
26143,Roscommon County,MI,3398,733,99,21.571512654502648,2.9134785167745734,0.13506139154160982,0.1343288870969191,4,417,55,1856,0.13189448441247004,23708,459,155,0.33769063180827885
26145,Saginaw County,MI,22207,5515,1020,24.834511640473725,4.593146305219075,0.18495013599274707,0.18564628831998595,5,2487,445,9377,0.17893043827905106,188330,2813,991,0.3522929257020974
26147,St. Clair County,MI,16582,5965,687,35.97274152695694,4.143046677119768,0.1151718357082984,0.11520717451965184,5,2620,293,6851,0.11183206106870229,160151,2115,723,0.34184397163120567
26149,St. Joseph County,MI,6269,1157,165,18.45589408199075,2.6319987238794065,0.14261019878997408,0.14408354702760684,5,511,70,2598,0.136986301369863,60874,750,257,0.3426666666666667
26151,Sanilac County,MI,4408,1052,171,23.865698729582576,3.8793103448275863,0.16254752851711027,0.16256316737264773,4,505,80,1999,0.15841584158415842,40657,582,199,0.34192439862542956
26153,Schoolcraft County,MI,1094,238,41,21.755027422303474,3.7477148080438756,0.1722689075630252,0.17011882800745326,4,122,20,532,0.16393442622950818,8188,138,47,0.34057971014492755
26155,Shiawassee County,MI,6971,2059,308,29.536651843351027,4.41830440395926,0.149587178241865,0.14900435705989828,5,916,134,2910,0.1462882096069869,68022,859,292,0.33993015133876603
26157,Tuscola County,MI,5751,1357,212,23.595896365849416,3.686315423404625,0.15622697126013266,0.15549141949347764,5,626,95,2498,0.15175718849840256,52945,728,249,0.34203296703296704
26159,Van Buren County,MI,8227,1690,319,20.542117418256957,3.8774766014343016,0.18875739644970413,0.1886941162384332,5,750,135,3432,0.18,75692,970,332,0.3422680412371134
26161,Washtenaw County,MI,29521,8077,1225,27.36018427560042,4.149588428576267,0.1516652222359787,0.15181302781057074,5,3341,485,11222,0.14516611792876385,366376,4213,1474,0.34986945169712796
26163,Wayne County,MI,232719,71724,15938,30.82000180475165,6.848602821428418,0.22221292733255257,0.2223061131115076,5,28799,6215,86528,0.21580610437862427,1757043,26891,9747,0.36246327767654607
26165,Wexford County,MI,3319,1097,128,33.05212413377523,3.856583308225369,0.11668185961713765,0.11760252828904957,4,506,57,1434,0.11264822134387352,34196,446,152,0.34080717488789236
27001,Aitkin County,MN,1961,423,52,21.57062723100459,2.6517083120856704,0.12293144208037825,0.12443021049139594,4,239,29,1060,0.12133891213389121,16126,322,110,0.3416149068322981
27003,Anoka County,MN,30500,7923,1337,25.977049180327867,4.383606557377049,0.1687492111573899,0.16802708834243626,5,2972,471,10685,0.15847913862718707,368864,4021,1379,0.34294951504600846
27005,Becker County,MN,3185,1186,123,37.237048665620094,3.8618524332810047,0.10370994940978077,0.10388879377020258,4,580,58,1460,0.1,35371,486,166,0.34156378600823045
27007,Beltrami County,MN,4045,1220,177,30.160692212608158,4.375772558714463,0.14508196721311475,0.14592392961236775,5,546,77,1658,0.14102564102564102,46799,514,177,0.3443579766536965
27009,Benton County,MN,3252,979,155,30.104551045510455,4.76629766297663,0.15832482124616956,0.15834444253733443,5,363,55,1111,0.15151515151515152,41463,411,141,0.34306569343065696
27011,Big Stone County,MN,498,125,17,25.100401606425702,3.4136546184738954,0.136,0.13387054152775238,3,62,8,233,0.12903225806451613,5144,85,29,0.3411764705882353
27013,Blue Earth County,MN,4515,1098,140,24.31893687707641,3.10077519379845,0.12750455373406194,0.12815384876964725,5,469,57,1769,0.12153518123667377,69631,690,238,0.34492753623188405
27015,Brown County,MN,2200,794,85,36.09090909090909,3.8636363636363638,0.1070528967254408,0.10875138832016983,4,366,38,947,0.10382513661202186,25723,358,124,0.3463687150837989
27017,Carlton County,MN,3271,612,83,18.709874656068482,2.5374503210027513,0.13562091503267973,0.13647254993753527,4,254,33,1267,0.12992125984251968,36708,445,153,0.3438202247191011
27019,Carver County,MN,7342,1687,335,22.977390356850993,4.562789430672841,0.1985773562537048,0.1976143270951503,5,600,115,2414,0.19166666666666668,110034,1110,381,0.34324324324324323
27021,Cass County,MN,3573,1100,137,30.786453960257486,3.834312902322978,0.12454545454545454,0.1255027321930516,4,576,69,1767,0.11979166666666667,31274,502,171,0.34063745019920316
27023,Chippewa County,MN,1088,263,38,24.172794117647058,3.4926470588235294,0.1444866920152091,0.14286195560966367,4,125,17,482,0.136,12284,172,60,0.3488372093023256
27025,Chisago County,MN,4850,1089,157,22.45360824742268,3.2371134020618557,0.14416896235078053,0.14407577868968266,5,434,60,1802,0.1382488479262673,57988,663,227,0.34238310708898945
27027,Clay County,MN,4707,1232,174,26.173783726364988,3.6966220522625877,0.14123376623376624,0.14079148731850707,5,487,65,1703,0.13347022587268995,65929,629,217,0.3449920508744038
27029,Clearwater County,MN,838,214,26,25.536992840095465,3.1026252983293556,0.12149532710280374,0.12715435762614938,4,98,12,357,0.12244897959183673,8649,115,40,0.34782608695652173
27031,Cook County,MN,627,125,25,19.936204146730464,3.9872408293460926,0.2,0.20183747849231454,3,68,13,323,0.19117647058823528,5708,102,35,0.3431372549019608
27033,Cottonwood County,MN,1054,189,28,17.93168880455408,2.6565464895635675,0.14814814814814814,0.14996702593690844,4,90,13,470,0.14444444444444443,11356,167,58,0.3473053892215569
27035,Crow Wing County,MN,6161,1326,192,21.522480116864145,3.116377211491641,0.14479638009049775,0.14642592688695663,5,657,93,2874,0.1415525114155251,67948,1018,348,0.3418467583497053
27037,Dakota County,MN,32755,8581,1627,26.197527095099986,4.967180583117082,0.18960494114905022,0.18912196597520126,5,3272,583,11640,0.17817848410757947,443341,4950,1704,0.34424242424242424
27039,Dodge County,MN,1543,374,47,24.23849643551523,3.04601425793908,0.12566844919786097,0.12635338385285647,4,148,18,563,0.12162162162162163,20981,224,77,0.34375
27041,Douglas County,MN,3329,841,113,25.262841694202464,3.3944127365575247,0.13436385255648037,0.13629526290010802,4,417,55,1550,0.13189448441247004,39668,593,204,0.3440134907251265
27043,Faribault County,MN,1348,365,46,27.077151335311573,3.4124629080118694,0.12602739726027398,0.12778254424815597,4,174,21,605,0.1206896551724138,13926,204,70,0.3431372549019608
27045,Fillmore County,MN,1849,370,50,20.010816657652786,2.7041644131963225,0.13513513513513514,0.1362959333480497,4,174,23,811,0.13218390804597702,21414,298,103,0.34563758389261745
27047,Freeborn County,MN,3052,710,103,23.26343381389253,3.374836173001311,0.14507042253521127,0.14604807755560842,4,331,45,1334,0.13595166163141995,30718,449,155,0.34521158129175944
27049,Goodhue County,MN,4104,813,155,19.809941520467838,3.776803118908382,0.1906519065190652,0.19094858765753484,4,365,67,1724,0.18356164383561643,48013,631,216,0.34231378763866877
27051,Grant County,MN,566,150,22,26.501766784452297,3.8869257950530036,0.14666666666666667,0.1424635071418252,4,74,10,261,0.13513513513513514,6136,90,31,0.34444444444444444
27053,Hennepin County,MN,92856,22282,3895,23.996295339019557,4.194667011286293,0.1748047751548335,0.1743481874377791,5,8458,1383,32662,0.1635138330574604,1260121,14372,4994,0.3474812134706374
27055,Houston County,MN,1659,406,61,24.47257383966245,3.676913803496082,0.15024630541871922,0.15137662988247694,4,192,28,735,0.14583333333333334,18800,270,93,0.34444444444444444
27057,Hubbard County,MN,2102,665,85,31.636536631779258,4.043767840152236,0.12781954887218044,0.12841910575904034,4,342,42,1021,0.12280701754385964,21960,349,119,0.34097421203438394
27059,Isanti County,MN,3499,966,128,27.607887967990855,3.658188053729637,0.13250517598343686,0.13302394685660826,4,393,51,1325,0.1297709923664122,42727,483,165,0.3416149068322981
27061,Itasca County,MN,4549,995,127,21.872939107496155,2.791822378544735,0.12763819095477386,0.1285619040287563,4,502,63,2162,0.1254980079681275,45205,693,237,0.341991341991342
27063,Jackson County,MN,948,189,30,19.936708860759495,3.1645569620253164,0.15873015873015872,0.1553098823827253,4,87,13,409,0.14942528735632185,9893,147,51,0.3469387755102041
27065,Kanabec County,MN,1587,345,60,21.73913043478261,3.780718336483932,0.17391304347826086,0.17091402784550533,4,163,27,705,0.1656441717791411,16463,224,76,0.3392857142857143
27067,Kandiyohi County,MN,3685,1281,193,34.762550881953864,5.237449118046133,0.15066354410616706,0.1520568051757623,5,569,81,1536,0.14235500878734622,43839,567,195,0.3439153439153439
27069,Kittson County,MN,415,129,17,31.08433734939759,4.096385542168675,0.13178294573643412,0.13631141249164955,2,64,8,192,0.125,4059,66,23,0.3484848484848485
27071,Koochiching County,MN,1377,282,41,20.47930283224401,2.9774872912127814,0.1453900709219858,0.1459683244358818,4,145,21,671,0.14482758620689656,11844,199,68,0.3417085427135678
27073,Lac qui Parle County,MN,665,143,17,21.50375939849624,2.556390977443609,0.11888111888111888,0.12332639382803588,4,73,8,317,0.1095890410958904,6689,114,40,0.3508771929824561
27075,Lake County,MN,1112,246,29,22.12230215827338,2.6079136690647484,0.11788617886178862,0.12345155031502564,4,126,15,537,0.11904761904761904,10939,182,63,0.34615384615384615
27077,Lake of the Woods County,MN,425,100,14,23.529411764705884,3.2941176470588234,0.14,0.1385157373198373,2,51,7,207,0.13725490196078433,3871,59,20,0.3389830508474576
27079,Le Sueur County,MN,2406,635,93,26.392352452202825,3.865336658354115,0.14645669291338584,0.14700401505520116,4,269,38,955,0.1412639405204461,29153,355,122,0.3436619718309859
27081,Lincoln County,MN,513,86,13,16.764132553606238,2.53411306042885,0.1511627906976744,0.15786645265964722,3,41,6,228,0.14634146341463414,5580,86,30,0.3488372093023256
27083,Lyon County,MN,1957,419,47,21.410321921308125,2.401635155850792,0.11217183770883055,0.11394348030315138,4,176,19,761,0.10795454545454546,25262,291,101,0.3470790378006873
27085,McLeod County,MN,3089,589,97,19.06765943671091,3.1401748138556167,0.16468590831918506,0.16605201085164367,4,255,40,1248,0.1568627450980392,36714,482,167,0.34647302904564314
27087,Mahnomen County,MN,625,188,29,30.08,4.64,0.15425531914893617,0.16071796676244113,4,83,13,253,0.1566265060240964,5328,60,21,0.35
27089,Marshall County,MN,858,196,30,22.843822843822842,3.4965034965034967,0.15306122448979592,0.15511481696462626,4,92,14,379,0.15217391304347827,8861,128,44,0.34375
27091,Martin County,MN,1853,411,58,22.180248246087427,3.1300593631948193,0.1411192214111922,0.14145696160572938,4,200,27,843,0.135,19650,300,104,0.3466666666666667
27093,Meeker County,MN,2068,437,91,21.131528046421664,4.4003868471953576,0.20823798627002288,0.2105715102756237,4,202,41,895,0.20297029702970298,23496,309,106,0.343042071197411
27095,Mille Lacs County,MN,2451,491,82,20.03263973888209,3.3455732354141166,0.1670061099796334,0.1676386678836252,4,209,34,971,0.16267942583732056,27280,326,112,0.34355828220858897
27097,Morrison County,MN,3130,816,123,26.070287539936103,3.929712460063898,0.15073529411764705,0.15139172430813647,4,374,55,1341,0.14705882352941177,34246,455,156,0.34285714285714286
27099,Mower County,MN,3596,1230,202,34.20467185761958,5.617352614015573,0.16422764227642275,0.16476418148970462,5,513,78,1394,0.15204678362573099,40140,493,172,0.3488843813387424
27101,Murray County,MN,812,176,28,21.67487684729064,3.4482758620689653,0.1590909090909091,0.16260261281923893,4,90,14,388,0.15555555555555556,8060,132,46,0.3484848484848485
27103,Nicollet County,MN,2600,726,103,27.923076923076923,3.9615384615384617,0.1418732782369146,0.14327719710059142,4,311,42,1038,0.13504823151125403,34441,404,140,0.3465346534653465
27105,Nobles County,MN,2064,450,57,21.802325581395348,2.761627906976744,0.12666666666666668,0.12520071501580163,4,178,20,763,0.11235955056179775,21947,260,91,0.35
27107,Norman County,MN,618,166,19,26.86084142394822,3.074433656957929,0.1144578313253012,0.11507181983420917,4,75,8,259,0.10666666666666667,6377,89,31,0.34831460674157305
27109,Olmsted County,MN,11462,2375,375,20.72064212179375,3.2716803350200663,0.15789473684210525,0.15821963560213378,5,953,142,4255,0.14900314795383002,164020,1897,659,0.3473906167633105
27111,Otter Tail County,MN,5517,1584,203,28.71125611745514,3.6795359796991116,0.12815656565656566,0.12963546920781208,5,790,99,2593,0.12531645569620253,60519,937,322,0.343649946638207
27113,Pennington County,MN,1202,252,39,20.965058236272878,3.24459234608985,0.15476190476190477,0.15633777660722514,4,110,17,488,0.15454545454545454,13845,174,60,0.3448275862068966
27115,Pine County,MN,3109,786,113,25.28144097780637,3.6346091990993887,0.14376590330788805,0.14632859038843726,4,358,50,1336,0.13966480446927373,29446,414,141,0.34057971014492755
27117,Pipestone County,MN,812,177,26,21.798029556650246,3.2019704433497536,0.14689265536723164,0.14838077101526487,4,81,12,346,0.14814814814814814,9355,126,44,0.3492063492063492
27119,Polk County,MN,2679,754,120,28.144830160507652,4.479283314669653,0.15915119363395225,0.15948471420330915,4,331,50,1093,0.1510574018126888,30731,382,132,0.34554973821989526
27121,Pope County,MN,1026,325,49,31.676413255360625,4.775828460038986,0.15076923076923077,0.15460676179988037,4,165,25,488,0.15151515151515152,11431,174,60,0.3448275862068966
27123,Ramsey County,MN,43196,10850,1891,25.118066487637744,4.3777201592740065,0.1742857142857143,0.1741574942431971,5,4272,693,15694,0.1622191011235955,536413,6057,2106,0.3476968796433878
27125,Red Lake County,MN,372,80,11,21.50537634408602,2.956989247311828,0.1375,0.1363077273037457,2,39,5,167,0.1282051282051282,3874,56,19,0.3392857142857143
27127,Redwood County,MN,1383,405,46,29.284164859002168,3.3261026753434564,0.11358024691358025,0.11264181592586558,4,188,20,598,0.10638297872340426,15361,210,73,0.3476190476190476
27129,Renville County,MN,1343,425,57,31.645569620253166,4.244229337304542,0.13411764705882354,0.136275178506931,4,190,24,561,0.12631578947368421,14525,202,70,0.3465346534653465
27131,Rice County,MN,5203,1249,212,24.005381510666922,4.074572362098789,0.16973578863090472,0.1699502813486842,5,506,80,1975,0.15810276679841898,67693,756,260,0.3439153439153439
27133,Rock County,MN,821,197,23,23.995127892813642,2.8014616321559074,0.116751269035533,0.11753489890724718,4,89,10,344,0.11235955056179775,9537,126,43,0.3412698412698413
27135,Roseau County,MN,1375,277,45,20.145454545454545,3.272727272727273,0.1624548736462094,0.16242884368421626,4,118,19,545,0.16101694915254236,15292,192,66,0.34375
27137,St. Louis County,MN,17338,3695,458,21.311569961933326,2.641596493251817,0.12395128552097429,0.12427448968900731,5,1739,210,7618,0.12075905692926969,199532,2617,895,0.3419946503630111
27139,Scott County,MN,11000,2820,506,25.636363636363637,4.6,0.1794326241134752,0.1778086058853512,5,927,157,3343,0.16936353829557713,154520,1448,499,0.3446132596685083
27141,Sherburne County,MN,7036,2074,358,29.47697555429221,5.088118249005117,0.1726133076181292,0.17088743672909287,5,719,119,2250,0.16550764951321278,100824,897,306,0.3411371237458194
27143,Sibley County,MN,1353,293,51,21.65558019216556,3.7694013303769403,0.17406143344709898,0.1768155980091372,4,121,20,523,0.1652892561983471,14955,193,67,0.3471502590673575
27145,Stearns County,MN,11716,3225,485,27.526459542505975,4.139638101741209,0.15038759689922482,0.15058964345999498,5,1339,191,4533,0.1426437640029873,160405,1741,599,0.344055140723722
27147,Steele County,MN,3058,643,98,21.026814911707,3.2047089601046435,0.15241057542768274,0.1538481729442271,4,274,40,1217,0.145985401459854,37398,469,162,0.34541577825159914
27149,Stevens County,MN,679,113,25,16.642120765832107,3.681885125184094,0.22123893805309736,0.22570274704651788,4,51,11,281,0.21568627450980393,9637,110,38,0.34545454545454546
27151,Swift County,MN,911,248,34,27.222832052689352,3.7321624588364433,0.13709677419354838,0.14044803308895298,4,115,15,395,0.13043478260869565,9755,147,51,0.3469387755102041
27153,Todd County,MN,2444,454,87,18.57610474631751,3.5597381342062193,0.19162995594713655,0.19432008685113614,4,218,40,1109,0.1834862385321101,25538,369,127,0.34417344173441733
27155,Traverse County,MN,335,70,11,20.895522388059703,3.283582089552239,0.15714285714285714,0.16108018226370804,2,34,5,152,0.14705882352941177,3275,52,18,0.34615384615384615
27157,Wabasha County,MN,1916,385,51,20.09394572025052,2.661795407098121,0.13246753246753246,0.13400615388847803,4,183,24,857,0.13114754098360656,21658,319,110,0.3448275862068966
27159,Wadena County,MN,1268,291,50,22.949526813880126,3.943217665615142,0.1718213058419244,0.17374578572891194,4,139,23,563,0.16546762589928057,14307,184,63,0.3423913043478261
27161,Waseca County,MN,1596,440,64,27.56892230576441,4.010025062656641,0.14545454545454545,0.14904396110350868,4,194,27,654,0.13917525773195877,18893,231,79,0.341991341991342
27163,Washington County,MN,20337,5009,909,24.629984756847126,4.469685794364951,0.18147334797364745,0.1809111807587253,5,1958,335,7397,0.1710929519918284,275912,3149,1083,0.34391870435058747
27165,Watonwan County,MN,1097,347,52,31.63172288058341,4.740200546946217,0.14985590778097982,0.15472261378452612,4,151,21,448,0.1390728476821192,11075,150,52,0.3466666666666667
27167,Wilkin County,MN,577,184,22,31.889081455805893,3.8128249566724435,0.11956521739130435,0.11921503058533801,3,81,9,237,0.1111111111111111,6350,80,27,0.3375
27169,Winona County,MN,3904,714,122,18.28893442622951,3.125,0.17086834733893558,0.17208982216442262,5,329,55,1670,0.16717325227963525,49478,583,200,0.34305317324185247
27171,Wright County,MN,10327,3376,502,32.69100416384236,4.861043865595042,0.14869668246445497,0.14807425390929782,5,1249,178,3529,0.14251401120896717,148003,1419,485,0.34178999295278367
27173,Yellow Medicine County,MN,848,146,19,17.21698113207547,2.240566037735849,0.13013698630136986,0.13173455400240566,4,67,8,362,0.11940298507462686,9486,130,45,0.34615384615384615
28001,Adams County,MS,5238,1589,428,30.336006109201985,8.171057655593739,0.26935179358086847,0.2687246602663051,5,676,176,2095,0.2603550295857988,28408,589,215,0.36502546689303905
28003,Alcorn County,MS,4082,1240,182,30.377266046055855,4.45859872611465,0.14677419354838708,0.1472502326352277,5,547,77,1689,0.14076782449725778,34204,462,161,0.3484848484848485
28005,Amite County,MS,2380,701,98,29.45378151260504,4.117647058823529,0.1398002853067047,0.14271381603474442,4,341,47,1100,0.1378299120234604,12619,273,99,0.3626373626373626
28007,Attala County,MS,2666,728,156,27.30682670667667,5.851462865716429,0.21428571428571427,0.21580213984475435,4,327,67,1123,0.20489296636085627,17509,302,109,0.3609271523178808
28009,Benton County,MS,1268,399,77,31.466876971608833,6.072555205047319,0.19298245614035087,0.19436079203431586,4,166,30,505,0.18072289156626506,7550,127,46,0.36220472440944884
28011,Bolivar County,MS,4982,1564,381,31.3930148534725,7.647531112003212,0.24360613810741688,0.24367037400224972,5,677,160,2010,0.2363367799113737,29370,540,197,0.3648148148148148
28013,Calhoun County,MS,1936,665,128,34.349173553719005,6.6115702479338845,0.1924812030075188,0.1924451657186267,4,290,53,798,0.18275862068965518,12781,211,76,0.36018957345971564
28015,Carroll County,MS,1628,474,85,29.115479115479115,5.221130221130221,0.17932489451476794,0.17904137784471272,4,232,40,758,0.1724137931034483,9731,196,71,0.3622448979591837
28017,Chickasaw County,MS,2603,598,138,22.973492124471765,5.30157510564733,0.23076923076923078,0.23071437968307013,4,261,57,1069,0.21839080459770116,16812,279,100,0.35842293906810035
28019,Choctaw County,MS,1256,263,48,20.93949044585987,3.821656050955414,0.18250950570342206,0.1805585408104001,4,122,21,556,0.1721311475409836,8037,149,54,0.3624161073825503
28021,Claiborne County,MS,1704,494,81,28.990610328638496,4.753521126760563,0.16396761133603238,0.16554877667778298,4,218,35,702,0.16055045871559634,8805,179,66,0.3687150837988827
28023,Clarke County,MS,2396,887,189,37.02003338898164,7.888146911519199,0.21307779030439683,0.21488175795456108,4,418,86,1069,0.20574162679425836,15271,271,97,0.35793357933579334
28025,Clay County,MS,3006,967,202,32.16899534264804,6.7198935462408516,0.20889348500517063,0.2101986962020936,4,417,84,1226,0.2014388489208633,18380,352,128,0.36363636363636365
28027,Coahoma County,MS,3674,1152,240,31.35547087642896,6.5323897659227,0.20833333333333334,0.20824701435093287,5,474,96,1418,0.20253164556962025,20197,384,141,0.3671875
28029,Copiah County,MS,4744,1348,318,28.41483979763912,6.703204047217538,0.23590504451038577,0.2366114404231977,5,574,130,1917,0.2264808362369338,27719,507,184,0.3629191321499014
28031,Covington County,MS,2479,731,139,29.487696651875755,5.607099636950383,0.19015047879616964,0.19037677745915532,4,302,55,957,0.18211920529801323,18098,269,96,0.35687732342007433
28033,DeSoto County,MS,21376,4151,913,19.418974550898202,4.271145209580839,0.21994700072271742,0.21769379267241976,5,1479,302,7155,0.2041920216362407,191723,2310,810,0.35064935064935066
28035,Forrest County,MS,8873,3277,665,36.9322664262369,7.494646680942184,0.20292950869697896,0.2031988855863915,5,1268,245,3196,0.19321766561514195,78110,976,348,0.35655737704918034
28037,Franklin County,MS,1095,306,60,27.945205479452056,5.47945205479452,0.19607843137254902,0.19435281546729802,4,140,26,475,0.18571428571428572,7642,133,47,0.3533834586466165
28039,George County,MS,2511,460,99,18.319394663480686,3.942652329749104,0.21521739130434783,0.21505410502776146,4,189,39,963,0.20634920634920634,25206,265,91,0.3433962264150943
28041,Greene County,MS,1778,478,99,26.88413948256468,5.568053993250843,0.20711297071129708,0.2062107279318832,4,180,34,634,0.18888888888888888,13552,176,62,0.3522727272727273
28043,Grenada County,MS,3164,741,146,23.419721871049305,4.61441213653603,0.1970310391363023,0.19802306744333903,4,321,61,1295,0.19003115264797507,21088,357,128,0.3585434173669468
28045,Hancock County,MS,5737,1722,252,30.01568764162454,4.392539654871884,0.14634146341463414,0.1466944535050291,5,785,111,2477,0.14140127388535031,46094,689,237,0.3439767779390421
28047,Harrison County,MS,25377,5973,1110,23.5370611183355,4.374039484572645,0.18583626318432947,0.18558417683986198,5,2411,425,9620,0.17627540439651596,211044,2796,982,0.3512160228898426
28049,Hinds County,MS,33501,11581,2794,34.5691173397809,8.340049550759678,0.24125723167256713,0.24103801538530703,5,4579,1068,12333,0.23323869840576544,217730,4086,1504,0.36808614782183063
28051,Holmes County,MS,3534,1249,316,35.3423882286361,8.941709111488398,0.2530024019215372,0.25325798565240243,5,509,125,1342,0.2455795677799607,16121,327,122,0.3730886850152905
28053,Humphreys County,MS,1578,698,176,44.23320659062104,11.153358681875792,0.2521489971346705,0.2529434325710546,4,288,70,613,0.24305555555555555,7333,154,57,0.37012987012987014
28055,Issaquena County,MS,270,86,18,31.85185185185185,6.666666666666667,0.20930232558139536,0.20460835323733872,2,30,6,92,0.2,1273,23,8,0.34782608695652173
28057,Itawamba County,MS,2613,545,90,20.857252200535783,3.444316877152698,0.1651376146788991,0.16781703405516718,4,241,39,1074,0.16182572614107885,23903,292,101,0.3458904109589041
28059,Jackson County,MS,17946,3531,800,19.675693747910397,4.457817898138861,0.22656471254602095,0.22571833480319403,5,1450,314,6896,0.21655172413793103,144975,1966,689,0.3504577822990844
28061,Jasper County,MS,2828,930,166,32.88543140028288,5.86987270155587,0.17849462365591398,0.17881454199116384,4,423,72,1221,0.1702127659574468,16167,328,120,0.36585365853658536
28063,Jefferson County,MS,1639,530,167,32.33679072605247,10.189139719341062,0.3150943396226415,0.31500495704459874,4,222,68,644,0.3063063063063063,7087,168,63,0.375
28065,Jefferson Davis County,MS,2210,817,180,36.9683257918552,8.144796380090497,0.22031823745410037,0.22087444304860585,4,396,84,1011,0.21212121212121213,11088,262,97,0.3702290076335878
28067,Jones County,MS,8572,2385,434,27.823145123658424,5.062995800279982,0.1819706498951782,0.18252115108984623,5,1023,177,3471,0.17302052785923755,66569,972,344,0.35390946502057613
28069,Kemper County,MS,1729,591,125,34.18160786581839,7.2296124927703875,0.21150592216582065,0.21424722066009533,4,272,55,745,0.20220588235294118,8654,191,72,0.3769633507853403
28071,Lafayette County,MS,5567,1339,202,24.05245194898509,3.6285252380097,0.1508588498879761,0.15009819442087183,5,546,79,2102,0.1446886446886447,57615,639,223,0.3489827856025039
28073,Lamar County,MS,5720,1647,264,28.793706293706293,4.615384615384615,0.16029143897996356,0.15928536937170232,5,642,96,2088,0.14953271028037382,65783,770,267,0.34675324675324676
28075,Lauderdale County,MS,10488,3717,787,35.44050343249428,7.503813882532418,0.21172988969599138,0.21250341954250226,5,1568,317,4178,0.20216836734693877,70904,1186,428,0.3608768971332209
28077,Lawrence County,MS,1682,443,81,26.33769322235434,4.815695600475625,0.18284424379232506,0.18130130257135615,4,200,35,713,0.175,11713,190,68,0.35789473684210527
28079,Leake County,MS,3228,1033,227,32.001239157372986,7.032218091697645,0.2197483059051307,0.22006519285185233,5,427,90,1244,0.2107728337236534,21135,343,123,0.358600583090379
28081,Lee County,MS,9121,2297,379,25.1836421445017,4.155246135292183,0.16499782324771442,0.1644171004944265,5,891,138,3334,0.15488215488215487,82959,1073,377,0.35135135135135137
28083,Leflore County,MS,4868,1410,271,28.96466721446179,5.56696795398521,0.1921985815602837,0.19170833074524588,5,562,104,1808,0.18505338078291814,26570,458,168,0.36681222707423583
28085,Lincoln County,MS,4628,977,213,21.110630942091618,4.602420051858254,0.218014329580348,0.21791718556096262,5,411,86,1836,0.20924574209245742,34717,510,179,0.3509803921568627
28087,Lowndes County,MS,8203,2938,539,35.8161648177496,6.5707667926368405,0.1834581347855684,0.18370060289024115,5,1206,212,3166,0.175787728026534,57603,933,336,0.36012861736334406
28089,Madison County,MS,11191,2826,621,25.25243499240461,5.549101956929675,0.2197452229299363,0.21820453685669405,5,1050,220,3897,0.20952380952380953,111113,1553,551,0.3547971667739858
28091,Marion County,MS,3443,1092,210,31.716526285216382,6.099331977926227,0.19230769230769232,0.19275395028619205,4,471,87,1392,0.18471337579617833,24050,379,135,0.3562005277044855
28093,Marshall County,MS,5760,1465,340,25.43402777777778,5.902777777777778,0.23208191126279865,0.23176879164166497,5,618,139,2287,0.22491909385113268,34110,609,220,0.361247947454844
28095,Monroe County,MS,4816,1518,324,31.519933554817275,6.7275747508305646,0.2134387351778656,0.2140136878541231,5,682,141,2035,0.20674486803519063,33577,557,199,0.35727109515260325
28097,Montgomery County,MS,1678,498,113,29.67818831942789,6.734207389749702,0.22690763052208834,0.23074660698100824,4,236,52,754,0.22033898305084745,9530,190,69,0.3631578947368421
28099,Neshoba County,MS,3704,1378,250,37.20302375809935,6.749460043196544,0.18142235123367198,0.18194806117843285,5,590,102,1458,0.17288135593220338,28673,361,128,0.3545706371191136
28101,Newton County,MS,2767,981,214,35.453559812070836,7.734007950849295,0.218144750254842,0.21913459834152849,4,417,87,1099,0.20863309352517986,21029,308,110,0.35714285714285715
28103,Noxubee County,MS,2027,871,196,42.969906265416874,9.669462259496793,0.22502870264064295,0.22571449993640164,4,359,78,787,0.21727019498607242,9990,199,73,0.36683417085427134
28105,Oktibbeha County,MS,5265,1173,261,22.27920227920228,4.957264957264957,0.22250639386189258,0.22380730796266315,5,467,100,1919,0.21413276231263384,51427,581,209,0.35972461273666095
28107,Panola County,MS,4912,1725,326,35.11807817589577,6.636807817589577,0.1889855072463768,0.18868850342761298,5,702,126,1897,0.1794871794871795,32661,532,190,0.35714285714285715
28109,Pearl River County,MS,6856,2612,349,38.09801633605601,5.090431738623104,0.13361408882082695,0.13401654690907536,5,1201,155,2964,0.12905911740216486,57261,777,269,0.3462033462033462
28111,Perry County,MS,1545,537,95,34.75728155339806,6.148867313915858,0.17690875232774675,0.17754183173620336,4,240,41,647,0.17083333333333334,11368,165,58,0.3515151515151515
28113,Pike County,MS,6244,1894,277,30.333119795003203,4.436258808456118,0.14625131995776136,0.14657626522515804,5,805,113,2499,0.14037267080745341,39644,676,245,0.3624260355029586
28115,Pontotoc County,MS,3515,866,159,24.637268847795163,4.523470839260313,0.1836027713625866,0.1827135293176996,5,351,62,1325,0.17663817663817663,31389,372,130,0.34946236559139787
28117,Prentiss County,MS,2955,1083,128,36.6497461928934,4.331641285956007,0.11819021237303785,0.11912366081842277,4,472,54,1205,0.11440677966101695,24792,320,111,0.346875
28119,Quitman County,MS,1189,448,98,37.678721614802356,8.242220353238014,0.21875,0.21956517064360137,4,186,39,471,0.20967741935483872,5701,113,41,0.36283185840707965
28121,Rankin County,MS,16609,4286,733,25.805286290565356,4.413269913902101,0.1710219318712086,0.1706931947325989,5,1691,271,6159,0.1602602010644589,158979,2073,726,0.35021707670043417
28123,Scott County,MS,4016,1002,228,24.95019920318725,5.677290836653387,0.2275449101796407,0.22723027404124135,5,400,87,1504,0.2175,27707,406,145,0.35714285714285715
28125,Sharkey County,MS,782,242,58,30.946291560102303,7.41687979539642,0.2396694214876033,0.23494044908672274,4,105,24,325,0.22857142857142856,3488,82,31,0.3780487804878049
28127,Simpson County,MS,3746,893,202,23.83876134543513,5.392418579818473,0.22620380739081747,0.22683150592933135,5,390,86,1536,0.2205128205128205,25587,418,149,0.35645933014354064
28129,Smith County,MS,1880,579,107,30.79787234042553,5.691489361702128,0.1848013816925734,0.1863500189894121,4,267,48,817,0.1797752808988764,14092,226,80,0.35398230088495575
28131,Stone County,MS,2179,639,108,29.32537861404314,4.956402019274897,0.16901408450704225,0.1690187673680133,4,269,44,867,0.16356877323420074,18669,237,82,0.3459915611814346
28133,Sunflower County,MS,4665,2092,367,44.844587352625936,7.867095391211147,0.1754302103250478,0.17496403670759114,5,790,134,1645,0.16962025316455695,24811,438,160,0.365296803652968
28135,Tallahatchie County,MS,2202,620,111,28.15622161671208,5.040871934604905,0.17903225806451614,0.17961033969913334,4,242,41,809,0.16942148760330578,12035,211,77,0.36492890995260663
28137,Tate County,MS,3598,811,164,22.540300166759312,4.558087826570317,0.20221948212083848,0.20100537578858593,5,342,66,1425,0.19298245614035087,28296,398,140,0.35175879396984927
28139,Tippah County,MS,2612,716,115,27.411944869831547,4.402756508422665,0.16061452513966482,0.1607422487825619,4,305,47,1046,0.1540983606557377,21431,283,99,0.3498233215547703
28141,Tishomingo County,MS,2274,584,73,25.6816182937555,3.2102022867194373,0.125,0.12766162660626196,4,277,34,1013,0.12274368231046931,18619,254,88,0.3464566929133858
28143,Tunica County,MS,1687,468,104,27.741553052756373,6.164789567279194,0.2222222222222222,0.2196011033673429,4,177,38,598,0.21468926553672316,9458,153,55,0.35947712418300654
28145,Union County,MS,3055,843,104,27.594108019639936,3.404255319148936,0.12336892052194544,0.12384274074815868,4,355,42,1199,0.11830985915492957,28125,352,123,0.3494318181818182
28147,Walthall County,MS,2338,772,116,33.0196749358426,4.961505560307955,0.15025906735751296,0.15287540411031333,4,344,50,981,0.14534883720930233,13761,249,90,0.3614457831325301
28149,Warren County,MS,6293,2125,391,33.76767837279517,6.213252820594311,0.184,0.1841074417641846,5,897,158,2517,0.17614269788182832,42649,744,268,0.3602150537634409
28151,Washington County,MS,7976,2448,599,30.69207622868606,7.510030090270813,0.24468954248366012,0.244987809449191,5,1025,244,3140,0.23804878048780487,42514,844,309,0.36611374407582936
28153,Wayne County,MS,2914,1068,238,36.65065202470831,8.167467398764584,0.22284644194756553,0.22285852138517356,4,444,94,1150,0.21171171171171171,19681,312,112,0.358974358974359
28155,Webster County,MS,1187,271,44,22.83066554338669,3.7068239258635214,0.16236162361623616,0.16268463937545372,4,116,19,478,0.16379310344827586,9993,142,50,0.352112676056338
28157,Wilkinson County,MS,1655,555,111,33.53474320241692,6.706948640483383,0.2,0.2008132985208561,4,235,46,662,0.19574468085106383,8143,168,62,0.36904761904761907
28159,Winston County,MS,2966,985,190,33.20971004720162,6.405933917734322,0.19289340101522842,0.19586700054519277,4,448,83,1279,0.18526785714285715,17543,342,124,0.36257309941520466
28161,Yalobusha County,MS,1975,542,99,27.443037974683545,5.012658227848101,0.18265682656826568,0.1835622824785585,4,247,43,860,0.17408906882591094,12364,223,79,0.3542600896860987
28163,Yazoo County,MS,4260,1251,403,29.366197183098592,9.460093896713616,0.32214228617106316,0.32234804288917984,5,448,137,1418,0.30580357142857145,25948,384,139,0.3619791666666667
29001,Adair County,MO,2088,449,92,21.50383141762452,4.406130268199234,0.20489977728285078,0.2092233954607146,4,200,40,858,0.2,25165,253,87,0.3438735177865613
29003,Andrew County,MO,1730,288,47,16.647398843930635,2.7167630057803467,0.16319444444444445,0.16347071375468927,4,131,21,733,0.16030534351145037,18003,229,78,0.3406113537117904
29005,Atchison County,MO,569,117,15,20.56239015817223,2.6362038664323375,0.1282051282051282,0.11695903449086376,3,59,7,269,0.11864406779661017,5182,82,28,0.34146341463414637
29007,Audrain County,MO,2683,623,112,23.22027581065971,4.174431606410734,0.1797752808988764,0.18238062483887646,4,273,48,1096,0.17582417582417584,24434,308,106,0.34415584415584416
29009,Barry County,MO,4029,765,117,18.9873417721519,2.903946388682055,0.15294117647058825,0.15353254893329588,5,365,54,1807,0.14794520547945206,34926,476,163,0.34243697478991597
29011,Barton County,MO,1255,384,47,30.59760956175299,3.745019920318725,0.12239583333333333,0.1215149488856856,4,180,21,551,0.11666666666666667,11694,153,53,0.3464052287581699
29013,Bates County,MO,1727,387,58,22.40880138969311,3.3584250144759697,0.14987080103359174,0.15113318454902583,4,177,26,738,0.14689265536723164,16177,205,70,0.34146341463414637
29015,Benton County,MO,2798,511,69,18.263045032165834,2.466047176554682,0.1350293542074364,0.1388698266777643,4,283,38,1481,0.13427561837455831,20224,368,126,0.3423913043478261
29017,Bollinger County,MO,1213,245,29,20.197856553998353,2.390766694146744,0.11836734693877551,0.1187667113131421,4,113,13,529,0.11504424778761062,10518,142,48,0.3380281690140845
29019,Boone County,MO,13673,3232,522,23.637826373144154,3.817742997147663,0.16150990099009901,0.16185539755236616,5,1280,198,4968,0.1546875,187690,1822,629,0.34522502744237105
29021,Buchanan County,MO,8723,1574,224,18.044250831136075,2.5679238793992893,0.1423125794155019,0.14208817723150044,5,652,88,3382,0.13496932515337423,82911,979,337,0.3442288049029622
29023,Butler County,MO,4409,1275,168,28.918122023134497,3.8103878430483102,0.13176470588235295,0.13245678964090832,5,580,74,1875,0.12758620689655173,42179,535,185,0.34579439252336447
29025,Caldwell County,MO,942,182,26,19.32059447983015,2.760084925690021,0.14285714285714285,0.14351434082452386,4,84,11,405,0.13095238095238096,8933,115,40,0.34782608695652173
29027,Callaway County,MO,4379,1339,108,30.577757478876457,2.4663165106188627,0.08065720687079911,0.0806248779315448,5,570,45,1740,0.07894736842105263,44762,538,185,0.34386617100371747
29029,Camden County,MO,5476,1458,180,26.62527392257122,3.287070854638422,0.12345679012345678,0.12544689506912754,4,784,95,2813,0.1211734693877551,43768,758,256,0.33773087071240104
29031,Cape Girardeau County,MO,7249,1490,212,20.554559249551662,2.9245413160435922,0.14228187919463087,0.14371517833862044,5,652,90,2951,0.13803680981595093,82899,980,338,0.3448979591836735
29033,Carroll County,MO,944,179,30,18.96186440677966,3.1779661016949152,0.16759776536312848,0.16848213067734363,4,87,14,429,0.16091954022988506,8423,122,42,0.3442622950819672
29035,Carter County,MO,615,167,19,27.15447154471545,3.089430894308943,0.11377245508982035,0.11324490826045791,3,77,8,268,0.1038961038961039,5268,68,23,0.3382352941176471
29037,Cass County,MO,10666,2316,380,21.713857116069754,3.5627226701668855,0.16407599309153714,0.16386674711776197,5,963,151,4146,0.15680166147455868,110394,1348,464,0.34421364985163205
29039,Cedar County,MO,1660,474,66,28.55421686746988,3.9759036144578315,0.13924050632911392,0.13786825068943953,4,235,32,772,0.13617021276595745,14601,212,73,0.3443396226415094
29041,Chariton County,MO,863,276,33,31.98146002317497,3.8238702201622248,0.11956521739130435,0.12131088928486689,4,135,16,398,0.11851851851851852,7386,117,41,0.3504273504273504
29043,Christian County,MO,8094,2006,289,24.78379046207067,3.5705460835186558,0.1440677966101695,0.1441809393032143,5,853,119,3192,0.1395076201641266,93114,1020,348,0.3411764705882353
29045,Clark County,MO,721,146,21,20.249653259362,2.912621359223301,0.14383561643835616,0.1509165500974706,4,67,10,310,0.14925373134328357,6723,89,31,0.34831460674157305
29047,Clay County,MO,25289,5464,954,21.606231958559057,3.77239115821108,0.174597364568082,0.17406138436192167,5,2127,351,9135,0.16502115655853314,257033,2750,946,0.344
29049,Clinton County,MO,2150,409,66,19.023255813953487,3.0697674418604652,0.16136919315403422,0.1647320310851749,4,174,28,852,0.16091954022988506,21328,262,90,0.3435114503816794
29051,Cole County,MO,7468,2579,220,34.53401178361007,2.945902517407606,0.08530438154323382,0.08516981811586936,5,1094,88,2976,0.08043875685557587,76969,957,330,0.3448275862068966
29053,Cooper County,MO,1784,488,73,27.3542600896861,4.091928251121076,0.14959016393442623,0.15071324163624972,4,215,31,735,0.14418604651162792,16772,220,76,0.34545454545454546
29055,Crawford County,MO,2593,821,120,31.66216737369842,4.627844195912071,0.146163215590743,0.14665043910300227,4,376,54,1116,0.14361702127659576,22659,298,102,0.3422818791946309
29057,Dade County,MO,901,202,23,22.41953385127636,2.5527192008879025,0.11386138613861387,0.11540576169891675,4,99,11,418,0.1111111111111111,7660,115,40,0.34782608695652173
29059,Dallas County,MO,1951,452,74,23.16760635571502,3.7929267042542287,0.16371681415929204,0.16436101535762082,4,211,34,855,0.16113744075829384,17626,225,77,0.3422222222222222
29061,Daviess County,MO,874,217,37,24.82837528604119,4.233409610983982,0.17050691244239632,0.1715774352095118,4,106,18,402,0.16981132075471697,8435,112,38,0.3392857142857143
29063,DeKalb County,MO,1257,232,33,18.456642800318217,2.6252983293556085,0.14224137931034483,0.1433628579052856,4,91,12,468,0.13186813186813187,11336,149,52,0.348993288590604
29065,Dent County,MO,1685,575,66,34.124629080118694,3.916913946587537,0.11478260869565217,0.11346278687057619,4,268,30,739,0.11194029850746269,14467,202,70,0.3465346534653465
29067,Douglas County,MO,1470,401,55,27.27891156462585,3.741496598639456,0.1371571072319202,0.14108703522374516,4,207,28,717,0.13526570048309178,11975,178,61,0.34269662921348315
29069,Dunklin County,MO,3243,976,150,30.09559050262103,4.6253469010175765,0.15368852459016394,0.15466602738326424,5,425,62,1329,0.14588235294117646,27406,351,122,0.3475783475783476
29071,Franklin County,MO,10703,3380,487,31.5799308605064,4.550126132859946,0.14408284023668638,0.1440026207083849,5,1457,205,4321,0.14070006863417983,105879,1313,448,0.3412033511043412
29073,Gasconade County,MO,1689,569,66,33.68857312018946,3.907637655417407,0.11599297012302284,0.11468117492354282,4,268,30,747,0.11194029850746269,14768,216,74,0.3425925925925926
29075,Gentry County,MO,578,105,18,18.166089965397923,3.114186851211073,0.17142857142857143,0.18128628320406676,4,46,8,237,0.17391304347826086,6253,76,26,0.34210526315789475
29077,Greene County,MO,25945,6560,937,25.284255155135863,3.611485835421083,0.14283536585365852,0.14337967827861417,5,2835,389,10377,0.13721340388007056,303293,3427,1180,0.34432448205427485
29079,Grundy County,MO,1018,182,29,17.87819253438114,2.848722986247544,0.15934065934065933,0.16103982234673575,4,87,14,451,0.16091954022988506,9838,138,48,0.34782608695652173
29081,Harrison County,MO,865,129,20,14.913294797687861,2.3121387283236996,0.15503875968992248,0.15773076600627936,4,63,9,391,0.14285714285714285,8199,116,40,0.3448275862068966
29083,Henry County,MO,2421,726,86,29.987608426270135,3.5522511358942586,0.1184573002754821,0.11936497497944026,4,353,41,1107,0.11614730878186968,22438,316,109,0.3449367088607595
29085,Hickory County,MO,1262,271,34,21.473851030110936,2.6941362916006337,0.12546125461254612,0.13322344747309064,4,151,19,673,0.12582781456953643,8630,167,58,0.3473053892215569
29087,Holt County,MO,472,109,18,23.093220338983052,3.8135593220338984,0.1651376146788991,0.16499727553160487,3,52,8,213,0.15384615384615385,4262,67,23,0.34328358208955223
29089,Howard County,MO,1055,355,65,33.649289099526065,6.161137440758294,0.18309859154929578,0.18489242940105016,4,165,29,460,0.17575757575757575,10168,132,46,0.3484848484848485
29091,Howell County,MO,3959,657,88,16.595099772669865,2.222783531194746,0.1339421613394216,0.1329881919323251,5,307,40,1726,0.13029315960912052,40631,511,176,0.34442270058708413
29093,Iron County,MO,1150,201,29,17.47826086956522,2.5217391304347827,0.14427860696517414,0.14449201023868927,4,94,13,504,0.13829787234042554,9414,134,46,0.34328358208955223
29095,Jackson County,MO,81848,20049,4236,24.495406118658977,5.175447170364579,0.21128235822235522,0.2113347369831906,5,7933,1608,30048,0.20269759233581242,716531,9372,3327,0.35499359795134444
29097,Jasper County,MO,11968,2526,285,21.106283422459892,2.381350267379679,0.11282660332541568,0.11271196089093133,5,1060,114,4649,0.10754716981132076,124075,1331,457,0.34335086401202103
29099,Jefferson County,MO,22499,5445,843,24.20107560336015,3.746833192586337,0.15482093663911844,0.1545188406170953,5,2211,334,8522,0.15106286748077793,229336,2526,856,0.3388756927949327
29101,Johnson County,MO,4290,1513,146,35.26806526806527,3.403263403263403,0.09649702577660278,0.09595143220841756,5,607,57,1572,0.09390444810543658,54368,485,166,0.3422680412371134
29103,Knox County,MO,411,119,21,28.953771289537713,5.109489051094891,0.17647058823529413,0.17617897514955985,2,56,9,181,0.16071428571428573,3776,52,18,0.34615384615384615
29105,Laclede County,MO,3771,873,109,23.15035799522673,2.8904799787854683,0.12485681557846506,0.1249943504520867,5,387,47,1564,0.12144702842377261,36313,430,147,0.34186046511627904
29107,Lafayette County,MO,3445,838,109,24.32510885341074,3.1640058055152394,0.13007159904534607,0.12980862688287026,4,368,46,1410,0.125,32961,423,146,0.34515366430260047
29109,Lawrence County,MO,3908,880,118,22.517911975435005,3.0194472876151486,0.1340909090909091,0.13558965316758118,5,383,50,1582,0.13054830287206268,38683,449,154,0.3429844097995546
29111,Lewis County,MO,1013,291,53,28.72655478775913,5.231984205330701,0.18213058419243985,0.17945112920856973,4,133,23,431,0.17293233082706766,9891,124,43,0.3467741935483871
29113,Lincoln County,MO,5834,1732,224,29.68803565306822,3.8395611930065137,0.12933025404157045,0.12899011240127103,5,675,85,2105,0.1259259259259259,63155,637,217,0.34065934065934067
29115,Linn County,MO,1276,271,45,21.238244514106583,3.5266457680250785,0.16605166051660517,0.16518028188113923,4,127,20,560,0.15748031496062992,11820,158,54,0.34177215189873417
29117,Livingston County,MO,1501,246,45,16.389073950699533,2.9980013324450367,0.18292682926829268,0.1845256104330085,4,112,20,632,0.17857142857142858,14402,190,66,0.3473684210526316
29119,McDonald County,MO,2617,530,84,20.252197172334736,3.2097821933511654,0.15849056603773584,0.15859104085739503,4,213,32,978,0.15023474178403756,23588,255,87,0.3411764705882353
29121,Macon County,MO,1689,374,62,22.143280047365305,3.670811130846655,0.1657754010695187,0.16753129334772218,4,183,29,776,0.15846994535519127,15049,212,73,0.3443396226415094
29123,Madison County,MO,1391,236,32,16.966211358734725,2.300503235082674,0.13559322033898305,0.13513799970275686,4,106,14,583,0.1320754716981132,12753,160,55,0.34375
29125,Maries County,MO,961,314,34,32.67429760665973,3.5379812695109263,0.10828025477707007,0.1050874027886733,4,145,15,416,0.10344827586206896,8431,117,40,0.3418803418803419
29127,Marion County,MO,2798,724,122,25.875625446747677,4.360257326661902,0.1685082872928177,0.1680629208779547,4,320,52,1150,0.1625,28438,353,122,0.34560906515580736
29129,Mercer County,MO,379,91,13,24.010554089709764,3.430079155672823,0.14285714285714285,0.1474490502823706,2,43,6,169,0.13953488372093023,3437,50,17,0.34
29131,Miller County,MO,2640,838,73,31.742424242424242,2.765151515151515,0.08711217183770883,0.0863495392651952,4,384,32,1133,0.08333333333333333,25403,319,109,0.34169278996865204
29133,Mississippi County,MO,1696,501,100,29.54009433962264,5.89622641509434,0.1996007984031936,0.200274770862031,4,209,39,676,0.18660287081339713,11688,169,59,0.34911242603550297
29135,Moniteau County,MO,1483,430,40,28.99527983816588,2.6972353337828725,0.09302325581395349,0.0936425646256458,4,173,15,559,0.08670520231213873,15220,170,59,0.34705882352941175
29137,Monroe County,MO,1033,279,38,27.008712487899324,3.6786060019361084,0.13620071684587814,0.13669480039466336,4,138,18,483,0.13043478260869565,8652,135,47,0.34814814814814815
29139,Montgomery County,MO,1284,312,40,24.299065420560748,3.115264797507788,0.1282051282051282,0.12974748190640067,4,137,17,526,0.12408759124087591,11470,152,52,0.34210526315789475
29141,Morgan County,MO,2579,770,71,29.856533540131835,2.7530050407134548,0.09220779220779221,0.09233294048597408,4,385,35,1218,0.09090909090909091,21785,316,108,0.34177215189873417
29143,New Madrid County,MO,2101,527,68,25.083293669681105,3.236554021894336,0.12903225806451613,0.13006883873667557,4,237,29,893,0.12236286919831224,15695,227,79,0.34801762114537443
29145,Newton County,MO,6317,1489,189,23.57131549786291,2.991926547411746,0.12693082605775688,0.12653101831492333,5,665,81,2632,0.12180451127819548,60011,731,251,0.3433652530779754
29147,Nodaway County,MO,1638,298,40,18.192918192918192,2.442002442002442,0.1342281879194631,0.13309938773441563,4,133,17,672,0.12781954887218044,20670,237,82,0.3459915611814346
29149,Oregon County,MO,1067,170,23,15.932521087160262,2.1555763823805063,0.13529411764705881,0.13645504621381904,4,84,11,495,0.13095238095238096,8732,124,43,0.3467741935483871
29151,Osage County,MO,1322,444,40,33.58547655068079,3.02571860816944,0.09009009009009009,0.09287852748306905,4,188,17,523,0.09042553191489362,13399,159,54,0.33962264150943394
29153,Ozark County,MO,1192,363,36,30.453020134228186,3.0201342281879193,0.09917355371900827,0.10057456021935457,4,195,19,609,0.09743589743589744,8940,152,52,0.34210526315789475
29155,Pemiscot County,MO,2012,584,104,29.025844930417495,5.168986083499006,0.1780821917808219,0.17914536572311657,4,248,42,802,0.1693548387096774,14841,211,75,0.35545023696682465
29157,Perry County,MO,1892,419,57,22.145877378435518,3.0126849894291756,0.1360381861575179,0.13621800519863167,4,188,25,795,0.13297872340425532,18858,247,85,0.3441295546558704
29159,Pettis County,MO,4420,1136,156,25.70135746606335,3.5294117647058822,0.13732394366197184,0.1370570844494717,5,479,63,1736,0.1315240083507307,43353,509,176,0.34577603143418467
29161,Phelps County,MO,4155,1394,234,33.54993983152828,5.631768953068592,0.1678622668579627,0.1680377282770011,5,615,101,1699,0.16422764227642275,45313,507,174,0.3431952662721893
29163,Pike County,MO,1941,448,88,23.08088614116435,4.533745492014425,0.19642857142857142,0.19974531988837782,4,196,37,802,0.18877551020408162,17664,227,79,0.34801762114537443
29165,Platte County,MO,9800,2232,397,22.775510204081634,4.051020408163265,0.1778673835125448,0.17658670195112464,5,887,148,3627,0.1668545659526494,110534,1237,426,0.34438156831042843
29167,Polk County,MO,3112,763,79,24.517994858611825,2.538560411311054,0.10353866317169069,0.10432655701076993,4,339,34,1285,0.10029498525073746,32693,388,133,0.3427835051546392
29169,Pulaski County,MO,4271,1522,195,35.63568250995083,4.565675485834699,0.12812089356110382,0.12804877945564402,5,525,64,1338,0.1219047619047619,53941,388,134,0.34536082474226804
29171,Putnam County,MO,522,105,14,20.114942528735632,2.681992337164751,0.13333333333333333,0.13444683700034582,2,53,7,249,0.1320754716981132,4666,69,24,0.34782608695652173
29173,Ralls County,MO,1164,303,36,26.030927835051546,3.0927835051546393,0.1188118811881188,0.11850531759243832,4,147,17,533,0.11564625850340136,10420,149,51,0.3422818791946309
29175,Randolph County,MO,2563,886,121,34.56886461178307,4.721030042918455,0.136568848758465,0.1359890351547788,4,366,48,988,0.13114754098360656,24622,292,101,0.3458904109589041
29177,Ray County,MO,2461,695,85,28.24055262088582,3.4538805363673304,0.1223021582733813,0.12312939957333667,4,304,36,1010,0.11842105263157894,23107,289,99,0.34256055363321797
29179,Reynolds County,MO,813,186,25,22.878228782287824,3.075030750307503,0.13440860215053763,0.13511400143234556,4,88,11,362,0.125,6006,93,32,0.34408602150537637
29181,Ripley County,MO,1231,319,42,25.913891145410236,3.4118602761982126,0.13166144200626959,0.13301692388814398,4,148,19,535,0.12837837837837837,10703,135,46,0.34074074074074073
29183,St. Charles County,MO,37281,12105,1715,32.46962259596041,4.600198492529707,0.1416769929781082,0.1416062187584945,5,4872,661,13963,0.13567323481116583,413803,4840,1666,0.34421487603305784
29185,St. Clair County,MO,1213,385,43,31.739488870568838,3.544929925803792,0.11168831168831168,0.11407094909221098,4,196,22,583,0.11224489795918367,9576,153,53,0.3464052287581699
29186,Ste. Genevieve County,MO,1980,603,78,30.454545454545453,3.9393939393939394,0.12935323383084577,0.12998549029496706,4,274,35,846,0.12773722627737227,18644,249,85,0.3413654618473896
29187,St. Francois County,MO,7151,1343,187,18.78059012725493,2.6150188784785344,0.13924050632911392,0.13925137360021755,5,554,73,2768,0.13176895306859207,66969,768,263,0.3424479166666667
29189,St. Louis County,MO,98933,28336,5267,28.64160593532997,5.32380499934299,0.1858766233766234,0.18667779860917197,5,12063,2144,39360,0.17773356544806432,990414,14805,5245,0.35427220533603515
29195,Saline County,MO,2580,537,79,20.813953488372093,3.062015503875969,0.14711359404096835,0.14655635874751505,4,237,33,1062,0.13924050632911392,23007,279,97,0.34767025089605735
29197,Schuyler County,MO,400,68,13,17,3.25,0.19117647058823528,0.2113871738219563,2,31,6,173,0.1935483870967742,4002,51,18,0.35294117647058826
29199,Scotland County,MO,428,102,15,23.83177570093458,3.5046728971962615,0.14705882352941177,0.15183445435845203,2,49,7,190,0.14285714285714285,4643,57,20,0.3508771929824561
29201,Scott County,MO,4208,1036,162,24.619771863117872,3.849809885931559,0.15637065637065636,0.1561543306566355,5,462,69,1762,0.14935064935064934,37840,492,171,0.3475609756097561
29203,Shannon County,MO,873,154,28,17.64032073310424,3.207331042382589,0.18181818181818182,0.18660375957098255,3,76,14,406,0.18421052631578946,7193,101,35,0.3465346534653465
29205,Shelby County,MO,633,163,25,25.75039494470774,3.949447077409163,0.15337423312883436,0.15333869924769844,4,78,12,285,0.15384615384615385,5982,82,28,0.34146341463414637
29207,Stoddard County,MO,3050,589,90,19.311475409836067,2.9508196721311477,0.15280135823429541,0.1537056037257053,4,269,40,1301,0.14869888475836432,28377,377,130,0.3448275862068966
29209,Stone County,MO,4204,940,106,22.35965746907707,2.521408182683159,0.1127659574468085,0.11551959660304911,4,530,59,2266,0.11132075471698114,32136,591,200,0.338409475465313
29211,Sullivan County,MO,729,165,30,22.633744855967077,4.11522633744856,0.18181818181818182,0.18150560486908254,4,72,12,301,0.16666666666666666,5840,81,28,0.345679012345679
29213,Taney County,MO,6335,1832,165,28.918705603788478,2.6045777426992895,0.09006550218340612,0.09145845781448493,5,909,79,2963,0.08690869086908691,56821,795,272,0.3421383647798742
29215,Texas County,MO,2989,590,82,19.739043158246904,2.74339243894279,0.13898305084745763,0.13872390901478474,4,271,36,1296,0.13284132841328414,25336,346,119,0.3439306358381503
29217,Vernon County,MO,2023,384,57,18.9817103311913,2.8175976272862084,0.1484375,0.1490585367803192,4,178,26,874,0.14606741573033707,19651,256,88,0.34375
29219,Warren County,MO,3733,1329,191,35.601392981516206,5.116528261451915,0.1437170805116629,0.1435108766067656,4,574,80,1511,0.13937282229965156,37260,450,154,0.3422222222222222
29221,Washington County,MO,2721,612,86,22.49173098125689,3.1606027195883866,0.14052287581699346,0.14095826904655998,4,260,35,1089,0.1346153846153846,23441,276,94,0.34057971014492755
29223,Wayne County,MO,1411,336,40,23.81289865343728,2.8348688873139616,0.11904761904761904,0.11966736235802483,4,165,19,654,0.11515151515151516,10792,166,57,0.3433734939759036
29225,Webster County,MO,3710,829,129,22.345013477088948,3.477088948787062,0.15560916767189384,0.155722611771371,5,346,52,1441,0.15028901734104047,40335,417,142,0.3405275779376499
29227,Worth County,MO,232,38,7,16.379310344827587,3.0172413793103448,0.18421052631578946,0.17818754976001344,2,18,3,107,0.16666666666666666,1955,32,11,0.34375
29229,Wright County,MO,2032,434,70,21.358267716535433,3.4448818897637796,0.16129032258064516,0.16283401183713128,4,205,32,898,0.15609756097560976,19156,237,81,0.34177215189873417
29510,St. Louis city,MO,40465,10468,2508,25.86926973928086,6.197948844680588,0.2395873137179977,0.23981994118431768,5,4086,963,14461,0.2356828193832599,286578,4472,1632,0.36493738819320215
30001,Beaverhead County,MT,837,180,20,21.50537634408602,2.3894862604540026,0.1111111111111111,0.11877243673726391,4,92,10,403,0.10869565217391304,9719,138,47,0.34057971014492755
30003,Big Horn County,MT,1657,478,95,28.847314423657213,5.733252866626433,0.19874476987447698,0.19735344721001655,4,193,36,606,0.18652849740932642,12851,116,41,0.35344827586206895
30005,Blaine County,MT,825,224,42,27.151515151515152,5.090909090909091,0.1875,0.1894215029115867,4,92,16,311,0.17391304347826086,6936,75,26,0.3466666666666667
30007,Broadwater County,MT,688,133,20,19.33139534883721,2.9069767441860463,0.15037593984962405,0.15535055126398217,3,66,10,321,0.15151515151515152,7793,113,38,0.336283185840708
30009,Carbon County,MT,1101,234,38,21.25340599455041,3.4514078110808355,0.1623931623931624,0.16325280225809655,4,118,19,529,0.16101694915254236,11179,179,61,0.3407821229050279
30011,Carter County,MT,152,33,5,21.710526315789473,3.289473684210526,0.15151515151515152,0.1595768924553763,2,18,3,76,0.16666666666666666,1382,23,8,0.34782608695652173
30013,Cascade County,MT,7047,1394,185,19.781467291045836,2.6252305945792536,0.1327116212338594,0.1337947396428709,5,646,83,3032,0.12848297213622292,84864,1051,362,0.34443387250237867
30015,Chouteau County,MT,622,121,20,19.45337620578778,3.215434083601286,0.1652892561983471,0.17549499173419542,3,58,9,275,0.15517241379310345,5898,82,28,0.34146341463414637
30017,Custer County,MT,1116,202,30,18.100358422939067,2.6881720430107525,0.1485148514851485,0.14317962313045035,4,90,13,465,0.14444444444444443,12032,157,54,0.34394904458598724
30019,Daniels County,MT,172,51,5,29.651162790697676,2.9069767441860463,0.09803921568627451,0.10687688633106698,2,26,3,81,0.11538461538461539,1628,26,9,0.34615384615384615
30021,Dawson County,MT,781,168,23,21.51088348271447,2.9449423815621,0.13690476190476192,0.13832987643698302,4,77,10,333,0.12987012987012986,8830,116,40,0.3448275862068966
30023,Deer Lodge County,MT,984,186,27,18.902439024390244,2.7439024390243905,0.14516129032258066,0.14686232348211803,4,93,13,465,0.13978494623655913,9510,151,51,0.33774834437086093
30025,Fallon County,MT,253,64,9,25.296442687747035,3.5573122529644268,0.140625,0.13793103448275862,2,29,4,108,0.13793103448275862,3011,35,12,0.34285714285714286
30027,Fergus County,MT,1080,324,46,30,4.2592592592592595,0.1419753086419753,0.14552287114307952,4,167,23,525,0.1377245508982036,11663,174,59,0.3390804597701149
30029,Flathead County,MT,8792,1873,305,21.303457688808006,3.4690627843494086,0.1628403630539242,0.1625002071849808,5,893,142,3923,0.1590145576707727,111814,1412,479,0.33923512747875356
30031,Gallatin County,MT,7097,1579,271,22.24883753698746,3.8185148654360996,0.17162761241291957,0.17161639131648962,5,641,107,2627,0.1669266770670827,124857,1097,371,0.3381950774840474
30033,Garfield County,MT,121,27,4,22.31404958677686,3.3057851239669422,0.14814814814814814,0.16014557035057678,2,15,2,62,0.13333333333333333,1218,18,6,0.3333333333333333
30035,Glacier County,MT,1770,416,96,23.502824858757062,5.423728813559322,0.23076923076923078,0.23379181848888728,4,155,35,599,0.22580645161290322,13681,126,44,0.3492063492063492
30037,Golden Valley County,MT,93,23,3,24.731182795698924,3.225806451612903,0.13043478260869565,0.13021357314185272,2,13,2,49,0.15384615384615385,835,16,5,0.3125
30039,Granite County,MT,359,78,14,21.72701949860724,3.8997214484679668,0.1794871794871795,0.1901950666802749,2,43,8,188,0.18604651162790697,3502,64,22,0.34375
30041,Hill County,MT,1445,245,40,16.955017301038062,2.7681660899653977,0.16326530612244897,0.1643020059593049,4,104,16,559,0.15384615384615385,16068,165,56,0.3393939393939394
30043,Jefferson County,MT,1052,305,51,28.992395437262356,4.847908745247148,0.16721311475409836,0.17097410041893552,3,151,25,492,0.16556291390728478,12826,176,59,0.3352272727272727
30045,Judith Basin County,MT,212,67,9,31.60377358490566,4.245283018867925,0.13432835820895522,0.14548237317323454,2,37,5,112,0.13513513513513514,2105,35,12,0.34285714285714286
30047,Lake County,MT,3541,763,110,21.54758542784524,3.106467099689353,0.14416775884665792,0.14652086607185097,4,385,53,1656,0.13766233766233765,32853,474,163,0.3438818565400844
30049,Lewis and Clark County,MT,5431,1198,167,22.05855275271589,3.074940158350212,0.13939899833055092,0.13984572174380064,5,554,75,2344,0.13537906137184116,73832,920,312,0.3391304347826087
30051,Liberty County,MT,185,33,7,17.83783783783784,3.7837837837837838,0.21212121212121213,0.2079000341211521,2,15,3,80,0.2,1972,29,10,0.3448275862068966
30053,Lincoln County,MT,2374,409,75,17.228306655433865,3.159224936815501,0.18337408312958436,0.1849176139428366,4,227,41,1254,0.18061674008810572,21525,370,125,0.33783783783783783
30055,McCone County,MT,187,48,6,25.668449197860962,3.2085561497326203,0.125,0.11508442321350537,2,25,3,94,0.12,1709,30,10,0.3333333333333333
30057,Madison County,MT,909,208,29,22.882288228822883,3.1903190319031904,0.13942307692307693,0.1470598023088052,4,116,16,484,0.13793103448275862,9265,159,54,0.33962264150943394
30059,Meagher County,MT,211,61,7,28.90995260663507,3.3175355450236967,0.11475409836065574,0.1247187006199571,2,34,4,113,0.11764705882352941,2013,36,12,0.3333333333333333
30061,Mineral County,MT,560,130,20,23.214285714285715,3.5714285714285716,0.15384615384615385,0.15857740600163941,2,72,11,293,0.1527777777777778,5058,84,29,0.34523809523809523
30063,Missoula County,MT,7776,1637,259,21.05195473251029,3.330761316872428,0.15821624923640806,0.15856633721239355,5,742,114,3238,0.15363881401617252,121041,1296,440,0.3395061728395062
30065,Musselshell County,MT,553,131,19,23.688969258589513,3.4358047016274864,0.1450381679389313,0.14732886028421005,2,70,10,282,0.14285714285714285,5197,81,27,0.3333333333333333
30067,Park County,MT,1582,408,50,25.790139064475348,3.1605562579013906,0.12254901960784313,0.12343428984960485,4,199,24,727,0.12060301507537688,17790,263,89,0.33840304182509506
30069,Petroleum County,MT,64,16,2,25,3.125,0.125,NA,NA,NA,NA,NA,NA,524,10,4,0.4
30071,Phillips County,MT,450,92,11,20.444444444444443,2.4444444444444446,0.11956521739130435,0.11879169984000897,2,45,5,208,0.1111111111111111,4240,63,22,0.3492063492063492
30073,Pondera County,MT,592,121,26,20.43918918918919,4.391891891891892,0.21487603305785125,0.21013864401600013,4,55,11,249,0.2,6078,84,29,0.34523809523809523
30075,Powder River County,MT,195,45,7,23.076923076923077,3.58974358974359,0.15555555555555556,0.16666666666666666,2,24,4,97,0.16666666666666666,1725,30,10,0.3333333333333333
30077,Powell County,MT,667,136,22,20.389805097451273,3.2983508245877062,0.16176470588235295,0.16666471865222698,3,58,9,268,0.15517241379310345,7051,94,32,0.3404255319148936
30079,Prairie County,MT,130,27,4,20.76923076923077,3.076923076923077,0.14814814814814814,0.20670147182224466,2,16,3,75,0.1875,1107,21,7,0.3333333333333333
30081,Ravalli County,MT,4439,837,126,18.85559810768191,2.83847713448975,0.15053763440860216,0.1518847363394714,4,443,65,2228,0.14672686230248308,47298,748,254,0.339572192513369
30083,Richland County,MT,926,248,33,26.781857451403887,3.5637149028077753,0.13306451612903225,0.13782052352190946,4,104,14,360,0.1346153846153846,11237,123,42,0.34146341463414637
30085,Roosevelt County,MT,1296,355,70,27.391975308641975,5.401234567901234,0.19718309859154928,0.1977217743623374,4,132,25,435,0.1893939393939394,10572,86,30,0.3488372093023256
30087,Rosebud County,MT,863,161,29,18.6558516801854,3.3603707995365006,0.18012422360248448,0.18047287430158765,3,71,12,349,0.16901408450704225,8088,88,30,0.3409090909090909
30089,Sanders County,MT,1606,311,49,19.364881693648815,3.0510585305105855,0.15755627009646303,0.15445740512221406,4,176,27,866,0.1534090909090909,13442,251,85,0.3386454183266932
30091,Sheridan County,MT,359,112,15,31.197771587743734,4.178272980501393,0.13392857142857142,0.1375367867558908,2,55,7,165,0.12727272727272726,3564,55,19,0.34545454545454546
30093,Silver Bow County,MT,3072,607,84,19.759114583333332,2.734375,0.13838550247116968,0.13912114422177418,4,278,38,1312,0.1366906474820144,36068,444,152,0.34234234234234234
30095,Stillwater County,MT,882,168,23,19.047619047619047,2.6077097505668934,0.13690476190476192,0.1386865487915321,4,85,11,422,0.12941176470588237,9177,135,46,0.34074074074074073
30097,Sweet Grass County,MT,368,90,14,24.456521739130434,3.8043478260869565,0.15555555555555556,0.16277580847060802,2,48,7,183,0.14583333333333334,3715,63,22,0.3492063492063492
30099,Teton County,MT,559,142,18,25.402504472271914,3.2200357781753133,0.1267605633802817,0.13099354415838055,4,69,8,254,0.11594202898550725,6368,93,33,0.3548387096774194
30101,Toole County,MT,460,116,24,25.217391304347824,5.217391304347826,0.20689655172413793,0.20516497074955217,3,49,10,179,0.20408163265306123,5082,59,21,0.3559322033898305
30103,Treasure County,MT,81,19,3,23.45679012345679,3.7037037037037037,0.15789473684210525,0.20000000000000004,1,10,2,41,0.2,758,14,5,0.35714285714285715
30105,Valley County,MT,782,239,29,30.562659846547316,3.70843989769821,0.12133891213389121,0.11907950228404898,4,116,13,354,0.11206896551724138,7513,115,40,0.34782608695652173
30107,Wheatland County,MT,218,53,8,24.31192660550459,3.669724770642202,0.1509433962264151,0.14285714285714282,2,28,4,109,0.14285714285714285,2032,29,10,0.3448275862068966
30109,Wibaux County,MT,102,25,4,24.50980392156863,3.9215686274509802,0.16,0.17504549073455522,2,12,2,48,0.16666666666666666,919,14,5,0.35714285714285715
30111,Yellowstone County,MT,13485,2982,451,22.11345939933259,3.3444568038561364,0.1512407780013414,0.1518356213747432,5,1299,189,5434,0.14549653579676675,169852,1941,664,0.34209170530654304
31001,Adams County,NE,2572,448,70,17.418351477449455,2.7216174183514776,0.15625,0.1579987572713521,4,201,30,1079,0.14925373134328357,30970,378,130,0.3439153439153439
31003,Antelope County,NE,571,118,17,20.665499124343256,2.9772329246935203,0.1440677966101695,0.14595198323652217,4,60,8,275,0.13333333333333333,6293,93,32,0.34408602150537637
31005,Arthur County,NE,37,8,1,21.62162162162162,2.7027027027027026,0.125,NA,NA,NA,NA,NA,NA,433,6,2,0.3333333333333333
31007,Banner County,NE,70,18,3,25.714285714285715,4.285714285714286,0.16666666666666666,0.1111111111111111,1,9,1,33,0.1111111111111111,660,10,3,0.3
31009,Blaine County,NE,47,11,2,23.404255319148938,4.25531914893617,0.18181818181818182,NA,NA,NA,NA,NA,NA,453,7,2,0.2857142857142857
31011,Boone County,NE,464,102,16,21.982758620689655,3.4482758620689653,0.1568627450980392,0.15274081608482365,3,48,7,204,0.14583333333333334,5385,79,27,0.34177215189873417
31013,Box Butte County,NE,1049,318,68,30.314585319351764,6.482364156339371,0.2138364779874214,0.21643401137235685,4,151,31,466,0.2052980132450331,10672,137,47,0.34306569343065696
31015,Boyd County,NE,184,45,7,24.456521739130434,3.8043478260869565,0.15555555555555556,0.16666666666666666,2,24,4,92,0.16666666666666666,1741,32,11,0.34375
31017,Brown County,NE,283,70,9,24.73498233215548,3.1802120141342756,0.12857142857142856,0.13008578252801845,2,35,4,133,0.11428571428571428,2872,44,15,0.3409090909090909
31019,Buffalo County,NE,3418,849,127,24.83908718548859,3.71562317144529,0.14958775029446408,0.15059844246420195,5,360,52,1337,0.14444444444444443,50586,536,185,0.3451492537313433
31021,Burt County,NE,662,110,18,16.61631419939577,2.719033232628399,0.16363636363636364,0.1777401916219659,4,54,9,305,0.16666666666666666,6755,100,35,0.35
31023,Butler County,NE,743,221,31,29.7442799461642,4.172274562584119,0.14027149321266968,0.13619884337411778,4,99,13,311,0.13131313131313133,8427,111,38,0.34234234234234234
31025,Cass County,NE,2330,639,109,27.42489270386266,4.6781115879828326,0.1705790297339593,0.1695088497362689,4,271,45,927,0.16605166051660517,27122,326,111,0.34049079754601225
31027,Cedar County,NE,753,230,28,30.54448871181939,3.7184594953519254,0.12173913043478261,0.12376435810980672,4,108,13,333,0.12037037037037036,8371,117,40,0.3418803418803419
31029,Chase County,NE,358,87,13,24.30167597765363,3.631284916201117,0.14942528735632185,0.16554428129478288,2,39,6,148,0.15384615384615385,3772,54,19,0.35185185185185186
31031,Cherry County,NE,509,124,17,24.361493123772103,3.3398821218074657,0.13709677419354838,0.14753122162757398,4,60,8,228,0.13333333333333333,5464,73,25,0.3424657534246575
31033,Cheyenne County,NE,859,311,52,36.20488940628638,6.053550640279394,0.16720257234726688,0.16824368826604721,4,147,24,382,0.16326530612244897,9511,132,45,0.3409090909090909
31035,Clay County,NE,557,105,15,18.850987432675044,2.6929982046678638,0.14285714285714285,0.15036442044571396,3,50,7,249,0.14,6049,76,26,0.34210526315789475
31037,Colfax County,NE,1029,252,43,24.489795918367346,4.178814382896015,0.17063492063492064,0.17347740223312796,4,86,13,334,0.1511627906976744,10444,105,36,0.34285714285714286
31039,Cuming County,NE,828,150,20,18.115942028985508,2.4154589371980677,0.13333333333333333,0.1420105790720024,4,68,9,354,0.1323529411764706,8929,128,45,0.3515625
31041,Custer County,NE,916,233,37,25.436681222707424,4.039301310043668,0.15879828326180256,0.16619760160964042,4,113,18,417,0.1592920353982301,10476,149,51,0.3422818791946309
31043,Dakota County,NE,2236,735,146,32.871198568872984,6.529516994633274,0.19863945578231293,0.19567031540423685,5,271,48,775,0.17712177121771217,21042,205,71,0.3463414634146341
31045,Dawes County,NE,666,155,17,23.273273273273272,2.5525525525525525,0.10967741935483871,0.1101119491486223,4,73,8,291,0.1095890410958904,8241,105,36,0.34285714285714286
31047,Dawson County,NE,2445,619,119,25.316973415132924,4.867075664621677,0.19224555735056542,0.19353526002725355,4,252,44,943,0.1746031746031746,23884,270,94,0.34814814814814815
31049,Deuel County,NE,199,50,9,25.12562814070352,4.522613065326633,0.18,0.17685340612512443,2,25,4,95,0.16,1902,31,11,0.3548387096774194
31051,Dixon County,NE,540,158,28,29.25925925925926,5.185185185185185,0.17721518987341772,0.18354487584497672,3,75,13,243,0.17333333333333334,5464,75,26,0.3466666666666667
31053,Dodge County,NE,3341,792,103,23.705477401975457,3.0829093085902426,0.13005050505050506,0.1312517901674272,5,344,42,1360,0.12209302325581395,36997,456,157,0.3442982456140351
31055,Douglas County,NE,49282,14364,2299,29.146544377257417,4.664989245566333,0.16005291005291006,0.1595796203251211,5,5446,821,17245,0.15075284612559678,586327,6101,2118,0.3471562039009998
31057,Dundy County,NE,170,36,6,21.176470588235293,3.5294117647058822,0.16666666666666666,0.1851000796160215,2,18,3,82,0.16666666666666666,1590,26,9,0.34615384615384615
31059,Fillmore County,NE,521,144,15,27.63915547024952,2.8790786948176583,0.10416666666666667,0.111966542613294,4,66,7,224,0.10606060606060606,5553,86,30,0.3488372093023256
31061,Franklin County,NE,297,54,7,18.181818181818183,2.356902356902357,0.12962962962962962,0.14285714285714282,2,28,4,146,0.14285714285714285,2873,49,17,0.3469387755102041
31063,Frontier County,NE,245,54,7,22.040816326530614,2.857142857142857,0.12962962962962962,0.144178279921667,2,26,4,112,0.15384615384615385,2633,41,14,0.34146341463414637
31065,Furnas County,NE,452,94,11,20.79646017699115,2.433628318584071,0.11702127659574468,0.1203420536728289,2,49,5,222,0.10204081632653061,4575,70,24,0.34285714285714286
31067,Gage County,NE,2083,425,79,20.40326452232357,3.7926068170907343,0.18588235294117647,0.18526639439686612,4,194,35,890,0.18041237113402062,21583,301,104,0.34551495016611294
31069,Garden County,NE,212,43,7,20.28301886792453,3.30188679245283,0.16279069767441862,0.15854287654334143,2,22,3,104,0.13636363636363635,1837,33,11,0.3333333333333333
31071,Garfield County,NE,195,56,9,28.71794871794872,4.615384615384615,0.16071428571428573,0.1798333902019201,2,30,5,97,0.16666666666666666,1801,33,11,0.3333333333333333
31073,Gosper County,NE,181,50,6,27.624309392265193,3.314917127071823,0.12,0.13128411805091642,2,24,3,82,0.125,1808,26,9,0.34615384615384615
31075,Grant County,NE,56,15,2,26.785714285714285,3.5714285714285716,0.13333333333333333,0.125,1,8,1,30,0.125,576,8,3,0.375
31077,Greeley County,NE,209,65,9,31.10047846889952,4.30622009569378,0.13846153846153847,0.13925881920449662,2,33,4,99,0.12121212121212122,2227,33,12,0.36363636363636365
31079,Hall County,NE,5722,1513,271,26.441803565186998,4.7361062565536525,0.17911434236615995,0.17886906972462685,5,584,96,2075,0.1643835616438356,62097,659,228,0.34597875569044007
31081,Hamilton County,NE,756,199,27,26.322751322751323,3.5714285714285716,0.135678391959799,0.1361765759921537,4,91,12,323,0.13186813186813187,9429,123,42,0.34146341463414637
31083,Harlan County,NE,323,94,9,29.102167182662537,2.7863777089783284,0.09574468085106383,0.10382277891024912,2,49,5,160,0.10204081632653061,3054,52,18,0.34615384615384615
31085,Hayes County,NE,89,21,3,23.59550561797753,3.3707865168539324,0.14285714285714285,0.15039759156359964,2,11,2,42,0.18181818181818182,849,15,5,0.3333333333333333
31087,Hitchcock County,NE,261,60,8,22.988505747126435,3.0651340996168583,0.13333333333333333,0.125,2,32,4,130,0.125,2598,39,14,0.358974358974359
31089,Holt County,NE,894,263,39,29.41834451901566,4.3624161073825505,0.1482889733840304,0.1524353058574324,4,128,18,409,0.140625,10043,144,49,0.3402777777777778
31091,Hooker County,NE,64,14,2,21.875,3.125,0.14285714285714285,0.14285714285714285,1,7,1,31,0.14285714285714285,686,12,4,0.3333333333333333
31093,Howard County,NE,579,143,20,24.697754749568222,3.454231433506045,0.13986013986013987,0.14088381471309602,4,68,9,257,0.1323529411764706,6515,92,32,0.34782608695652173
31095,Jefferson County,NE,732,218,35,29.781420765027324,4.781420765027322,0.16055045871559634,0.16216453987742327,4,107,17,336,0.1588785046728972,7154,107,37,0.34579439252336447
31097,Johnson County,NE,571,139,21,24.34325744308231,3.677758318739054,0.1510791366906475,0.15631873791526246,3,54,8,209,0.14814814814814814,5287,69,24,0.34782608695652173
31099,Kearney County,NE,557,144,18,25.85278276481149,3.2315978456014363,0.125,0.131937858137392,3,67,8,240,0.11940298507462686,6690,87,30,0.3448275862068966
31101,Keith County,NE,874,249,38,28.48970251716247,4.3478260869565215,0.15261044176706828,0.1498657482097199,4,129,19,432,0.14728682170542637,8269,141,49,0.3475177304964539
31103,Keya Paha County,NE,92,22,3,23.91304347826087,3.260869565217391,0.13636363636363635,0.14362490047997303,2,12,2,47,0.16666666666666666,787,16,6,0.375
31105,Kimball County,NE,366,90,13,24.59016393442623,3.551912568306011,0.14444444444444443,0.14827038635484643,2,44,6,168,0.13636363636363635,3315,55,19,0.34545454545454546
31107,Knox County,NE,826,224,37,27.11864406779661,4.479418886198547,0.16517857142857142,0.1660826751883207,4,112,18,387,0.16071428571428573,8336,129,45,0.3488372093023256
31109,Lancaster County,NE,23637,5788,874,24.487033041418115,3.6975927571180778,0.15100207325501036,0.15137163114757696,5,2404,346,9060,0.14392678868552414,324756,3286,1125,0.3423615337796713
31111,Lincoln County,NE,3137,689,116,21.96365954733822,3.697800446286261,0.1683599419448476,0.16889357495965351,4,319,52,1356,0.16300940438871472,33685,448,154,0.34375
31113,Logan County,NE,65,15,2,23.076923076923077,3.076923076923077,0.13333333333333333,0.125,1,8,1,31,0.125,675,9,3,0.3333333333333333
31115,Loup County,NE,67,17,2,25.37313432835821,2.985074626865672,0.11764705882352941,0.1111111111111111,1,9,1,34,0.1111111111111111,599,11,4,0.36363636363636365
31117,McPherson County,NE,38,9,1,23.68421052631579,2.6315789473684212,0.1111111111111111,NA,NA,NA,NA,NA,NA,372,6,2,0.3333333333333333
31119,Madison County,NE,2802,600,77,21.41327623126338,2.7480371163454675,0.12833333333333333,0.12753717864173783,4,242,29,1055,0.11983471074380166,35368,404,140,0.3465346534653465
31121,Merrick County,NE,692,176,32,25.433526011560694,4.624277456647399,0.18181818181818182,0.17584318528311108,4,80,14,296,0.175,7721,105,36,0.34285714285714286
31123,Morrill County,NE,480,112,16,23.333333333333332,3.3333333333333335,0.14285714285714285,0.14226283446909196,3,53,7,212,0.1320754716981132,4527,64,22,0.34375
31125,Nance County,NE,316,57,10,18.037974683544302,3.1645569620253164,0.17543859649122806,0.1739274675617348,2,25,4,131,0.16,3326,44,15,0.3409090909090909
31127,Nemaha County,NE,615,130,19,21.13821138211382,3.089430894308943,0.14615384615384616,0.14485405346438116,4,63,9,277,0.14285714285714285,7035,88,30,0.3409090909090909
31129,Nuckolls County,NE,427,115,17,26.93208430913349,3.981264637002342,0.14782608695652175,0.14401690082700636,2,58,8,204,0.13793103448275862,4041,68,24,0.35294117647058826
31131,Otoe County,NE,1502,446,51,29.693741677762983,3.395472703062583,0.11434977578475336,0.11260733102024352,4,195,21,615,0.1076923076923077,16198,213,74,0.3474178403755869
31133,Pawnee County,NE,276,43,8,15.579710144927537,2.898550724637681,0.18604651162790697,0.1814266628869653,2,23,4,137,0.17391304347826086,2528,44,15,0.3409090909090909
31135,Perkins County,NE,249,76,13,30.522088353413654,5.220883534136546,0.17105263157894737,0.16274563498667233,2,38,6,117,0.15789473684210525,2829,41,14,0.34146341463414637
31137,Phelps County,NE,722,237,28,32.825484764542935,3.8781163434903045,0.11814345991561181,0.11961089046596093,4,105,12,298,0.11428571428571428,8988,120,42,0.35
31139,Pierce County,NE,585,131,19,22.39316239316239,3.247863247863248,0.1450381679389313,0.14576671641192093,4,59,8,246,0.13559322033898305,7332,93,32,0.34408602150537637
31141,Platte County,NE,2825,827,113,29.27433628318584,4,0.13663845223700122,0.13669000336493045,4,346,44,1108,0.12716763005780346,34296,409,141,0.34474327628361856
31143,Polk County,NE,473,109,16,23.044397463002113,3.382663847780127,0.14678899082568808,0.14081893705026363,2,52,7,210,0.1346153846153846,5166,73,25,0.3424657534246575
31145,Red Willow County,NE,935,253,32,27.058823529411764,3.4224598930481283,0.12648221343873517,0.13290233240002186,4,117,15,404,0.1282051282051282,10573,145,50,0.3448275862068966
31147,Richardson County,NE,856,201,25,23.481308411214954,2.9205607476635516,0.12437810945273632,0.12590164336022874,4,96,12,382,0.125,7705,119,41,0.3445378151260504
31149,Rock County,NE,126,21,4,16.666666666666668,3.1746031746031744,0.19047619047619047,0.21275019904005382,2,12,2,67,0.16666666666666666,1245,20,7,0.35
31151,Saline County,NE,1257,293,42,23.309466984884647,3.341288782816229,0.14334470989761092,0.14356528612452893,4,113,15,452,0.13274336283185842,14116,157,54,0.34394904458598724
31153,Sarpy County,NE,15123,4017,649,26.5621900416584,4.2914765588838195,0.161563355738113,0.1611814566231314,5,1458,225,5028,0.15432098765432098,196553,1814,624,0.3439911797133407
31155,Saunders County,NE,1916,497,67,25.93945720250522,3.4968684759916493,0.13480885311871227,0.1350336803845009,4,217,29,779,0.1336405529953917,23118,277,95,0.34296028880866425
31157,Scotts Bluff County,NE,3678,987,153,26.835236541598697,4.159869494290375,0.15501519756838905,0.15630060343306376,5,441,65,1535,0.1473922902494331,35603,462,161,0.3484848484848485
31159,Seward County,NE,1297,413,61,31.84271395528142,4.703161141094834,0.14769975786924938,0.1487172737137442,4,183,26,532,0.14207650273224043,17692,205,71,0.3463414634146341
31161,Sheridan County,NE,541,139,22,25.693160813308687,4.066543438077634,0.15827338129496402,0.1613473450891868,4,70,11,256,0.15714285714285714,4996,81,28,0.345679012345679
31163,Sherman County,NE,310,98,14,31.612903225806452,4.516129032258065,0.14285714285714285,0.1464299038812777,2,51,7,151,0.13725490196078433,2980,48,17,0.3541666666666667
31165,Sioux County,NE,126,32,5,25.396825396825395,3.9682539682539684,0.15625,0.14475501904316893,2,17,2,62,0.11764705882352941,1127,21,7,0.3333333333333333
31167,Stanton County,NE,498,89,16,17.8714859437751,3.21285140562249,0.1797752808988764,0.18995787342292766,3,39,7,204,0.1794871794871795,5717,74,26,0.35135135135135137
31169,Thayer County,NE,470,132,17,28.085106382978722,3.617021276595745,0.12878787878787878,0.12456365083927663,2,66,8,222,0.12121212121212122,4885,75,26,0.3466666666666667
31171,Thomas County,NE,66,22,3,33.333333333333336,4.545454545454546,0.13636363636363635,0.15384615384615385,1,13,2,38,0.15384615384615385,671,11,4,0.36363636363636365
31173,Thurston County,NE,686,205,45,29.88338192419825,6.559766763848397,0.21951219512195122,0.22155557371588683,3,80,16,238,0.2,6507,54,19,0.35185185185185186
31175,Valley County,NE,370,89,11,24.054054054054053,2.972972972972973,0.12359550561797752,0.13730437749665397,2,46,6,178,0.13043478260869565,4073,63,22,0.3492063492063492
31177,Washington County,NE,1744,381,40,21.84633027522936,2.293577981651376,0.10498687664041995,0.10589175027896597,4,165,17,707,0.10303030303030303,21167,258,88,0.34108527131782945
31179,Wayne County,NE,673,153,23,22.73402674591382,3.4175334323922733,0.1503267973856209,0.1458919916196682,4,66,9,270,0.13636363636363635,9871,107,37,0.34579439252336447
31181,Webster County,NE,321,76,14,23.67601246105919,4.361370716510903,0.18421052631578946,0.18835303484237828,2,36,6,142,0.16666666666666666,3336,46,16,0.34782608695652173
31183,Wheeler County,NE,84,21,3,25,3.5714285714285716,0.14285714285714285,0.10614447098311829,2,10,1,40,0.1,785,13,5,0.38461538461538464
31185,York County,NE,1171,266,37,22.715627668659266,3.1596925704526044,0.13909774436090225,0.14162206807226307,4,123,17,504,0.13821138211382114,14354,188,65,0.34574468085106386
32001,Churchill County,NV,2581,526,105,20.37969779155366,4.068190623789229,0.19961977186311788,0.2007651399253376,4,242,46,1108,0.19008264462809918,25843,318,109,0.34276729559748426
32003,Clark County,NV,266366,54663,11937,20.52176328810734,4.481427809855612,0.21837440316118764,0.21765871548565138,5,21224,4342,96470,0.20457972107048625,2322985,27392,9685,0.3535703855140187
32005,Douglas County,NV,5708,1420,225,24.877365101611773,3.941836019621584,0.15845070422535212,0.16222332617546148,4,775,117,2978,0.15096774193548387,49628,943,323,0.3425238600212089
32007,Elko County,NV,4969,1061,238,21.352384785671163,4.789696115918696,0.22431668237511782,0.2231873562149535,5,383,82,1654,0.21409921671018275,54046,490,169,0.3448979591836735
32009,Esmeralda County,NV,110,24,4,21.818181818181817,3.6363636363636362,0.16666666666666666,0.17936934100679905,2,13,2,54,0.15384615384615385,744,15,5,0.3333333333333333
32011,Eureka County,NV,199,42,8,21.105527638190956,4.0201005025125625,0.19047619047619047,0.17942782025925477,2,17,3,75,0.17647058823529413,1863,24,8,0.3333333333333333
32013,Humboldt County,NV,1670,381,95,22.81437125748503,5.688622754491018,0.24934383202099739,0.2532271140242342,4,154,37,630,0.24025974025974026,17272,179,62,0.3463687150837989
32015,Lander County,NV,573,149,26,26.00349040139616,4.537521815008726,0.174496644295302,0.1811567204322688,3,62,10,220,0.16129032258064516,5766,64,22,0.34375
32017,Lincoln County,NV,467,125,15,26.76659528907923,3.2119914346895073,0.12,0.12410903049847671,2,63,7,222,0.1111111111111111,4482,68,23,0.3382352941176471
32019,Lyon County,NV,6670,1535,270,23.013493253373312,4.047976011994003,0.1758957654723127,0.17725451421520738,5,735,122,3020,0.16598639455782313,61585,814,277,0.3402948402948403
32021,Mineral County,NV,594,99,21,16.666666666666668,3.5353535353535355,0.21212121212121213,0.21175459625775034,3,49,10,278,0.20408163265306123,4525,77,27,0.35064935064935066
32023,Nye County,NV,7356,1435,234,19.507884719956497,3.1810766721044046,0.16306620209059233,0.1654313212477036,5,794,124,3900,0.1561712846347607,54738,1015,349,0.3438423645320197
32027,Pershing County,NV,776,174,41,22.422680412371133,5.283505154639175,0.23563218390804597,0.23422281068728548,3,66,14,278,0.21212121212121213,6462,80,28,0.35
32029,Storey County,NV,511,119,19,23.28767123287671,3.7181996086105675,0.15966386554621848,0.16289038985221582,2,67,10,275,0.14925373134328357,4170,84,29,0.34523809523809523
32031,Washoe County,NV,45410,9774,1964,21.523893415547235,4.3250385377670115,0.20094127276447718,0.2009936701930353,5,4110,771,17847,0.18759124087591242,496745,5729,1973,0.3443882003840112
32033,White Pine County,NV,981,169,34,17.227319062181447,3.4658511722731906,0.20118343195266272,0.20182601423347482,4,72,14,391,0.19444444444444445,8788,115,40,0.34782608695652173
32510,Carson City,NV,6115,1462,241,23.90842191332788,3.9411283728536386,0.16484268125854992,0.1652083098334527,5,656,100,2602,0.1524390243902439,58130,783,270,0.3448275862068966
33001,Belknap County,NH,6468,2321,189,35.8843537414966,2.9220779220779223,0.08143041792330892,0.0816153193606418,5,1088,87,2865,0.07996323529411764,64781,958,325,0.33924843423799583
33003,Carroll County,NH,5558,1996,180,35.91219863260166,3.238575026988125,0.09018036072144289,0.09032739255106621,4,1049,93,2785,0.0886558627264061,52199,934,317,0.33940042826552463
33005,Cheshire County,NH,7051,1674,188,23.741313288895192,2.666288469720607,0.11230585424133811,0.11273046320364212,5,790,87,3123,0.11012658227848102,77350,1067,364,0.34114339268978444
33007,Coos County,NH,3433,900,116,26.21613748907661,3.37896883192543,0.1288888888888889,0.1297798679171547,4,431,54,1554,0.12529002320185614,31504,497,170,0.3420523138832998
33009,Grafton County,NH,7732,2048,261,26.487325400931194,3.3755819968960163,0.12744140625,0.1281735838024143,5,982,122,3473,0.12423625254582485,91126,1314,449,0.3417047184170472
33011,Hillsborough County,NH,39261,11203,1523,28.534678179363745,3.879167621812995,0.13594572882263678,0.13577775801806985,5,4364,565,14260,0.12946837763519706,426594,4981,1709,0.3431037944187914
33013,Merrimack County,NH,13718,3413,478,24.879720075812802,3.484472955241289,0.14005273952534428,0.1398984949056921,5,1471,200,5530,0.13596193065941536,156020,1984,677,0.34122983870967744
33015,Rockingham County,NH,29283,7745,1139,26.448792814943825,3.8896287948639143,0.14706262104583603,0.14696095023695185,5,3259,464,11562,0.14237496164467628,319424,4189,1429,0.34113153497254717
33017,Strafford County,NH,12054,2639,408,21.893147502903602,3.3847685415629667,0.15460401667298218,0.15463041941636146,5,1078,162,4562,0.150278293135436,132275,1471,503,0.3419442556084296
33019,Sullivan County,NH,4183,819,158,19.579249342577096,3.7771934018646904,0.19291819291819293,0.19386871527875071,4,386,73,1856,0.18911917098445596,43958,643,219,0.3405909797822706
34001,Atlantic County,NJ,34968,8193,1921,23.429993136582016,5.493594143216655,0.23446844867569877,0.23468207132609034,5,3435,759,13832,0.22096069868995633,275638,3992,1408,0.3527054108216433
34003,Bergen County,NJ,91654,22682,4081,24.74741964344164,4.452615270473738,0.17992240543161978,0.1798909280253969,5,8804,1487,33163,0.16890049977283053,952997,12510,4442,0.35507593924860115
34005,Burlington County,NJ,48235,12487,2365,25.88784077951695,4.903078677309008,0.18939697285176585,0.18917476733465713,5,4933,887,17863,0.17980944658422868,466103,6684,2373,0.35502692998204666
34007,Camden County,NJ,57619,15648,3272,27.157708394800327,5.6786823790763465,0.2091002044989775,0.2088726533752489,5,6091,1210,20876,0.19865375143654573,524907,6909,2457,0.3556231003039514
34009,Cape May County,NJ,11477,2461,463,21.442885771543086,4.0341552670558505,0.18813490451036163,0.19012423265865572,5,1279,231,5690,0.18060985144644254,95634,1702,584,0.34312573443008226
34011,Cumberland County,NJ,20875,5737,1205,27.482634730538923,5.772455089820359,0.21004009063970716,0.20953647075207435,5,2201,432,7509,0.19627442071785553,151356,1912,677,0.3540794979079498
34013,Essex County,NJ,107313,33275,7833,31.00742687279267,7.299208856336138,0.23540195341848236,0.23453476276130558,5,11757,2655,34903,0.22582291400867568,849477,12172,4463,0.36666118961551103
34015,Gloucester County,NJ,31644,8015,1372,25.32865630135255,4.335735052458602,0.17117903930131004,0.17093100543218676,5,3201,526,11800,0.16432364885973133,306601,3785,1317,0.3479524438573316
34017,Hudson County,NJ,90251,22584,5906,25.02354544547983,6.543971811946682,0.26151257527453065,0.2609927442605948,5,7819,1979,28236,0.2531014196188771,703366,7316,2653,0.3626298523783488
34019,Hunterdon County,NJ,10892,2750,465,25.247888358428206,4.269188395152406,0.1690909090909091,0.16874332855899873,5,1151,186,4290,0.16159860990443092,129777,1810,624,0.3447513812154696
34021,Mercer County,NJ,40437,10657,2041,26.354576254420458,5.0473576180230975,0.1915173125645116,0.19106805466610888,5,3971,713,13982,0.1795517501888693,380688,5098,1825,0.35798352295017655
34023,Middlesex County,NJ,95781,24823,4416,25.916413484929162,4.6105177436025935,0.17789952866293357,0.17722932137076147,5,9257,1540,33132,0.1663605919844442,861418,10518,3739,0.3554858338087089
34025,Monmouth County,NJ,59997,12450,2218,20.751037551877594,3.6968515092421286,0.17815261044176706,0.1781893685919279,5,5047,861,22805,0.17059639389736478,644098,8725,3047,0.3492263610315186
34027,Morris County,NJ,44202,12419,2098,28.09601375503371,4.746391565992489,0.168934696835494,0.16879941667720816,5,4820,767,16023,0.15912863070539418,511151,6576,2305,0.35051703163017034
34029,Ocean County,NJ,65089,15760,2533,24.213000660633902,3.891594585874725,0.1607233502538071,0.1628299433356139,5,7599,1164,29610,0.15317804974338728,655735,9454,3276,0.34651999153797336
34031,Passaic County,NJ,64115,19612,4307,30.58878577555954,6.717616782344225,0.21961044258617174,0.21895793875609182,5,7338,1526,22287,0.20795857181793403,513936,6194,2216,0.3577655795931547
34033,Salem County,NJ,7473,1595,320,21.343503278469157,4.282082162451492,0.2006269592476489,0.20117724691412014,5,677,131,2967,0.1935007385524372,65117,916,321,0.35043668122270744
34035,Somerset County,NJ,33344,8448,1601,25.335892514395393,4.8014635316698655,0.1895123106060606,0.18876237248412409,5,3094,551,11340,0.17808661926308986,346875,4538,1611,0.3550022036139268
34037,Sussex County,NJ,13956,3540,649,25.36543422184007,4.650329607337346,0.18333333333333332,0.18336590648509354,5,1442,252,5363,0.17475728155339806,146084,1855,635,0.3423180592991914
34039,Union County,NJ,67771,23081,4236,34.05734016024553,6.250461111684939,0.18352757679476625,0.1826591658571026,5,8200,1427,22312,0.17402439024390243,569815,7547,2733,0.36213064793957866
34041,Warren County,NJ,10972,2773,515,25.27342325920525,4.69376594969012,0.1857194374323837,0.1858295846249947,5,1116,195,4172,0.17473118279569894,110926,1497,517,0.3453573814295257
35001,Bernalillo County,NM,73226,19284,4037,26.33490836588097,5.513069128451643,0.2093445343289774,0.20962042631562025,5,7919,1568,27897,0.19800479858568001,672508,8154,2876,0.35271032622026
35003,Catron County,NM,634,196,28,30.914826498422713,4.416403785488959,0.14285714285714285,0.14231159767158827,3,124,17,386,0.13709677419354838,3827,94,33,0.35106382978723405
35005,Chaves County,NM,8392,1634,402,19.470924690181125,4.790276453765491,0.2460220318237454,0.24632420765961957,5,656,152,3118,0.23170731707317074,63894,705,250,0.3546099290780142
35006,Cibola County,NM,4233,1217,284,28.750295298842428,6.709189699976376,0.23336072308956451,0.2330972485494816,5,500,112,1598,0.224,26950,320,115,0.359375
35007,Colfax County,NM,1903,339,71,17.813977929584865,3.7309511297950606,0.20943952802359883,0.21347248945632258,4,174,35,929,0.20114942528735633,12246,214,76,0.35514018691588783
35009,Curry County,NM,5059,1247,231,24.649140146273968,4.566119786519075,0.18524458700882118,0.18563816866701235,5,480,84,1787,0.175,47532,457,161,0.3522975929978118
35011,De Baca County,NM,279,71,16,25.448028673835125,5.734767025089606,0.22535211267605634,0.2193077535507858,2,39,8,143,0.20512820512820512,1693,28,10,0.35714285714285715
35013,Dona Ana County,NM,27818,7863,1600,28.265871018764827,5.7516715795528075,0.20348467506040951,0.20484081055164316,5,3380,651,11069,0.192603550295858,223337,2477,881,0.3556721840936617
35015,Eddy County,NM,7515,1435,352,19.095143047238857,4.683965402528277,0.24529616724738676,0.2451415324735486,5,563,132,2711,0.2344582593250444,60400,616,217,0.3522727272727273
35017,Grant County,NM,4114,1140,213,27.71025765678172,5.177442877977637,0.1868421052631579,0.19030406608253408,4,621,110,2131,0.17713365539452497,27686,495,174,0.3515151515151515
35019,Guadalupe County,NM,841,221,50,26.278240190249704,5.9453032104637336,0.22624434389140272,0.22819982380950826,4,99,22,349,0.2222222222222222,4310,60,22,0.36666666666666664
35021,Harding County,NM,127,46,8,36.22047244094488,6.299212598425197,0.17391304347826086,0.18212009553922584,2,25,4,66,0.16,628,16,6,0.375
35023,Hidalgo County,NM,648,176,32,27.160493827160494,4.938271604938271,0.18181818181818182,0.1899130508604294,3,84,15,290,0.17857142857142858,4003,59,21,0.3559322033898305
35025,Lea County,NM,8378,1985,536,23.693005490570542,6.397708283599904,0.2700251889168766,0.2683507090516227,5,667,169,2587,0.25337331334332835,72452,611,215,0.3518821603927987
35027,Lincoln County,NM,2895,655,147,22.625215889464595,5.077720207253886,0.22442748091603054,0.2308449496908564,4,355,75,1506,0.2112676056338028,20411,374,129,0.3449197860962567
35028,Los Alamos County,NM,1355,244,44,18.00738007380074,3.2472324723247232,0.18032786885245902,0.18137479774298698,4,102,17,528,0.16666666666666666,19187,235,82,0.34893617021276596
35029,Luna County,NM,3794,1014,219,26.72641012124407,5.77227200843437,0.21597633136094674,0.21903502473508912,5,484,98,1698,0.2024793388429752,25749,340,121,0.3558823529411765
35031,McKinley County,NM,13215,3794,799,28.709799470298904,6.046159667045025,0.2105956773853453,0.21028652931888928,5,1459,300,4606,0.20562028786840303,69830,670,242,0.3611940298507463
35033,Mora County,NM,965,346,46,35.854922279792746,4.766839378238342,0.1329479768786127,0.13624320184555982,4,180,23,476,0.12777777777777777,4169,80,29,0.3625
35035,Otero County,NM,8488,1857,337,21.87794533459001,3.970311027332705,0.18147549811523964,0.18265476760093177,5,801,137,3398,0.17103620474406991,68823,803,282,0.35118306351183065
35037,Quay County,NM,1376,477,79,34.6656976744186,5.741279069767442,0.16561844863731656,0.17102186043990913,4,246,39,673,0.15853658536585366,8546,141,49,0.3475177304964539
35039,Rio Arriba County,NM,7389,1686,482,22.81770198944377,6.523210177290567,0.2858837485172005,0.28796923427180593,5,761,210,3102,0.2759526938239159,40048,579,210,0.3626943005181347
35041,Roosevelt County,NM,1999,513,112,25.662831415707853,5.602801400700351,0.21832358674463936,0.21802158148848796,4,216,44,774,0.2037037037037037,18934,189,66,0.3492063492063492
35043,Sandoval County,NM,17986,4523,1059,25.147336817524742,5.887912821083065,0.23413663497678533,0.23488177429781112,5,1979,436,7346,0.2203132895401718,153501,1972,689,0.34939148073022314
35045,San Juan County,NM,15486,4403,986,28.4321322484825,6.367041198501872,0.22393822393822393,0.22415644739202356,5,1792,383,5789,0.21372767857142858,120418,1336,471,0.35254491017964074
35047,San Miguel County,NM,5505,1936,333,35.16802906448683,6.049046321525886,0.17200413223140495,0.17279803419982162,5,914,151,2457,0.1652078774617068,26953,433,156,0.36027713625866054
35049,Santa Fe County,NM,19225,3818,840,19.85955786736021,4.369310793237972,0.22001047668936616,0.2230357276466361,5,1905,391,9148,0.205249343832021,155664,2597,906,0.34886407393145935
35051,Sierra County,NM,1908,426,73,22.32704402515723,3.8259958071278826,0.17136150234741784,0.17704279589222047,4,251,41,1079,0.16334661354581673,11436,246,86,0.34959349593495936
35053,Socorro County,NM,2600,682,170,26.23076923076923,6.538461538461538,0.24926686217008798,0.25220251556598894,4,319,76,1135,0.23824451410658307,16115,215,76,0.35348837209302325
35055,Taos County,NM,5583,1507,394,26.992656277986747,7.057137739566541,0.26144658261446585,0.26510363804030296,5,776,193,2732,0.24871134020618557,34580,625,222,0.3552
35057,Torrance County,NM,2159,543,129,25.150532654006483,5.974988420565077,0.23756906077348067,0.24169396121446832,4,257,58,966,0.22568093385214008,15454,221,77,0.34841628959276016
35059,Union County,NM,537,176,33,32.774674115456236,6.145251396648045,0.1875,0.18555993847370836,3,79,14,227,0.17721518987341772,3980,58,20,0.3448275862068966
35061,Valencia County,NM,11960,3112,755,26.02006688963211,6.312709030100335,0.24260925449871465,0.24342365943827324,5,1338,309,4801,0.23094170403587444,78080,977,347,0.35516888433981575
36001,Albany County,NY,28325,7460,1280,26.337157987643426,4.518976169461606,0.17158176943699732,0.17227710419907746,5,3156,515,11152,0.16318124207858048,315811,4107,1437,0.34989043097151207
36003,Allegany County,NY,4536,801,106,17.658730158730158,2.3368606701940036,0.132334581772784,0.13150398303950675,5,380,49,2017,0.12894736842105264,46694,593,203,0.342327150084317
36005,Bronx County,NY,242795,71016,16880,29.249366749727137,6.952367223377746,0.23769291427283992,0.23743609281065492,5,25772,5940,80384,0.23048269439702002,1379946,19102,7106,0.37200293163019577
36007,Broome County,NY,19541,3279,604,16.7801033723965,3.0909370042474795,0.18420250076242756,0.18591111938999313,5,1458,259,8118,0.1776406035665295,197117,2651,922,0.3477932855526217
36009,Cattaraugus County,NY,8189,1545,248,18.86677249969471,3.028452802539993,0.16051779935275082,0.1609946509485045,5,709,111,3521,0.15655853314527504,76439,1004,343,0.34163346613545814
36011,Cayuga County,NY,8216,2469,513,30.05111976630964,6.2439143135345665,0.2077764277035237,0.20858313022012104,5,1093,219,3430,0.20036596523330283,74998,1036,356,0.3436293436293436
36013,Chautauqua County,NY,14043,3793,578,27.009898169906716,4.115929644662821,0.1523859741629317,0.15344854639020572,5,1730,254,6019,0.14682080924855492,126027,1740,598,0.34367816091954023
36015,Chemung County,NY,8598,1819,278,21.156082809955805,3.233310072109793,0.15283122594832327,0.15340629781590898,5,801,118,3554,0.14731585518102372,81426,1098,378,0.3442622950819672
36017,Chenango County,NY,5021,1424,183,28.360884285998804,3.6446922923720373,0.12851123595505617,0.128659868433981,5,662,83,2193,0.12537764350453173,46458,653,224,0.3430321592649311
36019,Clinton County,NY,7164,1395,251,19.472361809045225,3.5036292573981016,0.17992831541218637,0.18071101490155944,5,591,102,2857,0.17258883248730963,78753,989,339,0.34277047522750254
36021,Columbia County,NY,6737,1917,262,28.45480184058186,3.888971352233932,0.1366718831507564,0.13767100182433809,5,926,122,3081,0.13174946004319654,61286,1029,355,0.34499514091350825
36023,Cortland County,NY,4173,963,163,23.076923076923077,3.9060627845674576,0.16926272066458983,0.1684998412694429,5,420,69,1694,0.16428571428571428,46126,518,177,0.3416988416988417
36025,Delaware County,NY,5144,1292,179,25.116640746500778,3.479782270606532,0.13854489164086686,0.13976251130977446,4,651,88,2449,0.13517665130568357,44740,732,251,0.34289617486338797
36027,Dutchess County,NY,29635,6502,1163,21.94027332545976,3.924413700016872,0.1788680406028914,0.17902121417092773,5,2596,436,11183,0.1679506933744222,297545,4146,1454,0.3506994693680656
36029,Erie County,NY,95966,23847,4173,24.84942583831774,4.348415063668383,0.17499056485092465,0.1755348644371244,5,10142,1703,38106,0.1679155985012818,950312,13061,4565,0.34951381976877727
36031,Essex County,NY,3989,940,185,23.564803208824266,4.637753823013287,0.19680851063829788,0.19924460404817484,4,450,85,1811,0.18888888888888888,36910,597,205,0.34338358458961477
36033,Franklin County,NY,4895,1053,206,21.511746680286006,4.208375893769152,0.1956315289648623,0.1956250922909453,5,433,80,1896,0.18475750577367206,46373,597,205,0.34338358458961477
36035,Fulton County,NY,5714,1080,181,18.900945047252364,3.167658382919146,0.1675925925925926,0.1683121145882407,5,479,78,2382,0.162839248434238,52669,715,245,0.34265734265734266
36037,Genesee County,NY,6031,1481,239,24.556458298789586,3.962858564085558,0.16137744767049292,0.16189250126556706,5,634,99,2421,0.15615141955835962,57535,773,267,0.34540750323415265
36039,Greene County,NY,5503,1903,242,34.58113756133018,4.397601308377249,0.12716763005780346,0.12781764904446427,4,880,106,2407,0.12045454545454545,48061,746,257,0.3445040214477212
36041,Hamilton County,NY,666,139,24,20.87087087087087,3.6036036036036037,0.17266187050359713,0.1770060065745524,2,76,13,352,0.17105263157894737,5118,100,34,0.34
36043,Herkimer County,NY,6219,1688,289,27.142627432063033,4.6470493648496545,0.1712085308056872,0.17209198102034978,5,781,131,2704,0.1677336747759283,59822,837,287,0.3428912783751493
36045,Jefferson County,NY,9813,3174,306,32.344848670131455,3.11831244267808,0.09640831758034027,0.09651421428004991,5,1307,119,3734,0.09104820198928845,116637,1161,397,0.34194659776055125
36047,Kings County,NY,351089,102511,20158,29.198009621491988,5.741564104828121,0.19664231155680853,0.19702093375422086,5,40478,7755,125997,0.1915855526458817,2590516,37792,13942,0.36891405588484333
36049,Lewis County,NY,2648,666,92,25.15105740181269,3.474320241691843,0.13813813813813813,0.13882982715763034,4,297,40,1108,0.13468013468013468,26699,350,120,0.34285714285714286
36051,Livingston County,NY,6241,1374,236,22.015702611760936,3.781445281204935,0.1717612809315866,0.17165388724816152,5,601,99,2572,0.16472545757071547,61516,793,271,0.3417402269861286
36053,Madison County,NY,6552,1643,261,25.076312576312578,3.9835164835164836,0.1588557516737675,0.15849028110945582,5,737,114,2761,0.1546811397557666,67097,867,296,0.3414071510957324
36055,Monroe County,NY,73759,16509,3338,22.3823533399314,4.525549424477013,0.20219274335211096,0.20285608825237345,5,6948,1336,29028,0.19228554979850315,752035,10207,3576,0.3503478005290487
36057,Montgomery County,NY,5346,1341,298,25.084175084175083,5.574261129816685,0.2222222222222222,0.22390680182562853,5,587,125,2183,0.21294718909710392,49623,625,216,0.3456
36059,Nassau County,NY,132073,30620,5490,23.184148160487002,4.1567920771088716,0.17929457870672763,0.17949329895769148,5,12168,2054,49196,0.16880341880341881,1383726,19344,6876,0.3554590570719603
36061,New York County,NY,174193,36688,6514,21.061695934968686,3.7395302911138795,0.17755124291321414,0.17843416355014685,5,15298,2606,66814,0.1703490652372859,1596273,22497,8176,0.363426234609059
36063,Niagara County,NY,24942,5678,1049,22.76481436933686,4.205757357068399,0.1847481507573089,0.18543813295614317,5,2494,447,10295,0.17923015236567763,210880,2918,1005,0.34441398217957503
36065,Oneida County,NY,23261,5812,987,24.986028115730193,4.2431537767077945,0.16982105987611837,0.17098684255864766,5,2507,406,9399,0.16194654966094935,228846,3020,1046,0.34635761589403974
36067,Onondaga County,NY,44819,10856,1870,24.22187018898235,4.17233762466811,0.17225497420781136,0.172816304308326,5,4553,751,17557,0.1649461893257193,468249,6130,2133,0.34796084828711255
36069,Ontario County,NY,10894,2621,475,24.05911510923444,4.36019827427942,0.18122853872567724,0.18253490379194476,5,1212,213,4735,0.17574257425742573,112707,1591,546,0.3431803896920176
36071,Orange County,NY,39716,11071,2064,27.87541544969282,5.1968979756269515,0.1864330232138018,0.18542843087729255,5,4060,703,13652,0.17315270935960592,405941,4528,1591,0.35136925795053003
36073,Orleans County,NY,4546,982,136,21.60140783106027,2.9916410030796303,0.1384928716904277,0.13917890084246803,4,419,56,1824,0.13365155131264916,39318,521,179,0.3435700575815739
36075,Oswego County,NY,11792,3001,409,25.449457259158752,3.4684531886024423,0.13628790403198934,0.1360936753880703,5,1258,167,4625,0.1327503974562798,118287,1391,474,0.3407620416966211
36077,Otsego County,NY,5125,1284,190,25.053658536585367,3.707317073170732,0.14797507788161993,0.14890435586345363,5,617,89,2314,0.14424635332252836,60636,808,277,0.34282178217821785
36079,Putnam County,NY,9420,2525,420,26.804670912951167,4.45859872611465,0.16633663366336635,0.16562191821977942,5,1003,155,3536,0.15453639082751744,98045,1282,443,0.3455538221528861
36081,Queens County,NY,351716,94448,19342,26.853484061003766,5.499323317676762,0.20478993732000678,0.2047463049766282,5,36849,7276,127112,0.19745447637656383,2278029,33780,12379,0.36645944345766723
36083,Rensselaer County,NY,15274,4904,776,32.10684823883724,5.080529003535419,0.15823817292006526,0.1585439366050347,5,2069,313,6023,0.1512808119864669,159853,1998,688,0.34434434434434436
36085,Richmond County,NY,51539,13177,2548,25.56704631444149,4.943828945070723,0.19336723078090612,0.1930256006866446,5,5175,944,18951,0.18241545893719807,491133,6170,2169,0.3515397082658023
36087,Rockland County,NY,30695,9415,1730,30.672748004561004,5.63609708421567,0.18374933616569306,0.18404097671265784,5,3741,652,11385,0.17428495054798182,339022,4098,1466,0.35773548072230354
36089,St. Lawrence County,NY,10602,1993,343,18.798339935861158,3.2352386342199586,0.17210235825388862,0.17261978536259712,5,872,145,4340,0.16628440366972477,107733,1307,447,0.34200459066564654
36091,Saratoga County,NY,21250,5382,763,25.327058823529413,3.590588235294118,0.14176885916016352,0.14194914966430447,5,2335,319,8621,0.1366167023554604,238797,3119,1069,0.34273805706957355
36093,Schenectady County,NY,15756,3690,678,23.41964965727342,4.303122619954303,0.183739837398374,0.1844272388448462,5,1492,258,5972,0.17292225201072386,160093,2039,711,0.34870034330554195
36095,Schoharie County,NY,3247,1098,190,33.815829996920236,5.851555281798583,0.17304189435336975,0.17356140877117804,4,533,90,1486,0.16885553470919323,30063,444,152,0.34234234234234234
36097,Schuyler County,NY,1941,363,62,18.701700154559507,3.194229778464709,0.17079889807162535,0.16842671691277739,4,169,28,854,0.16568047337278108,17650,256,87,0.33984375
36099,Seneca County,NY,3530,768,131,21.756373937677054,3.7110481586402266,0.17057291666666666,0.17188356764393262,4,348,57,1512,0.16379310344827586,32882,446,152,0.34080717488789236
36101,Steuben County,NY,9610,2200,304,22.892819979188346,3.163371488033299,0.13818181818181818,0.13854781794217988,5,994,134,4071,0.13480885311871227,92599,1242,427,0.3438003220611916
36103,Suffolk County,NY,146158,35572,6092,24.338045129243696,4.168092064751844,0.17125829303946924,0.17094121954074198,5,13737,2195,53121,0.1597874353934629,1525465,19840,6948,0.3502016129032258
36105,Sullivan County,NY,9181,2328,408,25.35671495479795,4.443960352902734,0.17525773195876287,0.17577231958195305,5,998,164,3733,0.16432865731462926,79658,1060,367,0.3462264150943396
36107,Tioga County,NY,4915,973,136,19.796541200406917,2.7670396744659205,0.1397738951695786,0.14007445297509302,5,443,61,2100,0.13769751693002258,47772,674,231,0.3427299703264095
36109,Tompkins County,NY,8273,2677,286,32.35827390305814,3.4570288891575003,0.10683601045946955,0.10771888005453609,5,1182,122,3348,0.10321489001692047,104777,1109,382,0.34445446348061315
36111,Ulster County,NY,19708,4874,815,24.731073675664703,4.13537649685407,0.16721378744357818,0.16816448012370042,5,2116,336,8065,0.15879017013232513,182319,2604,901,0.3460061443932412
36113,Warren County,NY,6439,1733,226,26.914117098928404,3.509861779779469,0.13040969417195614,0.1308658112780359,5,831,106,2913,0.12755716004813478,65599,985,336,0.3411167512690355
36115,Washington County,NY,6218,1678,253,26.986169186233514,4.068832422000643,0.15077473182359952,0.15188924406747117,5,743,108,2596,0.14535666218034993,60841,843,289,0.3428232502965599
36117,Wayne County,NY,9706,2008,442,20.688234082011128,4.553884195343087,0.2201195219123506,0.22054272941782765,5,885,189,4021,0.2135593220338983,91125,1240,426,0.3435483870967742
36119,Westchester County,NY,98084,24730,4627,25.21308266383916,4.717385098487011,0.18710068742418115,0.18717922622720926,5,9499,1672,35208,0.1760185282661333,990427,14130,5079,0.35944798301486197
36121,Wyoming County,NY,4327,984,164,22.74092905015022,3.7901548416917032,0.16666666666666666,0.1680539583223939,4,415,65,1732,0.1566265060240964,39666,521,177,0.3397312859884837
36123,Yates County,NY,2328,496,77,21.305841924398624,3.3075601374570445,0.15524193548387097,0.15848191507848977,4,246,38,1084,0.15447154471544716,24451,331,113,0.3413897280966767
37001,Alamance County,NC,20506,5307,991,25.880230176533697,4.832731883351214,0.1867345016016582,0.1867992574373283,5,2150,380,7782,0.17674418604651163,176353,2434,861,0.35373870172555466
37003,Alexander County,NC,4205,929,156,22.092746730083235,3.7098692033293696,0.16792249730893433,0.16880948131298107,4,420,68,1790,0.1619047619047619,36512,506,175,0.3458498023715415
37005,Alleghany County,NC,1470,415,42,28.231292517006803,2.857142857142857,0.10120481927710843,0.0991448117045168,4,216,21,728,0.09722222222222222,11185,194,67,0.34536082474226804
37007,Anson County,NC,3639,1147,269,31.519648255015113,7.392140697993955,0.23452484742807322,0.23559189441975656,4,500,113,1490,0.226,22202,419,153,0.36515513126491644
37009,Ashe County,NC,3244,1173,122,36.159062885326755,3.76078914919852,0.10400682011935208,0.10536506694810369,4,598,60,1571,0.10033444816053512,27110,450,154,0.3422222222222222
37011,Avery County,NC,2144,449,75,20.942164179104477,3.498134328358209,0.16703786191536749,0.1682320204739975,4,206,32,938,0.1553398058252427,17571,260,89,0.3423076923076923
37013,Beaufort County,NC,6169,2018,319,32.71194683092884,5.171016372183498,0.15807730426164518,0.15972357865878167,5,1001,153,2906,0.15284715284715283,44272,831,294,0.35379061371841153
37015,Bertie County,NC,3534,909,249,25.72156196943973,7.045840407470289,0.2739273927392739,0.2764151941192515,4,429,115,1575,0.2680652680652681,17240,433,162,0.3741339491916859
37017,Bladen County,NC,4911,1366,252,27.81510893911627,5.131337813072694,0.18448023426061494,0.18535043982212512,5,665,120,2249,0.18045112781954886,29446,584,211,0.3613013698630137
37019,Brunswick County,NC,20797,5835,728,28.056931288166563,3.5005048805116123,0.124764353041988,0.126139012759262,5,3313,398,11411,0.12013281014186537,153064,3080,1046,0.3396103896103896
37021,Buncombe County,NC,27613,6677,973,24.180639553833338,3.5237026038460146,0.14572412760221656,0.14674477557713106,5,3090,433,11950,0.1401294498381877,273589,3831,1321,0.3448185852257896
37023,Burke County,NC,11117,2073,380,18.647117027975174,3.4181883601691103,0.18330921369995176,0.18337795269970966,5,922,162,4651,0.175704989154013,87881,1295,449,0.3467181467181467
37025,Cabarrus County,NC,22348,5258,806,23.527832468229818,3.6065867191695005,0.15329022441993154,0.15227873444114257,5,1867,267,7369,0.14301017675415104,235797,2674,939,0.3511593118922962
37027,Caldwell County,NC,10113,1841,353,18.2042915059824,3.490556709186196,0.19174361759913092,0.1913731389618624,5,836,154,4331,0.18421052631578946,80492,1125,387,0.344
37029,Camden County,NC,1170,371,57,31.70940170940171,4.871794871794871,0.15363881401617252,0.15074939372041282,4,155,23,448,0.14838709677419354,11088,141,49,0.3475177304964539
37031,Carteret County,NC,8121,1495,260,18.40906292328531,3.201576160571358,0.17391304347826086,0.17456650494089887,5,744,125,3844,0.16801075268817203,69380,1178,404,0.34295415959252973
37033,Caswell County,NC,3714,1074,198,28.91760904684976,5.331179321486268,0.18435754189944134,0.18524282153633123,4,515,94,1663,0.1825242718446602,22614,451,163,0.3614190687361419
37035,Catawba County,NC,18434,3323,612,18.026472821959423,3.3199522621243354,0.18417092988263617,0.18435810884620057,5,1410,246,7345,0.17446808510638298,163462,2145,743,0.3463869463869464
37037,Chatham County,NC,8488,2173,446,25.60084825636192,5.254476908576814,0.2052462034054303,0.20734780168140024,5,1053,206,3896,0.1956315289648623,79864,1426,502,0.3520336605890603
37039,Cherokee County,NC,4220,855,141,20.260663507109005,3.3412322274881516,0.1649122807017544,0.16880001610574438,4,477,77,2246,0.16142557651991615,29512,547,187,0.34186471663619744
37041,Chowan County,NC,2037,695,124,34.11880216003927,6.0873834069710355,0.17841726618705037,0.18028436778088328,4,346,60,958,0.17341040462427745,13940,288,104,0.3611111111111111
37043,Clay County,NC,1531,353,45,23.056825604180275,2.939255388634879,0.1274787535410765,0.12931471151465038,4,202,25,837,0.12376237623762376,11614,224,76,0.3392857142857143
37045,Cleveland County,NC,12806,3094,594,24.160549742308294,4.638450726222083,0.19198448610213317,0.19231772364483551,5,1372,254,5340,0.18513119533527697,100670,1449,507,0.3498964803312629
37047,Columbus County,NC,7121,2167,315,30.431119224827974,4.423536020221879,0.14536225196123673,0.14601478655924127,5,992,140,3055,0.14112903225806453,49885,853,307,0.35990621336459555
37049,Craven County,NC,10995,3290,539,29.92269213278763,4.902228285584356,0.16382978723404254,0.16554121545656464,5,1560,244,4895,0.1564102564102564,100874,1548,545,0.3520671834625323
37051,Cumberland County,NC,38417,10535,2132,27.422755550927974,5.549626467449306,0.20237304224015187,0.20244452491706405,5,4023,788,13386,0.19587372607506837,336699,4286,1555,0.36280914605692954
37053,Currituck County,NC,3155,776,116,24.595879556259906,3.676703645007924,0.14948453608247422,0.1510036784824421,4,320,47,1222,0.146875,31015,373,127,0.34048257372654156
37055,Dare County,NC,4136,945,176,22.84816247582205,4.25531914893617,0.18624338624338624,0.18629599780188852,4,447,80,1859,0.1789709172259508,37956,565,191,0.3380530973451327
37057,Davidson County,NC,20161,5005,956,24.825157482267745,4.7418282823272655,0.19100899100899102,0.19145754231532086,5,2132,389,8074,0.1824577861163227,172586,2338,813,0.34773310521813516
37059,Davie County,NC,4647,1440,199,30.987734021949645,4.282332687755541,0.13819444444444445,0.13802619426602744,5,656,87,1995,0.1326219512195122,44090,662,230,0.3474320241691843
37061,Duplin County,NC,7098,2329,437,32.81205973513666,6.156663848971541,0.18763417775869473,0.18905359571912064,5,1034,186,2940,0.17988394584139264,48990,805,291,0.36149068322981365
37063,Durham County,NC,35456,9616,2312,27.120938628158846,6.520758122743683,0.240432612312812,0.23985695751010114,5,3637,834,12363,0.2293098707726148,332680,4523,1625,0.35927481759893876
37065,Edgecombe County,NC,8957,3049,571,34.04041531762867,6.374902311041644,0.1872745162348311,0.1882631330200238,5,1405,257,3872,0.18291814946619217,48301,1016,373,0.3671259842519685
37067,Forsyth County,NC,42047,14388,3035,34.21885033414988,7.218113063952244,0.21093967194884627,0.21086264866575685,5,5797,1161,15847,0.20027600483008454,389157,5464,1940,0.35505124450951686
37069,Franklin County,NC,8995,2890,551,32.128960533629794,6.125625347415231,0.1906574394463668,0.1908189555229369,5,1179,218,3429,0.18490245971162,74539,1091,388,0.3556370302474794
37071,Gaston County,NC,27893,7487,1070,26.841859964865737,3.8360879073602696,0.1429143849338854,0.14245338180334047,5,2961,400,10352,0.13508949679162446,234215,3010,1053,0.34983388704318935
37073,Gates County,NC,1647,490,83,29.751062537947785,5.0394656952034005,0.16938775510204082,0.16839152255166212,4,223,37,704,0.16591928251121077,10383,207,76,0.3671497584541063
37075,Graham County,NC,1033,266,40,25.750242013552757,3.872216844143272,0.15037593984962405,0.14815443818705046,4,133,19,483,0.14285714285714285,7980,119,41,0.3445378151260504
37077,Granville County,NC,8639,3011,715,34.853571015163794,8.276420882046533,0.2374626369976752,0.23736513171955095,5,1222,281,3274,0.22995090016366612,61903,998,360,0.36072144288577157
37079,Greene County,NC,3130,1362,185,43.51437699680511,5.9105431309904155,0.13582966226138032,0.13602384658321312,4,556,73,1199,0.13129496402877697,20211,321,115,0.3582554517133956
37081,Guilford County,NC,61077,18287,3926,29.94089428098957,6.427951602076068,0.21468802974790835,0.21427528343718324,5,7132,1446,22267,0.20274817722938868,546101,7708,2753,0.3571613907628438
37083,Halifax County,NC,8851,3066,776,34.64015365495424,8.767370918540278,0.2530984996738421,0.25374540656451094,5,1404,345,3826,0.24572649572649571,47848,1026,377,0.36744639376218324
37085,Harnett County,NC,14754,5346,1108,36.23424156161041,7.509827843296733,0.20725776281331837,0.20652678645635847,5,1996,393,5101,0.1968937875751503,138832,1594,562,0.35257214554579674
37087,Haywood County,NC,7225,1413,177,19.557093425605537,2.449826989619377,0.12526539278131635,0.12629414023309374,5,708,86,3415,0.12146892655367232,62609,983,337,0.34282807731434384
37089,Henderson County,NC,13848,3023,515,21.829867128827267,3.71894858463316,0.17036056897122065,0.17248623870171237,5,1550,251,6738,0.16193548387096773,118106,1952,671,0.34375
37091,Hertford County,NC,4007,835,221,20.838532568005988,5.515348140753681,0.26467065868263473,0.2669321293869967,5,377,98,1708,0.259946949602122,20875,464,172,0.3706896551724138
37093,Hoke County,NC,7255,2068,448,28.50447966919366,6.175051688490696,0.21663442940038685,0.2158808345378755,5,709,150,2267,0.21156558533145275,53787,646,233,0.3606811145510836
37095,Hyde County,NC,747,223,36,29.852744310575638,4.819277108433735,0.16143497757847533,0.1627032062626335,3,107,17,337,0.1588785046728972,4576,84,30,0.35714285714285715
37097,Iredell County,NC,19927,5148,808,25.8342951773975,4.054800020073268,0.15695415695415696,0.15640130357793947,5,2030,303,7338,0.14926108374384237,195897,2451,854,0.3484292125662995
37099,Jackson County,NC,4786,979,220,20.455495194316757,4.596740493104889,0.2247191011235955,0.22622688207131367,5,480,104,2193,0.21666666666666667,42955,553,189,0.34177215189873417
37101,Johnston County,NC,24689,6791,1165,27.50617683988821,4.7187006359107295,0.17155058165218673,0.17044723115104085,5,2478,402,8383,0.162227602905569,234778,2684,939,0.34985096870342774
37103,Jones County,NC,1425,505,96,35.43859649122807,6.7368421052631575,0.1900990099009901,0.1937736816502573,4,246,47,652,0.1910569105691057,9233,186,67,0.3602150537634409
37105,Lee County,NC,7864,1820,328,23.143438453713124,4.170905391658189,0.18021978021978022,0.18034748390771355,5,734,126,2964,0.17166212534059946,65476,883,312,0.35334088335220837
37107,Lenoir County,NC,8433,3569,459,42.32183090240721,5.44290288153682,0.1286074530680863,0.12878655492261043,5,1625,204,3607,0.12553846153846154,54633,1069,391,0.36576239476145933
37109,Lincoln County,NC,10466,2263,410,21.622396330976496,3.917446971144659,0.1811754308440124,0.18047455518955427,5,959,166,4174,0.17309697601668406,93095,1222,420,0.3436988543371522
37111,McDowell County,NC,5514,976,160,17.700398984403336,2.901704751541531,0.16393442622950818,0.16459355968305628,5,449,71,2390,0.15812917594654788,44753,623,214,0.3434991974317817
37113,Macon County,NC,4642,895,155,19.28048255062473,3.339077983627747,0.17318435754189945,0.1748708595735617,4,486,81,2399,0.16666666666666666,38065,656,224,0.34146341463414637
37115,Madison County,NC,2498,427,55,17.09367493995196,2.2017614091273017,0.1288056206088993,0.1266627844937785,4,208,26,1140,0.125,21768,314,107,0.34076433121019106
37117,Martin County,NC,3736,1308,267,35.01070663811563,7.146680942184155,0.20412844036697247,0.20530826858027615,4,662,134,1776,0.20241691842900303,21508,484,176,0.36363636363636365
37119,Mecklenburg County,NC,114466,36377,7496,31.779742456275226,6.548669473904915,0.20606427138026776,0.20440924139893224,5,12036,2356,34701,0.19574609504818877,1145392,13273,4732,0.356513222331048
37121,Mitchell County,NC,1846,386,61,20.910075839653306,3.304442036836403,0.15803108808290156,0.15870273974884325,4,196,30,882,0.15306122448979592,15094,234,80,0.3418803418803419
37123,Montgomery County,NC,3543,1096,165,30.93423652272086,4.657070279424217,0.15054744525547445,0.15208437593509583,4,504,72,1547,0.14285714285714285,25894,412,144,0.34951456310679613
37125,Moore County,NC,10752,2459,395,22.87016369047619,3.673735119047619,0.16063440422936154,0.1629711603705276,5,1210,185,4974,0.15289256198347106,105531,1710,602,0.352046783625731
37127,Nash County,NC,13463,3602,776,26.754809477828122,5.763945628760306,0.21543586896168795,0.2155180621759364,5,1548,319,5478,0.20607235142118863,95789,1678,604,0.3599523241954708
37129,New Hanover County,NC,21429,5038,774,23.51019646273741,3.611927761444771,0.1536323938070663,0.15385582976549683,5,2253,334,8938,0.14824678206835332,234921,3215,1120,0.3483670295489891
37131,Northampton County,NC,3831,1271,336,33.17671626207257,8.770555990602976,0.26435877261998425,0.2663716879561107,4,642,166,1840,0.2585669781931464,16779,468,174,0.3717948717948718
37133,Onslow County,NC,15872,4131,857,26.026965725806452,5.399445564516129,0.2074558218349068,0.20809577816216335,5,1559,313,5384,0.20076972418216807,207298,1689,590,0.3493191237418591
37135,Orange County,NC,12098,3414,622,28.219540419904117,5.1413456769714,0.18219097832454598,0.18214370584691258,5,1415,246,4638,0.17385159010600706,150477,1765,617,0.3495750708215297
37137,Pamlico County,NC,1848,546,92,29.545454545454547,4.978354978354979,0.1684981684981685,0.17174320763886908,4,287,46,933,0.1602787456445993,12381,271,96,0.35424354243542433
37139,Pasquotank County,NC,5413,1520,320,28.080546831701458,5.911694069831886,0.21052631578947367,0.2102078981732502,5,644,129,2159,0.20031055900621117,40938,662,239,0.3610271903323263
37141,Pender County,NC,7246,1951,389,26.92520011040574,5.368479160916368,0.19938493080471553,0.1994051948284351,5,842,163,2921,0.19358669833729217,65737,906,317,0.3498896247240618
37143,Perquimans County,NC,1983,620,116,31.265758951084216,5.849722642460918,0.1870967741935484,0.1886605157043212,4,320,57,980,0.178125,13210,269,96,0.35687732342007433
37145,Person County,NC,5349,2267,363,42.38175359880351,6.786315199102636,0.16012351124834584,0.15956834958094548,5,1015,158,2257,0.15566502463054188,39386,675,240,0.35555555555555557
37147,Pitt County,NC,17250,5024,917,29.12463768115942,5.315942028985507,0.18252388535031847,0.18259316566760117,5,2036,360,6429,0.17681728880157171,173542,2311,827,0.35785374296841194
37149,Polk County,NC,2622,630,103,24.02745995423341,3.9282990083905416,0.1634920634920635,0.16797117599461003,4,338,54,1334,0.15976331360946747,19986,401,140,0.3491271820448878
37151,Randolph County,NC,16347,3714,551,22.719765094512756,3.3706490487551233,0.14835756596661281,0.14838983733888533,5,1556,218,6450,0.14010282776349614,146043,1858,641,0.344994617868676
37153,Richmond County,NC,5912,1192,207,20.16238159675237,3.5013531799729365,0.17365771812080538,0.1729115472482322,5,513,85,2389,0.16569200779727095,42778,659,235,0.3566009104704097
37155,Robeson County,NC,21029,5751,1036,27.347948071710494,4.926530029958629,0.18014258389845245,0.17987323208783038,5,2387,418,8062,0.17511520737327188,116663,1586,574,0.3619167717528373
37157,Rockingham County,NC,12663,3566,604,28.160783384663983,4.769801784727158,0.1693774537296691,0.1697192314222402,5,1597,261,5354,0.16343143393863493,91957,1491,526,0.3527833668678739
37159,Rowan County,NC,17504,4234,707,24.188756855575868,4.039076782449726,0.16698157770429853,0.1673280959746477,5,1781,284,6916,0.15946097697922515,149645,2027,709,0.34977799703996054
37161,Rutherford County,NC,8083,2273,512,28.12074724730917,6.334281826054682,0.22525296964364278,0.2266662328757758,5,1066,231,3592,0.21669793621013134,64963,982,340,0.34623217922606925
37163,Sampson County,NC,8344,2229,499,26.713806327900286,5.980345158197507,0.22386720502467475,0.22496297750108762,5,966,209,3372,0.2163561076604555,59120,908,326,0.3590308370044053
37165,Scotland County,NC,5235,1286,242,24.565425023877747,4.622731614135626,0.18818040435458788,0.18879440305607623,5,572,105,2164,0.18356643356643357,34162,561,202,0.3600713012477718
37167,Stanly County,NC,6927,1810,206,26.12963764977624,2.973870362350224,0.1138121546961326,0.11415468601343357,5,807,88,2904,0.1090458488228005,64153,851,294,0.345475910693302
37169,Stokes County,NC,5520,1691,304,30.634057971014492,5.507246376811594,0.1797752808988764,0.17997010248130835,5,781,137,2403,0.17541613316261204,45175,684,237,0.34649122807017546
37171,Surry County,NC,8406,2282,285,27.1472757554128,3.390435403283369,0.12489044697633654,0.12589133605580022,5,1035,124,3591,0.11980676328502415,71403,987,341,0.3454913880445795
37173,Swain County,NC,1966,514,107,26.14445574771109,5.442522889114954,0.20817120622568094,0.20984784234181533,4,228,45,806,0.19736842105263158,13967,178,62,0.34831460674157305
37175,Transylvania County,NC,4022,728,120,18.10044753853804,2.9835902536051715,0.16483516483516483,0.16860831301208226,4,408,65,2140,0.15931372549019607,33355,641,221,0.34477379095163807
37177,Tyrrell County,NC,561,165,29,29.41176470588235,5.16934046345811,0.17575757575757575,0.18543166093577035,3,75,13,239,0.17333333333333334,3365,69,26,0.37681159420289856
37179,Union County,NC,22817,7550,1233,33.08936319410965,5.40386553885261,0.1633112582781457,0.16198250850456142,5,2657,411,7430,0.1546857357922469,249070,2730,956,0.35018315018315016
37181,Vance County,NC,6852,2715,566,39.62346760070052,8.260361938120257,0.20847145488029467,0.2089410116355152,5,1193,240,2828,0.20117351215423301,42138,773,280,0.36222509702457956
37183,Wake County,NC,102690,27954,5767,27.22173531989483,5.615931444152303,0.20630321242040495,0.20465987562189433,5,9584,1869,32302,0.19501252086811352,1175021,13001,4587,0.352819013922006
37185,Warren County,NC,3740,1560,276,41.711229946524064,7.379679144385027,0.17692307692307693,0.17819575896716436,4,777,134,1768,0.17245817245817247,18713,463,171,0.3693304535637149
37187,Washington County,NC,2101,814,161,38.7434554973822,7.66301761066159,0.1977886977886978,0.1994371605738417,4,408,78,1002,0.19117647058823528,10828,258,94,0.3643410852713178
37189,Watauga County,NC,4686,871,119,18.5872812633376,2.5394793000426805,0.13662456946039037,0.13711936983921036,5,403,54,2019,0.13399503722084366,55089,586,199,0.3395904436860068
37191,Wayne County,NC,15519,5961,1232,38.41098008892325,7.9386558412268835,0.20667673209193088,0.2069453305786608,5,2554,513,6176,0.20086139389193422,117286,1776,639,0.3597972972972973
37193,Wilkes County,NC,7805,1497,203,19.180012812299807,2.600896860986547,0.13560454241816966,0.1363367008720523,5,709,93,3486,0.1311706629055007,65784,982,339,0.34521384928716903
37195,Wilson County,NC,11449,2750,605,24.01956502751332,5.28430430605293,0.22,0.21991290772090247,5,1193,252,4661,0.2112321877619447,78449,1365,493,0.36117216117216117
37197,Yadkin County,NC,4327,1341,213,30.99144904090594,4.92257915414837,0.15883668903803133,0.15928085781896648,5,596,90,1812,0.15100671140939598,37463,524,181,0.34541984732824427
37199,Yancey County,NC,2304,507,93,22.005208333333332,4.036458333333333,0.1834319526627219,0.18523724888303866,4,264,47,1133,0.17803030303030304,18811,304,104,0.34210526315789475
38001,Adams County,ND,197,35,7,17.766497461928935,3.553299492385787,0.2,0.18907908205717927,2,19,3,98,0.15789473684210525,2115,38,13,0.34210526315789475
38003,Barnes County,ND,1013,261,38,25.765054294175716,3.751233958538993,0.14559386973180077,0.1486197941831753,4,125,18,456,0.144,10758,158,54,0.34177215189873417
38005,Benson County,ND,713,235,40,32.959326788218796,5.610098176718092,0.1702127659574468,0.17620316789308796,3,103,17,284,0.1650485436893204,5770,55,19,0.34545454545454546
38007,Billings County,ND,100,23,3,23,3,0.13043478260869565,0.19187277069964812,2,11,2,45,0.18181818181818182,1018,16,5,0.3125
38009,Bottineau County,ND,656,214,30,32.6219512195122,4.573170731707317,0.14018691588785046,0.14198350274650923,4,108,15,313,0.1388888888888889,6376,96,33,0.34375
38011,Bowman County,ND,261,59,8,22.60536398467433,3.0651340996168583,0.13559322033898305,0.15013522512509012,2,29,4,119,0.13793103448275862,2894,42,15,0.35714285714285715
38013,Burke County,ND,216,60,7,27.77777777777778,3.240740740740741,0.11666666666666667,0.10933731106539937,2,28,3,95,0.10714285714285714,2155,30,10,0.3333333333333333
38015,Burleigh County,ND,7450,1735,308,23.288590604026847,4.134228187919463,0.17752161383285303,0.17791464257855955,5,739,126,2929,0.17050067658998647,99280,1153,397,0.3443191673894189
38017,Cass County,ND,11659,3147,402,26.992023329616604,3.447980101209366,0.12774070543374644,0.12763608418671976,5,1195,144,4044,0.1205020920502092,192734,1702,583,0.3425381903642773
38019,Cavalier County,ND,375,84,12,22.4,3.2,0.14285714285714285,0.14616000042577235,2,43,6,182,0.13953488372093023,3597,60,21,0.35
38021,Dickey County,ND,431,149,13,34.5707656612529,3.0162412993039442,0.087248322147651,0.08936045530866359,2,70,6,186,0.08571428571428572,4923,64,22,0.34375
38023,Divide County,ND,220,72,8,32.72727272727273,3.6363636363636362,0.1111111111111111,0.1063856801645622,2,35,4,102,0.11428571428571428,2187,34,12,0.35294117647058826
38025,Dunn County,ND,386,70,15,18.134715025906736,3.8860103626943006,0.21428571428571427,0.2244687887737278,3,29,6,149,0.20689655172413793,4015,48,17,0.3541666666666667
38027,Eddy County,ND,235,74,10,31.48936170212766,4.25531914893617,0.13513513513513514,0.13487368199538335,2,35,4,103,0.11428571428571428,2314,32,11,0.34375
38029,Emmons County,ND,364,75,13,20.604395604395606,3.5714285714285716,0.17333333333333334,0.1616800327912113,2,37,6,172,0.16216216216216217,3250,57,20,0.3508771929824561
38031,Foster County,ND,311,70,10,22.508038585209004,3.215434083601286,0.14285714285714285,0.1450686350658299,2,32,4,134,0.125,3378,50,17,0.34
38033,Golden Valley County,ND,187,51,8,27.272727272727273,4.278074866310161,0.1568627450980392,0.17936934100679905,2,26,4,90,0.15384615384615385,1744,30,11,0.36666666666666664
38035,Grand Forks County,ND,4709,1238,189,26.290082820131662,4.013590995965173,0.15266558966074315,0.15308231882036827,5,517,76,1797,0.1470019342359768,72413,679,233,0.3431516936671576
38037,Grant County,ND,268,59,9,22.01492537313433,3.3582089552238807,0.15254237288135594,0.14313632744726293,2,33,5,141,0.15151515151515152,2243,43,15,0.3488372093023256
38039,Griggs County,ND,240,66,10,27.5,4.166666666666667,0.15151515151515152,0.16465316391207496,2,37,6,127,0.16216216216216217,2252,42,15,0.35714285714285715
38041,Hettinger County,ND,235,56,7,23.829787234042552,2.978723404255319,0.125,0.12179714760349074,2,27,3,106,0.1111111111111111,2406,35,12,0.34285714285714286
38043,Kidder County,ND,249,72,14,28.91566265060241,5.622489959839357,0.19444444444444445,0.20523108494224676,2,38,7,126,0.18421052631578946,2393,38,13,0.34210526315789475
38045,LaMoure County,ND,415,124,15,29.879518072289155,3.6144578313253013,0.12096774193548387,0.11762006939359904,3,63,7,196,0.1111111111111111,4098,69,24,0.34782608695652173
38047,Logan County,ND,196,68,8,34.69387755102041,4.081632653061225,0.11764705882352941,0.11403266412757747,2,34,4,92,0.11764705882352941,1855,32,11,0.34375
38049,McHenry County,ND,531,149,24,28.060263653483993,4.519774011299435,0.1610738255033557,0.16049613341461502,3,71,11,235,0.15492957746478872,5189,70,24,0.34285714285714286
38051,McIntosh County,ND,277,94,14,33.935018050541515,5.054151624548736,0.14893617021276595,0.1553375422681959,2,46,7,127,0.15217391304347827,2475,47,17,0.3617021276595745
38053,McKenzie County,ND,1004,293,34,29.183266932270918,3.3864541832669324,0.11604095563139932,0.1184696325051874,3,98,11,304,0.11224489795918367,13908,102,35,0.3431372549019608
38055,McLean County,ND,1083,358,39,33.05632502308403,3.601108033240997,0.10893854748603352,0.10643060707291305,4,182,19,517,0.1043956043956044,9824,153,53,0.3464052287581699
38057,Mercer County,ND,804,268,29,33.333333333333336,3.6069651741293534,0.10820895522388059,0.10815336058887658,4,123,13,346,0.10569105691056911,8333,118,41,0.3474576271186441
38059,Morton County,ND,2798,1065,141,38.06290207290922,5.039313795568263,0.1323943661971831,0.13322019609001873,4,446,57,1081,0.12780269058295965,33710,373,128,0.34316353887399464
38061,Mountrail County,ND,894,282,56,31.543624161073826,6.263982102908278,0.19858156028368795,0.1983279366407683,3,99,18,286,0.18181818181818182,9290,85,29,0.3411764705882353
38063,Nelson County,ND,319,90,11,28.213166144200628,3.4482758620689653,0.12222222222222222,0.12355865529570537,2,44,5,149,0.11363636363636363,2995,50,17,0.34
38065,Oliver County,ND,195,56,8,28.71794871794872,4.102564102564102,0.14285714285714285,0.15602386639239632,2,28,4,91,0.14285714285714285,1856,28,10,0.35714285714285715
38067,Pembina County,ND,699,239,24,34.19170243204578,3.4334763948497855,0.100418410041841,0.10597659402416311,4,118,12,325,0.1016949152542373,6763,104,36,0.34615384615384615
38069,Pierce County,ND,403,90,14,22.332506203473944,3.4739454094292803,0.15555555555555556,0.1584294229802863,2,44,7,181,0.1590909090909091,3942,58,20,0.3448275862068966
38071,Ramsey County,ND,1067,281,35,26.33552014995314,3.280224929709466,0.12455516014234876,0.12279473546011892,4,128,15,452,0.1171875,11515,154,53,0.34415584415584416
38073,Ransom County,ND,525,144,18,27.428571428571427,3.4285714285714284,0.125,0.12814406249551133,4,62,7,210,0.11290322580645161,5640,82,29,0.35365853658536583
38075,Renville County,ND,231,66,9,28.571428571428573,3.896103896103896,0.13636363636363635,0.13333333333333333,2,30,4,99,0.13333333333333333,2220,30,10,0.3333333333333333
38077,Richland County,ND,1350,463,58,34.2962962962963,4.296296296296297,0.12526997840172785,0.126758827577115,4,210,26,568,0.12380952380952381,16580,211,73,0.3459715639810427
38079,Rolette County,ND,1789,527,116,29.45779765231973,6.484069312465064,0.22011385199240988,0.2188234554719456,5,195,42,599,0.2153846153846154,11933,109,39,0.3577981651376147
38081,Sargent County,ND,367,131,15,35.694822888283376,4.087193460490464,0.11450381679389313,0.11879169984000897,2,63,7,167,0.1111111111111111,3795,55,19,0.34545454545454546
38083,Sheridan County,ND,160,44,6,27.5,3.75,0.13636363636363635,0.1296083532373387,2,24,3,81,0.125,1295,28,10,0.35714285714285715
38085,Sioux County,ND,550,159,36,28.90909090909091,6.545454545454546,0.22641509433962265,0.23530643280052604,3,49,11,154,0.22448979591836735,3711,26,9,0.34615384615384615
38087,Slope County,ND,77,19,3,24.675324675324674,3.896103896103896,0.15789473684210525,0.11879169984000897,2,9,1,34,0.1111111111111111,672,12,4,0.3333333333333333
38089,Stark County,ND,2414,674,76,27.92046396023198,3.148301574150787,0.11275964391691394,0.11326599994727603,4,251,27,824,0.10756972111553785,32803,321,111,0.34579439252336447
38091,Steele County,ND,185,48,6,25.945945945945947,3.2432432432432434,0.125,0.1118504911171273,2,25,3,92,0.12,1788,28,9,0.32142857142857145
38093,Stutsman County,ND,1975,664,59,33.620253164556964,2.9873417721518987,0.08885542168674698,0.08957771071618292,4,290,25,804,0.08620689655172414,21487,280,96,0.34285714285714286
38095,Towner County,ND,231,61,8,26.406926406926406,3.463203463203463,0.13114754098360656,0.14152596131082437,2,30,4,107,0.13333333333333333,2064,34,12,0.35294117647058826
38097,Traill County,ND,667,175,23,26.23688155922039,3.4482758620689653,0.13142857142857142,0.13322148309495643,4,77,10,275,0.12987012987012986,7958,105,37,0.3523809523809524
38099,Walsh County,ND,1054,375,46,35.57874762808349,4.364326375711575,0.12266666666666666,0.12336421706425653,4,166,19,437,0.1144578313253012,10438,150,52,0.3466666666666667
38101,Ward County,ND,5084,1542,194,30.330448465774982,3.815892997639654,0.125810635538262,0.12604139963343192,5,608,73,1828,0.12006578947368421,68870,659,227,0.34446130500758726
38103,Wells County,ND,426,119,14,27.934272300469484,3.2863849765258215,0.11764705882352941,0.12112419556633967,3,61,7,205,0.11475409836065574,3930,69,24,0.34782608695652173
38105,Williams County,ND,2621,764,122,29.149179702403664,4.654711942006868,0.15968586387434555,0.15729883763379748,5,240,36,756,0.15,38109,294,101,0.3435374149659864
39001,Adams County,OH,3319,633,115,19.07200964145827,3.46489906598373,0.18167456556082148,0.1811502761892868,4,282,50,1385,0.1773049645390071,27420,325,111,0.3415384615384615
39003,Allen County,OH,11408,3199,430,28.04172510518934,3.7692847124824684,0.13441700531416068,0.13488380792241272,5,1399,181,4671,0.12937812723373837,101115,1336,465,0.34805389221556887
39005,Ashland County,OH,5143,1294,177,25.160412210771923,3.441571067470348,0.1367851622874807,0.1372744734691314,5,597,80,2215,0.13400335008375208,52181,671,230,0.34277198211624443
39007,Ashtabula County,OH,11431,2748,472,24.039891523051352,4.129122561455691,0.1717612809315866,0.17205784797075557,5,1232,204,4818,0.16558441558441558,97014,1266,433,0.3420221169036335
39009,Athens County,OH,6085,1373,197,22.56368118323747,3.23746918652424,0.1434814275309541,0.14362003041799432,5,586,83,2390,0.1416382252559727,58979,596,202,0.3389261744966443
39011,Auglaize County,OH,4567,1278,144,27.983358878913947,3.153054521567769,0.11267605633802817,0.1121418214940342,5,568,62,1897,0.10915492957746478,45948,569,195,0.3427065026362039
39013,Belmont County,OH,7982,2562,400,32.09721874216988,5.011275369581559,0.156128024980484,0.15681228338431213,5,1174,179,3443,0.1524701873935264,65509,908,310,0.34140969162995594
39015,Brown County,OH,5139,1079,197,20.996302782642537,3.833430628526951,0.18257645968489342,0.18254931809125818,5,474,85,2114,0.17932489451476794,43680,540,185,0.3425925925925926
39017,Butler County,OH,40405,9468,1377,23.432743472342533,3.4079940601410716,0.14543726235741444,0.14534617594091903,5,3784,524,15059,0.13847780126849896,388420,4434,1533,0.3457374830852503
39019,Carroll County,OH,3096,760,75,24.54780361757106,2.4224806201550386,0.09868421052631579,0.10067048650010844,4,357,35,1370,0.09803921568627451,26659,373,127,0.34048257372654156
39021,Champaign County,OH,4145,828,124,19.97587454764777,2.9915560916767188,0.1497584541062802,0.149972493400687,5,363,53,1700,0.14600550964187328,38709,488,168,0.3442622950819672
39023,Clark County,OH,16442,3048,551,18.53789076754653,3.3511738231358716,0.1807742782152231,0.18181147609190018,5,1389,244,7021,0.17566594672426206,134831,1859,646,0.3474986551909629
39025,Clermont County,OH,21669,5590,976,25.79722183764825,4.5041303244266,0.17459749552772807,0.1745837843488674,5,2386,406,8634,0.17015926236378875,210805,2515,858,0.3411530815109344
39027,Clinton County,OH,4435,1096,168,24.712514092446447,3.7880496054114996,0.15328467153284672,0.15348584290401113,5,478,72,1804,0.1506276150627615,41964,510,175,0.3431372549019608
39029,Columbiana County,OH,11877,2608,349,21.958407005135978,2.9384524711627513,0.13381901840490798,0.13426529332273604,5,1194,155,5129,0.12981574539363483,100511,1385,473,0.34151624548736464
39031,Coshocton County,OH,3980,856,99,21.507537688442213,2.487437185929648,0.11565420560747663,0.11571141993076975,5,395,45,1719,0.11392405063291139,36571,466,160,0.34334763948497854
39033,Crawford County,OH,4897,1792,212,36.593832958954465,4.329181131304881,0.11830357142857142,0.11903100438869518,5,841,97,2156,0.11533888228299644,41522,558,191,0.34229390681003585
39035,Cuyahoga County,OH,149275,46233,8251,30.971696533244014,5.527382348015408,0.1784655981658123,0.17913580127007797,5,19715,3396,59471,0.17225462845549075,1236041,19954,7171,0.35937656610203467
39037,Darke County,OH,5604,1806,241,32.226980728051394,4.300499643112063,0.13344407530454042,0.13445233680526222,5,827,108,2402,0.13059250302297462,51529,674,232,0.34421364985163205
39039,Defiance County,OH,4055,1234,172,30.431565967940813,4.241676942046856,0.1393841166936791,0.14015760909187097,5,565,76,1734,0.13451327433628318,38187,480,165,0.34375
39041,Delaware County,OH,17665,5245,662,29.69148032833286,3.7475233512595527,0.12621544327931364,0.12595572367663524,5,2015,243,6242,0.1205955334987593,226296,2398,825,0.3440366972477064
39043,Erie County,OH,8677,2195,362,25.296761553532328,4.171948830240867,0.16492027334851936,0.16626328330837756,5,1045,167,3902,0.1598086124401914,74501,1154,400,0.3466204506065858
39045,Fairfield County,OH,16090,4109,651,25.537600994406464,4.045991298943443,0.15843270868824533,0.1584017341310322,5,1635,244,6013,0.1492354740061162,162898,1902,657,0.34542586750788645
39047,Fayette County,OH,3340,835,121,25,3.622754491017964,0.14491017964071856,0.14700656862866096,4,369,52,1379,0.14092140921409213,28839,345,118,0.34202898550724636
39049,Franklin County,OH,127392,35567,5822,27.919335594071843,4.570145692037177,0.16369106193943825,0.1630202851801153,5,12849,1998,42341,0.15549848237216904,1321820,14539,5119,0.35208748882316526
39051,Fulton County,OH,4350,1226,147,28.183908045977013,3.3793103448275863,0.1199021207177814,0.12022901764408314,5,535,62,1780,0.11588785046728972,42171,525,179,0.34095238095238095
39053,Gallia County,OH,3363,1096,160,32.589949449895926,4.757656853999405,0.145985401459854,0.14674329047604967,4,503,72,1447,0.14314115308151093,29068,374,129,0.3449197860962567
39055,Geauga County,OH,8769,2125,358,24.233093853347018,4.082563576234462,0.16847058823529412,0.16872254615061713,5,985,162,3824,0.16446700507614212,95469,1346,463,0.3439821693907875
39057,Greene County,OH,16340,3939,570,24.106487148102815,3.488372093023256,0.1447067783701447,0.14524666468059658,5,1725,241,6669,0.13971014492753622,168456,2092,722,0.3451242829827916
39059,Guernsey County,OH,4273,1164,118,27.2408144161011,2.7615258600514863,0.1013745704467354,0.10168517046969622,5,539,53,1856,0.09833024118738404,38098,491,168,0.3421588594704684
39061,Hamilton County,OH,91940,28071,4565,30.53186860996302,4.965194692190559,0.16262334793915428,0.16280741376325542,5,11389,1785,34678,0.15673017824216348,825037,11264,4005,0.3555575284090909
39063,Hancock County,OH,7643,1672,216,21.87622661258668,2.826115399712155,0.1291866028708134,0.12953032427966987,5,724,90,3083,0.12430939226519337,74861,896,307,0.34263392857142855
39065,Hardin County,OH,2901,633,82,21.820062047569802,2.8266115132712857,0.12954186413902052,0.13021374400239918,4,274,35,1168,0.12773722627737227,30416,320,109,0.340625
39067,Harrison County,OH,1738,417,68,23.993095512082853,3.9125431530494823,0.1630695443645084,0.1632519006334137,4,197,32,773,0.16243654822335024,14378,204,70,0.3431372549019608
39069,Henry County,OH,2873,874,124,30.42116254785938,4.316045945005221,0.14187643020594964,0.14314537097803937,4,384,53,1183,0.13802083333333334,27512,343,118,0.34402332361516036
39071,Highland County,OH,4994,1066,179,21.34561473768522,3.5843011613936726,0.16791744840525327,0.16735262696937325,5,477,78,2085,0.16352201257861634,43391,539,185,0.3432282003710575
39073,Hocking County,OH,3276,689,93,21.03174603174603,2.838827838827839,0.13497822931785197,0.1371553545610444,4,314,42,1397,0.1337579617834395,27858,356,122,0.34269662921348315
39075,Holmes County,OH,3690,992,112,26.883468834688347,3.035230352303523,0.11290322580645161,0.11315892743284547,5,411,46,1407,0.11192214111922141,44390,421,144,0.342042755344418
39077,Huron County,OH,6132,1763,240,28.75081539465101,3.9138943248532287,0.13613159387407828,0.13575484346933928,5,762,100,2481,0.13123359580052493,58218,689,235,0.34107402031930334
39079,Jackson County,OH,3794,904,171,23.827095413811282,4.507116499736426,0.18915929203539822,0.1905701106897798,5,401,75,1570,0.18703241895261846,32586,369,125,0.33875338753387535
39081,Jefferson County,OH,7925,1902,243,24,3.0662460567823344,0.1277602523659306,0.12839053046277016,5,910,114,3570,0.12527472527472527,64330,933,321,0.3440514469453376
39083,Knox County,OH,6325,1337,200,21.138339920948617,3.1620553359683794,0.14958863126402394,0.14986531141125176,5,612,90,2702,0.14705882352941177,63183,767,262,0.34159061277705344
39085,Lake County,OH,25132,5970,966,23.754575839567085,3.843705236352061,0.16180904522613065,0.16255895826248165,5,2679,417,10617,0.15565509518477044,231842,3273,1125,0.3437213565536205
39087,Lawrence County,OH,7217,2522,378,34.9452681169461,5.237633365664403,0.14988104678826328,0.14940333766855268,5,1138,168,3045,0.14762741652021089,56653,719,246,0.34214186369958277
39089,Licking County,OH,19160,4717,777,24.61899791231733,4.055323590814196,0.16472334110663558,0.16470150098009476,5,1977,313,7506,0.15832068791097623,181359,2129,729,0.34241427900422733
39091,Logan County,OH,5123,1219,167,23.794651571344914,3.259808705836424,0.13699753896636588,0.13628159313496285,5,537,71,2120,0.13221601489757914,46040,570,194,0.34035087719298246
39093,Lorain County,OH,35312,12275,1717,34.76155414589941,4.862369732668781,0.13987780040733197,0.14033856490993596,5,5332,717,14391,0.13447111777944487,316268,4242,1470,0.3465346534653465
39095,Lucas County,OH,48360,15376,2063,31.794871794871796,4.265922249793218,0.13417013527575442,0.13436699168964816,5,6372,820,18750,0.12868801004394226,426643,5636,1978,0.35095812633073104
39097,Madison County,OH,4666,1164,235,24.946420917273898,5.036433776253751,0.20189003436426117,0.20007583804696633,5,445,84,1675,0.18876404494382024,43540,504,173,0.34325396825396826
39099,Mahoning County,OH,27367,5650,1068,20.645302736872875,3.9025103226513687,0.18902654867256638,0.19038633078357386,5,2611,477,11889,0.18268862504787436,225636,3496,1225,0.3504004576659039
39101,Marion County,OH,7535,2345,280,31.121433311214332,3.7159920371599204,0.11940298507462686,0.11918857585051615,5,990,111,3018,0.11212121212121212,64642,802,275,0.3428927680798005
39103,Medina County,OH,17363,4520,666,26.03236767839659,3.835742671197374,0.14734513274336283,0.14754777174785308,5,1972,282,7090,0.14300202839756593,183512,2348,803,0.3419931856899489
39105,Meigs County,OH,2842,796,110,28.00844475721323,3.8705137227304713,0.13819095477386933,0.13859680074844155,4,367,50,1230,0.1362397820163488,21969,291,99,0.3402061855670103
39107,Mercer County,OH,4038,1425,133,35.289747399702826,3.2937097573055967,0.09333333333333334,0.09431261527973755,5,649,60,1718,0.09244992295839753,42348,511,175,0.3424657534246575
39109,Miami County,OH,11743,3166,433,26.960742570041727,3.687303074171847,0.13676563487049906,0.13677483268580695,5,1421,188,4925,0.13230119634060522,110247,1391,477,0.34291876347951117
39111,Monroe County,OH,1664,476,76,28.60576923076923,4.5673076923076925,0.15966386554621848,0.16385069939402686,4,234,37,771,0.1581196581196581,13234,192,66,0.34375
39113,Montgomery County,OH,64400,17852,3192,27.720496894409937,4.956521739130435,0.17880349540667712,0.17956420576898835,5,7711,1328,25964,0.1722215017507457,533892,7704,2735,0.3550103842159917
39115,Morgan County,OH,1760,358,54,20.34090909090909,3.0681818181818183,0.15083798882681565,0.15440755138916054,4,168,25,775,0.1488095238095238,13668,195,67,0.3435897435897436
39117,Morrow County,OH,3880,1068,138,27.52577319587629,3.556701030927835,0.12921348314606743,0.12968732293640772,4,456,58,1548,0.12719298245614036,35339,437,149,0.34096109839816935
39119,Muskingum County,OH,9579,2214,297,23.113059818352646,3.1005324146570623,0.13414634146341464,0.13434316858487386,5,971,127,3920,0.13079299691040164,86113,1058,364,0.3440453686200378
39121,Noble County,OH,2218,578,88,26.0595130748422,3.967538322813345,0.1522491349480969,0.15310609232922037,4,301,45,1107,0.14950166112956811,14335,270,93,0.34444444444444444
39123,Ottawa County,OH,4916,1206,173,24.532139951179822,3.519121236777868,0.14344941956882257,0.14436676640671708,4,611,85,2364,0.13911620294599017,39978,657,224,0.3409436834094368
39125,Paulding County,OH,1979,593,77,29.964628600303183,3.890853966649823,0.12984822934232715,0.12878625934296037,4,270,34,846,0.1259259259259259,18757,237,81,0.34177215189873417
39127,Perry County,OH,3952,1174,152,29.706477732793523,3.8461538461538463,0.12947189097103917,0.12949251471202738,5,509,64,1604,0.12573673870333987,35480,410,139,0.33902439024390246
39129,Pickaway County,OH,6215,1166,204,18.761061946902654,3.282381335478681,0.17495711835334476,0.17532515132011972,5,463,78,2306,0.16846652267818574,60023,661,227,0.3434190620272315
39131,Pike County,OH,3383,622,114,18.38604788649128,3.369790127106119,0.1832797427652733,0.1840407659788474,4,271,49,1379,0.18081180811808117,27005,326,112,0.34355828220858897
39133,Portage County,OH,15635,3282,519,20.99136552606332,3.3194755356571792,0.15813528336380256,0.15859751265955618,5,1425,219,6345,0.15368421052631578,161745,1933,660,0.3414381789963787
39135,Preble County,OH,4505,1242,161,27.569367369589344,3.5738068812430632,0.12962962962962962,0.13075204111649794,5,566,72,1923,0.127208480565371,40596,516,176,0.34108527131782945
39137,Putnam County,OH,3356,1195,116,35.60786650774732,3.4564958283671037,0.09707112970711297,0.09671726701710737,4,519,49,1365,0.09441233140655106,34334,410,140,0.34146341463414637
39139,Richland County,OH,14651,3925,647,26.789980206129275,4.416080813596341,0.1648407643312102,0.1662142045869818,5,1769,280,6210,0.1582815149802148,125319,1692,586,0.3463356973995272
39141,Ross County,OH,9262,2089,316,22.554523860937163,3.411790110127402,0.15126854954523697,0.15110667175491177,5,866,126,3620,0.14549653579676675,76606,933,320,0.3429796355841372
39143,Sandusky County,OH,6692,2037,253,30.439330543933053,3.7806335923490737,0.12420225822287678,0.12404900875264643,5,901,108,2782,0.11986681465038845,58667,763,262,0.34338138925294887
39145,Scioto County,OH,9049,1892,311,20.90838766714554,3.4368438501491876,0.16437632135306554,0.1653589016924376,5,842,136,3756,0.16152019002375298,72194,883,303,0.3431483578708947
39147,Seneca County,OH,6009,1511,159,25.145614910966884,2.6460309535696456,0.10522832561217736,0.10567135846446556,5,674,69,2502,0.10237388724035608,54632,669,229,0.3423019431988042
39149,Shelby County,OH,4833,1621,203,33.5402441547693,4.20028967515001,0.12523133867982728,0.12446151885416683,5,683,83,1904,0.12152269399707175,47671,563,193,0.3428063943161634
39151,Stark County,OH,39677,9521,1258,23.996269879275147,3.170602616125211,0.1321289780485243,0.13271977817655767,5,4314,554,16833,0.1284191006026889,372657,5102,1764,0.3457467659741278
39153,Summit County,OH,55133,15271,2291,27.698474597790796,4.155406018174233,0.15002291925872568,0.1504263922018854,5,6580,954,22191,0.14498480243161094,535882,7531,2633,0.3496215642013013
39155,Trumbull County,OH,23905,7307,971,30.566827023635224,4.061911733946873,0.1328862734364308,0.13389794494713558,5,3446,446,10611,0.1294254207777133,200643,2973,1030,0.34645139589640095
39157,Tuscarawas County,OH,9508,2034,256,21.39251156920488,2.6924694993689524,0.12586037364798427,0.12595762433507451,5,927,114,4056,0.12297734627831715,91937,1180,404,0.3423728813559322
39159,Union County,OH,5850,1732,304,29.60683760683761,5.196581196581197,0.17551963048498845,0.17388003815994307,5,619,103,1919,0.16639741518578352,66898,634,217,0.3422712933753943
39161,Van Wert County,OH,2996,1038,94,34.64619492656876,3.137516688918558,0.0905587668593449,0.09095322825713653,4,476,42,1284,0.08823529411764706,28769,363,124,0.3415977961432507
39163,Vinton County,OH,1605,385,63,23.98753894080997,3.925233644859813,0.16363636363636364,0.16038289226119842,4,167,27,652,0.16167664670658682,12565,154,52,0.33766233766233766
39165,Warren County,OH,22695,5818,820,25.635602555628992,3.6131306455166334,0.14094190443451357,0.14050026192841122,5,2228,297,8050,0.13330341113105926,249778,2710,930,0.34317343173431736
39167,Washington County,OH,6827,1455,216,21.31243591621503,3.163908012304087,0.14845360824742268,0.14983548865541718,5,693,101,3046,0.14574314574314573,58901,826,283,0.34261501210653755
39169,Wayne County,OH,11175,3053,365,27.319910514541387,3.266219239373602,0.11955453652145431,0.11997483268371842,5,1389,162,4746,0.11663066954643629,116559,1410,483,0.3425531914893617
39171,Williams County,OH,3852,1245,147,32.320872274143305,3.8161993769470404,0.1180722891566265,0.11887621547734921,4,559,64,1621,0.11449016100178891,36652,472,162,0.3432203389830508
39173,Wood County,OH,11909,3416,427,28.684188428919306,3.5855235536149133,0.125,0.12560247447887865,5,1463,177,4730,0.12098427887901572,131592,1400,478,0.3414285714285714
39175,Wyandot County,OH,2356,586,75,24.872665534804753,3.1833616298811545,0.12798634812286688,0.12912305704319224,4,265,33,1000,0.12452830188679245,21567,283,97,0.34275618374558303
40001,Adair County,OK,2898,827,147,28.536922015182885,5.072463768115942,0.1777509068923821,0.17751895797841213,5,337,56,1077,0.1661721068249258,19576,212,74,0.3490566037735849
40003,Alfalfa County,OK,674,230,30,34.124629080118694,4.451038575667655,0.13043478260869565,0.13137293869425545,4,92,11,256,0.11956521739130435,5637,71,25,0.352112676056338
40005,Atoka County,OK,1806,319,60,17.663344407530452,3.3222591362126246,0.18808777429467086,0.1964505697533707,4,147,27,774,0.1836734693877551,14262,181,63,0.34806629834254144
40007,Beaver County,OK,526,186,26,35.361216730038024,4.942965779467681,0.13978494623655913,0.13436376383736287,3,81,10,215,0.12345679012345678,5016,64,22,0.34375
40009,Beckham County,OK,2172,488,82,22.467771639042358,3.7753222836095763,0.1680327868852459,0.1686690067512572,4,189,30,785,0.15873015873015872,22009,225,77,0.3422222222222222
40011,Blaine County,OK,1008,312,55,30.952380952380953,5.4563492063492065,0.1762820512820513,0.18211699930243533,4,141,24,426,0.1702127659574468,8409,113,39,0.34513274336283184
40013,Bryan County,OK,5060,1116,199,22.055335968379445,3.932806324110672,0.17831541218637992,0.1792872033131794,5,497,84,2070,0.16901408450704225,48182,556,193,0.3471223021582734
40015,Caddo County,OK,3478,889,168,25.56066705002875,4.830362277170788,0.1889763779527559,0.18927179468492394,5,373,67,1355,0.17962466487935658,26198,286,100,0.34965034965034963
40017,Canadian County,OK,15014,4282,688,28.520047955241775,4.5823897695484215,0.1606725829051845,0.16027969026583144,5,1624,246,5237,0.15147783251231528,169149,1596,548,0.3433583959899749
40019,Carter County,OK,5378,1700,260,31.61026403867609,4.834510970621048,0.15294117647058825,0.15339943406453382,5,722,105,2121,0.14542936288088643,48510,572,199,0.3479020979020979
40021,Cherokee County,OK,6258,1601,256,25.58325343560243,4.090763822307446,0.1599000624609619,0.16060812549783887,5,710,108,2540,0.15211267605633802,48098,556,194,0.3489208633093525
40023,Choctaw County,OK,2030,432,79,21.2807881773399,3.8916256157635467,0.18287037037037038,0.18481698231983773,4,205,36,894,0.17560975609756097,14358,203,71,0.3497536945812808
40025,Cimarron County,OK,253,94,15,37.15415019762846,5.928853754940712,0.1595744680851064,0.16847887514196042,2,49,7,127,0.14285714285714285,2252,34,12,0.35294117647058826
40027,Cleveland County,OK,28404,7005,1091,24.662019433882552,3.841008308688917,0.15574589578872233,0.1556629447027778,5,2804,412,10463,0.14693295292439373,299587,3062,1056,0.3448726322664925
40029,Coal County,OK,706,148,28,20.96317280453258,3.9660056657223794,0.1891891891891892,0.18906381303114153,3,71,13,316,0.18309859154929578,5313,69,24,0.34782608695652173
40031,Comanche County,OK,13743,3192,627,23.22636978825584,4.562322636978825,0.19642857142857142,0.19607557550075796,5,1191,222,4738,0.18639798488664988,123046,1304,459,0.35199386503067487
40033,Cotton County,OK,682,204,35,29.912023460410555,5.131964809384164,0.1715686274509804,0.16654252600443692,3,91,15,286,0.16483516483516483,5477,74,26,0.35135135135135137
40035,Craig County,OK,1900,395,82,20.789473684210527,4.315789473684211,0.20759493670886076,0.20603666443001353,4,173,34,777,0.19653179190751446,14123,183,64,0.34972677595628415
40037,Creek County,OK,8325,1862,320,22.366366366366368,3.843843843843844,0.17185821697099893,0.173050112412,5,805,133,3338,0.16521739130434782,72699,886,306,0.345372460496614
40039,Custer County,OK,2604,824,152,31.643625192012287,5.837173579109063,0.18446601941747573,0.18406951954894696,5,334,58,970,0.17365269461077845,27886,270,94,0.34814814814814815
40041,Delaware County,OK,6049,1312,228,21.689535460406677,3.7692180525706727,0.17378048780487804,0.17516734333126205,5,665,109,2858,0.16390977443609023,41413,644,222,0.3447204968944099
40043,Dewey County,OK,452,138,24,30.530973451327434,5.3097345132743365,0.17391304347826086,0.17353910167541425,3,62,10,189,0.16129032258064516,4401,53,18,0.33962264150943394
40045,Ellis County,OK,384,92,14,23.958333333333332,3.6458333333333335,0.15217391304347827,0.1546102523273835,2,45,7,178,0.15555555555555556,3657,55,19,0.34545454545454546
40047,Garfield County,OK,6173,2211,265,35.81726875101247,4.2928883849019925,0.11985526910900045,0.1204001448981638,5,922,104,2382,0.11279826464208242,61920,692,239,0.3453757225433526
40049,Garvin County,OK,3003,745,123,24.80852480852481,4.095904095904096,0.1651006711409396,0.16611447070398522,4,326,52,1219,0.15950920245398773,25713,306,106,0.3464052287581699
40051,Grady County,OK,6039,1268,234,20.99685378373903,3.874813710879285,0.18454258675078863,0.18555762302997925,5,532,95,2355,0.17857142857142858,56658,635,218,0.34330708661417325
40053,Grant County,OK,449,144,12,32.071269487750556,2.6726057906458798,0.08333333333333333,0.08126380832527864,3,68,5,198,0.07352941176470588,4124,57,20,0.3508771929824561
40055,Greer County,OK,636,132,24,20.754716981132077,3.7735849056603774,0.18181818181818182,0.18942122660826863,4,50,9,228,0.18,5547,68,24,0.35294117647058826
40057,Harmon County,OK,327,90,17,27.522935779816514,5.198776758409786,0.18888888888888888,0.19574287989029182,2,42,8,140,0.19047619047619047,2428,33,12,0.36363636363636365
40059,Harper County,OK,338,93,15,27.514792899408285,4.437869822485207,0.16129032258064516,0.16536117745779574,2,40,6,136,0.15,3129,39,13,0.3333333333333333
40061,Haskell County,OK,1529,285,53,18.639633747547418,3.4663178548070634,0.18596491228070175,0.18803361339179533,4,136,24,673,0.17647058823529413,11641,153,53,0.3464052287581699
40063,Hughes County,OK,1799,508,83,28.237909949972206,4.6136742634797105,0.16338582677165353,0.16472828865099104,4,220,34,726,0.15454545454545454,13407,165,57,0.34545454545454546
40065,Jackson County,OK,2645,596,126,22.533081285444233,4.763705103969754,0.21140939597315436,0.21231070436621732,4,240,48,986,0.2,24556,267,94,0.352059925093633
40067,Jefferson County,OK,681,227,36,33.333333333333336,5.286343612334802,0.15859030837004406,0.16207662369742956,3,108,16,301,0.14814814814814814,5389,71,24,0.3380281690140845
40069,Johnston County,OK,1284,310,58,24.143302180685357,4.517133956386293,0.1870967741935484,0.19182149521826225,4,143,26,546,0.18181818181818182,10406,127,44,0.3464566929133858
40071,Kay County,OK,5042,1386,182,27.489091630305435,3.6096786989289966,0.13131313131313133,0.13256237964019926,5,638,80,2154,0.12539184952978055,43668,538,186,0.34572490706319703
40073,Kingfisher County,OK,1490,278,54,18.65771812080537,3.6241610738255035,0.19424460431654678,0.1919780919580822,4,113,21,564,0.18584070796460178,15293,172,60,0.3488372093023256
40075,Kiowa County,OK,1023,208,37,20.332355816226784,3.616813294232649,0.1778846153846154,0.1835152089824127,4,96,17,443,0.17708333333333334,8345,111,38,0.34234234234234234
40077,Latimer County,OK,1264,221,44,17.484177215189874,3.481012658227848,0.19909502262443438,0.19691092017917952,4,103,19,543,0.18446601941747573,9630,134,47,0.35074626865671643
40079,Le Flore County,OK,5958,1229,259,20.627727425310507,4.347096341054045,0.21074043938161108,0.21078230278014676,5,543,110,2439,0.20257826887661143,48907,573,198,0.34554973821989526
40081,Lincoln County,OK,3815,1044,162,27.365661861074706,4.246395806028834,0.15517241379310345,0.1555682335718182,5,465,70,1582,0.15053763440860216,34188,426,147,0.34507042253521125
40083,Logan County,OK,5407,1602,229,29.628259663399298,4.235250601072684,0.14294631710362046,0.1426506477499507,5,671,92,2106,0.13710879284649777,51933,619,213,0.34410339256865913
40085,Love County,OK,1153,362,63,31.39635732870772,5.464006938421509,0.17403314917127072,0.1761417085440133,4,164,27,487,0.16463414634146342,10218,127,44,0.3464566929133858
40087,McClain County,OK,4403,916,157,20.80399727458551,3.565750624574154,0.17139737991266377,0.17124629384574053,5,373,61,1661,0.16353887399463807,45306,473,162,0.34249471458773784
40089,McCurtain County,OK,3917,826,169,21.087567015573143,4.314526423283125,0.2046004842615012,0.20563456877848554,5,368,72,1615,0.1956521739130435,30931,381,134,0.35170603674540685
40091,McIntosh County,OK,2913,598,126,20.52866460693443,4.3254376930998975,0.21070234113712374,0.21209428599024355,4,302,61,1379,0.20198675496688742,19451,308,107,0.3474025974025974
40093,Major County,OK,801,286,25,35.70536828963795,3.1210986267166043,0.08741258741258741,0.08823530764767623,4,133,11,350,0.08270676691729323,7502,100,35,0.35
40095,Marshall County,OK,2090,493,84,23.588516746411482,4.019138755980861,0.17038539553752535,0.17294668786217263,4,234,37,933,0.1581196581196581,15882,223,78,0.34977578475336324
40097,Mayes County,OK,5023,1717,275,34.18275930718694,5.474815847103325,0.16016307513104253,0.1606712300987608,5,763,116,2059,0.15203145478374835,39589,477,164,0.3438155136268344
40099,Murray County,OK,1668,387,49,23.201438848920862,2.937649880095923,0.12661498708010335,0.1286645465564558,4,175,21,703,0.12,13672,185,64,0.34594594594594597
40101,Muskogee County,OK,8450,1620,354,19.171597633136095,4.189349112426036,0.21851851851851853,0.21960292148956034,5,687,144,3295,0.2096069868995633,66354,816,287,0.35171568627450983
40103,Noble County,OK,1216,320,42,26.31578947368421,3.4539473684210527,0.13125,0.13226709042270907,4,147,19,520,0.1292517006802721,10896,153,53,0.3464052287581699
40105,Nowata County,OK,1263,258,37,20.42755344418052,2.929532858273951,0.1434108527131783,0.14846368809752922,4,112,16,508,0.14285714285714285,9483,125,44,0.352
40107,Okfuskee County,OK,1601,413,80,25.79637726420987,4.996876951905059,0.1937046004842615,0.19472899654787212,4,175,32,627,0.18285714285714286,11134,144,51,0.3541666666666667
40109,Oklahoma County,OK,80964,24376,4220,30.107208141890222,5.21219307346475,0.1731211027239908,0.17282623169055933,5,9431,1544,28931,0.16371540663768425,802559,8923,3128,0.35055474616160487
40111,Okmulgee County,OK,4835,1194,209,24.69493278179938,4.322647362978284,0.17504187604690116,0.1756940636053393,5,533,90,1989,0.16885553470919323,36990,484,171,0.35330578512396693
40113,Osage County,OK,6435,1674,266,26.013986013986013,4.133644133644133,0.15890083632019117,0.15979864051580434,5,782,121,2787,0.1547314578005115,45839,711,252,0.35443037974683544
40115,Ottawa County,OK,3710,628,121,16.92722371967655,3.261455525606469,0.1926751592356688,0.1934166707234504,5,283,52,1545,0.18374558303886926,30338,352,122,0.3465909090909091
40117,Pawnee County,OK,1853,496,63,26.76740420939018,3.3998920669185106,0.12701612903225806,0.1259065922455693,4,228,28,793,0.12280701754385964,15757,199,69,0.34673366834170855
40119,Payne County,OK,6395,1765,223,27.599687255668492,3.4870992963252543,0.1263456090651558,0.12669523879707242,5,745,90,2445,0.12080536912751678,82794,733,253,0.3451568894952251
40121,Pittsburg County,OK,5431,1084,213,19.959491806297184,3.92192966304548,0.19649446494464945,0.19779713161798776,5,497,93,2307,0.18712273641851107,43613,577,201,0.3483535528596187
40123,Pontotoc County,OK,4062,1146,187,28.212703101920237,4.603643525356967,0.1631762652705061,0.16314730727669305,5,493,76,1595,0.15415821501014199,38141,434,151,0.347926267281106
40125,Pottawatomie County,OK,8486,1928,335,22.719773744991752,3.9476785293424466,0.1737551867219917,0.17336618063696377,5,817,135,3312,0.16523867809057527,73533,816,281,0.3443627450980392
40127,Pushmataha County,OK,1552,285,67,18.36340206185567,4.31701030927835,0.23508771929824562,0.2384106771637644,4,137,31,694,0.22627737226277372,10769,162,57,0.35185185185185186
40129,Roger Mills County,OK,361,97,15,26.869806094182824,4.1551246537396125,0.15463917525773196,0.16018844041276298,2,46,7,161,0.15217391304347827,3320,46,16,0.34782608695652173
40131,Rogers County,OK,10534,3385,458,32.134042149231064,4.3478260869565215,0.13530280649926144,0.13535072605783646,5,1406,182,4048,0.12944523470839261,98836,1131,390,0.3448275862068966
40133,Seminole County,OK,3129,1028,167,32.85394694790668,5.337168424416746,0.16245136186770429,0.16316725775433785,5,450,70,1260,0.15555555555555556,23351,289,101,0.3494809688581315
40135,Sequoyah County,OK,5279,1232,209,23.33775336237924,3.959083159689335,0.16964285714285715,0.1710248371736132,5,540,88,2142,0.16296296296296298,39667,493,172,0.3488843813387424
40137,Stephens County,OK,5071,1883,244,37.13271544074147,4.811674225990929,0.1295804567180032,0.12980126672311626,5,861,107,2170,0.12427409988385599,43710,579,200,0.3454231433506045
40139,Texas County,OK,2108,659,128,31.261859582542694,6.072106261859583,0.19423368740515934,0.19181602556874716,4,224,39,678,0.17410714285714285,20495,181,63,0.34806629834254144
40141,Tillman County,OK,982,275,54,28.0040733197556,5.4989816700611,0.19636363636363635,0.19795579754328368,4,122,23,411,0.1885245901639344,6977,96,34,0.3541666666666667
40143,Tulsa County,OK,67375,18000,3204,26.716141001855288,4.755473098330241,0.178,0.1778938822612516,5,7091,1188,24520,0.16753631363700466,677358,7456,2594,0.3479077253218884
40145,Wagoner County,OK,9605,2369,370,24.664237376366476,3.8521603331598127,0.1561840439003799,0.15590426434147128,5,1010,149,3778,0.14752475247524752,86644,1002,346,0.34530938123752497
40147,Washington County,OK,5961,1126,204,18.889448079181346,3.4222445898339204,0.1811722912966252,0.18237103136306246,5,512,88,2508,0.171875,53242,692,241,0.34826589595375723
40149,Washita County,OK,1147,285,49,24.847428073234525,4.272013949433305,0.17192982456140352,0.173701130670964,4,127,21,478,0.16535433070866143,10732,133,46,0.3458646616541353
40151,Woods County,OK,754,184,35,24.40318302387268,4.641909814323608,0.19021739130434784,0.19290418551939936,4,83,15,313,0.18072289156626506,8587,97,34,0.35051546391752575
40153,Woodward County,OK,1995,372,68,18.646616541353385,3.408521303258145,0.1827956989247312,0.1833683701366156,4,154,26,770,0.16883116883116883,19990,224,77,0.34375
41001,Baker County,OR,1784,476,51,26.681614349775785,2.8587443946188342,0.10714285714285714,0.10887933128139668,4,255,27,901,0.10588235294117647,16938,273,93,0.34065934065934067
41003,Benton County,OR,6782,1525,266,22.48599233264524,3.92214685933353,0.17442622950819672,0.17456712713532768,5,718,120,2942,0.1671309192200557,97630,1078,368,0.34137291280148424
41005,Clackamas County,OR,37992,10433,1660,27.4610444304064,4.369340913876606,0.1591105147129301,0.1597269991593841,5,4613,699,15635,0.15152828961630174,423177,5368,1845,0.34370342771982115
41007,Clatsop County,OR,4528,942,157,20.80388692579505,3.467314487632509,0.16666666666666666,0.1674312079468789,4,481,77,2186,0.1600831600831601,41695,621,211,0.3397745571658615
41009,Columbia County,OR,5642,1385,201,24.54803261254874,3.562566465792272,0.14512635379061373,0.14546067272324326,5,625,88,2385,0.1408,53588,687,234,0.3406113537117904
41011,Coos County,OR,7393,1678,278,22.697145948870553,3.7603138103611524,0.16567342073897498,0.16756037717446953,5,898,144,3742,0.1603563474387528,64990,1072,367,0.3423507462686567
41013,Crook County,OR,2812,608,103,21.62162162162162,3.662873399715505,0.16940789473684212,0.1710661821263599,4,315,52,1382,0.16507936507936508,26375,395,134,0.3392405063291139
41015,Curry County,OR,3108,1093,115,35.16731016731017,3.7001287001287,0.10521500457456541,0.10696576971099767,4,640,66,1745,0.103125,23598,482,164,0.34024896265560167
41017,Deschutes County,OR,17223,4642,687,26.952331185043256,3.9888521163560355,0.14799655320982336,0.14863899371744707,5,2193,312,7602,0.14227086183310533,206549,2688,913,0.3396577380952381
41019,Douglas County,OR,12535,2983,413,23.797367371360192,3.2947746310331074,0.13845122360040227,0.1400523356498836,5,1574,212,6229,0.13468869123252858,112297,1775,609,0.3430985915492958
41021,Gilliam County,OR,228,39,7,17.105263157894736,3.0701754385964914,0.1794871794871795,0.18883035003428378,2,21,4,114,0.19047619047619047,2018,36,13,0.3611111111111111
41023,Grant County,OR,825,204,29,24.727272727272727,3.515151515151515,0.14215686274509803,0.14695770158530286,4,116,16,442,0.13793103448275862,7218,133,46,0.3458646616541353
41025,Harney County,OR,778,188,38,24.164524421593832,4.884318766066838,0.20212765957446807,0.20663698597668165,4,97,19,380,0.1958762886597938,7515,120,41,0.3416666666666667
41027,Hood River County,OR,2167,444,88,20.489155514536225,4.060913705583756,0.1981981981981982,0.19908228084770668,4,179,33,818,0.18435754189944134,24048,282,97,0.34397163120567376
41029,Jackson County,OR,21658,5474,949,25.274725274725274,4.3817527010804325,0.17336499817318232,0.17535908319255775,5,2693,444,10009,0.16487189008540662,221644,3112,1066,0.3425449871465296
41031,Jefferson County,OR,2878,771,158,26.789437109103545,5.489923558026407,0.20492866407263294,0.20520132229223254,4,356,68,1246,0.19101123595505617,25330,315,108,0.34285714285714286
41033,Josephine County,OR,9571,2747,470,28.701285132170096,4.910667641834709,0.17109574080815435,0.17334186821346625,5,1446,240,4759,0.16597510373443983,87730,1426,490,0.3436185133239832
41035,Klamath County,OR,7033,1849,257,26.290345514005402,3.6542016209299018,0.13899405083829097,0.13951785434191588,5,922,123,3295,0.1334056399132321,70212,932,318,0.34120171673819744
41037,Lake County,OR,914,262,38,28.665207877461707,4.157549234135668,0.1450381679389313,0.14249409544842262,4,138,19,455,0.13768115942028986,8385,128,44,0.34375
41039,Lane County,OR,35477,8856,1561,24.96265185895087,4.4000338247315165,0.1762646793134598,0.17780241856742082,5,4238,715,15824,0.1687116564417178,382353,4936,1689,0.34217990275526744
41041,Lincoln County,OR,6623,1440,260,21.742412803865317,3.925713422920127,0.18055555555555555,0.1833770298200043,5,803,140,3525,0.17434620174346202,50813,919,311,0.338411316648531
41043,Linn County,OR,12592,2460,430,19.536213468869125,3.414866581956798,0.17479674796747968,0.17517082995845248,5,1135,190,5423,0.16740088105726872,130467,1586,541,0.341109709962169
41045,Malheur County,OR,3311,1169,142,35.30655391120507,4.28873452129266,0.12147134302822926,0.121258358176982,5,495,56,1313,0.11313131313131314,31879,348,121,0.34770114942528735
41047,Marion County,OR,34104,8127,1481,23.830049261083744,4.342599108608961,0.18223206595299618,0.1822913316168747,5,3317,557,12978,0.16792282182695206,346703,3770,1298,0.3442970822281167
41049,Morrow County,OR,1301,318,64,24.44273635664873,4.919292851652575,0.20125786163522014,0.20256902949511488,4,134,25,517,0.1865671641791045,12300,134,46,0.34328358208955223
41051,Multnomah County,OR,70213,18776,3170,26.741486619287027,4.5148334354037,0.16883255219429058,0.1681550182201139,5,7098,1136,24296,0.1600450831220062,795083,8385,2906,0.3465712581991652
41053,Polk County,OR,8126,1729,320,21.277381245385182,3.937976864385922,0.18507807981492191,0.18675296705951427,5,801,140,3496,0.17478152309612985,89614,1069,368,0.34424695977549113
41055,Sherman County,OR,216,38,7,17.59259259259259,3.240740740740741,0.18421052631578946,0.17818754976001344,2,18,3,98,0.16666666666666666,1955,32,11,0.34375
41057,Tillamook County,OR,3130,786,144,25.11182108626198,4.600638977635783,0.183206106870229,0.1877199173806593,4,419,74,1589,0.1766109785202864,27574,448,152,0.3392857142857143
41059,Umatilla County,OR,8225,1898,338,23.075987841945288,4.109422492401216,0.1780821917808219,0.1783540199298886,5,777,128,3140,0.16473616473616473,80215,859,297,0.3457508731082654
41061,Union County,OR,2315,537,101,23.19654427645788,4.362850971922247,0.18808193668528864,0.19105382071135787,4,266,49,1064,0.18421052631578946,26177,343,117,0.34110787172011664
41063,Wallowa County,OR,805,192,23,23.850931677018632,2.857142857142857,0.11979166666666667,0.12434871094869014,4,107,12,427,0.11214953271028037,7659,130,44,0.3384615384615385
41065,Wasco County,OR,2740,465,98,16.970802919708028,3.576642335766423,0.210752688172043,0.2116629479115674,4,219,43,1209,0.1963470319634703,26561,350,120,0.34285714285714286
41067,Washington County,OR,52419,16018,2784,30.55762223621206,5.311051336347507,0.1738044699712823,0.17300996834440363,5,5956,960,17887,0.16118200134318333,600176,6129,2120,0.34589655735030184
41069,Wheeler County,OR,201,51,7,25.37313432835821,3.482587064676617,0.13725490196078433,0.1517667462826882,2,30,4,111,0.13333333333333333,1445,32,11,0.34375
41071,Yamhill County,OR,10759,3646,489,33.887907798122505,4.545032066177154,0.13411958310477234,0.13507792943581054,5,1596,202,4392,0.12656641604010024,108226,1294,445,0.34389489953632146
42001,Adams County,PA,11136,2942,445,26.41882183908046,3.9960488505747125,0.1512576478585996,0.15166434706521167,5,1350,197,4818,0.14592592592592593,106027,1448,495,0.34185082872928174
42003,Allegheny County,PA,118311,28071,4681,23.72644978066283,3.9565213716391545,0.16675572655053258,0.16766687107774222,5,12385,1998,48606,0.161324182478805,1233253,17515,6125,0.34970025692263773
42005,Armstrong County,PA,7589,1450,219,19.106601660297798,2.8857556990380813,0.1510344827586207,0.1509723802136343,5,685,101,3378,0.14744525547445256,64747,963,329,0.34164070612668745
42007,Beaver County,PA,19257,5982,865,31.064028664901073,4.491873085111908,0.1446004680708793,0.1454321647061255,5,2768,390,8382,0.14089595375722544,165677,2457,847,0.34472934472934474
42009,Bedford County,PA,5564,1578,224,28.360891445003595,4.02588066139468,0.14195183776932827,0.1434986492013546,5,747,104,2481,0.1392235609103079,47418,709,243,0.3427362482369535
42011,Berks County,PA,44836,14426,2574,32.17503791596039,5.740922473012757,0.1784278386247054,0.1788980809106969,5,5851,979,17039,0.16732182532900358,430449,5290,1836,0.34706994328922497
42013,Blair County,PA,12842,3474,385,27.05186108082853,2.997975393240928,0.11082325849165227,0.11141425381475285,5,1608,174,5577,0.10820895522388059,121032,1643,562,0.34205721241631165
42015,Bradford County,PA,5926,1344,221,22.679716503543705,3.729328383395208,0.1644345238095238,0.1661734621568007,5,644,104,2674,0.16149068322981366,59866,837,286,0.34169653524492233
42017,Bucks County,PA,60652,18122,3345,29.8786519817978,5.515069577260436,0.18458227568701027,0.18507257019739257,5,7663,1356,24067,0.17695419548479707,645054,8826,3049,0.34545660548379786
42019,Butler County,PA,19478,5015,615,25.746996611561762,3.157408358147654,0.1226321036889332,0.12308280369792296,5,2206,264,8025,0.11967361740707162,197300,2606,891,0.34190330007674596
42021,Cambria County,PA,15179,3161,511,20.824823769681796,3.3664931813689964,0.16165770325846252,0.16280727167723474,5,1524,241,6903,0.15813648293963253,131441,1962,673,0.34301732925586137
42023,Cameron County,PA,583,184,18,31.56089193825043,3.0874785591766725,0.09782608695652174,0.10242154924637713,3,96,9,289,0.09375,4418,77,26,0.33766233766233766
42025,Carbon County,PA,7329,2016,346,27.507163323782233,4.720971483149134,0.17162698412698413,0.1718403331557444,5,923,153,3162,0.1657638136511376,65460,926,316,0.3412526997840173
42027,Centre County,PA,13147,3066,509,23.320909713242564,3.871605689510915,0.16601435094585779,0.16621315705236137,5,1274,202,5050,0.15855572998430142,158425,1655,568,0.343202416918429
42029,Chester County,PA,45006,11810,1965,26.240945651690886,4.3660845220637245,0.1663844199830652,0.16645731004795838,5,4801,761,16978,0.15850864403249323,545823,6707,2324,0.3465036528999553
42031,Clarion County,PA,3852,980,144,25.441329179646935,3.7383177570093458,0.1469387755102041,0.1479635977657873,4,456,66,1683,0.14473684210526316,37346,482,165,0.34232365145228216
42033,Clearfield County,PA,9263,2017,301,21.77480297959624,3.249487207168304,0.14923153197818542,0.15000029460254016,5,886,126,3847,0.14221218961625282,77904,1090,373,0.3422018348623853
42035,Clinton County,PA,3634,988,183,27.187671986791415,5.0357732526142,0.18522267206477733,0.18685935538646906,4,454,82,1561,0.18061674008810572,37931,475,163,0.3431578947368421
42037,Columbia County,PA,6608,2329,268,35.24515738498789,4.0556900726392255,0.11507084585659082,0.11510081529161757,5,1070,120,2841,0.11214953271028037,64926,828,283,0.3417874396135266
42039,Crawford County,PA,8997,3019,432,33.55562965432922,4.80160053351117,0.14309373964889036,0.14323924600200386,5,1451,202,4065,0.13921433494141972,82670,1157,395,0.341400172860847
42041,Cumberland County,PA,24336,7317,848,30.066568047337277,3.484549638395792,0.11589449227825611,0.11663418062330116,5,3177,350,9852,0.11016682404784388,268579,3336,1149,0.3444244604316547
42043,Dauphin County,PA,30578,8763,1402,28.65785859114396,4.584995748577408,0.1599908707063791,0.16029678622642576,5,3652,556,11882,0.15224534501642936,288800,3880,1362,0.3510309278350515
42045,Delaware County,PA,52210,13236,2835,25.351465236544723,5.429994253974335,0.2141885766092475,0.21460939438578408,5,5256,1067,19420,0.2030060882800609,575182,7762,2734,0.35222880700850295
42047,Elk County,PA,3440,915,106,26.598837209302324,3.0813953488372094,0.11584699453551912,0.11687499814736325,4,420,48,1490,0.11428571428571428,30477,458,157,0.34279475982532753
42049,Erie County,PA,28096,9242,1466,32.89436218678816,5.217824601366742,0.15862367452932266,0.15945311731487338,5,4071,622,11587,0.1527880127732744,267689,3458,1189,0.34384037015615965
42051,Fayette County,PA,16034,3670,594,22.888861170013723,3.7046276662093054,0.16185286103542235,0.162501827735174,5,1706,270,7019,0.15826494724501758,125755,1831,630,0.3440742763517204
42053,Forest County,PA,1083,291,39,26.869806094182824,3.601108033240997,0.13402061855670103,0.13818447085789026,4,131,16,473,0.12213740458015267,6626,106,36,0.33962264150943394
42055,Franklin County,PA,16169,4831,716,29.878161914775188,4.4282268538561445,0.14820948043883253,0.1491573213235959,5,2163,308,6778,0.1423948220064725,156902,2086,719,0.34467881112176413
42057,Fulton County,PA,1646,455,77,27.64277035236938,4.678007290400972,0.16923076923076924,0.17054376902188897,4,214,35,731,0.16355140186915887,14533,206,70,0.33980582524271846
42059,Greene County,PA,3936,832,114,21.13821138211382,2.8963414634146343,0.13701923076923078,0.13915039845080016,4,373,49,1670,0.13136729222520108,34663,453,154,0.33995584988962474
42061,Huntingdon County,PA,4883,1122,178,22.977677657177964,3.6453000204792136,0.1586452762923351,0.15937277466235744,4,512,77,2120,0.150390625,43281,614,211,0.34364820846905536
42063,Indiana County,PA,8419,1833,295,21.77218196935503,3.5039790949043828,0.16093835242771412,0.16145627345591668,5,872,138,3750,0.15825688073394495,82957,1061,362,0.3411875589066918
42065,Jefferson County,PA,4912,1137,159,23.14739413680782,3.236970684039088,0.13984168865435356,0.13924666564759713,5,529,72,2143,0.13610586011342155,43794,605,207,0.3421487603305785
42067,Juniata County,PA,2499,851,85,34.053621448579435,3.401360544217687,0.099882491186839,0.10096396524908657,4,392,38,1079,0.09693877551020408,23339,314,107,0.34076433121019106
42069,Lackawanna County,PA,22373,5158,815,23.054574710588657,3.6427837125106155,0.15800697944939898,0.15915227424903658,5,2288,344,9299,0.15034965034965034,215615,2850,982,0.34456140350877196
42071,Lancaster County,PA,53661,15075,2370,28.093028456420864,4.4166154190194,0.1572139303482587,0.15840116453497335,5,6611,987,21965,0.14929662683406444,556629,7164,2489,0.3474316024567281
42073,Lawrence County,PA,9861,2648,345,26.853260318426123,3.4986309704898084,0.13028700906344412,0.13103697920736235,5,1249,159,4374,0.12730184147317855,84849,1251,431,0.3445243804956035
42075,Lebanon County,PA,14745,4193,559,28.436758223126482,3.791115632417769,0.13331743381826855,0.13435341428446282,5,1869,237,6155,0.12680577849117175,144011,1893,654,0.34548335974643424
42077,Lehigh County,PA,38024,11220,2100,29.507679360403955,5.522827687776141,0.18716577540106952,0.18736631408490603,5,4486,777,14235,0.1732055283102987,376317,4492,1560,0.3472840605520926
42079,Luzerne County,PA,35354,11557,1486,32.689370368275156,4.203201900775018,0.12858008133598683,0.12936857662679568,5,4976,600,14330,0.12057877813504823,326369,4266,1470,0.34458509142053445
42081,Lycoming County,PA,11636,2511,417,21.579580611894123,3.5837057408044,0.16606929510155316,0.16650657152341786,5,1130,181,4912,0.16017699115044248,113104,1502,515,0.3428761651131824
42083,McKean County,PA,4221,1180,147,27.955460791281688,3.482587064676617,0.12457627118644068,0.12631863019252765,4,521,63,1752,0.12092130518234165,39866,528,180,0.3409090909090909
42085,Mercer County,PA,12533,3207,396,25.588446501236735,3.1596585015558922,0.1234798877455566,0.1243289143651663,5,1498,180,5511,0.12016021361815754,109220,1633,565,0.34598897734231476
42087,Mifflin County,PA,4988,1451,186,29.08981555733761,3.7289494787489974,0.12818745692625774,0.12862074816337674,5,690,86,2221,0.1246376811594203,45988,636,219,0.3443396226415094
42089,Monroe County,PA,20450,6483,1288,31.70171149144254,6.298288508557457,0.19867345364800246,0.19827783959303463,5,2619,490,7861,0.187094310805651,167198,2387,833,0.3489736070381232
42091,Montgomery County,PA,72313,19896,3253,27.513725056352246,4.498499578222449,0.16350020104543628,0.16397730556935877,5,8207,1280,27763,0.15596442061654686,864683,11648,4088,0.35096153846153844
42093,Montour County,PA,1735,386,40,22.2478386167147,2.3054755043227666,0.10362694300518134,0.10519946908470118,4,176,18,736,0.10227272727272728,18091,256,89,0.34765625
42095,Northampton County,PA,32694,10683,1932,32.675720315654246,5.909341163516242,0.18084807638303846,0.18185087728500376,5,4551,774,13096,0.17007251153592617,318526,4307,1498,0.3478058973763641
42097,Northumberland County,PA,10716,3574,470,33.35199701381112,4.385964912280702,0.1315053161723559,0.1323791158532809,5,1639,208,4629,0.12690665039658328,90133,1262,432,0.34231378763866877
42099,Perry County,PA,4773,1552,164,32.51623716739996,3.435994133668552,0.1056701030927835,0.10567182248823467,5,694,72,2006,0.1037463976945245,46114,596,202,0.3389261744966443
42101,Philadelphia County,PA,218383,67390,14961,30.85862910574541,6.850807984137959,0.2220062323786912,0.22222093810462806,5,25808,5555,76444,0.215243335399876,1567258,22699,8313,0.3662275871183753
42103,Pike County,PA,7157,2116,348,29.565460388430907,4.862372502445159,0.16446124763705103,0.16443934709713487,5,969,151,3124,0.15583075335397317,60558,958,330,0.3444676409185804
42105,Potter County,PA,1855,394,52,21.23989218328841,2.803234501347709,0.1319796954314721,0.1364857350551933,4,198,26,882,0.13131313131313133,16220,253,87,0.3438735177865613
42107,Schuylkill County,PA,16102,5709,911,35.45522295367035,5.657682275493728,0.15957260465930986,0.16060003036415552,5,2508,380,6685,0.15151515151515152,143104,1928,661,0.3428423236514523
42109,Snyder County,PA,3969,1335,160,33.63567649281935,4.031242126480222,0.1198501872659176,0.12040324740794113,5,607,71,1686,0.11696869851729819,39652,525,182,0.3466666666666667
42111,Somerset County,PA,8657,2139,348,24.708328520272612,4.019868314658658,0.16269284712482468,0.16379580676685418,5,987,155,3780,0.15704154002026344,72710,1086,373,0.3434622467771639
42113,Sullivan County,PA,817,210,33,25.703794369645042,4.039167686658507,0.15714285714285714,0.15869574316630808,4,106,16,392,0.1509433962264151,5855,113,38,0.336283185840708
42115,Susquehanna County,PA,4465,826,141,18.499440089585665,3.1578947368421053,0.17070217917675545,0.1720449944851987,4,404,67,2067,0.16584158415841585,38074,589,201,0.34125636672325976
42117,Tioga County,PA,4395,1579,202,35.92718998862343,4.59613196814562,0.1279290690310323,0.12912384777947555,4,772,96,2022,0.12435233160621761,41106,597,204,0.3417085427135678
42119,Union County,PA,4134,1406,203,34.01064344460571,4.910498306724722,0.14438122332859174,0.1459519461412156,5,587,78,1625,0.13287904599659284,42744,540,187,0.34629629629629627
42121,Venango County,PA,5879,1582,221,26.90933832284402,3.7591427113454667,0.13969658659924147,0.1405291899252218,5,759,104,2661,0.1370223978919631,49777,758,258,0.3403693931398417
42123,Warren County,PA,4270,1123,163,26.29976580796253,3.8173302107728335,0.14514692787177205,0.1474193453279261,4,547,78,1961,0.1425959780621572,37808,573,196,0.34205933682373474
42125,Washington County,PA,22661,5449,729,24.04571731168086,3.216980715767177,0.13378601578271243,0.1343678495701835,5,2507,327,9787,0.13043478260869565,210383,2950,1013,0.3433898305084746
42127,Wayne County,PA,6061,1526,202,25.17736347137436,3.33278336908101,0.13237221494102228,0.1336649953006582,4,738,94,2791,0.12737127371273713,51173,804,274,0.3407960199004975
42129,Westmoreland County,PA,38372,10634,1590,27.712915667674345,4.143646408839779,0.14952040624412263,0.1503351819290489,5,5057,739,17208,0.14613407158394304,352057,5354,1834,0.34254762794172583
42131,Wyoming County,PA,2757,545,75,19.767863619876678,2.720348204570185,0.13761467889908258,0.14025660274809695,4,265,36,1262,0.13584905660377358,26014,365,124,0.33972602739726027
42133,York County,PA,46413,13043,1782,28.10204037661862,3.8394415357766145,0.13662500958368473,0.1369908949317849,5,5491,713,18328,0.12984884356219267,461058,5866,2024,0.34503920900102286
44001,Bristol County,RI,4170,1084,150,25.995203836930454,3.5971223021582732,0.13837638376383765,0.13973254813822739,4,470,63,1688,0.13404255319148936,50360,694,239,0.34438040345821325
44003,Kent County,RI,16164,4450,575,27.5303142786439,3.5572878000494925,0.12921348314606743,0.1292651112099717,5,1899,236,6453,0.12427593470247499,171275,2281,783,0.3432704953967558
44005,Newport County,RI,8091,2406,338,29.736744530960326,4.17748115189717,0.1404821280133001,0.1416927236184569,5,1146,155,3625,0.13525305410122165,84481,1367,474,0.3467446964155084
44007,Providence County,RI,67570,21090,3641,31.21207636525085,5.388486014503478,0.17264106211474634,0.17244705680357728,5,8025,1296,23922,0.16149532710280373,657288,7772,2724,0.350488934637159
44009,Washington County,RI,11461,3544,558,30.922258092662073,4.868685106011692,0.1574492099322799,0.15841904401016704,5,1668,256,5078,0.15347721822541965,130330,1878,641,0.34132055378061765
45001,Abbeville County,SC,3537,951,165,26.887192536047497,4.664970313825275,0.17350157728706625,0.17540649408693595,4,456,77,1605,0.16885964912280702,24356,439,157,0.357630979498861
45003,Aiken County,SC,21242,6130,1087,28.857922982769985,5.117220600696733,0.17732463295269169,0.1782724077532613,5,2778,468,9120,0.16846652267818574,174150,2771,978,0.35294117647058826
45005,Allendale County,SC,1749,549,146,31.389365351629504,8.347627215551745,0.2659380692167577,0.2654314098167594,4,262,68,782,0.2595419847328244,7579,181,67,0.3701657458563536
45007,Anderson County,SC,23731,5711,957,24.06556824406894,4.032699844085795,0.16757135352827876,0.1678802994361214,5,2483,398,9686,0.1602899718082964,209581,2854,997,0.3493342676944639
45009,Bamberg County,SC,2564,634,172,24.726989079563182,6.70826833073323,0.27129337539432175,0.2750450117093033,4,309,83,1173,0.2686084142394822,12908,304,113,0.3717105263157895
45011,Barnwell County,SC,3175,919,205,28.944881889763778,6.456692913385827,0.22306855277475518,0.22435747356999017,4,415,90,1340,0.21686746987951808,20414,362,131,0.36187845303867405
45013,Beaufort County,SC,22492,7146,1120,31.7712964609639,4.979548283834252,0.15673103834312901,0.1605437765682852,5,3844,565,11630,0.14698231009365245,196371,3699,1289,0.3484725601513923
45015,Berkeley County,SC,28010,7347,1462,26.229917886469117,5.2195644412709745,0.19899278617122634,0.19863502929958363,5,2927,558,10376,0.19063887939870175,245117,3061,1078,0.35217249264946093
45017,Calhoun County,SC,2515,608,140,24.174950298210735,5.566600397614314,0.23026315789473684,0.23195964270655917,4,294,66,1146,0.22448979591836735,14179,307,112,0.36482084690553745
45019,Charleston County,SC,44420,12779,2458,28.768572714993248,5.533543448896893,0.19234681899992176,0.1924281560649414,5,5505,1031,17715,0.18728428701180744,419279,6169,2192,0.355325012157562
45021,Cherokee County,SC,7115,1650,318,23.190442726633872,4.469430780042164,0.19272727272727272,0.19201789332656077,5,695,128,2814,0.1841726618705036,56121,755,265,0.3509933774834437
45023,Chester County,SC,4882,1346,285,27.570667759115118,5.837771405161819,0.21173848439821694,0.21204481367922282,5,592,122,2016,0.20608108108108109,31931,539,193,0.3580705009276438
45025,Chesterfield County,SC,6219,1582,306,25.438173339765235,4.92040520984081,0.1934260429835651,0.1943071286256426,5,695,130,2573,0.18705035971223022,43683,721,258,0.3578363384188627
45027,Clarendon County,SC,5820,1568,400,26.941580756013746,6.8728522336769755,0.25510204081632654,0.2569282149415711,5,781,193,2758,0.2471190781049936,30913,675,245,0.362962962962963
45029,Colleton County,SC,5881,1756,363,29.858867539534092,6.172419656521,0.20671981776765375,0.20648461638116536,5,812,165,2545,0.20320197044334976,38599,687,248,0.3609898107714702
45031,Darlington County,SC,9496,2973,460,31.307919123841618,4.844144903117102,0.15472586612848974,0.15468520877216554,5,1359,205,4068,0.15084621044885946,62398,1095,394,0.3598173515981735
45033,Dillon County,SC,4230,999,230,23.617021276595743,5.4373522458628845,0.23023023023023023,0.23041851026738194,5,424,94,1683,0.22169811320754718,27738,465,169,0.3634408602150538
45035,Dorchester County,SC,18071,4532,845,25.078855625034585,4.676000221349123,0.18645189761694617,0.18587013613935868,5,1769,316,6549,0.178631995477671,166133,2120,747,0.35235849056603774
45037,Edgefield County,SC,3830,1231,241,32.14099216710183,6.29242819843342,0.1957757920389927,0.19652623493550855,4,525,99,1538,0.18857142857142858,26932,462,166,0.3593073593073593
45039,Fairfield County,SC,4098,1013,260,24.719375305026844,6.34455832113226,0.25666337611056267,0.25680143364146196,4,467,115,1811,0.2462526766595289,20455,469,170,0.3624733475479744
45041,Florence County,SC,17810,3424,902,19.22515440763616,5.06457046603032,0.26343457943925236,0.26366097245905773,5,1475,375,7167,0.2542372881355932,136721,2242,808,0.360392506690455
45043,Georgetown County,SC,10047,2992,451,29.780033840947546,4.488902159848711,0.15073529411764705,0.15259168311725715,5,1613,232,5233,0.14383137011779293,64722,1427,503,0.3524877365101612
45045,Greenville County,SC,56067,14658,2795,26.14372090534539,4.985107104000571,0.1906808568699686,0.19056998085206261,5,6003,1080,21477,0.17991004497751126,547950,6999,2452,0.3503357622517502
45047,Greenwood County,SC,8521,2663,370,31.252200445957047,4.342213355239996,0.13894104393541118,0.1396472470759615,5,1162,154,3504,0.13253012048192772,69267,1102,393,0.3566243194192377
45049,Hampton County,SC,3218,1276,258,39.6519577377253,8.017402113113736,0.20219435736677116,0.20338307049130364,4,583,114,1383,0.1955403087478559,18113,350,128,0.3657142857142857
45051,Horry County,SC,46823,10723,1806,22.901138329453474,3.8570787860666766,0.16842301594702974,0.1698526591236232,5,5504,883,23019,0.16042877906976744,383101,6388,2181,0.3414214151534126
45053,Jasper County,SC,5531,1990,410,35.97902730066896,7.41276441873079,0.20603015075376885,0.20606348378339942,5,911,176,2443,0.19319429198682767,32039,601,213,0.3544093178036606
45055,Kershaw County,SC,8234,1720,343,20.888996842360942,4.165654602866165,0.1994186046511628,0.19900655436081693,5,764,148,3426,0.193717277486911,67751,1037,368,0.3548698167791707
45057,Lancaster County,SC,13251,2664,525,20.104143083540865,3.9619651347068148,0.19707207207207209,0.1981280918593175,5,1256,232,5928,0.18471337579617833,104577,1640,574,0.35
45059,Laurens County,SC,9238,2511,460,27.181208053691275,4.979432777657502,0.18319394663480684,0.18348933831353925,5,1083,192,3736,0.1772853185595568,67965,1037,367,0.35390549662487947
45061,Lee County,SC,3164,784,212,24.778761061946902,6.700379266750948,0.27040816326530615,0.26981318097749857,4,349,92,1319,0.2636103151862464,16153,345,127,0.3681159420289855
45063,Lexington County,SC,31614,7522,1484,23.793256152337573,4.694122856962105,0.19728795533102897,0.19700570740416476,5,3047,565,12040,0.18542829012143092,304797,3841,1331,0.3465243426191096
45065,McCormick County,SC,2111,639,117,30.270014211274276,5.542396968261487,0.18309859154929578,0.18943512156629705,4,355,61,1154,0.17183098591549295,9764,276,98,0.35507246376811596
45067,Marion County,SC,4942,1298,314,26.264670174018615,6.353702954269527,0.24191063174114022,0.24153410728163854,5,608,143,2183,0.23519736842105263,28450,588,215,0.3656462585034014
45069,Marlboro County,SC,4613,904,214,19.596791675699112,4.639063516150011,0.23672566371681417,0.2365821845387566,5,387,89,1857,0.22997416020671835,26039,494,181,0.36639676113360325
45071,Newberry County,SC,5256,1313,293,24.98097412480974,5.574581430745814,0.22315308453922314,0.2230304466861085,5,592,126,2244,0.21283783783783783,38247,631,225,0.35657686212361334
45073,Oconee County,SC,9761,2122,335,21.739575863128778,3.4320254072328655,0.1578699340245052,0.1587915934593312,5,1050,159,4591,0.15142857142857144,80180,1262,433,0.34310618066561016
45075,Orangeburg County,SC,14864,3646,1108,24.529063509149623,7.454251883745964,0.303894679100384,0.3049477792175321,5,1686,498,6466,0.29537366548042704,83094,1766,652,0.36919592298980747
45077,Pickens County,SC,13543,2719,420,20.076792438898323,3.1012331093553867,0.15446855461566752,0.15498887020815882,5,1186,175,5514,0.1475548060708263,133462,1577,545,0.34559289790741915
45079,Richland County,SC,49635,12674,3281,25.534401128236123,6.610254860481515,0.25887643995581505,0.25816090891327925,5,4817,1196,17475,0.24828731575669505,421566,5977,2152,0.36004684624393507
45081,Saluda County,SC,2764,965,175,34.91316931982634,6.3314037626628075,0.18134715025906736,0.1829765608763624,4,433,75,1165,0.17321016166281755,18938,316,113,0.3575949367088608
45083,Spartanburg County,SC,38816,10023,1671,25.821826051112943,4.30492580379225,0.1667165519305597,0.16659937299403224,5,4120,653,14918,0.15849514563106795,345831,4422,1553,0.35119855269109
45085,Sumter County,SC,15422,4147,920,26.890156918687588,5.96550382570354,0.22184711839884252,0.22250692293660726,5,1790,388,6175,0.21675977653631284,104012,1805,661,0.36620498614958447
45087,Union County,SC,3987,1064,214,26.686731878605467,5.367444193629296,0.20112781954887218,0.20112787195510518,4,483,94,1706,0.19461697722567287,26752,475,169,0.35578947368421054
45089,Williamsburg County,SC,6318,1508,394,23.868312757201647,6.2361506805951255,0.26127320954907163,0.2623419609461639,5,728,186,2857,0.2554945054945055,30058,706,261,0.3696883852691218
45091,York County,SC,30618,7274,1469,23.75726696714351,4.797831341041218,0.20195215837228486,0.20109944781483932,5,2812,539,11007,0.19167852062588905,294248,3572,1247,0.3491041433370661
46003,Aurora County,SD,251,62,9,24.701195219123505,3.585657370517928,0.14516129032258066,0.14152596131082437,2,30,4,111,0.13333333333333333,2755,36,13,0.3611111111111111
46005,Beadle County,SD,1692,370,51,21.86761229314421,3.0141843971631204,0.13783783783783785,0.13868881539022765,4,154,20,649,0.12987012987012986,19376,229,79,0.34497816593886466
46007,Bennett County,SD,430,83,15,19.302325581395348,3.488372093023256,0.18072289156626506,0.17669623641003498,3,31,5,143,0.16129032258064516,3336,33,12,0.36363636363636365
46009,Bon Homme County,SD,669,171,27,25.56053811659193,4.0358744394618835,0.15789473684210525,0.15313351706664655,4,72,10,260,0.1388888888888889,7062,95,33,0.3473684210526316
46011,Brookings County,SD,2048,471,61,22.998046875,2.978515625,0.12951167728237792,0.1286960257803477,4,203,25,804,0.12315270935960591,35484,311,107,0.3440514469453376
46013,Brown County,SD,3057,565,79,18.482172064115147,2.5842329080798168,0.13982300884955753,0.14093098631979475,4,242,33,1211,0.13636363636363635,37972,449,155,0.34521158129175944
46015,Brule County,SD,455,96,13,21.0989010989011,2.857142857142857,0.13541666666666666,0.1549638646445032,3,42,6,184,0.14285714285714285,5321,71,25,0.352112676056338
46017,Buffalo County,SD,271,75,18,27.675276752767527,6.642066420664206,0.24,0.2444253233116246,3,26,6,85,0.23076923076923078,1861,12,4,0.3333333333333333
46019,Butte County,SD,967,199,30,20.579110651499484,3.1023784901758016,0.1507537688442211,0.15139759020360782,4,95,14,434,0.14736842105263157,10774,134,46,0.34328358208955223
46021,Campbell County,SD,164,45,6,27.4390243902439,3.658536585365854,0.13333333333333333,0.14827038635484643,2,22,3,77,0.13636363636363635,1349,26,9,0.34615384615384615
46023,Charles Mix County,SD,970,242,37,24.948453608247423,3.814432989690722,0.15289256198347106,0.15497270098150678,4,108,16,396,0.14814814814814814,9213,110,38,0.34545454545454546
46025,Clark County,SD,342,86,11,25.146198830409357,3.216374269005848,0.12790697674418605,0.12979552433872016,2,44,5,163,0.11363636363636363,3912,55,19,0.34545454545454546
46027,Clay County,SD,966,236,25,24.43064182194617,2.587991718426501,0.1059322033898305,0.1070694394050908,4,102,10,377,0.09803921568627451,15280,125,43,0.344
46029,Codington County,SD,2359,425,56,18.01610852055956,2.373887240356083,0.13176470588235295,0.12999520139719217,4,186,23,958,0.12365591397849462,28721,357,123,0.3445378151260504
46031,Corson County,SD,510,164,31,32.15686274509804,6.078431372549019,0.18902439024390244,0.18704565753611926,3,64,11,180,0.171875,3826,32,11,0.34375
46033,Custer County,SD,1008,204,27,20.238095238095237,2.6785714285714284,0.1323529411764706,0.14104757272597637,4,112,15,530,0.13392857142857142,9006,170,57,0.3352941176470588
46035,Davison County,SD,1628,380,50,23.34152334152334,3.0712530712530715,0.13157894736842105,0.13618375139222427,4,172,22,684,0.12790697674418605,19973,263,91,0.34600760456273766
46037,Day County,SD,590,158,26,26.779661016949152,4.406779661016949,0.16455696202531644,0.16650181979031797,3,81,13,282,0.16049382716049382,5479,88,30,0.3409090909090909
46039,Deuel County,SD,385,67,12,17.4025974025974,3.116883116883117,0.1791044776119403,0.18044385449602826,2,32,5,170,0.15625,4352,60,21,0.35
46041,Dewey County,SD,662,172,40,25.981873111782477,6.042296072507553,0.23255813953488372,0.23741256677567585,3,61,14,209,0.22950819672131148,5140,36,13,0.3611111111111111
46043,Douglas County,SD,259,47,9,18.146718146718147,3.474903474903475,0.19148936170212766,0.19416027051645382,2,23,4,120,0.17391304347826086,2776,42,15,0.35714285714285715
46045,Edmunds County,SD,364,73,13,20.054945054945055,3.5714285714285716,0.1780821917808219,0.1818181818181818,2,33,6,155,0.18181818181818182,4065,59,20,0.3389830508474576
46047,Fall River County,SD,897,179,22,19.95540691192865,2.4526198439241917,0.12290502793296089,0.13154481449130992,4,97,12,462,0.12371134020618557,7370,131,44,0.33587786259541985
46049,Faulk County,SD,193,48,6,24.870466321243523,3.1088082901554404,0.125,0.14319086804212652,2,24,3,91,0.125,2126,32,11,0.34375
46051,Grant County,SD,712,174,19,24.43820224719101,2.668539325842697,0.10919540229885058,0.11139800742296967,4,79,8,306,0.10126582278481013,7463,116,41,0.35344827586206895
46053,Gregory County,SD,418,105,19,25.119617224880383,4.545454545454546,0.18095238095238095,0.1798333902019201,2,54,9,201,0.16666666666666666,3962,63,22,0.3492063492063492
46055,Haakon County,SD,178,67,10,37.640449438202246,5.617977528089888,0.14925373134328357,0.1457830814205325,2,35,5,86,0.14285714285714285,1826,30,10,0.3333333333333333
46057,Hamlin County,SD,446,101,13,22.6457399103139,2.914798206278027,0.12871287128712872,0.1357729743451626,3,41,5,170,0.12195121951219512,6352,59,20,0.3389830508474576
46059,Hand County,SD,297,62,11,20.875420875420875,3.7037037037037037,0.1774193548387097,0.1851000796160215,2,30,5,135,0.16666666666666666,3140,50,17,0.34
46061,Hanson County,SD,277,55,8,19.855595667870038,2.888086642599278,0.14545454545454545,0.1348750426514401,2,24,3,112,0.125,3461,34,11,0.3235294117647059
46063,Harding County,SD,120,28,4,23.333333333333332,3.3333333333333335,0.14285714285714285,0.16093592805744417,2,13,2,53,0.15384615384615385,1330,18,6,0.3333333333333333
46065,Hughes County,SD,1509,494,72,32.73691186216037,4.7713717693836974,0.145748987854251,0.1464105515305745,4,215,30,603,0.13953488372093023,17692,207,71,0.34299516908212563
46067,Hutchinson County,SD,643,149,15,23.17262830482115,2.332814930015552,0.10067114093959731,0.1096879299029687,4,69,7,277,0.10144927536231885,7368,102,35,0.3431372549019608
46069,Hyde County,SD,129,28,4,21.705426356589147,3.10077519379845,0.14285714285714285,0.16440269046028488,2,14,2,61,0.14285714285714285,1184,18,6,0.3333333333333333
46071,Jackson County,SD,315,89,14,28.253968253968253,4.444444444444445,0.15730337078651685,0.16216833737551462,2,35,5,113,0.14285714285714285,2821,25,9,0.36
46073,Jerauld County,SD,162,45,5,27.77777777777778,3.0864197530864197,0.1111111111111111,0.12093380596705405,2,24,3,81,0.125,1650,28,10,0.35714285714285715
46075,Jones County,SD,96,28,3,29.166666666666668,3.125,0.10714285714285714,0.16440269046028488,2,14,2,46,0.14285714285714285,884,14,5,0.35714285714285715
46077,Kingsbury County,SD,474,133,16,28.059071729957807,3.3755274261603376,0.12030075187969924,0.12292766467247485,2,65,8,217,0.12307692307692308,5294,76,26,0.34210526315789475
46079,Lake County,SD,1016,195,25,19.19291338582677,2.4606299212598426,0.1282051282051282,0.13562311945872954,4,102,13,505,0.12745098039215685,10972,158,53,0.33544303797468356
46081,Lawrence County,SD,2315,446,93,19.265658747300215,4.017278617710583,0.2085201793721973,0.20758888150724347,4,226,46,1098,0.20353982300884957,27214,389,132,0.3393316195372751
46083,Lincoln County,SD,4017,748,92,18.62086133930794,2.2902663679362707,0.12299465240641712,0.12326501976258632,5,306,36,1507,0.11764705882352941,70987,683,233,0.3411420204978038
46085,Lyman County,SD,415,119,21,28.674698795180724,5.0602409638554215,0.17647058823529413,0.18331261199067955,3,53,9,170,0.16981132075471697,3692,43,15,0.3488372093023256
46087,McCook County,SD,463,105,13,22.67818574514039,2.8077753779697625,0.12380952380952381,0.12104524295162213,3,47,5,194,0.10638297872340426,5778,66,23,0.3484848484848485
46089,McPherson County,SD,248,58,10,23.387096774193548,4.032258064516129,0.1724137931034483,0.17504549073455522,2,30,5,119,0.16666666666666666,2395,45,16,0.35555555555555557
46091,Marshall County,SD,435,90,14,20.689655172413794,3.218390804597701,0.15555555555555556,0.1584294229802863,2,44,7,200,0.1590909090909091,4374,62,21,0.3387096774193548
46093,Meade County,SD,2395,599,69,25.010438413361168,2.8810020876826723,0.11519198664440734,0.11386355150540332,4,260,29,960,0.11153846153846154,30698,332,112,0.3373493975903614
46095,Mellette County,SD,258,63,9,24.41860465116279,3.488372093023256,0.14285714285714285,0.15305073527153265,2,28,4,104,0.14285714285714285,1892,19,7,0.3684210526315789
46097,Miner County,SD,218,51,8,23.394495412844037,3.669724770642202,0.1568627450980392,0.15447836471654985,2,23,3,94,0.13043478260869565,2304,34,12,0.35294117647058826
46099,Minnehaha County,SD,14840,3314,446,22.33153638814016,3.0053908355795147,0.13458056729028364,0.13402154469765318,5,1238,157,5138,0.12681744749596122,203971,1910,648,0.3392670157068063
46101,Moody County,SD,601,137,19,22.795341098169718,3.1613976705490847,0.1386861313868613,0.13757214235988838,3,62,8,252,0.12903225806451613,6349,81,28,0.345679012345679
46103,Pennington County,SD,9793,2284,332,23.322781578678647,3.3901766567956706,0.14535901926444833,0.14574710938573104,5,1039,147,4150,0.14148219441770934,114461,1410,480,0.3404255319148936
46105,Perkins County,SD,301,50,10,16.611295681063122,3.3222591362126246,0.2,0.19999999999999998,2,25,5,142,0.2,2804,46,16,0.34782608695652173
46107,Potter County,SD,256,74,10,28.90625,3.90625,0.13513513513513514,0.13509166671448686,2,38,5,126,0.13157894736842105,2438,41,14,0.34146341463414637
46109,Roberts County,SD,1148,377,42,32.8397212543554,3.658536585365854,0.11140583554376658,0.11316191347081239,4,178,19,500,0.10674157303370786,10163,131,46,0.3511450381679389
46111,Sanborn County,SD,220,55,9,25,4.090909090909091,0.16363636363636364,0.16093592805744417,2,26,4,99,0.15384615384615385,2415,32,11,0.34375
46113,Oglala Lakota County,SD,2093,521,112,24.892498805542285,5.351170568561873,0.21497120921305182,0.21250359750170045,5,157,33,568,0.21019108280254778,NA,NA,NA,NA
46115,Spink County,SD,574,134,17,23.34494773519164,2.961672473867596,0.12686567164179105,0.13493499624660046,4,61,8,245,0.13114754098360656,6235,94,33,0.35106382978723405
46117,Stanley County,SD,278,63,11,22.66187050359712,3.9568345323741005,0.1746031746031746,0.1784430021240895,2,31,5,128,0.16129032258064516,2999,42,14,0.3333333333333333
46119,Sully County,SD,149,51,5,34.22818791946309,3.3557046979865772,0.09803921568627451,0.10424354162401628,2,26,3,71,0.11538461538461539,1471,23,8,0.34782608695652173
46121,Todd County,SD,1180,293,68,24.83050847457627,5.762711864406779,0.23208191126279865,0.2326176923193455,4,90,20,319,0.2222222222222222,9220,51,18,0.35294117647058826
46123,Tripp County,SD,545,120,19,22.01834862385321,3.4862385321100917,0.15833333333333333,0.16803930781639817,4,56,9,237,0.16071428571428573,5565,84,29,0.34523809523809523
46125,Turner County,SD,773,157,19,20.310478654592497,2.4579560155239326,0.12101910828025478,0.12758586147742407,4,72,9,329,0.125,8856,120,41,0.3416666666666667
46127,Union County,SD,1232,320,31,25.974025974025974,2.5162337662337664,0.096875,0.10053165313413796,4,144,14,517,0.09722222222222222,17063,206,70,0.33980582524271846
46129,Walworth County,SD,566,172,24,30.3886925795053,4.240282685512367,0.13953488372093023,0.14280912594393763,4,87,12,268,0.13793103448275862,5265,77,27,0.35064935064935066
46135,Yankton County,SD,1953,500,55,25.60163850486431,2.8161802355350742,0.11,0.1106964149283125,4,219,23,800,0.1050228310502283,23373,314,108,0.34394904458598724
46137,Ziebach County,SD,381,82,15,21.522309711286088,3.937007874015748,0.18292682926829268,0.18808190885119552,3,26,5,108,0.19230769230769232,2395,20,7,0.35
47001,Anderson County,TN,8804,1634,263,18.559745570195364,2.987278509768287,0.1609547123623011,0.1610749758431724,5,739,115,3732,0.15561569688768606,78913,1038,357,0.3439306358381503
47003,Bedford County,TN,5408,1261,235,23.317307692307693,4.345414201183432,0.18636003172085647,0.18492499823606107,5,503,88,2013,0.1749502982107356,51950,567,196,0.345679012345679
47005,Benton County,TN,2063,447,81,21.667474551623847,3.9263208919049926,0.18120805369127516,0.18435454163673454,4,222,40,967,0.18018018018018017,16002,241,83,0.34439834024896265
47007,Bledsoe County,TN,2035,445,101,21.867321867321866,4.963144963144964,0.22696629213483147,0.2294689005675906,4,178,38,774,0.21348314606741572,14798,208,71,0.34134615384615385
47009,Blount County,TN,15322,3099,431,20.22581908367054,2.8129487012139407,0.13907712165214586,0.13929250706490934,5,1430,192,6641,0.13426573426573427,139958,1908,654,0.34276729559748426
47011,Bradley County,TN,12267,2257,337,18.398956550093747,2.747207956305535,0.14931324767390342,0.1490116006070042,5,963,137,4894,0.142263759086189,110616,1319,454,0.34420015163002277
47013,Campbell County,TN,4978,1278,151,25.672961028525513,3.0333467255926077,0.11815336463223787,0.11834237142338583,5,592,68,2161,0.11486486486486487,39584,514,176,0.3424124513618677
47015,Cannon County,TN,1585,262,42,16.529968454258675,2.6498422712933754,0.16030534351145037,0.160415967201422,4,111,17,624,0.15315315315315314,14788,180,62,0.34444444444444444
47017,Carroll County,TN,3412,1105,178,32.38569753810082,5.2168815943728015,0.16108597285067874,0.16092595780724805,4,516,81,1493,0.1569767441860465,28458,396,137,0.34595959595959597
47019,Carter County,TN,7420,1481,200,19.959568733153638,2.6954177897574123,0.1350438892640108,0.13564104574803487,5,704,93,3312,0.13210227272727273,56410,820,281,0.3426829268292683
47021,Cheatham County,TN,4164,909,167,21.829971181556196,4.010566762728146,0.18371837183718373,0.18257091877222806,5,358,64,1535,0.1787709497206704,41830,466,158,0.33905579399141633
47023,Chester County,TN,1979,342,67,17.281455280444668,3.3855482566953006,0.195906432748538,0.19438847065089468,4,151,28,813,0.18543046357615894,17609,212,74,0.3490566037735849
47025,Claiborne County,TN,4042,826,120,20.435428005937656,2.9688273132112815,0.14527845036319612,0.1458516140357009,4,386,55,1772,0.14248704663212436,32431,415,141,0.3397590361445783
47027,Clay County,TN,1014,173,36,17.06114398422091,3.5502958579881656,0.20809248554913296,0.20824744173468823,4,88,18,490,0.20454545454545456,7620,120,42,0.35
47029,Cocke County,TN,4727,1332,192,28.1785487624286,4.061772794584303,0.14414414414414414,0.1446939068211033,4,639,90,2136,0.14084507042253522,36879,508,173,0.3405511811023622
47031,Coffee County,TN,6017,1387,216,23.051354495595813,3.589828818348014,0.15573179524152847,0.15606131833108647,5,590,88,2395,0.14915254237288136,59728,710,244,0.3436619718309859
47033,Crockett County,TN,1805,497,105,27.534626038781163,5.8171745152354575,0.2112676056338028,0.21249265662377853,4,212,43,723,0.2028301886792453,13888,196,69,0.3520408163265306
47035,Cumberland County,TN,8815,1458,220,16.539988655700512,2.495745887691435,0.15089163237311384,0.15253723731650484,5,844,125,4867,0.1481042654028436,63522,1174,399,0.33986371379897784
47037,Davidson County,TN,72851,19043,3986,26.13965491208082,5.471441709791217,0.20931575907157485,0.20869721009650496,5,6984,1398,24546,0.20017182130584193,708144,8246,2919,0.3539898132427844
47039,Decatur County,TN,1445,330,56,22.837370242214533,3.875432525951557,0.1696969696969697,0.17091771116942409,4,158,26,651,0.16455696202531644,11564,171,59,0.34502923976608185
47041,DeKalb County,TN,2440,474,68,19.42622950819672,2.7868852459016393,0.14345991561181434,0.14210495139755153,4,207,28,999,0.13526570048309178,21003,255,87,0.3411764705882353
47043,Dickson County,TN,5731,1025,155,17.885185831443028,2.7045890769499215,0.15121951219512195,0.15080657886281829,5,424,62,2213,0.14622641509433962,55761,638,218,0.34169278996865204
47045,Dyer County,TN,4067,820,163,20.162281780181953,4.007868207523973,0.19878048780487806,0.19773190520850198,5,354,67,1646,0.18926553672316385,36410,473,165,0.3488372093023256
47047,Fayette County,TN,6190,1181,227,19.079159935379643,3.667205169628433,0.1922099915325995,0.1934606171616915,5,538,100,2680,0.18587360594795538,43630,793,280,0.3530895334174023
47049,Fentress County,TN,2492,483,66,19.382022471910112,2.648475120385233,0.13664596273291926,0.13686586021634453,4,238,32,1159,0.13445378151260504,19332,271,92,0.33948339483394835
47051,Franklin County,TN,4808,812,129,16.888519134775375,2.6830282861896837,0.15886699507389163,0.15776177326307336,5,381,59,2116,0.15485564304461943,43942,602,207,0.3438538205980066
47053,Gibson County,TN,6206,1732,244,27.908475668707702,3.9316790203029326,0.14087759815242495,0.1407287490744187,5,744,101,2485,0.135752688172043,50837,684,241,0.35233918128654973
47055,Giles County,TN,3694,914,154,24.7428262046562,4.168922577152139,0.16849015317286653,0.16956108888127985,4,418,69,1588,0.16507177033492823,30554,449,157,0.34966592427616927
47057,Grainger County,TN,3043,738,74,24.252382517252713,2.4318107131120605,0.1002710027100271,0.10205328123447689,4,352,35,1369,0.09943181818181818,24277,328,111,0.3384146341463415
47059,Greene County,TN,8860,1985,255,22.404063205417607,2.8781038374717833,0.12846347607052896,0.12903468780422675,5,948,118,3984,0.12447257383966245,71405,1003,343,0.3419740777666999
47061,Grundy County,TN,1699,314,60,18.48145968216598,3.531489111241907,0.1910828025477707,0.1910710911256456,4,148,28,754,0.1891891891891892,13783,181,62,0.3425414364640884
47063,Hamblen County,TN,7771,2836,293,36.494659631965,3.7704285162784714,0.1033145275035261,0.10321462482297744,5,1221,120,3128,0.09828009828009827,65168,790,272,0.34430379746835443
47065,Hamilton County,TN,41520,9112,1534,21.946050096339114,3.6946050096339116,0.1683494293239684,0.1688813454024408,5,3904,634,16588,0.16239754098360656,374682,5271,1858,0.35249478277366725
47067,Hancock County,TN,919,305,30,33.18824809575626,3.264417845484222,0.09836065573770492,0.10158727885247575,4,151,15,427,0.09933774834437085,6845,94,32,0.3404255319148936
47069,Hardeman County,TN,4171,1128,244,27.04387437065452,5.84991608726924,0.21631205673758866,0.21712258472985643,5,476,98,1667,0.20588235294117646,25529,418,150,0.3588516746411483
47071,Hardin County,TN,3549,836,106,23.55593124823894,2.9867568329106793,0.12679425837320574,0.1290556189840813,4,409,51,1635,0.12469437652811736,27077,413,143,0.34624697336561744
47073,Hawkins County,TN,7303,2013,185,27.564014788443107,2.5332055319731617,0.09190263288623944,0.09244180906924722,5,949,86,3236,0.09062170706006323,58043,807,276,0.3420074349442379
47075,Haywood County,TN,3167,964,207,30.438901168298074,6.536154089043259,0.21473029045643152,0.2146071432337224,4,425,89,1314,0.20941176470588235,17550,349,127,0.3638968481375358
47077,Henderson County,TN,3336,679,132,20.353717026378895,3.9568345323741005,0.19440353460972018,0.19373201317517616,4,299,56,1375,0.18729096989966554,27929,371,129,0.3477088948787062
47079,Henry County,TN,4023,994,134,24.707929405915984,3.3308476261496396,0.13480885311871227,0.13517647983897083,4,485,63,1859,0.12989690721649486,32379,508,176,0.3464566929133858
47081,Hickman County,TN,2878,625,106,21.716469770674077,3.683113273106324,0.1696,0.169817061504304,4,263,43,1141,0.1634980988593156,25455,307,105,0.34201954397394135
47083,Houston County,TN,971,262,30,26.98249227600412,3.089598352214212,0.11450381679389313,0.11457877266851328,4,123,14,427,0.11382113821138211,8219,113,39,0.34513274336283184
47085,Humphreys County,TN,2134,456,66,21.368322399250236,3.0927835051546393,0.14473684210526316,0.14773244971842442,4,210,30,924,0.14285714285714285,19106,250,86,0.344
47087,Jackson County,TN,1576,299,40,18.972081218274113,2.5380710659898478,0.13377926421404682,0.1302681517733941,4,141,18,703,0.1276595744680851,11989,172,58,0.3372093023255814
47089,Jefferson County,TN,6532,2216,262,33.925290875688916,4.011022657685242,0.11823104693140794,0.11838099270241076,5,1002,115,2777,0.11477045908183632,56727,763,261,0.3420707732634338
47091,Johnson County,TN,2476,513,74,20.718901453957997,2.988691437802908,0.1442495126705653,0.14536226865521124,4,247,34,1127,0.13765182186234817,18086,271,93,0.34317343173431736
47093,Knox County,TN,45323,10742,1494,23.70099066699027,3.2963396068221433,0.1390802457642897,0.1393391338836873,5,4502,601,17628,0.13349622390048868,494574,5688,1965,0.3454641350210971
47095,Lake County,TN,1073,233,42,21.714818266542405,3.91425908667288,0.18025751072961374,0.1792685125288625,4,85,14,371,0.16470588235294117,6507,90,32,0.35555555555555557
47097,Lauderdale County,TN,3628,1087,202,29.96141124586549,5.567805953693495,0.1858325666973321,0.18412766034979858,5,430,75,1360,0.1744186046511628,24793,353,124,0.35127478753541075
47099,Lawrence County,TN,4644,1419,167,30.555555555555557,3.59603789836348,0.11768851303735024,0.11710235824636538,5,626,71,1909,0.1134185303514377,45415,523,179,0.3422562141491396
47101,Lewis County,TN,1449,396,44,27.32919254658385,3.036576949620428,0.1111111111111111,0.11236627777990614,4,186,20,638,0.10752688172043011,12957,172,59,0.3430232558139535
47103,Lincoln County,TN,4038,1115,225,27.612679544328877,5.5720653789004455,0.20179372197309417,0.20208494382487696,5,502,98,1714,0.1952191235059761,36004,491,170,0.34623217922606925
47105,Loudon County,TN,7151,1674,225,23.409313382743672,3.1464130890784507,0.13440860215053763,0.1359199229004478,5,882,114,3584,0.1292517006802721,58181,964,329,0.3412863070539419
47107,McMinn County,TN,6404,1678,243,26.202373516552154,3.7945034353529046,0.14481525625744934,0.1452220184967838,5,763,107,2732,0.1402359108781127,54719,729,251,0.3443072702331962
47109,McNairy County,TN,3267,889,121,27.21150902969085,3.7037037037037037,0.1361079865016873,0.13564937426335205,4,421,55,1456,0.13064133016627077,25988,356,123,0.3455056179775281
47111,Macon County,TN,2695,462,74,17.142857142857142,2.74582560296846,0.16017316017316016,0.16050903831071783,4,193,30,1048,0.15544041450777202,26229,276,94,0.34057971014492755
47113,Madison County,TN,12515,2713,630,21.67798641630044,5.0339592489013185,0.23221525985993366,0.2324366459214249,5,1147,253,5003,0.22057541412380122,99245,1535,545,0.3550488599348534
47115,Marion County,TN,3360,639,113,19.017857142857142,3.363095238095238,0.17683881064162754,0.17787260950494316,4,297,51,1473,0.1717171717171717,29094,398,136,0.3417085427135678
47117,Marshall County,TN,3775,1132,156,29.986754966887418,4.132450331125828,0.13780918727915195,0.13749603467588162,5,470,63,1461,0.13404255319148936,35878,416,143,0.34375
47119,Maury County,TN,11178,3491,432,31.23098944354983,3.864734299516908,0.12374677742767115,0.12366537941939924,5,1465,174,4386,0.11877133105802047,108159,1324,457,0.34516616314199394
47121,Meigs County,TN,1618,368,50,22.744128553770086,3.0902348578491967,0.1358695652173913,0.13688333929823543,4,175,23,722,0.13142857142857142,13272,180,61,0.3388888888888889
47123,Monroe County,TN,5597,1433,200,25.603001608004288,3.5733428622476326,0.13956734124214934,0.13925003740490655,5,687,93,2527,0.13537117903930132,47740,662,226,0.3413897280966767
47125,Montgomery County,TN,20575,5791,1177,28.14580801944107,5.720534629404617,0.20324641685373857,0.20136953330413468,5,1897,364,6171,0.1918819188191882,235201,2019,702,0.3476968796433878
47127,Moore County,TN,770,175,37,22.727272727272727,4.805194805194805,0.21142857142857144,0.21070418612838168,4,82,17,338,0.2073170731707317,6742,96,33,0.34375
47129,Morgan County,TN,2597,439,61,16.904120138621487,2.3488640739314595,0.13895216400911162,0.1395949368928686,4,190,25,1056,0.13157894736842105,21224,260,89,0.3423076923076923
47131,Obion County,TN,3682,771,131,20.93970668115155,3.5578489951113523,0.16990920881971466,0.17012674228568775,4,360,58,1623,0.16111111111111112,30394,432,149,0.3449074074074074
47133,Overton County,TN,2595,478,76,18.42003853564547,2.928709055876686,0.1589958158995816,0.15983423462737978,4,224,35,1142,0.15625,23044,294,100,0.3401360544217687
47135,Perry County,TN,1008,223,30,22.123015873015873,2.9761904761904763,0.13452914798206278,0.13444043386038448,4,107,14,452,0.1308411214953271,8685,118,41,0.3474576271186441
47137,Pickett County,TN,703,160,31,22.759601706970127,4.409672830725462,0.19375,0.1948304489790273,3,84,16,351,0.19047619047619047,5107,87,30,0.3448275862068966
47139,Polk County,TN,2093,380,71,18.15575728619207,3.3922599139990446,0.1868421052631579,0.18922048151273532,4,173,31,898,0.1791907514450867,17863,243,83,0.34156378600823045
47141,Putnam County,TN,8186,1731,320,21.145858783288542,3.909113119960909,0.18486424032351242,0.18543478360101137,5,758,135,3325,0.17810026385224276,82382,886,302,0.34085778781038373
47143,Rhea County,TN,3889,830,141,21.342247364361018,3.6256106968372332,0.16987951807228915,0.17054483384663616,5,376,62,1654,0.16489361702127658,33730,419,143,0.3412887828162291
47145,Roane County,TN,6851,1187,169,17.325937819296453,2.4667931688804554,0.14237573715248525,0.14264421838281616,5,577,81,3133,0.14038128249566725,55082,823,283,0.34386391251518833
47147,Robertson County,TN,7735,1749,306,22.611506140917907,3.956043956043956,0.17495711835334476,0.17447195880094823,5,681,114,2813,0.16740088105726872,75470,832,285,0.3425480769230769
47149,Rutherford County,TN,32052,6910,1354,21.558717084737303,4.224385373767627,0.1959479015918958,0.193738515647477,5,2294,419,9839,0.1826503923278117,360619,3328,1152,0.34615384615384615
47151,Scott County,TN,2465,448,54,18.17444219066937,2.1906693711967544,0.12053571428571429,0.12037186264624633,4,200,24,1023,0.12,22035,249,85,0.3413654618473896
47153,Sequatchie County,TN,1995,470,74,23.55889724310777,3.7092731829573933,0.1574468085106383,0.16051838981356595,4,221,34,884,0.15384615384615385,16909,228,78,0.34210526315789475
47155,Sevier County,TN,11649,2978,392,25.56442613099837,3.365095716370504,0.13163196776359973,0.13189115178890523,5,1371,174,5047,0.12691466083150985,98789,1294,439,0.339258114374034
47157,Shelby County,TN,123595,30163,6975,24.404708928354708,5.643432177677091,0.2312435765673176,0.2306573491849648,5,11520,2565,43778,0.22265625,916371,14157,5128,0.3622236349509077
47159,Smith County,TN,2172,409,69,18.830570902394108,3.1767955801104972,0.1687041564792176,0.16832153881903397,4,171,28,852,0.16374269005847952,20489,233,79,0.33905579399141633
47161,Stewart County,TN,1621,585,78,36.088834053053674,4.811844540407156,0.13333333333333333,0.13364069616685392,4,270,35,706,0.12962962962962962,14035,181,62,0.3425414364640884
47163,Sullivan County,TN,18141,3356,439,18.49953144810099,2.4199327490215534,0.13081048867699643,0.13136692593953217,5,1595,203,8091,0.12727272727272726,160820,2277,781,0.34299516908212563
47165,Sumner County,TN,20221,4101,692,20.28089609811582,3.422184857326542,0.16873933187027554,0.1682736962651557,5,1670,268,7691,0.16047904191616766,203858,2409,830,0.34454130344541306
47167,Tipton County,TN,6891,1432,247,20.780728486431578,3.5843854302713685,0.17248603351955308,0.17184868445451285,5,562,93,2539,0.16548042704626334,61656,759,264,0.34782608695652173
47169,Trousdale County,TN,1246,247,45,19.823434991974317,3.611556982343499,0.18218623481781376,0.18244793929919462,3,92,16,435,0.17391304347826086,12111,119,41,0.3445378151260504
47171,Unicoi County,TN,2250,389,55,17.288888888888888,2.4444444444444446,0.14138817480719795,0.13982693448968586,4,189,26,1030,0.13756613756613756,17674,263,90,0.34220532319391633
47173,Union County,TN,2483,613,69,24.68787756745872,2.7788964961739833,0.11256117455138662,0.11444680122688176,4,269,30,1021,0.11152416356877323,20452,250,85,0.34
47175,Van Buren County,TN,838,183,22,21.837708830548927,2.6252983293556085,0.12021857923497267,0.1250419823741142,3,93,11,404,0.11827956989247312,6429,94,32,0.3404255319148936
47177,Warren County,TN,4839,1220,133,25.21182062409589,2.748501756561273,0.10901639344262296,0.10922690878142625,5,525,54,1954,0.10285714285714286,42026,503,173,0.34393638170974156
47179,Washington County,TN,13394,3346,349,24.98133492608631,2.6056443183515006,0.10430364614465033,0.1046043604612132,5,1525,154,5712,0.10098360655737705,136172,1705,585,0.34310850439882695
47181,Wayne County,TN,2037,452,69,22.189494354442807,3.3873343151693667,0.15265486725663716,0.15311479405156403,4,190,27,808,0.14210526315789473,16308,213,73,0.3427230046948357
47183,Weakley County,TN,3547,1292,167,36.42514801240485,4.708204116154497,0.12925696594427244,0.12949780808274367,4,584,73,1499,0.125,33063,412,143,0.3470873786407767
47185,White County,TN,3162,623,109,19.70271979759646,3.4471853257432006,0.17495987158908508,0.1764169462362077,4,287,49,1364,0.17073170731707318,28064,370,127,0.34324324324324323
47187,Williamson County,TN,19202,3644,607,18.977189876054577,3.16112904905739,0.16657519209659716,0.16615148980855798,5,1348,215,6544,0.15949554896142434,260815,2779,960,0.34544800287873334
47189,Wilson County,TN,15360,2967,524,19.31640625,3.4114583333333335,0.17660936973373778,0.17649603758688528,5,1198,201,5787,0.167779632721202,158555,1801,619,0.34369794558578565
48001,Anderson County,TX,7599,1814,337,23.87156204763785,4.434794051848927,0.18577728776185226,0.1831639741391561,5,628,103,2524,0.16401273885350318,58064,705,247,0.350354609929078
48003,Andrews County,TX,1933,599,144,30.98810139679255,7.449560269011899,0.24040066777963273,0.23633464900838771,5,184,41,544,0.22282608695652173,18334,140,49,0.35
48005,Angelina County,TX,10441,2444,438,23.407719567091274,4.195000478881333,0.17921440261865793,0.17940376387121285,5,1002,168,4029,0.16766467065868262,87101,1080,379,0.3509259259259259
48007,Aransas County,TX,3712,783,132,21.09375,3.5560344827586206,0.1685823754789272,0.16889651015198237,4,400,63,1813,0.1575,24944,424,147,0.3466981132075472
48009,Archer County,TX,901,198,33,21.975582685904552,3.662597114317425,0.16666666666666666,0.169272413530568,4,88,14,380,0.1590909090909091,8835,118,40,0.3389830508474576
48011,Armstrong County,TX,190,77,9,40.526315789473685,4.7368421052631575,0.11688311688311688,0.11211148468706682,2,38,4,89,0.10526315789473684,1850,25,8,0.32
48013,Atascosa County,TX,7208,1782,472,24.722530521642618,6.548279689234184,0.2648709315375982,0.2649639316157826,5,700,177,2609,0.25285714285714284,50864,522,186,0.3563218390804598
48015,Austin County,TX,3606,710,155,19.68940654464781,4.298391569606212,0.21830985915492956,0.21824474574730526,5,322,65,1550,0.20186335403726707,31097,439,153,0.34851936218678814
48017,Bailey County,TX,853,255,56,29.894490035169987,6.56506447831184,0.2196078431372549,0.2169833953775835,4,100,20,313,0.2,6779,70,25,0.35714285714285715
48019,Bandera County,TX,3039,561,93,18.460019743336623,3.0602171767028628,0.1657754010695187,0.16865675952903644,4,290,46,1507,0.15862068965517243,22115,385,132,0.34285714285714286
48021,Bastrop County,TX,11789,2287,598,19.3994401560777,5.072525235388922,0.2614779186707477,0.2600110168945582,5,888,216,4300,0.24324324324324326,106188,1183,413,0.34911242603550297
48023,Baylor County,TX,402,93,15,23.134328358208954,3.7313432835820897,0.16129032258064516,0.16727821462405332,2,46,7,186,0.15217391304347827,3466,52,18,0.34615384615384615
48025,Bee County,TX,4626,1360,335,29.39904885430177,7.24167747514051,0.24632352941176472,0.24444450410180807,5,476,111,1498,0.23319327731092437,30394,299,106,0.35451505016722407
48027,Bell County,TX,35423,9207,2033,25.991587386726138,5.73920898851029,0.22081025306831759,0.21949821092651728,5,3214,662,11442,0.2059738643434972,388386,3795,1337,0.3523056653491436
48029,Bexar County,TX,268745,77391,18976,28.797186924407896,7.060968576159556,0.24519646987375793,0.24447248992028967,5,27643,6494,87490,0.23492385052273632,2059530,20062,7178,0.3577908483700528
48031,Blanco County,TX,1454,332,55,22.833562585969737,3.782668500687758,0.16566265060240964,0.17034863095969668,4,163,26,685,0.15950920245398773,12418,201,68,0.3383084577114428
48033,Borden County,TX,69,18,3,26.08695652173913,4.3478260869565215,0.16666666666666666,0.25,1,NA,NA,NA,NA,585,9,3,0.3333333333333333
48035,Bosque County,TX,2358,567,107,24.045801526717558,4.5377438507209495,0.18871252204585537,0.19360419132317558,4,282,51,1111,0.18085106382978725,18697,291,101,0.3470790378006873
48037,Bowie County,TX,10713,2343,576,21.870624474936992,5.376645197423691,0.24583866837387963,0.24668183948755587,5,982,230,4203,0.23421588594704684,92035,1272,451,0.35455974842767296
48039,Brazoria County,TX,40951,10580,2294,25.835754926619618,5.601816805450416,0.2168241965973535,0.21489217568070712,5,3606,732,12924,0.20299500831946754,388181,4033,1421,0.35234316885693034
48041,Brazos County,TX,19987,4446,1031,22.244458898283884,5.158352929404113,0.23189383715699505,0.23134759031832502,5,1547,336,6297,0.2171945701357466,242014,1891,660,0.3490216816499207
48043,Brewster County,TX,1291,232,51,17.9705654531371,3.9504260263361735,0.21982758620689655,0.21917471864800536,4,114,23,598,0.20175438596491227,9343,146,52,0.3561643835616438
48045,Briscoe County,TX,185,60,10,32.432432432432435,5.405405405405405,0.16666666666666666,0.170203414814977,2,28,4,81,0.14285714285714285,1431,23,8,0.34782608695652173
48047,Brooks County,TX,1483,516,122,34.79433580579906,8.22656776803776,0.2364341085271318,0.2395818569684667,4,239,55,633,0.2301255230125523,6906,79,29,0.3670886075949367
48049,Brown County,TX,4461,1200,242,26.899798251513115,5.424792647388478,0.20166666666666666,0.20307733534551772,5,539,102,1890,0.18923933209647495,38373,517,180,0.3481624758220503
48051,Burleson County,TX,2374,577,103,24.30497051390059,4.338668913226622,0.17850953206239167,0.18000620006179208,4,257,44,1001,0.17120622568093385,18657,277,98,0.35379061371841153
48053,Burnet County,TX,5893,1275,259,21.635839131172578,4.395044968606822,0.20313725490196077,0.20502787362336744,5,605,115,2659,0.19008264462809918,52502,765,262,0.34248366013071896
48055,Caldwell County,TX,6288,1688,457,26.844783715012724,7.267811704834606,0.2707345971563981,0.2696304307176483,5,649,167,2238,0.2573189522342065,47848,531,188,0.3540489642184557
48057,Calhoun County,TX,2813,569,97,20.22751510842517,3.4482758620689653,0.1704745166959578,0.1701647587999333,4,246,39,1143,0.15853658536585366,19706,256,90,0.3515625
48059,Callahan County,TX,1588,431,82,27.141057934508815,5.163727959697733,0.1902552204176334,0.19212330356540452,4,199,36,689,0.18090452261306533,14210,193,66,0.34196891191709844
48061,Cameron County,TX,73386,27875,6359,37.98408415774126,8.66514049001172,0.22812556053811658,0.22854365516537986,5,10947,2396,26300,0.21887275052525806,425208,4208,1531,0.36383079847908745
48063,Camp County,TX,1651,447,75,27.074500302846758,4.5427013930950935,0.16778523489932887,0.16690898210141913,4,204,32,706,0.1568627450980392,12716,173,61,0.35260115606936415
48065,Carson County,TX,575,202,33,35.130434782608695,5.739130434782608,0.16336633663366337,0.1713556631602195,3,96,15,258,0.15625,5784,75,26,0.3466666666666667
48067,Cass County,TX,3727,1183,230,31.741346927823987,6.171183257311511,0.1944209636517329,0.19676854824522116,4,567,106,1681,0.18694885361552027,28539,463,164,0.3542116630669546
48069,Castro County,TX,1020,416,90,40.78431372549019,8.823529411764707,0.21634615384615385,0.21809889522949114,4,181,38,408,0.20994475138121546,7298,85,30,0.35294117647058826
48071,Chambers County,TX,4635,915,189,19.741100323624597,4.077669902912621,0.20655737704918034,0.2069045202527132,5,324,64,1503,0.19753086419753085,51288,458,159,0.3471615720524017
48073,Cherokee County,TX,6203,1672,370,26.954699339029503,5.964855714976625,0.22129186602870812,0.2228759106492006,5,720,149,2518,0.20694444444444443,51645,664,233,0.3509036144578313
48075,Childress County,TX,694,221,45,31.844380403458214,6.484149855907781,0.20361990950226244,0.2027333721138258,3,90,17,260,0.18888888888888888,6809,75,26,0.3466666666666667
48077,Clay County,TX,1173,268,52,22.847399829497014,4.43307757885763,0.19402985074626866,0.1993291185432735,4,130,25,535,0.19230769230769232,10486,155,53,0.3419354838709677
48079,Cochran County,TX,349,104,25,29.799426934097422,7.163323782234957,0.2403846153846154,0.24008559794846762,3,42,9,129,0.21428571428571427,2526,30,11,0.36666666666666664
48081,Coke County,TX,398,107,15,26.884422110552762,3.7688442211055277,0.14018691588785046,0.14396672859023896,2,54,7,189,0.12962962962962962,3333,53,18,0.33962264150943394
48083,Coleman County,TX,1049,344,66,32.79313632030505,6.291706387035272,0.19186046511627908,0.19647976131446107,4,177,33,513,0.1864406779661017,7850,125,43,0.344
48085,Collin County,TX,98311,22472,3841,22.858072850444,3.9069890449695355,0.17092381630473477,0.16858645052619298,5,7112,1123,28578,0.1579021372328459,1158696,10879,3807,0.34994025186138433
48087,Collingsworth County,TX,331,102,18,30.815709969788518,5.438066465256798,0.17647058823529413,0.17391545005589956,2,46,7,139,0.15217391304347827,2568,32,11,0.34375
48089,Colorado County,TX,2722,659,122,24.210139603232918,4.481998530492285,0.18512898330804248,0.18718363057050877,4,308,54,1210,0.17532467532467533,20754,319,112,0.3510971786833856
48091,Comal County,TX,18586,4438,907,23.87818788335306,4.880017217260304,0.20437133844073907,0.20445519715421112,5,1862,358,7350,0.19226638023630505,184642,2243,773,0.3446277307177887
48093,Comanche County,TX,1779,361,74,20.29229904440697,4.1596402473299605,0.20498614958448755,0.20753812908175726,4,172,33,805,0.19186046511627908,13878,200,69,0.345
48095,Concho County,TX,603,172,34,28.524046434494196,5.638474295190713,0.19767441860465115,0.20236122399456713,4,82,15,271,0.18292682926829268,3340,56,20,0.35714285714285715
48097,Cooke County,TX,4475,1219,203,27.24022346368715,4.5363128491620115,0.16652994257588188,0.16648181230252462,5,538,84,1858,0.15613382899628253,43050,550,190,0.34545454545454546
48099,Coryell County,TX,7991,1589,331,19.8848704792892,4.142159929921161,0.20830711139081184,0.20707592864366814,5,543,104,2507,0.19152854511970535,85057,751,262,0.3488681757656458
48101,Cottle County,TX,210,50,11,23.80952380952381,5.238095238095238,0.22,0.21508188332219944,2,25,5,100,0.2,1307,22,8,0.36363636363636365
48103,Crane County,TX,571,154,45,26.970227670753065,7.880910683012259,0.2922077922077922,0.2936378143834765,3,54,15,183,0.2777777777777778,4546,43,16,0.37209302325581395
48105,Crockett County,TX,501,112,26,22.355289421157686,5.189620758483034,0.23214285714285715,0.2293915101614904,3,50,11,207,0.22,2943,36,13,0.3611111111111111
48107,Crosby County,TX,752,203,45,26.99468085106383,5.98404255319149,0.22167487684729065,0.22461302308891715,3,91,19,315,0.2087912087912088,4998,62,22,0.3548387096774194
48109,Culberson County,TX,417,95,31,22.781774580335732,7.434052757793765,0.3263157894736842,0.33465037099194805,3,43,14,176,0.32558139534883723,2155,31,11,0.3548387096774194
48111,Dallam County,TX,718,275,45,38.3008356545961,6.2674094707520895,0.16363636363636364,0.16788449254344187,3,100,16,240,0.16,7241,59,21,0.3559322033898305
48113,Dallas County,TX,318127,98103,22337,30.837684321041596,7.02140968858349,0.2276892653639542,0.22574768475918716,5,32117,6907,95568,0.21505744621228634,2600840,27763,9939,0.35799445304902205
48115,Dawson County,TX,1679,435,106,25.908278737343657,6.31328171530673,0.24367816091954023,0.2430759523420803,4,167,38,597,0.2275449101796407,12130,122,43,0.3524590163934426
48117,Deaf Smith County,TX,2382,898,208,37.699412258606216,8.732157850545759,0.23162583518930957,0.2317538955574541,5,329,72,802,0.2188449848024316,18377,164,58,0.35365853658536583
48119,Delta County,TX,630,169,23,26.825396825396826,3.6507936507936507,0.13609467455621302,0.14099562868829815,3,82,11,288,0.13414634146341464,5406,74,26,0.35135135135135137
48121,Denton County,TX,86272,20861,3534,24.180498887240358,4.09634643916914,0.16940702746752312,0.16686866602999603,5,6537,1020,24932,0.15603487838458008,977281,9058,3149,0.3476484875248399
48123,DeWitt County,TX,2828,572,101,20.226308345120227,3.5714285714285716,0.17657342657342656,0.1775571691859472,4,239,39,1113,0.16317991631799164,19772,275,98,0.3563636363636364
48125,Dickens County,TX,248,73,13,29.43548387096774,5.241935483870968,0.1780821917808219,0.1851000796160215,2,36,6,117,0.16666666666666666,1726,29,10,0.3448275862068966
48127,Dimmit County,TX,1602,503,124,31.39825218476904,7.740324594257179,0.24652087475149106,0.2494556580784069,4,222,54,647,0.24324324324324326,8387,98,36,0.3673469387755102
48129,Donley County,TX,395,141,19,35.69620253164557,4.810126582278481,0.1347517730496454,0.13215089295449112,2,72,9,191,0.125,3339,51,18,0.35294117647058826
48131,Duval County,TX,1996,599,145,30.01002004008016,7.264529058116232,0.24207011686143573,0.24444414571046477,4,266,62,812,0.23308270676691728,9888,117,43,0.36752136752136755
48133,Eastland County,TX,2113,509,90,24.088973024136298,4.259346900141979,0.17681728880157171,0.17939872273227725,4,241,41,944,0.17012448132780084,17944,249,86,0.3453815261044177
48135,Ector County,TX,17715,3986,1219,22.500705616709002,6.881174146203782,0.3058203712995484,0.303677439191129,5,1267,366,5103,0.2888713496448303,160869,1202,424,0.3527454242928453
48137,Edwards County,TX,258,75,16,29.069767441860463,6.2015503875969,0.21333333333333335,0.22070238130061862,2,41,8,134,0.1951219512195122,1422,24,9,0.375
48139,Ellis County,TX,21738,5748,1078,26.44217499309964,4.959057871009293,0.18754349338900486,0.18588138388226386,5,2028,354,7165,0.17455621301775148,212182,2182,761,0.34876260311640694
48141,El Paso County,TX,137187,38922,9541,28.371492925714534,6.954740609532974,0.24513128821746055,0.24528644794242263,5,14358,3424,45844,0.23847332497562335,868763,8383,3054,0.36430872002862935
48143,Erath County,TX,3931,772,165,19.638768761129484,4.197405240396845,0.21373056994818654,0.21421767270256192,5,317,63,1503,0.19873817034700317,43895,429,148,0.34498834498834496
48145,Falls County,TX,2523,660,144,26.159334126040427,5.707491082045184,0.21818181818181817,0.2197016543078306,4,282,58,1011,0.20567375886524822,17049,253,91,0.35968379446640314
48147,Fannin County,TX,4126,1016,135,24.624333494910324,3.271934076587494,0.1328740157480315,0.13309185420279934,5,421,52,1611,0.12351543942992874,37125,454,157,0.3458149779735683
48149,Fayette County,TX,3180,613,131,19.27672955974843,4.119496855345912,0.2137030995106036,0.22005196178911515,4,308,62,1519,0.2012987012987013,24913,425,148,0.34823529411764703
48151,Fisher County,TX,501,119,25,23.75249500998004,4.990019960079841,0.21008403361344538,0.20618982146562673,4,57,11,229,0.19298245614035087,3622,57,20,0.3508771929824561
48153,Floyd County,TX,789,224,47,28.39036755386565,5.9569074778200255,0.20982142857142858,0.21299868830779486,4,99,20,327,0.20202020202020202,5235,66,24,0.36363636363636365
48155,Foard County,TX,151,33,5,21.85430463576159,3.3112582781456954,0.15151515151515152,0.17437521325720054,2,16,2,70,0.125,1057,19,7,0.3684210526315789
48157,Fort Bend County,TX,95618,28491,5414,29.796690999602585,5.662113827940346,0.19002492015022288,0.18861810336806503,5,9720,1776,29993,0.18271604938271604,889146,9717,3464,0.356488628177421
48159,Franklin County,TX,1197,355,58,29.65747702589808,4.845446950710109,0.16338028169014085,0.16618486700564014,4,169,26,541,0.15384615384615385,10618,153,53,0.3464052287581699
48161,Freestone County,TX,2580,510,93,19.767441860465116,3.604651162790698,0.18235294117647058,0.18184181338960348,4,224,38,1068,0.16964285714285715,19950,299,106,0.35451505016722407
48163,Frio County,TX,2992,789,224,26.370320855614974,7.4866310160427805,0.28390367553865653,0.2840025296213375,5,293,80,998,0.27303754266211605,17815,164,59,0.3597560975609756
48165,Gaines County,TX,2030,624,137,30.738916256157637,6.748768472906404,0.21955128205128205,0.21879948192594306,5,196,42,575,0.21428571428571427,22181,154,54,0.35064935064935066
48167,Galveston County,TX,37636,7990,1779,21.22967371665427,4.726857264321394,0.22265331664580726,0.22201775938782656,5,3075,654,13455,0.2126829268292683,357117,4252,1496,0.35183443085606775
48169,Garza County,TX,792,176,46,22.22222222222222,5.808080808080808,0.26136363636363635,0.2617472861837734,3,51,12,216,0.23529411764705882,6262,54,19,0.35185185185185186
48171,Gillespie County,TX,3070,780,141,25.407166123778502,4.592833876221499,0.18076923076923077,0.18817079199063527,4,415,71,1557,0.1710843373493976,27477,491,170,0.34623217922606925
48173,Glasscock County,TX,117,30,6,25.641025641025642,5.128205128205129,0.2,0.1851000796160215,2,12,2,42,0.16666666666666666,1164,11,4,0.36363636363636365
48175,Goliad County,TX,1049,221,48,21.067683508102956,4.575786463298379,0.2171945701357466,0.2238802476129149,4,104,22,468,0.21153846153846154,7131,113,40,0.35398230088495575
48177,Gonzales County,TX,2754,585,134,21.241830065359476,4.8656499636891795,0.22905982905982905,0.22839430374582895,5,243,52,1071,0.2139917695473251,19832,241,86,0.35684647302904565
48179,Gray County,TX,2426,894,186,36.85078318219291,7.666941467436109,0.2080536912751678,0.2084116658702388,4,347,66,890,0.19020172910662825,21015,240,83,0.3458333333333333
48181,Grayson County,TX,14556,3376,587,23.193184940917835,4.032701291563616,0.1738744075829384,0.1746739270812211,5,1463,242,5906,0.16541353383458646,143131,1740,600,0.3448275862068966
48183,Gregg County,TX,13782,3622,680,26.280655928022057,4.933971847337107,0.18774157923799006,0.18819962840496193,5,1443,255,5134,0.17671517671517672,125443,1553,547,0.35222150676110753
48185,Grimes County,TX,4063,1041,201,25.621461973910904,4.947083435884815,0.1930835734870317,0.19328803151242724,5,436,79,1613,0.1811926605504587,30754,415,146,0.35180722891566263
48187,Guadalupe County,TX,20710,5473,1220,26.42684693384838,5.89087397392564,0.22291247944454595,0.2220547037966264,5,2046,429,7173,0.20967741935483872,182760,2012,711,0.3533797216699801
48189,Hale County,TX,4356,1393,328,31.978879706152433,7.529843893480257,0.23546302943287867,0.23489542592208074,5,523,116,1510,0.22179732313575526,31827,319,113,0.3542319749216301
48191,Hall County,TX,434,130,23,29.953917050691246,5.299539170506913,0.17692307692307693,0.17881614813521005,2,62,10,195,0.16129032258064516,2810,47,17,0.3617021276595745
48193,Hamilton County,TX,942,168,33,17.8343949044586,3.5031847133757963,0.19642857142857142,0.19971661815067257,4,82,16,436,0.1951219512195122,8298,133,46,0.3458646616541353
48195,Hansford County,TX,560,221,41,39.464285714285715,7.321428571428571,0.18552036199095023,0.18758292981225813,3,86,15,205,0.1744186046511628,5151,53,19,0.3584905660377358
48197,Hardeman County,TX,446,99,20,22.19730941704036,4.484304932735426,0.20202020202020202,0.20381651532337952,3,47,9,199,0.19148936170212766,3516,52,18,0.34615384615384615
48199,Hardin County,TX,5822,1212,180,20.81758845757472,3.091721058055651,0.1485148514851485,0.14873411433624015,5,522,75,2336,0.14367816091954022,57811,686,237,0.3454810495626822
48201,Harris County,TX,576794,146368,38097,25.37613081966872,6.6049577492137574,0.26028230214254483,0.25831767586689897,5,48220,11922,174084,0.2472418083782663,4780913,48624,17385,0.35753948667324775
48203,Harrison County,TX,8613,2153,430,24.997097410890515,4.992453268315337,0.19972131908964236,0.20077153264258787,5,934,180,3491,0.19271948608137046,69955,982,349,0.35539714867617106
48205,Hartley County,TX,569,176,25,30.93145869947276,4.393673110720562,0.14204545454545456,0.13820019855048402,3,60,7,185,0.11666666666666667,5208,61,21,0.3442622950819672
48207,Haskell County,TX,742,284,34,38.274932614555254,4.5822102425876015,0.11971830985915492,0.12159022978513515,4,131,15,323,0.11450381679389313,5403,78,27,0.34615384615384615
48209,Hays County,TX,23652,6536,1379,27.63402672078471,5.830373752748182,0.21098531211750307,0.20915777461592963,5,2289,447,7627,0.19528178243774574,269225,2264,781,0.34496466431095407
48211,Hemphill County,TX,312,114,22,36.53846153846154,7.051282051282051,0.19298245614035087,0.19416027051645382,2,46,8,118,0.17391304347826086,3217,39,14,0.358974358974359
48213,Henderson County,TX,10475,2580,448,24.630071599045348,4.276849642004773,0.17364341085271318,0.17437348101286976,5,1226,201,4724,0.1639477977161501,84511,1233,425,0.3446877534468775
48215,Hidalgo County,TX,140136,52840,11569,37.70622823542844,8.255551749728834,0.2189439818319455,0.21886148888323456,5,18881,3960,45098,0.2097346538848578,888367,7488,2728,0.3643162393162393
48217,Hill County,TX,4456,1027,194,23.0475763016158,4.353680430879713,0.18889970788704966,0.19148003665823443,5,468,83,1913,0.17735042735042736,37329,514,178,0.3463035019455253
48219,Hockley County,TX,2458,866,187,35.231895850284786,7.607811228641172,0.21593533487297922,0.21530691292170281,5,345,70,906,0.2028985507246377,21161,225,79,0.3511111111111111
48221,Hood County,TX,7496,1812,231,24.17289220917823,3.0816435432230525,0.12748344370860928,0.1287878334650506,5,919,111,3608,0.12078346028291621,66373,1020,349,0.34215686274509804
48223,Hopkins County,TX,4063,1083,162,26.65518090081221,3.987201575190746,0.14958448753462603,0.1501486430926758,5,476,68,1672,0.14285714285714285,37804,486,170,0.3497942386831276
48225,Houston County,TX,3375,736,123,21.807407407407407,3.6444444444444444,0.1671195652173913,0.1703815621461987,4,323,50,1423,0.15479876160990713,21950,379,135,0.3562005277044855
48227,Howard County,TX,4390,906,265,20.637813211845103,6.0364464692482915,0.2924944812362031,0.2900330210365838,5,292,80,1321,0.273972602739726,33672,327,115,0.3516819571865443
48229,Hudspeth County,TX,573,173,33,30.19197207678883,5.7591623036649215,0.1907514450867052,0.19733683409689246,3,69,13,206,0.18840579710144928,3432,26,9,0.34615384615384615
48231,Hunt County,TX,11389,4035,509,35.42892264465713,4.469224690490824,0.1261462205700124,0.12599379658121146,5,1631,194,4301,0.11894543225015328,108282,1207,419,0.3471416735708368
48233,Hutchinson County,TX,2266,786,158,34.686672550750224,6.972639011473963,0.2010178117048346,0.20238879489424333,4,337,64,907,0.18991097922848665,20215,235,81,0.3446808510638298
48235,Irion County,TX,187,51,8,27.272727272727273,4.278074866310161,0.1568627450980392,0.15047110103190747,2,23,3,78,0.13043478260869565,1530,21,7,0.3333333333333333
48237,Jack County,TX,929,205,30,22.066738428417654,3.2292787944025836,0.14634146341463414,0.14640810792124984,4,82,11,352,0.13414634146341464,8922,100,34,0.34
48239,Jackson County,TX,1869,416,80,22.257891920813268,4.280363830925629,0.19230769230769232,0.19497503203183902,4,187,34,784,0.18181818181818182,15142,204,72,0.35294117647058826
48241,Jasper County,TX,4240,1020,190,24.056603773584907,4.481132075471698,0.18627450980392157,0.1871603944462527,5,470,84,1845,0.17872340425531916,32484,487,170,0.3490759753593429
48243,Jeff Davis County,TX,351,70,14,19.943019943019944,3.988603988603989,0.2,0.20311976019148056,2,39,7,190,0.1794871794871795,1903,46,16,0.34782608695652173
48245,Jefferson County,TX,35412,8459,1697,23.887382808087654,4.792160849429572,0.2006147298735075,0.20034001099106552,5,3208,616,12421,0.19201995012468828,250830,3553,1285,0.3616661975795103
48247,Jim Hogg County,TX,922,273,68,29.609544468546638,7.375271149674621,0.2490842490842491,0.24898765874942796,3,125,30,389,0.24,4763,58,21,0.3620689655172414
48249,Jim Wells County,TX,6659,2058,484,30.905541372578465,7.268358612404265,0.23517978620019436,0.2353676829632094,5,857,195,2542,0.22753792298716452,38826,431,156,0.3619489559164733
48251,Johnson County,TX,19164,5723,891,29.863285326654143,4.649342517219787,0.15568757644591996,0.15486320923863567,5,2152,311,6735,0.14451672862453532,195506,1935,666,0.34418604651162793
48253,Jones County,TX,2511,1015,163,40.42214257268021,6.4914376742333735,0.1605911330049261,0.15989451079320913,4,376,55,880,0.14627659574468085,19935,223,78,0.34977578475336324
48255,Karnes County,TX,2076,488,110,23.50674373795761,5.298651252408478,0.22540983606557377,0.22525858126437856,4,177,37,698,0.20903954802259886,14836,149,53,0.35570469798657717
48257,Kaufman County,TX,15616,3918,732,25.08965163934426,4.6875,0.18683001531393567,0.18415395081246527,5,1293,222,4778,0.1716937354988399,172366,1534,533,0.3474576271186441
48259,Kendall County,TX,4337,1014,211,23.380216739681806,4.865114134194143,0.20808678500986194,0.20757800859570472,5,426,83,1715,0.19483568075117372,48973,638,222,0.34796238244514105
48261,Kenedy County,TX,72,20,4,27.77777777777778,5.555555555555555,0.2,0.2222222222222222,2,9,2,30,0.2222222222222222,358,5,2,0.4
48263,Kent County,TX,88,32,5,36.36363636363637,5.681818181818182,0.15625,0.13860002274743471,2,15,2,41,0.13333333333333333,740,12,4,0.3333333333333333
48265,Kerr County,TX,6837,1536,336,22.465993856954803,4.914436156208864,0.21875,0.22421281510747493,5,798,163,3386,0.20426065162907267,53741,927,322,0.34735706580366776
48267,Kimble County,TX,627,169,33,26.953748006379584,5.2631578947368425,0.1952662721893491,0.1994129671613804,3,94,17,333,0.18085106382978725,4422,78,27,0.34615384615384615
48271,Kinney County,TX,538,119,34,22.118959107806692,6.319702602230484,0.2857142857142857,0.28414008110639827,4,57,15,246,0.2631578947368421,3128,49,18,0.3673469387755102
48273,Kleberg County,TX,4313,1321,307,30.628332946904706,7.118015302573615,0.2323996971990916,0.2339898656257884,5,553,125,1635,0.22603978300180833,30362,287,104,0.3623693379790941
48275,Knox County,TX,450,152,28,33.77777777777778,6.222222222222222,0.18421052631578946,0.17665888064959384,3,69,12,192,0.17391304347826086,3273,44,16,0.36363636363636365
48277,Lamar County,TX,5850,1784,266,30.495726495726494,4.547008547008547,0.1491031390134529,0.14905543173415345,5,793,112,2444,0.14123581336696092,50484,685,239,0.34890510948905107
48279,Lamb County,TX,1781,524,118,29.421673217293655,6.625491297024143,0.22519083969465647,0.22486377291108212,4,216,46,682,0.21296296296296297,12724,152,54,0.35526315789473684
48281,Lampasas County,TX,2572,568,116,22.08398133748056,4.5101088646967344,0.20422535211267606,0.20323406633961916,4,250,48,1074,0.192,22785,309,107,0.34627831715210355
48283,La Salle County,TX,1165,261,71,22.40343347639485,6.094420600858369,0.2720306513409962,0.27428673093928047,4,105,28,422,0.26666666666666666,6604,66,24,0.36363636363636365
48285,Lavaca County,TX,2486,466,94,18.744971842316975,3.7811745776347547,0.2017167381974249,0.2003188715531943,4,224,43,1121,0.19196428571428573,20589,319,112,0.3510971786833856
48287,Lee County,TX,2252,485,122,21.536412078152754,5.41740674955595,0.2515463917525773,0.25080837589467997,4,208,49,919,0.23557692307692307,17954,257,90,0.35019455252918286
48289,Leon County,TX,2037,430,91,21.10947471772214,4.4673539518900345,0.2116279069767442,0.2150443541090408,4,217,44,974,0.20276497695852536,16209,260,91,0.35
48291,Liberty County,TX,10500,1832,399,17.447619047619046,3.8,0.2177947598253275,0.21609546435874427,5,657,133,3492,0.2024353120243531,101992,939,326,0.34717784877529284
48293,Limestone County,TX,3018,562,88,18.621603711066932,2.9158383035122597,0.15658362989323843,0.15795180327494493,4,250,37,1272,0.148,22253,343,122,0.3556851311953353
48295,Lipscomb County,TX,331,110,20,33.23262839879154,6.042296072507553,0.18181818181818182,0.18218159648240145,2,45,7,129,0.15555555555555556,2854,38,13,0.34210526315789475
48297,Live Oak County,TX,1635,459,104,28.073394495412845,6.36085626911315,0.22657952069716775,0.22898316135578117,4,207,44,693,0.21256038647342995,11428,158,56,0.35443037974683544
48299,Llano County,TX,2960,591,88,19.966216216216218,2.972972972972973,0.14890016920473773,0.15144808254934608,4,345,49,1662,0.14202898550724638,22540,482,166,0.34439834024896265
48303,Lubbock County,TX,29797,8536,1521,28.64717924623284,5.1045407255764,0.17818650421743204,0.17810852447655887,5,3250,546,10419,0.168,317561,2956,1034,0.3497970230040595
48305,Lynn County,TX,712,221,46,31.03932584269663,6.46067415730337,0.2081447963800905,0.21040043612307827,3,90,18,268,0.2,5724,63,23,0.36507936507936506
48307,McCulloch County,TX,1040,243,52,23.365384615384617,5,0.2139917695473251,0.21273170101471653,4,121,25,490,0.2066115702479339,7497,113,39,0.34513274336283184
48309,McLennan County,TX,27998,7790,1582,27.823415958282734,5.650403600257161,0.2030808729139923,0.2035952663540513,5,3130,601,10429,0.19201277955271565,266836,3015,1066,0.3535655058043118
48311,McMullen County,TX,96,21,4,21.875,4.166666666666667,0.19047619047619047,0.21228894196623657,2,10,2,42,0.2,576,9,3,0.3333333333333333
48313,Madison County,TX,1590,396,98,24.90566037735849,6.163522012578617,0.2474747474747475,0.2467112454450954,4,161,37,601,0.22981366459627328,13661,159,56,0.3522012578616352
48315,Marion County,TX,1569,451,80,28.74442319949012,5.098789037603569,0.17738359201773837,0.179604279800292,4,228,39,752,0.17105263157894737,9560,193,68,0.35233160621761656
48317,Martin County,TX,526,112,25,21.29277566539924,4.752851711026616,0.22321428571428573,0.21931246654658135,3,39,8,170,0.20512820512820512,5217,43,15,0.3488372093023256
48319,Mason County,TX,544,128,25,23.529411764705884,4.595588235294118,0.1953125,0.20836033463313777,2,69,13,283,0.18840579710144928,3982,73,26,0.3561643835616438
48321,Matagorda County,TX,5106,1115,295,21.8370544457501,5.777516647081865,0.2645739910313901,0.26513165491594,5,471,118,2016,0.2505307855626327,36125,461,164,0.3557483731019523
48323,Maverick County,TX,10243,3773,977,36.834911646978426,9.538221224250707,0.2589451364961569,0.25954966505106547,5,1434,364,3497,0.25383542538354253,57843,494,181,0.36639676113360325
48325,Medina County,TX,7344,1647,397,22.426470588235293,5.405773420479303,0.24104432301153614,0.24086203321496436,5,670,153,2796,0.22835820895522388,53723,630,222,0.3523809523809524
48327,Menard County,TX,345,76,15,22.028985507246375,4.3478260869565215,0.19736842105263158,0.19955668946602045,2,42,8,178,0.19047619047619047,1968,38,13,0.34210526315789475
48329,Midland County,TX,15593,3134,804,20.098762265118964,5.156159815301738,0.25654116145500955,0.25449515815129525,5,989,237,4483,0.2396359959555106,171999,1380,486,0.3521739130434783
48331,Milam County,TX,3323,957,211,28.799277761059283,6.349684020463437,0.22048066875653083,0.2215755630351916,5,437,91,1428,0.20823798627002288,25628,368,129,0.35054347826086957
48333,Mills County,TX,579,109,23,18.825561312607945,3.9723661485319517,0.21100917431192662,0.21157021411348415,3,57,11,285,0.19298245614035087,4500,78,27,0.34615384615384615
48335,Mitchell County,TX,1125,368,87,32.71111111111111,7.733333333333333,0.23641304347826086,0.23715599212529268,4,146,32,415,0.2191780821917808,8943,93,33,0.3548387096774194
48337,Montague County,TX,2268,503,92,22.178130511463845,4.056437389770723,0.18290258449304175,0.1827426914868509,4,241,42,1026,0.17427385892116182,21063,287,98,0.34146341463414637
48339,Montgomery County,TX,61823,12431,2534,20.107403393559032,4.09879818190641,0.2038452256455635,0.20218949322297564,5,4515,849,20915,0.18803986710963455,678490,6727,2321,0.34502750111491004
48341,Moore County,TX,2455,953,212,38.818737270875765,8.635437881873727,0.22245540398740818,0.22145837949019412,5,329,69,785,0.20972644376899696,20996,180,64,0.35555555555555557
48343,Morris County,TX,1660,381,71,22.951807228915662,4.27710843373494,0.18635170603674542,0.1916300152744635,4,179,32,737,0.1787709497206704,12083,198,70,0.35353535353535354
48345,Motley County,TX,142,39,6,27.464788732394368,4.225352112676056,0.15384615384615385,0.16027263421503976,2,22,4,77,0.18181818181818182,1032,19,7,0.3684210526315789
48347,Nacogdoches County,TX,6861,1663,375,24.23844920565515,5.465675557498907,0.22549609140108237,0.22624889934490078,5,706,150,2714,0.21246458923512748,64862,754,264,0.35013262599469497
48349,Navarro County,TX,6479,1815,262,28.01358234295416,4.043833924988424,0.1443526170798898,0.14417755335751925,5,750,101,2512,0.13466666666666666,54636,668,235,0.35179640718562877
48351,Newton County,TX,1778,364,76,20.47244094488189,4.274465691788526,0.2087912087912088,0.20714721295483324,4,168,34,773,0.20238095238095238,12052,208,74,0.3557692307692308
48353,Nolan County,TX,1859,565,101,30.392684238838086,5.433028509951587,0.17876106194690267,0.18079406703971682,4,252,43,768,0.17063492063492064,14473,179,63,0.35195530726256985
48355,Nueces County,TX,50889,17643,3493,34.66957495725992,6.863958812317004,0.19798220257325852,0.19812601250612377,5,6967,1327,18477,0.19046935553322808,351674,3894,1395,0.35824345146379044
48357,Ochiltree County,TX,1034,370,81,35.783365570599614,7.833655705996131,0.21891891891891893,0.2151609057897484,4,128,25,335,0.1953125,9606,85,30,0.35294117647058826
48359,Oldham County,TX,177,57,8,32.20338983050848,4.519774011299435,0.14035087719298245,0.1320376880825526,2,23,3,66,0.13043478260869565,1752,20,7,0.35
48361,Orange County,TX,9212,1887,269,20.48415110725141,2.920104211897525,0.14255431902490726,0.142706678389389,5,771,106,3498,0.13748378728923477,84934,967,336,0.3474663908996898
48363,Palo Pinto County,TX,3348,794,112,23.715651135005974,3.3452807646356035,0.14105793450881612,0.14115496726964366,4,363,48,1441,0.1322314049586777,29239,379,130,0.34300791556728233
48365,Panola County,TX,2733,644,116,23.563849249908525,4.2444200512257595,0.18012422360248448,0.18350045250248842,4,302,52,1206,0.17218543046357615,22677,330,116,0.3515151515151515
48367,Parker County,TX,14967,4803,596,32.0905993185007,3.982093940001336,0.12408911097230897,0.12399823290382735,5,1914,225,5568,0.11755485893416928,165834,1766,604,0.3420158550396376
48369,Parmer County,TX,1282,403,77,31.435257410296412,6.006240249609984,0.19106699751861042,0.1937968820122306,4,152,27,449,0.17763157894736842,9620,101,36,0.3564356435643564
48371,Pecos County,TX,2256,521,137,23.093971631205672,6.072695035460993,0.2629558541266795,0.2631812045746119,4,194,49,766,0.25257731958762886,14735,143,51,0.35664335664335667
48373,Polk County,TX,6761,1328,258,19.642064783316076,3.816003549770744,0.19427710843373494,0.19309444312521704,5,559,102,2732,0.18246869409660108,53255,661,222,0.3358547655068079
48375,Potter County,TX,12987,4825,1053,37.15253715253715,8.108108108108109,0.21823834196891193,0.21720598662097845,5,1741,355,4352,0.20390580126364158,115645,1203,425,0.35328345802161265
48377,Presidio County,TX,1175,292,80,24.851063829787233,6.808510638297872,0.273972602739726,0.2817782306390317,4,146,39,538,0.2671232876712329,5939,96,37,0.3854166666666667
48379,Rains County,TX,1582,459,66,29.013906447534765,4.171934260429835,0.1437908496732026,0.14602186300751327,4,232,32,757,0.13793103448275862,12823,198,68,0.3434343434343434
48381,Randall County,TX,12513,4706,884,37.60888675777192,7.064652761128427,0.1878453038674033,0.1874997406921139,5,1893,328,4695,0.17326994189117803,146140,1512,519,0.34325396825396826
48383,Reagan County,TX,417,115,28,27.577937649880095,6.71462829736211,0.24347826086956523,0.2503200288856603,3,39,9,132,0.23076923076923078,3135,27,10,0.37037037037037035
48385,Real County,TX,449,96,25,21.380846325167038,5.567928730512249,0.2604166666666667,0.274047039074465,2,53,13,235,0.24528301886792453,2840,51,18,0.35294117647058826
48387,Red River County,TX,1661,446,83,26.851294400963276,4.996989765201686,0.1860986547085202,0.18827689197908365,4,220,39,777,0.17727272727272728,11542,205,73,0.35609756097560974
48389,Reeves County,TX,2336,495,142,21.190068493150687,6.078767123287672,0.2868686868686869,0.28684129179727613,4,174,49,742,0.28160919540229884,12905,118,43,0.3644067796610169
48391,Refugio County,TX,1113,274,56,24.61814914645103,5.031446540880503,0.20437956204379562,0.2072630845469894,4,130,25,494,0.19230769230769232,6632,100,36,0.36
48393,Roberts County,TX,75,25,3,33.333333333333336,4,0.12,0.08968467050339952,2,13,1,36,0.07692307692307693,803,11,4,0.36363636363636365
48395,Robertson County,TX,2300,529,120,23,5.217391304347826,0.22684310018903592,0.22908138920285173,4,240,51,979,0.2125,17153,263,94,0.3574144486692015
48397,Rockwall County,TX,10126,2400,419,23.70136282836263,4.137862927118309,0.17458333333333334,0.1723961090193203,5,807,130,3183,0.161090458488228,123208,1176,407,0.3460884353741497
48399,Runnels County,TX,1273,371,78,29.143754909662213,6.12725844461901,0.21024258760107817,0.211952455581736,4,171,34,549,0.19883040935672514,9859,132,46,0.3484848484848485
48401,Rusk County,TX,6523,1696,319,26.000306607389238,4.8903878583473865,0.18808962264150944,0.18800253597992284,5,681,120,2468,0.1762114537444934,53333,706,249,0.3526912181303116
48403,Sabine County,TX,1530,315,41,20.58823529411765,2.679738562091503,0.13015873015873017,0.128685553921848,4,170,21,791,0.12352941176470589,10048,196,68,0.3469387755102041
48405,San Augustine County,TX,1297,365,56,28.141865844255975,4.317656129529684,0.15342465753424658,0.15573260973304673,4,175,25,595,0.14285714285714285,7857,154,55,0.35714285714285715
48407,San Jacinto County,TX,3784,634,105,16.75475687103594,2.7748414376321353,0.16561514195583596,0.16679230093455288,4,303,48,1718,0.15841584158415842,28348,438,152,0.3470319634703196
48409,San Patricio County,TX,9734,2894,622,29.730840353400453,6.389973289500719,0.21492743607463718,0.21457282394141175,5,1152,236,3572,0.2048611111111111,69954,727,257,0.3535075653370014
48411,San Saba County,TX,753,195,36,25.89641434262948,4.780876494023905,0.18461538461538463,0.18812000924211178,4,96,17,349,0.17708333333333334,5824,82,28,0.34146341463414637
48413,Schleicher County,TX,336,117,26,34.82142857142857,7.738095238095238,0.2222222222222222,0.226825333555219,2,57,12,153,0.21052631578947367,2357,34,12,0.35294117647058826
48415,Scurry County,TX,1898,539,99,28.39831401475237,5.216016859852476,0.1836734693877551,0.18424812536001645,4,201,35,661,0.17412935323383086,16686,176,62,0.3522727272727273
48417,Shackelford County,TX,341,84,15,24.633431085043988,4.39882697947214,0.17857142857142858,0.1680257022687345,2,39,6,148,0.15384615384615385,3186,41,14,0.34146341463414637
48419,Shelby County,TX,3029,997,169,32.915153516011884,5.579399141630901,0.16950852557673018,0.1710388646713726,5,428,68,1225,0.1588785046728972,24008,327,115,0.3516819571865443
48421,Sherman County,TX,310,108,24,34.83870967741935,7.741935483870968,0.2222222222222222,0.21559460061883925,2,41,8,110,0.1951219512195122,2799,31,11,0.3548387096774194
48423,Smith County,TX,24955,6347,1230,25.43378080544981,4.928871969545181,0.1937923428391366,0.1944966551858286,5,2673,486,9828,0.18181818181818182,241922,3139,1108,0.35297865562280983
48425,Somervell County,TX,997,264,42,26.479438314944833,4.212637913741224,0.1590909090909091,0.15620130942395935,4,114,17,405,0.14912280701754385,9757,125,43,0.344
48427,Starr County,TX,12659,4141,1018,32.711904573820995,8.0417094557232,0.24583433953151412,0.24617464406347708,5,1549,371,4237,0.2395093608779858,65728,548,201,0.36678832116788324
48429,Stephens County,TX,1072,217,48,20.242537313432837,4.477611940298507,0.22119815668202766,0.22368132111618066,4,100,21,465,0.21,9390,121,42,0.34710743801652894
48431,Sterling County,TX,148,49,8,33.108108108108105,5.405405405405405,0.16326530612244897,0.16736231360149523,2,17,3,48,0.17647058823529413,1417,14,5,0.35714285714285715
48433,Stonewall County,TX,151,49,7,32.450331125827816,4.635761589403973,0.14285714285714285,0.1348750426514401,2,24,3,69,0.125,1182,20,7,0.35
48435,Sutton County,TX,487,156,40,32.03285420944559,8.213552361396303,0.2564102564102564,0.2639497075996675,3,69,17,202,0.2463768115942029,3217,42,15,0.35714285714285715
48437,Swisher County,TX,892,313,68,35.08968609865471,7.623318385650224,0.21725239616613418,0.21953259935839736,4,128,26,342,0.203125,6881,81,29,0.35802469135802467
48439,Tarrant County,TX,240147,72876,15014,30.346412822146434,6.252003980895035,0.2060211866732532,0.20393529052137624,5,24208,4643,74035,0.19179610046265697,2154595,21840,7683,0.3517857142857143
48441,Taylor County,TX,13442,3627,702,26.982591876208897,5.222437137330754,0.1935483870967742,0.19442797981158527,5,1488,273,5083,0.18346774193548387,145163,1498,523,0.34913217623498
48443,Terrell County,TX,141,34,7,24.113475177304963,4.964539007092198,0.20588235294117646,0.2276501194240323,2,20,4,77,0.2,693,14,5,0.35714285714285715
48445,Terry County,TX,1551,398,72,25.6608639587363,4.6421663442940035,0.18090452261306533,0.1842415382762245,4,156,27,567,0.17307692307692307,11567,122,43,0.3524590163934426
48447,Throckmorton County,TX,173,39,7,22.54335260115607,4.046242774566474,0.1794871794871795,0.1742665180800191,2,19,3,81,0.15789473684210525,1550,25,9,0.36
48449,Titus County,TX,3575,878,204,24.55944055944056,5.706293706293707,0.23234624145785876,0.2318282588386021,5,334,71,1278,0.2125748502994012,31208,341,120,0.3519061583577713
48451,Tom Green County,TX,13380,3526,747,26.352765321375188,5.582959641255606,0.2118547929665343,0.21288722223424408,5,1474,295,5181,0.20013568521031208,118892,1326,466,0.3514328808446455
48453,Travis County,TX,118419,29798,6882,25.163191717545327,5.811567400501609,0.23095509765756092,0.22861672381687054,5,9372,2041,33747,0.21777635510029877,1326436,11576,4052,0.35003455425017277
48455,Trinity County,TX,2006,385,70,19.192422731804587,3.489531405782652,0.18181818181818182,0.18069962232428172,4,202,35,1000,0.17326732673267325,13996,239,83,0.3472803347280335
48457,Tyler County,TX,2508,589,86,23.484848484848484,3.4290271132376398,0.1460101867572156,0.14645135712605797,4,288,40,1156,0.1388888888888889,20030,301,105,0.3488372093023256
48459,Upshur County,TX,4721,1081,151,22.897691167125608,3.1984748993857233,0.1396854764107308,0.13906726434307157,5,482,65,1971,0.13485477178423236,42488,554,193,0.3483754512635379
48461,Upton County,TX,426,96,21,22.535211267605632,4.929577464788732,0.21875,0.20882470042041723,3,39,8,161,0.20512820512820512,3152,35,13,0.37142857142857144
48463,Uvalde County,TX,3765,1340,301,35.590969455511285,7.99468791500664,0.22462686567164178,0.2258228349133832,5,565,121,1458,0.21415929203539824,24940,275,99,0.36
48465,Val Verde County,TX,7318,2382,599,32.549877015578026,8.185296529106314,0.25146935348446686,0.2525542721587622,5,950,230,2643,0.24210526315789474,47606,463,170,0.367170626349892
48467,Van Zandt County,TX,6904,1774,295,25.695249130938585,4.2728852838933955,0.16629086809470123,0.16720399953063841,5,809,129,2960,0.15945611866501855,62859,824,284,0.3446601941747573
48469,Victoria County,TX,11661,2318,487,19.878226567189778,4.176314209759026,0.2100949094046592,0.21084988991642983,5,976,195,4548,0.19979508196721313,91065,1073,380,0.35414725069897485
48471,Walker County,TX,9691,2156,475,22.24744608399546,4.901454958208647,0.22031539888682747,0.2171500045337619,5,751,150,3217,0.19973368841544606,78870,926,326,0.35205183585313177
48473,Waller County,TX,6488,1569,401,24.183107274969174,6.180641183723798,0.2555768005098789,0.25466767746400326,5,573,139,2182,0.2425828970331588,61894,586,207,0.3532423208191126
48475,Ward County,TX,1425,252,59,17.68421052631579,4.140350877192983,0.23412698412698413,0.23930394123673168,4,94,21,488,0.22340425531914893,10964,108,39,0.3611111111111111
48477,Washington County,TX,4270,824,195,19.297423887587822,4.566744730679157,0.2366504854368932,0.23981291026453594,5,390,88,1905,0.22564102564102564,36159,586,207,0.3532423208191126
48479,Webb County,TX,45722,16732,3867,36.595074581164425,8.457635274047504,0.23111403299067654,0.2306126530072232,5,5574,1251,13632,0.22443487621097954,267780,2079,759,0.36507936507936506
48481,Wharton County,TX,5685,1335,322,23.482849604221634,5.664028144239226,0.24119850187265918,0.24297223737347137,5,567,130,2254,0.2292768959435626,41824,548,196,0.35766423357664234
48483,Wheeler County,TX,560,209,32,37.32142857142857,5.714285714285714,0.15311004784688995,0.16022343889113297,3,97,14,247,0.14432989690721648,4807,65,23,0.35384615384615387
48485,Wichita County,TX,13285,2907,524,21.881821603312005,3.9442980805419645,0.1802545579635363,0.1807369981283486,5,1153,197,4899,0.17085862966175194,129978,1414,492,0.347949080622348
48487,Wilbarger County,TX,1597,445,98,27.86474639949906,6.136505948653726,0.2202247191011236,0.21956735404392017,4,194,40,647,0.20618556701030927,12491,164,58,0.35365853658536583
48489,Willacy County,TX,3659,1461,362,39.92894233397103,9.893413500956546,0.24777549623545517,0.24865044192464777,5,587,141,1333,0.2402044293015332,20143,206,75,0.3640776699029126
48491,Williamson County,TX,56965,12396,2504,21.760730272974634,4.395681558851926,0.202000645369474,0.1998824637562911,5,4328,800,18296,0.18484288354898337,671418,6390,2223,0.34788732394366195
48493,Wilson County,TX,6422,1438,346,22.391778262223607,5.387729679227655,0.24061196105702365,0.24074117301471645,5,567,131,2363,0.2310405643738977,52735,608,213,0.3503289473684211
48495,Winkler County,TX,957,206,48,21.525600835945664,5.015673981191223,0.23300970873786409,0.23842649390491408,3,72,16,309,0.2222222222222222,7306,68,24,0.35294117647058826
48497,Wise County,TX,7143,2340,376,32.75934481310374,5.263894722105558,0.1606837606837607,0.1604540031025246,5,905,137,2587,0.15138121546961325,74895,783,267,0.34099616858237547
48499,Wood County,TX,5805,1418,222,24.42721791559001,3.8242894056847545,0.15655853314527504,0.15854790203966423,5,751,113,2928,0.15046604527296936,46857,792,272,0.3434343434343434
48501,Yoakum County,TX,836,271,43,32.41626794258373,5.143540669856459,0.15867158671586715,0.1619674639838643,3,100,15,283,0.15,7451,63,22,0.3492063492063492
48503,Young County,TX,1998,402,72,20.12012012012012,3.6036036036036037,0.1791044776119403,0.18130074420734432,4,183,31,858,0.16939890710382513,17962,231,79,0.341991341991342
48505,Zapata County,TX,2426,953,205,39.28276999175598,8.450123660346248,0.21511017838405036,0.21686672667797413,5,387,81,892,0.20930232558139536,13849,130,47,0.36153846153846153
48507,Zavala County,TX,1816,564,172,31.05726872246696,9.47136563876652,0.3049645390070922,0.3054776760075398,4,235,70,688,0.2978723404255319,9377,94,34,0.3617021276595745
49001,Beaver County,UT,535,165,23,30.8411214953271,4.299065420560748,0.1393939393939394,0.14390971381220483,3,73,10,222,0.136986301369863,7327,70,24,0.34285714285714286
49003,Box Elder County,UT,4366,864,141,19.789280806229957,3.2295006871278056,0.16319444444444445,0.1633274413020308,5,346,54,1600,0.15606936416184972,61498,525,179,0.34095238095238095
49005,Cache County,UT,8052,1909,317,23.708395429706904,3.936910084451068,0.16605552645364066,0.16646225902385095,5,735,116,2785,0.15782312925170067,140173,956,328,0.34309623430962344
49007,Carbon County,UT,1840,396,66,21.52173913043478,3.5869565217391304,0.16666666666666666,0.17047740751255158,4,189,31,815,0.164021164021164,20571,236,80,0.3389830508474576
49009,Daggett County,UT,102,33,5,32.35294117647059,4.901960784313726,0.15151515151515152,0.15349994313141316,2,18,3,51,0.16666666666666666,1014,16,5,0.3125
49011,Davis County,UT,24182,6041,855,24.98139111736002,3.5356877015962285,0.14153285879821223,0.14105327939108345,5,2162,293,7835,0.13552266419981499,369948,2864,982,0.34287709497206703
49013,Duchesne County,UT,1382,459,67,33.21273516642547,4.848046309696093,0.14596949891067537,0.14672422257115644,4,185,26,508,0.14054054054054055,20161,175,60,0.34285714285714286
49015,Emery County,UT,815,184,29,22.57668711656442,3.558282208588957,0.15760869565217392,0.1577918029129357,3,87,13,359,0.14942528735632185,10099,111,38,0.34234234234234234
49017,Garfield County,UT,480,139,19,28.958333333333332,3.9583333333333335,0.1366906474820144,0.14476177858500747,3,73,10,236,0.136986301369863,5281,76,26,0.34210526315789475
49019,Grand County,UT,844,132,20,15.639810426540285,2.3696682464454977,0.15151515151515152,0.15388701861231874,4,61,9,367,0.14754098360655737,9769,123,42,0.34146341463414637
49021,Iron County,UT,4113,1314,115,31.947483588621445,2.7960126428397762,0.08751902587519025,0.08793124387021412,5,580,49,1665,0.08448275862068966,62429,538,182,0.3382899628252788
49023,Juab County,UT,764,172,28,22.513089005235603,3.6649214659685865,0.16279069767441862,0.1668775323210566,3,70,11,282,0.15714285714285714,12567,99,34,0.3434343434343434
49025,Kane County,UT,708,189,24,26.694915254237287,3.389830508474576,0.12698412698412698,0.1299365712826895,3,101,13,357,0.12871287128712872,8227,115,39,0.3391304347826087
49027,Millard County,UT,1047,305,53,29.13085004775549,5.062082139446036,0.1737704918032787,0.17365477723848616,4,141,23,452,0.16312056737588654,13330,144,49,0.3402777777777778
49029,Morgan County,UT,731,186,21,25.444596443228455,2.8727770177838576,0.11290322580645161,0.11029312196453017,3,75,8,270,0.10666666666666667,12832,107,36,0.3364485981308411
49031,Piute County,UT,164,47,5,28.658536585365855,3.048780487804878,0.10638297872340426,0.11472550580706303,2,27,3,90,0.1111111111111111,1487,25,8,0.32
49033,Rich County,UT,222,58,9,26.126126126126128,4.054054054054054,0.15517241379310345,0.15233718380252537,2,28,4,100,0.14285714285714285,2628,32,11,0.34375
49035,Salt Lake County,UT,87469,21965,3441,25.11175387851696,3.933965176233866,0.15665832005463237,0.15576756860703744,5,7819,1147,28408,0.14669395063307328,1186257,9898,3401,0.34360476864012934
49037,San Juan County,UT,1788,327,82,18.288590604026847,4.586129753914989,0.25076452599388377,0.25244269698689714,4,132,32,657,0.24242424242424243,14359,146,51,0.3493150684931507
49039,Sanpete County,UT,2175,582,67,26.75862068965517,3.0804597701149423,0.11512027491408934,0.11568652957942507,4,249,27,860,0.10843373493975904,29724,281,95,0.33807829181494664
49041,Sevier County,UT,1747,620,82,35.48941041785919,4.693760732684602,0.13225806451612904,0.13315703514725313,4,288,37,750,0.1284722222222222,22069,234,80,0.3418803418803419
49043,Summit County,UT,2841,499,66,17.56423794438578,2.3231256599788805,0.13226452905811623,0.13203209021770002,4,189,24,1003,0.12698412698412698,43036,447,151,0.3378076062639821
49045,Tooele County,UT,5462,1499,215,27.44415964848041,3.9362870743317466,0.14342895263509006,0.14336825510548312,5,497,69,1631,0.13883299798792756,79934,546,187,0.3424908424908425
49047,Uintah County,UT,2613,914,133,34.978951396861845,5.08993494068121,0.14551422319474835,0.14573704616087474,5,355,50,924,0.14084507042253522,37141,303,103,0.33993399339933994
49049,Utah County,UT,35328,8551,1370,24.204596920289855,3.87794384057971,0.1602151795111683,0.15989271362167481,5,2866,435,10508,0.1517794836008374,702434,4016,1374,0.34213147410358563
49051,Wasatch County,UT,2471,426,68,17.239983812221773,2.751922298664508,0.1596244131455399,0.15953867671447303,5,165,25,885,0.15151515151515152,36619,334,113,0.3383233532934132
49053,Washington County,UT,15368,3910,495,25.442477876106196,3.2209786569495056,0.1265984654731458,0.12927156158352768,5,2051,248,7527,0.12091662603607996,197680,2643,909,0.3439273552780931
49055,Wayne County,UT,232,66,8,28.448275862068964,3.4482758620689653,0.12121212121212122,0.1345142340713051,2,34,4,112,0.11764705882352941,2645,36,12,0.3333333333333333
49057,Weber County,UT,21190,4524,740,21.349693251533743,3.4922133081642284,0.16357206012378425,0.16277657714842889,5,1669,258,7167,0.15458358298382266,269561,2294,787,0.34306887532693986
50001,Addison County,VT,3113,718,109,23.064567940893028,3.501445550915516,0.15181058495821728,0.15299792372100868,4,347,51,1412,0.14697406340057637,37578,526,179,0.3403041825095057
50003,Bennington County,VT,3390,726,107,21.41592920353982,3.1563421828908553,0.14738292011019283,0.14901043258857238,4,347,50,1529,0.1440922190201729,37392,570,196,0.34385964912280703
50005,Caledonia County,VT,2707,739,102,27.299593646102696,3.768008865903214,0.13802435723951287,0.13897019478074235,4,356,48,1227,0.1348314606741573,30579,426,144,0.3380281690140845
50007,Chittenden County,VT,11170,2801,454,25.076096687555953,4.064458370635631,0.16208496965369512,0.16267080458479266,5,1163,182,4279,0.15649183147033535,169301,1868,640,0.3426124197002141
50009,Essex County,VT,710,150,17,21.12676056338028,2.3943661971830985,0.11333333333333333,0.10726481997566426,3,76,8,342,0.10526315789473684,5994,100,34,0.34
50011,Franklin County,VT,4136,1191,170,28.795938104448744,4.110251450676983,0.14273719563392107,0.1433513353314239,5,498,70,1612,0.14056224899598393,50731,590,201,0.34067796610169493
50013,Grand Isle County,VT,662,193,31,29.154078549848943,4.682779456193353,0.16062176165803108,0.15854816203231115,3,90,14,291,0.15555555555555556,7489,105,35,0.3333333333333333
50015,Lamoille County,VT,1979,624,84,31.5310763011622,4.244567963617989,0.1346153846153846,0.13502768413223218,4,272,36,806,0.1323529411764706,26090,318,108,0.33962264150943394
50017,Orange County,VT,2598,615,103,23.67205542725173,3.964588144726713,0.16747967479674797,0.1680341503368851,4,292,48,1164,0.1643835616438356,29846,429,146,0.34032634032634035
50019,Orleans County,VT,2528,741,80,29.311708860759495,3.1645569620253164,0.10796221322537113,0.10861598368418743,4,368,39,1182,0.10597826086956522,27666,399,136,0.3408521303258145
50021,Rutland County,VT,5939,1537,183,25.87977774036033,3.0813268226974238,0.11906310995445674,0.1194774462060506,5,753,88,2749,0.11686586985391766,60366,903,307,0.3399778516057586
50023,Washington County,VT,4751,1338,185,28.16249210692486,3.8939170700905072,0.1382660687593423,0.13776793053010938,5,619,84,2057,0.13570274636510501,60048,808,276,0.3415841584158416
50025,Windham County,VT,4378,1539,113,35.15303791685701,2.5810872544540886,0.07342430149447693,0.07398264160693536,4,759,54,2046,0.07114624505928854,45842,708,241,0.3403954802259887
50027,Windsor County,VT,5192,920,145,17.719568567026194,2.7927580893682586,0.15760869565217392,0.15913564241513717,4,453,69,2415,0.152317880794702,58142,902,308,0.34146341463414637
51001,Accomack County,VA,5182,1534,328,29.602470088768815,6.329602470088769,0.2138200782268579,0.2157563144861062,5,748,152,2424,0.20320855614973263,33191,647,229,0.35394126738794435
51003,Albemarle County,VA,10406,2674,516,25.696713434556987,4.958677685950414,0.19296933433059088,0.1946719319584506,5,1215,223,4409,0.18353909465020576,114534,1608,563,0.35012437810945274
51005,Alleghany County,VA,1704,421,72,24.706572769953052,4.225352112676056,0.171021377672209,0.17149224728165377,4,215,36,822,0.16744186046511628,14835,251,87,0.3466135458167331
51007,Amelia County,VA,1769,540,87,30.525720746184284,4.918032786885246,0.16111111111111112,0.1593735315554769,4,246,39,746,0.15853658536585366,13455,231,83,0.3593073593073593
51009,Amherst County,VA,4155,1528,268,36.77496991576414,6.450060168471721,0.17539267015706805,0.17664863298884023,4,702,119,1800,0.16951566951566951,31589,537,192,0.3575418994413408
51011,Appomattox County,VA,2043,784,141,38.37493881546745,6.901615271659325,0.1798469387755102,0.17935220212701491,4,366,64,892,0.17486338797814208,16748,262,93,0.3549618320610687
51013,Arlington County,VA,16848,4192,865,24.881291547958213,5.134140550807217,0.20634541984732824,0.2052986664040161,5,1406,276,5120,0.19630156472261737,234000,2232,789,0.353494623655914
51015,Augusta County,VA,8804,2302,360,26.147205815538392,4.08905043162199,0.15638575152041703,0.15680956612561503,5,1064,159,3842,0.14943609022556392,78064,1151,397,0.34491746307558646
51017,Bath County,VA,541,138,17,25.508317929759706,3.142329020332717,0.12318840579710146,0.12457424308977257,2,71,9,265,0.1267605633802817,4049,75,26,0.3466666666666667
51019,Bedford County,VA,8433,2386,349,28.293608443021462,4.138503498161983,0.1462699077954736,0.14651135654126873,5,1110,157,3715,0.14144144144144144,80848,1242,428,0.3446054750402576
51021,Bland County,VA,796,171,23,21.482412060301506,2.8894472361809047,0.13450292397660818,0.13299103254753852,3,84,11,368,0.13095238095238096,6148,98,34,0.3469387755102041
51023,Botetourt County,VA,3697,973,153,26.3186367324858,4.138490668109278,0.15724563206577596,0.1569122634509046,4,463,71,1661,0.15334773218142547,34135,529,182,0.3440453686200378
51025,Brunswick County,VA,2882,1207,258,41.88063844552394,8.952116585704372,0.21375310687655344,0.21422492512032912,4,544,113,1224,0.20772058823529413,15921,340,125,0.36764705882352944
51027,Buchanan County,VA,2893,527,80,18.216384376080192,2.76529554096094,0.15180265654648956,0.15281981300788886,4,250,37,1303,0.148,19352,295,101,0.3423728813559322
51029,Buckingham County,VA,2633,672,129,25.52221800227877,4.899354348651728,0.19196428571428573,0.19138845988408856,4,290,53,1074,0.18275862068965518,16982,301,109,0.36212624584717606
51031,Campbell County,VA,6698,2374,400,35.44341594505823,5.971931919976112,0.16849199663016007,0.1697157832821526,5,1067,174,2830,0.16307403936269915,55141,879,311,0.35381114903299204
51033,Caroline County,VA,4095,1205,247,29.426129426129425,6.031746031746032,0.2049792531120332,0.20492535347129825,5,503,101,1580,0.20079522862823063,31957,486,175,0.360082304526749
51035,Carroll County,VA,3576,816,111,22.818791946308725,3.1040268456375837,0.13602941176470587,0.13756360787312327,4,408,54,1693,0.1323529411764706,29147,466,159,0.34120171673819744
51036,Charles City County,VA,1476,470,103,31.84281842818428,6.978319783197832,0.21914893617021278,0.2193420303261154,4,225,49,666,0.21777777777777776,6605,169,63,0.3727810650887574
51037,Charlotte County,VA,1653,470,92,28.433151845130066,5.565638233514822,0.19574468085106383,0.19448104874188993,4,218,42,724,0.1926605504587156,11475,214,77,0.3598130841121495
51041,Chesterfield County,VA,37710,10767,1897,28.552108194112968,5.030495889684434,0.17618649577412465,0.17542380196779062,5,4239,703,13952,0.1658410002359047,378408,4968,1743,0.3508454106280193
51043,Clarke County,VA,1608,544,89,33.830845771144276,5.534825870646766,0.1636029411764706,0.16226177828383445,4,248,39,689,0.15725806451612903,15266,235,82,0.34893617021276596
51045,Craig County,VA,590,180,15,30.508474576271187,2.542372881355932,0.08333333333333333,0.08401908897533623,2,85,7,264,0.08235294117647059,4847,75,26,0.3466666666666667
51047,Culpeper County,VA,5712,2110,273,36.93977591036415,4.779411764705882,0.12938388625592417,0.12918788127097755,5,846,103,2149,0.12174940898345153,54381,704,247,0.3508522727272727
51049,Cumberland County,VA,1498,402,85,26.83578104138852,5.674232309746328,0.21144278606965175,0.21042168156800375,4,192,40,674,0.20833333333333334,9746,192,69,0.359375
51051,Dickenson County,VA,1903,317,42,16.657908565423018,2.207041513399895,0.13249211356466878,0.1375797881738107,4,158,21,890,0.13291139240506328,13725,206,70,0.33980582524271846
51053,Dinwiddie County,VA,4030,1123,249,27.866004962779158,6.1786600496277915,0.22172751558325912,0.22187928603202636,4,466,101,1561,0.2167381974248927,28161,487,176,0.3613963039014374
51057,Essex County,VA,1730,590,137,34.104046242774565,7.91907514450867,0.23220338983050848,0.23448428488373418,4,277,62,772,0.22382671480144403,10630,217,78,0.35944700460829493
51059,Fairfax County,VA,97108,24206,4955,24.92688552951353,5.102566214935948,0.20470131372387013,0.2037125049770744,5,8846,1711,32789,0.1934207551435677,1138331,13168,4673,0.35487545565006073
51061,Fauquier County,VA,7180,1453,284,20.23676880222841,3.9554317548746516,0.19545767377838955,0.19450272156422635,5,585,109,2702,0.18632478632478633,74664,960,336,0.35
51063,Floyd County,VA,1898,528,74,27.818756585879875,3.898840885142255,0.14015151515151514,0.1400889259844804,4,261,36,884,0.13793103448275862,15619,240,82,0.3416666666666667
51065,Fluvanna County,VA,3019,778,121,25.770122557138126,4.007949652202716,0.15552699228791775,0.15640995286440623,4,352,52,1287,0.14772727272727273,28159,429,149,0.3473193473193473
51067,Franklin County,VA,6818,1752,266,25.696685244939864,3.9014373716632442,0.15182648401826485,0.15312277478683686,5,864,128,3194,0.14814814814814814,55074,903,312,0.34551495016611294
51069,Frederick County,VA,9169,3068,439,33.46057367215618,4.787872177991057,0.14308996088657105,0.14314402019003192,5,1301,175,3650,0.1345119139123751,95051,1202,414,0.34442595673876875
51071,Giles County,VA,1892,352,53,18.6046511627907,2.8012684989429175,0.15056818181818182,0.15142983968955134,4,168,25,848,0.1488095238095238,16453,235,81,0.3446808510638298
51073,Gloucester County,VA,4401,1198,170,27.22108611679164,3.862758463985458,0.1419031719532554,0.14219218803741043,4,535,75,1841,0.14018691588785046,39493,573,199,0.3472949389179756
51075,Goochland County,VA,2884,1038,204,35.99167822468793,7.0735090152565885,0.19653179190751446,0.19777146094908052,4,478,90,1261,0.18828451882845187,26109,460,161,0.35
51077,Grayson County,VA,2069,541,60,26.147897535041082,2.899951667472209,0.11090573012939002,0.1142498103232675,4,263,28,957,0.10646387832699619,15343,251,86,0.3426294820717131
51079,Greene County,VA,2086,554,82,26.558005752636625,3.9309683604985617,0.148014440433213,0.14605144917624702,4,243,34,857,0.13991769547325103,21107,274,95,0.3467153284671533
51081,Greensville County,VA,1992,781,158,39.20682730923695,7.931726907630522,0.2023047375160051,0.2006991676404318,4,294,57,703,0.19387755102040816,11226,195,71,0.3641025641025641
51083,Halifax County,VA,5122,1804,355,35.220616946505274,6.930886372510738,0.19678492239467849,0.1988497631526178,5,918,177,2457,0.19281045751633988,33644,727,265,0.36451169188445665
51085,Hanover County,VA,10961,3386,523,30.891342030836604,4.771462457804945,0.15445953927938572,0.15464639603087468,5,1455,218,4399,0.14982817869415807,112938,1560,544,0.3487179487179487
51087,Henrico County,VA,36183,11888,2226,32.85520824696681,6.152060359837493,0.18724764468371466,0.18719078904390815,5,4718,845,13265,0.1791013141161509,333962,4941,1773,0.3588342440801457
51089,Henry County,VA,7535,2118,440,28.108825481088253,5.839416058394161,0.2077431539187913,0.2098319825666183,5,1018,205,3416,0.2013752455795678,49906,982,354,0.3604887983706721
51091,Highland County,VA,327,67,10,20.489296636085626,3.058103975535168,0.14925373134328357,0.16093592805744417,2,39,6,186,0.15384615384615385,2301,49,17,0.3469387755102041
51093,Isle of Wight County,VA,4859,1306,243,26.877958427660012,5.001029018316526,0.1860643185298622,0.18621519016865673,5,569,103,1982,0.18101933216168717,40151,653,233,0.3568147013782542
51095,James City County,VA,9078,2837,399,31.25137695527649,4.395241242564442,0.14064152273528374,0.14335550117099582,5,1441,191,4397,0.1325468424705066,81199,1458,512,0.3511659807956104
51097,King and Queen County,VA,1049,435,93,41.46806482364156,8.865586272640611,0.21379310344827587,0.21162316856295843,4,200,42,457,0.21,6718,128,46,0.359375
51099,King George County,VA,2685,634,115,23.612662942271882,4.283054003724395,0.18138801261829654,0.17990617334766354,4,236,41,924,0.17372881355932204,27856,331,117,0.35347432024169184
51101,King William County,VA,2044,671,117,32.827788649706456,5.724070450097847,0.17436661698956782,0.17430072971006583,4,280,48,789,0.17142857142857143,18492,250,88,0.352
51103,Lancaster County,VA,1757,528,112,30.051223676721683,6.374501992031872,0.21212121212121213,0.2150929587414662,4,297,60,955,0.20202020202020202,10750,286,102,0.35664335664335667
51105,Lee County,VA,3048,597,91,19.586614173228348,2.9855643044619424,0.152428810720268,0.1527021098136506,4,291,42,1403,0.14432989690721648,21982,315,107,0.3396825396825397
51107,Loudoun County,VA,36169,9547,2012,26.395532085487574,5.562774751859327,0.21074683146538178,0.2080010823985111,5,2792,552,9594,0.1977077363896848,432085,3940,1397,0.35456852791878174
51109,Louisa County,VA,4906,1403,262,28.597635548308194,5.340399510803098,0.18674269422665715,0.1863783463381854,5,631,115,2080,0.18225039619651348,40116,627,220,0.3508771929824561
51111,Lunenburg County,VA,1954,525,108,26.867963152507677,5.527123848515865,0.2057142857142857,0.20534540100943505,4,250,50,883,0.2,12031,231,83,0.3593073593073593
51113,Madison County,VA,1664,649,86,39.00240384615385,5.168269230769231,0.1325115562403698,0.13327892764499408,4,307,40,744,0.13029315960912052,14000,226,79,0.3495575221238938
51115,Mathews County,VA,1132,290,50,25.618374558303888,4.41696113074205,0.1724137931034483,0.17160851999103913,4,158,26,588,0.16455696202531644,8490,179,63,0.35195530726256985
51117,Mecklenburg County,VA,4757,1756,331,36.91402144208535,6.958166911919277,0.18849658314350798,0.1903750383506666,4,883,161,2280,0.1823329558323896,30508,660,239,0.3621212121212121
51119,Middlesex County,VA,1618,440,69,27.19406674907293,4.264524103831891,0.15681818181818183,0.16021966726734188,4,243,37,855,0.1522633744855967,10943,251,89,0.3545816733067729
51121,Montgomery County,VA,8209,1955,249,23.815324643683763,3.033256182239006,0.12736572890025574,0.12740325665483734,5,825,102,3164,0.12363636363636364,98915,934,321,0.3436830835117773
51125,Nelson County,VA,1967,581,101,29.537366548042705,5.134722928317235,0.1738382099827883,0.17220162811245646,4,313,52,1008,0.16613418530351437,14652,280,97,0.3464285714285714
51127,New Kent County,VA,2664,803,138,30.14264264264264,5.18018018018018,0.1718555417185554,0.17176497616607428,4,341,57,1064,0.16715542521994134,24986,342,119,0.347953216374269
51131,Northampton County,VA,2088,744,139,35.632183908045974,6.657088122605364,0.1868279569892473,0.18986672432722024,4,378,68,1017,0.17989417989417988,11900,268,97,0.3619402985074627
51133,Northumberland County,VA,1873,687,132,36.67912439935932,7.0475173518419645,0.19213973799126638,0.19873105365099256,4,389,71,1035,0.18251928020565553,12302,311,110,0.3536977491961415
51135,Nottoway County,VA,2334,667,133,28.577549271636673,5.698371893744644,0.19940029985007496,0.20003555012312055,4,279,54,917,0.1935483870967742,15559,263,96,0.3650190114068441
51137,Orange County,VA,4091,1188,168,29.03935468100709,4.1065754094353455,0.1414141414141414,0.14147319789646604,4,527,70,1718,0.13282732447817835,37991,554,193,0.3483754512635379
51139,Page County,VA,2723,798,90,29.30591259640103,3.3051781123760557,0.11278195488721804,0.11385514659832104,4,372,41,1195,0.11021505376344086,23750,341,117,0.34310850439882695
51141,Patrick County,VA,2453,510,83,20.79086832450061,3.383611903791276,0.1627450980392157,0.1617485749554337,4,258,40,1180,0.15503875968992248,17643,318,111,0.3490566037735849
51143,Pittsylvania County,VA,9149,2815,525,30.76838998797683,5.738332058148432,0.18650088809946713,0.18676907636757004,5,1356,246,4167,0.18141592920353983,59952,1139,407,0.35733099209833186
51145,Powhatan County,VA,3354,1062,149,31.663685152057244,4.442456768038164,0.14030131826741996,0.14028666532139028,4,453,62,1342,0.1368653421633554,31489,449,156,0.34743875278396436
51147,Prince Edward County,VA,2590,579,135,22.355212355212355,5.212355212355212,0.23316062176165803,0.23538851943688124,4,255,58,1057,0.22745098039215686,21927,320,116,0.3625
51149,Prince George County,VA,5072,1501,305,29.59384858044164,6.013406940063091,0.20319786808794138,0.20338940428985264,5,575,111,1814,0.19304347826086957,43134,518,184,0.3552123552123552
51153,Prince William County,VA,49909,14068,2816,28.18730088761546,5.6422689294516015,0.20017059994313335,0.19735103704454346,5,4314,806,14197,0.18683356513676402,486943,5012,1780,0.35514764565043894
51155,Pulaski County,VA,4124,871,145,21.120271580989332,3.516003879728419,0.16647531572904709,0.16749161389846023,4,418,68,1868,0.16267942583732056,33706,513,177,0.34502923976608185
51157,Rappahannock County,VA,897,262,39,29.208472686733558,4.3478260869565215,0.14885496183206107,0.14972166259277775,4,136,20,442,0.14705882352941177,7502,137,48,0.35036496350364965
51159,Richmond County,VA,1350,373,77,27.62962962962963,5.703703703703703,0.2064343163538874,0.207775746814552,4,158,30,537,0.189873417721519,9080,159,58,0.36477987421383645
51161,Roanoke County,VA,9514,2323,318,24.416649148623083,3.3424427159974774,0.13689195006457167,0.13753035916141837,5,1085,142,4169,0.13087557603686636,96914,1412,488,0.34560906515580736
51163,Rockbridge County,VA,2789,821,126,29.437074220150592,4.517748296880602,0.15347137637028013,0.15500182805381116,4,426,64,1366,0.15023474178403756,22593,385,133,0.34545454545454546
51165,Rockingham County,VA,9161,1756,293,19.168213077174983,3.198340792489903,0.16685649202733485,0.16783323610223763,5,790,126,3857,0.15949367088607594,85397,1121,387,0.3452274754683318
51167,Russell County,VA,3421,621,88,18.152586962876352,2.572347266881029,0.14170692431561996,0.14055638853360367,4,298,41,1543,0.13758389261744966,25448,374,128,0.3422459893048128
51169,Scott County,VA,2895,599,65,20.69084628670121,2.245250431778929,0.10851419031719532,0.1091928688163398,4,297,32,1354,0.10774410774410774,21476,339,117,0.34513274336283184
51171,Shenandoah County,VA,4824,1212,198,25.124378109452735,4.104477611940299,0.16336633663366337,0.16366576307977249,5,572,89,2148,0.1555944055944056,44968,637,219,0.34379905808477235
51173,Smyth County,VA,3552,1089,128,30.658783783783782,3.6036036036036037,0.11753902662993572,0.11840025243826151,4,517,59,1585,0.11411992263056092,29449,428,147,0.34345794392523366
51175,Southampton County,VA,2948,851,200,28.867028493894164,6.784260515603799,0.23501762632197415,0.2362377400107691,4,366,83,1202,0.226775956284153,17932,353,129,0.3654390934844193
51177,Spotsylvania County,VA,14906,3631,738,24.359318395277068,4.9510264323091375,0.20324979344533187,0.2026334544155302,5,1369,262,5266,0.19138056975894813,146688,1789,628,0.3510340972610397
51179,Stafford County,VA,14716,3688,711,25.061157923348738,4.831475944550149,0.1927874186550976,0.18984985085631104,5,1142,203,4257,0.1777583187390543,163380,1674,588,0.35125448028673834
51181,Surry County,VA,1208,407,90,33.69205298013245,7.450331125827814,0.22113022113022113,0.22144912916337595,4,194,42,545,0.21649484536082475,6527,153,56,0.3660130718954248
51183,Sussex County,VA,1899,605,152,31.85887309110058,8.004212743549237,0.2512396694214876,0.25212943212111444,4,253,62,738,0.2450592885375494,10680,207,77,0.3719806763285024
51185,Tazewell County,VA,5100,894,119,17.529411764705884,2.3333333333333335,0.1331096196868009,0.13409565603193974,5,439,57,2361,0.12984054669703873,39821,582,200,0.3436426116838488
51187,Warren County,VA,4162,1156,188,27.775108121095627,4.517059106198943,0.16262975778546712,0.16241118290274964,5,473,74,1594,0.15644820295983086,41440,502,173,0.34462151394422313
51191,Washington County,VA,6243,1161,149,18.596828447861604,2.386673073842704,0.12833763996554695,0.1296318971423445,5,579,73,2938,0.12607944732297063,53958,826,283,0.34261501210653755
51193,Westmoreland County,VA,3002,788,169,26.249167221852097,5.6295802798134575,0.21446700507614214,0.21722842076108984,4,405,84,1464,0.2074074074074074,18712,382,137,0.3586387434554974
51195,Wise County,VA,4600,875,118,19.02173913043478,2.5652173913043477,0.13485714285714287,0.134069166723189,5,397,51,1970,0.12846347607052896,35421,448,152,0.3392857142857143
51197,Wythe County,VA,3254,975,125,29.963122311001843,3.8414259373079287,0.1282051282051282,0.12904140620778226,4,463,58,1451,0.12526997840172785,28111,401,137,0.341645885286783
51199,York County,VA,8543,2738,387,32.04963127706895,4.530024581528737,0.14134404674945217,0.14124646016562353,5,1142,154,3302,0.13485113835376533,71341,967,343,0.35470527404343327
51510,Alexandria city,VA,13169,3396,754,25.78783506720328,5.7255676209279365,0.22202591283863368,0.21994292280225328,5,1133,235,4036,0.20741394527802295,155525,1789,635,0.35494689770821686
51515,Bedford city,VA,813,211,35,25.953259532595325,4.305043050430505,0.16587677725118483,0.1707190058284455,4,102,16,372,0.1568627450980392,NA,NA,NA,NA
51520,Bristol city,VA,2239,433,67,19.33899062081286,2.9924073246985263,0.15473441108545036,0.15595343309627907,4,204,31,991,0.15196078431372548,16975,252,88,0.3492063492063492
51530,Buena Vista city,VA,633,187,29,29.541864139020536,4.581358609794629,0.15508021390374332,0.1614016587185259,3,89,14,282,0.15730337078651685,6591,82,28,0.34146341463414637
51540,Charlottesville city,VA,3558,874,154,24.564362001124227,4.328274311410905,0.17620137299771166,0.17652410060116402,4,348,59,1290,0.16954022988505746,45373,498,175,0.3514056224899598
51550,Chesapeake city,VA,29196,9272,1934,31.757775037676392,6.624195095218523,0.20858498705780845,0.20779842174707688,5,3462,697,10051,0.20132871172732525,252488,3329,1189,0.35716431360769
51570,Colonial Heights city,VA,1902,439,68,23.080967402733965,3.5751840168243953,0.1548974943052392,0.15868837569651265,4,185,27,758,0.14594594594594595,18294,248,87,0.35080645161290325
51580,Covington city,VA,740,195,29,26.35135135135135,3.918918918918919,0.14871794871794872,0.15271362674268887,3,91,14,321,0.15384615384615385,5679,82,29,0.35365853658536583
51590,Danville city,VA,6201,2004,496,32.31736816642477,7.998709885502338,0.24750499001996007,0.24918048743820526,5,890,211,2609,0.23707865168539327,42229,831,302,0.36341756919374246
51595,Emporia city,VA,1012,341,88,33.69565217391305,8.695652173913043,0.25806451612903225,0.26102478692454206,4,146,36,402,0.2465753424657534,5481,114,43,0.37719298245614036
51600,Fairfax city,VA,2002,491,100,24.525474525474525,4.995004995004995,0.20366598778004075,0.20140058469060806,4,182,34,691,0.18681318681318682,24835,255,89,0.34901960784313724
51610,Falls Church city,VA,991,169,31,17.05348133198789,3.1281533804238144,0.1834319526627219,0.1860972906313258,3,63,11,342,0.1746031746031746,14586,156,54,0.34615384615384615
51620,Franklin city,VA,1223,292,72,23.875715453802126,5.8871627146361405,0.2465753424657534,0.2526775627908154,4,127,30,507,0.23622047244094488,8247,150,55,0.36666666666666664
51630,Fredericksburg city,VA,2450,556,106,22.693877551020407,4.326530612244898,0.1906474820143885,0.19033904293791934,5,201,36,814,0.1791044776119403,28757,292,103,0.3527397260273973
51640,Galax city,VA,819,196,36,23.931623931623932,4.395604395604396,0.1836734693877551,0.18612039976008754,4,79,14,309,0.17721518987341772,6730,82,29,0.35365853658536583
51650,Hampton city,VA,20732,6910,1703,33.330117692456106,8.214354620875941,0.24645441389290884,0.24688110763469365,5,2853,687,7895,0.24079915878023134,138037,2353,863,0.36676583085422865
51660,Harrisonburg city,VA,3897,757,134,19.425198870926355,3.4385424685655632,0.17701453104359313,0.17784203034078438,5,259,42,1216,0.16216216216216217,51158,388,135,0.3479381443298969
51670,Hopewell city,VA,3426,892,190,26.036193812025687,5.545826036193812,0.21300448430493274,0.21276025269265803,5,345,69,1256,0.2,22962,335,120,0.3582089552238806
51678,Lexington city,VA,627,161,23,25.677830940988837,3.668261562998405,0.14285714285714285,0.15219101034946508,4,79,11,281,0.13924050632911392,7457,74,26,0.35135135135135137
51680,Lynchburg city,VA,7329,2589,451,35.32541956610724,6.153636239596125,0.17419853225183468,0.17568459934301925,5,1092,183,2845,0.16758241758241757,79287,960,345,0.359375
51683,Manassas city,VA,4381,1160,256,26.477973065510156,5.843414745491897,0.2206896551724138,0.21736995050266003,5,363,75,1269,0.2066115702479339,42642,408,143,0.35049019607843135
51685,Manassas Park city,VA,1781,463,97,25.99663110612016,5.446378439079169,0.20950323974082075,0.20610400132807574,4,118,23,417,0.19491525423728814,16703,161,58,0.36024844720496896
51690,Martinsville city,VA,2172,729,172,33.56353591160221,7.918968692449355,0.23593964334705075,0.23558375483506447,4,296,66,836,0.22297297297297297,13725,220,79,0.35909090909090907
51700,Newport News city,VA,21190,6753,1458,31.86880604058518,6.880604058518169,0.21590404264771212,0.21525231439965797,5,2523,521,7336,0.20650019817677367,184306,2502,902,0.36051159072741806
51710,Norfolk city,VA,27601,7761,1619,28.118546429477192,5.865729502554255,0.20860713825537947,0.2087969172194269,5,2880,586,9330,0.20347222222222222,232995,2974,1073,0.3607935440484196
51720,Norton city,VA,413,90,12,21.791767554479417,2.9055690072639226,0.13333333333333333,0.13931577457860378,3,40,5,169,0.125,3609,45,16,0.35555555555555557
51730,Petersburg city,VA,7060,2481,661,35.141643059490086,9.362606232294617,0.2664248286981056,0.2660964400412707,5,1037,272,2716,0.26229508196721313,33394,703,263,0.3741109530583215
51735,Poquoson city,VA,1139,330,47,28.97278314310799,4.1264266900790165,0.14242424242424243,0.14006326438632993,4,148,20,473,0.13513513513513514,12582,161,56,0.34782608695652173
51740,Portsmouth city,VA,15046,4809,1013,31.96198325136249,6.732686428286588,0.21064670409648575,0.21077541835701943,5,1901,387,5500,0.203577064702788,97029,1558,569,0.365211810012837
51750,Radford city,VA,1248,403,56,32.291666666666664,4.487179487179487,0.13895781637717122,0.13675618771154927,4,150,20,419,0.13333333333333333,16738,120,41,0.3416666666666667
51760,Richmond city,VA,29026,9276,1942,31.957555295252533,6.69055329704403,0.20935748167313498,0.20964942783443893,5,3595,745,10216,0.20723226703755215,229395,3446,1256,0.3644805571677307
51770,Roanoke city,VA,12480,3820,657,30.608974358974358,5.264423076923077,0.17198952879581153,0.17223572561845607,5,1595,265,4858,0.16614420062695925,97847,1455,519,0.35670103092783506
51775,Salem city,VA,2439,810,87,33.210332103321036,3.5670356703567037,0.10740740740740741,0.10865320306226849,4,362,37,1024,0.10220994475138122,25523,336,117,0.3482142857142857
51790,Staunton city,VA,2790,709,104,25.412186379928315,3.727598566308244,0.1466854724964739,0.14817019491897956,4,329,46,1210,0.1398176291793313,25904,376,131,0.3484042553191489
51800,Suffolk city,VA,12115,3626,825,29.929839042509286,6.8097399917457695,0.2275234418091561,0.2263877009101558,5,1367,298,4259,0.21799561082662766,98537,1481,534,0.36056718433490886
51810,Virginia Beach city,VA,47507,14362,2209,30.231334329677733,4.64984107605195,0.1538086617462749,0.15352896434556318,5,5601,822,17201,0.14675950723085163,455618,5730,2024,0.3532286212914485
51820,Waynesboro city,VA,2299,590,122,25.663331883427578,5.306655067420618,0.20677966101694914,0.20764188858353005,4,248,48,905,0.1935483870967742,22808,300,105,0.35
51830,Williamsburg city,VA,1284,423,55,32.94392523364486,4.283489096573208,0.13002364066193853,0.13297370709932155,4,201,24,574,0.11940298507462686,15909,197,69,0.350253807106599
51840,Winchester city,VA,2788,783,135,28.08464849354376,4.842180774748924,0.1724137931034483,0.17335131550665656,4,324,52,1079,0.16049382716049382,27936,345,121,0.3507246376811594
53001,Adams County,WA,2099,627,139,29.871367317770368,6.622201048118152,0.22169059011164274,0.21943000680853278,5,227,46,703,0.2026431718061674,20961,168,59,0.35119047619047616
53003,Asotin County,WA,2385,480,84,20.12578616352201,3.5220125786163523,0.175,0.17531294270165107,4,240,41,1123,0.17083333333333334,22508,350,121,0.3457142857142857
53005,Benton County,WA,18354,5608,883,30.554647488285934,4.810940394464422,0.15745363766048504,0.15736553645396217,5,2306,338,7006,0.14657415437987859,212791,2224,765,0.3439748201438849
53007,Chelan County,WA,7714,2226,381,28.856624319419236,4.939071817474721,0.1711590296495957,0.1729997893605434,5,1001,159,3271,0.15884115884115885,79926,1040,358,0.34423076923076923
53009,Clallam County,WA,8982,1967,340,21.899354264083723,3.785348474727232,0.17285205897305542,0.17575257039899064,5,1108,185,4791,0.16696750902527077,77805,1440,492,0.3416666666666667
53011,Clark County,WA,47096,12236,1863,25.980975029726515,3.9557499575335484,0.15225563909774437,0.15218809854517107,5,5090,736,18164,0.14459724950884087,516779,5743,1969,0.342852167856521
53013,Columbia County,WA,477,143,16,29.979035639413,3.3542976939203353,0.11188811188811189,0.11617767872001275,2,76,8,242,0.10526315789473684,4026,69,24,0.34782608695652173
53015,Cowlitz County,WA,11247,3113,444,27.678492042322397,3.9477193918378233,0.14262769033087055,0.14257532790476227,5,1415,193,4783,0.1363957597173145,111956,1392,476,0.34195402298850575
53017,Douglas County,WA,4329,1371,230,31.67013167013167,5.313005313005313,0.16776075857038658,0.1686185924405312,5,588,90,1751,0.15306122448979592,44192,522,179,0.342911877394636
53019,Ferry County,WA,1035,197,33,19.033816425120772,3.1884057971014492,0.16751269035532995,0.17522215538687544,4,108,18,540,0.16666666666666666,7448,129,44,0.34108527131782945
53021,Franklin County,WA,9409,3292,653,34.98777765968753,6.940163673078967,0.19835965978128797,0.19650333597410471,5,1082,197,2834,0.18207024029574861,98678,731,254,0.34746922024623805
53023,Garfield County,WA,248,52,8,20.967741935483872,3.225806451612903,0.15384615384615385,0.14522220958475848,2,27,4,122,0.14814814814814814,2363,37,13,0.35135135135135137
53025,Grant County,WA,9851,2837,519,28.799106689676176,5.268500659831489,0.18293972506168488,0.1826565665870362,5,1109,186,3594,0.16771866546438233,101311,987,342,0.3465045592705167
53027,Grays Harbor County,WA,9645,2822,415,29.258683255572837,4.30274753758424,0.14705882352941177,0.14774936178017095,5,1371,193,4422,0.14077315827862874,77038,1090,371,0.3403669724770642
53029,Island County,WA,8844,1884,300,21.30257801899593,3.3921302578018997,0.1592356687898089,0.16104320909293773,5,1014,155,4488,0.15285996055226825,86625,1362,464,0.3406754772393539
53031,Jefferson County,WA,4165,1011,135,24.273709483793517,3.241296518607443,0.13353115727002968,0.13482908631811494,4,622,81,2462,0.1302250803858521,33589,753,255,0.3386454183266932
53033,King County,WA,188067,56215,10668,29.890943121334416,5.6724465217183235,0.18977141332384595,0.18890328553654528,5,20323,3649,61974,0.17955026324853615,2266789,23639,8292,0.35077625957104785
53035,Kitsap County,WA,25497,7748,1163,30.38788877122799,4.5613209397183985,0.15010325245224573,0.15069429951455743,5,3524,506,10804,0.14358683314415438,277673,3472,1191,0.3430299539170507
53037,Kittitas County,WA,3735,1020,116,27.309236947791163,3.105756358768407,0.11372549019607843,0.11317051354747434,5,462,50,1569,0.10822510822510822,45189,515,175,0.33980582524271846
53039,Klickitat County,WA,2610,477,94,18.275862068965516,3.6015325670498086,0.1970649895178197,0.19995315434856428,4,242,45,1254,0.1859504132231405,23271,353,120,0.33994334277620397
53041,Lewis County,WA,8913,2664,311,29.888926287445305,3.4892853135868958,0.11674174174174175,0.11715914444133896,5,1272,142,3992,0.11163522012578617,85370,1126,384,0.3410301953818828
53043,Lincoln County,WA,1162,283,39,24.354561101549052,3.3562822719449223,0.13780918727915195,0.13860996057769742,4,146,20,568,0.136986301369863,11601,181,62,0.3425414364640884
53045,Mason County,WA,7760,1553,258,20.012886597938145,3.3247422680412373,0.16613007083065034,0.1668524409064907,5,776,123,3664,0.15850515463917525,68166,991,337,0.34006054490413723
53047,Okanogan County,WA,4891,1234,215,25.230014312001636,4.395829073809037,0.17423014586709887,0.17537186307267744,5,602,98,2247,0.16279069767441862,43127,600,206,0.3433333333333333
53049,Pacific County,WA,3309,1303,98,39.377455424599574,2.9616198247204593,0.07521105141980046,0.07740419862466857,4,740,54,1799,0.07297297297297298,24113,458,156,0.3406113537117904
53051,Pend Oreille County,WA,1602,310,48,19.350811485642947,2.9962546816479403,0.15483870967741936,0.1575996430673962,4,162,24,797,0.14814814814814814,14179,225,76,0.3377777777777778
53053,Pierce County,WA,88354,21953,4273,24.846639654118658,4.836226995948118,0.19464310117068281,0.19402106649890843,5,8426,1551,31316,0.18407310704960836,927380,9824,3406,0.34670195439739415
53055,San Juan County,WA,1982,345,56,17.406659939455096,2.825428859737639,0.16231884057971013,0.17048508223524175,4,201,32,1103,0.15920398009950248,18662,379,129,0.3403693931398417
53057,Skagit County,WA,12960,3447,575,26.59722222222222,4.436728395061729,0.16681172033652453,0.16854721178483142,5,1656,260,5853,0.1570048309178744,131179,1792,613,0.34207589285714285
53059,Skamania County,WA,1398,260,40,18.59799713876967,2.8612303290414878,0.15384615384615385,0.1600801194862359,4,124,19,632,0.1532258064516129,12460,189,64,0.3386243386243386
53061,Snohomish County,WA,80142,22964,4067,28.654138903446384,5.074742332360061,0.1771032921093886,0.17604383327255266,5,8456,1407,27284,0.16639072847682118,840079,8708,3002,0.34474046853468077
53063,Spokane County,WA,46235,11140,1877,24.094300854331134,4.059695036227966,0.168491921005386,0.16892156344664128,5,4777,775,18345,0.16223571279045426,549690,6177,2114,0.3422373320382063
53065,Stevens County,WA,5122,1260,186,24.599765716516984,3.631393986723936,0.14761904761904762,0.14944178237280503,5,644,93,2475,0.14440993788819875,48229,722,245,0.33933518005540164
53067,Thurston County,WA,28931,8434,1455,29.152120562718192,5.029207424561888,0.17251600663979133,0.17308226579908415,5,3719,609,11843,0.16375369723043828,298758,3625,1246,0.34372413793103446
53069,Wahkiakum County,WA,603,165,24,27.36318407960199,3.9800995024875623,0.14545454545454545,0.14476917688647561,2,94,13,330,0.13829787234042554,4688,89,30,0.33707865168539325
53071,Walla Walla County,WA,5940,2115,272,35.60606060606061,4.579124579124579,0.12860520094562647,0.12941878015156882,5,945,114,2487,0.12063492063492064,61890,796,276,0.34673366834170855
53073,Whatcom County,WA,19559,5556,896,28.406360243366226,4.581011299146173,0.16126709863210942,0.1621603724586077,5,2540,391,8294,0.15393700787401574,230677,2706,926,0.34220251293422027
53075,Whitman County,WA,3116,671,103,21.534017971758665,3.305519897304236,0.15350223546944858,0.1541954322705338,5,271,40,1127,0.14760147601476015,47619,369,127,0.34417344173441733
53077,Yakima County,WA,28217,7227,1428,25.61221958393876,5.0607789630364675,0.19759236197592361,0.19732587697647952,5,2786,505,10095,0.18126346015793252,257001,2478,866,0.34947538337368844
54001,Barbour County,WV,1744,539,56,30.905963302752294,3.2110091743119265,0.1038961038961039,0.10241174429973685,4,258,26,778,0.10077519379844961,15414,200,68,0.34
54003,Berkeley County,WV,12941,2917,593,22.54076191948072,4.582335213662004,0.20329105245114845,0.20203958516481943,5,1154,224,4784,0.19410745233968804,129490,1407,482,0.3425728500355366
54005,Boone County,WV,2790,656,130,23.512544802867385,4.659498207885305,0.19817073170731708,0.19664001867121697,4,313,61,1253,0.19488817891373802,20968,286,97,0.33916083916083917
54007,Braxton County,WV,1608,463,49,28.79353233830846,3.0472636815920398,0.10583153347732181,0.10690799495431526,4,231,24,756,0.1038961038961039,12185,182,62,0.34065934065934067
54009,Brooke County,WV,2740,792,117,28.905109489051096,4.2700729927007295,0.14772727272727273,0.1475120371536211,4,393,57,1284,0.1450381679389313,21733,334,114,0.3413173652694611
54011,Cabell County,WV,10139,3141,426,30.979386527270933,4.201597790709143,0.1356255969436485,0.13631616658068268,5,1484,197,4452,0.13274932614555257,92730,1189,411,0.3456686291000841
54013,Calhoun County,WV,897,245,32,27.313266443701227,3.5674470457079153,0.1306122448979592,0.1371684340136522,4,123,16,427,0.13008130081300814,6068,96,33,0.34375
54015,Clay County,WV,1055,298,35,28.246445497630333,3.3175355450236967,0.1174496644295302,0.11753314145250734,4,146,17,485,0.11643835616438356,7814,107,36,0.3364485981308411
54017,Doddridge County,WV,1002,213,32,21.25748502994012,3.193612774451098,0.15023474178403756,0.14970521052420427,4,98,14,432,0.14285714285714285,7698,108,37,0.3425925925925926
54019,Fayette County,WV,5115,1378,202,26.94037145650049,3.949169110459433,0.14658925979680695,0.147848942206471,5,673,98,2344,0.14561664190193166,39487,580,200,0.3448275862068966
54021,Gilmer County,WV,924,232,33,25.10822510822511,3.5714285714285716,0.14224137931034483,0.14590267572473234,4,92,12,350,0.13043478260869565,7325,91,31,0.34065934065934067
54023,Grant County,WV,1329,306,43,23.024830699774267,3.235515425131678,0.14052287581699346,0.13748461321105035,4,155,21,633,0.13548387096774195,10968,171,59,0.34502923976608185
54025,Greenbrier County,WV,3798,727,127,19.141653501843074,3.3438651922064246,0.1746905089408528,0.17651732539706805,4,363,62,1790,0.17079889807162535,32435,496,170,0.34274193548387094
54027,Hampshire County,WV,3047,843,117,27.666557269445356,3.839842468001313,0.1387900355871886,0.14097485528778517,4,410,56,1399,0.13658536585365855,23468,355,121,0.3408450704225352
54029,Hancock County,WV,3469,937,134,27.010665897953302,3.8627846641683483,0.14300960512273211,0.14408102970703734,4,453,64,1574,0.141280353200883,28172,431,148,0.3433874709976798
54031,Hardy County,WV,1784,376,51,21.076233183856502,2.8587443946188342,0.1356382978723404,0.13469281498941268,4,181,23,814,0.1270718232044199,14192,210,72,0.34285714285714286
54033,Harrison County,WV,7000,1790,246,25.571428571428573,3.5142857142857142,0.13743016759776536,0.13782260755640324,5,807,108,2957,0.13382899628252787,64915,861,296,0.3437862950058072
54035,Jackson County,WV,3313,758,127,22.879565348626624,3.833383640205252,0.16754617414248021,0.16846463486946453,4,350,58,1433,0.1657142857142857,27716,369,126,0.34146341463414637
54037,Jefferson County,WV,6110,1954,332,31.98036006546645,5.433715220949264,0.1699078812691914,0.1696099451384872,5,810,132,2373,0.16296296296296298,58979,722,248,0.34349030470914127
54039,Kanawha County,WV,20424,6253,1017,30.615942028985508,4.979435957696827,0.1626419318727011,0.16343104729229013,5,2956,469,9072,0.15866035182679297,175515,2524,869,0.34429477020602217
54041,Lewis County,WV,1865,458,59,24.55764075067024,3.163538873994638,0.12882096069868995,0.12695598223120103,4,218,27,833,0.12385321100917432,16767,224,76,0.3392857142857143
54043,Lincoln County,WV,2665,699,114,26.22889305816135,4.277673545966229,0.1630901287553648,0.16203028664204566,4,326,52,1170,0.15950920245398773,19901,259,88,0.33976833976833976
54045,Logan County,WV,4163,955,138,22.940187364881094,3.314917127071823,0.14450261780104712,0.14470604740494647,4,467,67,1910,0.14346895074946467,31316,432,147,0.3402777777777778
54047,McDowell County,WV,3109,646,94,20.77838533290447,3.0234802187198455,0.14551083591331268,0.14579828771633974,4,313,45,1417,0.14376996805111822,17850,293,103,0.3515358361774744
54049,Marion County,WV,5971,1537,270,25.741081895829844,4.521855635571931,0.17566688353936238,0.17623819406143215,5,722,124,2616,0.17174515235457063,55952,722,248,0.34349030470914127
54051,Marshall County,WV,3567,816,170,22.87636669470143,4.765909728062798,0.20833333333333334,0.20854374724244512,4,402,82,1656,0.20398009950248755,29752,436,148,0.3394495412844037
54053,Mason County,WV,3209,888,134,27.672172016204424,4.175755687129947,0.15090090090090091,0.15063595646652342,4,422,62,1434,0.14691943127962084,25000,350,119,0.34
54055,Mercer County,WV,7501,1243,195,16.571123850153313,2.5996533795493932,0.1568785197103781,0.157734019258789,5,622,96,3523,0.15434083601286175,58700,851,293,0.34430082256169214
54057,Mineral County,WV,3105,723,93,23.285024154589372,2.995169082125604,0.12863070539419086,0.1298585261379282,4,359,45,1450,0.12534818941504178,26855,381,130,0.34120734908136485
54059,Mingo County,WV,3077,934,106,30.3542411439714,3.444913877153071,0.11349036402569593,0.11369520304230696,4,442,50,1367,0.11312217194570136,22573,295,100,0.3389830508474576
54061,Monongalia County,WV,8624,1939,344,22.483766233766232,3.9888682745825603,0.1774110366168128,0.1771529667788948,5,785,135,3193,0.17197452229299362,106869,965,329,0.34093264248704663
54063,Monroe County,WV,1550,299,40,19.29032258064516,2.5806451612903225,0.13377926421404682,0.13029369727620904,4,155,20,760,0.12903225806451613,12296,193,66,0.34196891191709844
54065,Morgan County,WV,2153,550,102,25.545750116117045,4.737575476079889,0.18545454545454546,0.18435150956214277,4,265,48,985,0.1811320754716981,17430,269,92,0.3420074349442379
54067,Nicholas County,WV,2920,920,105,31.506849315068493,3.595890410958904,0.11413043478260869,0.11529989544791092,4,461,51,1377,0.11062906724511931,24335,352,120,0.3409090909090909
54069,Ohio County,WV,4285,1323,247,30.87514585764294,5.764294049008168,0.18669690098261527,0.1875915037086513,4,638,117,1937,0.1833855799373041,41447,595,205,0.3445378151260504
54071,Pendleton County,WV,787,166,26,21.092757306226176,3.3036848792884372,0.1566265060240964,0.16013933493802276,4,86,13,385,0.1511627906976744,6011,106,36,0.33962264150943394
54073,Pleasants County,WV,883,207,46,23.44280860702152,5.209513023782559,0.2222222222222222,0.21891336304191622,3,90,19,363,0.2111111111111111,7586,95,33,0.3473684210526316
54075,Pocahontas County,WV,1024,235,31,22.94921875,3.02734375,0.13191489361702127,0.13199758917858864,4,122,16,504,0.13114754098360656,7819,132,45,0.3409090909090909
54077,Preston County,WV,3898,914,151,23.44792201128784,3.873781426372499,0.1652078774617068,0.16513531313975208,4,430,69,1724,0.16046511627906976,34172,441,150,0.3401360544217687
54079,Putnam County,WV,6306,1690,245,26.79987313669521,3.885188709165874,0.14497041420118342,0.14512033310533692,5,760,108,2652,0.14210526315789473,57015,719,245,0.34075104311543813
54081,Raleigh County,WV,9029,1767,309,19.570273562963784,3.4223059032007974,0.17487266553480477,0.17613507471260623,5,855,145,4107,0.1695906432748538,72882,1035,357,0.34492753623188405
54083,Randolph County,WV,3042,806,123,26.495726495726494,4.043392504930966,0.15260545905707196,0.15372122729747165,4,390,58,1382,0.14871794871794872,27600,391,134,0.34271099744245526
54085,Ritchie County,WV,1104,277,47,25.090579710144926,4.257246376811594,0.16967509025270758,0.17189834856840006,4,133,22,497,0.16541353383458646,8207,118,40,0.3389830508474576
54087,Roane County,WV,1851,325,52,17.558076715289033,2.8092922744462454,0.16,0.1617291141975248,4,158,25,846,0.15822784810126583,13834,198,68,0.3434343434343434
54089,Summers County,WV,1724,297,58,17.22737819025522,3.3642691415313224,0.19528619528619529,0.1962333345235914,4,151,29,828,0.19205298013245034,11762,200,69,0.345
54091,Taylor County,WV,1902,437,64,22.975814931650895,3.3648790746582544,0.14645308924485126,0.14954054362509409,4,203,29,828,0.14285714285714285,16342,218,74,0.3394495412844037
54093,Tucker County,WV,872,162,25,18.577981651376145,2.86697247706422,0.15432098765432098,0.16313396531455326,4,82,13,419,0.15853658536585366,6568,111,38,0.34234234234234234
54095,Tyler County,WV,1034,252,35,24.37137330754352,3.3849129593810443,0.1388888888888889,0.139324610050271,4,122,17,472,0.13934426229508196,8183,124,42,0.3387096774193548
54097,Upshur County,WV,2519,541,72,21.47677649861056,2.8582770940849542,0.133086876155268,0.13219120509760143,4,264,34,1149,0.12878787878787878,23712,320,109,0.340625
54099,Wayne County,WV,5166,1601,204,30.991095625241968,3.948896631823461,0.127420362273579,0.127977407395488,5,770,96,2329,0.12467532467532468,37998,531,182,0.3427495291902072
54101,Webster County,WV,1107,344,37,31.07497741644083,3.3423667570009035,0.10755813953488372,0.10808756100658361,4,171,18,521,0.10526315789473684,8167,126,43,0.3412698412698413
54103,Wetzel County,WV,1711,401,66,23.436586791350088,3.85739333722969,0.16458852867830423,0.16491695710435894,4,192,31,772,0.16145833333333334,14025,203,70,0.3448275862068966
54105,Wirt County,WV,652,153,25,23.466257668711656,3.834355828220859,0.16339869281045752,0.17014920668064887,3,72,12,291,0.16666666666666666,5091,72,25,0.3472222222222222
54107,Wood County,WV,9818,2299,356,23.41617437359951,3.6259930739458137,0.15484993475424097,0.15524053804535398,5,1074,162,4304,0.15083798882681565,83340,1136,389,0.34242957746478875
54109,Wyoming County,WV,2809,522,61,18.58312566749733,2.1715913136347456,0.11685823754789272,0.11740985808092202,4,260,30,1319,0.11538461538461539,20527,284,96,0.3380281690140845
55001,Adams County,WI,2813,655,99,23.284749377888375,3.5193743334518306,0.15114503816793892,0.1542224980444351,4,349,51,1439,0.14613180515759314,21226,397,135,0.34005037783375314
55003,Ashland County,WI,1602,334,70,20.848938826466917,4.369538077403246,0.20958083832335328,0.21005580958676223,4,157,32,702,0.20382165605095542,16039,215,73,0.3395348837209302
55005,Barron County,WI,4490,1508,198,33.58574610244989,4.409799554565701,0.1312997347480106,0.1317680001158219,4,727,92,2039,0.1265474552957359,46843,683,234,0.34260614934114203
55007,Bayfield County,WI,1939,452,96,23.31098504383703,4.951005673027334,0.21238938053097345,0.21579178600513765,4,241,50,982,0.2074688796680498,16608,294,100,0.3401360544217687
55009,Brown County,WI,23436,5957,972,25.41816009557945,4.147465437788019,0.16316938056068492,0.16321150973869744,5,2394,371,8750,0.15497076023391812,270036,2928,1001,0.34187158469945356
55011,Buffalo County,WI,1305,305,49,23.371647509578544,3.7547892720306515,0.16065573770491803,0.16154702842857083,4,147,23,590,0.1564625850340136,13391,197,68,0.34517766497461927
55013,Burnett County,WI,2111,377,54,17.858834675509236,2.55802936996684,0.14323607427055704,0.14112326769829145,4,201,28,1074,0.13930348258706468,17036,317,108,0.34069400630914826
55015,Calumet County,WI,4698,1426,193,30.35334184759472,4.108131119625373,0.135343618513324,0.13597642839141247,5,570,75,1753,0.13157894736842105,52718,604,206,0.34105960264900664
55017,Chippewa County,WI,6018,1456,211,24.19408441342639,3.5061482220006646,0.14491758241758243,0.1452293235097419,5,628,88,2433,0.14012738853503184,66807,841,287,0.3412604042806183
55019,Clark County,WI,3067,877,145,28.59471796543854,4.727746984023476,0.1653363740022805,0.16699291208778244,5,379,61,1235,0.16094986807387862,34691,389,133,0.34190231362467866
55021,Columbia County,WI,5445,1372,198,25.197428833792472,3.6363636363636362,0.14431486880466474,0.14441215997093543,5,592,83,2204,0.14020270270270271,58193,733,250,0.34106412005457026
55023,Crawford County,WI,1654,376,49,22.732769044740024,2.962515114873035,0.13031914893617022,0.13171562185392863,4,187,24,778,0.12834224598930483,16007,246,84,0.34146341463414637
55025,Dane County,WI,38719,9069,1389,23.422609054985923,3.587386037862548,0.1531591134634469,0.15320188473495908,5,3634,527,14263,0.1450192625206384,568203,5817,1995,0.34296028880866425
55027,Dodge County,WI,8813,2540,362,28.821059798025644,4.1075683649154655,0.14251968503937007,0.14256672277400262,5,1029,140,3356,0.1360544217687075,88282,1110,380,0.34234234234234234
55029,Door County,WI,3382,687,98,20.31342400946186,2.8976936723832054,0.14264919941775836,0.14507529739979258,4,377,53,1774,0.14058355437665782,30526,568,193,0.3397887323943662
55031,Douglas County,WI,4289,1038,119,24.201445558405222,2.774539519701562,0.11464354527938343,0.11624136834263075,4,473,53,1827,0.11205073995771671,44144,571,194,0.3397548161120841
55033,Dunn County,WI,3544,968,154,27.313769751693002,4.345372460496614,0.1590909090909091,0.16083341669373413,5,417,65,1411,0.15587529976019185,45651,495,169,0.3414141414141414
55035,Eau Claire County,WI,7385,1918,272,25.971563981042653,3.6831415030467163,0.14181438998957246,0.14231419236977053,5,849,117,3012,0.13780918727915195,106837,1167,400,0.3427592116538132
55037,Florence County,WI,594,175,24,29.46127946127946,4.040404040404041,0.13714285714285715,0.13894173607683286,2,88,12,286,0.13636363636363635,4688,82,28,0.34146341463414637
55039,Fond du Lac County,WI,9598,2695,398,28.07876640966868,4.146697228589289,0.1476808905380334,0.14825341905978628,5,1175,167,3914,0.14212765957446807,103836,1332,457,0.3430930930930931
55041,Forest County,WI,1139,285,34,25.021949078138718,2.985074626865672,0.11929824561403508,0.1194104600252347,4,136,16,511,0.11764705882352941,9381,144,49,0.3402777777777778
55043,Grant County,WI,4282,907,133,21.1816907986922,3.1060252218589444,0.1466372657111356,0.14752211987310165,5,406,58,1789,0.14285714285714285,51276,604,207,0.34271523178807944
55045,Green County,WI,3363,748,104,22.242045792447218,3.0924769550996136,0.13903743315508021,0.1404374756973663,4,328,45,1383,0.13719512195121952,36816,483,165,0.3416149068322981
55047,Green Lake County,WI,1884,536,75,28.450106157112526,3.9808917197452227,0.13992537313432835,0.14137920796267506,4,259,35,858,0.13513513513513514,19220,282,96,0.3404255319148936
55049,Iowa County,WI,2168,608,103,28.04428044280443,4.750922509225092,0.16940789473684212,0.1687090894958712,4,274,45,920,0.16423357664233576,23865,308,104,0.33766233766233766
55051,Iron County,WI,791,134,23,16.940581542351453,2.907711757269279,0.17164179104477612,0.17845767811279548,3,72,12,400,0.16666666666666666,6224,121,42,0.34710743801652894
55053,Jackson County,WI,2077,472,81,22.72508425613866,3.8998555609051517,0.1716101694915254,0.16999836016697378,4,210,34,866,0.1619047619047619,20836,273,93,0.34065934065934067
55055,Jefferson County,WI,7832,2524,290,32.2267620020429,3.702757916241062,0.11489698890649762,0.11448890581341487,5,1071,118,3111,0.11017740429505135,85784,1042,355,0.34069097888675626
55057,Juneau County,WI,2791,602,97,21.569329989251166,3.4754568255105696,0.1611295681063123,0.1616119523755459,4,271,42,1190,0.15498154981549817,26866,381,130,0.34120734908136485
55059,Kenosha County,WI,16449,5117,715,31.108274059213326,4.346768800534987,0.13973031072894274,0.13928931003228315,5,1899,250,5720,0.13164823591363875,167817,1878,646,0.3439829605963791
55061,Kewaunee County,WI,2077,609,86,29.321136254212806,4.140587385652383,0.1412151067323481,0.14288742341219046,4,280,38,895,0.1357142857142857,20623,288,99,0.34375
55063,La Crosse County,WI,8482,1988,268,23.437868427257722,3.1596321622258903,0.13480885311871227,0.1349052355675674,5,882,115,3477,0.13038548752834467,120294,1380,473,0.3427536231884058
55065,Lafayette County,WI,1590,336,59,21.132075471698112,3.710691823899371,0.17559523809523808,0.179755469997722,4,151,26,670,0.17218543046357615,16877,217,74,0.34101382488479265
55067,Langlade County,WI,2140,492,83,22.990654205607477,3.878504672897196,0.16869918699186992,0.16910923040161713,4,238,39,981,0.1638655462184874,19559,309,106,0.343042071197411
55069,Lincoln County,WI,2958,655,110,22.14334009465855,3.7187288708586883,0.16793893129770993,0.16881941903453643,4,295,48,1256,0.16271186440677965,28376,427,146,0.34192037470725994
55071,Manitowoc County,WI,8437,1630,277,19.319663387459997,3.283157520445656,0.16993865030674846,0.17007657131834714,5,746,122,3629,0.16353887399463807,81172,1146,392,0.34205933682373474
55073,Marathon County,WI,12297,3369,387,27.396926079531593,3.1471090509880457,0.11487088156723063,0.11524537659868395,5,1457,161,4946,0.11050102951269733,137958,1707,585,0.3427065026362039
55075,Marinette County,WI,4690,1229,145,26.204690831556505,3.091684434968017,0.11798209926769732,0.11988756927826172,4,597,69,2158,0.11557788944723618,41988,652,222,0.34049079754601225
55077,Marquette County,WI,1798,427,59,23.74860956618465,3.2814238042269186,0.13817330210772832,0.13768365258143145,4,209,28,839,0.1339712918660287,15779,252,86,0.3412698412698413
55078,Menominee County,WI,693,149,23,21.5007215007215,3.318903318903319,0.15436241610738255,0.15813766809172752,3,57,9,242,0.15789473684210525,4197,41,14,0.34146341463414637
55079,Milwaukee County,WI,97534,25329,4954,25.969405540631985,5.079254413845428,0.195586087093845,0.19535608074474278,5,9514,1764,33860,0.18541097330250159,918661,11168,3955,0.3541368194842407
55081,Monroe County,WI,4061,1007,167,24.796848066978576,4.1122876138882045,0.16583912611717974,0.16639759704138185,5,432,69,1630,0.1597222222222222,46109,548,187,0.34124087591240876
55083,Oconto County,WI,4135,961,147,23.240628778718257,3.555018137847642,0.1529656607700312,0.15326191623538224,4,436,65,1769,0.14908256880733944,39633,559,190,0.33989266547406083
55085,Oneida County,WI,3864,922,126,23.86128364389234,3.260869565217391,0.13665943600867678,0.13679802927363865,4,467,62,1861,0.13276231263383298,38212,641,217,0.33853354134165364
55087,Outagamie County,WI,15667,4837,687,30.87381119550648,4.385013084827983,0.14203018399834608,0.1420752130666452,5,1937,265,5818,0.13680949922560662,192127,2111,722,0.3420180009474183
55089,Ozaukee County,WI,7250,1612,241,22.23448275862069,3.3241379310344827,0.14950372208436724,0.1501086391978273,5,726,105,3061,0.1446280991735537,93009,1283,440,0.34294621979734996
55091,Pepin County,WI,717,187,36,26.08089260808926,5.02092050209205,0.1925133689839572,0.18715561290650448,4,92,17,332,0.18478260869565216,7410,108,37,0.3425925925925926
55093,Pierce County,WI,3284,787,139,23.964677222898903,4.232643118148599,0.17662007623888182,0.1765183584042729,5,326,56,1265,0.17177914110429449,42532,462,158,0.341991341991342
55095,Polk County,WI,4305,1274,155,29.59349593495935,3.6004645760743323,0.12166405023547881,0.12239808814347601,4,587,70,1870,0.11925042589437819,45709,651,222,0.34101382488479265
55097,Portage County,WI,5949,1413,212,23.751891074130107,3.563624138510674,0.15003538570417552,0.15038538719456856,5,637,93,2493,0.14599686028257458,70718,820,280,0.34146341463414637
55099,Price County,WI,1661,445,62,26.79108970499699,3.732691149909693,0.1393258426966292,0.14245755731599408,4,226,30,801,0.13274336283185842,14179,243,83,0.34156378600823045
55101,Racine County,WI,20462,4627,769,22.61264783501124,3.758185905581077,0.16619840069159283,0.16597088061682166,5,1883,296,7816,0.1571959638874137,195846,2492,865,0.3471107544141252
55103,Richland County,WI,1732,385,48,22.22863741339492,2.771362586605081,0.12467532467532468,0.1321605213331653,4,191,24,810,0.1256544502617801,17090,262,90,0.3435114503816794
55105,Rock County,WI,15588,3423,594,21.959199384141648,3.810623556581986,0.17353198948290974,0.17390504243999325,5,1419,236,6042,0.16631430584918958,164060,1969,676,0.34332148298628745
55107,Rusk County,WI,1519,499,66,32.85055957867018,4.3449637919684,0.13226452905811623,0.13349619434273285,4,250,32,721,0.128,14186,225,77,0.3422222222222222
55109,St. Croix County,WI,7421,1382,237,18.622827112249023,3.193639671203342,0.1714905933429812,0.17094566902330938,5,544,91,2711,0.16727941176470587,96017,1033,351,0.33978702807357214
55111,Sauk County,WI,5970,1751,244,29.32998324958124,4.0871021775544385,0.1393489434608795,0.13980250931490318,5,780,105,2491,0.1346153846153846,65777,838,286,0.3412887828162291
55113,Sawyer County,WI,2193,459,87,20.930232558139537,3.9671682626538987,0.1895424836601307,0.19226298976774758,4,236,43,1070,0.18220338983050846,18559,309,105,0.33980582524271846
55115,Shawano County,WI,4300,1273,166,29.6046511627907,3.86046511627907,0.13040062843676356,0.1311699228584156,5,585,74,1852,0.1264957264957265,40886,566,194,0.34275618374558303
55117,Sheboygan County,WI,11527,2924,439,25.36653075388219,3.80844972672855,0.15013679890560874,0.15057805297150773,5,1259,181,4642,0.1437648927720413,117841,1483,507,0.3418745785569791
55119,Taylor County,WI,1958,532,74,27.170582226762,3.7793667007150153,0.13909774436090225,0.1417742802235459,4,233,32,804,0.13733905579399142,19975,271,93,0.34317343173431736
55121,Trempealeau County,WI,2696,692,97,25.66765578635015,3.5979228486646884,0.14017341040462428,0.13960165318038104,4,305,41,1115,0.13442622950819672,30899,384,132,0.34375
55123,Vernon County,WI,2677,834,121,31.15427717594322,4.519985057900635,0.145083932853717,0.1463841481361049,4,387,55,1165,0.1421188630490956,31060,409,140,0.3422982885085575
55125,Vilas County,WI,2953,673,91,22.790382661699965,3.0816119200812735,0.1352154531946508,0.13450464983254992,4,358,47,1494,0.13128491620111732,23763,441,150,0.3401360544217687
55127,Walworth County,WI,10095,1974,315,19.554234769687966,3.1203566121842496,0.1595744680851064,0.1598286187787602,5,870,133,4177,0.1528735632183908,105380,1325,452,0.3411320754716981
55129,Washburn County,WI,1810,508,75,28.066298342541437,4.143646408839779,0.14763779527559054,0.14650633360297838,4,260,37,880,0.1423076923076923,16911,283,96,0.3392226148409894
55131,Washington County,WI,12537,2952,503,23.546302943287866,4.012124112626625,0.1703929539295393,0.17045758771211902,5,1255,207,4998,0.1649402390438247,137688,1780,608,0.3415730337078652
55133,Waukesha County,WI,31888,9125,1118,28.61578023080783,3.5060210737581534,0.12252054794520548,0.12279886954149098,5,3933,464,12848,0.11797609966946351,410434,5430,1864,0.3432780847145488
55135,Waupaca County,WI,5172,1444,202,27.91956689868523,3.9056457849961332,0.13988919667590027,0.14096089748203589,5,636,87,2137,0.13679245283018868,51488,700,240,0.34285714285714286
55137,Waushara County,WI,2868,717,111,25,3.8702928870292888,0.15481171548117154,0.15505573151252283,4,346,51,1320,0.14739884393063585,24999,400,137,0.3425
55139,Winnebago County,WI,14418,4032,585,27.965043695380775,4.057428214731585,0.14508928571428573,0.14535465429963745,5,1668,232,5545,0.13908872901678657,170718,1965,673,0.3424936386768448
55141,Wood County,WI,6599,1609,250,24.38248219427186,3.7884527958781633,0.15537600994406464,0.15668070530195152,5,738,112,2834,0.15176151761517614,73993,1039,357,0.343599615014437
56001,Albany County,WY,2461,684,125,27.793579845591225,5.079236082893133,0.1827485380116959,0.1827943746696784,4,298,53,972,0.17785234899328858,38031,317,108,0.34069400630914826
56003,Big Horn County,WY,1099,302,44,27.479526842584168,4.003639672429482,0.1456953642384106,0.14743501282182334,4,148,21,504,0.14189189189189189,11855,159,55,0.34591194968553457
56005,Campbell County,WY,3477,789,130,22.69197584124245,3.738855335058959,0.16476552598225602,0.16475006116077823,5,286,46,1162,0.16083916083916083,47058,411,138,0.3357664233576642
56007,Carbon County,WY,1403,386,84,27.512473271560943,5.9871703492516035,0.21761658031088082,0.22134998325826755,4,170,36,574,0.21176470588235294,14542,173,59,0.34104046242774566
56009,Converse County,WY,1191,293,41,24.601175482787575,3.4424853064651555,0.13993174061433447,0.14080813586071475,4,128,17,488,0.1328125,13786,162,55,0.3395061728395062
56011,Crook County,WY,657,137,22,20.85235920852359,3.34855403348554,0.16058394160583941,0.16513308198861484,3,67,11,302,0.16417910447761194,7448,102,35,0.3431372549019608
56013,Fremont County,WY,3876,1137,214,29.3343653250774,5.521155830753354,0.1882145998240985,0.18833567239596122,5,531,96,1679,0.1807909604519774,39472,488,167,0.3422131147540984
56015,Goshen County,WY,1273,278,41,21.838177533385704,3.220738413197172,0.1474820143884892,0.15003782943110427,4,134,19,575,0.1417910447761194,12562,185,64,0.34594594594594597
56017,Hot Springs County,WY,463,120,23,25.91792656587473,4.967602591792657,0.19166666666666668,0.1907187554581476,2,65,12,238,0.18461538461538463,4588,78,27,0.34615384615384615
56019,Johnson County,WY,831,180,24,21.660649819494584,2.888086642599278,0.13333333333333333,0.13669220440144567,4,97,12,422,0.12371134020618557,8730,139,48,0.34532374100719426
56021,Laramie County,WY,8720,2034,365,23.325688073394495,4.185779816513762,0.17944936086529006,0.1799537983800507,5,869,150,3457,0.17261219792865362,100723,1135,390,0.3436123348017621
56023,Lincoln County,WY,1720,448,58,26.046511627906977,3.372093023255814,0.12946428571428573,0.12953985241793492,4,210,27,757,0.12857142857142856,20660,245,82,0.3346938775510204
56025,Natrona County,WY,6810,2020,290,29.662261380323056,4.258443465491924,0.14356435643564355,0.1432616521306736,5,855,119,2669,0.1391812865497076,79601,869,296,0.34062140391254314
56027,Niobrara County,WY,245,55,8,22.448979591836736,3.2653061224489797,0.14545454545454545,0.16440269046028488,2,28,4,116,0.14285714285714285,2380,36,13,0.3611111111111111
56029,Park County,WY,2663,675,106,25.347352609838527,3.9804731505820503,0.15703703703703703,0.15871401119570916,4,348,53,1294,0.15229885057471265,30518,455,155,0.34065934065934067
56031,Platte County,WY,910,184,28,20.21978021978022,3.076923076923077,0.15217391304347827,0.15482784668884342,4,96,14,452,0.14583333333333334,8645,140,48,0.34285714285714286
56033,Sheridan County,WY,2725,544,83,19.96330275229358,3.0458715596330275,0.15257352941176472,0.15583711596768496,4,267,40,1257,0.149812734082397,32096,443,151,0.34085778781038373
56035,Sublette County,WY,799,207,22,25.90738423028786,2.753441802252816,0.10628019323671498,0.10956550530030819,3,101,11,368,0.10891089108910891,8763,126,43,0.3412698412698413
56037,Sweetwater County,WY,3661,682,116,18.628789948101613,3.1685331876536464,0.17008797653958943,0.17133327685650246,5,271,45,1344,0.16605166051660517,41345,403,137,0.3399503722084367
56039,Teton County,WY,1615,592,41,36.656346749226,2.538699690402477,0.06925675675675676,0.06954504794217958,4,244,16,617,0.06557377049180328,23287,263,89,0.33840304182509506
56041,Uinta County,WY,1719,374,69,21.756835369400815,4.013961605584642,0.18449197860962566,0.18491788454628957,4,163,29,694,0.17791411042944785,20712,215,73,0.3395348837209302
56043,Washakie County,WY,786,144,26,18.3206106870229,3.3078880407124682,0.18055555555555555,0.18248264201448736,4,69,12,355,0.17391304347826086,7719,114,39,0.34210526315789475
56045,Weston County,WY,668,167,25,25,3.7425149700598803,0.1497005988023952,0.15107656706363135,4,77,11,291,0.14285714285714285,6860,95,32,0.3368421052631579
